1403715278412143104.000000 -0.000000028 -0.000000007 -0.000000031 0.000000018 0.000000010 -0.000000083 1.000000000
1403715278462142976.000000 -0.000044487 0.000011242 0.000591206 -0.000229435 0.001801520 0.000947224 0.999997973
1403715278512143104.000000 0.005243634 -0.000372511 0.003519906 -0.000921871 0.003546356 0.001857375 0.999991596
1403715278562142976.000000 0.007280082 -0.001794084 0.007236982 -0.001434026 0.009195034 0.003488413 0.999950647
1403715278612143104.000000 0.014628443 -0.004365660 0.010968504 -0.001810225 0.013997541 0.004752862 0.999889135
1403715278662142976.000000 0.021592032 -0.002112556 0.012848085 -0.001790854 0.016255291 0.004085347 0.999857962
1403715278712143104.000000 0.031489354 -0.004231851 0.015416291 -0.001378278 0.018956019 0.006325758 0.999799371
1403715278762142976.000000 0.044521548 -0.007489502 0.019144621 -0.000967878 0.023456592 0.008126022 0.999691367
1403715278812143104.000000 0.062078260 -0.009642465 0.021447537 -0.000395186 0.026525859 0.009137616 0.999606311
1403715278862142976.000000 0.079020083 -0.010007652 0.023116773 0.000675613 0.030796504 0.010445536 0.999470890
1403715278912143104.000000 0.107338794 -0.012650236 0.024027759 0.000831143 0.030062601 0.010643054 0.999491036
1403715278962142976.000000 0.118943281 -0.012714146 0.025430528 0.000966422 0.033095390 0.010212916 0.999399602
1403715279012143104.000000 0.135158151 -0.014675872 0.026536524 0.000495816 0.033536527 0.009315581 0.999394000
1403715279062142976.000000 0.150027186 -0.014745198 0.029511232 0.000583990 0.032703534 0.009341142 0.999421239
1403715279112143104.000000 0.154602408 -0.013289687 0.033771224 0.001037586 0.033383224 0.009297959 0.999398887
1403715279162142976.000000 0.163628697 -0.019353557 0.039406333 -0.000049530 0.031013111 0.007604403 0.999490082
1403715279212143104.000000 0.157481924 -0.019201217 0.046248395 -0.000168874 0.031401612 0.006599076 0.999485075
1403715279262142976.000000 0.155690730 -0.018353760 0.053455085 0.000290952 0.030365234 0.006420140 0.999518275
1403715279312143104.000000 0.150756419 -0.019380923 0.059518214 0.000446521 0.029889010 0.006426965 0.999532461
1403715279362142976.000000 0.147244066 -0.021368390 0.064181067 0.000532042 0.029056581 0.007050670 0.999552786
1403715279412143104.000000 0.154718474 -0.023888219 0.068186276 0.000830930 0.026475850 0.008172559 0.999615788
1403715279462142976.000000 0.153311670 -0.022503750 0.072069071 0.001588400 0.025768429 0.008750358 0.999628425
1403715279512143104.000000 0.155960768 -0.020298030 0.074639775 0.002389126 0.024954069 0.009276725 0.999642789
1403715279562142976.000000 0.155326903 -0.024612470 0.076689102 0.001512391 0.025670774 0.008306683 0.999634862
1403715279612143104.000000 0.160148159 -0.024257118 0.077646442 0.001569845 0.024551334 0.008260187 0.999663234
1403715279662142976.000000 0.166323647 -0.025625939 0.078937508 0.001445299 0.023533914 0.008001034 0.999689996
1403715279712143104.000000 0.168190226 -0.028312162 0.079872638 0.000841369 0.024386140 0.007951887 0.999670684
1403715279762142976.000000 0.172109842 -0.028548338 0.080213234 0.000907019 0.024370594 0.008005132 0.999670565
1403715279812143104.000000 0.178434089 -0.029112268 0.078834310 0.000815738 0.023866132 0.008643844 0.999677479
1403715279862142976.000000 0.184530690 -0.028378882 0.077353127 0.000990261 0.023373883 0.008554408 0.999689758
1403715279912143104.000000 0.192623720 -0.028185289 0.074818440 0.000880380 0.022055581 0.008612251 0.999719322
1403715279962142976.000000 0.195292950 -0.026669946 0.072611861 0.000802943 0.020224042 0.008160162 0.999761879
1403715280012143104.000000 0.200419158 -0.024588076 0.071192823 0.000888309 0.014819045 0.008477911 0.999853909
1403715280062142976.000000 0.211990654 -0.021849379 0.068645835 0.001348206 0.005895089 0.008402507 0.999946415
1403715280112143104.000000 0.218782887 -0.022911195 0.068051092 -0.000462190 -0.000976318 0.005226075 0.999985814
1403715280162142976.000000 0.227753192 -0.023611387 0.068067856 -0.001688751 -0.004789160 0.002412938 0.999984264
1403715280212143104.000000 0.235487878 -0.021801297 0.067170516 -0.003160532 -0.005917701 -0.002457428 0.999974549
1403715280262142976.000000 0.240895584 -0.021530969 0.068241328 -0.004886219 -0.004177465 -0.006793211 0.999956250
1403715280312143104.000000 0.250153601 -0.022242034 0.070238598 -0.006096056 -0.002295048 -0.010292824 0.999925911
1403715280362142976.000000 0.264468789 -0.020065377 0.072725393 -0.006855001 -0.000426915 -0.012420855 0.999899268
1403715280412143104.000000 0.278572142 -0.024264468 0.076700047 -0.009402229 0.001969097 -0.014310711 0.999851465
1403715280462142976.000000 0.282519728 -0.027075773 0.080347121 -0.011327172 0.005078557 -0.011852574 0.999852777
1403715280512143104.000000 0.295244068 -0.032315366 0.087531827 -0.014674854 0.007080529 -0.005843601 0.999850273
1403715280562142976.000000 0.306044549 -0.035907064 0.091635235 -0.018750405 0.008904962 0.000149475 0.999784589
1403715280612143104.000000 0.318251401 -0.037321836 0.097606592 -0.024593888 0.011195249 0.007257828 0.999608457
1403715280662142976.000000 0.332773715 -0.038492851 0.103094675 -0.032580901 0.011510959 0.013128051 0.999316573
1403715280712143104.000000 0.341152370 -0.041045912 0.108993292 -0.042087320 0.013486712 0.019349556 0.998835564
1403715280762142976.000000 0.373037815 -0.045429859 0.115984663 0.052743848 -0.013135784 -0.025110966 -0.998205960
1403715280812143104.000000 0.387645006 -0.048227936 0.122762188 0.064130709 -0.009395456 -0.032059569 -0.997382224
1403715280862142976.000000 0.412596613 -0.051225938 0.131086662 0.075513311 -0.013602775 -0.036077738 -0.996399105
1403715280912143104.000000 0.378744572 -0.051917769 0.138307497 -0.086229771 0.014771665 0.040273070 0.995351374
1403715280962142976.000000 0.387165099 -0.055457227 0.145016804 -0.095413238 0.014763085 0.044254255 0.994343996
1403715281012143104.000000 0.398359627 -0.059041373 0.151517689 0.103518471 -0.015622472 -0.047719605 -0.993359327
1403715281062142976.000000 0.407963872 -0.062937632 0.157847926 0.110885605 -0.015095379 -0.050008342 -0.992459416
1403715281112143104.000000 0.417560369 -0.066945300 0.164390624 0.116958097 -0.015124876 -0.052356370 -0.991640508
1403715281162142976.000000 0.427076697 -0.071176261 0.171158060 0.122067407 -0.015487799 -0.053924616 -0.990934849
1403715281212143104.000000 0.435413688 -0.074927673 0.178517148 0.126836762 -0.015209708 -0.055603359 -0.990247190
1403715281262142976.000000 0.443593323 -0.078291073 0.186175600 0.131754756 -0.014732683 -0.058083545 -0.989469528
1403715281312143104.000000 0.441166222 -0.078314632 0.198864788 -0.137297705 0.014821899 0.060202722 0.988587558
1403715281362142976.000000 0.447740018 -0.080708675 0.206895977 -0.143661678 0.013631807 0.062955715 0.987528265
1403715281412143104.000000 0.455098778 -0.084078342 0.215016648 0.150836200 -0.012398752 -0.065628730 -0.986299992
1403715281462142976.000000 0.461664587 -0.086342901 0.223554373 0.159415111 -0.011969475 -0.068303213 -0.984773159
1403715281512143104.000000 0.467926115 -0.088242300 0.232226491 0.169049576 -0.011441498 -0.071541652 -0.982941091
1403715281562142976.000000 0.473365575 -0.089745298 0.241156518 0.179950029 -0.010572229 -0.074862197 -0.980765998
1403715281612143104.000000 0.472282350 -0.090416923 0.253070593 -0.191631094 0.010797570 0.078823909 0.978237092
1403715281662142976.000000 0.476093382 -0.091606647 0.262812763 -0.204140335 0.010540904 0.083796531 0.975291729
1403715281712143104.000000 0.479400069 -0.092584766 0.272979915 0.217555448 -0.010097446 -0.088526584 -0.971972644
1403715281762142976.000000 0.482754618 -0.093466863 0.283169448 0.231116921 -0.009383249 -0.094062716 -0.968322873
1403715281812143104.000000 0.485704929 -0.094395742 0.293589324 0.244967252 -0.008518059 -0.099713773 -0.964352489
1403715281862142976.000000 0.485945821 -0.095445797 0.306099117 -0.259147286 0.008855559 0.105236165 0.960046709
1403715281912143104.000000 0.487946481 -0.096347436 0.317256480 -0.273293942 0.008187504 0.110378429 0.955541790
1403715281962142976.000000 0.489791662 -0.097770870 0.328931332 0.286887676 -0.008030398 -0.116010480 -0.950879931
1403715282012143104.000000 0.491157234 -0.098922208 0.340976536 0.300114393 -0.007782466 -0.121819399 -0.946060717
1403715282062142976.000000 0.491923243 -0.099768132 0.353613228 0.312991321 -0.007669445 -0.127355084 -0.941147387
1403715282112143104.000000 0.492491543 -0.100520641 0.366761893 0.325958610 -0.007313556 -0.131064340 -0.936226308
1403715282162142976.000000 0.490603417 -0.099863060 0.384197235 -0.337915450 0.007374240 0.136099294 0.931254983
1403715282212143104.000000 0.490833640 -0.100306883 0.398028642 -0.350077599 0.007398450 0.139898762 0.926185369
1403715282262142976.000000 0.491130084 -0.100826561 0.412677914 -0.362010092 0.006798037 0.144504935 0.920880437
1403715282312143104.000000 0.491920531 -0.101477891 0.427322894 0.373656660 -0.006290192 -0.148928612 -0.915511549
1403715282362142976.000000 0.492386520 -0.101805314 0.442359239 0.385378361 -0.005837673 -0.153177023 -0.909937501
1403715282412143104.000000 0.492131412 -0.099096760 0.462733775 -0.397421837 0.004017380 0.156043902 0.904262185
1403715282462142976.000000 0.492536992 -0.099329934 0.478781998 -0.408546776 0.003793867 0.161087617 0.898401916
1403715282512143104.000000 0.493015975 -0.099125177 0.495585203 -0.419901550 0.003922850 0.164782405 0.892476380
1403715282562142976.000000 0.493743718 -0.099737644 0.512035012 0.431024522 -0.003945095 -0.168735862 -0.886414409
1403715282612143104.000000 0.494685829 -0.099902958 0.529440463 0.441852301 -0.005266441 -0.171757489 -0.880476117
1403715282662142976.000000 0.495638222 -0.100024760 0.547317445 0.452111661 -0.007103307 -0.175565034 -0.874483526
1403715282712143104.000000 0.496459872 -0.100268394 0.565532386 0.462249339 -0.009129790 -0.179907218 -0.868260145
1403715282762142976.000000 0.497128487 -0.095793277 0.590397537 -0.471617460 0.011313945 0.185123652 0.862077832
1403715282812143104.000000 0.497392893 -0.095749080 0.609447002 -0.480763853 0.012523136 0.190510437 0.855812609
1403715282862142976.000000 0.497792423 -0.095597476 0.628759742 -0.490593791 0.013613809 0.193979397 0.849414229
1403715282912143104.000000 0.497551501 -0.096549243 0.645500600 0.500590265 -0.014962674 -0.196728706 -0.842901766
1403715282962142976.000000 0.497767925 -0.092971891 0.669291615 -0.510166824 0.015733339 0.200781971 0.836163163
1403715283012143104.000000 0.498072505 -0.093623608 0.687765658 -0.519539356 0.017283201 0.204677761 0.829389632
1403715283062142976.000000 0.498232156 -0.094265282 0.706262827 -0.528733313 0.019256147 0.209024861 0.822422564
1403715283112143104.000000 0.498405099 -0.094844043 0.724720120 0.537705123 -0.020973075 -0.213837251 -0.815295696
1403715283162142976.000000 0.499188125 -0.090511084 0.748232603 -0.546075702 0.023524001 0.219012618 0.808258295
1403715283212143104.000000 0.499297500 -0.091894031 0.765576720 -0.554505110 0.025934288 0.223627836 0.801150501
1403715283262142976.000000 0.499432772 -0.093518019 0.782549620 -0.562927127 0.027463973 0.227400497 0.794133365
1403715283312143104.000000 0.499263078 -0.094965160 0.799394250 0.571044743 -0.028973967 -0.231787860 -0.786983430
1403715283362142976.000000 0.499997199 -0.089738667 0.820349455 -0.579382241 0.030223407 0.234546140 0.779994190
1403715283412143104.000000 0.499461055 -0.091918170 0.835314095 -0.586739004 0.029401330 0.238633007 0.773257613
1403715283462142976.000000 0.498653561 -0.094207346 0.849490821 -0.593679786 0.027952246 0.242901742 0.766656220
1403715283512143104.000000 0.498413384 -0.091969788 0.866715431 -0.601040363 0.024949854 0.245982230 0.760013700
1403715283562142976.000000 0.497595012 -0.094720483 0.879209459 -0.608085871 0.021800168 0.248507589 0.753657997
1403715283612143104.000000 0.497295290 -0.097327530 0.891529262 -0.614196181 0.018548597 0.251279980 0.747848511
1403715283662142976.000000 0.497088522 -0.100057304 0.904676795 0.619351566 -0.015466484 -0.253411114 -0.742931545
1403715283712143104.000000 0.497135699 -0.102370679 0.916768312 0.623589098 -0.013896771 -0.254641712 -0.738986611
1403715283762142976.000000 0.497576594 -0.104348361 0.928846240 0.626742959 -0.013411041 -0.255864322 -0.735898733
1403715283812143104.000000 0.496874779 -0.091558516 0.947299480 -0.629467309 0.014620811 0.256908774 0.733181477
1403715283862142976.000000 0.498357475 -0.091223121 0.959560394 -0.631903887 0.015221191 0.256302953 0.731282890
1403715283912143104.000000 0.499513507 -0.091301203 0.971607566 -0.633386016 0.017158665 0.256440550 0.729908168
1403715283962142976.000000 0.499993473 -0.093125701 0.984504580 0.634704471 -0.018000020 -0.256531447 -0.728709757
1403715284012143104.000000 0.500288904 -0.093137741 0.997271657 0.634543300 -0.017046750 -0.258366466 -0.728224635
1403715284062142976.000000 0.500657320 -0.092732549 1.010137081 0.633959651 -0.015529385 -0.260008454 -0.728182435
1403715284112143104.000000 0.501022518 -0.091915131 1.022790313 0.632834017 -0.014650009 -0.262406617 -0.728319466
1403715284162142976.000000 0.501442850 -0.090790272 1.035148859 0.631255925 -0.014510847 -0.264855295 -0.728805304
1403715284212143104.000000 0.493467450 -0.079427958 1.048975229 -0.629280210 0.016110849 0.268373609 0.729193032
1403715284262142976.000000 0.493672788 -0.076727033 1.060043335 -0.627028108 0.018006932 0.271548957 0.729912817
1403715284312143104.000000 0.493252635 -0.072328687 1.070602298 -0.624508321 0.020485481 0.274848074 0.730772316
1403715284362142976.000000 0.494782925 -0.070318818 1.080632329 0.622724414 -0.022773763 -0.276339501 -0.731664002
1403715284412143104.000000 0.495349139 -0.065418601 1.088768005 0.622568786 -0.022007801 -0.273789227 -0.732777774
1403715284462142976.000000 0.495602250 -0.059587002 1.095970631 0.622529209 -0.020510191 -0.270505041 -0.734073460
1403715284512143104.000000 0.495532423 -0.052713275 1.102268577 0.622959018 -0.017977700 -0.265775621 -0.735501349
1403715284562142976.000000 0.495095819 -0.044578075 1.107891202 0.623155236 -0.016690342 -0.261327654 -0.736957848
1403715284612143104.000000 0.494382203 -0.035715580 1.113175631 0.623280406 -0.015758323 -0.256795138 -0.738464296
1403715284662142976.000000 0.490718693 -0.024863482 1.119222283 -0.623315573 0.014358839 0.252658695 0.739888668
1403715284712143104.000000 0.489638180 -0.015464664 1.124571323 -0.622886717 0.013819121 0.249960795 0.741175294
1403715284762142976.000000 0.488713652 -0.005935431 1.129672170 -0.623153746 0.013361047 0.247434676 0.741806626
1403715284812143104.000000 0.489302427 0.001362085 1.135355473 -0.624702990 0.013431903 0.245646536 0.741096199
1403715284862142976.000000 0.488965213 0.010018706 1.139893174 -0.627427697 0.014985044 0.244414181 0.739169657
1403715284912143104.000000 0.488855243 0.018493295 1.144339442 -0.630775213 0.018348711 0.245387420 0.735915065
1403715284962142976.000000 0.489750415 0.025444388 1.149828911 -0.636183739 0.022478014 0.245980620 0.730929911
1403715285012143104.000000 0.490124285 0.032803416 1.153571367 -0.642264307 0.028898237 0.247956157 0.724692583
1403715285062142976.000000 0.490992069 0.039735794 1.156836271 -0.649218440 0.033814911 0.249969274 0.717556596
1403715285112143104.000000 0.494412541 0.045226812 1.161237836 -0.657429695 0.035541072 0.251718104 0.709338486
1403715285162142976.000000 0.496150553 0.049861073 1.163549304 -0.664937973 0.035487100 0.255252719 0.701030850
1403715285212143104.000000 0.497713715 0.053290844 1.165713787 -0.671597719 0.034689665 0.261018068 0.692548037
1403715285262142976.000000 0.500281870 0.055558443 1.167516112 0.676850915 -0.033795908 -0.267313957 -0.685035706
1403715285312143104.000000 0.504646003 0.056970954 1.168485045 0.680262268 -0.032797858 -0.275086045 -0.678597987
1403715285362142976.000000 0.510667086 0.059418440 1.174275875 0.684201300 -0.030870853 -0.280906498 -0.672314823
1403715285412143104.000000 0.521293283 0.060414314 1.172001958 0.685864449 -0.028264966 -0.287437588 -0.667960167
1403715285462142976.000000 0.535065174 0.061513305 1.167562842 0.687338352 -0.026157077 -0.291988730 -0.664548278
1403715285512143104.000000 0.551077306 0.061656117 1.162114143 0.688349247 -0.024987239 -0.295905679 -0.661808729
1403715285562142976.000000 0.568733454 0.063038468 1.154424667 0.689237714 -0.025604852 -0.299005359 -0.659463167
1403715285612143104.000000 0.586622775 0.064814091 1.145711899 0.690041959 -0.026624406 -0.301215172 -0.657573402
1403715285662142976.000000 0.603941858 0.067061305 1.135703087 0.690899134 -0.026453016 -0.302377403 -0.656145215
1403715285712143104.000000 0.618787766 0.070947647 1.123016715 0.691396356 -0.026500693 -0.303672045 -0.655020773
1403715285762142976.000000 0.634581745 0.074189663 1.110620618 0.693042934 -0.026347261 -0.302186728 -0.653972864
1403715285812143104.000000 0.649327576 0.078034282 1.097167134 0.694352508 -0.025989875 -0.301055551 -0.653119206
1403715285862142976.000000 0.662845492 0.081777573 1.083567977 0.696015716 -0.022784606 -0.298501641 -0.652640700
1403715285912143104.000000 0.675575912 0.086390734 1.068742514 0.697873235 -0.018624347 -0.294812411 -0.652465880
1403715285962142976.000000 0.687306046 0.091384053 1.053557396 0.699040890 -0.013680506 -0.292517573 -0.652371168
1403715286012143104.000000 0.698964596 0.097204685 1.039045334 0.700340211 -0.009127097 -0.289472431 -0.652415633
1403715286062142976.000000 0.709122062 0.102947354 1.024067163 0.701515615 -0.005520534 -0.287082702 -0.652249098
1403715286112143104.000000 0.718378425 0.109232903 1.009493351 0.701893210 -0.004183100 -0.286696941 -0.652022541
1403715286162142976.000000 0.726511717 0.116162419 0.995658875 0.701590002 -0.004898263 -0.288159430 -0.651699007
1403715286212143104.000000 0.734217942 0.123602629 0.981703460 0.700906575 -0.006372022 -0.290814638 -0.651242137
1403715286262142976.000000 0.741422236 0.131824374 0.967728913 0.700339913 -0.007240472 -0.292456597 -0.651107430
1403715286312143104.000000 0.748415291 0.141002297 0.953525126 0.700569510 -0.006633421 -0.291892618 -0.651119888
1403715286362142976.000000 0.756323874 0.155383587 0.942137003 0.701272130 -0.005940350 -0.290457606 -0.651011944
1403715286412143104.000000 0.762323499 0.166073322 0.928575218 0.701637447 -0.005173565 -0.289457291 -0.651070416
1403715286462142976.000000 0.767801225 0.177721143 0.915301621 0.702405274 -0.004395246 -0.287572205 -0.651083529
1403715286512143104.000000 0.771651804 0.188140750 0.900953174 0.703179240 -0.003400582 -0.286149442 -0.650880933
1403715286562142976.000000 0.776303351 0.200400114 0.887621582 0.704184592 -0.003609594 -0.284345835 -0.650583267
1403715286612143104.000000 0.782908738 0.217197895 0.878114581 0.705897868 -0.004852276 -0.283708155 -0.648994923
1403715286662142976.000000 0.787738562 0.230606079 0.865268588 0.709099352 -0.007476139 -0.282145590 -0.646154881
1403715286712143104.000000 0.792120516 0.243919373 0.852606833 0.713577151 -0.011300251 -0.279694885 -0.642223299
1403715286762142976.000000 0.794233680 0.262116432 0.842510939 0.718676805 -0.013056689 -0.278465986 -0.637016416
1403715286812143104.000000 0.796896279 0.274652123 0.830707610 0.722694755 -0.012100372 -0.279881209 -0.631848395
1403715286862142976.000000 0.798755109 0.286871195 0.819895327 0.725437701 -0.009936123 -0.283523649 -0.627101123
1403715286912143104.000000 0.800841868 0.299293637 0.810076118 0.727740645 -0.006125906 -0.287026674 -0.622873783
1403715286962142976.000000 0.803338647 0.311793685 0.800163984 0.729850173 -0.003155060 -0.289778143 -0.619142532
1403715287012143104.000000 0.806491494 0.324890018 0.790709615 0.732141495 -0.000608107 -0.291303694 -0.615719676
1403715287062142976.000000 0.810343027 0.338573933 0.781909049 0.734161556 0.000188442 -0.292769283 -0.612611592
1403715287112143104.000000 0.814524949 0.352721751 0.773587525 0.736468911 0.001405141 -0.292352021 -0.610034347
1403715287162142976.000000 0.819186330 0.367630422 0.765628695 0.738937795 0.000316489 -0.290926039 -0.607727647
1403715287212143104.000000 0.824134707 0.383383870 0.758283257 0.741584718 -0.002045518 -0.288055927 -0.605864525
1403715287262142976.000000 0.827055156 0.412051618 0.754175305 0.744273961 -0.003180586 -0.285770178 -0.603640258
1403715287312143104.000000 0.832118988 0.428396463 0.748248577 0.745884538 -0.006228023 -0.284014702 -0.602455914
1403715287362142976.000000 0.837223172 0.444485247 0.742979050 0.746963680 -0.008131711 -0.283261776 -0.601449966
1403715287412143104.000000 0.842586279 0.459347367 0.737862766 0.746987820 -0.010920472 -0.284203559 -0.600931287
1403715287462142976.000000 0.848060668 0.474598587 0.733613670 0.746616483 -0.014820836 -0.286815107 -0.600067735
1403715287512143104.000000 0.853803039 0.489348412 0.729407072 0.746748269 -0.018245159 -0.289831460 -0.598357737
1403715287562142976.000000 0.859601855 0.503231943 0.725104809 0.747983873 -0.021582309 -0.293298960 -0.595004320
1403715287612143104.000000 0.867912710 0.527719498 0.719874561 0.750161409 -0.024227448 -0.298288554 -0.589656591
1403715287662142976.000000 0.874031663 0.540349901 0.714172363 0.753100038 -0.027026743 -0.302826226 -0.583443463
1403715287712143104.000000 0.880136669 0.552375734 0.707176924 0.757140577 -0.028894683 -0.306628793 -0.576092124
1403715287762142976.000000 0.886041582 0.562048495 0.700492859 0.762226939 -0.029927226 -0.309303552 -0.567843199
1403715287812143104.000000 0.892090917 0.571919203 0.691619396 0.768651128 -0.029714644 -0.310019910 -0.558730960
1403715287862142976.000000 0.900299489 0.587116838 0.679894149 0.775564313 -0.029423615 -0.310644984 -0.548756778
1403715287912143104.000000 0.905998349 0.596064091 0.668706357 0.783450246 -0.028520916 -0.310219854 -0.537732244
1403715287962142976.000000 0.911400318 0.604312897 0.656963825 0.791572869 -0.027307499 -0.309895992 -0.525957406
1403715288012143104.000000 0.915110111 0.612177253 0.644643307 0.799652219 -0.026449809 -0.310241431 -0.513426781
1403715288062142976.000000 0.930378616 0.623480320 0.635580361 0.807541311 -0.026238300 -0.310606629 -0.500711679
1403715288112143104.000000 0.933930397 0.629844189 0.624159336 0.813780248 -0.026777601 -0.312037438 -0.489568532
1403715288162142976.000000 0.935919881 0.635501266 0.613513291 0.818953872 -0.026521321 -0.313415587 -0.479981065
1403715288212143104.000000 0.934921086 0.640807509 0.604553223 0.823025763 -0.025540018 -0.315175623 -0.471848190
1403715288262142976.000000 0.931056201 0.645160556 0.596854210 0.826199353 -0.024771113 -0.317121059 -0.464989632
1403715288312143104.000000 0.924582958 0.649268746 0.590303898 0.829222798 -0.023038542 -0.317284346 -0.459553570
1403715288362142976.000000 0.915259421 0.653346419 0.585331321 0.831201255 -0.022372134 -0.318330348 -0.455268919
1403715288412143104.000000 0.904307127 0.657620311 0.581345499 0.832503676 -0.022895589 -0.319537282 -0.452005982
1403715288462142976.000000 0.894696653 0.661947012 0.577231467 0.833390176 -0.023925278 -0.320423305 -0.449685872
1403715288512143104.000000 0.886740863 0.665035009 0.572132349 0.834229589 -0.024499837 -0.320384085 -0.448123842
1403715288562142976.000000 0.881329358 0.671170115 0.572456896 0.834504306 -0.024851441 -0.322075397 -0.446377158
1403715288612143104.000000 0.880484462 0.673732162 0.564896166 0.834429741 -0.026529783 -0.322663754 -0.445994914
1403715288662142976.000000 0.882610798 0.675493598 0.555473566 0.834035099 -0.027096944 -0.323845476 -0.445842475
1403715288712143104.000000 0.883487344 0.676062465 0.544040859 0.833948731 -0.026965898 -0.323484451 -0.446273685
1403715288762142976.000000 0.887398303 0.677228212 0.532673538 0.833965957 -0.023914827 -0.322827578 -0.446890563
1403715288812143104.000000 0.890323460 0.677885175 0.521544814 0.833892584 -0.021849699 -0.322424531 -0.447424024
1403715288862142976.000000 0.890375257 0.678049922 0.511496484 0.834340453 -0.018701408 -0.321701378 -0.447252274
1403715288912143104.000000 0.887632668 0.677837849 0.502521098 0.835517287 -0.015077177 -0.320790082 -0.445844531
1403715288962142976.000000 0.882018507 0.677415073 0.494723797 0.837098777 -0.012394413 -0.320363939 -0.443259537
1403715289012143104.000000 0.873372078 0.676197827 0.488681555 0.838500321 -0.010643351 -0.321704030 -0.439671040
1403715289062142976.000000 0.864993274 0.669723570 0.487113267 0.840267539 -0.009022848 -0.323551148 -0.434952617
1403715289112143104.000000 0.850875020 0.667582035 0.484154344 0.842506886 -0.007368226 -0.324932575 -0.429589033
1403715289162142976.000000 0.835648835 0.665826440 0.482112825 0.844783664 -0.005166734 -0.325790763 -0.424469531
1403715289212143104.000000 0.820211530 0.663645387 0.480470508 0.847101152 -0.003192638 -0.325976789 -0.419700712
1403715289262142976.000000 0.804102361 0.664921999 0.474805862 0.848897576 -0.002042039 -0.327402115 -0.414941758
1403715289312143104.000000 0.788253725 0.663651168 0.474350810 0.851326287 -0.000057871 -0.328286409 -0.409233153
1403715289362142976.000000 0.772475362 0.662722409 0.473169029 0.854204714 0.001365157 -0.329018921 -0.402590513
1403715289412143104.000000 0.755786836 0.662378609 0.472727597 0.856834292 0.002060969 -0.331243128 -0.395106077
1403715289462142976.000000 0.738039255 0.661640167 0.473415256 0.859516561 0.002152554 -0.333820015 -0.387028426
1403715289512143104.000000 0.716395736 0.664593875 0.473391831 0.862287879 0.002825353 -0.336552471 -0.378396839
1403715289562142976.000000 0.697441101 0.665489197 0.474694222 0.865249872 0.002662010 -0.338908732 -0.369427294
1403715289612143104.000000 0.678053796 0.667310297 0.476375192 0.867707491 0.002673787 -0.341832489 -0.360870063
1403715289662142976.000000 0.658085585 0.669988155 0.478436381 0.869324803 0.003517140 -0.345270067 -0.353625029
1403715289712143104.000000 0.637095392 0.675038099 0.479420185 0.870688140 0.002773281 -0.347985595 -0.347563833
1403715289762142976.000000 0.618341565 0.679610252 0.481254280 0.872126579 0.003201586 -0.348708689 -0.343201578
1403715289812143104.000000 0.601894021 0.685149789 0.482357413 0.872933030 0.002795563 -0.349471629 -0.340367079
1403715289862142976.000000 0.588455081 0.691475868 0.482264876 0.873573780 0.001761210 -0.349385351 -0.338815123
1403715289912143104.000000 0.577259183 0.699167252 0.481237084 0.873690784 -0.000604404 -0.349475831 -0.338423997
1403715289962142976.000000 0.568456173 0.707674801 0.479281574 0.873107672 -0.000952178 -0.350216776 -0.339161217
1403715290012143104.000000 0.561826527 0.717365384 0.476032883 0.872327447 -0.001422124 -0.350822181 -0.340538889
1403715290062142976.000000 0.558006525 0.728011489 0.471177191 0.871744156 -0.001603530 -0.350047618 -0.342821032
1403715290112143104.000000 0.556957424 0.739421070 0.465198964 0.871638834 -0.001534345 -0.347496599 -0.345672607
1403715290162142976.000000 0.557851613 0.752065778 0.457638770 0.870691776 -0.001030007 -0.346351057 -0.349192977
1403715290212143104.000000 0.560077906 0.761149883 0.453648597 0.869211197 0.001273717 -0.346598595 -0.352618486
1403715290262142976.000000 0.564663529 0.774855971 0.444090188 0.867093086 0.002200268 -0.348558694 -0.355881542
1403715290312143104.000000 0.568979263 0.789561510 0.434605300 0.865148246 0.002494103 -0.350282967 -0.358906806
1403715290362142976.000000 0.572036564 0.805242658 0.425390720 0.863040805 0.002751021 -0.352639586 -0.361660689
1403715290412143104.000000 0.576474905 0.819600880 0.418843925 0.860689938 0.001038613 -0.356186658 -0.363789618
1403715290462142976.000000 0.578623593 0.836935341 0.409186423 0.858660460 0.000216494 -0.359319866 -0.365501732
1403715290512143104.000000 0.580423534 0.854842544 0.399269491 0.858119488 -0.001536330 -0.359145761 -0.366937310
1403715290562142976.000000 0.581570745 0.873762608 0.388200998 0.858526766 -0.002319801 -0.357196540 -0.367881775
1403715290612143104.000000 0.584113300 0.890419722 0.384321690 0.859566629 -0.005035507 -0.354440749 -0.368092000
1403715290662142976.000000 0.583352804 0.910397649 0.373492271 0.859749198 -0.007128546 -0.354082823 -0.367975414
1403715290712143104.000000 0.582092404 0.930792689 0.362142831 0.861282110 -0.007617230 -0.350667745 -0.367651075
1403715290762142976.000000 0.580466866 0.951310515 0.350812763 0.862988591 -0.007987689 -0.347005308 -0.367116064
1403715290812143104.000000 0.580703914 0.971686840 0.342928857 0.864292681 -0.009944343 -0.344590306 -0.366274416
1403715290862142976.000000 0.578334510 0.992397845 0.332105517 0.864529908 -0.012264698 -0.344631970 -0.365604192
1403715290912143104.000000 0.575292945 1.013068318 0.321752191 0.864627004 -0.013164108 -0.345462292 -0.364558220
1403715290962142976.000000 0.572257340 1.033560753 0.312346220 0.865237176 -0.016453974 -0.345542938 -0.362896770
1403715291012143104.000000 0.569017291 1.054119587 0.303122103 0.866079748 -0.021432415 -0.345584065 -0.360580444
1403715291062142976.000000 0.572563231 1.076827288 0.293781579 0.866497755 -0.027313361 -0.346669495 -0.358128399
1403715291112143104.000000 0.568678796 1.096440792 0.284146488 0.866879523 -0.032750752 -0.348253459 -0.355199695
1403715291162142976.000000 0.564687550 1.115246058 0.274192691 0.867480814 -0.038168017 -0.349211186 -0.352238327
1403715291212143104.000000 0.560334027 1.132798672 0.263675213 0.868393660 -0.042233963 -0.350054860 -0.348669559
1403715291262142976.000000 0.557457209 1.153148413 0.253892958 0.869623423 -0.044673398 -0.350827813 -0.344498754
1403715291312143104.000000 0.550598741 1.167868137 0.243270099 0.870848238 -0.045815289 -0.351589352 -0.340454578
1403715291362142976.000000 0.543069363 1.181344748 0.232160628 0.872370362 -0.046513256 -0.351754606 -0.336266607
1403715291412143104.000000 0.534456909 1.193693757 0.221013010 0.873490632 -0.046545435 -0.353093922 -0.331922233
1403715291462142976.000000 0.525347829 1.204894781 0.210473120 0.874708116 -0.045639947 -0.354636043 -0.327163637
1403715291512143104.000000 0.515287519 1.214485407 0.198970973 0.875515521 -0.042835336 -0.357211471 -0.322548896
1403715291562142976.000000 0.506099761 1.227129459 0.185586572 0.876427233 -0.041566834 -0.359868765 -0.317241341
1403715291612143104.000000 0.495325506 1.234359622 0.173028052 0.877154350 -0.041430738 -0.362472475 -0.312246025
1403715291662142976.000000 0.484150827 1.240977764 0.159439504 0.877945065 -0.041890159 -0.364525765 -0.307536721
1403715291712143104.000000 0.472533584 1.246880770 0.144661963 0.878529787 -0.042238213 -0.366749316 -0.303144038
1403715291762142976.000000 0.460276097 1.255037069 0.127599359 0.879839838 -0.038590837 -0.367053658 -0.299440026
1403715291812143104.000000 0.448638082 1.259297371 0.111096740 0.881370783 -0.034169778 -0.366311312 -0.296368003
1403715291862142976.000000 0.436221242 1.263188839 0.093489051 0.883282065 -0.025390217 -0.364283204 -0.294050902
1403715291912143104.000000 0.423170090 1.267299056 0.075082362 0.884865880 -0.017202081 -0.362528712 -0.292043716
1403715291962142976.000000 0.409080446 1.271270514 0.056692839 0.885584950 -0.013182688 -0.362279058 -0.290378034
1403715292012143104.000000 0.394735336 1.275522709 0.038169920 0.886034966 -0.009267011 -0.362239987 -0.289202988
1403715292062142976.000000 0.376421690 1.285004377 0.016965866 0.886402726 -0.006970244 -0.361934513 -0.288522422
1403715292112143104.000000 0.361945301 1.291260719 -0.002240539 0.885894358 -0.006346694 -0.361973107 -0.290045440
1403715292162142976.000000 0.346970618 1.298269153 -0.021228790 0.884719729 -0.005740564 -0.362132519 -0.293425143
1403715292212143104.000000 0.331998080 1.306317925 -0.040745854 0.883192778 -0.004644834 -0.361369729 -0.298932880
1403715292262142976.000000 0.315495282 1.314667225 -0.061826110 0.880934656 -0.003633864 -0.360842377 -0.306159794
1403715292312143104.000000 0.301082015 1.324130297 -0.081142783 0.877968013 -0.002198200 -0.360338092 -0.315156877
1403715292362142976.000000 0.286657572 1.334498882 -0.101119041 0.874885678 0.000708548 -0.358733684 -0.325399339
1403715292412143104.000000 0.272450447 1.346139908 -0.121184945 0.871404886 0.001342864 -0.356959462 -0.336499125
1403715292462142976.000000 0.254237473 1.361414552 -0.141636252 0.867031813 0.003742156 -0.355970323 -0.348607272
1403715292512143104.000000 0.240768492 1.375131965 -0.162431240 0.863086224 0.002964379 -0.352689803 -0.361501634
1403715292562142976.000000 0.227865815 1.389899135 -0.183339953 0.859449506 0.001379119 -0.346922815 -0.375485450
1403715292612143104.000000 0.215557456 1.405591369 -0.204501510 0.855923533 0.000714129 -0.339343011 -0.390180528
1403715292662142976.000000 0.202564120 1.422860384 -0.225631118 0.853243291 -0.000583542 -0.327953726 -0.405489713
1403715292712143104.000000 0.192015946 1.439505339 -0.246388793 0.848869264 -0.000618491 -0.319842547 -0.420857906
1403715292762142976.000000 0.182964504 1.456680059 -0.266840935 0.844303966 -0.000444499 -0.311216950 -0.436227888
1403715292812143104.000000 0.176015675 1.473969698 -0.286488056 0.838706732 -0.000368952 -0.304592252 -0.451436073
1403715292862142976.000000 0.170028865 1.494489074 -0.301453233 0.832228661 0.000217871 -0.300661474 -0.465830564
1403715292912143104.000000 0.168853164 1.511747241 -0.319700122 0.823985636 0.000725679 -0.300553322 -0.480328023
1403715292962142976.000000 0.170997798 1.529131293 -0.337863445 0.815283418 -0.001543315 -0.301963955 -0.494093508
1403715293012143104.000000 0.176302493 1.546380520 -0.356022954 0.807237983 -0.005590690 -0.302133679 -0.507001817
1403715293062142976.000000 0.183074296 1.564527392 -0.371735096 0.799300730 -0.009731042 -0.301790029 -0.519563675
1403715293112143104.000000 0.193077683 1.581656098 -0.389749527 0.791604757 -0.014381659 -0.300861150 -0.531636894
1403715293162142976.000000 0.203296781 1.598766327 -0.407357812 0.783825099 -0.017287156 -0.300547570 -0.543130338
1403715293212143104.000000 0.213852942 1.615740538 -0.424685359 0.776226580 -0.018813001 -0.299431980 -0.554489732
1403715293262142976.000000 0.221750617 1.635931730 -0.436443925 0.769701600 -0.021706689 -0.296696246 -0.564853728
1403715293312143104.000000 0.232628822 1.652346849 -0.453448534 0.763401568 -0.023170423 -0.292576373 -0.575395703
1403715293362142976.000000 0.243428409 1.668269634 -0.470321894 0.757491410 -0.025195109 -0.287833184 -0.585426390
1403715293412143104.000000 0.254323900 1.683611393 -0.487174273 0.751822710 -0.029300446 -0.282481939 -0.595069706
1403715293462142976.000000 0.262208700 1.697753787 -0.501799703 0.746530652 -0.031764045 -0.277553380 -0.603860259
1403715293512143104.000000 0.272581935 1.710779071 -0.518481970 0.740105867 -0.031902891 -0.275599748 -0.612593114
1403715293562142976.000000 0.282859504 1.722811580 -0.535178185 0.733427167 -0.031798746 -0.274740309 -0.620959938
1403715293612143104.000000 0.293358207 1.734056354 -0.551893950 0.726686954 -0.030419149 -0.274777919 -0.628886163
1403715293662142976.000000 0.303299069 1.744194865 -0.568376303 0.719962239 -0.028117534 -0.275410622 -0.636406124
1403715293712143104.000000 0.314040422 1.753930926 -0.585495710 0.713534832 -0.026277900 -0.274938554 -0.643883884
1403715293762142976.000000 0.324596345 1.763137817 -0.602753997 0.706924438 -0.024303326 -0.274900168 -0.651227415
1403715293812143104.000000 0.334999084 1.771888852 -0.619781613 0.700587630 -0.022569461 -0.273776859 -0.658569574
1403715293862142976.000000 0.345190048 1.780505061 -0.636545539 0.693879187 -0.021941526 -0.273260355 -0.665867209
1403715293912143104.000000 0.354976535 1.789075851 -0.652880192 0.687145293 -0.020660574 -0.272157878 -0.673301339
1403715293962142976.000000 0.364029109 1.797616482 -0.658341289 0.681399763 -0.019940110 -0.269296259 -0.680276692
1403715294012143104.000000 0.371136904 1.805968881 -0.674622536 0.674525917 -0.020041838 -0.266355246 -0.688235462
1403715294062142976.000000 0.375032425 1.814169765 -0.689603209 0.667259872 -0.020173207 -0.263358176 -0.696419299
1403715294112143104.000000 0.376087070 1.822020054 -0.703445435 0.659946203 -0.022124205 -0.259708941 -0.704650819
1403715294162142976.000000 0.374341249 1.829499125 -0.716217577 0.652705073 -0.024864465 -0.255502939 -0.712794602
1403715294212143104.000000 0.369682133 1.836478472 -0.727735400 0.645315230 -0.027666414 -0.251316786 -0.720862567
1403715294262142976.000000 0.362051606 1.842617750 -0.737778723 0.637353480 -0.030405691 -0.248023361 -0.728931069
1403715294312143104.000000 0.351243258 1.848124743 -0.746668756 0.629459679 -0.032408059 -0.244597107 -0.736819208
1403715294362142976.000000 0.337172389 1.853068113 -0.754466176 0.621270478 -0.033358589 -0.241563886 -0.744685948
1403715294412143104.000000 0.321065128 1.857638121 -0.760873079 0.613166690 -0.034422707 -0.237703949 -0.752554715
1403715294462142976.000000 0.305920959 1.865711451 -0.755120277 -0.606584132 0.033919696 0.233080283 0.759327888
1403715294512143104.000000 0.288649917 1.868800640 -0.761772811 -0.598455548 0.033248655 0.228792116 0.767072201
1403715294562142976.000000 0.270938754 1.871032000 -0.768489242 -0.589187980 0.030878846 0.226899117 0.774868250
1403715294612143104.000000 0.252851188 1.872790813 -0.775298059 -0.579577684 0.026679860 0.225354016 0.782683551
1403715294662142976.000000 0.235825062 1.876924515 -0.783374190 0.570454240 -0.021218203 -0.222236454 -0.790406764
1403715294712143104.000000 0.216541827 1.874907494 -0.787368655 -0.561296225 0.015750891 0.219244793 0.797891140
1403715294762142976.000000 0.199126333 1.876495957 -0.794700086 -0.552090228 0.011502556 0.215938285 0.805254519
1403715294812143104.000000 0.182005316 1.878170490 -0.801533878 -0.542647123 0.008773411 0.213095859 0.812433004
1403715294862142976.000000 0.165048003 1.880058527 -0.807852387 -0.533672392 0.006743930 0.209334344 0.819345772
1403715294912143104.000000 0.148894906 1.880581141 -0.814955115 0.525121033 -0.005746379 -0.204522923 -0.826066196
1403715294962142976.000000 0.133795440 1.882704496 -0.820647418 0.516930401 -0.007066610 -0.198606461 -0.832639456
1403715295012143104.000000 0.119239092 1.884945154 -0.825535297 0.508482158 -0.009623975 -0.193736807 -0.838939488
1403715295062142976.000000 0.104173541 1.886032820 -0.824092805 -0.500235379 0.011712100 0.189467072 0.844825268
1403715295112143104.000000 0.090596259 1.888013363 -0.827776194 -0.490898162 0.016333621 0.186442539 0.850876868
1403715295162142976.000000 0.077823132 1.889672041 -0.831529796 -0.481787980 0.021267466 0.183608025 0.856572390
1403715295212143104.000000 0.066494673 1.890544176 -0.835335493 -0.472643346 0.025500508 0.180504456 0.862192631
1403715295262142976.000000 0.057928383 1.889285326 -0.841959834 0.463071853 -0.028181816 -0.178355142 -0.867732525
1403715295312143104.000000 0.052242249 1.888591290 -0.848668635 0.453186184 -0.029269710 -0.175069392 -0.873565316
1403715295362142976.000000 0.046939760 1.890867114 -0.851242185 -0.442305624 0.027378615 0.172270760 0.879738033
1403715295412143104.000000 0.046295688 1.889025092 -0.860015035 -0.431225330 0.025674550 0.168308347 0.886034906
1403715295462142976.000000 0.048255503 1.887142181 -0.869641006 -0.419711918 0.024061725 0.163946599 0.892403781
1403715295512143104.000000 0.050432026 1.885111570 -0.879400253 -0.408586293 0.022556096 0.158973783 0.898485363
1403715295562142976.000000 0.049197599 1.882099748 -0.889545560 0.399236321 -0.021082118 -0.152258083 -0.903871417
1403715295612143104.000000 0.043759465 1.885421276 -0.893491030 -0.390845209 0.020588376 0.147260070 0.908366978
1403715295662142976.000000 0.036400467 1.882847786 -0.900455117 -0.384112448 0.021143636 0.142245114 0.912018120
1403715295712143104.000000 0.026279166 1.879976630 -0.906024814 -0.378138453 0.022372721 0.138518184 0.915053785
1403715295762142976.000000 0.014712878 1.876630306 -0.910395563 -0.371675611 0.023405211 0.135053590 0.918188453
1403715295812143104.000000 0.000946060 1.871831536 -0.914839983 0.364306182 -0.025908932 -0.133277714 -0.921328843
1403715295862142976.000000 -0.011928298 1.866811633 -0.918791294 0.357146084 -0.029577341 -0.131409690 -0.924285352
1403715295912143104.000000 -0.025446385 1.861184239 -0.922768116 0.349258095 -0.031608284 -0.130366325 -0.927375019
1403715295962142976.000000 -0.039284922 1.855416298 -0.926875472 0.341526479 -0.035302006 -0.129905835 -0.930181742
1403715296012143104.000000 -0.056391578 1.855191469 -0.925803304 -0.334763020 0.038297195 0.129678681 0.932550550
1403715296062142976.000000 -0.072997704 1.849118114 -0.930468440 -0.327765316 0.039559640 0.132001504 0.934655368
1403715296112143104.000000 -0.090738185 1.842647672 -0.935339749 -0.321162224 0.038232032 0.135788321 0.936458647
1403715296162142976.000000 -0.109367974 1.836093307 -0.940901875 -0.314525247 0.033816647 0.138402238 0.938496292
1403715296212143104.000000 -0.129311398 1.830184102 -0.947510481 -0.308351845 0.028655473 0.139350191 0.940574110
1403715296262142976.000000 -0.149126917 1.824498415 -0.954602599 -0.301772296 0.023121901 0.140052006 0.942753613
1403715296312143104.000000 -0.168609902 1.819813013 -0.962250650 -0.295153379 0.014948349 0.140533492 0.944939911
1403715296362142976.000000 -0.186271191 1.816624522 -0.970525980 0.288869977 -0.006877412 -0.139411822 -0.947138488
1403715296412143104.000000 -0.204436883 1.817519188 -0.978083491 -0.281902939 0.002772616 0.138016060 0.949460149
1403715296462142976.000000 -0.216337651 1.817240119 -0.988116205 -0.274675220 0.001198504 0.137212276 0.951695859
1403715296512143104.000000 -0.226331249 1.818676710 -0.998666763 -0.268215686 0.000140554 0.137212366 0.953537226
1403715296562142976.000000 -0.233718216 1.822234988 -1.009856820 -0.263178587 0.000071796 0.134781867 0.955285788
1403715296612143104.000000 -0.239564016 1.827789545 -1.021438479 0.260008395 -0.000330908 -0.129814908 -0.956840456
1403715296662142976.000000 -0.243064165 1.834843874 -1.033676744 0.258080065 -0.003382997 -0.123712145 -0.958164215
1403715296712143104.000000 -0.246446997 1.843387365 -1.045318604 0.256297499 -0.006132175 -0.118897274 -0.959237993
1403715296762142976.000000 -0.249371037 1.853273988 -1.056433439 0.254494607 -0.008567525 -0.115913212 -0.960064292
1403715296812143104.000000 -0.252457768 1.863846898 -1.066904306 0.253247410 -0.010212117 -0.110995285 -0.960958660
1403715296862142976.000000 -0.255079508 1.874930739 -1.077249169 0.252307683 -0.012272557 -0.104900055 -0.961866021
1403715296912143104.000000 -0.258465856 1.884267688 -1.088954568 -0.249710903 0.014095324 0.098798782 0.963163912
1403715296962142976.000000 -0.261207879 1.894706249 -1.097875953 -0.245829284 0.016305503 0.092630550 0.964739263
1403715297012143104.000000 -0.264699847 1.904357195 -1.106235743 -0.238574982 0.016250340 0.090266258 0.966783285
1403715297062142976.000000 -0.269269884 1.913213611 -1.114200830 -0.228250176 0.013482197 0.091990255 0.969153225
1403715297112143104.000000 -0.274927646 1.925447702 -1.121270895 0.217086405 -0.011553825 -0.092887200 -0.971654236
1403715297162142976.000000 -0.281582892 1.933328032 -1.126905441 -0.204682365 0.005136430 0.094861202 0.974207401
1403715297212143104.000000 -0.287913203 1.943855524 -1.131523490 -0.191413566 -0.001619594 0.095105901 0.976889491
1403715297262142976.000000 -0.293705285 1.955053091 -1.135013938 -0.177368313 -0.005868220 0.094561718 0.979573429
1403715297312143104.000000 -0.299317300 1.967717409 -1.137386322 -0.163396329 -0.008101883 0.092227109 0.982206762
1403715297362142976.000000 -0.307234555 1.980303764 -1.137560844 -0.150091946 -0.009682414 0.088424698 0.984662235
1403715297412143104.000000 -0.312582701 1.996269584 -1.137609601 -0.138277531 -0.009330040 0.081390090 0.986999452
1403715297462142976.000000 -0.317185760 2.014047623 -1.136467457 -0.127247617 -0.008983812 0.074961059 0.988993526
1403715297512143104.000000 -0.320065975 2.033849716 -1.134211659 0.117015101 0.007843422 -0.067447908 -0.990806162
1403715297562142976.000000 -0.323304832 2.054300070 -1.130783200 0.106780559 0.007812283 -0.062888473 -0.992260993
1403715297612143104.000000 -0.327035874 2.075342178 -1.126212597 0.096217379 0.010037270 -0.060523737 -0.993467867
1403715297662142976.000000 -0.334402949 2.095041752 -1.117772460 -0.086416706 -0.011949893 0.059378136 0.994416237
1403715297712143104.000000 -0.336875826 2.117888451 -1.110982895 -0.076291829 -0.013001721 0.059675589 0.995213270
1403715297762142976.000000 -0.338494509 2.141729355 -1.102545381 -0.066388547 -0.012933823 0.059715819 0.995921373
1403715297812143104.000000 -0.338071704 2.166969299 -1.093009949 -0.057419021 -0.007426356 0.057655323 0.996656299
1403715297862142976.000000 -0.335544527 2.193871737 -1.081971288 -0.048435252 0.000397370 0.054751776 0.997324467
1403715297912143104.000000 -0.332075328 2.221790075 -1.070800543 -0.039764777 0.009106704 0.050629709 0.997884035
1403715297962142976.000000 -0.327722400 2.250728130 -1.059109688 -0.030097211 0.021432847 0.047566056 0.998184502
1403715298012143104.000000 -0.323598653 2.280537128 -1.047683597 -0.020276500 0.034006160 0.041810300 0.998340845
1403715298062142976.000000 -0.320426226 2.309199095 -1.035613775 -0.010440893 0.043729167 0.033841837 0.998415530
1403715298112143104.000000 -0.317217439 2.340368509 -1.026640654 -0.001746147 0.050876189 0.021883370 0.998463690
1403715298162142976.000000 -0.315336466 2.371872663 -1.018419147 0.006105162 0.053104077 0.006609902 0.998548508
1403715298212143104.000000 -0.314349920 2.403872252 -1.011449575 -0.013329031 -0.052633110 0.010173739 -0.998473167
1403715298262142976.000000 -0.313988686 2.434722185 -1.006056309 -0.021076249 -0.051148802 0.025660500 -0.998138905
1403715298312143104.000000 -0.313361436 2.461801291 -1.000114202 0.028378101 0.049200013 -0.037698403 0.997673750
1403715298362142976.000000 -0.313802630 2.489699125 -0.997400403 0.035093684 0.044878479 -0.046935406 0.997272015
1403715298412143104.000000 -0.313652337 2.515560389 -0.996255219 0.040558968 0.040113442 -0.053584933 0.996932566
1403715298462142976.000000 -0.313025415 2.539337873 -0.996336639 0.044712249 0.036000155 -0.059057303 0.996602833
1403715298512143104.000000 -0.313187927 2.559767008 -0.997948050 0.047111813 0.033335157 -0.064953454 0.996218026
1403715298562142976.000000 -0.311850101 2.578936338 -0.998655856 0.047699895 0.031637698 -0.071807258 0.995774865
1403715298612143104.000000 -0.309982628 2.594978809 -0.999858737 0.047130808 0.031382687 -0.078530945 0.995302379
1403715298662142976.000000 -0.307804942 2.608292341 -1.001380563 -0.046298798 -0.031555243 0.084594399 -0.994838893
1403715298712143104.000000 -0.305358112 2.617962360 -1.003798604 -0.045135707 -0.031861432 0.088964924 -0.994501352
1403715298762142976.000000 -0.303506315 2.620959997 -1.009221792 0.043760099 0.032875676 -0.090840191 0.994360268
1403715298812143104.000000 -0.300910026 2.622777462 -1.014052033 0.043812640 0.031816453 -0.088787034 0.994577825
1403715298862142976.000000 -0.299600810 2.621218681 -1.019550562 0.047175389 0.024643544 -0.077871770 0.995541692
1403715298912143104.000000 -0.298249185 2.615845203 -1.025400281 0.053277757 0.016680745 -0.063140422 0.996441960
1403715298962142976.000000 -0.296929091 2.609716892 -1.029692769 -0.061046094 -0.008582392 0.048966624 -0.996896207
1403715299012143104.000000 -0.295180470 2.598547220 -1.037687659 0.068124793 0.001797863 -0.040208250 0.996864676
1403715299062142976.000000 -0.293042481 2.587578058 -1.041667581 0.076020434 -0.003098206 -0.034082875 0.996518791
1403715299112143104.000000 -0.289839298 2.575682878 -1.044501305 0.083870731 -0.006047924 -0.031527244 0.995959461
1403715299162142976.000000 -0.285710633 2.563062429 -1.045960069 0.091687754 -0.007883724 -0.030652333 0.995284736
1403715299212143104.000000 -0.281680077 2.550875902 -1.046522141 -0.099775046 0.009240269 0.031381004 -0.994472206
1403715299262142976.000000 -0.276791364 2.537552595 -1.045018435 -0.108384877 0.010880359 0.032924838 -0.993504047
1403715299312143104.000000 -0.271025747 2.523977757 -1.042077899 -0.117761843 0.010962770 0.034856945 -0.992369413
1403715299362142976.000000 -0.264770091 2.510479450 -1.037492394 -0.127589747 0.011714714 0.037432026 -0.991051257
1403715299412143104.000000 -0.257523537 2.496978283 -1.031455278 -0.138123438 0.011508076 0.040138613 -0.989534438
1403715299462142976.000000 -0.245059878 2.485783100 -1.033053994 0.149255097 -0.010830235 -0.043637961 0.987776041
1403715299512143104.000000 -0.236117199 2.472403765 -1.023863912 0.160983786 -0.008472662 -0.047227651 0.985790074
1403715299562142976.000000 -0.227115527 2.459180832 -1.013597846 0.173231646 -0.006203990 -0.051458802 0.983516276
1403715299612143104.000000 -0.217881620 2.446021080 -1.002147913 0.185466439 -0.002491568 -0.056284733 0.981034160
1403715299662142976.000000 -0.210176051 2.435046434 -0.983271658 0.198836386 -0.000482498 -0.060344622 0.978173018
1403715299712143104.000000 -0.201439768 2.421571493 -0.969443440 0.212322265 0.002079897 -0.064106502 0.975092530
1403715299762142976.000000 -0.192932442 2.408568621 -0.954517484 0.225691244 0.002541737 -0.069834076 0.971689403
1403715299812143104.000000 -0.184371248 2.395918608 -0.938672364 0.240092024 0.004315698 -0.074182458 0.967901945
1403715299862142976.000000 -0.177604049 2.383364201 -0.921395063 0.254726261 0.004708996 -0.079091482 0.963761866
1403715299912143104.000000 -0.169798166 2.371374130 -0.903818130 0.268800676 0.006560665 -0.085277691 0.959390938
1403715299962142976.000000 -0.155314043 2.363792419 -0.890440464 0.282919765 0.008119864 -0.091147318 0.954768419
1403715300012143104.000000 -0.147296816 2.352319479 -0.871600628 0.295358747 0.008898726 -0.096830361 0.950425148
1403715300062142976.000000 -0.138219476 2.341313362 -0.852407932 0.306417584 0.014115337 -0.102080673 0.946302593
1403715300112143104.000000 -0.129240677 2.331298828 -0.832980514 0.316018015 0.019190870 -0.105683975 0.942653298
1403715300162142976.000000 -0.118525416 2.324165344 -0.815593481 0.322815776 0.024526769 -0.111829631 0.939511895
1403715300212143104.000000 -0.110073179 2.315187454 -0.795486569 0.327118516 0.030421846 -0.119879924 0.936854780
1403715300262142976.000000 -0.101629719 2.306606054 -0.776120067 0.331115335 0.037060492 -0.124886259 0.934554756
1403715300312143104.000000 -0.093569830 2.298538208 -0.757628322 0.335712999 0.040880967 -0.124888733 0.932753086
1403715300362142976.000000 -0.082816079 2.294569492 -0.743875921 0.340077341 0.043453708 -0.122829139 0.931328237
1403715300412143104.000000 -0.075054750 2.287323475 -0.727180421 0.343915999 0.044503123 -0.119415216 0.930312455
1403715300462142976.000000 -0.067638114 2.281283855 -0.711569428 0.346590459 0.045016769 -0.115832590 0.929748058
1403715300512143104.000000 -0.060576677 2.276226997 -0.697405934 0.347817570 0.045357946 -0.114568911 0.929429770
1403715300562142976.000000 -0.054096684 2.271755934 -0.683156013 0.348462433 0.044136401 -0.112520322 0.929497242
1403715300612143104.000000 -0.048230141 2.269000053 -0.670505166 0.348150939 0.042429879 -0.111475825 0.929819286
1403715300662142976.000000 -0.040404394 2.271024466 -0.663828850 0.347561479 0.040977880 -0.110548407 0.930215538
1403715300712143104.000000 -0.035005227 2.270903826 -0.653230429 0.346791208 0.039297931 -0.108860381 0.930774450
1403715300762142976.000000 -0.029782876 2.272448778 -0.643773377 0.345423907 0.039082915 -0.107649550 0.931432486
1403715300812143104.000000 -0.024882376 2.275209188 -0.635456920 0.343562156 0.040157456 -0.107839242 0.932053268
1403715300862142976.000000 -0.019943655 2.279152632 -0.626326084 0.341131449 0.041927241 -0.109642729 0.932657480
1403715300912143104.000000 -0.016119599 2.284061193 -0.618927717 0.338274688 0.043771509 -0.112572625 0.933264077
1403715300962142976.000000 -0.012761205 2.289985180 -0.612605453 0.335483998 0.045537703 -0.115484275 0.933830976
1403715301012143104.000000 -0.010227367 2.296411514 -0.607376099 0.333065033 0.047023080 -0.117648713 0.934352934
1403715301062142976.000000 -0.008321807 2.303313971 -0.603227973 0.330622017 0.049351726 -0.119530007 0.934861600
1403715301112143104.000000 -0.006661236 2.310788155 -0.600413322 0.328156114 0.053043146 -0.121248573 0.935306787
1403715301162142976.000000 -0.005301714 2.316178322 -0.597108424 0.325448275 0.056894120 -0.123650819 0.935712039
1403715301212143104.000000 -0.005127892 2.324252844 -0.596700311 0.322958857 0.061038025 -0.126135111 0.935981750
1403715301262142976.000000 -0.006322145 2.332603931 -0.597996116 0.320964366 0.063922912 -0.128872856 0.936102331
1403715301312143104.000000 -0.008420140 2.341386318 -0.601265252 0.319854528 0.066518180 -0.130783781 0.936036348
1403715301362142976.000000 -0.011907473 2.350100517 -0.606446564 0.319294810 0.067661770 -0.131574646 0.936034679
1403715301412143104.000000 -0.019384608 2.358951569 -0.614438951 0.319337457 0.066709749 -0.131244689 0.936134696
1403715301462142976.000000 -0.026408866 2.367651939 -0.623395443 0.320988625 0.063199997 -0.127722606 0.936300755
1403715301512143104.000000 -0.035249397 2.376631021 -0.633473992 0.322730124 0.055774752 -0.123989165 0.936675608
1403715301562142976.000000 -0.047653824 2.384459019 -0.641601026 0.323764056 0.046633109 -0.121366829 0.937161863
1403715301612143104.000000 -0.058893725 2.393828630 -0.653383732 0.324090719 0.037574023 -0.119395249 0.937709033
1403715301662142976.000000 -0.070603862 2.403441429 -0.665626347 0.324290186 0.030425198 -0.116892196 0.938214481
1403715301712143104.000000 -0.082880512 2.413703680 -0.677906454 0.323545903 0.026210522 -0.115994960 0.938709915
1403715301762142976.000000 -0.094701856 2.424533129 -0.692033529 0.321849167 0.024570094 -0.116818078 0.939235330
1403715301812143104.000000 -0.108571410 2.432897091 -0.703595638 0.319548458 0.026706791 -0.119686015 0.939601481
1403715301862142976.000000 -0.120646968 2.443354368 -0.716708541 0.317037463 0.029136069 -0.122946903 0.939958751
1403715301912143104.000000 -0.132651716 2.453417778 -0.730218887 0.314706475 0.030528011 -0.125371829 0.940377533
1403715301962142976.000000 -0.144636542 2.463313580 -0.744465232 0.313535810 0.029903809 -0.125163123 0.940816343
1403715302012143104.000000 -0.155690938 2.473690033 -0.758914948 0.311718345 0.031126047 -0.126530975 0.941197515
1403715302062142976.000000 -0.166706547 2.482819557 -0.774890244 0.309935570 0.031701583 -0.127847999 0.941588998
1403715302112143104.000000 -0.177880600 2.491485357 -0.791637301 0.308140785 0.030664111 -0.129268020 0.942018449
1403715302162142976.000000 -0.189187676 2.499641418 -0.809369326 0.305967987 0.028090635 -0.131268501 0.942530215
1403715302212143104.000000 -0.202809647 2.502902508 -0.828305781 0.302945226 0.026305005 -0.133027032 0.943311214
1403715302262142976.000000 -0.213646576 2.509103298 -0.847281694 0.300481081 0.023274943 -0.134354234 0.943990648
1403715302312143104.000000 -0.223747641 2.513757944 -0.866785288 0.297834128 0.021598706 -0.136163205 0.944609940
1403715302362142976.000000 -0.233183995 2.517361164 -0.886913419 0.295209676 0.021011421 -0.136964262 0.945330977
1403715302412143104.000000 -0.241091296 2.520268917 -0.908087194 0.292871028 0.021417914 -0.137429729 0.945981443
1403715302462142976.000000 -0.249348864 2.521233320 -0.929359436 0.291823089 0.021156553 -0.134496510 0.946732521
1403715302512143104.000000 -0.257354140 2.520963669 -0.951198339 0.292265117 0.018961588 -0.128027275 0.947539270
1403715302562142976.000000 -0.265364379 2.519799709 -0.973077536 0.292348772 0.015646581 -0.122549720 0.948297977
1403715302612143104.000000 -0.273706615 2.518402576 -0.994547248 0.292787969 0.013002466 -0.117141366 0.948885739
1403715302662142976.000000 -0.282193691 2.516532898 -1.015934229 0.292102069 0.010669356 -0.114685334 0.949426055
1403715302712143104.000000 -0.291415453 2.517119884 -1.033836365 0.292502165 0.008061582 -0.110551730 0.949818850
1403715302762142976.000000 -0.300679147 2.514504910 -1.053365231 0.292308748 0.005093490 -0.108440854 0.950142264
1403715302812143104.000000 -0.310610324 2.511271715 -1.071819067 0.292178392 0.000629668 -0.106830560 0.950378180
1403715302862142976.000000 -0.320818782 2.507806540 -1.088744402 0.291537195 -0.003509161 -0.107470542 0.950496674
1403715302912143104.000000 -0.330767691 2.501441240 -1.106993437 0.292539865 -0.007492158 -0.107860021 0.950121284
1403715302962142976.000000 -0.341397554 2.497630358 -1.119621396 0.295467436 -0.010703006 -0.109357499 0.949012816
1403715303012143104.000000 -0.350300074 2.491644621 -1.133006692 -0.299453050 0.013335493 0.112754852 -0.947331190
1403715303062142976.000000 -0.358626604 2.485001564 -1.144837737 -0.305266172 0.015519424 0.115875155 -0.945063353
1403715303112143104.000000 -0.366464823 2.477496147 -1.155176878 -0.312759548 0.017055556 0.120467737 -0.942007542
1403715303162142976.000000 -0.373258054 2.467841864 -1.164100885 0.321719825 -0.017031815 -0.125897363 0.938273013
1403715303212143104.000000 -0.379323065 2.457896948 -1.171923876 0.332415789 -0.015025956 -0.131141692 0.933850050
1403715303262142976.000000 -0.388393939 2.446340561 -1.177943468 0.344723493 -0.009350392 -0.136058614 0.928744555
1403715303312143104.000000 -0.392431021 2.434647083 -1.184222221 0.357473493 -0.002770411 -0.142192692 0.923031032
1403715303362142976.000000 -0.396740288 2.422327518 -1.189776897 0.370311141 0.003776923 -0.149278417 0.916826844
1403715303412143104.000000 -0.400051802 2.409474134 -1.195184708 0.382846504 0.009628942 -0.156330481 0.910437644
1403715303462142976.000000 -0.399956524 2.395716906 -1.200607538 0.395389766 0.013580780 -0.163308635 0.903777003
1403715303512143104.000000 -0.407148600 2.380051613 -1.206671476 0.408034950 0.015723223 -0.169047549 0.897041380
1403715303562142976.000000 -0.410395652 2.365794659 -1.212700725 0.420066655 0.018980250 -0.175814927 0.890097141
1403715303612143104.000000 -0.414077342 2.350972176 -1.219417095 0.433783293 0.018916970 -0.178508818 0.882954657
1403715303662142976.000000 -0.417782307 2.335493088 -1.226362824 0.448059350 0.019950625 -0.179470137 0.875577152
1403715303712143104.000000 -0.423205465 2.315233707 -1.235063076 0.461446673 0.019607760 -0.180189371 0.868455172
1403715303762142976.000000 -0.427182496 2.300282001 -1.243100882 0.475393325 0.019564303 -0.180651978 0.860803902
1403715303812143104.000000 -0.431399345 2.285358906 -1.251218319 0.488364071 0.020458473 -0.182452127 0.853107989
1403715303862142976.000000 -0.435547054 2.270733356 -1.259562850 0.501311600 0.021405736 -0.182376370 0.845557511
1403715303912143104.000000 -0.441027284 2.256092787 -1.268883705 0.512129962 0.022988236 -0.182953209 0.838881791
1403715303962142976.000000 -0.445419312 2.242935658 -1.276889086 0.520850718 0.023836475 -0.183782503 0.833288968
1403715304012143104.000000 -0.450168490 2.230534792 -1.284465313 0.528004587 0.023849973 -0.184660152 0.828578949
1403715304062142976.000000 -0.455211878 2.218683004 -1.291746855 0.533615947 0.023914460 -0.185393661 0.824809909
1403715304112143104.000000 -0.461304605 2.208184958 -1.299169183 0.538223922 0.023462461 -0.184398159 0.822047353
1403715304162142976.000000 -0.466282845 2.198620558 -1.305848241 0.541867971 0.023859788 -0.183583602 0.819821239
1403715304212143104.000000 -0.471553683 2.190332890 -1.311968446 0.544026852 0.022916302 -0.183885202 0.818349421
1403715304262142976.000000 -0.477258444 2.182944775 -1.317622542 0.545146763 0.021084849 -0.184477299 0.817519784
1403715304312143104.000000 -0.483040512 2.176310301 -1.322949171 0.545500517 0.018919311 -0.185560644 0.817091525
1403715304362142976.000000 -0.489019275 2.170461655 -1.327600002 0.545059025 0.017011821 -0.186350003 0.817248464
1403715304412143104.000000 -0.494371295 2.166501522 -1.332654595 0.543858469 0.014862745 -0.187267870 0.817880154
1403715304462142976.000000 -0.500717163 2.162586212 -1.336235166 0.542107165 0.014119936 -0.188242882 0.818831623
1403715304512143104.000000 -0.508123875 2.159420729 -1.338816881 0.539624810 0.016588274 -0.190201700 0.819971502
1403715304562142976.000000 -0.518069446 2.157072306 -1.340040445 0.536938608 0.018124172 -0.191983789 0.821286023
1403715304612143104.000000 -0.530677080 2.154978037 -1.338537574 0.534506440 0.019752879 -0.193202868 0.822548091
1403715304662142976.000000 -0.544480324 2.153395891 -1.338021398 0.532810748 0.021371692 -0.192419201 0.823790610
1403715304712143104.000000 -0.559508264 2.153762579 -1.339621067 0.530523181 0.022546614 -0.192200854 0.825285256
1403715304762142976.000000 -0.574185967 2.153398037 -1.339179397 0.527865112 0.022957945 -0.193558410 0.826659918
1403715304812143104.000000 -0.587362945 2.153666019 -1.339721203 0.526010513 0.023048574 -0.193894789 0.827759981
1403715304862142976.000000 -0.597984374 2.154283285 -1.341398001 0.524027944 0.022457488 -0.194718108 0.828839779
1403715304912143104.000000 -0.605783165 2.154255867 -1.342840791 0.522282064 0.022289675 -0.195729554 0.829707563
1403715304962142976.000000 -0.610430419 2.154696941 -1.347204447 0.521143496 0.021031285 -0.196202025 0.830344498
1403715305012143104.000000 -0.612405121 2.155372858 -1.353266239 0.520466566 0.020821936 -0.196426854 0.830721140
1403715305062142976.000000 -0.612221181 2.156376123 -1.360790849 0.520262837 0.019137528 -0.196011409 0.830987334
1403715305112143104.000000 -0.609787762 2.157578230 -1.369822383 0.520206809 0.018337121 -0.195651725 0.831125200
1403715305162142976.000000 -0.604790330 2.159417868 -1.380591750 0.519846261 0.016879192 -0.196230099 0.831245303
1403715305212143104.000000 -0.602465391 2.160521507 -1.388965487 0.520206630 0.014392436 -0.196238160 0.831064761
1403715305262142976.000000 -0.600494623 2.161501169 -1.396999121 0.520642519 0.012785196 -0.196033627 0.830866337
1403715305312143104.000000 -0.599074960 2.162640572 -1.404655576 0.520937920 0.012349094 -0.197033644 0.830451071
1403715305362142976.000000 -0.601041794 2.160732269 -1.410241127 0.521859348 0.010389385 -0.197025597 0.829901099
1403715305412143104.000000 -0.599937320 2.161196709 -1.417453766 0.522396743 0.010385450 -0.198449299 0.829223573
1403715305462142976.000000 -0.597237825 2.162445784 -1.425447822 0.523934305 0.011014584 -0.198831394 0.828153193
1403715305512143104.000000 -0.592358649 2.163555384 -1.434111595 0.526109517 0.011371657 -0.198177576 0.826925159
1403715305562142976.000000 -0.584362149 2.164753199 -1.443817735 0.528110802 0.011839484 -0.198831454 0.825484633
1403715305612143104.000000 -0.573396862 2.165875673 -1.454635143 0.530102134 0.011314346 -0.199956581 0.823942423
1403715305662142976.000000 -0.557408750 2.166505337 -1.466044188 0.532407522 0.011769964 -0.200387612 0.822343290
1403715305712143104.000000 -0.540688455 2.166997671 -1.478591323 0.535095096 0.009797206 -0.198808700 0.821006954
1403715305762142976.000000 -0.522461593 2.167696476 -1.491183519 0.537044704 0.009804941 -0.198855743 0.819721520
1403715305812143104.000000 -0.504150629 2.168602228 -1.503122091 0.538671255 0.009015328 -0.198835805 0.818667352
1403715305862142976.000000 -0.487137973 2.168947697 -1.514610171 0.539377689 0.008932984 -0.200147718 0.817883134
1403715305912143104.000000 -0.469902933 2.169793606 -1.524962783 0.539660394 0.008270311 -0.201354370 0.817407310
1403715305962142976.000000 -0.453079045 2.170244455 -1.534673810 0.539877534 0.008272470 -0.202164844 0.817063808
1403715306012143104.000000 -0.437040985 2.170528889 -1.543603659 0.539959431 0.007875830 -0.202756301 0.816867054
1403715306062142976.000000 -0.420645416 2.170648575 -1.552093506 0.539393306 0.006947709 -0.204427660 0.816832900
1403715306112143104.000000 -0.406635106 2.170956850 -1.559326410 0.539006770 0.005067045 -0.205331370 0.816875219
1403715306162142976.000000 -0.392969549 2.170978546 -1.566109896 0.539987206 0.002025543 -0.202624276 0.816916883
1403715306212143104.000000 -0.379091978 2.171061993 -1.571762443 0.541168809 0.000229749 -0.197093919 0.817490220
1403715306262142976.000000 -0.365733564 2.170585155 -1.576440334 0.541829169 -0.000480890 -0.190081984 0.818712294
1403715306312143104.000000 -0.352183700 2.170996189 -1.579935551 0.541986167 -0.000747334 -0.181138858 0.820633471
1403715306362142976.000000 -0.338053226 2.171786308 -1.582256198 0.540908098 -0.000197951 -0.172505036 0.823201299
1403715306412143104.000000 -0.323060572 2.173487663 -1.582999706 0.538892627 0.002395215 -0.163287655 0.826393485
1403715306462142976.000000 -0.308466226 2.175300837 -1.581160188 0.534625709 0.004912784 -0.156178892 0.830517590
1403715306512143104.000000 -0.292691737 2.180047512 -1.578207374 0.528631270 0.008264787 -0.151063681 0.835260749
1403715306562142976.000000 -0.276426554 2.186688662 -1.573613167 0.521169424 0.012233748 -0.147036761 0.840602756
1403715306612143104.000000 -0.259307176 2.195036173 -1.567505598 0.512873650 0.017259510 -0.142211765 0.846426904
1403715306662142976.000000 -0.243845135 2.205717564 -1.560455084 0.503263533 0.023236420 -0.138453931 0.852652550
1403715306712143104.000000 -0.225845277 2.218652487 -1.552432060 0.492083460 0.029653706 -0.137148291 0.859165251
1403715306762142976.000000 -0.208345234 2.234256029 -1.543840766 0.479481876 0.036059666 -0.137456834 0.865969181
1403715306812143104.000000 -0.190685123 2.252374887 -1.535393596 0.467022717 0.044296030 -0.135650575 0.872654974
1403715306862142976.000000 -0.172182471 2.271940470 -1.527383924 0.453922719 0.052798849 -0.134125054 0.879304886
1403715306912143104.000000 -0.159686893 2.294011831 -1.518324614 0.439273745 0.060367279 -0.134781957 0.886131108
1403715306962142976.000000 -0.145034194 2.318308353 -1.511409640 0.423403621 0.065945238 -0.138313398 0.892888606
1403715307012143104.000000 -0.132509798 2.344311714 -1.505506158 0.406441003 0.070963770 -0.143609300 0.899525583
1403715307062142976.000000 -0.124077797 2.372198105 -1.500751615 0.389631659 0.073626094 -0.148146689 0.905990601
1403715307112143104.000000 -0.117175370 2.399082422 -1.495668769 0.373609394 0.072382674 -0.151712209 0.912228167
1403715307162142976.000000 -0.117784828 2.428204775 -1.492133856 0.357473403 0.067896254 -0.155331492 0.918408990
1403715307212143104.000000 -0.122006059 2.457227945 -1.490011811 0.341975778 0.063467279 -0.157789543 0.924189925
1403715307262142976.000000 -0.129721045 2.485687256 -1.489235520 0.326802939 0.058905393 -0.160219565 0.929548144
1403715307312143104.000000 -0.141009390 2.513045549 -1.489698052 0.312910527 0.054087993 -0.159908801 0.934660792
1403715307362142976.000000 -0.152460247 2.541588545 -1.487534523 0.301824927 0.047286861 -0.156844333 0.939183474
1403715307412143104.000000 -0.171651334 2.560236931 -1.492622256 0.290776163 0.038092639 -0.147517085 0.944582939
1403715307462142976.000000 -0.187508643 2.582371712 -1.497035265 0.281617761 0.029820021 -0.137698695 0.949126661
1403715307512143104.000000 -0.203580782 2.603353500 -1.502617955 0.272760957 0.022678984 -0.128430322 0.953201413
1403715307562142976.000000 -0.219708368 2.622864723 -1.508191347 -0.264066041 -0.016708041 0.118952788 -0.956995368
1403715307612143104.000000 -0.234697908 2.642725945 -1.515367508 -0.255313009 -0.012195891 0.110569477 -0.960437953
1403715307662142976.000000 -0.249868974 2.660109520 -1.521222830 0.245673344 0.008732596 -0.102964766 0.963829219
1403715307712143104.000000 -0.265409619 2.677468538 -1.526468635 0.234624013 0.005575215 -0.097385190 0.967179775
1403715307762142976.000000 -0.280933350 2.694163084 -1.531273007 0.222726002 0.003981947 -0.093009867 0.970425963
1403715307812143104.000000 -0.296597898 2.710244656 -1.534975290 0.210014030 0.002733574 -0.089260764 0.973611414
1403715307862142976.000000 -0.309496254 2.725112438 -1.538140416 0.197165549 0.001811304 -0.085393734 0.976642489
1403715307912143104.000000 -0.324579388 2.739818811 -1.540536523 0.184289604 0.001006052 -0.082349598 0.979415596
1403715307962142976.000000 -0.339263529 2.753524780 -1.542326212 0.171383321 0.001076346 -0.079410911 0.981998265
1403715308012143104.000000 -0.353544086 2.766177654 -1.543327689 0.158582956 0.001667843 -0.075939134 0.984419584
1403715308062142976.000000 -0.367497385 2.778854132 -1.544344783 -0.146046892 -0.002031937 0.072235204 -0.986634851
1403715308112143104.000000 -0.381071270 2.789496422 -1.542756319 0.133800104 0.002364851 -0.068350457 0.988645673
1403715308162142976.000000 -0.393754423 2.798813581 -1.542027831 0.122677863 0.002325542 -0.064948529 0.990316391
1403715308212143104.000000 -0.406102210 2.807183504 -1.540712595 0.112772644 0.003002042 -0.061891709 0.991686821
1403715308262142976.000000 -0.418385535 2.814264536 -1.538630605 0.103259780 0.002813725 -0.058316678 0.992939413
1403715308312143104.000000 -0.429650784 2.820719957 -1.537593842 -0.093616545 -0.002943026 0.055651620 -0.994047403
1403715308362142976.000000 -0.441113740 2.825378180 -1.535051107 -0.085199393 -0.003534704 0.051969539 -0.995001376
1403715308412143104.000000 -0.452710450 2.828758955 -1.531915665 -0.078294374 -0.002977745 0.047745500 -0.995781898
1403715308462142976.000000 -0.464182854 2.831014872 -1.528084755 -0.073157258 -0.002952302 0.043139923 -0.996382654
1403715308512143104.000000 -0.472358048 2.833410263 -1.517313719 0.070216566 0.003399450 -0.037849076 0.996807694
1403715308562142976.000000 -0.480443954 2.833247185 -1.512493730 0.068402030 0.003080428 -0.032673553 0.997117937
1403715308612143104.000000 -0.485704064 2.832559586 -1.507597923 0.067391276 0.002518318 -0.028252667 0.997323453
1403715308662142976.000000 -0.488066107 2.831851959 -1.502858400 0.066775687 0.002458722 -0.025331397 0.997443438
1403715308712143104.000000 -0.488418013 2.828777790 -1.499619484 -0.066457272 -0.001477326 0.022630576 -0.997531533
1403715308762142976.000000 -0.485222906 2.827598572 -1.495198727 -0.066354923 -0.001242115 0.021179372 -0.997570515
1403715308812143104.000000 -0.479493052 2.826680183 -1.490432024 -0.066400900 -0.000053525 0.020661218 -0.997579157
1403715308862142976.000000 -0.472029954 2.826111317 -1.485117555 -0.067195453 0.001428564 0.019143507 -0.997555196
1403715308912143104.000000 -0.464200646 2.825802088 -1.478757262 -0.068685457 0.002734193 0.017412629 -0.997482717
1403715308962142976.000000 -0.455607086 2.825623989 -1.471143126 -0.070547044 0.002346133 0.015942564 -0.997378349
1403715309012143104.000000 -0.442872286 2.827780247 -1.461489320 0.073659167 -0.001235737 -0.014392154 0.997178853
1403715309062142976.000000 -0.433318645 2.828417778 -1.451410294 0.077030696 0.001451886 -0.011894505 0.996956766
1403715309112143104.000000 -0.424119920 2.829718113 -1.440720797 0.080801353 0.003334713 -0.009166965 0.996682465
1403715309162142976.000000 -0.414897621 2.831552029 -1.429126024 0.084569663 0.005941589 -0.007542329 0.996371329
1403715309212143104.000000 -0.407823175 2.833630323 -1.419301391 -0.089031048 -0.010838518 0.004503930 -0.995959699
1403715309262142976.000000 -0.397333562 2.837036848 -1.406669497 0.093632504 0.018742895 -0.001414374 0.995429397
1403715309312143104.000000 -0.387465030 2.841979265 -1.394818068 0.097721212 0.026128383 -0.000293770 0.994870782
1403715309362142976.000000 -0.378472447 2.848362684 -1.382860541 0.099979468 0.029261831 -0.003432152 0.994553268
1403715309412143104.000000 -0.370008886 2.855983496 -1.371005416 0.101236947 0.029998753 -0.009302630 0.994366527
1403715309462142976.000000 -0.362707406 2.864146948 -1.359250784 0.101808377 0.029235601 -0.016002962 0.994245589
1403715309512143104.000000 -0.354309916 2.873842716 -1.348887324 0.102524899 0.028943570 -0.022049140 0.994064808
1403715309562142976.000000 -0.346049905 2.883832216 -1.339004636 0.103447355 0.028012911 -0.027070712 0.993871868
1403715309612143104.000000 -0.337543011 2.893816233 -1.329842091 0.104431964 0.027694989 -0.030704916 0.993672132
1403715309662142976.000000 -0.333962023 2.902522802 -1.320836186 0.105656937 0.028004119 -0.033641659 0.993438840
1403715309712143104.000000 -0.326661617 2.912818432 -1.312876344 0.107592888 0.026786704 -0.034421068 0.993237853
1403715309762142976.000000 -0.319540232 2.923107624 -1.305868387 0.109678574 0.025373189 -0.034364954 0.993048847
1403715309812143104.000000 -0.312600672 2.933450937 -1.299254656 0.112628520 0.023550736 -0.032631580 0.992821991
1403715309862142976.000000 -0.306033522 2.943963289 -1.293804407 -0.115743712 -0.021306366 0.028387612 -0.992644787
1403715309912143104.000000 -0.300134987 2.954655170 -1.287430167 -0.119382657 -0.018315703 0.023273047 -0.992406607
1403715309962142976.000000 -0.295050502 2.966347218 -1.280652404 -0.122426823 -0.018011887 0.018692369 -0.992138028
1403715310012143104.000000 -0.289034128 2.977773666 -1.269414306 0.125212222 0.020284316 -0.014858649 0.991811395
1403715310062142976.000000 -0.284182280 2.990926504 -1.260818958 0.126306221 0.025550120 -0.011702058 0.991593242
1403715310112143104.000000 -0.279720008 3.005947113 -1.252239227 0.125330254 0.031452492 -0.009560643 0.991570354
1403715310162142976.000000 -0.275446922 3.022410154 -1.243832827 0.122356743 0.037680451 -0.008545519 0.991733849
1403715310212143104.000000 -0.271479875 3.041563034 -1.238699913 0.117143951 0.042547934 -0.009548198 0.992157221
1403715310262142976.000000 -0.267341167 3.061742783 -1.232092619 0.109702550 0.046608280 -0.012961424 0.992786527
1403715310312143104.000000 -0.263423443 3.083280325 -1.226963401 0.100627586 0.049911551 -0.017726766 0.993513286
1403715310362142976.000000 -0.259757221 3.105439425 -1.223693013 0.091285080 0.051799633 -0.020351203 0.994268477
1403715310412143104.000000 -0.253963768 3.128000975 -1.226359010 0.081364438 0.051956926 -0.021871543 0.995088935
1403715310462142976.000000 -0.251514822 3.150542021 -1.226174235 0.071361527 0.050921910 -0.021488400 0.995918036
1403715310512143104.000000 -0.249869406 3.172826529 -1.227236390 0.062249154 0.047189951 -0.020942772 0.996724427
1403715310562142976.000000 -0.248842955 3.194698811 -1.230333090 -0.054139905 -0.041951198 0.020081462 -0.997449696
1403715310612143104.000000 -0.248622686 3.216647625 -1.233921289 0.047122803 0.035736129 -0.019388733 0.998061359
1403715310662142976.000000 -0.247465521 3.237431526 -1.238172531 0.041010071 0.029356897 -0.018639810 0.998553455
1403715310712143104.000000 -0.246665642 3.257578850 -1.242814183 0.035912339 0.024052240 -0.017642457 0.998909712
1403715310762142976.000000 -0.245790258 3.276859522 -1.247599840 0.031857062 0.019914404 -0.016598249 0.999156237
1403715310812143104.000000 -0.246418029 3.296329737 -1.252534151 0.029157501 0.017223431 -0.015032156 0.999313414
1403715310862142976.000000 -0.245313123 3.314369440 -1.257132769 0.026668847 0.016084090 -0.013487053 0.999423921
1403715310912143104.000000 -0.244107500 3.331708670 -1.261503935 0.024707038 0.015636714 -0.012087827 0.999499381
1403715310962142976.000000 -0.242721573 3.348622084 -1.265969515 0.023107521 0.014281721 -0.009770545 0.999583244
1403715311012143104.000000 -0.244016871 3.365641594 -1.268447399 0.022272171 0.012403012 -0.006070355 0.999656558
1403715311062142976.000000 -0.243719354 3.381682634 -1.271932960 0.021941209 0.009890339 -0.000993474 0.999709904
1403715311112143104.000000 -0.243301094 3.397571564 -1.274677038 0.021477748 0.007767163 0.002552616 0.999735951
1403715311162142976.000000 -0.243160874 3.413525820 -1.276386261 0.021315223 0.006326734 0.006211468 0.999733508
1403715311212143104.000000 -0.245014966 3.430088043 -1.275518298 0.021666070 0.006132873 0.010642810 0.999689877
1403715311262142976.000000 -0.244435579 3.446678162 -1.276030540 0.021308962 0.005238002 0.012948553 0.999675393
1403715311312143104.000000 -0.243456244 3.463816643 -1.275676250 0.021516738 0.004295580 0.016015541 0.999630988
1403715311362142976.000000 -0.241991475 3.481780529 -1.274421453 0.021351425 0.002754097 0.017975969 0.999606669
1403715311412143104.000000 -0.238892704 3.499922752 -1.273580074 -0.019968061 -0.001850115 -0.017100597 -0.999652743
1403715311462142976.000000 -0.234944358 3.519351721 -1.271120548 -0.017816802 -0.000988228 -0.013650585 -0.999747634
1403715311512143104.000000 -0.232900783 3.540837049 -1.263993144 0.015191251 0.000534335 0.008910687 0.999844790
1403715311562142976.000000 -0.228165135 3.561434031 -1.259725690 0.012891772 0.000906183 0.005241340 0.999902785
1403715311612143104.000000 -0.222690240 3.582326889 -1.254572272 0.011152659 0.001903278 0.002717380 0.999932349
1403715311662142976.000000 -0.217011184 3.603084326 -1.248756289 0.009427813 0.002506856 0.000675872 0.999952197
1403715311712143104.000000 -0.211085558 3.624038935 -1.241858006 0.008952647 0.003400714 0.001648237 0.999952853
1403715311762142976.000000 -0.205149695 3.644506931 -1.234685779 0.008679273 0.004171541 0.002976513 0.999949276
1403715311812143104.000000 -0.198840246 3.665069818 -1.226379156 0.008172737 0.004891307 0.004987192 0.999942303
1403715311862142976.000000 -0.192852199 3.685838461 -1.217816949 -0.008013797 -0.005907401 -0.008708262 -0.999912620
1403715311912143104.000000 -0.184159651 3.705472469 -1.205606103 0.006810181 0.007249468 0.009917831 0.999901354
1403715311962142976.000000 -0.177062884 3.726207972 -1.195403218 0.004648309 0.007489872 0.009499819 0.999916017
1403715312012143104.000000 -0.169697180 3.747058630 -1.183962822 0.001763542 0.007336600 0.007244842 0.999945283
1403715312062142976.000000 -0.162366152 3.768059969 -1.171539426 0.001204943 -0.006964789 -0.004385421 -0.999965429
1403715312112143104.000000 -0.153202206 3.788595676 -1.159104466 -0.003638833 0.007989487 0.002884798 0.999957383
1403715312162142976.000000 -0.145409063 3.809145212 -1.145967245 -0.006165375 0.008830714 0.001034522 0.999941468
1403715312212143104.000000 -0.137313977 3.829176664 -1.132387280 -0.008241817 0.009073271 0.000130379 0.999924958
1403715312262142976.000000 -0.129023388 3.849076748 -1.117986679 0.009836073 -0.009016365 -0.000431185 -0.999910891
1403715312312143104.000000 -0.119284898 3.866638422 -1.106827497 -0.010848593 0.009241356 0.002795293 0.999894559
1403715312362142976.000000 -0.111467503 3.885739326 -1.092031479 -0.011257781 0.008974114 0.005583270 0.999880791
1403715312412143104.000000 -0.103637800 3.904767275 -1.076819062 -0.011541493 0.009444638 0.008159013 0.999855578
1403715312462142976.000000 -0.095755816 3.923623323 -1.061081409 -0.011683252 0.010429895 0.010869117 0.999818265
1403715312512143104.000000 -0.086566128 3.940795660 -1.046391964 -0.011729280 0.012483194 0.012521439 0.999774873
1403715312562142976.000000 -0.079939239 3.959811211 -1.029759526 -0.012354916 0.014118340 0.011800210 0.999754429
1403715312612143104.000000 -0.073624492 3.979020119 -1.012812376 -0.013165669 0.017506372 0.009661054 0.999713480
1403715312662142976.000000 -0.067914553 3.998511314 -0.995731711 0.013964937 -0.021770189 -0.006423744 -0.999644876
1403715312712143104.000000 -0.058756046 4.013819695 -0.978738487 -0.014742187 0.026203580 0.004140219 0.999539316
1403715312762142976.000000 -0.054644749 4.032543182 -0.961487472 -0.014820742 0.029743480 0.000650310 0.999447525
1403715312812143104.000000 -0.051060081 4.050568581 -0.944404423 -0.014745161 0.032713003 -0.003943834 0.999348223
1403715312862142976.000000 -0.046912450 4.068238258 -0.927865446 0.013845492 -0.037550014 0.007891083 -0.999167740
1403715312912143104.000000 -0.040570546 4.081655025 -0.914464951 -0.012164061 0.042237751 -0.010919022 0.998973846
1403715312962142976.000000 -0.033894941 4.096821308 -0.901705146 -0.010083579 0.046358414 -0.013965068 0.998776436
1403715313012143104.000000 -0.025489694 4.110858917 -0.891846061 -0.007882243 0.049282029 -0.016413007 0.998618960
1403715313062142976.000000 -0.015531549 4.123437881 -0.884787977 0.006001819 -0.050208196 0.019128380 -0.998537600
1403715313112143104.000000 -0.000529588 4.131255150 -0.879535258 -0.004552821 0.049308345 -0.021368649 0.998544574
1403715313162142976.000000 0.011949871 4.141374111 -0.876743138 -0.002285053 0.048962757 -0.022755006 0.998538792
1403715313212143104.000000 0.024271883 4.150017738 -0.875232697 0.000704573 0.047605831 -0.021709731 0.998630047
1403715313262142976.000000 0.035353001 4.157238960 -0.874919176 -0.003831855 -0.044719253 0.019525275 -0.998801470
1403715313312143104.000000 0.044739068 4.163746834 -0.876065195 -0.006962381 -0.041326929 0.017255530 -0.998972416
1403715313362142976.000000 0.055098426 4.166373253 -0.879278183 0.009095071 0.037283707 -0.015592747 0.999141753
1403715313412143104.000000 0.063345715 4.171372414 -0.881817639 0.010670634 0.033176139 -0.014848795 0.999282241
1403715313462142976.000000 0.070940085 4.176015854 -0.884916186 0.010874792 0.029965755 -0.013214635 0.999404490
1403715313512143104.000000 0.078358434 4.180917740 -0.889911175 -0.008549989 -0.028304528 0.012777614 -0.999481082
1403715313562142976.000000 0.087906756 4.184014320 -0.891035974 0.005007509 0.026876526 -0.011812507 0.999556422
1403715313612143104.000000 0.095706515 4.187930107 -0.896230280 0.000582192 0.025125330 -0.012617947 0.999604523
1403715313662142976.000000 0.103524774 4.191148281 -0.901698828 -0.003768430 0.024481600 -0.013669095 0.999599814
1403715313712143104.000000 0.110120200 4.192796230 -0.907061160 -0.007498055 0.024196183 -0.014118418 0.999579489
1403715313762142976.000000 0.118820764 4.194528580 -0.913586795 -0.009903718 0.023363223 -0.012728151 0.999597013
1403715313812143104.000000 0.127992049 4.194978237 -0.920414388 -0.012031185 0.023304902 -0.011366191 0.999591410
1403715313862142976.000000 0.137251139 4.194294453 -0.927920401 0.014335282 -0.023108743 0.010186879 -0.999578297
1403715313912143104.000000 0.142267063 4.192720890 -0.930888951 -0.015224698 0.023442345 -0.007299087 0.999582589
1403715313962142976.000000 0.151045084 4.190399170 -0.938026428 -0.015110865 0.023779703 -0.003237782 0.999597788
1403715314012143104.000000 0.158308908 4.187738895 -0.944632053 -0.016183246 0.022574052 0.000143335 0.999614239
1403715314062142976.000000 0.161703259 4.186033726 -0.950196803 -0.019892678 0.021414194 0.001426661 0.999571800
1403715314112143104.000000 0.167397350 4.183561325 -0.956941903 -0.026988607 0.020037180 0.001107548 0.999434292
1403715314162142976.000000 0.172018990 4.181148529 -0.963445306 -0.036407515 0.018980982 0.001996739 0.999154806
1403715314212143104.000000 0.175825611 4.178183079 -0.969629586 0.047569588 -0.017294142 -0.002603258 -0.998714805
1403715314262142976.000000 0.179936469 4.174911022 -0.975756466 0.059483785 -0.016527448 -0.004020707 -0.998084366
1403715314312143104.000000 0.177108854 4.173060417 -0.977284729 -0.071424693 0.014283853 0.007016920 0.997319043
1403715314362142976.000000 0.179828525 4.168245316 -0.982413828 -0.083228417 0.012792761 0.010077642 0.996397436
1403715314412143104.000000 0.181489751 4.162117004 -0.986749470 -0.093138874 0.011953255 0.014885651 0.995470166
1403715314462142976.000000 0.182080895 4.155036926 -0.990039825 -0.102066919 0.009867582 0.018460132 0.994557261
1403715314512143104.000000 0.181825310 4.146884918 -0.992080390 -0.109230675 0.009504935 0.022531055 0.993715644
1403715314562142976.000000 0.183943570 4.137610435 -0.993715644 -0.114820726 0.007964530 0.028124977 0.992956102
1403715314612143104.000000 0.185088217 4.127579212 -0.994466841 -0.119233377 0.007660232 0.033370111 0.992275834
1403715314662142976.000000 0.187718585 4.116588116 -0.995204270 0.123070762 -0.008826816 -0.036844004 -0.991674483
1403715314712143104.000000 0.188825637 4.105020046 -0.995076358 0.126382381 -0.008964254 -0.039461259 -0.991155863
1403715314762142976.000000 0.187304586 4.092138767 -0.993012071 -0.129607916 0.009678072 0.040631402 0.990685284
1403715314812143104.000000 0.188133448 4.079658985 -0.991986632 -0.131964833 0.011678715 0.041384317 0.990321338
1403715314862142976.000000 0.188860685 4.066782951 -0.990420878 -0.134303674 0.012254896 0.040766995 0.990025520
1403715314912143104.000000 0.190626949 4.053293228 -0.989082277 -0.135726169 0.013448934 0.041050032 0.989804268
1403715314962142976.000000 0.191012099 4.039022446 -0.987436891 -0.136179730 0.014646241 0.042090598 0.989681244
1403715315012143104.000000 0.191197559 4.023949623 -0.984970510 -0.135797188 0.015891613 0.043464810 0.989655256
1403715315062142976.000000 0.194171965 4.008513927 -0.982385039 -0.135132402 0.018836714 0.045707505 0.989593506
1403715315112143104.000000 0.193504453 3.992712498 -0.978398502 -0.134605497 0.019955920 0.046503849 0.989606321
1403715315162142976.000000 0.192803577 3.976756334 -0.974311829 -0.133945033 0.019649364 0.047634516 0.989648283
1403715315212143104.000000 0.197817326 3.959748507 -0.971706688 -0.133154497 0.018718390 0.048430927 0.989734352
1403715315262142976.000000 0.197611287 3.943631887 -0.967751205 -0.133167461 0.018658962 0.048754975 0.989717782
1403715315312143104.000000 0.197861671 3.927951097 -0.964449942 -0.134904608 0.018518934 0.049465388 0.989449859
1403715315362142976.000000 0.199146003 3.911861420 -0.962202191 -0.138292849 0.018413574 0.050592173 0.988926947
1403715315412143104.000000 0.200002864 3.896263361 -0.959073603 -0.142506495 0.018526826 0.053036768 0.988198221
1403715315462142976.000000 0.200967699 3.880641460 -0.955961406 -0.147816822 0.018693978 0.056327011 0.987232506
1403715315512143104.000000 0.202680856 3.863360643 -0.956710160 -0.153680936 0.018941507 0.060045149 0.986112595
1403715315562142976.000000 0.204651445 3.847923517 -0.954164982 -0.159620017 0.019759763 0.063834816 0.984914303
1403715315612143104.000000 0.206439078 3.832508564 -0.952540457 -0.166090906 0.020319223 0.067715369 0.983572900
1403715315662142976.000000 0.208191156 3.818441391 -0.948041141 0.173270270 -0.021409865 -0.071610317 -0.982034147
1403715315712143104.000000 0.208015129 3.801032305 -0.951606274 -0.179658681 0.023484601 0.079152234 0.980258226
1403715315762142976.000000 0.209584743 3.786352158 -0.950859368 -0.186156288 0.025372626 0.087947950 0.978247046
1403715315812143104.000000 0.210336879 3.772428274 -0.950567663 -0.193274334 0.026389280 0.096651927 0.976015925
1403715315862142976.000000 0.210435644 3.757794142 -0.953386724 -0.201761231 0.026373424 0.103640392 0.973578691
1403715315912143104.000000 0.210474849 3.745973349 -0.954286993 -0.211343721 0.025604334 0.108374394 0.971047521
1403715315962142976.000000 0.209914744 3.734815836 -0.955818772 -0.221884191 0.025377709 0.111473791 0.968347549
1403715316012143104.000000 0.208259702 3.723165989 -0.958512068 -0.232749194 0.024180897 0.114498928 0.965470433
1403715316062142976.000000 0.204945713 3.713608027 -0.960890412 -0.244315520 0.023144783 0.115601376 0.962502241
1403715316112143104.000000 0.200624168 3.704873562 -0.963140011 -0.256322324 0.021255383 0.115892805 0.959383130
1403715316162142976.000000 0.198005989 3.693943501 -0.966905713 -0.268914223 0.018607693 0.116467901 0.955915332
1403715316212143104.000000 0.191080898 3.686428070 -0.968917429 -0.281327695 0.015246279 0.116773374 0.952358246
1403715316262142976.000000 0.183531314 3.679386139 -0.971047163 -0.294385016 0.009096920 0.116785772 0.948480844
1403715316312143104.000000 0.176144943 3.673093796 -0.972651243 0.307222843 -0.002055781 -0.118378378 -0.944243908
1403715316362142976.000000 0.170936167 3.662514210 -0.973822951 -0.319076329 -0.006517213 0.119572274 0.940133154
1403715316412143104.000000 0.162517935 3.655535460 -0.973340631 -0.329429358 -0.013912148 0.120762296 0.936322212
1403715316462142976.000000 0.154942527 3.648066044 -0.971305192 -0.338369757 -0.018454986 0.122110680 0.932874203
1403715316512143104.000000 0.148368105 3.640219688 -0.966699362 0.345266283 0.020169782 -0.124897987 -0.929938138
1403715316562142976.000000 0.142175823 3.632500887 -0.960597992 0.351305157 0.019104304 -0.127219915 -0.927380621
1403715316612143104.000000 0.136591181 3.624680996 -0.952590942 0.355935812 0.016053207 -0.130070582 -0.925274909
1403715316662142976.000000 0.131556422 3.616791487 -0.942944407 0.359994471 0.011437391 -0.131843120 -0.923520744
1403715316712143104.000000 0.126691326 3.608758926 -0.931771159 0.363973469 0.006719030 -0.134418622 -0.921634376
1403715316762142976.000000 0.121526465 3.600580215 -0.919498682 0.368807167 0.002539461 -0.136685461 -0.919397593
1403715316812143104.000000 0.116259530 3.592632771 -0.906172633 0.374292970 -0.000662912 -0.138860583 -0.916854501
1403715316862142976.000000 0.113924712 3.583575726 -0.891504407 -0.381063581 0.003036081 0.141584083 0.913638532
1403715316912143104.000000 0.108467400 3.575598240 -0.876797616 -0.388508141 0.006006203 0.144801810 0.909976900
1403715316962142976.000000 0.103545815 3.567524195 -0.861902416 -0.397748202 0.009160908 0.146634698 0.905654907
1403715317012143104.000000 0.099131912 3.559793472 -0.846224785 0.407594383 -0.013616219 -0.149748668 -0.900698006
1403715317062142976.000000 0.093931586 3.550896168 -0.830824912 0.417307287 -0.015843824 -0.154919356 -0.895323217
1403715317112143104.000000 0.090332210 3.543906927 -0.814548969 -0.427671820 0.015645945 0.160455480 0.889441431
1403715317162142976.000000 0.085415304 3.534252405 -0.799507618 -0.438508391 0.014307665 0.166420609 0.883068442
1403715317212143104.000000 0.080895215 3.524347067 -0.784482479 -0.449769169 0.012566437 0.172307834 0.876276135
1403715317262142976.000000 0.076680899 3.514123917 -0.770165026 0.461693287 -0.010670680 -0.176593930 -0.869218111
1403715317312143104.000000 0.073231101 3.507548094 -0.753422976 -0.473611474 0.009642434 0.181419000 0.861792564
1403715317362142976.000000 0.070024312 3.496776104 -0.738474131 -0.485269964 0.009281236 0.187465250 0.853981137
1403715317412143104.000000 0.067365587 3.485693455 -0.723506629 -0.496637315 0.010491033 0.194376364 0.845848203
1403715317462142976.000000 0.064870715 3.473904610 -0.708885193 0.507762134 -0.010820372 -0.200985491 -0.837654769
1403715317512143104.000000 0.062936187 3.462499142 -0.694005966 0.518736064 -0.011358417 -0.206781179 -0.829473078
1403715317562142976.000000 0.061387777 3.451437950 -0.679188967 0.529964685 -0.012177496 -0.211223111 -0.821202755
1403715317612143104.000000 0.060188174 3.440785646 -0.664235115 0.540696979 -0.013227352 -0.215889484 -0.812935174
1403715317662142976.000000 0.061861575 3.441066742 -0.647620797 -0.550845146 0.014964887 0.221566945 0.804520905
1403715317712143104.000000 0.061089575 3.431208611 -0.632854581 -0.560856104 0.016321806 0.226557955 0.796144247
1403715317762142976.000000 0.060277939 3.421679974 -0.618563414 -0.570042014 0.018417753 0.232809976 0.787726164
1403715317812143104.000000 0.059089065 3.411971092 -0.605129838 0.577817142 -0.022648131 -0.241565466 -0.779269278
1403715317862142976.000000 0.057872534 3.402815104 -0.592008114 0.585448623 -0.026187925 -0.250657022 -0.770542145
1403715317912143104.000000 0.056704402 3.394044876 -0.579925537 0.593552828 -0.028330300 -0.256918728 -0.762158275
1403715317962142976.000000 0.055310488 3.385721922 -0.569117308 0.601880372 -0.029162483 -0.261759132 -0.753904402
1403715318012143104.000000 0.053347349 3.377809525 -0.559378386 0.609984636 -0.029504159 -0.265952468 -0.745867014
1403715318062142976.000000 0.051107764 3.370378017 -0.550711870 0.616871655 -0.031266104 -0.269410729 -0.738857031
1403715318112143104.000000 0.048440695 3.363704443 -0.543237209 0.622283876 -0.032871999 -0.273094475 -0.732872188
1403715318162142976.000000 0.044703007 3.363702774 -0.539554834 -0.627097666 0.033087410 0.275250882 0.727936029
1403715318212143104.000000 0.040385485 3.358700752 -0.535134315 -0.631425440 0.032131605 0.276565254 0.723727286
1403715318262142976.000000 0.035600662 3.353750706 -0.531969786 -0.634933650 0.031941134 0.277739823 0.720208049
1403715318312143104.000000 0.029623389 3.349273682 -0.530237913 -0.638502717 0.030452371 0.278394133 0.716856897
1403715318362142976.000000 0.025488853 3.343060255 -0.528472662 0.642452598 -0.029065887 -0.278621793 -0.713288009
1403715318412143104.000000 0.019044757 3.338631868 -0.529502153 0.646841407 -0.025931977 -0.278113931 -0.709631205
1403715318462142976.000000 0.011814475 3.334289789 -0.531960487 0.652358830 -0.020720128 -0.276219904 -0.705479443
1403715318512143104.000000 0.003965020 3.330259323 -0.535354853 0.658059776 -0.014488885 -0.274200380 -0.701114595
1403715318562142976.000000 -0.004317284 3.326609612 -0.539265633 0.663342118 -0.008317864 -0.274288923 -0.696185112
1403715318612143104.000000 -0.013129354 3.323717594 -0.543406963 0.667928934 -0.001259303 -0.276865393 -0.690807462
1403715318662142976.000000 -0.022965074 3.321385145 -0.549947500 0.671803892 0.005424680 -0.281185985 -0.685262501
1403715318712143104.000000 -0.032110572 3.320204258 -0.553859472 0.675312817 0.012335947 -0.287635356 -0.679018676
1403715318762142976.000000 -0.041057587 3.320916653 -0.557953835 0.679314315 0.015573836 -0.293939501 -0.672227025
1403715318812143104.000000 -0.051238298 3.322725058 -0.562717438 0.684384167 0.019772956 -0.298342854 -0.664995432
1403715318862142976.000000 -0.059918761 3.327483654 -0.567581892 0.690127313 0.020754356 -0.301113933 -0.657741606
1403715318912143104.000000 -0.068195701 3.334594011 -0.572492838 0.696052253 0.020927865 -0.302071363 -0.651019454
1403715318962142976.000000 -0.075959802 3.344260693 -0.577473879 0.701888561 0.020427871 -0.301901042 -0.644818544
1403715319012143104.000000 -0.081985593 3.356095076 -0.581403017 0.708121240 0.019015906 -0.301749349 -0.638083100
1403715319062142976.000000 -0.089238763 3.369504929 -0.586502552 0.714983761 0.017878402 -0.300470501 -0.631027818
1403715319112143104.000000 -0.095918775 3.384201527 -0.591322422 0.722375751 0.016841510 -0.297763258 -0.623880327
1403715319162142976.000000 -0.102774978 3.401213169 -0.597232819 0.729875624 0.016149281 -0.294914514 -0.616478860
1403715319212143104.000000 -0.108661652 3.419122219 -0.601950884 0.737167120 0.015173676 -0.293225706 -0.608582914
1403715319262142976.000000 -0.114225745 3.438222170 -0.606001139 0.744037092 0.015110868 -0.292998403 -0.600277007
1403715319312143104.000000 -0.119142532 3.458450317 -0.609401226 0.750904441 0.015580500 -0.292576909 -0.591860235
1403715319362142976.000000 -0.123643637 3.479447365 -0.611960411 0.757777870 0.016228132 -0.292545915 -0.583032012
1403715319412143104.000000 -0.126245141 3.502624989 -0.614771128 0.764417946 0.015616552 -0.292909324 -0.574130297
1403715319462142976.000000 -0.129692793 3.524775982 -0.615401983 0.770271420 0.013135020 -0.294505090 -0.565487623
1403715319512143104.000000 -0.132967472 3.547344685 -0.615327358 0.776109636 0.010540592 -0.296586394 -0.556398571
1403715319562142976.000000 -0.136731744 3.571106911 -0.613781452 0.781814694 0.009361722 -0.298468262 -0.547352672
1403715319612143104.000000 -0.138313293 3.594971180 -0.612359524 0.786831141 0.007172017 -0.300460041 -0.539044738
1403715319662142976.000000 -0.137317657 3.619397402 -0.610747814 0.791004062 0.007350112 -0.301584214 -0.532264650
1403715319712143104.000000 -0.136582017 3.646419525 -0.612832069 0.793618083 0.005682376 -0.302411020 -0.527906895
1403715319762142976.000000 -0.129645228 3.672247648 -0.611979485 0.795383573 0.006219527 -0.303811610 -0.524428129
1403715319812143104.000000 -0.119477153 3.699348927 -0.611756325 0.796383202 0.005405524 -0.304976493 -0.522239447
1403715319862142976.000000 -0.106021404 3.726325989 -0.611882210 0.797333717 0.005109185 -0.305800647 -0.520306468
1403715319912143104.000000 -0.090469599 3.754411697 -0.612770081 0.798101187 0.004573868 -0.307515174 -0.518119693
1403715319962142976.000000 -0.073725581 3.782841444 -0.613570690 0.799307704 0.004631362 -0.308009475 -0.515961230
1403715320012143104.000000 -0.061693668 3.813927650 -0.612356663 0.801324666 0.004290113 -0.307952195 -0.512860537
1403715320062142976.000000 -0.045675516 3.844043493 -0.611990929 0.803697169 0.004328464 -0.308675408 -0.508696079
1403715320112143104.000000 -0.030159116 3.874433279 -0.611043453 0.807377696 0.004911268 -0.307931632 -0.503284574
1403715320162142976.000000 -0.015352845 3.904890537 -0.609149933 0.811583221 0.005576879 -0.308179826 -0.496313155
1403715320212143104.000000 0.000667095 3.935930967 -0.607749462 0.817039073 0.004786791 -0.307689548 -0.487597704
1403715320262142976.000000 0.013913989 3.964049578 -0.602261066 0.823959351 0.002752111 -0.305426776 -0.477281928
1403715320312143104.000000 0.028994322 3.994790792 -0.598445892 0.831282079 -0.002284616 -0.303802699 -0.465477079
1403715320362142976.000000 0.043654919 4.024955273 -0.593401909 0.838365734 -0.008538312 -0.304517329 -0.452039063
1403715320412143104.000000 0.058573723 4.054930210 -0.587707520 0.844888628 -0.014053366 -0.307555050 -0.437465101
1403715320462142976.000000 0.071580410 4.082184792 -0.580039024 0.851411223 -0.018512774 -0.311017781 -0.421929061
1403715320512143104.000000 0.085770607 4.109174252 -0.572662354 0.857167900 -0.022008689 -0.316187471 -0.405961156
1403715320562142976.000000 0.099921346 4.135428429 -0.564791679 0.862696171 -0.025900131 -0.321046591 -0.389889359
1403715320612143104.000000 0.115975976 4.160798550 -0.557123184 0.867727876 -0.030543536 -0.325895637 -0.374042153
1403715320662142976.000000 0.130225539 4.184412003 -0.548620224 0.872488678 -0.035936095 -0.330593497 -0.358022541
1403715320712143104.000000 0.144532204 4.205117702 -0.538323879 0.876638412 -0.041937277 -0.334509313 -0.343292773
1403715320762142976.000000 0.157625437 4.225841999 -0.529020786 0.879873931 -0.049554359 -0.338246286 -0.330084532
1403715320812143104.000000 0.170232534 4.244676113 -0.519407749 0.882443428 -0.056819554 -0.341221184 -0.318799734
1403715320862142976.000000 0.181726813 4.261268616 -0.509666443 0.883705139 -0.062525779 -0.345659584 -0.309314191
1403715320912143104.000000 0.192927122 4.273621082 -0.498957157 0.884245813 -0.066241115 -0.350632608 -0.301294535
1403715320962142976.000000 0.202911973 4.285571575 -0.490879059 0.884924769 -0.066742674 -0.354332507 -0.294791818
1403715321012143104.000000 0.212296128 4.295069218 -0.483858585 0.885652125 -0.064647473 -0.357277811 -0.289471477
1403715321062142976.000000 0.220147371 4.301838398 -0.477729321 0.886571705 -0.061472405 -0.358911753 -0.285296857
1403715321112143104.000000 0.228237510 4.307273388 -0.472846508 0.887503803 -0.058259644 -0.359742999 -0.282006711
1403715321162142976.000000 0.235649228 4.311043262 -0.468844891 0.888282061 -0.055249132 -0.360300392 -0.279439151
1403715321212143104.000000 0.241771221 4.312972069 -0.465902328 0.888690233 -0.051826216 -0.361264169 -0.277546436
1403715321262142976.000000 0.247441888 4.313408375 -0.463526726 0.888918102 -0.049590275 -0.362006396 -0.276255101
1403715321312143104.000000 0.252385378 4.312222481 -0.462228298 0.888731062 -0.049082279 -0.362964839 -0.275689304
1403715321362142976.000000 0.256901741 4.309275627 -0.461928844 0.888499141 -0.049112700 -0.363703758 -0.275457531
1403715321412143104.000000 0.263679266 4.307514191 -0.464542866 0.888371050 -0.049444430 -0.364190251 -0.275168568
1403715321462142976.000000 0.267019749 4.301431656 -0.466686726 0.888664544 -0.050091915 -0.363043755 -0.275618374
1403715321512143104.000000 0.269888639 4.293790340 -0.470323086 0.888495207 -0.049221385 -0.362647742 -0.276839823
1403715321562142976.000000 0.272124887 4.284536362 -0.475060940 0.887820423 -0.048418801 -0.363054395 -0.278607577
1403715321612143104.000000 0.271777749 4.276032925 -0.481457233 0.887548864 -0.045509640 -0.362373650 -0.280840427
1403715321662142976.000000 0.273202658 4.264638901 -0.489153385 0.888103902 -0.043185640 -0.360549152 -0.281799376
1403715321712143104.000000 0.274776578 4.251928329 -0.498152733 0.889919519 -0.043555841 -0.356356591 -0.281347305
1403715321762142976.000000 0.280107737 4.230953217 -0.506560326 0.891287744 -0.043636568 -0.353762746 -0.280274808
1403715321812143104.000000 0.281097770 4.215065002 -0.516916275 0.893129230 -0.048071533 -0.350736380 -0.277476907
1403715321862142976.000000 0.282431483 4.197346687 -0.528117657 0.895494759 -0.054329813 -0.346173763 -0.274410665
1403715321912143104.000000 0.283481002 4.179073334 -0.541135073 0.897794187 -0.058238268 -0.342283309 -0.270954221
1403715321962142976.000000 0.281923175 4.153361320 -0.550539970 0.899287581 -0.059818398 -0.341487795 -0.266626716
1403715322012143104.000000 0.281462073 4.128570557 -0.562432051 0.899874568 -0.058489364 -0.344182998 -0.261424869
1403715322062142976.000000 0.281040430 4.101461411 -0.574566364 0.899375856 -0.057891369 -0.349324942 -0.256405652
1403715322112143104.000000 0.281428456 4.071429253 -0.587653399 0.899223506 -0.053933360 -0.353638738 -0.251849264
1403715322162142976.000000 0.281340957 4.039972305 -0.601096392 0.899703085 -0.044568773 -0.356282830 -0.248214662
1403715322212143104.000000 0.281837940 4.005331039 -0.613012314 0.900808632 -0.034249093 -0.357031107 -0.244744152
1403715322262142976.000000 0.281022310 3.971099138 -0.627691984 0.902088881 -0.025199244 -0.357915372 -0.239785939
1403715322312143104.000000 0.279735446 3.936223269 -0.642419815 0.902925968 -0.017361730 -0.360110253 -0.233974278
1403715322362142976.000000 0.277040005 3.900489807 -0.657500744 0.903914213 -0.010836750 -0.362350911 -0.226988226
1403715322412143104.000000 0.272198081 3.866838932 -0.671553135 0.905170143 -0.004824145 -0.364619225 -0.218395531
1403715322462142976.000000 0.263513446 3.831741095 -0.684674263 0.906138659 -0.000456608 -0.367451489 -0.209504247
1403715322512143104.000000 0.252042532 3.797490120 -0.696627378 0.907008648 0.002670162 -0.369983524 -0.201098233
1403715322562142976.000000 0.237434387 3.764033079 -0.707071304 0.907298982 0.004148307 -0.373084515 -0.193905786
1403715322612143104.000000 0.223194957 3.733761311 -0.719367743 0.907626033 0.006338040 -0.375253975 -0.188040972
1403715322662142976.000000 0.206195474 3.703030825 -0.730598211 0.907712698 0.007557534 -0.377306521 -0.183413431
1403715322712143104.000000 0.188742876 3.673639774 -0.742806911 0.908141792 0.008266648 -0.378005683 -0.179783165
1403715322762142976.000000 0.171106219 3.645898342 -0.756409407 0.908950090 0.008579551 -0.377389461 -0.176955864
1403715322812143104.000000 0.153709650 3.622025728 -0.773404360 0.909302533 0.009481157 -0.377461016 -0.174935013
1403715322862142976.000000 0.137668252 3.596913815 -0.790212154 0.909427226 0.010837008 -0.377686441 -0.173717573
1403715322912143104.000000 0.124204159 3.573216438 -0.808989286 0.910166264 0.012746491 -0.376225680 -0.172884986
1403715322962142976.000000 0.113461971 3.550870180 -0.829069376 0.910832167 0.013964913 -0.374902964 -0.172155440
1403715323012143104.000000 0.104896426 3.530455828 -0.851194620 0.911251128 0.015120475 -0.373875976 -0.172074392
1403715323062142976.000000 0.097638965 3.515904903 -0.878106594 0.911345482 0.015580039 -0.373542905 -0.172257021
1403715323112143104.000000 0.092145443 3.499158621 -0.903582096 0.911515892 0.016531393 -0.372994125 -0.172455728
1403715323162142976.000000 0.084960461 3.484455109 -0.929469585 0.911481023 0.017790480 -0.372773945 -0.172989681
1403715323212143104.000000 0.074990630 3.470520973 -0.954527617 0.911693037 0.019779813 -0.371844202 -0.173656315
1403715323262142976.000000 0.062254429 3.458462477 -0.979176044 0.912203848 0.021067891 -0.370295793 -0.174130008
1403715323312143104.000000 0.046683431 3.448190212 -1.003327370 0.912308276 0.021899013 -0.369716883 -0.174709693
1403715323362142976.000000 0.029924631 3.439689398 -1.027674913 0.912509203 0.020979891 -0.369127423 -0.175019532
1403715323412143104.000000 0.010166764 3.436813831 -1.054812431 0.912613809 0.021042274 -0.368917197 -0.174909621
1403715323462142976.000000 -0.003456593 3.432687759 -1.082205296 0.912305772 0.020892318 -0.369678706 -0.174926773
1403715323512143104.000000 -0.014927626 3.430668354 -1.111575365 0.912275314 0.020900998 -0.369791895 -0.174845383
1403715323562142976.000000 -0.023007512 3.430492640 -1.141356468 0.912079096 0.020858152 -0.370432079 -0.174518675
1403715323612143104.000000 -0.027565002 3.432048798 -1.173860073 0.914528430 0.018648915 -0.364531904 -0.174374998
1403715323662142976.000000 -0.038028359 3.436576843 -1.207816839 0.918417573 0.015071108 -0.354891896 -0.174166381
1403715323712143104.000000 -0.040472150 3.440795660 -1.241322041 0.922495723 0.012566517 -0.344550580 -0.173575982
1403715323762142976.000000 -0.042603016 3.446042299 -1.273718596 0.926805079 0.010094663 -0.333045870 -0.173236743
1403715323812143104.000000 -0.043704987 3.451402426 -1.304539204 0.930389583 0.007434045 -0.323038191 -0.173107669
1403715323862142976.000000 -0.050005198 3.459497452 -1.334280968 0.933417559 0.005083802 -0.314383507 -0.172826260
1403715323912143104.000000 -0.051068544 3.466906071 -1.360477686 0.936317682 0.003331778 -0.305633098 -0.172877267
1403715323962142976.000000 -0.051182628 3.475293159 -1.383689404 0.939719081 0.000391151 -0.294748962 -0.173352152
1403715324012143104.000000 -0.047501922 3.482473373 -1.403847218 0.942270458 -0.002893795 -0.286317706 -0.173609316
1403715324062142976.000000 -0.049589157 3.485469341 -1.423262835 0.942909122 -0.005737402 -0.283619553 -0.174497858
1403715324112143104.000000 -0.047328591 3.493074894 -1.435445070 0.941849709 -0.008139566 -0.286646426 -0.175176352
1403715324162142976.000000 -0.044702053 3.500505447 -1.444392443 0.939873695 -0.010095561 -0.292615533 -0.175817147
1403715324212143104.000000 -0.041508317 3.507867336 -1.449319124 0.937921345 -0.012731343 -0.298401892 -0.176345885
1403715324262142976.000000 -0.036892176 3.515059948 -1.452547312 0.936020315 -0.016217958 -0.303800195 -0.176941812
1403715324312143104.000000 -0.031910539 3.521728516 -1.453764677 0.934058011 -0.021240398 -0.309036821 -0.177710190
1403715324362142976.000000 -0.026350021 3.527642727 -1.454917192 0.931494355 -0.028516151 -0.315907478 -0.178066403
1403715324412143104.000000 -0.020550847 3.532520294 -1.453045607 0.927506030 -0.033953473 -0.326496720 -0.178828612
1403715324462142976.000000 -0.014345407 3.536006451 -1.449848652 0.922941387 -0.037138917 -0.338613957 -0.179277614
1403715324512143104.000000 -0.007932901 3.538141966 -1.446609497 0.919024587 -0.038859542 -0.348830074 -0.179447338
1403715324562142976.000000 0.012315869 3.535852909 -1.442204475 0.915712357 -0.038800877 -0.357361913 -0.179605037
1403715324612143104.000000 0.020547509 3.535511494 -1.440589666 0.913866520 -0.037985634 -0.362278223 -0.179331303
1403715324662142976.000000 0.029050708 3.533916235 -1.439698696 0.913108230 -0.035888191 -0.364505112 -0.179113269
1403715324712143104.000000 0.038005948 3.530848980 -1.439103842 0.913100660 -0.033731431 -0.364856213 -0.178855866
1403715324762142976.000000 0.037228584 3.528735638 -1.439341068 0.913621485 -0.030308824 -0.363901466 -0.178753808
1403715324812143104.000000 0.048170090 3.523004055 -1.438133717 0.914987147 -0.023774602 -0.360793442 -0.179056913
1403715324862142976.000000 0.055006027 3.518017530 -1.438242435 0.916600943 -0.016211759 -0.356934220 -0.179382116
1403715324912143104.000000 0.061818123 3.513186932 -1.438543797 0.918639600 -0.010191934 -0.351601660 -0.179927304
1403715324962142976.000000 0.067589641 3.508740425 -1.438816071 0.920646071 -0.007487284 -0.346065462 -0.180536911
1403715325012143104.000000 0.073284507 3.504375458 -1.438324213 0.922436774 -0.006293783 -0.340869129 -0.181325898
1403715325062142976.000000 0.080901980 3.501316071 -1.440025568 0.923384130 -0.006114353 -0.338098705 -0.181696460
1403715325112143104.000000 0.086451650 3.497292042 -1.437966347 0.924571991 -0.007799387 -0.334317297 -0.182586402
1403715325162142976.000000 0.091578126 3.493328094 -1.434729576 0.925108612 -0.008417534 -0.332343400 -0.183442444
1403715325212143104.000000 0.096729755 3.489536285 -1.430335999 0.925540924 -0.009178166 -0.330659240 -0.184266925
1403715325262142976.000000 0.099399447 3.488291740 -1.424982309 0.925313652 -0.010460027 -0.330838442 -0.185016885
1403715325312143104.000000 0.104304194 3.484721184 -1.417923450 0.924571633 -0.011495595 -0.332381546 -0.185897037
1403715325362142976.000000 0.109470963 3.480421543 -1.409951210 0.923268735 -0.011982017 -0.335604131 -0.186550841
1403715325412143104.000000 0.114387393 3.475823402 -1.401244164 0.921370029 -0.013834995 -0.340268195 -0.187359318
1403715325462142976.000000 0.118917823 3.470988274 -1.391695738 0.919127524 -0.015470127 -0.345956057 -0.187829137
1403715325512143104.000000 0.122088671 3.465881586 -1.383024454 0.917071581 -0.017189914 -0.351103336 -0.188177496
1403715325562142976.000000 0.121417880 3.460041523 -1.373929262 0.915561199 -0.020577954 -0.354691416 -0.188463271
1403715325612143104.000000 0.125420094 3.454511881 -1.365781307 0.914448619 -0.027016936 -0.357257009 -0.188205555
1403715325662142976.000000 0.128371835 3.447940826 -1.357753038 0.913450062 -0.033547003 -0.359428823 -0.187868461
1403715325712143104.000000 0.131239533 3.440360069 -1.350461245 0.912462354 -0.038195990 -0.361651868 -0.187514052
1403715325762142976.000000 0.137805581 3.432920456 -1.344531775 0.911387086 -0.041076802 -0.364368469 -0.186874300
1403715325812143104.000000 0.140261173 3.422409534 -1.338822365 0.910515428 -0.041073680 -0.366777182 -0.186411664
1403715325862142976.000000 0.141856551 3.410976171 -1.333624601 0.909984946 -0.040008213 -0.368411422 -0.186010286
1403715325912143104.000000 0.143067598 3.398313046 -1.329077721 0.909608662 -0.038449999 -0.369762808 -0.185497224
1403715325962142976.000000 0.143245220 3.384742260 -1.325287104 0.909246266 -0.036158122 -0.371060550 -0.185143247
1403715326012143104.000000 0.142640829 3.370136738 -1.322695494 0.909589946 -0.033055928 -0.370878398 -0.184398055
1403715326062142976.000000 0.139768481 3.357372046 -1.322145224 0.910699308 -0.029050540 -0.368897021 -0.183569968
1403715326112143104.000000 0.137529373 3.341521263 -1.321500778 0.911846578 -0.023199966 -0.366941452 -0.182624385
1403715326162142976.000000 0.134538174 3.325291872 -1.321353912 0.913222969 -0.017239656 -0.364298552 -0.181695238
1403715326212143104.000000 0.130557418 3.308729649 -1.321634054 0.914387763 -0.012308238 -0.362030804 -0.180768296
1403715326262142976.000000 0.125044942 3.290143967 -1.321137905 0.915913999 -0.007897994 -0.358676493 -0.179973483
1403715326312143104.000000 0.120313168 3.274100304 -1.321389914 0.917771757 -0.005789500 -0.354328096 -0.179201633
1403715326362142976.000000 0.115652561 3.258489370 -1.321879625 0.920428097 -0.004572163 -0.347874850 -0.178253695
1403715326412143104.000000 0.112252831 3.246109247 -1.324658394 0.923198342 -0.004748747 -0.341085911 -0.177039072
1403715326462142976.000000 0.108022571 3.231703758 -1.325347662 0.925335169 -0.005828466 -0.335756004 -0.176036432
1403715326512143104.000000 0.104347229 3.217432737 -1.325143576 0.927435100 -0.006453039 -0.330368072 -0.175155401
1403715326562142976.000000 0.100378275 3.202988625 -1.322878838 0.928966463 -0.006842949 -0.326540828 -0.174200088
1403715326612143104.000000 0.095207572 3.188428402 -1.318888664 0.930253506 -0.006108237 -0.323268145 -0.173461661
1403715326662142976.000000 0.092639685 3.173994064 -1.313559771 0.930860281 -0.006372592 -0.322142392 -0.172287256
1403715326712143104.000000 0.090130329 3.159329414 -1.307128906 0.930917084 -0.006234218 -0.322636455 -0.171056494
1403715326762142976.000000 0.088429928 3.145339966 -1.298665285 0.929812849 -0.007727715 -0.326312751 -0.170024782
1403715326812143104.000000 0.085894823 3.130645752 -1.289421797 0.927961946 -0.010054002 -0.332064778 -0.168874517
1403715326862142976.000000 0.080026507 3.112043858 -1.281483173 0.926014662 -0.012949666 -0.337688088 -0.168214217
1403715326912143104.000000 0.077873468 3.097035885 -1.270278215 0.923926950 -0.014112732 -0.343801409 -0.167213768
1403715326962142976.000000 0.076308489 3.081707239 -1.258519173 0.922479510 -0.016562125 -0.348204285 -0.165864900
1403715327012143104.000000 0.074990034 3.066100121 -1.247053862 0.921209753 -0.020066284 -0.351907730 -0.164714709
1403715327062142976.000000 0.076227307 3.049753189 -1.235364437 0.920268893 -0.023597464 -0.354538143 -0.163863242
1403715327112143104.000000 0.075329304 3.032929420 -1.224280834 0.919292450 -0.026405640 -0.357313961 -0.162882984
1403715327162142976.000000 0.074322343 3.015267849 -1.213801622 0.918238699 -0.028187878 -0.360166430 -0.162244529
1403715327212143104.000000 0.072872639 2.996780396 -1.204017401 0.917189002 -0.030099461 -0.362980723 -0.161565363
1403715327262142976.000000 0.073534131 2.976465225 -1.194492102 0.916173100 -0.031500991 -0.365756840 -0.160800055
1403715327312143104.000000 0.072645783 2.956122160 -1.186648130 0.915478230 -0.033464298 -0.367692143 -0.159944758
1403715327362142976.000000 0.071412563 2.934781075 -1.180061340 0.914799213 -0.035084739 -0.369616747 -0.159044281
1403715327412143104.000000 0.069648266 2.912219048 -1.174391985 0.914318204 -0.036839962 -0.371096790 -0.157962814
1403715327462142976.000000 0.069050908 2.889086246 -1.169320583 0.913823426 -0.036471859 -0.372211248 -0.158289105
1403715327512143104.000000 0.066592336 2.864547253 -1.166035414 0.913446307 -0.036822613 -0.372516900 -0.159659341
1403715327562142976.000000 0.063907146 2.838746548 -1.164134264 0.913249969 -0.033614125 -0.372055709 -0.162539899
1403715327612143104.000000 0.060796738 2.812273502 -1.163594007 0.913039148 -0.029067958 -0.371170282 -0.166575059
1403715327662142976.000000 0.056210756 2.785298347 -1.163649082 0.912440240 -0.024993347 -0.370477080 -0.171973631
1403715327712143104.000000 0.054199100 2.757869005 -1.163144350 0.911642611 -0.020672901 -0.369496375 -0.178753659
1403715327762142976.000000 0.049740791 2.731032372 -1.165094614 0.910438001 -0.018271256 -0.368519992 -0.186981022
1403715327812143104.000000 0.044556022 2.704251766 -1.167461634 0.908701539 -0.015763259 -0.368108362 -0.196238130
1403715327862142976.000000 0.038847923 2.677721977 -1.170312643 0.906710505 -0.014441137 -0.367399454 -0.206604064
1403715327912143104.000000 0.033146143 2.651163101 -1.173451185 0.904997885 -0.012949597 -0.365411758 -0.217452243
1403715327962142976.000000 0.026431203 2.625563860 -1.177990913 0.903493762 -0.011198673 -0.362547904 -0.228325844
1403715328012143104.000000 0.019738317 2.599932432 -1.183112621 0.902588725 -0.008936028 -0.358863950 -0.237635225
1403715328062142976.000000 0.012956142 2.574354649 -1.188639402 0.901881397 -0.007764593 -0.355594724 -0.245157108
1403715328112143104.000000 0.005719066 2.549656391 -1.194955111 0.902033925 -0.006524783 -0.351132900 -0.250993848
1403715328162142976.000000 0.000658631 2.523437738 -1.200515747 0.902610481 -0.005167914 -0.346508801 -0.255341649
1403715328212143104.000000 -0.004400015 2.499136925 -1.207375288 0.903840542 -0.003491162 -0.341160595 -0.258204579
1403715328262142976.000000 -0.008841872 2.475051403 -1.213496208 0.905217469 -0.002666498 -0.336224347 -0.259860307
1403715328312143104.000000 -0.012700438 2.450860739 -1.218705893 0.906745970 -0.001241549 -0.331829458 -0.260191143
1403715328362142976.000000 -0.016404867 2.428126574 -1.223799467 0.908144474 0.000296774 -0.328761995 -0.259208709
1403715328412143104.000000 -0.019672751 2.404077530 -1.226288080 0.909508288 0.001550612 -0.326213419 -0.257637680
1403715328462142976.000000 -0.021793962 2.381288528 -1.228039265 0.910449803 0.002894824 -0.325231940 -0.255532831
1403715328512143104.000000 -0.023509264 2.359184980 -1.228353739 0.911008894 0.003633177 -0.325444579 -0.253249884
1403715328562142976.000000 -0.025128484 2.337642670 -1.226893902 0.910490334 0.004670751 -0.328518212 -0.251120150
1403715328612143104.000000 -0.026630163 2.317458391 -1.224439621 0.908976912 0.006416785 -0.333020300 -0.250633955
1403715328662142976.000000 -0.028154969 2.300012350 -1.223146439 0.906865001 0.008261668 -0.337992162 -0.251573205
1403715328712143104.000000 -0.028378010 2.282080412 -1.218522549 0.904959977 0.008613932 -0.341095269 -0.254219085
1403715328762142976.000000 -0.028548121 2.265808821 -1.212820530 0.902032554 0.007592035 -0.345169932 -0.259108990
1403715328812143104.000000 -0.028294444 2.251117706 -1.206521988 0.899131000 0.006202458 -0.347133934 -0.266501427
1403715328862142976.000000 -0.027758241 2.238188267 -1.200097561 0.896179438 0.003898832 -0.347368777 -0.276011288
1403715328912143104.000000 -0.028114557 2.225436687 -1.193281412 0.892732620 0.001738711 -0.346814036 -0.287655294
1403715328962142976.000000 -0.027243137 2.215061665 -1.185884237 0.888788283 0.000083224 -0.345310450 -0.301357180
1403715329012143104.000000 -0.026304245 2.205822468 -1.178254604 0.884288132 -0.001832834 -0.343114525 -0.316707462
1403715329062142976.000000 -0.025653124 2.197161913 -1.169938087 0.878922701 -0.003420829 -0.341529757 -0.332927555
1403715329112143104.000000 -0.026786566 2.191367388 -1.162973404 0.872895300 -0.006289158 -0.339866787 -0.350007027
1403715329162142976.000000 -0.026293278 2.184357166 -1.154279232 0.866223037 -0.008007803 -0.338572502 -0.367372185
1403715329212143104.000000 -0.026633024 2.177472115 -1.145610094 0.859407067 -0.008673686 -0.337447613 -0.384022743
1403715329262142976.000000 -0.027990580 2.170752287 -1.137129068 0.852542102 -0.008681726 -0.336814463 -0.399565697
1403715329312143104.000000 -0.029196024 2.164211512 -1.128828287 0.846566439 -0.009235187 -0.335934758 -0.412780643
1403715329362142976.000000 -0.029553771 2.161251545 -1.123115778 0.841354072 -0.009894996 -0.335453689 -0.423670053
1403715329412143104.000000 -0.032734871 2.154682159 -1.114396334 0.837178528 -0.010989634 -0.334336072 -0.432701826
1403715329462142976.000000 -0.037234664 2.148240566 -1.105487347 0.833384812 -0.011216879 -0.334374458 -0.439929217
1403715329512143104.000000 -0.041590214 2.142254829 -1.097060680 0.830691755 -0.010916936 -0.333635837 -0.445554972
1403715329562142976.000000 -0.047261238 2.135135412 -1.088093519 0.827993214 -0.011309573 -0.334403604 -0.449970782
1403715329612143104.000000 -0.051828027 2.129202366 -1.080034018 0.826250434 -0.010244580 -0.334367394 -0.453215033
1403715329662142976.000000 -0.055875540 2.123901606 -1.073064089 0.825540662 -0.010359962 -0.333426297 -0.455194861
1403715329712143104.000000 -0.054188728 2.124943495 -1.073964119 0.825473547 -0.010337924 -0.332149833 -0.456248909
1403715329762142976.000000 -0.058811188 2.121922970 -1.067955971 0.825907052 -0.011583887 -0.330442399 -0.456674159
1403715329812143104.000000 -0.064359426 2.119588852 -1.062209368 0.826333821 -0.012604879 -0.329141289 -0.456814647
1403715329862142976.000000 -0.070588589 2.117532492 -1.056337118 0.826611817 -0.013570545 -0.328794837 -0.456533343
1403715329912143104.000000 -0.081040263 2.110752344 -1.044476509 0.827281535 -0.014340064 -0.327927738 -0.455920070
1403715329962142976.000000 -0.087608218 2.109736919 -1.039190054 0.827659249 -0.015349125 -0.327444196 -0.455548942
1403715330012143104.000000 -0.095700383 2.108246565 -1.032481432 0.827228606 -0.016808890 -0.327188849 -0.456462324
1403715330062142976.000000 -0.104280114 2.107158661 -1.025580406 0.826403677 -0.018502912 -0.326539099 -0.458352417
1403715330112143104.000000 -0.113942027 2.105919361 -1.018570662 0.825232387 -0.018599154 -0.326799154 -0.460269392
1403715330162142976.000000 -0.118633509 2.101572037 -1.016648293 0.823843181 -0.016007861 -0.327261209 -0.462521762
1403715330212143104.000000 -0.128340483 2.100447178 -1.010801554 0.822944701 -0.013305701 -0.327487022 -0.464044571
1403715330262142976.000000 -0.137882352 2.099847555 -1.005349874 0.821931839 -0.010432436 -0.328761131 -0.465011299
1403715330312143104.000000 -0.146839857 2.099584341 -1.000255346 0.821391344 -0.007842639 -0.329365999 -0.465588748
1403715330362142976.000000 -0.155616522 2.101489067 -0.995622873 0.820980728 -0.006228799 -0.330190510 -0.465753198
1403715330412143104.000000 -0.162152648 2.099724531 -0.993186235 0.820705831 -0.006510392 -0.330407381 -0.466080070
1403715330462142976.000000 -0.168091178 2.100842476 -0.989988089 0.820978463 -0.008216061 -0.329559833 -0.466173023
1403715330512143104.000000 -0.171792746 2.101967573 -0.987921476 0.820887268 -0.010303232 -0.329767138 -0.466145575
1403715330562142976.000000 -0.172713399 2.103486300 -0.987353325 0.821035266 -0.010219482 -0.329189807 -0.466294706
1403715330612143104.000000 -0.170727134 2.106493711 -0.988478899 0.821677506 -0.012835926 -0.327651292 -0.466182381
1403715330662142976.000000 -0.165337682 2.108493567 -0.990811825 0.822781503 -0.017528377 -0.325138390 -0.465841562
1403715330712143104.000000 -0.157609701 2.109803915 -0.993835449 0.823253691 -0.022870071 -0.323763669 -0.465733200
1403715330762142976.000000 -0.150492549 2.111772776 -0.994986296 0.822327018 -0.029334623 -0.324136227 -0.466747820
1403715330812143104.000000 -0.140934587 2.112332821 -0.998264551 0.819928229 -0.035340272 -0.325103968 -0.469868392
1403715330862142976.000000 -0.131208181 2.112362385 -1.001615524 0.816665232 -0.037728131 -0.325622618 -0.474978328
1403715330912143104.000000 -0.122009873 2.114904881 -1.008224010 0.811982036 -0.040276296 -0.326473683 -0.482159764
1403715330962142976.000000 -0.113397837 2.114409447 -1.012292624 0.806843817 -0.042607501 -0.326012731 -0.490819246
1403715331012143104.000000 -0.104888678 2.113041878 -1.016554356 0.800769925 -0.044381499 -0.325548112 -0.500815630
1403715331062142976.000000 -0.096295834 2.110595942 -1.021769524 0.793707311 -0.046340290 -0.325589716 -0.511735022
1403715331112143104.000000 -0.088384867 2.106782913 -1.027160168 0.786553800 -0.046789169 -0.324742079 -0.523150623
1403715331162142976.000000 -0.078808784 2.102328062 -1.035362244 0.779371500 -0.043230928 -0.323398709 -0.534906149
1403715331212143104.000000 -0.068600774 2.097253561 -1.045717597 0.773153543 -0.039919246 -0.321004421 -0.545523763
1403715331262142976.000000 -0.062945127 2.092525721 -1.053664684 0.768122792 -0.035689380 -0.317611754 -0.554830134
1403715331312143104.000000 -0.051386237 2.086286545 -1.067610621 0.764176726 -0.029801069 -0.313981146 -0.562638164
1403715331362142976.000000 -0.038586140 2.079964399 -1.082950234 0.761310458 -0.023762610 -0.309670478 -0.569162548
1403715331412143104.000000 -0.025722146 2.074310064 -1.099169612 0.758861780 -0.019728806 -0.306528687 -0.574264646
1403715331462142976.000000 -0.009773493 2.066187143 -1.118866920 0.756872177 -0.018629016 -0.304201394 -0.578151345
1403715331512143104.000000 0.004084587 2.059925795 -1.136563420 0.754952788 -0.016909393 -0.302796483 -0.581441879
1403715331562142976.000000 0.017764688 2.053955555 -1.154619455 0.753459752 -0.016806224 -0.301371545 -0.584115744
1403715331612143104.000000 0.030312657 2.047990561 -1.172429204 0.751795828 -0.017204901 -0.301741183 -0.586054027
1403715331662142976.000000 0.042622328 2.042151213 -1.190708399 0.751443148 -0.016884148 -0.300125301 -0.587343991
1403715331712143104.000000 0.054258943 2.036439180 -1.208984971 0.752283990 -0.014678722 -0.297012568 -0.587908924
1403715331762142976.000000 0.056133032 2.025636196 -1.213987350 0.753899992 -0.012207890 -0.293908298 -0.587455332
1403715331812143104.000000 0.065492034 2.019652128 -1.230614662 0.754958093 -0.010782109 -0.292338848 -0.586907208
1403715331862142976.000000 0.074077368 2.013659716 -1.246853113 0.755824149 -0.011136381 -0.291860759 -0.586023211
1403715331912143104.000000 0.081911087 2.008376122 -1.262581348 0.756740093 -0.010816770 -0.292105645 -0.584723711
1403715331962142976.000000 0.091558814 2.005035400 -1.282476068 0.756177962 -0.011075675 -0.295875758 -0.583549261
1403715332012143104.000000 0.094599128 1.999763012 -1.295771241 0.755864918 -0.012970924 -0.299711764 -0.581956089
1403715332062142976.000000 0.095066190 1.994934797 -1.308397293 0.756187499 -0.012506951 -0.303196490 -0.579737902
1403715332112143104.000000 0.092739820 1.990453959 -1.319731474 0.756762505 -0.011695043 -0.306200117 -0.577421188
1403715332162142976.000000 0.088451147 1.986246824 -1.330542445 0.756596684 -0.013784071 -0.311306417 -0.574856400
1403715332212143104.000000 0.083831429 1.983215332 -1.341463566 0.755812347 -0.018634442 -0.316393822 -0.572970748
1403715332262142976.000000 0.076082468 1.978978395 -1.347052813 0.755710065 -0.025576266 -0.318305492 -0.571777821
1403715332312143104.000000 0.072469354 1.977145314 -1.359151125 0.754804313 -0.030769601 -0.319829017 -0.571868002
1403715332362142976.000000 0.068694830 1.974923372 -1.372024417 0.752863705 -0.033061441 -0.321693480 -0.573250771
1403715332412143104.000000 0.064749599 1.973043680 -1.385962605 0.750896394 -0.032756034 -0.322435826 -0.575427532
1403715332462142976.000000 0.062423587 1.972508192 -1.401912928 0.749168396 -0.030302841 -0.323123574 -0.577425063
1403715332512143104.000000 0.058230758 1.971976042 -1.418503761 0.746875525 -0.028354105 -0.324796528 -0.579551876
1403715332562142976.000000 0.053180575 1.972274542 -1.436071992 0.745510399 -0.025444834 -0.325154364 -0.581241429
1403715332612143104.000000 0.048054934 1.973473072 -1.455033779 0.744947493 -0.025154635 -0.324044853 -0.582593799
1403715332662142976.000000 0.042953849 1.975693822 -1.475518465 0.744763613 -0.025835970 -0.322130978 -0.583859086
1403715332712143104.000000 0.037750721 1.978047013 -1.497485161 0.744717360 -0.026204629 -0.319503069 -0.585343659
1403715332762142976.000000 0.032192826 1.981780291 -1.523070693 0.744017720 -0.025304917 -0.317692250 -0.587255478
1403715332812143104.000000 0.026374578 1.985943317 -1.547066569 0.743343771 -0.023538906 -0.315059930 -0.589595854
1403715332862142976.000000 0.019960403 1.991384268 -1.571848750 0.742150366 -0.021350179 -0.312453926 -0.592561901
1403715332912143104.000000 0.014173508 1.997511387 -1.597306013 0.742205024 -0.023970932 -0.305140316 -0.596193433
1403715332962142976.000000 0.008937716 2.003995895 -1.622182608 0.742948532 -0.029197700 -0.294491440 -0.600374818
1403715333012143104.000000 0.004590988 2.010599136 -1.650259972 0.742943585 -0.035177846 -0.283685386 -0.605243742
1403715333062142976.000000 -0.000890851 2.016342640 -1.676521778 0.742410362 -0.040574718 -0.274621606 -0.609724104
1403715333112143104.000000 -0.007357478 2.020471573 -1.702434897 0.741782188 -0.044141501 -0.267577797 -0.613361955
1403715333162142976.000000 -0.014564991 2.023279190 -1.727848649 0.741048038 -0.045740657 -0.262331158 -0.616391122
1403715333212143104.000000 -0.027992606 2.025553942 -1.755731344 0.740161896 -0.046467565 -0.258777797 -0.618898451
1403715333262142976.000000 -0.037948847 2.024725437 -1.779289007 0.738766968 -0.045111123 -0.258596063 -0.620738685
1403715333312143104.000000 -0.048707485 2.022286415 -1.802114010 0.737050653 -0.042886432 -0.260271013 -0.622234881
1403715333362142976.000000 -0.059986770 2.018666506 -1.824161291 0.735777974 -0.039598599 -0.262149721 -0.623169661
1403715333412143104.000000 -0.071895719 2.013706207 -1.845127225 0.734379768 -0.036320191 -0.264839888 -0.623880625
1403715333462142976.000000 -0.083688080 2.007118702 -1.865454912 0.733377039 -0.034106664 -0.267012566 -0.624258876
1403715333512143104.000000 -0.095031679 1.999296188 -1.885525465 0.733083427 -0.033777077 -0.267837524 -0.624268293
1403715333562142976.000000 -0.101747036 1.989547849 -1.902218819 0.732996225 -0.034464028 -0.268562138 -0.624021709
1403715333612143104.000000 -0.117343426 1.981535792 -1.924694777 0.733418882 -0.035517007 -0.266810626 -0.624217510
1403715333662142976.000000 -0.129525423 1.971405029 -1.943317890 0.732530296 -0.034217659 -0.268935502 -0.624421537
1403715333712143104.000000 -0.142792106 1.963036299 -1.963833094 0.730676949 -0.031217750 -0.273039281 -0.624969006
1403715333762142976.000000 -0.155878186 1.951055050 -1.981916904 0.728402555 -0.026874881 -0.279091179 -0.625152469
1403715333812143104.000000 -0.168570220 1.938453555 -1.999586344 0.725698054 -0.023038995 -0.284562409 -0.625983894
1403715333862142976.000000 -0.180479586 1.926107526 -2.017360687 0.722330391 -0.020111661 -0.288441598 -0.628200412
1403715333912143104.000000 -0.191780448 1.912484527 -2.035209656 0.718728721 -0.018275978 -0.290853679 -0.631267905
1403715333962142976.000000 -0.201802254 1.900907397 -2.053846598 0.715393603 -0.016606428 -0.290638089 -0.635189533
1403715334012143104.000000 -0.211914241 1.892858744 -2.070484877 0.711430788 -0.016949385 -0.290096045 -0.639862001
1403715334062142976.000000 -0.220489502 1.883397937 -2.089584112 0.706963003 -0.017376898 -0.289930731 -0.644857824
1403715334112143104.000000 -0.228437781 1.874499440 -2.109301090 0.702936172 -0.017849656 -0.289472073 -0.649436772
1403715334162142976.000000 -0.235998154 1.866191864 -2.129606247 0.699095666 -0.017313633 -0.288980365 -0.653801084
1403715334212143104.000000 -0.243313968 1.858044386 -2.151361704 0.695588052 -0.017297482 -0.289159387 -0.657453418
1403715334262142976.000000 -0.250681400 1.850859642 -2.172875881 0.692624748 -0.016882209 -0.289420068 -0.660471082
1403715334312143104.000000 -0.258105636 1.844311476 -2.194958925 0.690545917 -0.017004099 -0.288639933 -0.662981391
1403715334362142976.000000 -0.265881002 1.838333368 -2.217307091 0.688757777 -0.016547738 -0.288153261 -0.665061414
1403715334412143104.000000 -0.273918450 1.833315611 -2.240030289 0.687661946 -0.016389769 -0.287301302 -0.666566193
1403715334462142976.000000 -0.282211721 1.828988075 -2.262819290 0.686616778 -0.016616175 -0.286794662 -0.667854965
1403715334512143104.000000 -0.293397427 1.827163935 -2.282311916 0.686336517 -0.016944721 -0.285807997 -0.668557405
1403715334562142976.000000 -0.301879883 1.823863029 -2.305648804 0.686272502 -0.017350269 -0.284060925 -0.669356763
1403715334612143104.000000 -0.310761273 1.821202278 -2.328943968 0.686042368 -0.016280012 -0.282494962 -0.670281589
1403715334662142976.000000 -0.319854259 1.818862677 -2.352293730 0.686225891 -0.014427480 -0.280800879 -0.670847774
1403715334712143104.000000 -0.329029143 1.817118883 -2.375531673 0.686510026 -0.014123356 -0.279540211 -0.671090126
1403715334762142976.000000 -0.337371349 1.814966440 -2.400855303 0.686810255 -0.013683274 -0.278387457 -0.671271086
1403715334812143104.000000 -0.346748352 1.814122438 -2.424082994 0.687201202 -0.012758331 -0.277748793 -0.671153843
1403715334862142976.000000 -0.356334150 1.813798904 -2.447157621 0.687797666 -0.012202590 -0.276744604 -0.670967937
1403715334912143104.000000 -0.366002023 1.814117908 -2.470102787 0.688225925 -0.011802168 -0.276212752 -0.670755148
1403715334962142976.000000 -0.376843572 1.815332890 -2.493354559 0.688590586 -0.010727006 -0.276117802 -0.670437872
1403715335012143104.000000 -0.386879653 1.816414833 -2.515635729 0.688739955 -0.010673924 -0.275700182 -0.670457184
1403715335062142976.000000 -0.396892071 1.818128586 -2.537262440 0.688185453 -0.009973539 -0.275694579 -0.671039343
1403715335112143104.000000 -0.406669855 1.820384979 -2.558690548 0.687757075 -0.009453051 -0.275407970 -0.671603620
1403715335162142976.000000 -0.416049451 1.821595669 -2.580517769 0.687542677 -0.008720544 -0.274632961 -0.672150135
1403715335212143104.000000 -0.425722510 1.824723482 -2.601223946 0.687237144 -0.008368546 -0.274762541 -0.672414124
1403715335262142976.000000 -0.435319394 1.828403950 -2.621480465 0.686548352 -0.007430796 -0.274118155 -0.673390925
1403715335312143104.000000 -0.444795996 1.832674980 -2.641286373 0.685157061 -0.007093306 -0.273343682 -0.675124288
1403715335362142976.000000 -0.453876108 1.837810278 -2.660599709 0.683004320 -0.007138017 -0.272274822 -0.677731991
1403715335412143104.000000 -0.462862223 1.843599081 -2.679406166 0.680283904 -0.007207591 -0.270766586 -0.681063414
1403715335462142976.000000 -0.470057607 1.847294807 -2.700619936 0.677106500 -0.007282773 -0.269750088 -0.684623063
1403715335512143104.000000 -0.478850007 1.854229689 -2.718630075 0.673810661 -0.008664758 -0.270222008 -0.687665880
1403715335562142976.000000 -0.487184793 1.861596823 -2.736571789 0.670836449 -0.011089966 -0.270770282 -0.690318048
1403715335612143104.000000 -0.495623618 1.869190931 -2.754043102 0.667857170 -0.012749073 -0.271116704 -0.693036854
1403715335662142976.000000 -0.505410731 1.877968073 -2.770972252 0.664227605 -0.014421978 -0.271057695 -0.696506619
1403715335712143104.000000 -0.513964534 1.887026787 -2.787786484 0.660304964 -0.013682101 -0.269808650 -0.700723529
1403715335762142976.000000 -0.522313178 1.896623611 -2.804419279 0.656105161 -0.013852445 -0.267849296 -0.705401242
1403715335812143104.000000 -0.531106710 1.906294107 -2.820941448 0.652248621 -0.013665831 -0.265894473 -0.709707856
1403715335862142976.000000 -0.539992571 1.916221619 -2.837693214 0.648776472 -0.013757268 -0.264010251 -0.713581443
1403715335912143104.000000 -0.548821151 1.926037312 -2.854351997 0.645613551 -0.013465723 -0.262142330 -0.717135429
1403715335962142976.000000 -0.554809511 1.930470228 -2.875474453 -0.642883897 0.015368422 0.259859353 0.720373034
1403715336012143104.000000 -0.563299716 1.940340519 -2.892609596 -0.640935123 0.015884435 0.256282091 0.723373652
1403715336062142976.000000 -0.571302414 1.950621843 -2.909869671 -0.639509857 0.018178908 0.253046483 0.725716412
1403715336112143104.000000 -0.579349875 1.961177826 -2.927195549 -0.638438106 0.021157315 0.250091434 0.727601230
1403715336162142976.000000 -0.588653326 1.974771976 -2.942127228 0.638172746 -0.023199659 -0.246189415 -0.729101002
1403715336212143104.000000 -0.595984519 1.983560562 -2.961014271 -0.637589872 0.026100585 0.243673265 0.730357051
1403715336262142976.000000 -0.604925215 1.993495941 -2.977034330 -0.636277139 0.027325826 0.243603513 0.731479347
1403715336312143104.000000 -0.614156485 2.002871752 -2.993256569 -0.634887457 0.025601741 0.244532704 0.732438564
1403715336362142976.000000 -0.623370111 2.011495590 -3.009365797 -0.632828593 0.022816844 0.246700436 0.733584583
1403715336412143104.000000 -0.632662177 2.020934820 -3.025290012 0.631438255 -0.019864896 -0.248047531 -0.734413803
1403715336462142976.000000 -0.640961885 2.029626846 -3.041790247 0.630736947 -0.016388319 -0.247966617 -0.735129237
1403715336512143104.000000 -0.648902953 2.038190603 -3.057996750 0.629849494 -0.015103295 -0.249031991 -0.735557318
1403715336562142976.000000 -0.656300485 2.046973467 -3.074338675 0.629667580 -0.014727116 -0.249190390 -0.735667050
1403715336612143104.000000 -0.663122654 2.055740356 -3.090342760 0.629466414 -0.015199793 -0.249400228 -0.735758483
1403715336662142976.000000 -0.667835832 2.063942432 -3.103637218 -0.629587948 0.014744127 0.249434665 0.735652089
1403715336712143104.000000 -0.674245775 2.072894812 -3.119107246 -0.629929125 0.014565997 0.249350026 0.735392213
1403715336762142976.000000 -0.679961979 2.082232475 -3.134411335 -0.630282223 0.014510462 0.249420479 0.735066831
1403715336812143104.000000 -0.684988499 2.092071772 -3.149658203 -0.630815327 0.013990840 0.248624817 0.734889150
1403715336862142976.000000 -0.691308379 2.103290081 -3.166703224 0.631257057 -0.014025021 -0.247862339 -0.734766781
1403715336912143104.000000 -0.693691671 2.114516735 -3.176775455 -0.631555557 0.014042153 0.247724906 0.734556258
1403715336962142976.000000 -0.696469307 2.125329256 -3.191859245 -0.632203341 0.013897073 0.246429294 0.734437525
1403715337012143104.000000 -0.698355079 2.136130810 -3.206521034 -0.632151425 0.013699769 0.245765060 0.734708428
1403715337062142976.000000 -0.699254632 2.146609068 -3.220626116 -0.631272972 0.012734731 0.244830698 0.735792279
1403715337112143104.000000 -0.699201226 2.157354355 -3.234397888 0.628813744 -0.011604267 -0.245393470 -0.737726748
1403715337162142976.000000 -0.698846161 2.167690039 -3.246883869 0.625458777 -0.009150512 -0.244574741 -0.740878403
1403715337212143104.000000 -0.698311269 2.178253889 -3.258523941 0.620832443 -0.008051360 -0.244773358 -0.744706810
1403715337262142976.000000 -0.697704792 2.189382315 -3.269361258 0.614953637 -0.008189854 -0.245759562 -0.749244511
1403715337312143104.000000 -0.696922362 2.201045752 -3.279518604 0.608149648 -0.008375211 -0.246857628 -0.754417181
1403715337362142976.000000 -0.698880136 2.213402510 -3.288808823 -0.601695657 0.009052867 0.248311698 0.759092629
1403715337412143104.000000 -0.698581398 2.226448774 -3.298985481 -0.595569432 0.010160159 0.249995068 0.763345480
1403715337462142976.000000 -0.698469579 2.240338564 -3.309268951 -0.590376258 0.013009943 0.250671148 0.767105401
1403715337512143104.000000 -0.698498487 2.254888058 -3.319666147 -0.585189283 0.017303338 0.253035367 0.770212531
1403715337562142976.000000 -0.697964430 2.270468712 -3.330761909 0.581622183 -0.020984372 -0.253110260 -0.772794008
1403715337612143104.000000 -0.698363900 2.286877155 -3.342303753 0.579482615 -0.021505900 -0.250729442 -0.775159478
1403715337662142976.000000 -0.699701786 2.302272797 -3.353577375 -0.578582704 0.021983219 0.246958002 0.777026772
1403715337712143104.000000 -0.701211810 2.319849491 -3.365889072 -0.577853322 0.021336878 0.243939668 0.778539479
1403715337762142976.000000 -0.702672958 2.337799072 -3.378571272 -0.577297628 0.020830175 0.241907567 0.779598773
1403715337812143104.000000 -0.704420626 2.356219053 -3.391500950 -0.577378392 0.020791959 0.240115732 0.780093849
1403715337862142976.000000 -0.705767751 2.374946833 -3.405253887 0.578121543 -0.020734223 -0.238432243 -0.780061364
1403715337912143104.000000 -0.707218170 2.394034624 -3.418560266 0.579406142 -0.019578960 -0.236506090 -0.779724360
1403715337962142976.000000 -0.709718406 2.412571907 -3.430607796 -0.581010818 0.018744040 0.235124737 0.778968275
1403715338012143104.000000 -0.710825264 2.431516171 -3.443826199 -0.582514346 0.019348159 0.234893143 0.777899742
1403715338062142976.000000 -0.712211013 2.450371981 -3.457145691 -0.583928168 0.020508911 0.235717565 0.776559472
1403715338112143104.000000 -0.713685274 2.468955755 -3.470310211 -0.585277379 0.022008149 0.236760288 0.775184333
1403715338162142976.000000 -0.714679301 2.487463713 -3.483879805 0.585690141 -0.022831419 -0.237189516 -0.774717331
1403715338212143104.000000 -0.716681242 2.505861521 -3.496366501 0.585306108 -0.023819806 -0.237831861 -0.774780929
1403715338262142976.000000 -0.718797565 2.524243832 -3.508361340 0.584021747 -0.025318189 -0.238485992 -0.775501251
1403715338312143104.000000 -0.721173525 2.542792559 -3.520114183 0.581760526 -0.026252793 -0.239518151 -0.776850462
1403715338362142976.000000 -0.723400116 2.561174870 -3.531906128 0.578250349 -0.027539406 -0.240972400 -0.778973997
1403715338412143104.000000 -0.725570381 2.579720497 -3.544069767 0.573985755 -0.028820788 -0.240555853 -0.782203674
1403715338462142976.000000 -0.728400052 2.597318172 -3.558077335 -0.569065988 0.029511092 0.239606500 0.786054552
1403715338512143104.000000 -0.730613947 2.615875006 -3.571155071 -0.563099921 0.029570712 0.238556832 0.790654659
1403715338562142976.000000 -0.732376754 2.635215282 -3.584842682 -0.557185888 0.029195325 0.234912962 0.795931816
1403715338612143104.000000 -0.733809412 2.654264212 -3.599237919 -0.550806522 0.028405253 0.230511218 0.801666975
1403715338662142976.000000 -0.735570908 2.674511909 -3.612858534 0.543643594 -0.027879771 -0.225705922 -0.807917833
1403715338712143104.000000 -0.737167060 2.694079161 -3.627819300 0.536285877 -0.026956001 -0.220868677 -0.814179301
1403715338762142976.000000 -0.739020884 2.713335752 -3.643058538 0.528550029 -0.026073959 -0.217421517 -0.820172548
1403715338812143104.000000 -0.741328239 2.732072830 -3.658689260 0.522115529 -0.023741445 -0.213640034 -0.825342178
1403715338862142976.000000 -0.743810236 2.750847340 -3.674715757 0.516479731 -0.022847159 -0.210931972 -0.829598904
1403715338912143104.000000 -0.743819356 2.769508839 -3.693192959 -0.511342287 0.021188959 0.209518850 0.833175898
1403715338962142976.000000 -0.747398734 2.787533760 -3.709550142 -0.507306218 0.018516950 0.207046837 0.836318851
1403715339012143104.000000 -0.751747847 2.805927753 -3.725430250 -0.503663003 0.016067475 0.206051677 0.838813603
1403715339062142976.000000 -0.756690145 2.824035645 -3.741175652 -0.500609696 0.013594141 0.205403209 0.840841651
1403715339112143104.000000 -0.763870478 2.844988585 -3.755419016 0.498648614 -0.010878512 -0.203311026 -0.842553258
1403715339162142976.000000 -0.769779563 2.864392519 -3.770190954 0.497425139 -0.008694717 -0.200300917 -0.844021440
1403715339212143104.000000 -0.775995553 2.884070635 -3.784390211 0.496932656 -0.006253831 -0.197130755 -0.845078945
1403715339262142976.000000 -0.782165408 2.903742075 -3.797888756 0.496226788 -0.005870827 -0.195441648 -0.845888376
1403715339312143104.000000 -0.788055897 2.923744440 -3.810707808 0.495287836 -0.008267707 -0.195378885 -0.846432924
1403715339362142976.000000 -0.793989062 2.944352627 -3.822995186 0.494889468 -0.011186796 -0.195220008 -0.846669018
1403715339412143104.000000 -0.801663876 2.965251684 -3.832805634 -0.494465798 0.013728301 0.196245983 0.846642017
1403715339462142976.000000 -0.808781743 2.985414743 -3.844040394 -0.494616330 0.015529856 0.197049305 0.846336305
1403715339512143104.000000 -0.815944076 3.005663872 -3.854918957 -0.495530993 0.017655442 0.197096765 0.845748365
1403715339562142976.000000 -0.823756933 3.025178432 -3.865135193 -0.495955676 0.018644255 0.198884442 0.845059395
1403715339612143104.000000 -0.830736995 3.046159983 -3.876301765 0.496559918 -0.016494749 -0.200876802 -0.844277680
1403715339662142976.000000 -0.839567900 3.065482855 -3.886100054 0.498584300 -0.013631934 -0.200481892 -0.843228877
1403715339712143104.000000 -0.850230813 3.083968401 -3.894017458 -0.501676023 0.009453764 0.197788358 0.842087746
1403715339762142976.000000 -0.859352231 3.103154898 -3.903036594 -0.505601048 0.006345260 0.193111643 0.840853870
1403715339812143104.000000 -0.868715525 3.122034311 -3.910881996 -0.509705782 0.002744647 0.187886983 0.839577913
1403715339862142976.000000 -0.877883196 3.140711784 -3.917558670 -0.513249099 0.000107625 0.182637915 0.838581443
1403715339912143104.000000 -0.885949314 3.158201933 -3.922774315 0.515066087 0.001982828 -0.177272081 -0.838616550
1403715339962142976.000000 -0.894146681 3.175435066 -3.925905704 0.514838696 0.004724371 -0.172440276 -0.839751959
1403715340012143104.000000 -0.900908828 3.196403980 -3.928234339 -0.513185799 -0.007592103 0.166210458 0.841995716
1403715340062142976.000000 -0.905970812 3.212036848 -3.927342176 -0.509110928 -0.009136904 0.162377402 0.845195949
1403715340112143104.000000 -0.908872962 3.226525784 -3.924673557 -0.502929688 -0.009303571 0.160144985 0.849310815
1403715340162142976.000000 -0.909126163 3.239776373 -3.920754910 -0.495557010 -0.007761269 0.157863244 0.854073942
1403715340212143104.000000 -0.908154309 3.249719143 -3.914334059 0.485730141 0.004886600 -0.158127606 -0.859673262
1403715340262142976.000000 -0.903451383 3.263309002 -3.907539368 -0.474511743 -0.001176825 0.158768773 0.865811646
1403715340312143104.000000 -0.896595001 3.273337841 -3.899420500 -0.461974204 0.002241363 0.158683330 0.872579217
1403715340362142976.000000 -0.887302220 3.282852173 -3.890514374 -0.447623789 0.006154587 0.159546509 0.879852235
1403715340412143104.000000 -0.876035333 3.291692019 -3.881520510 -0.433164120 0.008350266 0.158450723 0.887238741
1403715340462142976.000000 -0.864605904 3.302484512 -3.870723963 -0.419569165 0.008850329 0.156962290 0.894005775
1403715340512143104.000000 -0.851891398 3.310548306 -3.861118317 -0.407679856 0.008749307 0.155803978 0.899692059
1403715340562142976.000000 -0.839801550 3.318707943 -3.851046801 -0.396397382 0.008088623 0.157160729 0.904491186
1403715340612143104.000000 -0.828439593 3.326973915 -3.841026068 -0.387191027 0.008230772 0.156992674 0.908498049
1403715340662142976.000000 -0.818321586 3.335446358 -3.828703165 -0.379514843 0.008278544 0.157077834 0.911716282
1403715340712143104.000000 -0.808033705 3.344830990 -3.818244934 -0.373589724 0.007887939 0.157098085 0.914160132
1403715340762142976.000000 -0.798446655 3.354660988 -3.807281971 -0.369075209 0.006856783 0.157585844 0.915916622
1403715340812143104.000000 -0.788777113 3.365175962 -3.796279669 -0.365844667 0.006185577 0.157927185 0.917157829
1403715340862142976.000000 -0.779111266 3.376848698 -3.787244081 0.362888962 -0.007318501 -0.161475569 -0.917705715
1403715340912143104.000000 -0.772374034 3.389373779 -3.772249699 -0.360703439 0.009121116 0.166007429 0.917742610
1403715340962142976.000000 -0.763546109 3.401953697 -3.761224270 -0.359795213 0.009587849 0.168922126 0.917562425
1403715341012143104.000000 -0.754803658 3.415860653 -3.749801159 -0.359474570 0.009809478 0.172318056 0.917054176
1403715341062142976.000000 -0.745726347 3.431065798 -3.739053488 -0.361004084 0.010655840 0.173077330 0.916300595
1403715341112143104.000000 -0.737335920 3.447892189 -3.731496572 0.364170909 -0.011350547 -0.170532331 -0.915516019
1403715341162142976.000000 -0.728362441 3.465426922 -3.721771479 0.368454933 -0.011315084 -0.165422082 -0.914739609
1403715341212143104.000000 -0.718785048 3.483388901 -3.709295988 -0.372330487 0.016178943 0.164008453 0.913350701
1403715341262142976.000000 -0.709627211 3.502521038 -3.699684381 -0.375885069 0.019767368 0.163226530 0.911963224
1403715341312143104.000000 -0.700691402 3.522109985 -3.690353632 -0.380182177 0.022595437 0.161031082 0.910505354
1403715341362142976.000000 -0.691797972 3.541639805 -3.681697845 -0.384867102 0.025182990 0.157799736 0.909033775
1403715341412143104.000000 -0.683550119 3.560878277 -3.675157547 0.388936788 -0.027494337 -0.156151831 -0.907518029
1403715341462142976.000000 -0.675577641 3.579364538 -3.667383194 0.393084526 -0.026682891 -0.153666779 -0.906178296
1403715341512143104.000000 -0.664804816 3.597949982 -3.660153866 -0.396330237 0.025581494 0.153676435 0.904793680
1403715341562142976.000000 -0.656897068 3.616064072 -3.653090954 -0.400323272 0.023219476 0.150421634 0.903645754
1403715341612143104.000000 -0.649166048 3.633750439 -3.646026850 -0.403973311 0.023105005 0.146087363 0.902734935
1403715341662142976.000000 -0.641649067 3.650772095 -3.638973236 -0.407882154 0.023393216 0.141201302 0.901746750
1403715341712143104.000000 -0.635314345 3.667219400 -3.631515980 0.411706567 -0.023286346 -0.135410592 -0.900899231
1403715341762142976.000000 -0.628628433 3.682431698 -3.623361349 0.414193988 -0.020866860 -0.132159084 -0.900301039
1403715341812143104.000000 -0.622368515 3.695847750 -3.614685297 0.415970594 -0.018307561 -0.129738510 -0.899889588
1403715341862142976.000000 -0.615511537 3.707621098 -3.605312824 0.417666137 -0.015596195 -0.126386464 -0.899632335
1403715341912143104.000000 -0.608345509 3.717285156 -3.595072269 0.415766686 -0.015150543 -0.130405560 -0.899946153
1403715341962142976.000000 -0.601453424 3.725701332 -3.583980799 0.412764072 -0.015773838 -0.136307269 -0.900442898
1403715342012143104.000000 -0.592505336 3.729502201 -3.575465441 -0.409303725 0.015474869 0.143711358 0.900876284
1403715342062142976.000000 -0.585822165 3.735021114 -3.564291239 -0.405778527 0.014118856 0.149837673 0.901495039
1403715342112143104.000000 -0.579092503 3.739838123 -3.552970171 -0.402570397 0.011707737 0.154560834 0.902170122
1403715342162142976.000000 -0.572443008 3.743980408 -3.541641951 -0.398599863 0.010148696 0.161641166 0.902711153
1403715342212143104.000000 -0.565689385 3.750493050 -3.525960684 0.395647109 -0.008728788 -0.165467113 -0.903331578
1403715342262142976.000000 -0.560748339 3.755817890 -3.516737461 -0.392785430 0.008312509 0.168454781 0.904031873
1403715342312143104.000000 -0.554503977 3.762706518 -3.503739357 -0.389948457 0.008743809 0.170032769 0.904960036
1403715342362142976.000000 -0.548676610 3.769850492 -3.490691900 -0.386394978 0.007680963 0.169371247 0.906616390
1403715342412143104.000000 -0.542962968 3.777537823 -3.477398872 -0.382072568 0.006306306 0.166190118 0.909044445
1403715342462142976.000000 -0.536677361 3.785993338 -3.461188316 0.375703454 -0.003772986 -0.164603800 -0.911996901
1403715342512143104.000000 -0.533148348 3.793944359 -3.449021101 -0.369015276 0.001060815 0.160126939 0.915524960
1403715342562142976.000000 -0.527456164 3.803888083 -3.434785128 -0.362740040 -0.001822104 0.152978167 0.919246495
1403715342612143104.000000 -0.520999253 3.814644814 -3.420021772 -0.357045054 -0.004033028 0.142722398 0.923110425
1403715342662142976.000000 -0.513837218 3.825695515 -3.404497147 -0.351610243 -0.004396368 0.130354300 0.927016079
1403715342712143104.000000 -0.505913079 3.835938454 -3.387785196 -0.345037460 -0.004262308 0.120293394 0.930838645
1403715342762142976.000000 -0.498942673 3.846626759 -3.369612217 -0.337444097 -0.003951270 0.114701696 0.934323013
1403715342812143104.000000 -0.491580546 3.856498718 -3.350776911 -0.328752160 -0.002191668 0.114775300 0.937413394
1403715342862142976.000000 -0.483257174 3.865694046 -3.331407070 -0.321343869 0.000968187 0.114689641 0.939991236
1403715342912143104.000000 -0.472821146 3.873906612 -3.311310530 -0.314844131 0.003490634 0.116198398 0.941997349
1403715342962142976.000000 -0.464438528 3.882840633 -3.290437698 -0.309735596 0.007315998 0.116791151 0.943594277
1403715343012143104.000000 -0.456409127 3.891851902 -3.268947363 -0.305795848 0.010782934 0.117084183 0.944809020
1403715343062142976.000000 -0.448883981 3.900994778 -3.247035265 -0.302197397 0.013644400 0.118291296 0.945778966
1403715343112143104.000000 -0.439960510 3.909864426 -3.225093126 -0.300194472 0.014621841 0.116905473 0.946574152
1403715343162142976.000000 -0.433740050 3.919011354 -3.202435970 -0.297847927 0.014952253 0.116996743 0.947298765
1403715343212143104.000000 -0.427424133 3.928100109 -3.179695129 -0.295899421 0.016677838 0.116591863 0.947930276
1403715343262142976.000000 -0.421986759 3.937290192 -3.156844139 -0.294270158 0.015067951 0.116681881 0.948453188
1403715343312143104.000000 -0.415215433 3.946557522 -3.133802176 -0.293061912 0.013120181 0.117330454 0.948776186
1403715343362142976.000000 -0.410683841 3.955798626 -3.111137629 -0.292249143 0.010539837 0.118254781 0.948944271
1403715343412143104.000000 -0.406129479 3.964808941 -3.088393450 -0.292316139 0.006823856 0.117340118 0.949071169
1403715343462142976.000000 -0.401516169 3.973788738 -3.065832853 -0.293011427 0.004627032 0.116150245 0.949016333
1403715343512143104.000000 -0.395674109 3.983694315 -3.042450428 -0.293340623 0.003625266 0.116985992 0.948816419
1403715343562142976.000000 -0.390626669 3.992815971 -3.018800497 -0.294485301 0.002675232 0.116335995 0.948544860
1403715343612143104.000000 -0.384875923 4.001935959 -2.994583368 -0.295568734 0.002464165 0.116319083 0.948210418
1403715343662142976.000000 -0.378471196 4.011230469 -2.969846487 -0.297244519 0.002520628 0.114990689 0.947848320
1403715343712143104.000000 -0.371898413 4.020519257 -2.945192575 0.299104929 -0.002904635 -0.113230139 -0.947473884
1403715343762142976.000000 -0.363362461 4.031782150 -2.919157267 -0.301793456 0.004244677 0.109732933 0.947027683
1403715343812143104.000000 -0.354334921 4.041111469 -2.893483877 -0.303960890 0.007696326 0.107264839 0.946595430
1403715343862142976.000000 -0.345286310 4.049964428 -2.867086411 -0.305236638 0.008891576 0.106554240 0.946254671
1403715343912143104.000000 -0.335780978 4.058228016 -2.840203524 -0.305638731 0.010732029 0.106329478 0.946130991
1403715343962142976.000000 -0.326549977 4.068912506 -2.811178923 -0.303825438 0.013182757 0.106706545 0.946641505
1403715344012143104.000000 -0.315976381 4.075206757 -2.783490419 -0.301284045 0.014064624 0.106164590 0.947501600
1403715344062142976.000000 -0.305211961 4.080589771 -2.755691051 -0.297066063 0.016634585 0.104857273 0.948936284
1403715344112143104.000000 -0.294027686 4.085127354 -2.727567196 -0.291308433 0.018834800 0.103092484 0.950871527
1403715344162142976.000000 -0.283567756 4.091209888 -2.699134588 -0.284112692 0.020787163 0.100750536 0.953256130
1403715344212143104.000000 -0.272999465 4.094373703 -2.670557499 -0.277424484 0.021331100 0.095307581 0.955770493
1403715344262142976.000000 -0.262315243 4.096904755 -2.642336369 -0.271995097 0.022875559 0.088116713 0.957982719
1403715344312143104.000000 -0.251752526 4.098286152 -2.614420414 -0.267610103 0.024611248 0.079492673 0.959927142
1403715344362142976.000000 -0.241429687 4.097463608 -2.586582899 0.263606519 -0.027176935 -0.071907960 -0.961562514
1403715344412143104.000000 -0.232740387 4.099996090 -2.557576418 -0.259905517 0.030587077 0.064210944 0.963011265
1403715344462142976.000000 -0.223331302 4.097086906 -2.530248165 -0.256360471 0.032894406 0.058970820 0.964219749
1403715344512143104.000000 -0.214368880 4.092316628 -2.503326893 -0.253785551 0.034633026 0.052922633 0.965190530
1403715344562142976.000000 -0.206183180 4.085380554 -2.476645947 -0.250475377 0.035490751 0.049915288 0.966183782
1403715344612143104.000000 -0.198446751 4.076250553 -2.450810671 0.246840909 -0.033820193 -0.049200773 -0.967215121
1403715344662142976.000000 -0.193855301 4.066373348 -2.423056602 -0.244317174 0.028903831 0.047560688 0.968096972
1403715344712143104.000000 -0.187916026 4.052816868 -2.396666765 -0.241853058 0.023950895 0.047419228 0.968857586
1403715344762142976.000000 -0.182114735 4.036966801 -2.370237589 -0.239645541 0.018951802 0.047723502 0.969501615
1403715344812143104.000000 -0.175917327 4.019162655 -2.343481064 -0.237750158 0.016091298 0.047804475 0.970015824
1403715344862142976.000000 -0.170106769 3.999681234 -2.317401171 0.236277595 -0.014201044 -0.047846124 -0.970403075
1403715344912143104.000000 -0.164134338 3.978202343 -2.290424824 -0.234856024 0.012910543 0.048434194 0.970736921
1403715344962142976.000000 -0.157562837 3.954867363 -2.262954712 -0.233172715 0.014211119 0.050485510 0.971020043
1403715345012143104.000000 -0.150272220 3.929776430 -2.234961033 -0.230357513 0.018659823 0.056176495 0.971304059
1403715345062142976.000000 -0.142458364 3.903301239 -2.206790924 -0.228126436 0.023489928 0.060947753 0.971438169
1403715345112143104.000000 -0.135818377 3.876024485 -2.179324865 -0.226327822 0.028349772 0.065056391 0.971462727
1403715345162142976.000000 -0.128341705 3.847378969 -2.151880264 -0.225115642 0.030591376 0.068468541 0.971441805
1403715345212143104.000000 -0.121266447 3.818252087 -2.124976873 -0.224057019 0.030948028 0.071793698 0.971435249
1403715345262142976.000000 -0.114518359 3.788456440 -2.098393440 -0.223864213 0.029642608 0.072644703 0.971457124
1403715345312143104.000000 -0.108066827 3.757347345 -2.074076653 -0.223235562 0.029575733 0.074779920 0.971441865
1403715345362142976.000000 -0.102187760 3.726685524 -2.048918486 -0.222916856 0.028785659 0.075679705 0.971469045
1403715345412143104.000000 -0.096513718 3.695351124 -2.024191856 -0.222545087 0.027905429 0.076625578 0.971505821
1403715345462142976.000000 -0.091049954 3.663344145 -1.999927044 -0.221762165 0.027564790 0.077970311 0.971587598
1403715345512143104.000000 -0.086118653 3.628389597 -1.977138400 -0.222134292 0.027146021 0.077096879 0.971584082
1403715345562142976.000000 -0.081053086 3.595263720 -1.953812480 -0.221487671 0.027910937 0.077547610 0.971674144
1403715345612143104.000000 -0.076358117 3.561674118 -1.930882692 -0.220718488 0.028336251 0.078444362 0.971764922
1403715345662142976.000000 -0.072073504 3.527572155 -1.908542156 -0.220071897 0.028756667 0.078905292 0.971861780
1403715345712143104.000000 -0.068254955 3.491920710 -1.887803555 -0.219639808 0.028987557 0.079775162 0.971881688
1403715345762142976.000000 -0.064718224 3.457206964 -1.866562128 -0.219119564 0.029397687 0.080616325 0.971917391
1403715345812143104.000000 -0.061487976 3.422509193 -1.845852971 -0.218588382 0.029224474 0.081382863 0.971978366
1403715345862142976.000000 -0.058796272 3.387589693 -1.825650454 -0.217892647 0.027651347 0.082657285 0.972073078
1403715345912143104.000000 -0.058825850 3.352293253 -1.806732774 -0.217534393 0.021585289 0.084017605 0.972190320
1403715345962142976.000000 -0.056886390 3.317023277 -1.787197471 -0.216862798 0.012943237 0.085785076 0.972339392
1403715346012143104.000000 -0.054112241 3.281873465 -1.768190265 -0.216249347 0.006110345 0.087999076 0.972345173
1403715346062142976.000000 -0.050855774 3.247172117 -1.749134779 -0.215379968 -0.000575561 0.091140486 0.972267747
1403715346112143104.000000 -0.047190003 3.212665796 -1.728021145 -0.215429679 -0.004672902 0.092638172 0.972104132
1403715346162142976.000000 -0.041354217 3.179319859 -1.708344340 -0.215442002 -0.006336690 0.093471594 0.972012222
1403715346212143104.000000 -0.033902209 3.146919250 -1.688199997 -0.215863183 -0.003783637 0.093687624 0.971911252
1403715346262142976.000000 -0.025697421 3.115377188 -1.667288065 -0.216681048 0.000220301 0.093191348 0.971784294
1403715346312143104.000000 -0.017010545 3.083877087 -1.647045493 0.217753679 -0.004190734 -0.093603067 -0.971495926
1403715346362142976.000000 -0.008145941 3.053137302 -1.625684738 0.218733475 -0.007751093 -0.093274325 -0.971285522
1403715346412143104.000000 0.000200026 3.023676395 -1.601002812 -0.220018238 0.012171272 0.093478069 0.970930338
1403715346462142976.000000 0.009941166 2.994186878 -1.579663754 -0.221530974 0.016318288 0.093538441 0.970519602
1403715346512143104.000000 0.019847341 2.965210915 -1.558531404 -0.222666085 0.020319322 0.094804958 0.970061302
1403715346562142976.000000 0.029417634 2.936599731 -1.537659049 -0.223828807 0.022777718 0.096641161 0.969557822
1403715346612143104.000000 0.038926892 2.908243895 -1.517949820 0.225228935 -0.025716556 -0.099556968 -0.968864858
1403715346662142976.000000 0.047576178 2.880855083 -1.497393847 -0.227216363 0.027014732 0.101648182 0.968148053
1403715346712143104.000000 0.056830559 2.853553057 -1.478955984 -0.229395896 0.029308090 0.103173658 0.967405677
1403715346762142976.000000 0.065548614 2.826534986 -1.461117864 -0.231280252 0.030385558 0.105058774 0.966720700
1403715346812143104.000000 0.073621362 2.800185204 -1.444049358 -0.233422861 0.030154185 0.106799945 0.966021955
1403715346862142976.000000 0.079133675 2.772896767 -1.424532056 -0.236547247 0.028509041 0.106709562 0.965321600
1403715346912143104.000000 0.086075425 2.747096777 -1.408522248 -0.237764761 0.026563868 0.110321574 0.964671671
1403715346962142976.000000 0.092619494 2.722111702 -1.392937541 -0.238845140 0.023646781 0.114242062 0.964024246
1403715347012143104.000000 0.099149294 2.698069811 -1.377777696 -0.239725843 0.020803435 0.117634602 0.963462949
1403715347062142976.000000 0.106234662 2.676754713 -1.364842176 -0.240542635 0.017558012 0.120166831 0.963011384
1403715347112143104.000000 0.113537639 2.654956579 -1.350880146 -0.241768137 0.015362330 0.117876172 0.963025153
1403715347162142976.000000 0.120617487 2.634046078 -1.337239981 -0.241602242 0.013150585 0.113927849 0.963574588
1403715347212143104.000000 0.128842011 2.614214182 -1.323798180 -0.239931524 0.012105139 0.107907936 0.964698017
1403715347262142976.000000 0.138632864 2.596573114 -1.309610128 -0.236082643 0.012398517 0.102371544 0.966246009
1403715347312143104.000000 0.148296461 2.577625036 -1.295647502 -0.230807215 0.013230931 0.095451273 0.968215883
1403715347362142976.000000 0.157756418 2.558822155 -1.281921506 -0.224048287 0.014620260 0.087785833 0.970506191
1403715347412143104.000000 0.167690396 2.539999962 -1.268242121 -0.216777980 0.016118277 0.078169875 0.972952724
1403715347462142976.000000 0.177307114 2.520941257 -1.255866170 -0.207807794 0.016632408 0.070399128 0.975491345
1403715347512143104.000000 0.187771618 2.500983000 -1.242473125 -0.200142682 0.017237321 0.062295001 0.977632463
1403715347562142976.000000 0.198639825 2.480576992 -1.229114413 -0.193442091 0.018575294 0.055255190 0.979378462
1403715347612143104.000000 0.209530860 2.459462166 -1.215968609 -0.187354371 0.019887565 0.049574677 0.980839074
1403715347662142976.000000 0.220902234 2.438086510 -1.199499249 -0.181366935 0.022023695 0.046574842 0.982065082
1403715347712143104.000000 0.231199056 2.415344715 -1.186853766 -0.174948215 0.024342695 0.048263218 0.983092725
1403715347762142976.000000 0.241016865 2.391757727 -1.174298167 -0.168440044 0.025596967 0.052018411 0.984005570
1403715347812143104.000000 0.250835866 2.367420435 -1.161795378 -0.161822230 0.026594032 0.054363504 0.984962404
1403715347862142976.000000 0.259973437 2.341380119 -1.144882202 -0.153710574 0.027624927 0.057797905 0.986037254
1403715347912143104.000000 0.268350989 2.316632986 -1.133393407 -0.144536823 0.028499026 0.060505867 0.987236559
1403715347962142976.000000 0.276359111 2.292104483 -1.122666001 -0.133529127 0.029580681 0.065267839 0.988450885
1403715348012143104.000000 0.284172803 2.268034458 -1.112484097 -0.121200152 0.030967118 0.069526285 0.989705861
1403715348062142976.000000 0.291395217 2.241732597 -1.098637342 -0.108732410 0.030730063 0.071200788 0.991041601
1403715348112143104.000000 0.298714250 2.219740868 -1.090248108 -0.095642209 0.031256888 0.069619797 0.992486179
1403715348162142976.000000 0.305013925 2.199039459 -1.082539201 -0.081880592 0.029503606 0.066628523 0.993974745
1403715348212143104.000000 0.311059892 2.179926395 -1.075793624 -0.067650579 0.028338516 0.062329657 0.995356917
1403715348262142976.000000 0.316511333 2.155844450 -1.061530590 -0.053854607 0.025037345 0.056032989 0.996661007
1403715348312143104.000000 0.321675420 2.140495062 -1.055496335 -0.040773995 0.022463312 0.049177412 0.997704625
1403715348362142976.000000 0.325358301 2.126889944 -1.049123526 -0.028550753 0.019225722 0.043897521 0.998442948
1403715348412143104.000000 0.327886313 2.115087032 -1.042273164 -0.018811755 0.016341774 0.038151652 0.998961270
1403715348462142976.000000 0.328015655 2.104672432 -1.033482313 0.010606695 -0.012746517 -0.034671523 -0.999261260
1403715348512143104.000000 0.322523743 2.087243557 -1.019944668 -0.004469334 0.010597320 0.030869024 0.999457300
1403715348562142976.000000 0.317708254 2.080111980 -1.009086490 0.000802186 0.009457494 0.028878905 0.999537885
1403715348612143104.000000 0.311336845 2.073962212 -0.996119380 0.005542343 0.010879530 0.028262449 0.999526024
1403715348662142976.000000 0.302550137 2.068793774 -0.982272267 0.010203943 0.013578394 0.030430991 0.999392569
1403715348712143104.000000 0.292614400 2.068016529 -0.968463957 -0.013898123 -0.015533712 -0.032317396 -0.999260306
1403715348762142976.000000 0.281513244 2.066133738 -0.952947557 -0.018092440 -0.015915228 -0.034262996 -0.999122381
1403715348812143104.000000 0.270821363 2.065948009 -0.937316060 -0.022227535 -0.016812520 -0.034451447 -0.999017775
1403715348862142976.000000 0.260619879 2.066948891 -0.921668947 -0.027135534 -0.018420855 -0.033657581 -0.998895168
1403715348912143104.000000 0.250313163 2.069348097 -0.906244874 -0.031686619 -0.019198079 -0.032548841 -0.998783290
1403715348962142976.000000 0.229419351 2.064157009 -0.885059357 0.034412362 0.019850150 0.031056607 0.998727858
1403715349012143104.000000 0.220902830 2.070652246 -0.870239019 0.037387397 0.021142321 0.027647926 0.998694539
1403715349062142976.000000 0.212348253 2.078784466 -0.855416298 0.039839853 0.022210060 0.023838211 0.998674750
1403715349112143104.000000 0.203493491 2.087143660 -0.839690328 0.042203199 0.023832945 0.017931240 0.998663843
1403715349162142976.000000 0.198282689 2.098558664 -0.829163432 -0.045398165 -0.025697229 -0.013789509 -0.998543262
1403715349212143104.000000 0.191296503 2.110351324 -0.816300929 -0.048285414 -0.028284533 -0.009558883 -0.998387277
1403715349262142976.000000 0.184328929 2.123080969 -0.803903997 -0.051414341 -0.030781727 -0.006763957 -0.998180032
1403715349312143104.000000 0.177489623 2.137028933 -0.792133093 -0.054535761 -0.034148972 -0.005884220 -0.997910440
1403715349362142976.000000 0.170137450 2.151901960 -0.780769289 -0.056451589 -0.035982288 -0.002992170 -0.997752309
1403715349412143104.000000 0.162100419 2.167921066 -0.770053267 -0.057136785 -0.038624164 0.000554304 -0.997618854
1403715349462142976.000000 0.146684751 2.187167883 -0.757419944 0.057086233 0.040438417 -0.003407473 0.997544169
1403715349512143104.000000 0.137236431 2.204155207 -0.747854948 0.056278739 0.041373178 -0.007059876 0.997532547
1403715349562142976.000000 0.126503035 2.221165657 -0.738423586 0.056462120 0.039554954 -0.010559832 0.997565031
1403715349612143104.000000 0.114857614 2.238134623 -0.729910791 0.058338985 0.037764374 -0.013782579 0.997487068
1403715349662142976.000000 0.105176471 2.254866362 -0.726781845 -0.061859634 -0.035974696 0.016031306 -0.997307479
1403715349712143104.000000 0.094469905 2.274638891 -0.721221089 0.067437015 0.033201382 -0.017552005 0.997016549
1403715349762142976.000000 0.083419397 2.290711164 -0.716582775 0.074205533 0.031264260 -0.019230146 0.996567249
1403715349812143104.000000 0.072592750 2.306687355 -0.712609291 0.082791522 0.028701192 -0.019390222 0.995964825
1403715349862142976.000000 0.062111460 2.322451115 -0.709167242 0.092099451 0.027423598 -0.020436617 0.995162368
1403715349912143104.000000 0.051490132 2.337570667 -0.707074046 -0.101583160 -0.026897211 0.023572767 -0.994183958
1403715349962142976.000000 0.041694965 2.353664875 -0.704507232 -0.111455441 -0.025996450 0.026808608 -0.993067622
1403715350012143104.000000 0.031788226 2.370341539 -0.702377915 -0.120434940 -0.024966024 0.031555872 -0.991905451
1403715350062142976.000000 0.026329475 2.390253305 -0.703375816 0.128553540 0.024144899 -0.035557333 0.990770817
1403715350112143104.000000 0.015920319 2.408351421 -0.701584280 0.134302855 0.019804783 -0.041239198 0.989883780
1403715350162142976.000000 0.005530080 2.427010298 -0.699593246 0.139437705 0.015300420 -0.044616468 0.989106834
1403715350212143104.000000 -0.004342124 2.446012259 -0.697273612 0.142646924 0.010982972 -0.049300674 0.988484085
1403715350262142976.000000 -0.016517065 2.464973450 -0.693514645 -0.144178420 -0.004437578 0.055532191 -0.987982392
1403715350312143104.000000 -0.022410566 2.482248545 -0.696003914 0.144512415 -0.000815232 -0.061563842 0.987585664
1403715350362142976.000000 -0.032535344 2.500405550 -0.691864669 0.144318700 -0.005511713 -0.066256471 0.987295270
1403715350412143104.000000 -0.041773058 2.517364740 -0.687053680 0.142890155 -0.008802913 -0.071829893 0.987089336
1403715350462142976.000000 -0.050531488 2.532881737 -0.681464553 0.141172349 -0.011079303 -0.076553091 0.986958623
1403715350512143104.000000 -0.058698624 2.547821760 -0.674172461 -0.139059335 0.012039856 0.080712758 -0.986915946
1403715350562142976.000000 -0.066246144 2.559664249 -0.666333497 -0.137438565 0.012890649 0.082909577 -0.986950159
1403715350612143104.000000 -0.070486277 2.568328857 -0.663067281 0.136064902 -0.012959471 -0.082420059 0.987180531
1403715350662142976.000000 -0.076386578 2.575483084 -0.653223038 0.135652840 -0.012716596 -0.080368020 0.987409592
1403715350712143104.000000 -0.081478670 2.580744982 -0.642589986 0.136000767 -0.012180887 -0.076680161 0.987661719
1403715350762142976.000000 -0.085717380 2.584316015 -0.631146252 0.136525080 -0.011882426 -0.073005371 0.987871468
1403715350812143104.000000 -0.089088030 2.585538149 -0.618243396 -0.137045324 0.010518786 0.070478857 -0.987998307
1403715350862142976.000000 -0.090869747 2.586127281 -0.604770184 -0.136753738 0.007710937 0.071047343 -0.988023937
1403715350912143104.000000 -0.091650970 2.585456848 -0.590831637 -0.136049435 0.005233293 0.073712945 -0.987942100
1403715350962142976.000000 -0.091386400 2.583302736 -0.576656520 -0.135503724 0.002187788 0.076019570 -0.987853825
1403715351012143104.000000 -0.090691991 2.579632044 -0.562302053 -0.135450020 0.000671104 0.077669844 -0.987734914
1403715351062142976.000000 -0.089091823 2.573944807 -0.547954798 -0.135866672 0.000110374 0.078760266 -0.987591624
1403715351112143104.000000 -0.085574292 2.567002058 -0.534346044 0.135992914 0.000585308 -0.079376988 0.987524688
1403715351162142976.000000 -0.082555212 2.557466269 -0.519872844 0.137176812 0.000223966 -0.077869579 0.987481058
1403715351212143104.000000 -0.079274036 2.546570539 -0.504825234 0.138552397 -0.000588842 -0.076318353 0.987409949
1403715351262142976.000000 -0.074946180 2.534004211 -0.489791662 0.139522314 -0.001008697 -0.075370349 0.987345934
1403715351312143104.000000 -0.069243267 2.519659996 -0.474568814 0.141241387 0.002913855 -0.072669730 0.987300158
1403715351362142976.000000 -0.062838361 2.503722191 -0.456504256 0.141997665 0.006610115 -0.071731806 0.987242401
1403715351412143104.000000 -0.056411538 2.486758471 -0.440875530 0.142738312 0.010709851 -0.070141189 0.987213910
1403715351462142976.000000 -0.049728524 2.468663454 -0.425349414 0.142538071 0.013904220 -0.070356831 0.987187684
1403715351512143104.000000 -0.042825546 2.449488878 -0.410018563 0.142159536 0.016309544 -0.070416331 0.987201273
1403715351562142976.000000 -0.035577163 2.429058552 -0.395855337 -0.141826555 -0.022005521 0.070196979 -0.987154245
1403715351612143104.000000 -0.027110782 2.409121275 -0.379988968 0.141513750 0.030311892 -0.070059836 0.986988783
1403715351662142976.000000 -0.019602630 2.386585474 -0.367015243 0.141837984 0.034333751 -0.070515588 0.986778021
1403715351712143104.000000 -0.012459334 2.362647057 -0.354892224 0.143200889 0.034874387 -0.072031550 0.986452639
1403715351762142976.000000 -0.005662538 2.337613106 -0.343683004 0.146124601 0.032943990 -0.073375598 0.985991120
1403715351812143104.000000 0.000821508 2.310665131 -0.334065169 -0.151794463 -0.031136025 0.072645880 -0.985247016
1403715351862142976.000000 0.007574689 2.284774542 -0.323554337 0.159154296 0.028450673 -0.071332246 0.984262288
1403715351912143104.000000 0.013975125 2.256051064 -0.315072924 0.167370588 0.026247770 -0.070589490 0.983013391
1403715351962142976.000000 0.020785395 2.226737022 -0.306902051 0.176997304 0.023424553 -0.068574265 0.981540024
1403715352012143104.000000 0.028312501 2.196998596 -0.299600840 0.187125102 0.021090077 -0.067735285 0.979771137
1403715352062142976.000000 0.035255458 2.168865442 -0.293082654 0.197372407 0.018622492 -0.067484774 0.977825820
1403715352112143104.000000 0.044667639 2.139620543 -0.286658704 0.205584213 0.017006095 -0.069344923 0.976031363
1403715352162142976.000000 0.054122105 2.110713959 -0.280464590 0.213615090 0.015881812 -0.069298171 0.974327564
1403715352212143104.000000 0.063620903 2.082470894 -0.274453759 0.220635414 0.015280073 -0.068527639 0.972826064
1403715352262142976.000000 0.071934886 2.055027485 -0.269638956 0.225765154 0.013764257 -0.069203675 0.971623123
1403715352312143104.000000 0.081067637 2.027908325 -0.262679935 0.229856715 0.011269873 -0.070191205 0.970624626
1403715352362142976.000000 0.089929342 2.001514673 -0.255132139 -0.233159736 -0.010084902 0.070777237 -0.969806910
1403715352412143104.000000 0.098040387 1.975730538 -0.247074753 -0.237155467 -0.008710150 0.067147486 -0.969109237
1403715352462142976.000000 0.106281564 1.952026248 -0.237681657 0.242252693 0.007061684 -0.059611257 0.968354464
1403715352512143104.000000 0.111290962 1.928619742 -0.232655376 0.246250629 0.007098229 -0.053151447 0.967721701
1403715352562142976.000000 0.119018227 1.906165600 -0.222004816 0.248328835 0.008147679 -0.051965259 0.967246652
1403715352612143104.000000 0.126777336 1.885093927 -0.210523650 0.247956038 0.010891931 -0.056215405 0.967077613
1403715352662142976.000000 0.133644924 1.865317702 -0.198347986 0.247296676 0.012966866 -0.060669314 0.966951668
1403715352712143104.000000 0.141375035 1.846678376 -0.185615435 0.246489882 0.016772302 -0.063881300 0.966892302
1403715352762142976.000000 0.148587570 1.828874230 -0.172872618 0.245107278 0.021315953 -0.068544328 0.966834903
1403715352812143104.000000 0.153280854 1.808886886 -0.162192017 0.243961930 0.026461776 -0.070980437 0.966821730
1403715352862142976.000000 0.159596339 1.792818785 -0.150054708 0.243254468 0.029914448 -0.073856488 0.966683865
1403715352912143104.000000 0.165563092 1.777554989 -0.138676643 0.242124557 0.031687148 -0.077100851 0.966657698
1403715352962142976.000000 0.171120301 1.763187289 -0.128686428 0.242680535 0.032851357 -0.076327972 0.966540813
1403715353012143104.000000 0.176644877 1.748519778 -0.119394228 0.243952587 0.033090785 -0.073672704 0.966418445
1403715353062142976.000000 0.183578849 1.735499144 -0.110260911 0.244449332 0.032975230 -0.073464006 0.966312706
1403715353112143104.000000 0.189553022 1.722790241 -0.102546640 0.244644389 0.032177985 -0.074896030 0.966180265
1403715353162142976.000000 0.196937323 1.710939527 -0.096167058 0.245039538 0.030708056 -0.076399826 0.966010213
1403715353212143104.000000 0.206503123 1.700067997 -0.091763839 0.245537668 0.030053196 -0.077731356 0.965798080
1403715353262142976.000000 0.218100294 1.689213634 -0.089327872 0.246663481 0.029536612 -0.078641161 0.965453446
1403715353312143104.000000 0.232221022 1.679620862 -0.088387303 0.247783363 0.028389448 -0.079306655 0.965146601
1403715353362142976.000000 0.249170065 1.669398546 -0.085543111 0.249202803 0.026795153 -0.080470398 0.964730322
1403715353412143104.000000 0.262776852 1.660596371 -0.085258015 0.250215441 0.025994364 -0.083293788 0.964250326
1403715353462142976.000000 0.273713589 1.652021408 -0.083993085 0.251448631 0.026036359 -0.085445940 0.963740051
1403715353512143104.000000 0.281205595 1.643537521 -0.081683986 0.252608150 0.025237605 -0.087132290 0.963306904
1403715353562142976.000000 0.284095198 1.635686159 -0.078590848 0.253383249 0.024742197 -0.089117371 0.962934554
1403715353612143104.000000 0.285424680 1.626051188 -0.071905673 0.254840434 0.024156356 -0.089932352 0.962489009
1403715353662142976.000000 0.282989264 1.618481517 -0.066919133 0.255714387 0.024761278 -0.092134610 0.962033391
1403715353712143104.000000 0.278818846 1.610902786 -0.061731949 0.256533980 0.025219172 -0.093945637 0.961628139
1403715353762142976.000000 0.273810893 1.603146315 -0.056518696 0.257634401 0.025704747 -0.095436648 0.961174130
1403715353812143104.000000 0.267577112 1.596277595 -0.053108193 0.258574277 0.026730767 -0.097336352 0.960703135
1403715353862142976.000000 0.261031151 1.588159561 -0.048861742 0.259690344 0.026994240 -0.097980753 0.960329115
1403715353912143104.000000 0.255287647 1.577889919 -0.040986165 0.260853350 0.027760394 -0.098406710 0.959948480
1403715353962142976.000000 0.247395694 1.569575548 -0.037074342 0.261856496 0.027088037 -0.098894693 0.959644437
1403715354012143104.000000 0.238717988 1.560957909 -0.033002965 0.263035119 0.026208203 -0.098925203 0.959343314
1403715354062142976.000000 0.229385585 1.552147985 -0.029105723 0.264940441 0.022750150 -0.096664324 0.959137738
1403715354112143104.000000 0.220076695 1.543360233 -0.025499545 0.268426239 0.018975973 -0.090318248 0.958869100
1403715354162142976.000000 0.210821271 1.535996556 -0.022998936 0.271858186 0.015384407 -0.083892092 0.958550274
1403715354212143104.000000 0.201265812 1.528477430 -0.019817531 0.274458736 0.012074640 -0.079133525 0.958261251
1403715354262142976.000000 0.192498937 1.521722674 -0.016048312 0.275682479 0.009412888 -0.077613592 0.958064020
1403715354312143104.000000 0.184516862 1.515787363 -0.011701643 0.275794208 0.008705368 -0.078881845 0.957935035
1403715354362142976.000000 0.175961047 1.511065960 -0.007966712 0.274830848 0.007799086 -0.082842641 0.957885325
1403715354412143104.000000 0.169818550 1.507526636 -0.002986088 0.273241758 0.007448325 -0.088104174 0.957873225
1403715354462142976.000000 0.163403273 1.503236413 0.003187209 0.271774977 0.007412964 -0.092992075 0.957828760
1403715354512143104.000000 0.157442793 1.498814225 0.009950675 0.270646989 0.007933648 -0.096852615 0.957761407
1403715354562142976.000000 0.152172446 1.494226933 0.016892955 0.270182222 0.008308629 -0.098418683 0.957729757
1403715354612143104.000000 0.148265451 1.489443779 0.023095630 0.270241261 0.009245523 -0.098253593 0.957721531
1403715354662142976.000000 0.146172360 1.483322978 0.024947397 0.269249052 0.009553044 -0.098569214 0.957965493
1403715354712143104.000000 0.148650229 1.478204727 0.030504040 0.269139171 0.009736997 -0.097898588 0.958063245
1403715354762142976.000000 0.154677033 1.473187447 0.035212710 0.268808633 0.009925627 -0.097420335 0.958202839
1403715354812143104.000000 0.163231760 1.468639016 0.038569905 0.269026160 0.009001948 -0.096349433 0.958259225
1403715354862142976.000000 0.176308393 1.461154580 0.042750366 0.268636107 0.009472708 -0.096821174 0.958316565
1403715354912143104.000000 0.188011587 1.460159779 0.042167626 0.270460188 0.009540281 -0.093092375 0.958172262
1403715354962142976.000000 0.203644186 1.455458522 0.043896034 0.272205293 0.009773431 -0.090174057 0.957954824
1403715355012143104.000000 0.220736980 1.450912476 0.045370340 0.274148136 0.011036557 -0.087667495 0.957619727
1403715355062142976.000000 0.237403527 1.447401881 0.047241144 0.275002748 0.011665752 -0.087926686 0.957343459
1403715355112143104.000000 0.254435509 1.441172481 0.050702665 0.275712401 0.011602502 -0.090345055 0.956914783
1403715355162142976.000000 0.269370914 1.439891577 0.053652246 0.278714538 0.011804811 -0.092987746 0.955788791
1403715355212143104.000000 0.284110695 1.436554074 0.057143215 0.283465177 0.010395752 -0.095404379 0.954168499
1403715355262142976.000000 0.298487961 1.433551788 0.060863547 0.289373785 0.010534391 -0.099374071 0.951985657
1403715355312143104.000000 0.312105000 1.430506587 0.065077029 0.296272874 0.010000444 -0.105154969 0.949244380
1403715355362142976.000000 0.325070024 1.427545547 0.069927387 0.304535627 0.009737232 -0.110624775 0.946004987
1403715355412143104.000000 0.339550436 1.422060490 0.075207055 0.314080924 0.010518730 -0.114856139 0.942364454
1403715355462142976.000000 0.352737308 1.418744087 0.079911366 0.325183064 0.010950829 -0.117921762 0.938206017
1403715355512143104.000000 0.366171449 1.415579319 0.084608339 0.336518258 0.012644568 -0.120989844 0.933786452
1403715355562142976.000000 0.379198492 1.412793756 0.089244783 0.347726613 0.013643846 -0.124700606 0.929166198
1403715355612143104.000000 0.390703142 1.411917210 0.093589500 0.359052658 0.013660778 -0.128405780 0.924341202
1403715355662142976.000000 0.403573096 1.404093266 0.100413784 0.368583411 0.014364205 -0.133788407 0.919804692
1403715355712143104.000000 0.415106952 1.402496696 0.105989382 0.377040118 0.014985716 -0.138258398 0.915696919
1403715355762142976.000000 0.426162720 1.401184678 0.111861467 0.383853793 0.015399303 -0.142523959 0.912198544
1403715355812143104.000000 0.436823756 1.400111079 0.117812127 0.388781577 0.015072147 -0.146613926 0.909464717
1403715355862142976.000000 0.446768850 1.399001479 0.124467477 0.392669976 0.013979253 -0.149853364 0.907281041
1403715355912143104.000000 0.457648873 1.393703222 0.130837187 0.395521760 0.013699322 -0.152582049 0.905590236
1403715355962142976.000000 0.468145758 1.391953349 0.137632892 0.397006035 0.013514376 -0.155977368 0.904364228
1403715356012143104.000000 0.478437126 1.389907479 0.144179016 0.397483438 0.014262675 -0.158910215 0.903632164
1403715356062142976.000000 0.488730609 1.387400985 0.150701642 0.396494567 0.014949133 -0.163093686 0.903310120
1403715356112143104.000000 0.499037713 1.385249138 0.156973600 0.394025236 0.015821625 -0.167802677 0.903513193
1403715356162142976.000000 0.507472873 1.379236221 0.162039071 0.390814960 0.016807567 -0.171649799 0.904166818
1403715356212143104.000000 0.516764462 1.374860048 0.167006433 0.387455553 0.018429890 -0.173643202 0.905199766
1403715356262142976.000000 0.525252581 1.369246840 0.171673149 0.384157926 0.019362448 -0.174382597 0.906442821
1403715356312143104.000000 0.532494783 1.362442493 0.175764948 0.380531967 0.018793682 -0.175024614 0.907859385
1403715356362142976.000000 0.538869262 1.355490565 0.180006102 0.377144009 0.015938738 -0.174432710 0.909440339
1403715356412143104.000000 0.543541908 1.345148325 0.182158977 0.374117345 0.012470285 -0.173267469 0.910966039
1403715356462142976.000000 0.547610581 1.334476590 0.185146749 0.371973515 0.008713257 -0.169952586 0.912510753
1403715356512143104.000000 0.550619423 1.322426081 0.187856480 0.371565163 0.004037621 -0.162693158 0.914031744
1403715356562142976.000000 0.553213835 1.308823943 0.190844566 0.371825367 0.001256021 -0.156935096 0.914940298
1403715356612143104.000000 0.554579794 1.295202017 0.194227055 0.373201996 -0.000927070 -0.152381241 0.915149987
1403715356662142976.000000 0.557400227 1.276031613 0.193436190 0.375254095 -0.001537312 -0.149101481 0.914850116
1403715356712143104.000000 0.559603631 1.258982301 0.197497562 0.379091978 -0.002266188 -0.147922248 0.913456738
1403715356762142976.000000 0.562055349 1.241122484 0.202121571 0.384197205 -0.002468374 -0.147354186 0.911412716
1403715356812143104.000000 0.564412236 1.222874641 0.207320020 0.390795618 -0.001995625 -0.147433221 0.908591390
1403715356862142976.000000 0.566704094 1.203990459 0.212764770 0.397849828 -0.003131537 -0.150344878 0.905042589
1403715356912143104.000000 0.567384958 1.185641289 0.219621301 0.406819671 -0.004395614 -0.151845589 0.900789380
1403715356962142976.000000 0.572610736 1.165913582 0.226462483 0.417448193 -0.004716182 -0.152961403 0.895721793
1403715357012143104.000000 0.579792678 1.145948887 0.233490720 0.428320855 -0.002836524 -0.156285763 0.890004516
1403715357062142976.000000 0.588313222 1.126145482 0.240808755 0.440001369 -0.002337182 -0.159683451 0.883682370
1403715357112143104.000000 0.594295323 1.108789682 0.248495743 0.451548725 -0.000124651 -0.163161129 0.877201378
1403715357162142976.000000 0.604844689 1.089031458 0.256354064 0.462412477 0.001416510 -0.168024406 0.870597839
1403715357212143104.000000 0.616284192 1.069468260 0.264794171 0.472062826 0.002806097 -0.173118442 0.864395082
1403715357262142976.000000 0.628373265 1.050081968 0.274120688 0.479814708 0.006327478 -0.178008154 0.859098911
1403715357312143104.000000 0.640093207 1.032944918 0.280743986 0.485045075 0.009490671 -0.183193579 0.855032980
1403715357362142976.000000 0.654049754 1.013376117 0.291458935 0.488942683 0.012295775 -0.188186452 0.851686478
1403715357412143104.000000 0.667527020 0.994068742 0.302150875 0.492244780 0.013645006 -0.191234753 0.849080801
1403715357462142976.000000 0.680325031 0.975024164 0.312768668 0.494272292 0.015681563 -0.194896117 0.847032845
1403715357512143104.000000 0.691521406 0.956454992 0.322899014 0.495459437 0.015504244 -0.198312953 0.845548093
1403715357562142976.000000 0.701825917 0.937573373 0.333837509 0.496290743 0.014916834 -0.201373294 0.844347000
1403715357612143104.000000 0.711562991 0.918564558 0.344566941 0.496849179 0.014562421 -0.204532206 0.843264759
1403715357662142976.000000 0.720790088 0.899304748 0.355030864 0.497222453 0.015815381 -0.206927776 0.842437387
1403715357712143104.000000 0.732661963 0.881648660 0.357927620 0.497590065 0.019519219 -0.207753673 0.841939211
1403715357762142976.000000 0.741311193 0.862246931 0.367315352 0.497441500 0.022023095 -0.210038334 0.841398180
1403715357812143104.000000 0.749134183 0.842642665 0.375713825 0.496779323 0.025810789 -0.213461637 0.840820014
1403715357862142976.000000 0.755426288 0.822576225 0.383379489 0.495416820 0.028767139 -0.217787206 0.840418577
1403715357912143104.000000 0.761686146 0.801939011 0.392263472 0.494403601 0.029965136 -0.220825449 0.840180516
1403715357962142976.000000 0.765716672 0.780342877 0.398809373 0.493526846 0.029209321 -0.223038837 0.840138018
1403715358012143104.000000 0.768587530 0.757745028 0.404324949 0.492902160 0.028008891 -0.224913836 0.840045750
1403715358062142976.000000 0.769625127 0.729795575 0.405329585 0.491620034 0.026528826 -0.226678073 0.840370774
1403715358112143104.000000 0.770453274 0.704889476 0.408660889 0.491952956 0.024089118 -0.225463703 0.840576112
1403715358162142976.000000 0.770517290 0.678586185 0.411107242 0.492872804 0.021574378 -0.222199157 0.840974748
1403715358212143104.000000 0.769278407 0.650730371 0.412866116 0.493891716 0.016488824 -0.218230054 0.841531217
1403715358262142976.000000 0.768521488 0.623518825 0.412445724 0.494955719 0.013352748 -0.214728609 0.841862381
1403715358312143104.000000 0.767051578 0.593549669 0.413309008 0.495281726 0.010359554 -0.213529408 0.842017770
1403715358362142976.000000 0.765200913 0.562275290 0.413711011 0.495641679 0.009106308 -0.214778826 0.841502547
1403715358412143104.000000 0.763284922 0.529746175 0.413638592 0.496415913 0.010891215 -0.218456760 0.840077043
1403715358462142976.000000 0.760683060 0.496132940 0.413026869 0.498992592 0.013662396 -0.221328616 0.837755024
1403715358512143104.000000 0.759633422 0.460234523 0.411111146 0.502615035 0.018461579 -0.223616004 0.834885120
1403715358562142976.000000 0.755771935 0.424179494 0.409153223 0.506995201 0.022754651 -0.225335032 0.831662297
1403715358612143104.000000 0.750886202 0.387578487 0.406569391 0.511825144 0.026301397 -0.226018608 0.828407407
1403715358662142976.000000 0.745523214 0.350488096 0.403280467 0.518089950 0.028692810 -0.223711178 0.825053215
1403715358712143104.000000 0.743019998 0.312068641 0.398026019 0.526364803 0.028816359 -0.216868177 0.821631253
1403715358762142976.000000 0.736986220 0.274484575 0.392618418 0.534119606 0.028303539 -0.210878953 0.818196416
1403715358812143104.000000 0.730729818 0.237339795 0.386876136 0.540806174 0.028290533 -0.206333429 0.814957023
1403715358862142976.000000 0.724118054 0.200828612 0.380948216 0.546934545 0.027871015 -0.202557638 0.811822832
1403715358912143104.000000 0.723607302 0.163277179 0.373463929 0.551815331 0.028926218 -0.199702069 0.809186161
1403715358962142976.000000 0.715960503 0.128496021 0.367654741 0.555661678 0.029373715 -0.198782831 0.806760669
1403715359012143104.000000 0.707846403 0.094711989 0.362165302 0.559067488 0.027369851 -0.198156029 0.804629505
1403715359062142976.000000 0.699845076 0.062048912 0.357186407 0.561310649 0.024919925 -0.199563473 0.802797496
1403715359112143104.000000 0.691915154 0.030814409 0.352254301 0.562956274 0.024481073 -0.200335741 0.801465273
1403715359162142976.000000 0.687729955 -0.000059396 0.347283900 0.564554095 0.025424270 -0.200590760 0.800247192
1403715359212143104.000000 0.680044413 -0.029097736 0.342442036 0.565810859 0.027126571 -0.199863076 0.799485445
1403715359262142976.000000 0.672720253 -0.056624949 0.337607473 0.566159666 0.029259317 -0.200209081 0.799076676
1403715359312143104.000000 0.665644646 -0.083575428 0.332973838 0.565473855 0.030953925 -0.202046067 0.799036086
1403715359362142976.000000 0.658314645 -0.108354971 0.327831566 0.564310312 0.032099757 -0.204409987 0.799212158
1403715359412143104.000000 0.652288258 -0.132273570 0.322402298 0.562206686 0.034622107 -0.207893342 0.799690783
1403715359462142976.000000 0.645811081 -0.154944465 0.315814912 0.559952974 0.037543461 -0.211332038 0.800238729
1403715359512143104.000000 0.640033007 -0.176897869 0.307833910 0.558040082 0.040083643 -0.213894024 0.800770879
1403715359562142976.000000 0.635479271 -0.197382390 0.298466861 0.556572616 0.042218093 -0.214788437 0.801442742
1403715359612143104.000000 0.629173577 -0.218038619 0.288430423 0.556145787 0.043179959 -0.213982359 0.801903367
1403715359662142976.000000 0.623989046 -0.237362444 0.276314646 0.555938601 0.042059112 -0.212754861 0.802433074
1403715359712143104.000000 0.619004011 -0.255899459 0.262998015 0.555907488 0.039832257 -0.211069986 0.803012908
1403715359762142976.000000 0.613587677 -0.273932457 0.249013245 0.555823743 0.037000988 -0.209700495 0.803565025
1403715359812143104.000000 0.609108806 -0.290783048 0.233446479 0.555952549 0.035245217 -0.207580537 0.804105103
1403715359862142976.000000 0.604788363 -0.306769073 0.217236876 0.555703521 0.033032052 -0.207337454 0.804433763
1403715359912143104.000000 0.598746717 -0.321736634 0.201782465 0.555834830 0.028865984 -0.206692085 0.804669440
1403715359962142976.000000 0.594436228 -0.335937440 0.184795201 0.556610346 0.023890007 -0.204366505 0.804890454
1403715360012143104.000000 0.590555191 -0.349504322 0.167631418 0.556464553 0.021072451 -0.204886273 0.804937840
1403715360062142976.000000 0.584192812 -0.361126125 0.152373582 0.556168854 0.019262541 -0.205891848 0.804930925
1403715360112143104.000000 0.580287695 -0.373943180 0.135237187 0.555942655 0.018287560 -0.207162216 0.804783881
1403715360162142976.000000 0.576496303 -0.386682928 0.118169934 0.555718362 0.018005133 -0.208583593 0.804578066
1403715360212143104.000000 0.570778787 -0.398740441 0.101828605 0.555619240 0.017872756 -0.209505871 0.804409862
1403715360262142976.000000 0.567477047 -0.410541803 0.085074693 0.555094600 0.017378798 -0.209671929 0.804739535
1403715360312143104.000000 0.564067900 -0.421945751 0.068681985 0.554042697 0.016139204 -0.207965419 0.805932164
1403715360362142976.000000 0.558674932 -0.432577491 0.053846896 0.552876532 0.013015702 -0.202957287 0.808063447
1403715360412143104.000000 0.555702925 -0.443092704 0.038535058 0.551250219 0.008648539 -0.195671648 0.811024725
1403715360462142976.000000 0.553172886 -0.452802539 0.023955435 0.548315406 0.004091816 -0.188034818 0.814847469
1403715360512143104.000000 0.547957718 -0.461849928 0.011214614 0.544148743 0.000355805 -0.179931059 0.819467485
1403715360562142976.000000 0.545870304 -0.470068604 -0.000494391 0.538496077 -0.002202397 -0.173137888 0.824645638
1403715360612143104.000000 0.544762731 -0.477538526 -0.010748804 0.530855179 -0.003157415 -0.168511286 0.830534101
1403715360662142976.000000 0.544191599 -0.484567344 -0.019282490 0.521787167 -0.001641704 -0.165172353 0.836931109
1403715360712143104.000000 0.545580387 -0.489738375 -0.026856109 0.511758566 -0.000017354 -0.162614077 0.843599379
1403715360762142976.000000 0.548166871 -0.493869096 -0.032990754 0.499866456 0.003003916 -0.163148597 0.850592256
1403715360812143104.000000 0.550633430 -0.496860087 -0.037344813 0.487078756 0.005783809 -0.163624436 0.857874095
1403715360862142976.000000 0.554043174 -0.499509990 -0.041226432 0.473767608 0.008733664 -0.164099693 0.865181684
1403715360912143104.000000 0.557704091 -0.501567721 -0.044382006 0.460359156 0.012154512 -0.163657546 0.872432172
1403715360962142976.000000 0.561361969 -0.507119834 -0.045159876 0.446687162 0.013925599 -0.162028968 0.879786015
1403715361012143104.000000 0.565651178 -0.508681953 -0.047591925 0.433435470 0.015136659 -0.159602761 0.886809826
1403715361062142976.000000 0.569843173 -0.510013700 -0.049960583 0.420121789 0.015843092 -0.156684324 0.893698335
1403715361112143104.000000 0.573199868 -0.512579978 -0.051935881 0.406949341 0.015619733 -0.152779832 0.900448024
1403715361162142976.000000 0.576993346 -0.514040411 -0.054538958 0.393913329 0.015156113 -0.148742750 0.906905890
1403715361212143104.000000 0.580929339 -0.515491366 -0.057033226 0.380347550 0.014901306 -0.145440757 0.913214505
1403715361262142976.000000 0.584615707 -0.518830299 -0.058756985 0.367110461 0.014938679 -0.141754359 0.919191182
1403715361312143104.000000 0.588345945 -0.520635247 -0.061545879 0.353755414 0.015001036 -0.138606206 0.924889505
1403715361362142976.000000 0.591942191 -0.522623897 -0.064416990 0.340227842 0.015869478 -0.135359228 0.930414498
1403715361412143104.000000 0.592760205 -0.528408349 -0.065801412 0.327041417 0.016318982 -0.131579623 0.935662568
1403715361462142976.000000 0.594394088 -0.531776011 -0.068335921 0.314632535 0.016603801 -0.127459496 0.940470517
1403715361512143104.000000 0.595375955 -0.535928845 -0.070994936 0.303720921 0.017280426 -0.123850971 0.944518924
1403715361562142976.000000 0.595698297 -0.540928423 -0.073703356 0.294203550 0.017262323 -0.121239081 0.947864652
1403715361612143104.000000 0.595689952 -0.546913087 -0.076381043 0.285492867 0.017295882 -0.120462425 0.950622678
1403715361662142976.000000 0.594021440 -0.553087950 -0.079015911 0.278602391 0.016993992 -0.118863493 0.952871144
1403715361712143104.000000 0.592614532 -0.560980022 -0.081631899 0.272087425 0.015260044 -0.116233744 0.955104887
1403715361762142976.000000 0.590496063 -0.569661677 -0.083833314 -0.265243441 -0.012187023 0.112977952 -0.957461953
1403715361812143104.000000 0.587460697 -0.579500556 -0.083954617 0.258382916 0.008749651 -0.109244451 0.959805965
1403715361862142976.000000 0.584674478 -0.589885056 -0.085274026 0.250560224 0.005321748 -0.105469540 0.962324023
1403715361912143104.000000 0.581814408 -0.600797653 -0.086016491 -0.241275594 -0.003398612 0.102491468 -0.965023339
1403715361962142976.000000 0.578153849 -0.611579359 -0.085769728 0.232115313 0.003457216 -0.097617939 0.967771292
1403715362012143104.000000 0.575669825 -0.624019980 -0.085331783 0.222081780 0.003805869 -0.092561387 0.970617115
1403715362062142976.000000 0.573043704 -0.637164235 -0.084159389 0.210927039 0.004455271 -0.088664420 0.973462164
1403715362112143104.000000 0.568862975 -0.649769306 -0.081286311 0.199006066 0.005197566 -0.084014863 0.976376534
1403715362162142976.000000 0.565361798 -0.663927674 -0.078221820 0.185988814 0.005316764 -0.080424249 0.979240477
1403715362212143104.000000 0.562013805 -0.678171039 -0.074076854 -0.172299698 -0.006101877 0.076350003 -0.982062280
1403715362262142976.000000 0.557245195 -0.692962646 -0.070517428 0.158015355 0.007518694 -0.072034739 0.984776974
1403715362312143104.000000 0.553432822 -0.708970845 -0.065020703 0.143312007 0.007714044 -0.067936115 0.987312973
1403715362362142976.000000 0.549928844 -0.726256311 -0.059116900 -0.128365234 -0.007980085 0.063190304 -0.989679635
1403715362412143104.000000 0.545019388 -0.743172646 -0.054910794 0.113424785 0.008325987 -0.057954308 0.991819978
1403715362462142976.000000 0.540905416 -0.762174249 -0.048917741 0.098539814 0.008860445 -0.051808562 0.993744135
1403715362512143104.000000 0.536647081 -0.782025218 -0.042719644 0.083346151 0.009559524 -0.045827687 0.995420516
1403715362562142976.000000 0.535215080 -0.801554024 -0.036992267 0.068155006 0.008977940 -0.040846694 0.996797860
1403715362612143104.000000 0.531305313 -0.823481739 -0.029935565 0.053624280 0.008973611 -0.034602582 0.997921228
1403715362662142976.000000 0.528705597 -0.845905364 -0.024039570 0.039450623 0.009166711 -0.028479874 0.998773515
1403715362712143104.000000 0.526111186 -0.869753659 -0.016808797 0.025799153 0.009506307 -0.021278789 0.999395490
1403715362762142976.000000 0.524219275 -0.894489527 -0.009395835 -0.013521523 -0.009577037 0.011324066 -0.999798596
1403715362812143104.000000 0.522997737 -0.919998527 -0.001830276 -0.002359068 -0.009843830 -0.000893776 -0.999948382
1403715362862142976.000000 0.522280633 -0.945821404 0.005769030 0.006993856 -0.011146956 -0.016872920 -0.999771059
1403715362912143104.000000 0.526443720 -0.969338775 0.011865251 -0.015121943 0.015540083 0.035313938 0.999141097
1403715362962142976.000000 0.528373361 -0.993773580 0.019373190 -0.023935610 0.021505594 0.049962942 0.998232603
1403715363012143104.000000 0.530958295 -1.016555429 0.026920114 -0.032135721 0.026581742 0.063395821 0.997116685
1403715363062142976.000000 0.534394145 -1.036782742 0.034529779 0.040675517 -0.029505625 -0.074289724 -0.995969951
1403715363112143104.000000 0.537937760 -1.055195332 0.040975437 0.049606349 -0.031158406 -0.082452334 -0.994871914
1403715363162142976.000000 0.541201770 -1.071135640 0.046523128 0.058776718 -0.029747514 -0.088462763 -0.993898809
1403715363212143104.000000 0.544908047 -1.084415436 0.051035084 0.068353504 -0.028636498 -0.093151473 -0.992890060
1403715363262142976.000000 0.545821786 -1.093459606 0.052975573 -0.077939734 0.027694706 0.096389927 0.991900921
1403715363312143104.000000 0.550270677 -1.101610899 0.055695478 -0.087494716 0.026788441 0.100062117 0.990764678
1403715363362142976.000000 0.554714143 -1.107247591 0.057169333 -0.097425483 0.026596772 0.103274167 0.989512682
1403715363412143104.000000 0.559820294 -1.111679196 0.057872444 0.107237197 -0.027295109 -0.105895847 -0.988201022
1403715363462142976.000000 0.564872980 -1.113008618 0.057650767 0.117755599 -0.027791778 -0.108115338 -0.986748397
1403715363512143104.000000 0.570081174 -1.111959219 0.056541305 0.128541440 -0.028244641 -0.109889373 -0.985192239
1403715363562142976.000000 0.575427890 -1.108786464 0.054440405 0.140593514 -0.027937651 -0.108732723 -0.983681977
1403715363612143104.000000 0.580817997 -1.103461027 0.051826417 0.153938368 -0.027079144 -0.104687236 -0.982145786
1403715363662142976.000000 0.586023808 -1.096580505 0.048909917 0.166421443 -0.026339661 -0.102731116 -0.980334878
1403715363712143104.000000 0.591314554 -1.088188410 0.045517437 0.179308906 -0.026356224 -0.101214662 -0.978217423
1403715363762142976.000000 0.592678607 -1.071638823 0.045985136 -0.191478983 0.026852012 0.101864196 0.975827098
1403715363812143104.000000 0.597352564 -1.062087297 0.042811353 -0.204342440 0.027503286 0.103701331 0.973002493
1403715363862142976.000000 0.600899696 -1.051276565 0.038307138 -0.217374787 0.027880704 0.107622206 0.969736278
1403715363912143104.000000 0.605403244 -1.040958405 0.032389984 0.231303290 -0.028849900 -0.110827789 -0.966117918
1403715363962142976.000000 0.609252214 -1.029710889 0.026656773 0.246551827 -0.030698124 -0.113427736 -0.961979210
1403715364012143104.000000 0.612324119 -1.018310189 0.020520100 0.261292309 -0.031650782 -0.118399814 -0.957447767
1403715364062142976.000000 0.615133286 -1.006741405 0.013861369 0.276275039 -0.032820307 -0.122441962 -0.952682018
1403715364112143104.000000 0.617771924 -0.995761931 0.006784767 0.289361238 -0.034183268 -0.127042979 -0.948135912
1403715364162142976.000000 0.620232284 -0.985236466 -0.001205020 0.301196784 -0.035518736 -0.130594566 -0.943908930
1403715364212143104.000000 0.622110128 -0.975237370 -0.009183191 0.310851991 -0.034909151 -0.134044886 -0.940310836
1403715364262142976.000000 0.626501739 -0.957628727 -0.012423910 -0.318156660 0.034257036 0.138345718 0.937263727
1403715364312143104.000000 0.628819048 -0.948003650 -0.020937733 -0.323418319 0.033173248 0.143444777 0.934731901
1403715364362142976.000000 0.630865574 -0.938890815 -0.029862016 -0.326912344 0.031437412 0.148387134 0.932802916
1403715364412143104.000000 0.632339478 -0.931244969 -0.041355267 0.328878343 -0.030617394 -0.153227299 -0.931355476
1403715364462142976.000000 0.634997249 -0.922412694 -0.051887333 0.330756277 -0.030629469 -0.155729845 -0.930274367
1403715364512143104.000000 0.637324929 -0.913014650 -0.062689573 0.330921948 -0.030516941 -0.158906072 -0.929681838
1403715364562142976.000000 0.639911294 -0.903286994 -0.074519306 0.330858052 -0.031173678 -0.160432115 -0.929420650
1403715364612143104.000000 0.642784119 -0.892668724 -0.087064750 0.331009388 -0.031341121 -0.160754070 -0.929305494
1403715364662142976.000000 0.646258831 -0.880302370 -0.099940717 0.332161903 -0.032627229 -0.160703704 -0.928858578
1403715364712143104.000000 0.649967313 -0.867607057 -0.114284553 0.335520416 -0.033600491 -0.157688305 -0.928133368
1403715364762142976.000000 0.659791172 -0.849167645 -0.126056254 -0.340896577 0.031358290 0.153068125 0.927025557
1403715364812143104.000000 0.662634015 -0.835351944 -0.141769618 -0.347074360 0.027691774 0.148259670 0.925630391
1403715364862142976.000000 0.665225565 -0.821583688 -0.158142701 -0.353430778 0.023559405 0.144908234 0.923868716
1403715364912143104.000000 0.665323436 -0.809080541 -0.173835143 0.359352708 -0.020216756 -0.143686578 -0.921852052
1403715364962142976.000000 0.667116404 -0.796109974 -0.189863786 0.366223037 -0.016446285 -0.142358661 -0.919426084
1403715365012143104.000000 0.669147968 -0.783211172 -0.205658689 0.372113705 -0.014692184 -0.144271165 -0.916788697
1403715365062142976.000000 0.671358943 -0.770239711 -0.221317470 0.378802508 -0.012132385 -0.145146519 -0.913944244
1403715365112143104.000000 0.674112678 -0.757581890 -0.236693963 0.385688215 -0.012219130 -0.146505922 -0.910841048
1403715365162142976.000000 0.682367206 -0.748212397 -0.250593036 -0.392780691 0.014269485 0.147991464 0.907534242
1403715365212143104.000000 0.685805678 -0.736742496 -0.264939666 -0.399890095 0.016411956 0.149468094 0.904144824
1403715365262142976.000000 0.689049423 -0.725877225 -0.278441906 -0.406446576 0.017805079 0.150225088 0.901064157
1403715365312143104.000000 0.691529274 -0.713428199 -0.291697025 0.412121773 -0.018664217 -0.150831908 -0.898363590
1403715365362142976.000000 0.693973899 -0.703343570 -0.303973496 0.417011052 -0.019618584 -0.152502209 -0.895801306
1403715365412143104.000000 0.701039493 -0.701370001 -0.315072030 -0.422306538 0.021486197 0.155773133 0.892709613
1403715365462142976.000000 0.702813685 -0.692926407 -0.326703072 -0.428465903 0.021994051 0.158559725 0.889264882
1403715365512143104.000000 0.704364955 -0.685415328 -0.337941885 -0.435133278 0.023635527 0.162060410 0.885345638
1403715365562142976.000000 0.706212580 -0.678358972 -0.349502563 0.442984641 -0.023856379 -0.165230781 -0.880848646
1403715365612143104.000000 0.707342684 -0.672104597 -0.360664845 0.450749844 -0.025996231 -0.171284690 -0.875677168
1403715365662142976.000000 0.710446835 -0.670902610 -0.370794415 -0.458997041 0.028871063 0.178688988 0.869803727
1403715365712143104.000000 0.711020589 -0.665654242 -0.381967455 -0.467595786 0.031631116 0.186354309 0.863496244
1403715365762142976.000000 0.710979283 -0.660677075 -0.393508106 -0.476681143 0.033796147 0.193891823 0.856760740
1403715365812143104.000000 0.711001873 -0.656306565 -0.405827254 0.485960752 -0.034958739 -0.200574681 -0.849935174
1403715365862142976.000000 0.713347316 -0.656777799 -0.417127043 -0.494821936 0.035872899 0.205528021 0.843577325
1403715365912143104.000000 0.712275624 -0.653269351 -0.430110574 -0.502876222 0.036024712 0.210067391 0.837669075
1403715365962142976.000000 0.710815907 -0.650007904 -0.443342388 -0.509485841 0.036331575 0.214755893 0.832456708
1403715366012143104.000000 0.708565950 -0.647258401 -0.457005024 0.514454186 -0.039157491 -0.220255658 -0.827823162
1403715366062142976.000000 0.705446362 -0.644445360 -0.471099645 0.518380880 -0.040817197 -0.225602031 -0.823843956
1403715366112143104.000000 0.701732516 -0.641713679 -0.486027360 0.521201730 -0.043619275 -0.231177777 -0.820367634
1403715366162142976.000000 0.695243537 -0.637285888 -0.500895858 -0.524610698 0.045218028 0.233583704 0.817421377
1403715366212143104.000000 0.690037787 -0.635343254 -0.518357277 -0.526952446 0.046321101 0.235196218 0.815388381
1403715366262142976.000000 0.684226692 -0.633666992 -0.536838531 -0.529071927 0.047094792 0.235731736 0.813815475
1403715366312143104.000000 0.678121805 -0.632018745 -0.556769848 -0.531115472 0.046010841 0.234700441 0.812843919
1403715366362142976.000000 0.671625495 -0.630398870 -0.578677058 0.532795370 -0.045070991 -0.233335212 -0.812189937
1403715366412143104.000000 0.664340615 -0.628978252 -0.601053059 0.533837497 -0.041187707 -0.231730238 -0.812171400
1403715366462142976.000000 0.656561315 -0.627861917 -0.624772191 0.535749018 -0.036264770 -0.227743253 -0.812275112
1403715366512143104.000000 0.648718774 -0.626692235 -0.649069965 0.537149072 -0.031334106 -0.223836184 -0.812641680
1403715366562142976.000000 0.640122116 -0.625727594 -0.673332274 0.537300706 -0.027544783 -0.221642762 -0.813279688
1403715366612143104.000000 0.630634010 -0.617187560 -0.700124264 -0.536893725 0.023135159 0.220283195 0.814054787
1403715366662142976.000000 0.621182203 -0.615729034 -0.724448562 -0.536362946 0.019701561 0.219028205 0.814833343
1403715366712143104.000000 0.611613870 -0.613744974 -0.748436928 -0.535072684 0.016336149 0.218555927 0.815882206
1403715366762142976.000000 0.602047563 -0.611344397 -0.772490740 -0.533572793 0.013556666 0.219022289 0.816789806
1403715366812143104.000000 0.592900991 -0.611773849 -0.794468105 0.532034338 -0.009780000 -0.219490588 -0.817721009
1403715366862142976.000000 0.583984911 -0.604146600 -0.820004225 -0.530060768 0.007037002 0.220097333 0.818867087
1403715366912143104.000000 0.575378299 -0.601072133 -0.842925012 -0.528551519 0.005606731 0.220337138 0.819788694
1403715366962142976.000000 0.567312956 -0.597415805 -0.865569174 -0.526509523 0.005024076 0.222222984 0.820596993
1403715367012143104.000000 0.559687614 -0.592920244 -0.887786031 0.524580717 -0.004753457 -0.223348051 -0.821527958
1403715367062142976.000000 0.552954614 -0.587495685 -0.909873962 0.522930741 -0.005365038 -0.224490464 -0.822264373
1403715367112143104.000000 0.546856761 -0.580994129 -0.931849897 0.521446586 -0.005598350 -0.224965245 -0.823075175
1403715367162142976.000000 0.540777445 -0.569089413 -0.955360770 -0.519320250 0.005214732 0.226065218 0.824120104
1403715367212143104.000000 0.535811961 -0.560227096 -0.976981103 -0.518265426 0.005455121 0.225248739 0.825005651
1403715367262142976.000000 0.530727923 -0.550399065 -0.998209417 -0.516241074 0.006689717 0.226949275 0.825799286
1403715367312143104.000000 0.525493383 -0.539246321 -1.019528031 -0.514639735 0.005844622 0.227799356 0.826570868
1403715367362142976.000000 0.520710409 -0.526649117 -1.042003155 0.512782276 -0.005063567 -0.229488835 -0.827262759
1403715367412143104.000000 0.515521526 -0.512905836 -1.063431740 0.511362970 -0.004719962 -0.230298325 -0.827918053
1403715367462142976.000000 0.510418296 -0.497832716 -1.084743977 0.510189116 -0.004568883 -0.230395287 -0.828615844
1403715367512143104.000000 0.500564694 -0.482510984 -1.104812622 -0.508952022 0.003401715 0.230896980 0.829242408
1403715367562142976.000000 0.495855063 -0.464557171 -1.126238108 -0.507825613 0.002836330 0.230711520 0.829986334
1403715367612143104.000000 0.491263986 -0.445042580 -1.147765517 -0.506988168 0.003347164 0.230197415 0.830638945
1403715367662142976.000000 0.486641079 -0.424208790 -1.168829322 -0.505869329 0.003949278 0.230263218 0.831299901
1403715367712143104.000000 0.484049082 -0.403020382 -1.190727830 0.505657852 -0.004485616 -0.228527889 -0.831904471
1403715367762142976.000000 0.479391545 -0.382012486 -1.211072683 -0.505117655 0.004965365 0.227665350 0.832466185
1403715367812143104.000000 0.475916445 -0.357295543 -1.232122898 -0.505107880 0.004961410 0.225759298 0.832991123
1403715367862142976.000000 0.472495049 -0.331722856 -1.253194332 -0.505628169 0.005318000 0.222765967 0.833478987
1403715367912143104.000000 0.469013393 -0.304840267 -1.274261713 -0.506990969 0.006338061 0.218499884 0.833773315
1403715367962142976.000000 0.465923607 -0.276941895 -1.294962883 0.508214653 -0.010159319 -0.215139285 -0.833864391
1403715368012143104.000000 0.462162197 -0.248522490 -1.315260410 0.509181619 -0.013618601 -0.212988257 -0.833777368
1403715368062142976.000000 0.456869841 -0.224557877 -1.333578348 -0.509946942 0.017846011 0.211843997 0.833521366
1403715368112143104.000000 0.451792777 -0.195705414 -1.353454947 -0.510567665 0.020561863 0.211050272 0.833280146
1403715368162142976.000000 0.445904434 -0.166792125 -1.373182297 -0.511077821 0.023076778 0.211006463 0.832912445
1403715368212143104.000000 0.439130515 -0.138403118 -1.392775297 -0.511187375 0.024940299 0.211887196 0.832567930
1403715368262142976.000000 0.431458950 -0.109550953 -1.412844181 0.510627091 -0.027597815 -0.214459836 -0.832169116
1403715368312143104.000000 0.423469752 -0.081281841 -1.433122993 0.509906590 -0.029713714 -0.217398703 -0.831775308
1403715368362142976.000000 0.414939940 -0.053126872 -1.453913212 0.508778512 -0.033364210 -0.221291676 -0.831300914
1403715368412143104.000000 0.407528162 -0.029084802 -1.474815607 -0.508153021 0.036299206 0.224137455 0.830798030
1403715368462142976.000000 0.398031950 -0.001093924 -1.497282505 -0.508029163 0.040030483 0.225624964 0.830299616
1403715368512143104.000000 0.388058901 0.026992857 -1.520692110 -0.508565426 0.042204566 0.225924835 0.829781950
1403715368562142976.000000 0.377328992 0.054518640 -1.545337677 -0.510320067 0.042091638 0.223384485 0.829398096
1403715368612143104.000000 0.366348326 0.083781600 -1.570982933 0.512968838 -0.039447702 -0.218882605 -0.829094350
1403715368662142976.000000 0.354409158 0.111250341 -1.597531319 0.515530944 -0.035680342 -0.214409068 -0.828844666
1403715368712143104.000000 0.341817617 0.137987018 -1.624551058 0.517189741 -0.033012997 -0.211982071 -0.828546047
1403715368762142976.000000 0.326223373 0.163703978 -1.649416685 -0.519492745 0.030335184 0.208809793 0.828013062
1403715368812143104.000000 0.313448220 0.189306736 -1.677549243 -0.521166921 0.028295511 0.206566721 0.827595711
1403715368862142976.000000 0.300490737 0.214022875 -1.705696821 -0.522037864 0.026509518 0.206444636 0.827136338
1403715368912143104.000000 0.287674546 0.238228917 -1.733544230 -0.521909356 0.024734527 0.206032068 0.827375233
1403715368962142976.000000 0.275011748 0.262052178 -1.760141611 0.520216763 -0.022533432 -0.206070691 -0.828493595
1403715369012143104.000000 0.262223065 0.284909725 -1.787087083 0.516823947 -0.020012749 -0.206640020 -0.830537498
1403715369062142976.000000 0.249829888 0.307485759 -1.814032197 0.511969447 -0.017155947 -0.207016990 -0.833508790
1403715369112143104.000000 0.238033175 0.329946518 -1.840775132 0.505928218 -0.014728998 -0.206394210 -0.837389469
1403715369162142976.000000 0.216742396 0.357835889 -1.868076324 -0.498901397 0.012560700 0.204373270 0.842123091
1403715369212143104.000000 0.205819711 0.380843103 -1.894047141 -0.490989864 0.010618179 0.202051654 0.847343743
1403715369262142976.000000 0.195411608 0.404416323 -1.919751167 -0.482805520 0.008867269 0.197663590 0.853082299
1403715369312143104.000000 0.185158819 0.427593410 -1.945270896 -0.473306745 0.006945595 0.194141537 0.859209836
1403715369362142976.000000 0.177100405 0.451008499 -1.969668508 0.463291883 -0.006225318 -0.189858094 -0.865607262
1403715369412143104.000000 0.162997961 0.475843728 -1.993836880 -0.452574998 0.004894205 0.185265034 0.872254968
1403715369462142976.000000 0.154947892 0.499926805 -2.017341137 -0.441379339 0.003936469 0.181138650 0.878838778
1403715369512143104.000000 0.147160828 0.524197519 -2.040483475 -0.429779202 0.003297140 0.176825628 0.885444403
1403715369562142976.000000 0.139395788 0.548579931 -2.062978029 -0.417963207 0.002863930 0.172471017 0.891937375
1403715369612143104.000000 0.124648362 0.575865626 -2.081737757 -0.405946255 0.002943060 0.167486146 0.898413897
1403715369662142976.000000 0.117689990 0.600546002 -2.103351355 -0.394785792 0.002171017 0.162817031 0.904228985
1403715369712143104.000000 0.110782161 0.625936866 -2.124707699 -0.385130495 0.001818986 0.158356234 0.909172416
1403715369762142976.000000 0.103798874 0.651725233 -2.145424366 -0.376818627 0.000804519 0.153502077 0.913479209
1403715369812143104.000000 0.096666723 0.678200543 -2.165877819 0.369777411 -0.000178080 -0.149911717 -0.916946590
1403715369862142976.000000 0.084349997 0.704804778 -2.180934191 -0.364716053 -0.001191477 0.145364925 0.919700980
1403715369912143104.000000 0.076677993 0.731792808 -2.199005365 -0.360639125 -0.004195411 0.142087221 0.921809733
1403715369962142976.000000 0.068858683 0.759196818 -2.215974808 -0.357376546 -0.007896099 0.139658764 0.923425794
1403715370012143104.000000 0.061085332 0.786738694 -2.231441975 -0.355635703 -0.011492264 0.136255354 0.924567878
1403715370062142976.000000 0.053136617 0.812864125 -2.246596098 0.355075061 0.014252734 -0.131977543 -0.925365090
1403715370112143104.000000 0.045082889 0.839776576 -2.255422831 -0.355183035 -0.015182953 0.128409475 0.925810754
1403715370162142976.000000 0.039065048 0.867022574 -2.266439915 -0.355678827 -0.013078673 0.124342822 0.926207542
1403715370212143104.000000 0.033683099 0.893913746 -2.275588512 -0.354998022 -0.007302247 0.125874043 0.926325440
1403715370262142976.000000 0.029113278 0.920377016 -2.283428431 -0.354415178 -0.001078168 0.128595635 0.926202953
1403715370312143104.000000 0.023748055 0.949036181 -2.291461468 0.353794307 -0.004264326 -0.131580696 -0.926011860
1403715370362142976.000000 0.022789706 0.971691072 -2.293818474 -0.353283972 0.009164316 0.136060491 0.925523698
1403715370412143104.000000 0.019045547 0.996859968 -2.299308777 -0.352400005 0.013677426 0.141276717 0.925023317
1403715370462142976.000000 0.015496153 1.021703959 -2.304415941 -0.352061123 0.016587859 0.145584628 0.924436569
1403715370512143104.000000 0.012210384 1.046532393 -2.309628725 -0.352470547 0.019062409 0.148900524 0.923704386
1403715370562142976.000000 0.008051604 1.071430445 -2.315798759 0.352843702 -0.020462794 -0.151582628 -0.923095584
1403715370612143104.000000 0.004633661 1.096363187 -2.321646929 0.353800982 -0.021966422 -0.152529597 -0.922538400
1403715370662142976.000000 0.006131049 1.119751215 -2.325517416 -0.354734868 0.021936776 0.154337883 0.921879530
1403715370712143104.000000 0.002330340 1.145237207 -2.331781149 -0.355676830 0.022014514 0.154505745 0.921486497
1403715370762142976.000000 -0.001111861 1.170863628 -2.338074684 -0.357391804 0.021170782 0.152473494 0.921181202
1403715370812143104.000000 -0.004377861 1.196574569 -2.344508410 -0.359104902 0.019310199 0.150144324 0.920938373
1403715370862142976.000000 -0.007815082 1.221915483 -2.351015091 -0.360713720 0.016796002 0.148336083 0.920651972
1403715370912143104.000000 -0.012908388 1.246113777 -2.357412815 0.361925900 -0.014890858 -0.147787496 -0.920297146
1403715370962142976.000000 -0.017387088 1.271100521 -2.363207340 0.362628728 -0.011452591 -0.148401096 -0.919970870
1403715371012143104.000000 -0.019344199 1.297815323 -2.370514870 -0.362720728 0.006421238 0.150509030 0.919640958
1403715371062142976.000000 -0.024616458 1.323206902 -2.375289679 -0.362717509 -0.001059961 0.153088570 0.919238210
1403715371112143104.000000 -0.029448904 1.348704338 -2.378975630 -0.362854302 -0.008399534 0.154913649 0.918840587
1403715371162142976.000000 -0.033782750 1.374809384 -2.381485462 -0.362724483 -0.014469165 0.156790033 0.918497980
1403715371212143104.000000 -0.037519559 1.402016401 -2.382759094 -0.362844706 -0.019631201 0.157628492 0.918211102
1403715371262142976.000000 -0.037073925 1.430472612 -2.385287046 -0.363055319 -0.022723347 0.158035263 0.917986631
1403715371312143104.000000 -0.040301874 1.460072517 -2.383084536 -0.363285035 -0.023731839 0.157485038 0.917964756
1403715371362142976.000000 -0.042979635 1.490708590 -2.379483938 -0.363349736 -0.023778509 0.157202169 0.917986453
1403715371412143104.000000 -0.044948049 1.522351027 -2.374613523 -0.363462240 -0.022191202 0.156241849 0.918145597
1403715371462142976.000000 -0.045746103 1.554682255 -2.368771315 -0.363219470 -0.016270010 0.156180799 0.918376029
1403715371512143104.000000 -0.043134894 1.587366104 -2.365344524 -0.362380654 -0.008012448 0.157853067 0.918530643
1403715371562142976.000000 -0.042873304 1.621610641 -2.357223749 -0.361017406 0.001107128 0.159863666 0.918753922
1403715371612143104.000000 -0.042720631 1.656635642 -2.348516703 -0.359830230 0.008973822 0.161490366 0.918892086
1403715371662142976.000000 -0.042602424 1.692180395 -2.339900732 -0.358392775 0.016150666 0.163889065 0.918931067
1403715371712143104.000000 -0.042872444 1.728358030 -2.331523418 -0.356446832 0.021701036 0.167267740 0.918964803
1403715371762142976.000000 -0.042646769 1.764085293 -2.326127052 -0.354691744 0.024696153 0.169605017 0.919139922
1403715371812143104.000000 -0.043325976 1.802495480 -2.318687916 -0.354041219 0.026450569 0.169726834 0.919319391
1403715371862142976.000000 -0.045038484 1.841111779 -2.311974049 -0.354137480 0.023277288 0.167124301 0.919844687
1403715371912143104.000000 -0.047098264 1.879817843 -2.306432724 -0.355061829 0.019513948 0.162728369 0.920363963
1403715371962142976.000000 -0.049280562 1.918891668 -2.301276922 -0.356169701 0.015762867 0.157919332 0.920845389
1403715372012143104.000000 -0.050174505 1.959810972 -2.295209885 0.356511176 -0.012646438 -0.155253828 -0.921214521
1403715372062142976.000000 -0.051519513 1.999826193 -2.289874792 0.356978923 -0.012654575 -0.152483195 -0.921495974
1403715372112143104.000000 -0.055232309 2.035694599 -2.288245201 -0.356924444 0.013692172 0.151159734 0.921720326
1403715372162142976.000000 -0.055730827 2.075466394 -2.282994270 -0.356232435 0.014825949 0.150306106 0.922109902
1403715372212143104.000000 -0.055118605 2.115194321 -2.277994871 -0.353699178 0.016889635 0.150429115 0.923029125
1403715372262142976.000000 -0.053341564 2.155154705 -2.272912264 -0.351044416 0.017246604 0.148455352 0.924354613
1403715372312143104.000000 -0.051231593 2.194672346 -2.267915010 -0.346985787 0.017674694 0.146370962 0.926209509
1403715372362142976.000000 -0.045884375 2.236502171 -2.261633396 0.341742754 -0.017783223 -0.143944278 -0.928534210
1403715372412143104.000000 -0.043599635 2.272656202 -2.260340214 -0.335837752 0.018481363 0.139505371 0.931348383
1403715372462142976.000000 -0.037914306 2.312145233 -2.256054640 -0.330096215 0.018858442 0.136656955 0.933812499
1403715372512143104.000000 -0.031418443 2.351125717 -2.252314568 -0.325029284 0.018701395 0.133417174 0.936058819
1403715372562142976.000000 -0.023629759 2.390214682 -2.248906612 -0.320504308 0.019664465 0.130140424 0.938058496
1403715372612143104.000000 -0.015579732 2.428865671 -2.245979786 -0.316380769 0.020324305 0.127825633 0.939761043
1403715372662142976.000000 -0.007206891 2.466765165 -2.244306087 -0.313017756 0.020793334 0.125349000 0.941209435
1403715372712143104.000000 0.000673339 2.505095959 -2.241023540 -0.309913695 0.021218799 0.124436550 0.942347527
1403715372762142976.000000 0.007797647 2.542926550 -2.237677097 -0.307843357 0.020738292 0.122852363 0.943244338
1403715372812143104.000000 0.014552835 2.580413342 -2.234376192 -0.305924803 0.021306457 0.122214437 0.943938434
1403715372862142976.000000 0.020814050 2.617772818 -2.231009960 -0.304224640 0.021274209 0.122374378 0.944467783
1403715372912143104.000000 0.025785975 2.655329466 -2.225894928 0.302420795 -0.021977885 -0.123734780 -0.944853604
1403715372962142976.000000 0.032644562 2.692024946 -2.223223686 -0.300866276 0.023084966 0.125627726 0.945073724
1403715373012143104.000000 0.038131703 2.728433132 -2.219569683 -0.299594373 0.023490865 0.127560571 0.945208907
1403715373062142976.000000 0.043298274 2.764599800 -2.216125011 -0.298682660 0.024274340 0.129262671 0.945246279
1403715373112143104.000000 0.048228785 2.800614119 -2.212872982 -0.298205346 0.025034230 0.130803078 0.945165336
1403715373162142976.000000 0.052705146 2.836663723 -2.209911585 -0.297996581 0.025455497 0.131877705 0.945070624
1403715373212143104.000000 0.056457877 2.874436378 -2.203484774 -0.298273891 0.025794616 0.132696554 0.944859266
1403715373262142976.000000 0.060419552 2.910653114 -2.201010942 -0.299124449 0.025243640 0.132361203 0.944652259
1403715373312143104.000000 0.064832099 2.946817398 -2.199064016 -0.301094383 0.024611501 0.129462168 0.944444895
1403715373362142976.000000 0.069061756 2.982590675 -2.197144508 -0.302481860 0.024374416 0.128416613 0.944150329
1403715373412143104.000000 0.073085956 3.018194675 -2.195250273 -0.303588152 0.024197986 0.127713159 0.943895221
1403715373462142976.000000 0.077722810 3.053955317 -2.193935394 0.304700315 -0.024027463 -0.126545176 -0.943698466
1403715373512143104.000000 0.078687236 3.091531277 -2.186751366 -0.304740131 0.023703717 0.125279576 0.943862617
1403715373562142976.000000 0.082025304 3.125786304 -2.184457302 -0.304146737 0.023103679 0.121488608 0.944564283
1403715373612143104.000000 0.084990606 3.159481764 -2.181630850 -0.302769810 0.020742932 0.115457274 0.945816994
1403715373662142976.000000 0.087895162 3.192154169 -2.178379774 -0.299553543 0.019294171 0.109254703 0.947606921
1403715373712143104.000000 0.090924017 3.223326445 -2.174853563 -0.294910163 0.018125251 0.101719916 0.949922442
1403715373762142976.000000 0.094210789 3.256758690 -2.168423653 -0.288231790 0.017439591 0.095654391 0.952611446
1403715373812143104.000000 0.097282454 3.284935474 -2.163349628 -0.279444516 0.017605446 0.091354899 0.955643833
1403715373862142976.000000 0.100642517 3.311913013 -2.157328129 -0.268770099 0.017758634 0.088375874 0.958977044
1403715373912143104.000000 0.104380205 3.337688446 -2.150754452 -0.256923318 0.018183170 0.085728928 0.962450206
1403715373962142976.000000 0.108304761 3.362163544 -2.143712282 -0.244097322 0.019061783 0.083359040 0.965973318
1403715374012143104.000000 0.113158844 3.389046192 -2.134509325 -0.230806291 0.019428380 0.079784401 0.969528496
1403715374062142976.000000 0.116190299 3.410460711 -2.127132416 -0.217094034 0.019894673 0.076378211 0.972954690
1403715374112143104.000000 0.119329117 3.430849791 -2.119032145 -0.203047469 0.020607309 0.072716974 0.976247609
1403715374162142976.000000 0.122595951 3.450312614 -2.110754251 -0.189671010 0.020406771 0.067299888 0.979325950
1403715374212143104.000000 0.126138926 3.469086170 -2.102231979 -0.175620198 0.020323340 0.063020952 0.982228577
1403715374262142976.000000 0.127216876 3.483306646 -2.096813440 -0.161623225 0.021263544 0.058428064 0.984891832
1403715374312143104.000000 0.130224735 3.500465155 -2.088680506 -0.147684827 0.020197125 0.054774243 0.987310052
1403715374362142976.000000 0.133579269 3.517400742 -2.081090689 -0.135129973 0.018763257 0.049855307 0.989394903
1403715374412143104.000000 0.137460291 3.534358978 -2.073487043 -0.124128945 0.016423082 0.045570739 0.991083086
1403715374462142976.000000 0.141617134 3.551044464 -2.065630436 -0.114836581 0.013783187 0.041948251 0.992402613
1403715374512143104.000000 0.146344259 3.567009211 -2.056941509 -0.107178234 0.008483343 0.039204702 0.993430436
1403715374562142976.000000 0.150825337 3.583203077 -2.048192501 -0.101409301 0.004811188 0.036895059 0.994148791
1403715374612143104.000000 0.155408680 3.599192858 -2.038990974 -0.097135052 0.000709150 0.034684077 0.994666517
1403715374662142976.000000 0.160608754 3.614693403 -2.028717995 -0.093916111 -0.002046062 0.033982880 0.994997859
1403715374712143104.000000 0.166395858 3.629843950 -2.016958714 -0.091869794 -0.004114748 0.032809831 0.995221853
1403715374762142976.000000 0.172538310 3.646255016 -2.003509045 0.090691134 0.005753439 -0.031826589 -0.995353818
1403715374812143104.000000 0.179384246 3.661005497 -1.989252925 0.090490490 0.006557757 -0.030820331 -0.995398760
1403715374862142976.000000 0.186404392 3.671026230 -1.977141500 -0.091173254 -0.006781369 0.030649981 0.995340228
1403715374912143104.000000 0.194208637 3.684649229 -1.959894419 -0.092442848 -0.006129849 0.029173372 0.995271742
1403715374962142976.000000 0.202808201 3.697353125 -1.941870332 -0.093843102 -0.002084159 0.028074199 0.995188951
1403715375012143104.000000 0.211551547 3.709266424 -1.922560573 -0.095483139 0.001700922 0.027590396 0.995047212
1403715375062142976.000000 0.220914468 3.720316648 -1.902104735 -0.097807698 0.005276502 0.025984708 0.994852066
1403715375112143104.000000 0.229718268 3.732400179 -1.878116727 0.099931650 -0.007566557 -0.025813960 -0.994630575
1403715375162142976.000000 0.238499865 3.738611460 -1.861349821 -0.102150984 0.010029350 0.026397420 0.994368076
1403715375212143104.000000 0.247582570 3.746572495 -1.838323474 -0.104336865 0.012050010 0.027367366 0.994092405
1403715375262142976.000000 0.256245792 3.753263950 -1.814820170 -0.106137671 0.012704827 0.029462950 0.993833721
1403715375312143104.000000 0.264734536 3.758998394 -1.791349292 -0.108498499 0.013121178 0.030821750 0.993532062
1403715375362142976.000000 0.272261202 3.762704849 -1.767466903 0.109953694 -0.014225032 -0.034710981 -0.993228614
1403715375412143104.000000 0.278415740 3.767427683 -1.745681882 -0.112941705 0.012796712 0.034946606 0.992904484
1403715375462142976.000000 0.287006795 3.770563841 -1.720907092 -0.114593945 0.013584958 0.037881050 0.992597044
1403715375512143104.000000 0.295399606 3.773143291 -1.695876360 -0.116391905 0.013183324 0.039801281 0.992317975
1403715375562142976.000000 0.303531885 3.775060415 -1.670328736 -0.117729664 0.012999125 0.043147974 0.992022693
1403715375612143104.000000 0.311977357 3.776397467 -1.644899130 0.119277179 -0.013064543 -0.045388475 -0.991737008
1403715375662142976.000000 0.315334797 3.778021812 -1.620765567 -0.120851293 0.013933818 0.047099181 0.991454780
1403715375712143104.000000 0.323094785 3.779072285 -1.594624281 -0.122829661 0.015176509 0.047327992 0.991182506
1403715375762142976.000000 0.330858588 3.779794931 -1.567979932 -0.124116778 0.016384257 0.048025396 0.990969300
1403715375812143104.000000 0.338581115 3.780351877 -1.541257024 -0.125552624 0.017399123 0.048233166 0.990761042
1403715375862142976.000000 0.347034991 3.780722380 -1.514921188 0.127219945 -0.018932398 -0.046736352 -0.990591943
1403715375912143104.000000 0.351402432 3.779297829 -1.489699602 -0.128947243 0.019402372 0.044430289 0.990465641
1403715375962142976.000000 0.359697342 3.778616905 -1.463189840 -0.130003184 0.021072160 0.043181777 0.990348637
1403715376012143104.000000 0.367721885 3.777427673 -1.436829209 -0.130796731 0.021978473 0.041407563 0.990300298
1403715376062142976.000000 0.374814838 3.775604725 -1.410406947 -0.130452484 0.022971468 0.042452149 0.990278959
1403715376112143104.000000 0.381744742 3.772608757 -1.384861588 0.129159987 -0.024114015 -0.044306051 -0.990339994
1403715376162142976.000000 0.385946423 3.767786503 -1.359157801 -0.127344713 0.025565540 0.047106352 0.990409374
1403715376212143104.000000 0.391650289 3.764378786 -1.333245873 -0.125680745 0.026947210 0.050158031 0.990435481
1403715376262142976.000000 0.396772206 3.760535240 -1.307560325 -0.123988457 0.028102236 0.052719317 0.990483701
1403715376312143104.000000 0.402415216 3.756459475 -1.282514930 -0.123503461 0.034119245 0.052055273 0.990390360
1403715376362142976.000000 0.406889319 3.752058744 -1.257776856 0.123196892 -0.042566065 -0.051410981 -0.990135133
1403715376412143104.000000 0.417816311 3.745999098 -1.230842829 -0.124398619 0.047804389 0.048869189 0.989874542
1403715376462142976.000000 0.421096444 3.741127968 -1.208409905 -0.125403926 0.047328383 0.044748954 0.989965379
1403715376512143104.000000 0.423143715 3.735607624 -1.187031627 -0.125830323 0.043326057 0.041507158 0.990235686
1403715376562142976.000000 0.424791276 3.729285240 -1.166617036 -0.125549078 0.038142174 0.039279144 0.990575492
1403715376612143104.000000 0.426912040 3.721409559 -1.147134900 0.125078887 -0.033857785 -0.037517969 -0.990858853
1403715376662142976.000000 0.425136805 3.713349819 -1.128655434 -0.124050945 0.029309550 0.036690027 0.991164088
1403715376712143104.000000 0.426512986 3.704247952 -1.110378265 -0.122870371 0.027655030 0.036341563 0.991371512
1403715376762142976.000000 0.428008318 3.694310427 -1.092692733 -0.122157097 0.027146606 0.034568816 0.991537035
1403715376812143104.000000 0.429526567 3.683542728 -1.075515270 -0.121190615 0.028785618 0.033266000 0.991654038
1403715376862142976.000000 0.428649843 3.673993587 -1.059530854 -0.119541511 0.032485746 0.033039454 0.991747439
1403715376912143104.000000 0.431075513 3.661115170 -1.044396162 -0.117989458 0.038964070 0.032184131 0.991728067
1403715376962142976.000000 0.433710515 3.647207975 -1.030362368 -0.117006555 0.046745807 0.029656380 0.991587043
1403715377012143104.000000 0.435064346 3.632076740 -1.017327428 -0.114515692 0.051964916 0.030532058 0.991591454
1403715377062142976.000000 0.434083432 3.617088079 -1.005992532 -0.112570703 0.052131716 0.029398739 0.991839647
1403715377112143104.000000 0.432893097 3.599695206 -0.995203733 -0.111112013 0.046960343 0.028530028 0.992287755
1403715377162142976.000000 0.431448400 3.581392765 -0.985840023 -0.110026114 0.041794278 0.026486924 0.992696285
1403715377212143104.000000 0.429727614 3.562034130 -0.977338076 -0.108944550 0.037053905 0.024968520 0.993043125
1403715377262142976.000000 0.427710980 3.545797110 -0.966479003 -0.107133441 0.033986971 0.024456739 0.993362606
1403715377312143104.000000 0.426073700 3.523873806 -0.959516764 -0.105225839 0.032407708 0.025264468 0.993599057
1403715377362142976.000000 0.424448401 3.501060247 -0.953510046 -0.103784688 0.032466445 0.025522375 0.993742108
1403715377412143104.000000 0.422338873 3.477001190 -0.948669493 0.101475783 -0.034631852 -0.026757583 -0.993874907
1403715377462142976.000000 0.421194106 3.455770493 -0.943491399 -0.100312822 0.036348604 0.026537197 0.993937612
1403715377512143104.000000 0.418477446 3.430499315 -0.939932644 -0.099077202 0.037383359 0.026694072 0.994018972
1403715377562142976.000000 0.415302247 3.404544353 -0.937054753 -0.097854346 0.037731867 0.027624350 0.994101524
1403715377612143104.000000 0.412022740 3.378763437 -0.934755027 0.097108662 -0.037053365 -0.027766513 -0.994196236
1403715377662142976.000000 0.406772077 3.352365971 -0.931879938 -0.096555918 0.034881733 0.027897382 0.994324923
1403715377712143104.000000 0.402357548 3.324814796 -0.931101978 -0.096233971 0.032669980 0.028467808 0.994415104
1403715377762142976.000000 0.398025125 3.296707392 -0.930938005 -0.096110724 0.031893313 0.028485453 0.994451702
1403715377812143104.000000 0.393647313 3.268445253 -0.931524515 0.095816188 -0.030816490 -0.028852547 -0.994503498
1403715377862142976.000000 0.390652984 3.240596771 -0.929802001 -0.095648810 0.029874485 0.029314365 0.994534850
1403715377912143104.000000 0.385555446 3.210865736 -0.931492984 -0.095489793 0.029558104 0.029454866 0.994555473
1403715377962142976.000000 0.380066693 3.180746555 -0.933396041 -0.095109694 0.029749520 0.029931985 0.994571924
1403715378012143104.000000 0.374715239 3.150583982 -0.935696721 0.094153687 -0.029823566 -0.032125261 -0.994592190
1403715378062142976.000000 0.368527085 3.119627237 -0.933708489 -0.092594251 0.030867213 0.035188869 0.994603097
1403715378112143104.000000 0.362424821 3.088533401 -0.936869800 -0.091108359 0.031513974 0.037985250 0.994617224
1403715378162142976.000000 0.356052011 3.057404995 -0.940486073 -0.089336947 0.032571945 0.040946227 0.994626343
1403715378212143104.000000 0.349906206 3.026126146 -0.944160759 0.087621711 -0.033863664 -0.044337232 -0.994590342
1403715378262142976.000000 0.342952073 2.995600224 -0.945663869 -0.085872203 0.032201771 0.047578160 0.994648337
1403715378312143104.000000 0.335760206 2.965677738 -0.950324476 -0.084039785 0.030200571 0.051469352 0.994673967
1403715378362142976.000000 0.328160465 2.936712742 -0.955282867 -0.082529545 0.026860595 0.054842141 0.994715989
1403715378412143104.000000 0.321068048 2.909092665 -0.960212767 0.081708938 -0.022281978 -0.056557022 -0.994800746
1403715378462142976.000000 0.311911672 2.881606817 -0.964114010 -0.082146175 0.018840389 0.055954717 0.994869888
1403715378512143104.000000 0.305364609 2.856173038 -0.970157743 -0.083134152 0.015369032 0.053431910 0.994986236
1403715378562142976.000000 0.299678087 2.831748724 -0.976587176 -0.084716223 0.013042460 0.049589701 0.995084882
1403715378612143104.000000 0.294710964 2.808022261 -0.982926965 -0.085546777 0.011318492 0.047768839 0.995124042
1403715378662142976.000000 0.288874954 2.783769608 -0.987796128 -0.086495824 0.009011975 0.045727503 0.995161474
1403715378712143104.000000 0.284802943 2.760882616 -0.993575752 -0.087011255 0.006608489 0.044267640 0.995201349
1403715378762142976.000000 0.281317830 2.738658667 -0.999049664 -0.087257057 0.003800653 0.043765340 0.995216787
1403715378812143104.000000 0.278521359 2.717024326 -1.003816009 -0.087167054 0.000195219 0.043966722 0.995223045
1403715378862142976.000000 0.274985075 2.695477486 -1.006361127 -0.086977504 -0.002529988 0.044617865 0.995207489
1403715378912143104.000000 0.274181277 2.674853325 -1.009521604 -0.086582772 -0.004534717 0.045257147 0.995205820
1403715378962142976.000000 0.274464577 2.654750824 -1.011801243 -0.086444817 -0.005660315 0.045885071 0.995183289
1403715379012143104.000000 0.276006728 2.635144234 -1.013221502 -0.086309649 -0.005744108 0.046336543 0.995173693
1403715379062142976.000000 0.278266579 2.615824223 -1.012475014 0.087111816 0.005312922 -0.045167807 -0.995159864
1403715379112143104.000000 0.281605929 2.597270966 -1.012030363 0.087621473 0.003876199 -0.043331776 -0.995203435
1403715379162142976.000000 0.285883486 2.579278469 -1.010991693 0.089553781 0.000913928 -0.039020333 -0.995216966
1403715379212143104.000000 0.290291131 2.561519861 -1.009403229 0.091303185 -0.000668280 -0.035094641 -0.995204389
1403715379262142976.000000 0.295096189 2.545330524 -1.006251693 -0.092940383 0.002025214 0.031326506 0.995176733
1403715379312143104.000000 0.299932271 2.527520418 -1.003992319 -0.094452426 0.002803872 0.028246628 0.995124638
1403715379362142976.000000 0.305286020 2.509356499 -1.000863194 -0.095603056 0.003827506 0.025208957 0.995092988
1403715379412143104.000000 0.310722202 2.490672827 -0.997328639 -0.096765518 0.003889770 0.022926239 0.995035589
1403715379462142976.000000 0.314923584 2.470783949 -0.992625177 0.097586989 -0.002805325 -0.021155173 -0.994998217
1403715379512143104.000000 0.320397705 2.450763464 -0.987657607 0.098407671 -0.001872030 -0.019619778 -0.994951010
1403715379562142976.000000 0.327285409 2.429329157 -0.981255949 -0.098350078 0.000330031 0.019922053 0.994952440
1403715379612143104.000000 0.333961397 2.407886744 -0.974407971 -0.098627821 -0.000973073 0.019056432 0.994941473
1403715379662142976.000000 0.340788335 2.385610580 -0.966725230 -0.098910615 -0.003556334 0.018950615 0.994909585
1403715379712143104.000000 0.348555446 2.362802982 -0.958148122 -0.099268034 -0.003177732 0.017740466 0.994897544
1403715379762142976.000000 0.356546104 2.338522196 -0.947720051 -0.099489614 -0.002956366 0.017319091 0.994883478
1403715379812143104.000000 0.366039604 2.313745975 -0.937330365 -0.099593259 -0.000237428 0.016436620 0.994892418
1403715379862142976.000000 0.376098335 2.288164854 -0.925886691 -0.100107640 0.003318416 0.014663168 0.994863033
1403715379912143104.000000 0.386420697 2.261562824 -0.913452685 -0.100354850 0.007645587 0.013353677 0.994832695
1403715379962142976.000000 0.396912426 2.232473373 -0.906063795 -0.100950189 0.010804177 0.012457044 0.994754851
1403715380012143104.000000 0.407155514 2.203540564 -0.892112315 -0.101878613 0.012807514 0.010888848 0.994654834
1403715380062142976.000000 0.417273402 2.173346519 -0.877570987 -0.101843052 0.015957300 0.011986601 0.994600296
1403715380112143104.000000 0.426623255 2.141895533 -0.862803757 -0.100655101 0.018661529 0.016263932 0.994613409
1403715380162142976.000000 0.436737359 2.108184099 -0.853162408 -0.098646574 0.021494215 0.022268632 0.994641125
1403715380212143104.000000 0.445408911 2.075256109 -0.838423669 -0.097429395 0.023346450 0.025875239 0.994632065
1403715380262142976.000000 0.453584462 2.041966438 -0.823935866 -0.095951289 0.023961589 0.030179985 0.994639814
1403715380312143104.000000 0.461393237 2.008696556 -0.809893370 -0.095099896 0.023597063 0.033445206 0.994625926
1403715380362142976.000000 0.467890710 1.975878596 -0.795302570 0.095170237 -0.022356719 -0.035764344 -0.994567096
1403715380412143104.000000 0.475189686 1.943245888 -0.781202555 0.095697396 -0.020429747 -0.036418270 -0.994534314
1403715380462142976.000000 0.482958406 1.910836816 -0.767132998 0.096507177 -0.020002630 -0.035137158 -0.994510770
1403715380512143104.000000 0.490698397 1.880385399 -0.757547498 -0.097053468 0.020076385 0.033942334 0.994497597
1403715380562142976.000000 0.497997195 1.847969532 -0.744705021 -0.097292706 0.019940855 0.032328233 0.994530797
1403715380612143104.000000 0.505441785 1.815238595 -0.732565820 -0.097058102 0.019563638 0.031185893 0.994597673
1403715380662142976.000000 0.513123035 1.782048106 -0.720868707 -0.096714161 0.019600909 0.030700075 0.994645536
1403715380712143104.000000 0.519801974 1.750014782 -0.710622549 0.096201010 -0.020208344 -0.030572139 -0.994687080
1403715380762142976.000000 0.527510822 1.716433525 -0.699612737 0.095962800 -0.021032425 -0.029927228 -0.994712651
1403715380812143104.000000 0.541770339 1.679605842 -0.690872490 -0.095827073 0.021482294 0.029583830 0.994726360
1403715380862142976.000000 0.549244165 1.645358682 -0.680347562 -0.095608346 0.022526255 0.029062850 0.994739711
1403715380912143104.000000 0.556011617 1.610942841 -0.670129359 -0.095695049 0.022862345 0.028231870 0.994747639
1403715380962142976.000000 0.562732458 1.576013923 -0.660326540 -0.095748827 0.023556361 0.027489031 0.994747043
1403715381012143104.000000 0.571312428 1.540961862 -0.651341856 -0.096186958 0.023248225 0.026356986 0.994742692
1403715381062142976.000000 0.577281177 1.505313396 -0.642221034 -0.096876137 0.024415132 0.026339559 0.994648278
1403715381112143104.000000 0.582547367 1.469140410 -0.633323312 -0.096819036 0.024536632 0.028306851 0.994596839
1403715381162142976.000000 0.588066280 1.432888269 -0.624751568 -0.096825495 0.025625428 0.031095782 0.994485438
1403715381212143104.000000 0.598834157 1.395996451 -0.615423262 -0.097070575 0.025711851 0.033998959 0.994364321
1403715381262142976.000000 0.603186071 1.359673381 -0.607359827 -0.097555146 0.027057890 0.036410779 0.994195759
1403715381312143104.000000 0.607169032 1.323486805 -0.599723220 -0.098197967 0.028216423 0.038030453 0.994039595
1403715381362142976.000000 0.610609531 1.287848115 -0.592302024 -0.098818153 0.028654445 0.040887542 0.993852198
1403715381412143104.000000 0.614839733 1.252164841 -0.585490823 -0.099655412 0.029705148 0.043533433 0.993625343
1403715381462142976.000000 0.617937624 1.217533231 -0.578746557 -0.101116560 0.030718366 0.044974398 0.993382692
1403715381512143104.000000 0.620756626 1.183443427 -0.572662711 -0.102641813 0.033790775 0.045896862 0.993084311
1403715381562142976.000000 0.622465849 1.149745226 -0.567256153 -0.104932472 0.034162737 0.043470178 0.992941320
1403715381612143104.000000 0.625029504 1.115238905 -0.565869570 -0.106871761 0.033086803 0.042343434 0.992819607
1403715381662142976.000000 0.624896288 1.082207918 -0.561321795 -0.108774535 0.030439598 0.040099423 0.992790878
1403715381712143104.000000 0.624309361 1.049104810 -0.557096660 -0.110439599 0.025576249 0.037936848 0.992829144
1403715381762142976.000000 0.623911381 1.015874982 -0.553170383 -0.111492179 0.020709466 0.036055386 0.992895067
1403715381812143104.000000 0.620530486 0.981669605 -0.550540805 -0.112358153 0.016117098 0.034184117 0.992948830
1403715381862142976.000000 0.619734228 0.948244274 -0.546494424 -0.113293171 0.010190981 0.033324871 0.992950320
1403715381912143104.000000 0.618949711 0.914713502 -0.542015195 -0.115622379 0.004950044 0.032992322 0.992732823
1403715381962142976.000000 0.618240714 0.880991578 -0.537318051 -0.119984806 0.000708783 0.032981746 0.992227495
1403715382012143104.000000 0.617836714 0.844525874 -0.539223611 -0.125398144 -0.001558107 0.035791077 0.991459489
1403715382062142976.000000 0.618335843 0.810527503 -0.532968879 -0.132000342 -0.003669817 0.038828142 0.990482152
1403715382112143104.000000 0.619135141 0.776276529 -0.525899291 -0.139073178 -0.004308681 0.043702208 0.989307940
1403715382162142976.000000 0.620351672 0.741876721 -0.518540978 -0.146871969 -0.004245004 0.049308319 0.987916648
1403715382212143104.000000 0.622661054 0.706572354 -0.511078119 0.155447781 0.003536104 -0.055595912 -0.986272097
1403715382262142976.000000 0.626668572 0.673233807 -0.503532588 -0.164860532 -0.002885198 0.060814064 0.984436035
1403715382312143104.000000 0.629966140 0.639231980 -0.494287014 -0.174678594 -0.001909299 0.066691436 0.982362509
1403715382362142976.000000 0.633527100 0.605524242 -0.484275877 -0.185210377 -0.001026253 0.071602903 0.980086267
1403715382412143104.000000 0.637263536 0.572314322 -0.473448813 -0.196288660 0.000685080 0.076410711 0.977564156
1403715382462142976.000000 0.641409516 0.541355252 -0.459823698 -0.206160024 0.000533605 0.081293173 0.975135505
1403715382512143104.000000 0.645669043 0.508316755 -0.447582275 -0.215107054 0.001274434 0.085965268 0.972798765
1403715382562142976.000000 0.650481343 0.475445956 -0.434441060 -0.223115429 0.001463357 0.090406805 0.970589519
1403715382612143104.000000 0.655432940 0.443133473 -0.420723975 -0.230408415 0.001937576 0.095409282 0.968403518
1403715382662142976.000000 0.660332561 0.412916601 -0.404675543 -0.238484323 0.001298938 0.099178262 0.966067910
1403715382712143104.000000 0.665330887 0.381492257 -0.389544636 -0.246268719 0.001709222 0.103958569 0.963608563
1403715382762142976.000000 0.670497954 0.350813568 -0.373482168 -0.254857093 0.000214245 0.106954031 0.961045623
1403715382812143104.000000 0.676164567 0.320887566 -0.356700480 -0.263495326 0.000494009 0.109570175 0.958417714
1403715382862142976.000000 0.679915071 0.296235591 -0.334490925 -0.271866709 0.000006231 0.113056168 0.955670953
1403715382912143104.000000 0.686158180 0.267201960 -0.316739559 -0.280365884 -0.000196281 0.115946770 0.952864826
1403715382962142976.000000 0.692595243 0.238933414 -0.297907174 -0.288149029 -0.000821162 0.120129041 0.950020313
1403715383012143104.000000 0.699466705 0.211452544 -0.278374314 -0.295665115 -0.000820985 0.124563418 0.947135448
1403715383062142976.000000 0.704379618 0.186888218 -0.255183637 -0.301535726 -0.001185066 0.129793808 0.944578409
1403715383112143104.000000 0.711313903 0.160412237 -0.234218478 -0.305931330 -0.001109742 0.135015979 0.942430675
1403715383162142976.000000 0.718173027 0.134850487 -0.212506592 -0.309381068 -0.001278905 0.138741940 0.940761626
1403715383212143104.000000 0.725196123 0.110388100 -0.189730331 -0.311629534 -0.002083634 0.143442675 0.939311922
1403715383262142976.000000 0.729907334 0.091151133 -0.162020922 -0.313896418 -0.002605234 0.144515604 0.938390970
1403715383312143104.000000 0.737470031 0.068993226 -0.137923732 -0.314995855 -0.002478432 0.147209942 0.937603712
1403715383362142976.000000 0.745095491 0.048202805 -0.113171503 -0.315430701 -0.001518328 0.149733812 0.937059820
1403715383412143104.000000 0.752520740 0.028935507 -0.087974966 -0.315999091 -0.000449782 0.150352001 0.936770380
1403715383462142976.000000 0.760536551 0.010368748 -0.062441166 0.316631526 -0.001532179 -0.151100203 -0.936435282
1403715383512143104.000000 0.766339958 -0.003319290 -0.034158271 -0.318423510 0.005180210 0.151815087 0.935698628
1403715383562142976.000000 0.774237990 -0.018008135 -0.008528538 -0.321601301 0.008253680 0.151558340 0.934630692
1403715383612143104.000000 0.781853318 -0.031251840 0.017235711 -0.326401263 0.011897038 0.150907069 0.933031499
1403715383662142976.000000 0.788735509 -0.043049909 0.042993046 -0.332294405 0.013836093 0.151870534 0.930765450
1403715383712143104.000000 0.793294907 -0.049619876 0.073046088 -0.339500725 0.015363206 0.153327957 0.927897573
1403715383762142976.000000 0.799447000 -0.059010126 0.097685836 -0.347949207 0.017075121 0.155571491 0.924357772
1403715383812143104.000000 0.805320799 -0.067520998 0.121930540 -0.357293725 0.018392354 0.158885732 0.920194685
1403715383862142976.000000 0.811027229 -0.075306997 0.145857900 -0.367613554 0.018496305 0.162597045 0.915467322
1403715383912143104.000000 0.817371309 -0.082416430 0.167889610 0.378987968 -0.019152459 -0.166970611 -0.910012245
1403715383962142976.000000 0.820410967 -0.088844851 0.192392811 -0.391709507 0.018751681 0.170500755 0.903958857
1403715384012143104.000000 0.825950682 -0.094792247 0.214367747 -0.404165417 0.019356655 0.175308332 0.897520304
1403715384062142976.000000 0.830923676 -0.100322261 0.235557467 -0.416780263 0.018795194 0.180165365 0.890775740
1403715384112143104.000000 0.835930169 -0.105790317 0.255874515 -0.429618210 0.018943170 0.185045376 0.883644521
1403715384162142976.000000 0.840264440 -0.110995859 0.277340174 -0.442236811 0.019493500 0.189593494 0.876413703
1403715384212143104.000000 0.845461488 -0.115526974 0.296205252 -0.454124868 0.019391509 0.195042193 0.869110584
1403715384262142976.000000 0.850801289 -0.119474560 0.314571083 -0.465729833 0.020347133 0.200462908 0.861682296
1403715384312143104.000000 0.856106579 -0.123071641 0.332288861 -0.476904958 0.021440491 0.206483245 0.854088247
1403715384362142976.000000 0.861698687 -0.125793427 0.350805551 -0.488341928 0.022722233 0.211610243 0.846301973
1403715384412143104.000000 0.866863370 -0.128778070 0.366824061 -0.499314278 0.023436910 0.216339454 0.838649690
1403715384462142976.000000 0.871625841 -0.131491005 0.382208616 -0.509667635 0.023846066 0.221896514 0.830922604
1403715384512143104.000000 0.876063168 -0.133783489 0.396721512 -0.519444168 0.023743045 0.228097215 0.823155999
1403715384562142976.000000 0.879074335 -0.134354055 0.410955042 0.529303253 -0.021729613 -0.233512208 -0.815375984
1403715384612143104.000000 0.883120358 -0.134483635 0.424052477 0.538564682 -0.020740515 -0.239526898 -0.807554841
1403715384662142976.000000 0.891052961 -0.130766809 0.438363135 -0.548015416 0.018464074 0.245228916 0.799500465
1403715384712143104.000000 0.894705534 -0.129161239 0.449361235 -0.557561874 0.015727073 0.249289393 0.791664243
1403715384762142976.000000 0.898732364 -0.126538992 0.459318072 -0.566440046 0.015424928 0.253890514 0.783866942
1403715384812143104.000000 0.902710915 -0.123041809 0.468107581 -0.575201094 0.014378566 0.258071363 0.776103199
1403715384862142976.000000 0.906695724 -0.117224514 0.476435542 0.583474338 -0.013771280 -0.262148231 -0.768535256
1403715384912143104.000000 0.910979688 -0.111035407 0.484063774 0.591040969 -0.014479248 -0.265457273 -0.761573017
1403715384962142976.000000 0.915522754 -0.103745222 0.490631074 0.597512186 -0.016255658 -0.267147213 -0.755875230
1403715385012143104.000000 0.920076072 -0.095434189 0.496507525 0.603359938 -0.016802602 -0.267049551 -0.751238286
1403715385062142976.000000 0.922477543 -0.089340448 0.499322087 -0.608827829 0.016100794 0.266051561 0.747185469
1403715385112143104.000000 0.926788270 -0.079478145 0.503056109 -0.614408851 0.014578495 0.264500856 0.743188143
1403715385162142976.000000 0.931131124 -0.069077313 0.506164491 -0.620211363 0.013015982 0.263232470 0.738835037
1403715385212143104.000000 0.935359836 -0.058198869 0.508818209 -0.626007855 0.011376401 0.262189984 0.734330475
1403715385262142976.000000 0.941154838 -0.045292795 0.511787891 0.630833507 -0.009710537 -0.261433423 -0.730484366
1403715385312143104.000000 0.945823789 -0.032878220 0.514644325 0.634513915 -0.008161267 -0.261842549 -0.727161646
1403715385362142976.000000 0.950483322 -0.019623876 0.517585516 0.637249172 -0.008188765 -0.262413085 -0.724559069
1403715385412143104.000000 0.954978704 -0.005991042 0.520463228 0.639200211 -0.007081441 -0.263302237 -0.722526729
1403715385462142976.000000 0.959689081 0.007595539 0.523146927 0.640332580 -0.008732338 -0.264577597 -0.721038580
1403715385512143104.000000 0.964481354 0.022090733 0.525486946 0.640888810 -0.012106175 -0.265587837 -0.720123708
1403715385562142976.000000 0.969255507 0.040638685 0.524342418 -0.640463412 0.016835438 0.267927080 0.719540417
1403715385612143104.000000 0.974472404 0.055975199 0.525836885 -0.639243245 0.022387054 0.271127999 0.719274998
1403715385662142976.000000 0.979513347 0.071455121 0.526802540 -0.637393117 0.025791259 0.275407076 0.719177127
1403715385712143104.000000 0.984430254 0.087484419 0.526483297 -0.635814548 0.029137682 0.277903676 0.719486237
1403715385762142976.000000 0.987506151 0.101401746 0.527239382 0.634932578 -0.031628817 -0.278418511 -0.719960749
1403715385812143104.000000 0.991931796 0.117209554 0.524462938 0.634316206 -0.035204154 -0.278226405 -0.720412195
1403715385862142976.000000 0.996342242 0.133456707 0.519614637 0.634222746 -0.037631556 -0.276688159 -0.720964015
1403715385912143104.000000 1.002057672 0.155164063 0.511306524 -0.634832084 0.039484952 0.273360610 0.721597731
1403715385962142976.000000 1.006160975 0.171802938 0.502696216 -0.636914253 0.039660092 0.266814142 0.722203255
1403715386012143104.000000 1.009476066 0.187944472 0.493074119 -0.639266372 0.038318574 0.259998441 0.722683311
1403715386062142976.000000 1.011978149 0.203488231 0.482559144 -0.641036987 0.036229696 0.254841506 0.723059416
1403715386112143104.000000 1.014157772 0.217808425 0.471407324 0.642369092 -0.034251001 -0.250990748 -0.723320425
1403715386162142976.000000 1.014926791 0.232476592 0.461092263 -0.643353820 0.031801902 0.248891398 0.723282516
1403715386212143104.000000 1.015564680 0.245034426 0.449442565 -0.643952131 0.029014233 0.247835562 0.723229825
1403715386262142976.000000 1.015182137 0.256910980 0.437990397 -0.644107163 0.027074341 0.248342186 0.722993195
1403715386312143104.000000 1.014556766 0.268190950 0.426725268 -0.644049108 0.026786083 0.249692857 0.722590268
1403715386362142976.000000 1.013532996 0.278903902 0.414941162 0.644398808 -0.027525311 -0.249737576 -0.722235203
1403715386412143104.000000 1.012516141 0.288848609 0.403181016 0.645066619 -0.029342651 -0.249012396 -0.721817791
1403715386462142976.000000 1.010917187 0.298251837 0.391593784 0.645782650 -0.031358387 -0.248279691 -0.721345067
1403715386512143104.000000 1.008744836 0.306742966 0.380034894 0.646297216 -0.033991698 -0.247685030 -0.720969260
1403715386562142976.000000 1.005663753 0.314107239 0.368576646 0.646019757 -0.037468094 -0.248934969 -0.720615089
1403715386612143104.000000 1.001712322 0.320269346 0.357117027 0.645721257 -0.039535306 -0.250001162 -0.720403016
1403715386662142976.000000 0.994253516 0.327223480 0.347279340 -0.645163715 0.043991789 0.252008140 0.719944715
1403715386712143104.000000 0.988404632 0.330704570 0.335036635 -0.644077718 0.046826407 0.254400492 0.719896972
1403715386762142976.000000 0.981678307 0.333019942 0.322473347 -0.642638266 0.048380632 0.257815272 0.719865799
1403715386812143104.000000 0.973192036 0.333976984 0.309051961 -0.639695883 0.048403084 0.264798701 0.719950020
1403715386862142976.000000 0.963999867 0.334267884 0.294332892 -0.636530876 0.049008884 0.271552414 0.720198572
1403715386912143104.000000 0.956511319 0.330955863 0.278210491 0.633671761 -0.049257509 -0.277798384 -0.720320702
1403715386962142976.000000 0.945796072 0.329854846 0.260390550 0.631483912 -0.049067575 -0.282479107 -0.720434606
1403715387012143104.000000 0.933951199 0.328776717 0.240615308 0.629943609 -0.048375629 -0.285764605 -0.720534205
1403715387062142976.000000 0.919435382 0.331461430 0.220676690 -0.629594326 0.046366278 0.286428928 0.720707834
1403715387112143104.000000 0.905543089 0.330913484 0.197061896 -0.630232215 0.043347906 0.284189671 0.721224368
1403715387162142976.000000 0.890532851 0.330914885 0.171666950 -0.631443322 0.039146360 0.280941665 0.721677780
1403715387212143104.000000 0.874878228 0.331046760 0.145181358 -0.632843792 0.034768704 0.276133090 0.722530603
1403715387262142976.000000 0.857979894 0.331693649 0.117427140 -0.633642256 0.031518795 0.272877723 0.723216355
1403715387312143104.000000 0.841872513 0.328011543 0.087621927 0.634473860 -0.029153999 -0.269171417 -0.723975003
1403715387362142976.000000 0.824415267 0.328166693 0.058318257 0.634815693 -0.027553022 -0.266467750 -0.724737763
1403715387412143104.000000 0.806536257 0.328475982 0.028507590 0.635099232 -0.025671588 -0.264067978 -0.725436449
1403715387462142976.000000 0.788387060 0.328881174 -0.001493186 0.634835720 -0.024044270 -0.262869567 -0.726157844
1403715387512143104.000000 0.767877638 0.328905612 -0.027174890 -0.634228230 0.020676894 0.262691438 0.726856470
1403715387562142976.000000 0.750757694 0.329662085 -0.058505893 -0.633060217 0.018146535 0.263725847 0.727567255
1403715387612143104.000000 0.735510409 0.330534458 -0.090741396 -0.631029248 0.016153893 0.266686916 0.728298903
1403715387662142976.000000 0.722539008 0.332082331 -0.124634594 -0.629242122 0.013777759 0.269034237 0.729030252
1403715387712143104.000000 0.712489009 0.334464371 -0.159751892 -0.627618790 0.011293987 0.270081371 0.730084360
1403715387762142976.000000 0.707119942 0.335059643 -0.196820974 -0.625779152 0.009582708 0.271240056 0.731257498
1403715387812143104.000000 0.702333212 0.339560449 -0.234635577 -0.624197781 0.008560383 0.271782130 0.732419550
1403715387862142976.000000 0.698929191 0.345401496 -0.273155153 -0.622489095 0.007685168 0.272838920 0.733489752
1403715387912143104.000000 0.694739163 0.352169693 -0.311548144 -0.620964766 0.007439671 0.273389727 0.734578431
1403715387962142976.000000 0.687984467 0.359304547 -0.349141032 -0.619832218 0.007197619 0.273328632 0.735559464
1403715388012143104.000000 0.678001165 0.368815243 -0.385407954 0.618882120 -0.007831358 -0.273234457 -0.736387491
1403715388062142976.000000 0.664954662 0.378365606 -0.421099693 0.618373394 -0.007615253 -0.271910489 -0.737306714
1403715388112143104.000000 0.648730516 0.388288707 -0.455827206 0.618216097 -0.008500620 -0.270504564 -0.737945735
1403715388162142976.000000 0.631824076 0.394535601 -0.489770919 -0.617957115 0.009433460 0.268881947 0.738743901
1403715388212143104.000000 0.609748781 0.406035334 -0.522173643 -0.618401945 0.010915809 0.266007453 0.739391685
1403715388262142976.000000 0.585532308 0.418185920 -0.553572893 -0.619050264 0.012874011 0.262816727 0.739958405
1403715388312143104.000000 0.559760213 0.431000888 -0.584764838 -0.619583070 0.014143472 0.259815574 0.740548909
1403715388362142976.000000 0.533628225 0.444018424 -0.616251171 -0.620390296 0.014897409 0.256788164 0.740914226
1403715388412143104.000000 0.507397473 0.459491938 -0.649166465 0.620336950 -0.015609705 -0.255477339 -0.741397202
1403715388462142976.000000 0.480433524 0.471900165 -0.678612411 -0.621151149 0.015465589 0.253050238 0.741550922
1403715388512143104.000000 0.453622997 0.486428112 -0.709664643 -0.621206164 0.015235123 0.252632767 0.741651893
1403715388562142976.000000 0.427237153 0.500981510 -0.740512729 -0.620935023 0.016397338 0.252605498 0.741863489
1403715388612143104.000000 0.401046485 0.515408993 -0.771481156 -0.620948851 0.017044686 0.252498478 0.741873741
1403715388662142976.000000 0.375393629 0.529646754 -0.802368283 -0.620994389 0.017599236 0.251825631 0.742051303
1403715388712143104.000000 0.349830508 0.544591725 -0.835689425 -0.620829284 0.018497638 0.251109123 0.742410362
1403715388762142976.000000 0.325029045 0.559306264 -0.866778255 -0.620874822 0.018350370 0.250306457 0.742646992
1403715388812143104.000000 0.300912499 0.574025393 -0.897886038 -0.620702863 0.018610694 0.250072628 0.742862880
1403715388862142976.000000 0.277766138 0.588815272 -0.929089904 -0.620415509 0.018427260 0.249397188 0.743334532
1403715388912143104.000000 0.256344795 0.603549063 -0.961023808 -0.620856225 0.017689576 0.247199848 0.743718326
1403715388962142976.000000 0.236703768 0.618046343 -0.993758082 0.620669544 -0.017980577 -0.246142656 -0.744217694
1403715389012143104.000000 0.220714420 0.633290827 -1.026934743 -0.620568991 0.017664626 0.245075405 0.744661093
1403715389062142976.000000 0.207054615 0.648784339 -1.061081409 -0.620302856 0.018076820 0.243784472 0.745296478
1403715389112143104.000000 0.196467668 0.664354086 -1.096064329 -0.620065033 0.017395174 0.242632344 0.745886326
1403715389162142976.000000 0.188467532 0.679970086 -1.131617069 -0.619868636 0.016423743 0.241240874 0.746522605
1403715389212143104.000000 0.180869877 0.695596039 -1.166927218 -0.619756162 0.015788971 0.239683211 0.747131228
1403715389262142976.000000 0.173353866 0.710972548 -1.201987386 -0.619938374 0.014132560 0.237474754 0.747718215
1403715389312143104.000000 0.166019812 0.725652575 -1.236174583 -0.619871855 0.012940178 0.235962361 0.748273492
1403715389362142976.000000 0.158475295 0.740197062 -1.269439459 -0.619535983 0.011762344 0.234482437 0.749035954
1403715389412143104.000000 0.150757715 0.754767776 -1.301961303 -0.619489431 0.010682630 0.232991755 0.749555588
1403715389462142976.000000 0.142574936 0.768995881 -1.333407640 -0.618997157 0.010072987 0.232663810 0.750072479
1403715389512143104.000000 0.134181038 0.784116268 -1.364495993 -0.618308187 0.010412459 0.233001903 0.750530958
1403715389562142976.000000 0.125783399 0.798136234 -1.394397974 -0.617551327 0.011718773 0.234062880 0.750804722
1403715389612143104.000000 0.117533952 0.812002063 -1.423324823 -0.615981817 0.014247657 0.235624447 0.751561463
1403715389662142976.000000 0.109072760 0.826025486 -1.451036215 -0.613398790 0.016174113 0.236796305 0.753264785
1403715389712143104.000000 0.100678161 0.839955688 -1.477992535 -0.609977841 0.017810261 0.237429217 0.755802393
1403715389762142976.000000 0.091171309 0.853932738 -1.504526615 0.605673254 -0.018916326 -0.237637803 -0.759164333
1403715389812143104.000000 0.082190648 0.867951393 -1.530408859 0.600555003 -0.020028152 -0.236771345 -0.763460577
1403715389862142976.000000 0.071601346 0.883724809 -1.556379318 -0.594403267 0.019568209 0.236563921 0.768335521
1403715389912143104.000000 0.061403871 0.897723675 -1.581386447 -0.587635338 0.017592782 0.235995829 0.773744941
1403715389962142976.000000 0.050693303 0.912104487 -1.606263518 -0.580531836 0.014948502 0.235412866 0.779320300
1403715390012143104.000000 0.039412439 0.926795244 -1.630736232 -0.573042750 0.010829350 0.234584436 0.785159111
1403715390062142976.000000 0.027384385 0.941983461 -1.654360294 -0.565289259 0.006818002 0.233388439 0.791158319
1403715390112143104.000000 0.016501129 0.955670834 -1.677958488 0.557464838 -0.003186482 -0.231409520 -0.797290683
1403715390162142976.000000 0.001034334 0.974728465 -1.701209188 -0.549668670 -0.000515186 0.228243008 0.803597748
1403715390212143104.000000 -0.010741696 0.992356539 -1.723033428 -0.541780233 -0.003738030 0.224658310 0.809931457
1403715390262142976.000000 -0.022992246 1.011060119 -1.743719220 -0.533735096 -0.007519444 0.221212044 0.816171288
1403715390312143104.000000 -0.034743726 1.031399131 -1.763037682 -0.526109040 -0.008581667 0.216052204 0.822470129
1403715390362142976.000000 -0.046321649 1.052416205 -1.781298876 -0.518101752 -0.009351837 0.211329222 0.828747928
1403715390412143104.000000 -0.056697343 1.074527383 -1.798863888 0.510514200 0.010502892 -0.205085263 -0.834988117
1403715390462142976.000000 -0.070342481 1.098010302 -1.815203071 -0.503223658 -0.011757610 0.197595194 0.841180086
1403715390512143104.000000 -0.080162629 1.121450186 -1.830061793 -0.495548874 -0.012845212 0.190941066 0.847235441
1403715390562142976.000000 -0.089215375 1.145326018 -1.843543530 -0.488068551 -0.013442329 0.183500305 0.853191674
1403715390612143104.000000 -0.097586207 1.169607759 -1.855799198 -0.480612576 -0.013152028 0.175950080 0.858999550
1403715390662142976.000000 -0.105681740 1.193958163 -1.866382480 -0.472432405 -0.012404009 0.170736149 0.864582539
1403715390712143104.000000 -0.112483345 1.217998028 -1.875158787 0.463288516 0.010578969 -0.168437734 -0.869988799
1403715390762142976.000000 -0.122210197 1.244534612 -1.880736232 -0.452924281 -0.007333768 0.169949889 0.875170231
1403715390812143104.000000 -0.128609225 1.269207835 -1.886323333 -0.443672061 -0.006146614 0.170692548 0.879762113
1403715390862142976.000000 -0.134853259 1.294566274 -1.890866280 -0.435870469 -0.005044971 0.172191754 0.883369386
1403715390912143104.000000 -0.140618250 1.320342064 -1.894323826 -0.430011302 -0.005234665 0.172360867 0.886202395
1403715390962142976.000000 -0.145846888 1.346710443 -1.896844387 -0.424877971 -0.005246871 0.173595876 0.888434410
1403715391012143104.000000 -0.150557384 1.373271465 -1.898768544 0.420098066 0.005456561 -0.174910218 -0.890446126
1403715391062142976.000000 -0.155999184 1.401110768 -1.898986340 -0.414737612 -0.005020569 0.176041663 0.892735660
1403715391112143104.000000 -0.160499737 1.429395080 -1.898858666 -0.408834726 -0.004598400 0.177325502 0.895203173
1403715391162142976.000000 -0.164018303 1.458550930 -1.897716522 -0.402210861 -0.002302365 0.178800032 0.897915244
1403715391212143104.000000 -0.167082265 1.488911510 -1.895832062 -0.395906240 -0.000378299 0.179236874 0.900628805
1403715391262142976.000000 -0.169226587 1.520638704 -1.893751264 -0.390644968 0.003237102 0.179471388 0.902871013
1403715391312143104.000000 -0.171603262 1.553956985 -1.892578006 0.386646628 -0.006303570 -0.179272756 -0.904613733
1403715391362142976.000000 -0.173014581 1.587124348 -1.891039610 -0.383773267 0.008140560 0.177929848 0.906086504
1403715391412143104.000000 -0.175012082 1.622666121 -1.888823867 -0.381781340 0.009011084 0.176430315 0.907212317
1403715391462142976.000000 -0.177257761 1.659119368 -1.886490583 -0.380206198 0.009002951 0.176312059 0.907896638
1403715391512143104.000000 -0.179502994 1.696869850 -1.884086609 -0.379356891 0.008641887 0.175750107 0.908364236
1403715391562142976.000000 -0.181497663 1.735238791 -1.881668448 -0.378037989 0.009498374 0.176029786 0.908851266
1403715391612143104.000000 -0.182211742 1.774777889 -1.877722859 0.375164747 -0.010772787 -0.178295314 -0.909585714
1403715391662142976.000000 -0.183655247 1.813436031 -1.878901005 -0.371881425 0.012456271 0.179193392 0.910735309
1403715391712143104.000000 -0.182334051 1.855308890 -1.877206802 -0.368639380 0.013811946 0.177815333 0.912302554
1403715391762142976.000000 -0.178350255 1.898118258 -1.876833439 -0.364693165 0.015197174 0.175523072 0.914308250
1403715391812143104.000000 -0.171499074 1.942039967 -1.877619982 -0.360972643 0.015273930 0.170448229 0.916740358
1403715391862142976.000000 -0.162241802 1.986891031 -1.879251719 -0.357073188 0.013791450 0.163671479 0.919521749
1403715391912143104.000000 -0.149326891 2.035916567 -1.880904913 0.352726519 -0.012178442 -0.157967031 -0.922215879
1403715391962142976.000000 -0.135925815 2.077785015 -1.888528228 -0.348866522 0.009539030 0.153258219 0.924506903
1403715392012143104.000000 -0.123279758 2.124558926 -1.891301155 -0.345154285 0.004871961 0.151110053 0.926288605
1403715392062142976.000000 -0.110582113 2.171677351 -1.893738389 -0.341839164 0.001996358 0.149092123 0.927854240
1403715392112143104.000000 -0.098062567 2.218879223 -1.895502448 -0.339092433 -0.000283048 0.148630977 0.928937674
1403715392162142976.000000 -0.085478447 2.266533375 -1.896839857 -0.336688727 -0.001729580 0.147726417 0.929954112
1403715392212143104.000000 -0.073800541 2.318116665 -1.894039631 0.333586514 0.001401782 -0.146588594 -0.931251824
1403715392262142976.000000 -0.058366597 2.363525152 -1.897121787 -0.329815865 0.000373260 0.143841654 0.933022559
1403715392312143104.000000 -0.044993602 2.412749052 -1.894729733 -0.324645132 0.002961772 0.141143307 0.935240865
1403715392362142976.000000 -0.030677974 2.462304115 -1.891682625 -0.318871140 0.007656743 0.135769486 0.937992156
1403715392412143104.000000 -0.015686210 2.511669159 -1.888314605 -0.312181026 0.016340286 0.130122408 0.940927327
1403715392462142976.000000 -0.000384033 2.560859680 -1.885045528 -0.305208653 0.026647581 0.123145781 0.943913579
1403715392512143104.000000 0.013621032 2.610783339 -1.880362749 0.297697365 -0.033946309 -0.115545042 -0.947033942
1403715392562142976.000000 0.025762193 2.657338142 -1.876740217 -0.289278328 0.037395265 0.109444626 0.950232446
1403715392612143104.000000 0.037035197 2.704102278 -1.872644305 -0.280213386 0.036995139 0.104206324 0.953547597
1403715392662142976.000000 0.047589496 2.749711752 -1.869414806 -0.270429194 0.037863068 0.099232145 0.956863344
1403715392712143104.000000 0.057251200 2.794371128 -1.866730213 -0.260394335 0.039363671 0.094417803 0.960068047
1403715392762142976.000000 0.065661170 2.837803841 -1.864358664 -0.250139534 0.039232418 0.089890569 0.963229358
1403715392812143104.000000 0.073379412 2.881825447 -1.860692382 0.239414528 -0.035150632 -0.085638754 -0.966494262
1403715392862142976.000000 0.076356582 2.921806574 -1.856064677 -0.228265017 0.029441589 0.082368493 0.969661713
1403715392912143104.000000 0.082801349 2.961907148 -1.854008079 -0.216837704 0.024426069 0.078414060 0.972746670
1403715392962142976.000000 0.088747181 3.000631332 -1.851979494 -0.205324635 0.019195985 0.073403575 0.975748599
1403715393012143104.000000 0.095183872 3.038618565 -1.849398136 -0.193579525 0.015779831 0.068260819 0.978579819
1403715393062142976.000000 0.101811863 3.075641394 -1.846437335 -0.181077361 0.013626846 0.064461902 0.981259465
1403715393112143104.000000 0.108599804 3.112128258 -1.843301892 0.169039831 -0.012232820 -0.058106408 -0.983818889
1403715393162142976.000000 0.111554712 3.147096634 -1.835015178 -0.157480448 0.012330635 0.049821936 0.986187458
1403715393212143104.000000 0.116932496 3.181072474 -1.830191612 -0.145474061 0.012768933 0.040676534 0.988443136
1403715393262142976.000000 0.122269742 3.213562489 -1.824612617 -0.132708862 0.014963695 0.032618627 0.990505159
1403715393312143104.000000 0.127559468 3.244305134 -1.818241835 -0.119502835 0.017573703 0.024473939 0.992376626
1403715393362142976.000000 0.132562876 3.273595095 -1.811336756 -0.105904646 0.019624056 0.016862001 0.994039655
1403715393412143104.000000 0.136670917 3.301314116 -1.807086349 0.092418499 -0.021253431 -0.008553809 -0.995456696
1403715393462142976.000000 0.140735984 3.326279163 -1.794758916 -0.078826956 0.022611426 0.000241999 0.996631861
1403715393512143104.000000 0.144436240 3.350376844 -1.788222432 -0.064993098 0.024952061 -0.007601278 0.997544765
1403715393562142976.000000 0.147873208 3.372165918 -1.781678915 -0.051185131 0.027069233 -0.015971696 0.998194575
1403715393612143104.000000 0.150759459 3.391583681 -1.775127411 -0.036425408 0.028731847 -0.022509012 0.998669624
1403715393662142976.000000 0.152906135 3.408462524 -1.768591166 -0.020319682 0.029699534 -0.025571533 0.999025166
1403715393712143104.000000 0.154116526 3.424175501 -1.762872100 0.003556537 -0.028484520 0.026892832 -0.999226093
1403715393762142976.000000 0.155185774 3.434877872 -1.753566742 0.013277274 0.026426457 -0.027337277 0.999188721
1403715393812143104.000000 0.155748665 3.445891380 -1.747581601 0.029779909 0.023473641 -0.028727639 0.998867869
1403715393862142976.000000 0.156401515 3.455510139 -1.741768360 0.046151686 0.020826770 -0.029691480 0.998275936
1403715393912143104.000000 0.156972557 3.464121342 -1.736129761 0.061053161 0.019268526 -0.033981122 0.997369826
1403715393962142976.000000 0.157446265 3.471757412 -1.730618000 0.076355793 0.017443951 -0.036432773 0.996262193
1403715394012143104.000000 0.157732189 3.477471590 -1.726306438 -0.091510810 -0.017086161 0.039220441 -0.994884729
1403715394062142976.000000 0.158949643 3.485071182 -1.720894694 0.106528036 0.017067119 -0.042990841 0.993233323
1403715394112143104.000000 0.158903047 3.490267515 -1.715725183 0.121471062 0.016648751 -0.047565568 0.991314888
1403715394162142976.000000 0.158790663 3.494772911 -1.710613608 0.135895967 0.017373437 -0.054114167 0.989091635
1403715394212143104.000000 0.158444270 3.498689890 -1.705761194 0.150995046 0.017477056 -0.060093343 0.986551523
1403715394262142976.000000 0.157789081 3.501875401 -1.701001167 0.166183248 0.017725006 -0.066385381 0.983698130
1403715394312143104.000000 0.156166017 3.504032135 -1.696282268 -0.181709826 -0.019196663 0.071611710 -0.980553329
1403715394362142976.000000 0.154157639 3.508642197 -1.688193679 0.197173312 0.022450697 -0.078776285 0.976940691
1403715394412143104.000000 0.153943911 3.509718180 -1.684267879 0.212290719 0.025458461 -0.085918576 0.973089218
1403715394462142976.000000 0.153989777 3.510010719 -1.680769086 0.226947635 0.029861601 -0.093551099 0.968943417
1403715394512143104.000000 0.153635845 3.509713411 -1.678031564 -0.241403222 -0.033371318 0.101263762 -0.964549959
1403715394562142976.000000 0.152806908 3.508676529 -1.676481247 -0.256353557 -0.035425059 0.108073041 -0.959868848
1403715394612143104.000000 0.151241362 3.506085396 -1.674976587 0.271890819 0.036040105 -0.113421269 0.954940975
1403715394662142976.000000 0.148724914 3.503797293 -1.675215602 0.288011312 0.035545371 -0.117895611 0.949677169
1403715394712143104.000000 0.147859767 3.506020308 -1.677848577 0.304244161 0.033873800 -0.122550718 0.944070697
1403715394762142976.000000 0.143954501 3.502630472 -1.680211782 0.320180744 0.030726654 -0.128012255 0.938164771
1403715394812143104.000000 0.139845669 3.499321222 -1.683702111 0.336035520 0.027508220 -0.133894652 0.931877494
1403715394862142976.000000 0.135610461 3.495745182 -1.687992334 0.352325112 0.024758819 -0.140035361 0.925010324
1403715394912143104.000000 0.131437540 3.492754936 -1.693168521 0.368825138 0.022159645 -0.147165045 0.917507231
1403715394962142976.000000 0.125903606 3.485414267 -1.696603894 0.385703921 0.020124536 -0.153958708 0.909463704
1403715395012143104.000000 0.123816609 3.486396313 -1.705801845 0.402363390 0.018687220 -0.161778316 0.900878608
1403715395062142976.000000 0.119228333 3.480671406 -1.711628079 0.419313610 0.017863525 -0.169119269 0.891771078
1403715395112143104.000000 0.114659071 3.474437475 -1.717842460 0.435889900 0.017424412 -0.175955310 0.882460296
1403715395162142976.000000 0.110052884 3.467848539 -1.724464893 0.451394051 0.016882719 -0.182919726 0.873211801
1403715395212143104.000000 0.105334759 3.461121798 -1.731197357 0.466536015 0.014746317 -0.188275516 0.864105999
1403715395262142976.000000 0.101243079 3.451565266 -1.738206148 0.480418861 0.013910602 -0.194100171 0.855177999
1403715395312143104.000000 0.096047342 3.442837238 -1.745166063 0.493296385 0.013947826 -0.199979112 0.846447051
1403715395362142976.000000 0.090211272 3.433920622 -1.752082825 0.505136907 0.013672285 -0.205540329 0.838094890
1403715395412143104.000000 0.080884159 3.434023380 -1.763679743 0.516670883 0.013076774 -0.210131943 0.829894423
1403715395462142976.000000 0.073542237 3.424856424 -1.770665646 0.527384937 0.011421755 -0.214520738 0.822019160
1403715395512143104.000000 0.065890133 3.415566206 -1.777504206 0.537652135 0.010228150 -0.218409792 0.814323485
1403715395562142976.000000 0.057198703 3.405514240 -1.784569979 0.547616363 0.009054955 -0.221635431 0.806791186
1403715395612143104.000000 0.047747850 3.395292997 -1.791568279 0.556956232 0.007859990 -0.223740906 0.799798787
1403715395662142976.000000 0.038068593 3.384594679 -1.798302412 0.565469384 0.007721865 -0.226615086 0.792988300
1403715395712143104.000000 0.030736327 3.368805408 -1.801036119 0.572933853 0.007129230 -0.231115669 0.786308765
1403715395762142976.000000 0.020349026 3.356033325 -1.806765079 0.580524862 0.008004957 -0.234625489 0.779665112
1403715395812143104.000000 0.006976962 3.351249695 -1.820091248 0.586704135 0.009634178 -0.238612950 0.773788989
1403715395862142976.000000 -0.004229307 3.337696075 -1.825933695 0.592970192 0.008559543 -0.239799380 0.768641233
1403715395912143104.000000 -0.015878916 3.323908329 -1.832019091 0.598230600 0.006842004 -0.239859477 0.764552712
1403715395962142976.000000 -0.027743578 3.309676647 -1.838605165 0.602947772 0.003930423 -0.238014922 0.761437774
1403715396012143104.000000 -0.039408684 3.294725657 -1.844830036 0.607287705 0.000558561 -0.234924093 0.758954644
1403715396062142976.000000 -0.046964169 3.277218342 -1.847014427 0.611414075 -0.003415530 -0.229671463 0.757239938
1403715396112143104.000000 -0.056687236 3.261723995 -1.851532936 0.614280462 -0.006558755 -0.225115210 0.756266952
1403715396162142976.000000 -0.065550566 3.246172905 -1.855097771 0.616306901 -0.007964363 -0.220770210 0.755885541
1403715396212143104.000000 -0.073480010 3.230695248 -1.857752562 0.617046356 -0.007930565 -0.218344539 0.755987227
1403715396262142976.000000 -0.080320537 3.215493441 -1.859354734 0.616250753 -0.005233097 -0.218593448 0.756587446
1403715396312143104.000000 -0.084274352 3.205443144 -1.859988451 0.614442885 -0.001115994 -0.221073523 0.757354081
1403715396362142976.000000 -0.089459181 3.190369844 -1.859945774 0.612042427 0.004740379 -0.224966362 0.758137047
1403715396412143104.000000 -0.094647169 3.176011801 -1.859584093 0.610270977 0.008860925 -0.227727890 0.758703470
1403715396462142976.000000 -0.099863291 3.161844015 -1.858986139 0.608175755 0.012547933 -0.231794864 0.759102106
1403715396512143104.000000 -0.105029941 3.147798061 -1.858925581 0.607776463 0.016211398 -0.235042006 0.758353651
1403715396562142976.000000 -0.111563683 3.128712177 -1.854698896 0.608910024 0.018723166 -0.236908659 0.756804109
1403715396612143104.000000 -0.117721796 3.113406658 -1.854746342 0.610732317 0.020794382 -0.239336088 0.754514396
1403715396662142976.000000 -0.124263406 3.098624706 -1.855483532 0.614217877 0.022884334 -0.240518674 0.751241386
1403715396712143104.000000 -0.131749272 3.084436417 -1.856679678 0.618094087 0.023612371 -0.241458386 0.747730017
1403715396762142976.000000 -0.140003920 3.070837259 -1.858225346 0.621813059 0.021801712 -0.242295668 0.744423330
1403715396812143104.000000 -0.143030524 3.060879230 -1.858735561 0.625621498 0.018791609 -0.242913410 0.741105795
1403715396862142976.000000 -0.151599288 3.048059464 -1.860810280 0.628584623 0.015705312 -0.244655892 0.738090992
1403715396912143104.000000 -0.160725951 3.035184383 -1.863110065 0.631020188 0.012704271 -0.246485308 0.735457122
1403715396962142976.000000 -0.170499921 3.022073984 -1.864886522 0.632037282 0.008528225 -0.250975281 0.733121872
1403715397012143104.000000 -0.180678606 3.008636951 -1.866188288 0.632922649 0.003303380 -0.254407972 0.731214523
1403715397062142976.000000 -0.189902306 2.994271278 -1.868643522 0.633318305 -0.001045055 -0.258940965 0.729284883
1403715397112143104.000000 -0.200504184 2.979082584 -1.869810820 0.634093285 -0.004827504 -0.261071235 0.727835357
1403715397162142976.000000 -0.211217999 2.962520123 -1.870673180 0.635348320 -0.009126909 -0.261430949 0.726569355
1403715397212143104.000000 -0.221767068 2.944703579 -1.871254921 0.637145400 -0.014075635 -0.259591907 0.725575387
1403715397262142976.000000 -0.232172608 2.925754786 -1.871450663 0.639297009 -0.019793434 -0.256413907 0.724678874
1403715397312143104.000000 -0.241730690 2.903412104 -1.872734070 0.641493499 -0.024009392 -0.251907766 0.724190712
1403715397362142976.000000 -0.250612020 2.881286621 -1.871304989 0.643187463 -0.027131973 -0.248257682 0.723838389
1403715397412143104.000000 -0.258785963 2.857982635 -1.868613243 0.644275069 -0.029286932 -0.245734379 0.723648071
1403715397462142976.000000 -0.266112447 2.833656788 -1.864392281 0.645160139 -0.031348437 -0.244313657 0.723254144
1403715397512143104.000000 -0.272152543 2.808357716 -1.858717918 0.645490050 -0.032213178 -0.243691579 0.723131657
1403715397562142976.000000 -0.279503822 2.784135342 -1.851940632 0.646679401 -0.031981166 -0.242044762 0.722632229
1403715397612143104.000000 -0.283110142 2.756256342 -1.843518734 0.647671700 -0.031191397 -0.240081087 0.722433090
1403715397662142976.000000 -0.284541786 2.727172136 -1.834138155 0.648574948 -0.028027214 -0.238308653 0.722339272
1403715397712143104.000000 -0.284575284 2.697142839 -1.823733568 0.649873555 -0.022934848 -0.235726863 0.722198963
1403715397762142976.000000 -0.283176303 2.666671276 -1.812342644 0.650270522 -0.017894333 -0.234547526 0.722368062
1403715397812143104.000000 -0.279270887 2.634272575 -1.799128532 0.650787234 -0.013658592 -0.232873619 0.722536743
1403715397862142976.000000 -0.275461912 2.602935791 -1.785975695 0.650845826 -0.009881505 -0.232218787 0.722756267
1403715397912143104.000000 -0.273730516 2.574105740 -1.774401903 0.650198281 -0.004724864 -0.232663915 0.723247766
1403715397962142976.000000 -0.268044114 2.542901993 -1.760135412 0.650247812 0.002222631 -0.231315568 0.723647714
1403715398012143104.000000 -0.262466311 2.512069702 -1.745568037 0.650178134 0.009819984 -0.229792356 0.724132180
1403715398062142976.000000 -0.257129729 2.481826782 -1.730382919 0.650142550 0.016735986 -0.227923006 0.724627972
1403715398112143104.000000 -0.252611518 2.452858448 -1.714989185 0.650020301 0.022405211 -0.226218387 0.725118518
1403715398162142976.000000 -0.247011006 2.424436808 -1.697797537 0.649737239 0.027315566 -0.224803299 0.725643754
1403715398212143104.000000 -0.246567428 2.399088860 -1.681763649 0.648891628 0.029976994 -0.224635154 0.726347148
1403715398262142976.000000 -0.244650781 2.374320507 -1.665609598 0.647613764 0.030141568 -0.225432098 0.727233350
1403715398312143104.000000 -0.243552625 2.351429462 -1.649297237 0.645711601 0.029557783 -0.227573007 0.728281200
1403715398362142976.000000 -0.243048310 2.330190182 -1.633509636 0.643795848 0.029277263 -0.229347229 0.729431093
1403715398412143104.000000 -0.242632091 2.310089111 -1.617694616 0.642779768 0.027266208 -0.229024589 0.730505705
1403715398462142976.000000 -0.241540194 2.290880203 -1.603330135 0.640611291 0.027033517 -0.231112003 0.731760621
1403715398512143104.000000 -0.241342604 2.273223162 -1.588069439 0.638560057 0.027150759 -0.232702807 0.733043849
1403715398562142976.000000 -0.241009116 2.256643772 -1.573493481 0.636756897 0.028273124 -0.234052911 0.734139323
1403715398612143104.000000 -0.239965677 2.241038322 -1.559836626 0.635916889 0.030854272 -0.232804999 0.735159636
1403715398662142976.000000 -0.239870667 2.224088669 -1.544282675 0.634828150 0.035696726 -0.232702464 0.735913455
1403715398712143104.000000 -0.238768995 2.210502148 -1.532244921 0.633342981 0.042462490 -0.233328745 0.736635208
1403715398762142976.000000 -0.237695575 2.198274136 -1.521193624 0.631425321 0.049383171 -0.234538421 0.737465382
1403715398812143104.000000 -0.237287223 2.187745571 -1.511364460 0.629807293 0.054495014 -0.235872373 0.738063335
1403715398862142976.000000 -0.237815499 2.178097725 -1.503204823 0.628455400 0.058264259 -0.237474382 0.738413870
1403715398912143104.000000 -0.237989604 2.172572851 -1.498916745 0.627507567 0.060805574 -0.238262028 0.738761246
1403715398962142976.000000 -0.237335682 2.163998604 -1.493401170 0.627243936 0.061476432 -0.238640308 0.738807499
1403715399012143104.000000 -0.238799393 2.159434795 -1.491530538 0.627328515 0.062660098 -0.238669395 0.738626838
1403715399062142976.000000 -0.240894735 2.156601906 -1.491418123 0.627973020 0.061470844 -0.238296419 0.738299429
1403715399112143104.000000 -0.244034290 2.155348301 -1.493186474 0.628927112 0.058230709 -0.238188177 0.737784743
1403715399162142976.000000 -0.247582972 2.155655384 -1.496652365 0.630676329 0.054575756 -0.236417472 0.737140179
1403715399212143104.000000 -0.253751874 2.158066034 -1.502793908 0.631974399 0.052373592 -0.235453695 0.736496449
1403715399262142976.000000 -0.256951630 2.162190676 -1.508898735 0.633540332 0.051025134 -0.233875170 0.735748291
1403715399312143104.000000 -0.260881901 2.168117285 -1.516081214 0.633828878 0.049609590 -0.235440731 0.735096931
1403715399362142976.000000 -0.265418649 2.175260782 -1.524438739 0.633512557 0.047507949 -0.237934366 0.734705508
1403715399412143104.000000 -0.270637810 2.183773279 -1.534003496 0.632650137 0.044902023 -0.241952777 0.734300077
1403715399462142976.000000 -0.276608109 2.190528870 -1.545913100 0.631922662 0.042971127 -0.245104015 0.733996809
1403715399512143104.000000 -0.282256126 2.200610638 -1.558166385 0.630654097 0.043561503 -0.248380467 0.733951628
1403715399562142976.000000 -0.289023399 2.211710453 -1.571418166 0.628782749 0.039479166 -0.253015965 0.734204710
1403715399612143104.000000 -0.296934426 2.223408222 -1.586088181 0.627565742 0.030324051 -0.255510002 0.734817207
1403715399662142976.000000 -0.305188060 2.235265732 -1.601928949 0.626212299 0.021743665 -0.257729590 0.735500455
1403715399712143104.000000 -0.313691854 2.248150349 -1.617315531 0.624913752 0.014016376 -0.259319812 0.736233413
1403715399762142976.000000 -0.320401847 2.258998632 -1.634694338 0.623840630 0.008212704 -0.260221928 0.736912489
1403715399812143104.000000 -0.327063859 2.268686056 -1.653442860 0.622543216 0.004534454 -0.261044979 0.737749875
1403715399862142976.000000 -0.333451331 2.277314186 -1.672974348 0.621414125 0.002214966 -0.262008697 0.738370538
1403715399912143104.000000 -0.339426517 2.284747124 -1.693070650 0.620078743 0.000674036 -0.263187647 0.739076614
1403715399962142976.000000 -0.345143080 2.290533543 -1.713743925 0.617845178 0.000016542 -0.264216304 0.740578890
1403715400012143104.000000 -0.350063562 2.298470020 -1.732578278 0.614884079 0.001131701 -0.264455706 0.742953300
1403715400062142976.000000 -0.354912639 2.301316261 -1.754859447 0.611462891 0.003238734 -0.263606995 0.746065795
1403715400112143104.000000 -0.359705925 2.302747488 -1.777251482 0.607147694 0.005921108 -0.262492567 0.749956191
1403715400162142976.000000 -0.365828395 2.299351215 -1.800961137 0.601692438 0.007570071 -0.260399997 0.755050242
1403715400212143104.000000 -0.370833337 2.297887802 -1.824455142 0.595518291 0.009996705 -0.258678257 0.760489106
1403715400262142976.000000 -0.376244128 2.294792652 -1.848535180 0.587534368 0.013603140 -0.259705245 0.766271234
1403715400312143104.000000 -0.381986737 2.290397406 -1.873362184 0.579196811 0.016012613 -0.259581119 0.772588015
1403715400362142976.000000 -0.388565958 2.284887791 -1.899236679 0.570242763 0.018691586 -0.259122998 0.779313207
1403715400412143104.000000 -0.396868289 2.281274796 -1.926126242 0.560968161 0.019427789 -0.257619172 0.786491990
1403715400462142976.000000 -0.402276278 2.272094250 -1.953134537 0.552340448 0.018555937 -0.252654135 0.794192493
1403715400512143104.000000 -0.411117017 2.263140440 -1.982213736 0.543489337 0.016177500 -0.246505618 0.802242279
1403715400562142976.000000 -0.420909226 2.252707958 -2.012189150 0.533898354 0.013081247 -0.240326971 0.810570419
1403715400612143104.000000 -0.431415379 2.241262436 -2.042765141 0.523958564 0.009363154 -0.232661620 0.819297493
1403715400662142976.000000 -0.445394218 2.228799343 -2.073457718 0.512816846 0.005253003 -0.225810215 0.828251779
1403715400712143104.000000 -0.454844415 2.214261293 -2.102506638 0.501109183 0.001904307 -0.218935713 0.837229490
1403715400762142976.000000 -0.467298150 2.199263334 -2.133419275 0.489219129 -0.001854181 -0.211398035 0.846151352
1403715400812143104.000000 -0.479735613 2.182943583 -2.164308786 0.477970809 -0.004852151 -0.201821581 0.854861617
1403715400862142976.000000 -0.492447972 2.165744305 -2.194822311 0.466844916 -0.007580310 -0.191550195 0.863311589
1403715400912143104.000000 -0.507277548 2.147573709 -2.225506067 0.456294298 -0.011985449 -0.183456540 0.870629430
1403715400962142976.000000 -0.520830989 2.125518560 -2.250778198 0.447254211 -0.016405227 -0.176254019 0.876714945
1403715401012143104.000000 -0.533690333 2.104851484 -2.279329300 0.439015806 -0.020416228 -0.169999987 0.882013857
1403715401062142976.000000 -0.545274675 2.083184958 -2.306720495 0.431272209 -0.023696022 -0.167136580 0.886289001
1403715401112143104.000000 -0.555502892 2.060728550 -2.332963705 0.425095677 -0.025204416 -0.164435193 0.889730036
1403715401162142976.000000 -0.564907312 2.036510944 -2.357643604 0.418923080 -0.025931245 -0.164276093 0.892661452
1403715401212143104.000000 -0.574717939 2.011364460 -2.377122402 0.413400948 -0.025536232 -0.165944591 0.894935787
1403715401262142976.000000 -0.581082463 1.984943032 -2.399087906 0.408587307 -0.024642291 -0.168614268 0.896670759
1403715401312143104.000000 -0.586742759 1.957000613 -2.419834614 0.404374331 -0.023487723 -0.170644000 0.898226321
1403715401362142976.000000 -0.591148973 1.926788926 -2.439376593 0.402204931 -0.021306902 -0.170091808 0.899358630
1403715401412143104.000000 -0.593055725 1.894683599 -2.459622860 0.401056319 -0.018982865 -0.168911532 0.900145829
1403715401462142976.000000 -0.593536854 1.862226009 -2.473809719 0.400506109 -0.016552776 -0.167940766 0.900620282
1403715401512143104.000000 -0.594446480 1.827311039 -2.490454674 0.400885284 -0.013748236 -0.165341869 0.900979519
1403715401562142976.000000 -0.594636440 1.791979790 -2.506067276 0.401584953 -0.012007724 -0.161869109 0.901323378
1403715401612143104.000000 -0.593504906 1.755863547 -2.520680666 0.403403997 -0.008350873 -0.156796798 0.901449025
1403715401662142976.000000 -0.590899169 1.719226003 -2.534107685 0.404212832 -0.005110234 -0.152638212 0.901824534
1403715401712143104.000000 -0.589840055 1.682736397 -2.544307232 0.405238688 -0.002190569 -0.144198909 0.902764380
1403715401762142976.000000 -0.587375700 1.645440578 -2.555189610 0.405261755 -0.000878587 -0.133997813 0.904326737
1403715401812143104.000000 -0.584494054 1.608778000 -2.564509392 0.402949721 0.001325767 -0.128142118 0.906206071
1403715401862142976.000000 -0.581375718 1.573163152 -2.572711468 0.399851650 0.002755206 -0.123677343 0.908193350
1403715401912143104.000000 -0.577878833 1.537616491 -2.579925060 0.396276087 0.005061574 -0.124344505 0.909658253
1403715401962142976.000000 -0.572491884 1.506421566 -2.584280968 0.392658502 0.007907072 -0.128048629 0.910692275
1403715402012143104.000000 -0.570079803 1.473565340 -2.589477777 0.389575899 0.010759588 -0.132245734 0.911386847
1403715402062142976.000000 -0.567465067 1.441034317 -2.593879938 0.387284815 0.012778171 -0.136452392 0.911717117
1403715402112143104.000000 -0.564784050 1.408607006 -2.597656727 0.386890739 0.017496243 -0.137719214 0.911615551
1403715402162142976.000000 -0.562227786 1.376461387 -2.602359295 0.387252003 0.026866741 -0.136758402 0.911378801
1403715402212143104.000000 -0.556982636 1.346216679 -2.604701281 0.386876941 0.033814590 -0.134946063 0.911576867
1403715402262142976.000000 -0.555911183 1.316966176 -2.608369350 0.385197729 0.038050462 -0.133234486 0.912372470
1403715402312143104.000000 -0.555916250 1.289388299 -2.611898661 0.381163627 0.038785584 -0.135282025 0.913733423
1403715402362142976.000000 -0.556476355 1.263185740 -2.615348101 0.374906868 0.037227243 -0.138879150 0.915844738
1403715402412143104.000000 -0.556354403 1.237854004 -2.618846178 0.367319018 0.037248366 -0.141417876 0.918526173
1403715402462142976.000000 -0.558093190 1.213792682 -2.623123646 0.358133972 0.038775537 -0.143892780 0.921700299
1403715402512143104.000000 -0.559727192 1.189700723 -2.628250599 0.348997563 0.043387659 -0.146085724 0.924649775
1403715402562142976.000000 -0.561677217 1.165366530 -2.634310722 0.341640145 0.046026401 -0.146846116 0.927146077
1403715402612143104.000000 -0.563800097 1.141433716 -2.640810966 0.335775733 0.050085127 -0.146353379 0.929153860
1403715402662142976.000000 -0.564780056 1.114634275 -2.650164604 0.330477893 0.052782621 -0.145972237 0.930962205
1403715402712143104.000000 -0.568643808 1.089499712 -2.660118103 0.326666564 0.054294214 -0.144113675 0.932508707
1403715402762142976.000000 -0.573658586 1.063945651 -2.671685696 0.324750513 0.048956312 -0.138470799 0.934326649
1403715402812143104.000000 -0.579377532 1.038610339 -2.684943676 0.323784590 0.043411251 -0.132068872 0.935861588
1403715402862142976.000000 -0.586597383 1.012933254 -2.698981047 0.323385745 0.037468102 -0.125801012 0.937119007
1403715402912143104.000000 -0.593266070 0.988196313 -2.714062691 0.323201746 0.031300604 -0.119734116 0.938202918
1403715402962142976.000000 -0.600125730 0.963479102 -2.729580641 0.322582692 0.023735786 -0.114938602 0.939237058
1403715403012143104.000000 -0.606826067 0.938866377 -2.745069504 0.322371572 0.014769439 -0.110164188 0.940065026
1403715403062142976.000000 -0.610351861 0.914339006 -2.760254860 0.320747375 0.005201243 -0.108381242 0.940929115
1403715403112143104.000000 -0.615554035 0.890978456 -2.774494171 0.319862962 -0.003107498 -0.106431566 0.941461861
1403715403162142976.000000 -0.619760156 0.868189096 -2.787718058 0.319190383 -0.010142633 -0.105551198 0.941739738
1403715403212143104.000000 -0.622181296 0.845447898 -2.799790144 0.318603069 -0.014998120 -0.104416706 0.942000151
1403715403262142976.000000 -0.625521839 0.821856916 -2.810184717 0.317342997 -0.017622599 -0.106885210 0.942103207
1403715403312143104.000000 -0.625763714 0.798971176 -2.818938255 0.316393942 -0.017817371 -0.109794982 0.942084134
1403715403362142976.000000 -0.625095189 0.776311517 -2.826254845 0.314792663 -0.016206481 -0.112262160 0.942358851
1403715403412143104.000000 -0.623623371 0.753706574 -2.831869602 0.312332898 -0.014141286 -0.113823161 0.943023086
1403715403462142976.000000 -0.620864868 0.730702519 -2.835229158 0.308840722 -0.011774451 -0.114159167 0.944164455
1403715403512143104.000000 -0.617744625 0.707832098 -2.837272644 0.304037839 -0.009266946 -0.113031507 0.945885301
1403715403562142976.000000 -0.615998328 0.684263110 -2.837374687 0.298209637 -0.007821353 -0.110179067 0.948087871
1403715403612143104.000000 -0.613193929 0.661434114 -2.836454868 0.290793389 -0.008399806 -0.107585669 0.950680792
1403715403662142976.000000 -0.610286891 0.638516426 -2.834394455 -0.282399386 0.009183536 0.104613096 -0.953531563
1403715403712143104.000000 -0.607515931 0.615738392 -2.830939293 -0.273401201 0.012270993 0.100912854 -0.956513405
1403715403762142976.000000 -0.604882419 0.592163801 -2.826883078 -0.264146626 0.015681934 0.095268577 -0.959637761
1403715403812143104.000000 -0.599418819 0.568051398 -2.818555593 0.254554063 -0.018281806 -0.088814944 0.962797999
1403715403862142976.000000 -0.593823910 0.544809759 -2.810794115 0.244549990 -0.019410141 -0.082696423 0.965908825
1403715403912143104.000000 -0.587247491 0.521746159 -2.801237106 0.233956918 -0.020351592 -0.077426076 0.968945444
1403715403962142976.000000 -0.579560041 0.498456866 -2.789898872 0.223395050 -0.020525405 -0.071977824 0.971850097
1403715404012143104.000000 -0.572038174 0.474778593 -2.775528908 0.212451577 -0.019406104 -0.067880362 0.974617898
1403715404062142976.000000 -0.562072754 0.452536762 -2.761839151 0.201307148 -0.015419731 -0.063855037 0.977323055
1403715404112143104.000000 -0.551239848 0.430394143 -2.746836424 0.189877629 -0.011156650 -0.061486259 0.979817092
1403715404162142976.000000 -0.539633512 0.408356190 -2.730670452 0.177199811 -0.005333502 -0.062102865 0.982199132
1403715404212143104.000000 -0.527678609 0.383976847 -2.711063385 0.164979622 -0.000740558 -0.062334195 0.984324992
1403715404262142976.000000 -0.516284406 0.361384332 -2.693232059 0.153903946 0.004022104 -0.063857906 0.986011982
1403715404312143104.000000 -0.505395353 0.337999880 -2.674611807 0.143798143 0.007144680 -0.065909423 0.987383962
1403715404362142976.000000 -0.494897813 0.313323587 -2.655590057 0.136257514 0.008483164 -0.065960854 0.988438785
1403715404412143104.000000 -0.485548586 0.287651926 -2.633367777 0.129404411 0.010297713 -0.066810451 0.989285052
1403715404462142976.000000 -0.475720614 0.261294723 -2.614299774 0.124540463 0.012562295 -0.066166759 0.989926219
1403715404512143104.000000 -0.466256559 0.233774543 -2.595097542 0.120427743 0.014657076 -0.066830806 0.990361571
1403715404562142976.000000 -0.457580507 0.205047697 -2.575922489 0.117561311 0.016458238 -0.066681430 0.990687728
1403715404612143104.000000 -0.451119304 0.175243348 -2.554347277 0.115635455 0.018222539 -0.065319404 0.990974128
1403715404662142976.000000 -0.444520772 0.144474223 -2.535309076 0.116010681 0.019277135 -0.060548097 0.991213381
1403715404712143104.000000 -0.438395470 0.112866096 -2.516585350 0.116549164 0.020528378 -0.056450270 0.991366923
1403715404762142976.000000 -0.432521939 0.080510974 -2.497906685 0.117922939 0.021976359 -0.050761949 0.991480947
1403715404812143104.000000 -0.427399933 0.046868406 -2.476877689 0.117689170 0.021507312 -0.046470333 0.991729438
1403715404862142976.000000 -0.422587067 0.014555660 -2.458294392 0.115561157 0.021146687 -0.042565208 0.992162645
1403715404912143104.000000 -0.418092787 -0.017812012 -2.439863682 0.112308539 0.022058070 -0.038265195 0.992691338
1403715404962142976.000000 -0.413995057 -0.049879551 -2.421532631 0.107768476 0.023526518 -0.032832615 0.993355155
1403715405012143104.000000 -0.410153300 -0.081411891 -2.401906252 0.101882361 0.025691081 -0.026508410 0.994111300
1403715405062142976.000000 -0.406693101 -0.112042643 -2.384310484 0.094475634 0.027089313 -0.019316059 0.994971097
1403715405112143104.000000 -0.403755754 -0.141868323 -2.367366552 0.086147845 0.027739823 -0.010114728 0.995844781
1403715405162142976.000000 -0.401518673 -0.170406476 -2.350907326 0.075477660 0.026813354 -0.001534665 0.996785760
1403715405212143104.000000 -0.400330871 -0.197224811 -2.336276531 0.063058183 0.025567703 0.007123015 0.997656941
1403715405262142976.000000 -0.399310023 -0.222886547 -2.321094990 0.049377348 0.024050152 0.015506250 0.998370171
1403715405312143104.000000 -0.398285061 -0.246834531 -2.306164742 0.034230653 0.022641080 0.021903504 0.998917401
1403715405362142976.000000 -0.397273839 -0.269364744 -2.291187048 0.018608460 0.021053458 0.027547404 0.999225557
1403715405412143104.000000 -0.394664824 -0.290797174 -2.277000904 0.002523737 0.018875552 0.032073293 0.999304116
1403715405462142976.000000 -0.394327283 -0.310641259 -2.262811899 -0.013121671 0.016586671 0.037724618 0.999064326
1403715405512143104.000000 -0.393781394 -0.329137415 -2.248875380 -0.028901704 0.015091600 0.043479159 0.998522162
1403715405562142976.000000 -0.393011451 -0.346641809 -2.234974861 -0.044847198 0.013691498 0.048795030 0.997707546
1403715405612143104.000000 -0.389765769 -0.363491148 -2.221468210 -0.061799753 0.011922503 0.051472913 0.996689141
1403715405662142976.000000 -0.389395893 -0.378537655 -2.207727432 -0.078625381 0.008786454 0.052637417 0.995474875
1403715405712143104.000000 -0.388788134 -0.393072635 -2.193525314 -0.094459757 0.005740661 0.054677516 0.994009495
1403715405762142976.000000 -0.388015926 -0.406536192 -2.178612947 0.109945439 -0.003037144 -0.056639947 -0.992317855
1403715405812143104.000000 -0.384179205 -0.422259361 -2.164806843 -0.124775663 -0.000363181 0.060228948 0.990355253
1403715405862142976.000000 -0.383017778 -0.435398877 -2.148647070 -0.139279231 -0.003099780 0.063902751 0.988184333
1403715405912143104.000000 -0.381661206 -0.448430002 -2.131803274 -0.153404355 -0.003188704 0.069825232 0.985688269
1403715405962142976.000000 -0.379759908 -0.460917503 -2.113951445 -0.167580724 -0.000690357 0.075696513 0.982947767
1403715406012143104.000000 -0.376027107 -0.474617243 -2.097993135 -0.182555854 0.003407746 0.080580749 0.979881942
1403715406062142976.000000 -0.374055266 -0.486050934 -2.078551531 -0.197223604 0.007646339 0.086713664 0.976486146
1403715406112143104.000000 -0.372642159 -0.496933520 -2.058707237 -0.211915493 0.010783323 0.091830410 0.972904265
1403715406162142976.000000 -0.371812612 -0.508073449 -2.037324667 0.226115912 -0.013025956 -0.097985558 -0.969072104
1403715406212143104.000000 -0.372082710 -0.521445215 -2.019840002 -0.239919484 0.014983756 0.104442447 0.965041935
1403715406262142976.000000 -0.372553915 -0.531362534 -1.998926163 -0.253718823 0.015671834 0.110112324 0.960862398
1403715406312143104.000000 -0.373288989 -0.541115999 -1.977900743 -0.266838521 0.015836960 0.116330817 0.956563413
1403715406362142976.000000 -0.374810040 -0.551057577 -1.957051396 -0.278818965 0.015149047 0.124376997 0.952134967
1403715406412143104.000000 -0.375401020 -0.563281775 -1.938752294 -0.290579885 0.013633789 0.132253394 0.947568715
1403715406462142976.000000 -0.377336919 -0.571423888 -1.917496681 -0.301451862 0.013083578 0.141745731 0.942795753
1403715406512143104.000000 -0.379675180 -0.579153001 -1.896403193 -0.312836289 0.011732203 0.149205238 0.937941194
1403715406562142976.000000 -0.382394165 -0.586153209 -1.875452638 -0.323991895 0.010950487 0.156777695 0.932914853
1403715406612143104.000000 -0.385509789 -0.595597506 -1.856281281 -0.335234851 0.011054248 0.163271323 0.927813530
1403715406662142976.000000 -0.387976080 -0.600425720 -1.836281061 -0.346589863 0.011352967 0.168762356 0.922640800
1403715406712143104.000000 -0.390879959 -0.603940964 -1.816661358 -0.357817560 0.011829874 0.173556551 0.917444706
1403715406762142976.000000 -0.394149840 -0.606240273 -1.797238469 -0.370004833 0.012409999 0.176291898 0.912065566
1403715406812143104.000000 -0.397440374 -0.609839797 -1.778628588 -0.382140785 0.013460080 0.179229036 0.906457007
1403715406862142976.000000 -0.400436521 -0.610361040 -1.760393620 -0.394353360 0.013840100 0.181676045 0.900715113
1403715406912143104.000000 -0.403287172 -0.610182166 -1.742570162 -0.406228840 0.013590991 0.184227079 0.894904435
1403715406962142976.000000 -0.405587465 -0.609373033 -1.725439310 -0.418233991 0.013778284 0.186435506 0.888893843
1403715407012143104.000000 -0.407464176 -0.607673824 -1.707758665 -0.429315507 0.013285740 0.189938143 0.882856309
1403715407062142976.000000 -0.409218907 -0.605257571 -1.691198707 -0.439608395 0.012642865 0.194712311 0.876739264
1403715407112143104.000000 -0.411137819 -0.602272034 -1.675068140 -0.449587882 0.011347078 0.199664995 0.870560706
1403715407162142976.000000 -0.413002491 -0.598729730 -1.659841776 0.458668143 -0.009151087 -0.204815522 -0.864633083
1403715407212143104.000000 -0.415530652 -0.592664659 -1.641679049 -0.466038197 0.004459557 0.210034356 0.859461546
1403715407262142976.000000 -0.416548163 -0.587719560 -1.626182795 -0.471856773 -0.000688166 0.215252176 0.854995430
1403715407312143104.000000 -0.417066753 -0.581456363 -1.610342979 -0.476630747 -0.006846076 0.218913138 0.851383150
1403715407362142976.000000 -0.416359454 -0.573296010 -1.594352007 -0.480577946 -0.010901805 0.221699208 0.848395824
1403715407412143104.000000 -0.415208340 -0.561539054 -1.578460693 -0.484014213 -0.013106829 0.222836167 0.846110284
1403715407462142976.000000 -0.412170112 -0.549486935 -1.562029004 -0.487039745 -0.012261194 0.222632051 0.844438851
1403715407512143104.000000 -0.408194304 -0.535256326 -1.545396566 -0.489905328 -0.012156653 0.221334308 0.843122840
1403715407562142976.000000 -0.403888613 -0.519465208 -1.528137684 0.491855621 0.010053720 -0.220997676 -0.842102766
1403715407612143104.000000 -0.398208827 -0.501099885 -1.511492729 -0.493859917 -0.008152774 0.218780771 0.841528952
1403715407662142976.000000 -0.391459137 -0.482336044 -1.494127512 -0.496233463 -0.006986242 0.214289874 0.841298640
1403715407712143104.000000 -0.383573592 -0.462352902 -1.476560831 -0.498960525 -0.005860876 0.206856504 0.841554821
1403715407762142976.000000 -0.374673367 -0.442866027 -1.458082438 0.500905871 0.005281365 -0.200498492 -0.841941655
1403715407812143104.000000 -0.363324702 -0.420353144 -1.441295862 -0.501657784 -0.005370738 0.196123645 0.842523754
1403715407862142976.000000 -0.354265213 -0.398293942 -1.422000170 -0.502102792 -0.004946837 0.192787170 0.843031108
1403715407912143104.000000 -0.344882697 -0.375678331 -1.401957512 -0.501208544 -0.002798478 0.192727074 0.843586683
1403715407962142976.000000 -0.334048212 -0.353206843 -1.381382823 -0.500363111 -0.002301420 0.192749307 0.844084859
1403715408012143104.000000 -0.319691837 -0.332293838 -1.359814286 -0.499327600 0.001052947 0.194482476 0.844302952
1403715408062142976.000000 -0.304763138 -0.309875309 -1.339463711 -0.498398483 0.002039735 0.195560291 0.844601095
1403715408112143104.000000 -0.285529613 -0.287004560 -1.320341110 -0.497521996 0.004091267 0.196448550 0.844904184
1403715408162142976.000000 -0.264815748 -0.264336318 -1.301528215 0.496371895 -0.005842056 -0.197456196 -0.845335364
1403715408212143104.000000 -0.240518838 -0.241010785 -1.283944368 0.495493025 -0.008341571 -0.197818011 -0.845745325
1403715408262142976.000000 -0.215514898 -0.217381597 -1.266565084 0.494959086 -0.009371279 -0.197655186 -0.846085250
1403715408312143104.000000 -0.191041976 -0.193704605 -1.248863459 0.494084209 -0.010555080 -0.198336512 -0.846423090
1403715408362142976.000000 -0.164653555 -0.171514571 -1.230198503 -0.493542403 0.011843164 0.198441476 0.846697569
1403715408412143104.000000 -0.143922448 -0.147756070 -1.210450530 -0.492537379 0.014977845 0.197276726 0.847504914
1403715408462142976.000000 -0.126311481 -0.124309361 -1.189434290 -0.491079748 0.018250862 0.194418088 0.848945975
1403715408512143104.000000 -0.111797541 -0.101292551 -1.167094231 -0.487975806 0.023153329 0.191215008 0.851340294
1403715408562142976.000000 -0.100551173 -0.078881085 -1.143188953 0.483911067 -0.026482591 -0.187028617 -0.854487658
1403715408612143104.000000 -0.091847874 -0.057030022 -1.118779421 0.478697896 -0.031690393 -0.182249248 -0.858271122
1403715408662142976.000000 -0.084799469 -0.035960048 -1.094074249 0.472917944 -0.034984350 -0.175359994 -0.862770855
1403715408712143104.000000 -0.077718899 -0.015477479 -1.068012714 -0.465547264 0.038062744 0.169798568 0.867747426
1403715408762142976.000000 -0.071530849 0.002684832 -1.044549704 -0.456429332 0.040574696 0.165097624 0.873366416
1403715408812143104.000000 -0.064865351 0.019667804 -1.022091150 -0.446468890 0.042216454 0.159756497 0.879409611
1403715408862142976.000000 -0.058005054 0.035015613 -1.000271201 -0.435045838 0.042863473 0.155917764 0.885769546
1403715408912143104.000000 -0.050268233 0.049368650 -0.978124380 -0.422845513 0.043145433 0.151897937 0.892338097
1403715408962142976.000000 -0.041919112 0.061721027 -0.958303034 -0.410228729 0.042605098 0.147223487 0.899011970
1403715409012143104.000000 -0.033241794 0.072870553 -0.939648569 -0.396863520 0.043203834 0.142651528 0.905694962
1403715409062142976.000000 -0.024033945 0.082698256 -0.922312796 -0.383331627 0.042680945 0.137911603 0.912258506
1403715409112143104.000000 -0.016579108 0.090666160 -0.903735697 -0.369026750 0.043457538 0.134937510 0.918543756
1403715409162142976.000000 -0.006882958 0.098043323 -0.889667451 -0.355409235 0.044391681 0.133586526 0.924049973
1403715409212143104.000000 0.002867300 0.104630634 -0.877200961 -0.343250453 0.043673165 0.132304400 0.928852737
1403715409262142976.000000 0.012566416 0.110708907 -0.866105258 0.333206505 -0.041513443 -0.131691322 -0.932688355
1403715409312143104.000000 0.020968840 0.115992352 -0.854557097 -0.324448138 0.040527280 0.131423876 0.935851872
1403715409362142976.000000 0.031728745 0.121288270 -0.846792579 -0.317573994 0.039802659 0.130309895 0.938393295
1403715409412143104.000000 0.042720247 0.126509085 -0.840611339 -0.312683135 0.039222494 0.128365457 0.940326095
1403715409462142976.000000 0.053941537 0.131539077 -0.835992217 -0.309628636 0.038824346 0.124925695 0.941815495
1403715409512143104.000000 0.065893330 0.137104005 -0.831866741 0.308629632 -0.038798206 -0.120003305 -0.942784071
1403715409562142976.000000 0.077201284 0.141915098 -0.829689205 0.309983104 -0.035811882 -0.115797542 -0.942984045
1403715409612143104.000000 0.088045962 0.146249950 -0.828113675 0.311163306 -0.031838905 -0.117028087 -0.942585945
1403715409662142976.000000 0.098966137 0.150013745 -0.827011943 0.312309682 -0.027962994 -0.119170740 -0.942061067
1403715409712143104.000000 0.109440424 0.153478608 -0.826364756 0.313293040 -0.022758277 -0.122625694 -0.941431105
1403715409762142976.000000 0.120099783 0.156822890 -0.826093256 0.314705342 -0.017080843 -0.125886962 -0.940649450
1403715409812143104.000000 0.126201287 0.156432763 -0.825941861 -0.316345423 0.011708310 0.128962621 0.939764440
1403715409862142976.000000 0.137759745 0.159393027 -0.825934410 -0.318509340 0.006826298 0.131699145 0.938701510
1403715409912143104.000000 0.149577007 0.162645787 -0.825597107 -0.320344567 0.001052142 0.135587022 0.937547088
1403715409962142976.000000 0.161637813 0.166332424 -0.824868321 -0.322462946 -0.003932766 0.137981921 0.936463118
1403715410012143104.000000 0.176510885 0.172373414 -0.822960794 0.324558496 0.007231792 -0.140892521 -0.935285449
1403715410062142976.000000 0.190362066 0.177932888 -0.820319593 0.326654643 0.008456167 -0.142443299 -0.934310019
1403715410112143104.000000 0.205180168 0.184515208 -0.816795528 0.329376847 0.006496863 -0.142190039 -0.933408141
1403715410162142976.000000 0.219907388 0.192023888 -0.812331975 0.332274735 0.002347128 -0.139963686 -0.932736993
1403715410212143104.000000 0.232552513 0.199855104 -0.806429684 0.334415674 -0.002238874 -0.138699710 -0.932160676
1403715410262142976.000000 0.242387980 0.207883537 -0.798746586 0.336433709 -0.006657116 -0.137220025 -0.931632280
1403715410312143104.000000 0.243403792 0.216578737 -0.792488456 -0.338160217 0.010714672 0.135591835 0.931207716
1403715410362142976.000000 0.247183695 0.224359274 -0.781469285 -0.339251727 0.013296183 0.134379238 0.930953145
1403715410412143104.000000 0.249842629 0.232502669 -0.769445419 -0.340390474 0.014230249 0.132690668 0.930765927
1403715410462142976.000000 0.251438081 0.240275159 -0.757199407 -0.341407776 0.013749870 0.130400702 0.930724144
1403715410512143104.000000 0.255765617 0.247065932 -0.743822634 0.342826992 -0.012179573 -0.126847640 -0.930715382
1403715410562142976.000000 0.258562058 0.253912538 -0.730808914 0.343963891 -0.011482082 -0.123327211 -0.930777907
1403715410612143104.000000 0.261174470 0.260230541 -0.716948330 0.343900949 -0.010324310 -0.121556632 -0.931047618
1403715410662142976.000000 0.263810217 0.266783893 -0.703019083 0.343731910 -0.010393295 -0.120076820 -0.931301236
1403715410712143104.000000 0.266750544 0.272564292 -0.688387334 0.342616081 -0.011522003 -0.120485030 -0.931646347
1403715410762142976.000000 0.270570099 0.277956426 -0.673763037 0.341452867 -0.015942078 -0.119872496 -0.932087123
1403715410812143104.000000 0.271889627 0.283547163 -0.664604843 -0.339631528 0.024208728 0.119234867 0.932656109
1403715410862142976.000000 0.276042223 0.287516415 -0.650583208 -0.338650525 0.030548364 0.116908163 0.933121204
1403715410912143104.000000 0.279101551 0.290531754 -0.637109339 -0.336405903 0.035330970 0.117266022 0.933719099
1403715410962142976.000000 0.281359226 0.292234957 -0.624145031 -0.334629655 0.035334636 0.116556421 0.934445858
1403715411012143104.000000 0.283682972 0.293108612 -0.609067559 0.331609458 -0.033022709 -0.118565470 -0.935353875
1403715411062142976.000000 0.284475893 0.292666495 -0.596428096 0.328581095 -0.030131131 -0.120335273 -0.936293781
1403715411112143104.000000 0.285091847 0.291455477 -0.584436059 0.325624704 -0.026569223 -0.121962614 -0.937223434
1403715411162142976.000000 0.285836697 0.289800227 -0.572809517 0.322330087 -0.024472211 -0.124869399 -0.938036263
1403715411212143104.000000 0.287032068 0.287789136 -0.561876178 0.319016069 -0.024123792 -0.128693461 -0.938661218
1403715411262142976.000000 0.288573086 0.285525441 -0.551500857 0.316032827 -0.024338193 -0.131547734 -0.939268947
1403715411312143104.000000 0.288768828 0.284135699 -0.541012824 -0.313750058 0.026791565 0.133200184 0.939734459
1403715411362142976.000000 0.290464282 0.281698525 -0.532158077 -0.312048674 0.030729162 0.133730739 0.940105021
1403715411412143104.000000 0.291989148 0.279407203 -0.524153113 -0.310343325 0.035839200 0.134376541 0.940396488
1403715411462142976.000000 0.292816997 0.277678251 -0.516870975 -0.309037626 0.041250966 0.134277716 0.940618753
1403715411512143104.000000 0.292819232 0.275580317 -0.511095226 0.308403522 -0.043649405 -0.132800773 -0.940928280
1403715411562142976.000000 0.291870445 0.274328411 -0.503946364 -0.307610750 0.041985724 0.131352723 0.941466570
1403715411612143104.000000 0.290610254 0.271933168 -0.500046790 -0.307246536 0.039008711 0.129671127 0.941946566
1403715411662142976.000000 0.289070934 0.269439995 -0.496855736 -0.306727171 0.035149567 0.128239319 0.942463636
1403715411712143104.000000 0.287337780 0.267016351 -0.494470686 -0.306241274 0.032497216 0.126948446 0.942891538
1403715411762142976.000000 0.285487056 0.262351573 -0.495080024 0.305752039 -0.030251123 -0.125710398 -0.943290770
1403715411812143104.000000 0.283160180 0.259457380 -0.494068503 0.305584073 -0.029692778 -0.124245472 -0.943557024
1403715411862142976.000000 0.280039847 0.256210655 -0.493142843 0.305008620 -0.028668473 -0.123715803 -0.943844438
1403715411912143104.000000 0.276894182 0.252773643 -0.492769539 0.304596394 -0.028516501 -0.123455070 -0.944016337
1403715411962142976.000000 0.273789674 0.249203548 -0.492739081 0.303810239 -0.028815703 -0.124209397 -0.944161594
1403715412012143104.000000 0.270584255 0.245881379 -0.492766887 0.303352505 -0.028551793 -0.124597959 -0.944265544
1403715412062142976.000000 0.267970443 0.243423790 -0.490198016 -0.303125590 0.027940080 0.125333369 0.944259465
1403715412112143104.000000 0.264538229 0.240014374 -0.490822494 -0.302940160 0.027683802 0.125830129 0.944260418
1403715412162142976.000000 0.260809958 0.236329406 -0.491698027 -0.303200483 0.025683347 0.125916034 0.944221973
1403715412212143104.000000 0.256737441 0.232589126 -0.492758632 -0.303229392 0.024335122 0.126101881 0.944223583
1403715412262142976.000000 0.252279699 0.227280557 -0.497365087 0.303387016 -0.023369476 -0.125875920 -0.944227457
1403715412312143104.000000 0.249658599 0.222458035 -0.498522341 -0.303659618 0.022183202 0.125756532 0.944184422
1403715412362142976.000000 0.245005399 0.218326002 -0.500722826 -0.303788543 0.021296345 0.126172960 0.944107771
1403715412412143104.000000 0.240440965 0.214085639 -0.503088415 -0.303839892 0.020597124 0.126612306 0.944047868
1403715412462142976.000000 0.235881731 0.209711403 -0.505656898 -0.303658873 0.019104050 0.127919540 0.943961322
1403715412512143104.000000 0.230674252 0.205664083 -0.508828163 0.303635925 -0.017557072 -0.128662810 -0.943897665
1403715412562142976.000000 0.229797214 0.199867100 -0.511893749 -0.303606272 0.015979081 0.129410401 0.943833053
1403715412612143104.000000 0.225613907 0.196121573 -0.514312208 -0.304028571 0.014763017 0.128791079 0.943801701
1403715412662142976.000000 0.221904501 0.192696646 -0.516509712 -0.304021806 0.014011722 0.128763914 0.943819046
1403715412712143104.000000 0.218477577 0.189536333 -0.518730104 -0.304058433 0.011858731 0.128567934 0.943863511
1403715412762142976.000000 0.214604378 0.186385930 -0.520169795 0.304346710 -0.010559477 -0.128447950 -0.943802297
1403715412812143104.000000 0.211848751 0.183695674 -0.522018552 0.304508090 -0.009514022 -0.128348157 -0.943774879
1403715412862142976.000000 0.209593028 0.181156456 -0.523666739 0.304424167 -0.008660101 -0.128337562 -0.943811715
1403715412912143104.000000 0.211787120 0.177569389 -0.528091431 -0.304522455 0.007915019 0.128081799 0.943821251
1403715412962142976.000000 0.210744381 0.175329149 -0.529403448 -0.304927260 0.008826060 0.127844095 0.943714678
1403715413012143104.000000 0.209437892 0.173172206 -0.530496716 -0.305633634 0.010873883 0.126801848 0.943605483
1403715413062142976.000000 0.206129879 0.170966491 -0.530331671 -0.306502521 0.012096746 0.125576198 0.943472564
1403715413112143104.000000 0.200527176 0.169780806 -0.527730167 0.307011425 -0.013198517 -0.124729760 -0.943404615
1403715413162142976.000000 0.193131566 0.167680129 -0.525031626 0.307428300 -0.014662879 -0.124238938 -0.943311989
1403715413212143104.000000 0.183432847 0.165363729 -0.521329045 0.307854146 -0.015599222 -0.123227350 -0.943290889
1403715413262142976.000000 0.171589166 0.162633121 -0.517022848 0.307781994 -0.016866600 -0.123520218 -0.943254232
1403715413312143104.000000 0.157515019 0.159632355 -0.512034416 0.307123959 -0.018811226 -0.125776455 -0.943133831
1403715413362142976.000000 0.142569631 0.156410888 -0.506673574 0.305796415 -0.021290947 -0.129116148 -0.943061173
1403715413412143104.000000 0.126543462 0.153828233 -0.499798775 -0.304682493 0.023546191 0.132315576 0.942924559
1403715413462142976.000000 0.112854265 0.150899366 -0.495234370 -0.303705305 0.025086086 0.135086119 0.942807317
1403715413512143104.000000 0.100369796 0.148570061 -0.491736323 -0.303138554 0.026228674 0.136372492 0.942773342
1403715413562142976.000000 0.088821806 0.146566421 -0.489308268 -0.303480387 0.026141088 0.135854736 0.942740619
1403715413612143104.000000 0.078584589 0.144921660 -0.488006949 -0.304391801 0.026057102 0.134214491 0.942684054
1403715413662142976.000000 0.068375722 0.145081863 -0.486138523 -0.305414677 0.026116170 0.131536797 0.942728937
1403715413712143104.000000 0.059781443 0.143615752 -0.486813784 -0.306818992 0.025967080 0.128225461 0.942733288
1403715413762142976.000000 0.050517678 0.142228723 -0.487430573 -0.308014750 0.024688005 0.126016304 0.942675650
1403715413812143104.000000 0.039436057 0.140800133 -0.487803459 -0.308636636 0.023207325 0.124925077 0.942655087
1403715413862142976.000000 0.027562156 0.138361245 -0.488098860 0.309264183 -0.021718306 -0.123940639 -0.942614853
1403715413912143104.000000 0.014810007 0.137842923 -0.486262262 -0.309720784 0.021733457 0.122802235 0.942613542
1403715413962142976.000000 0.001679715 0.135567799 -0.485884249 -0.310367405 0.022042312 0.120647982 0.942671955
1403715414012143104.000000 -0.010111501 0.132784456 -0.486236423 -0.310830712 0.021769376 0.119802080 0.942633510
1403715414062142976.000000 -0.019243667 0.129227638 -0.487523615 -0.310605168 0.021014633 0.120196685 0.942674696
1403715414112143104.000000 -0.025747649 0.127085119 -0.487708002 -0.310555637 0.018543391 0.120668188 0.942682683
1403715414162142976.000000 -0.029460449 0.122385509 -0.491250396 -0.310079008 0.014354862 0.122471325 0.942680120
1403715414212143104.000000 -0.030870175 0.117462039 -0.495134503 -0.309694201 0.008262811 0.124878131 0.942563951
1403715414262142976.000000 -0.029444279 0.112403326 -0.499027908 -0.309215695 0.002891144 0.126903191 0.942482352
1403715414312143104.000000 -0.027134141 0.108552344 -0.501507461 -0.308808178 -0.002389003 0.128895611 0.942346990
1403715414362142976.000000 -0.023414562 0.104499258 -0.503984928 -0.309031069 -0.006700747 0.129237041 0.942206323
1403715414412143104.000000 -0.019599199 0.101248555 -0.504918456 -0.309358239 -0.008008846 0.128646985 0.942169547
1403715414462142976.000000 -0.016612215 0.098555341 -0.504094183 -0.309763044 -0.007656883 0.127749577 0.942161500
1403715414512143104.000000 -0.013347555 0.097300097 -0.500456095 -0.310501605 -0.006240577 0.126320958 0.942121506
1403715414562142976.000000 -0.012260040 0.095250383 -0.495815843 -0.311195284 -0.002600513 0.124583274 0.942141116
1403715414612143104.000000 -0.012010742 0.093376361 -0.489732981 -0.312045574 0.001600600 0.122424729 0.942145050
1403715414662142976.000000 -0.012415342 0.091388166 -0.482465029 -0.312113076 0.005527146 0.122715116 0.942070007
1403715414712143104.000000 -0.014753882 0.089218594 -0.473817885 -0.312240273 0.010098371 0.123739891 0.941855907
1403715414762142976.000000 -0.016701506 0.086678229 -0.464873046 -0.311697215 0.014268681 0.126317441 0.941639662
1403715414812143104.000000 -0.019824583 0.083916150 -0.455563903 -0.310774654 0.017172180 0.130580559 0.941314518
1403715414862142976.000000 -0.023680085 0.081201375 -0.445784181 -0.309422195 0.020483414 0.136340261 0.940877080
1403715414912143104.000000 -0.028434644 0.076142929 -0.437702328 -0.307952762 0.024097821 0.142697200 0.940330803
1403715414962142976.000000 -0.034467317 0.074343085 -0.427724242 -0.306830883 0.026719555 0.148114190 0.939788878
1403715415012143104.000000 -0.041336890 0.072921798 -0.418483287 -0.306097209 0.029458348 0.153057665 0.939153969
1403715415062142976.000000 -0.048906848 0.071972266 -0.409763873 -0.305934370 0.031378407 0.156704530 0.938543200
1403715415112143104.000000 -0.056549881 0.071397811 -0.402473837 -0.306530893 0.032618422 0.159159005 0.937893093
1403715415162142976.000000 -0.064848237 0.072573803 -0.395509928 -0.307325482 0.033427533 0.161091104 0.937274396
1403715415212143104.000000 -0.073067188 0.074549399 -0.390041918 -0.309002489 0.034452990 0.161063865 0.936690450
1403715415262142976.000000 -0.081192777 0.077270828 -0.385801554 -0.310655922 0.034445345 0.160390034 0.936259329
1403715415312143104.000000 -0.088807575 0.076970436 -0.385317683 -0.315056890 0.032494724 0.153428867 0.936025023
1403715415362142976.000000 -0.095883727 0.081308782 -0.383493483 -0.319400430 0.029311845 0.146634951 0.935747027
1403715415412143104.000000 -0.101478286 0.085642196 -0.383217931 0.324329793 -0.027206106 -0.138844073 -0.935303330
1403715415462142976.000000 -0.106807858 0.088804103 -0.383312762 -0.328680366 0.022572922 0.131920293 0.934909999
1403715415512143104.000000 -0.110239491 0.092676498 -0.383921415 -0.332293630 0.021180067 0.126007110 0.934480965
1403715415562142976.000000 -0.115377687 0.096593156 -0.381773651 -0.334320784 0.020244267 0.123338379 0.934134603
1403715415612143104.000000 -0.119130030 0.098462507 -0.381460577 -0.336288095 0.020581987 0.120616384 0.933776498
1403715415662142976.000000 -0.125369489 0.099297516 -0.380154461 0.338165402 -0.020382376 -0.118999921 -0.933310151
1403715415712143104.000000 -0.133989379 0.097091384 -0.379657775 -0.339098960 0.019417873 0.118855521 0.933010280
1403715415762142976.000000 -0.137157336 0.097460054 -0.378537625 -0.338549793 0.018308925 0.120696940 0.932995796
1403715415812143104.000000 -0.133252949 0.096932672 -0.379466504 0.339124650 -0.018245578 -0.119281590 -0.932970285
1403715415862142976.000000 -0.131953582 0.096793197 -0.374060899 -0.339795798 0.020659262 0.118400715 0.932787955
1403715415912143104.000000 -0.131080523 0.094686642 -0.372894883 -0.340076029 0.023180678 0.118947618 0.932556927
1403715415962142976.000000 -0.132169351 0.091802709 -0.371134222 0.339994729 -0.023002150 -0.118552178 -0.932641387
1403715416012143104.000000 -0.133725166 0.090584546 -0.373625398 -0.339278758 0.019180352 0.117785908 0.933085561
1403715416062142976.000000 -0.132206336 0.091182493 -0.375109673 -0.340288252 0.018882055 0.116721317 0.932857692
1403715416112143104.000000 -0.130903453 0.091075271 -0.375625581 0.340832382 -0.019494066 -0.116858535 -0.932629287
1403715416162142976.000000 -0.130524516 0.090748325 -0.375747383 0.340786785 -0.020003056 -0.117280215 -0.932582259
1403715416212143104.000000 -0.132340208 0.091726176 -0.374042213 -0.340423644 0.018993542 0.118699335 0.932556450
1403715416262142976.000000 -0.132309377 0.090864584 -0.374341637 -0.339905828 0.017990675 0.119691595 0.932638407
1403715416312143104.000000 -0.132348225 0.090126805 -0.374942005 -0.339775473 0.017876675 0.120149486 0.932629168
1403715416362142976.000000 -0.132484525 0.090292744 -0.375323355 0.339743257 -0.017291429 -0.120304950 -0.932631969
1403715416412143104.000000 -0.132276759 0.090249315 -0.376039505 0.339683414 -0.017130790 -0.120604813 -0.932617903
1403715416462142976.000000 -0.132841557 0.093128659 -0.372644603 -0.339525312 0.016632600 0.120861009 0.932651401
1403715416512143104.000000 -0.133219004 0.092032284 -0.373242468 -0.339670807 0.016888410 0.121078819 0.932565510
1403715416562142976.000000 -0.133620754 0.091309071 -0.373764902 0.339753479 -0.017466577 -0.120658427 -0.932579279
1403715416612143104.000000 -0.133983314 0.090802878 -0.374423355 0.339662135 -0.017007098 -0.120885439 -0.932591617
1403715416662142976.000000 -0.134297460 0.090019241 -0.375033021 0.339508355 -0.017026486 -0.121402629 -0.932580054
1403715416712143104.000000 -0.134687036 0.088885590 -0.375780344 0.339524299 -0.016993204 -0.121385612 -0.932577133
1403715416762142976.000000 -0.135132566 0.087581486 -0.376496822 0.339473873 -0.016948035 -0.121496879 -0.932581842
1403715416812143104.000000 -0.134569451 0.092747688 -0.373305142 -0.339521974 0.017472068 0.121318258 0.932577848
1403715416862142976.000000 -0.134843916 0.091725260 -0.373603404 -0.339395761 0.017063394 0.121546440 0.932601690
1403715416912143104.000000 -0.134896293 0.091036230 -0.374318361 0.339332700 -0.016747801 -0.121827364 -0.932593703
1403715416962142976.000000 -0.134989843 0.089784108 -0.374993622 0.339401245 -0.017028287 -0.121595271 -0.932594001
1403715417012143104.000000 -0.135133609 0.088426769 -0.375596642 0.339406192 -0.017401725 -0.121682920 -0.932573855
1403715417062142976.000000 -0.135146514 0.087391756 -0.376231492 0.339462876 -0.017294960 -0.121572018 -0.932569623
1403715417112143104.000000 -0.135188326 0.086466588 -0.376704395 0.339391798 -0.017041843 -0.121894769 -0.932558060
1403715417162142976.000000 -0.135337561 0.081587039 -0.379944921 0.339422852 -0.017015085 -0.122015096 -0.932531476
1403715417212143104.000000 -0.135162443 0.084373608 -0.377665937 0.339444578 -0.017221568 -0.121948935 -0.932528496
1403715417262142976.000000 -0.135278255 0.083402991 -0.378150821 0.339447141 -0.017195560 -0.121998787 -0.932521462
1403715417312143104.000000 -0.135369986 0.091350071 -0.373582691 -0.339351088 0.017496409 0.121797398 0.932577193
1403715417362142976.000000 -0.135381564 0.091070741 -0.373993069 -0.339264095 0.017271247 0.121959314 0.932591856
1403715417412143104.000000 -0.135229826 0.090120673 -0.374505579 0.339274734 -0.017258445 -0.122039117 -0.932577789
1403715417462142976.000000 -0.135184199 0.089292906 -0.375058740 0.339267015 -0.017374706 -0.122064866 -0.932575107
1403715417512143104.000000 -0.135181874 0.088559076 -0.375704348 0.339253753 -0.017485989 -0.122068472 -0.932577372
1403715417562142976.000000 -0.135126263 0.088087372 -0.376355976 0.339324772 -0.017485125 -0.122112483 -0.932545781
1403715417612143104.000000 -0.135044456 0.087723501 -0.376918048 0.339314580 -0.017369220 -0.122241266 -0.932534754
1403715417662142976.000000 -0.134990767 0.087391235 -0.377402633 0.339309126 -0.017289978 -0.122272514 -0.932534099
1403715417712143104.000000 -0.134994060 0.087287962 -0.377767444 0.339303970 -0.017411351 -0.122334935 -0.932525575
1403715417762142976.000000 -0.134950235 0.087194182 -0.377899885 0.339310348 -0.017475558 -0.122282751 -0.932528853
1403715417812143104.000000 -0.135674924 0.090600535 -0.374195039 -0.339247793 0.017537765 0.122224197 0.932558179
1403715417862142976.000000 -0.135750175 0.091193177 -0.374077022 -0.339295447 0.017474506 0.122223079 0.932542086
1403715417912143104.000000 -0.135653049 0.090611413 -0.374248207 -0.339304119 0.017478777 0.122209199 0.932540655
1403715417962142976.000000 -0.135483176 0.090426400 -0.374558538 -0.339260191 0.017554874 0.122204915 0.932555854
1403715418012143104.000000 -0.135184973 0.090703413 -0.375068843 0.339252353 -0.017625015 -0.122221574 -0.932555139
1403715418062142976.000000 -0.135024935 0.090826161 -0.375292063 0.339230180 -0.017530372 -0.122260854 -0.932559907
1403715418112143104.000000 -0.134977117 0.090829544 -0.375322998 0.339240760 -0.017442651 -0.122287147 -0.932554245
1403715418162142976.000000 -0.134999752 0.090721786 -0.375261992 0.339250654 -0.017456075 -0.122283019 -0.932550967
1403715418212143104.000000 -0.135078251 0.090580277 -0.375140816 0.339255422 -0.017463613 -0.122276932 -0.932549834
1403715418262142976.000000 -0.135162130 0.090623021 -0.374919087 0.339278668 -0.017534940 -0.122253962 -0.932543039
1403715418312143104.000000 -0.135282233 0.090786271 -0.374715507 0.339281946 -0.017484589 -0.122297660 -0.932537079
1403715418362142976.000000 -0.135619804 0.090841010 -0.374180704 0.339272141 -0.017469887 -0.122269399 -0.932544649
1403715418412143104.000000 -0.135457605 0.090334401 -0.374643475 -0.339331537 0.017625893 0.122312002 0.932514548
1403715418462142976.000000 -0.135560662 0.090509050 -0.374370068 -0.339346677 0.017621268 0.122289695 0.932511985
1403715418512143104.000000 -0.135411784 0.090361126 -0.374781609 0.339300603 -0.017603908 -0.122334763 -0.932523191
1403715418562142976.000000 -0.135462523 0.090322547 -0.374876559 0.339287788 -0.017592225 -0.122373939 -0.932522953
1403715418612143104.000000 -0.135479748 0.090270758 -0.374908686 0.339298368 -0.017586317 -0.122481078 -0.932505071
1403715418662142976.000000 -0.135508090 0.090194501 -0.374859542 0.339328557 -0.017614378 -0.122455545 -0.932496965
1403715418712143104.000000 -0.135438919 0.090201184 -0.374877661 0.339341938 -0.017590752 -0.122413814 -0.932498097
1403715418762142976.000000 -0.135466576 0.090224326 -0.374739408 0.339314401 -0.017584436 -0.122470960 -0.932500601
1403715418812143104.000000 -0.135502174 0.090218149 -0.374616861 0.339320093 -0.017557040 -0.122542731 -0.932489634
