1403715528412143104.000000 -0.000000013 -0.000000045 -0.000000045 0.000000008 0.000000018 -0.000000011 1.000000000
1403715528462142976.000000 0.002363584 -0.000482877 0.004494828 -0.000385938 -0.004737829 0.000890321 0.999988317
1403715528512143104.000000 0.006287090 -0.002299643 0.002394280 -0.000486813 -0.009453848 0.003428300 0.999949396
1403715528562142976.000000 0.010386552 -0.003311069 0.002437165 -0.000607302 -0.010564734 0.004809323 0.999932468
1403715528612143104.000000 0.022431288 -0.006633499 0.000695864 -0.000898082 -0.009715899 0.006487730 0.999931335
1403715528662142976.000000 0.019017162 -0.009832350 0.002909507 -0.001425258 -0.006062311 0.008219857 0.999946892
1403715528712143104.000000 0.030208694 -0.007054719 -0.008570911 -0.001586337 -0.005105903 0.009845858 0.999937296
1403715528762142976.000000 0.055451095 -0.016196227 -0.002353869 -0.003219035 -0.004443028 0.008768425 0.999946594
1403715528812143104.000000 0.042672224 -0.022656836 0.007194855 -0.003449497 0.000756071 0.011364118 0.999929190
1403715528862142976.000000 0.038865805 -0.008630389 0.004040469 -0.002180089 0.005933032 0.010445421 0.999925494
1403715528912143104.000000 0.077802040 -0.029645292 0.004833914 -0.005200010 0.003034646 0.010062847 0.999931216
1403715528962142976.000000 0.090630122 -0.034219716 0.003380466 -0.005998768 0.003223997 0.009230897 0.999934256
1403715529012143104.000000 0.103207923 -0.039813157 0.002130576 -0.005988882 0.001546994 0.007024455 0.999956191
1403715529062142976.000000 0.115181588 -0.045486350 0.002527071 -0.003130833 0.000089038 0.007770901 0.999964893
1403715529112143104.000000 0.131943092 -0.052453510 -0.001307678 0.001873296 -0.000321765 0.008048128 0.999965847
1403715529162142976.000000 0.151023164 -0.063290589 0.002923179 0.008059843 -0.000319028 0.006778334 0.999944508
1403715529212143104.000000 0.170961812 -0.071289316 -0.000701452 0.015396512 -0.002589693 0.005254501 0.999864340
1403715529262142976.000000 0.191319749 -0.079666041 -0.002574216 0.023696195 -0.005660777 0.001635661 0.999701917
1403715529312143104.000000 0.211812168 -0.087714322 -0.005586778 0.032682102 -0.008776499 -0.001994936 0.999425352
1403715529362142976.000000 0.232555389 -0.097611561 -0.008688277 0.041512355 -0.011972267 -0.006443009 0.999045551
1403715529412143104.000000 0.254746944 -0.095815204 -0.012825249 0.051901408 -0.013002397 -0.011667699 0.998499393
1403715529462142976.000000 0.270347774 -0.104576662 -0.010916168 0.060459092 -0.012265079 -0.015991226 0.997967243
1403715529512143104.000000 0.285093755 -0.115010269 -0.009953725 0.067246445 -0.011476316 -0.019795328 0.997474015
1403715529562142976.000000 0.298096657 -0.125151247 -0.005068352 0.073389962 -0.011166502 -0.022145560 0.996994913
1403715529612143104.000000 0.309225649 -0.135204285 -0.001458332 0.078351840 -0.009784942 -0.025147796 0.996560514
1403715529662142976.000000 0.319986343 -0.145574063 0.003784497 0.082817443 -0.007772337 -0.026676957 0.996177375
1403715529712143104.000000 0.329557449 -0.155907989 0.012440650 0.086515993 -0.005853729 -0.030360322 0.995770574
1403715529762142976.000000 0.340203762 -0.166014090 0.018813098 0.089977138 -0.005501679 -0.032628886 0.995394051
1403715529812143104.000000 0.355861843 -0.180503666 0.023959061 0.092638388 -0.005187545 -0.033638757 0.995117962
1403715529862142976.000000 0.366595745 -0.193713874 0.030300863 0.094757155 -0.004331127 -0.034135509 0.994905591
1403715529912143104.000000 0.378813744 -0.208178103 0.035857014 0.097053736 -0.002069538 -0.033186734 0.994723618
1403715529962142976.000000 0.390522897 -0.223719552 0.041291989 0.098429359 0.001122076 -0.032548435 0.994611025
1403715530012143104.000000 0.403090328 -0.226351634 0.046509400 0.101174034 0.005664753 -0.033033703 0.994304061
1403715530062142976.000000 0.422862142 -0.242801741 0.050922122 0.100808829 0.010733729 -0.035959743 0.994197786
1403715530112143104.000000 0.439981729 -0.257012963 0.055063087 0.100005463 0.016300187 -0.039671063 0.994062066
1403715530162142976.000000 0.464609474 -0.279996425 0.057160012 0.097450726 0.016909605 -0.043770719 0.994133592
1403715530212143104.000000 0.482614934 -0.298990488 0.058795020 0.095689155 0.015746649 -0.047706526 0.994142711
1403715530262142976.000000 0.504957676 -0.298781455 0.056807432 0.097018912 0.012540841 -0.050682899 0.993912101
1403715530312143104.000000 0.531206608 -0.314518660 0.055908486 0.096478298 0.009538874 -0.052824754 0.993886590
1403715530362142976.000000 0.560930312 -0.333822250 0.050999831 0.096718647 0.006914920 -0.051009409 0.993979752
1403715530412143104.000000 0.595201492 -0.376316428 0.043674167 0.094511084 0.004319205 -0.047645945 0.994373620
1403715530462142976.000000 0.624349415 -0.404632896 0.037275288 0.096743651 0.003378519 -0.044419091 0.994311988
1403715530512143104.000000 0.647153139 -0.402662098 0.025598571 0.105181962 0.005363742 -0.042418357 0.993533432
1403715530562142976.000000 0.686713636 -0.429488182 0.017567307 0.109637931 0.003221893 -0.041415393 0.993103206
1403715530612143104.000000 0.712457597 -0.460296452 0.013632872 0.112729885 0.003554648 -0.041786455 0.992740273
1403715530662142976.000000 0.751922965 -0.504993975 0.008070322 0.114045419 0.001710952 -0.041254558 0.992617190
1403715530712143104.000000 0.773969889 -0.532004595 0.001924455 0.118365660 0.002258241 -0.040933400 0.992123425
1403715530762142976.000000 0.807694376 -0.591066480 -0.002576692 -0.123285875 -0.001441787 0.041352578 -0.991508245
1403715530812143104.000000 0.818664372 -0.588818729 -0.006409494 0.131483749 0.001268994 -0.042643316 0.990399897
1403715530862142976.000000 0.841282487 -0.618675530 -0.011387789 0.139568374 0.001046793 -0.044088934 0.989229918
1403715530912143104.000000 0.860879540 -0.647513151 -0.018375529 -0.147306368 -0.000873974 0.045810964 -0.988029063
1403715530962142976.000000 0.880925655 -0.675871074 -0.021158684 0.153028876 -0.000116543 -0.049505733 0.986980975
1403715531012143104.000000 0.900553763 -0.705089509 -0.026183020 0.158635974 -0.005631818 -0.051258326 0.985989630
1403715531062142976.000000 0.918501556 -0.734322250 -0.030004313 -0.163105160 0.014502089 0.054028999 -0.985021472
1403715531112143104.000000 0.935117841 -0.763836801 -0.033415228 -0.166740090 0.026343964 0.055786949 -0.984068930
1403715531162142976.000000 0.951078117 -0.792494357 -0.032203916 0.170045108 -0.036374647 -0.057009183 0.983113229
1403715531212143104.000000 0.967023075 -0.823210895 -0.032613683 0.175057873 -0.044972055 -0.051444821 0.982184172
1403715531262142976.000000 0.985668838 -0.853489876 -0.028413881 0.180763125 -0.044368245 -0.043610647 0.981557071
1403715531312143104.000000 1.005409360 -0.884528577 -0.024717793 0.185578138 -0.038193859 -0.035619095 0.981240749
1403715531362142976.000000 1.026240230 -0.913747966 -0.018295310 0.189307213 -0.029789666 -0.029759705 0.981014669
1403715531412143104.000000 1.046953201 -0.942877114 -0.010534879 0.191751167 -0.022230154 -0.026410142 0.980836332
1403715531462142976.000000 1.064150929 -0.969529152 -0.000820257 -0.192891598 0.015611024 0.026142301 -0.980747581
1403715531512143104.000000 1.078348756 -0.995229602 0.011162221 -0.193808198 0.010542287 0.025984127 -0.980638623
1403715531562142976.000000 1.089599490 -1.019722462 0.024658140 -0.194567114 0.007594293 0.025778340 -0.980521023
1403715531612143104.000000 1.102455735 -1.041705728 0.041062597 0.196094647 -0.007485223 -0.024425648 0.980252206
1403715531662142976.000000 1.108199000 -1.064189434 0.057541091 0.196968272 -0.008679162 -0.022798678 0.980106354
1403715531712143104.000000 1.113619328 -1.085234165 0.075191140 -0.195992336 0.007531203 0.025623823 -0.980241656
1403715531762142976.000000 1.119899273 -1.103810906 0.092986181 0.193672240 -0.005412101 -0.031072836 0.980559230
1403715531812143104.000000 1.126510859 -1.122205853 0.111625344 0.191100121 0.000708344 -0.036199972 0.980902612
1403715531862142976.000000 1.134642124 -1.137827635 0.129870489 0.189114854 0.007499351 -0.040452529 0.981092691
1403715531912143104.000000 1.142074347 -1.154575944 0.147901177 -0.187404469 -0.014000194 0.042537145 -0.981261551
1403715531962142976.000000 1.148308516 -1.170472622 0.163655072 0.185215965 0.019726666 -0.044671383 0.981483817
1403715532012143104.000000 1.154496551 -1.185884476 0.179906413 0.183972538 0.022707140 -0.045437448 0.981617987
1403715532062142976.000000 1.159863472 -1.200226545 0.194865331 0.182514727 0.025385793 -0.047325868 0.981735349
1403715532112143104.000000 1.165233970 -1.214444637 0.208969414 0.180950791 0.026983732 -0.049559318 0.981872022
1403715532162142976.000000 1.167961121 -1.225596547 0.219078586 0.180490285 0.028564574 -0.050565749 0.981860757
1403715532212143104.000000 1.172136426 -1.239125013 0.230738014 0.180547431 0.029294977 -0.050245821 0.981845081
1403715532262142976.000000 1.175765276 -1.252599835 0.241032302 0.182478756 0.030159844 -0.049856920 0.981481671
1403715532312143104.000000 1.177110553 -1.264273763 0.248927101 0.185662732 0.029016184 -0.048358351 0.980993867
1403715532362142976.000000 1.178585052 -1.277292252 0.256915659 0.188979149 0.025242887 -0.045830604 0.980586231
1403715532412143104.000000 1.179811597 -1.289710760 0.263843775 0.192434311 0.022482121 -0.041587610 0.980170488
1403715532462142976.000000 1.178920507 -1.298936725 0.268775880 0.195592806 0.019875679 -0.038974479 0.979708850
1403715532512143104.000000 1.179156542 -1.309692264 0.274353266 0.198483765 0.017397001 -0.035311893 0.979313374
1403715532562142976.000000 1.178662777 -1.319129825 0.279520273 0.201978907 0.015524847 -0.029282395 0.978828967
1403715532612143104.000000 1.174340487 -1.324263453 0.285374612 0.206435755 0.015211343 -0.022019884 0.978094101
1403715532662142976.000000 1.173536181 -1.329962134 0.289433956 0.210247904 0.015763596 -0.014055492 0.977419972
1403715532712143104.000000 1.172323585 -1.333058596 0.293239355 0.213654652 0.017172147 -0.006927509 0.976733744
1403715532762142976.000000 1.169845462 -1.332048535 0.296101898 0.216775522 0.018503562 -0.001613927 0.976044834
1403715532812143104.000000 1.167127132 -1.328683734 0.299426019 0.218074694 0.019426854 0.002296590 0.975736082
1403715532862142976.000000 1.163786411 -1.321951866 0.302794337 0.217369065 0.019996811 0.005425324 0.975869596
1403715532912143104.000000 1.157479048 -1.312731028 0.309664130 0.214773417 0.019560380 0.008474582 0.976431251
1403715532962142976.000000 1.150258422 -1.299041867 0.314140320 0.209747270 0.018153308 0.012845127 0.977502704
1403715533012143104.000000 1.140271187 -1.282065034 0.319693297 0.202647164 0.016836295 0.017662095 0.978947818
1403715533062142976.000000 1.125521421 -1.260135651 0.327043235 0.193868473 0.014913697 0.022218052 0.980662525
1403715533112143104.000000 1.110366583 -1.236378670 0.334136069 0.182805523 0.014190706 0.026658943 0.982685149
1403715533162142976.000000 1.094830751 -1.209272385 0.341683656 0.169627905 0.017108144 0.029503504 0.984917939
1403715533212143104.000000 1.084510922 -1.184125304 0.353600532 0.153889552 0.024772789 0.030593248 0.987303674
1403715533262142976.000000 1.073717356 -1.149184704 0.358044237 0.139680386 0.031528927 0.032145146 0.989172399
1403715533312143104.000000 1.065273881 -1.110774994 0.359928161 0.125711277 0.036257587 0.031873085 0.990891576
1403715533362142976.000000 1.056314826 -1.071208954 0.362108469 0.113867797 0.036712993 0.031057896 0.992331445
1403715533412143104.000000 1.054836392 -1.027760506 0.360111624 0.103678197 0.035242926 0.030282816 0.993524969
1403715533462142976.000000 1.055420280 -0.982108593 0.355440170 -0.095442630 -0.030727828 -0.030780349 -0.994484425
1403715533512143104.000000 1.054115653 -0.924857378 0.344801277 0.091658652 0.025590204 0.034808476 0.994852901
1403715533562142976.000000 1.060698509 -0.874946833 0.336007684 0.088420630 0.019979287 0.042756423 0.994964600
1403715533612143104.000000 1.069525599 -0.822981417 0.324909955 0.086379290 0.014376716 0.050123442 0.994896770
1403715533662142976.000000 1.081526995 -0.767467499 0.310814261 -0.085023463 -0.008650701 -0.058541298 -0.994620085
1403715533712143104.000000 1.093458295 -0.711346507 0.293856233 0.083676316 0.004079040 0.064841464 0.994372845
1403715533762142976.000000 1.111715078 -0.649242818 0.278028250 0.082625151 0.000745898 0.070035867 0.994116485
1403715533812143104.000000 1.131925106 -0.583643019 0.262274653 0.080075763 -0.002285430 0.069181018 0.994382620
1403715533862142976.000000 1.153484941 -0.514233172 0.246957019 -0.076701328 0.003405261 -0.065608464 -0.994887352
1403715533912143104.000000 1.172757149 -0.442537874 0.232996359 -0.072730705 0.004967115 -0.058056276 -0.995648086
1403715533962142976.000000 1.187110901 -0.367009759 0.216157690 0.069582768 -0.004857895 0.051445670 0.996236980
1403715534012143104.000000 1.200033307 -0.292166889 0.204887748 0.066795342 -0.005562862 0.044674281 0.996750593
1403715534062142976.000000 1.209775090 -0.215564549 0.194963768 0.064338312 -0.005584416 0.038370810 0.997174621
1403715534112143104.000000 1.216538548 -0.139384791 0.184311047 0.061176661 -0.004012020 0.030192409 0.997662127
1403715534162142976.000000 1.219581842 -0.060869239 0.177077383 0.059155654 -0.003737898 0.022481116 0.997988641
1403715534212143104.000000 1.219546318 0.017983356 0.170937687 0.056608647 -0.003700797 0.014135965 0.998289585
1403715534262142976.000000 1.218531489 0.093528338 0.164343312 0.054592643 -0.003607987 0.007014742 0.998477638
1403715534312143104.000000 1.212962270 0.171698675 0.160669386 0.053947438 -0.003532899 0.002540820 0.998534381
1403715534362142976.000000 1.204643846 0.249306113 0.157998532 0.052725680 -0.003437872 -0.001123593 0.998602569
1403715534412143104.000000 1.197520852 0.328326583 0.160576522 0.050658736 -0.004191591 -0.002723676 0.998703599
1403715534462142976.000000 1.183717251 0.404827088 0.160736024 0.047418240 -0.004472308 -0.002961445 0.998860776
1403715534512143104.000000 1.167797089 0.480814576 0.161964744 0.042454965 -0.004457868 -0.002725059 0.999084771
1403715534562142976.000000 1.154178500 0.552346349 0.165924922 0.036062263 -0.004738777 -0.001158202 0.999337673
1403715534612143104.000000 1.138195276 0.626780450 0.168547601 0.029107392 -0.005386619 0.002484561 0.999558687
1403715534662142976.000000 1.121978283 0.700643480 0.171152323 0.020335967 -0.006502118 0.005473185 0.999757111
1403715534712143104.000000 1.108157396 0.768779099 0.176951721 0.010294673 -0.008268587 0.009247661 0.999870121
1403715534762142976.000000 1.091345310 0.841055036 0.180053309 -0.001277703 -0.012603443 0.013440699 0.999829471
1403715534812143104.000000 1.074292660 0.912703574 0.183271244 -0.014696227 -0.017715296 0.017181946 0.999587476
1403715534862142976.000000 1.051046252 0.981696427 0.187538877 -0.029319910 -0.022502972 0.021371746 0.999088168
1403715534912143104.000000 1.034217954 1.051217794 0.192181274 -0.044064455 -0.027720153 0.025980052 0.998306096
1403715534962142976.000000 1.018149614 1.119927168 0.198359832 0.058777623 0.031818803 -0.029992955 -0.997313023
1403715535012143104.000000 1.002922535 1.187495112 0.205661818 0.072272032 0.034418378 -0.033615652 -0.996223986
1403715535062142976.000000 0.989835858 1.251948476 0.220379949 -0.083876304 -0.038020071 0.037390135 0.995048344
1403715535112143104.000000 0.975582957 1.317214727 0.230742246 -0.094256371 -0.043024447 0.041024029 0.993771434
1403715535162142976.000000 0.962679982 1.381604671 0.244081855 0.102525279 0.048372645 -0.045368694 -0.992517233
1403715535212143104.000000 0.950243950 1.444722176 0.259113789 0.109067194 0.054514758 -0.049504668 -0.991303086
1403715535262142976.000000 0.939777851 1.507104039 0.276550025 0.114352293 0.059252918 -0.053353589 -0.990235388
1403715535312143104.000000 0.931352139 1.568835020 0.296719998 0.118509799 0.062930144 -0.057000462 -0.989316046
1403715535362142976.000000 0.925341547 1.629526377 0.320671886 0.121366858 0.064786308 -0.061568327 -0.988575816
1403715535412143104.000000 0.924605489 1.678474307 0.355050504 -0.122517549 -0.063926101 0.071670026 0.987808883
1403715535462142976.000000 0.921842813 1.739637136 0.385033160 -0.122347876 -0.058301765 0.081023358 0.987454891
1403715535512143104.000000 0.920319855 1.801755905 0.417369574 -0.121732898 -0.049840324 0.088217333 0.987377703
1403715535562142976.000000 0.920219481 1.864844799 0.448908150 0.121875167 0.040503077 -0.090637162 -0.987568200
1403715535612143104.000000 0.921203852 1.929016232 0.483517438 0.121549711 0.029526152 -0.090181783 -0.988039076
1403715535662142976.000000 0.922111034 1.993930340 0.519617081 0.120469369 0.022275332 -0.087631799 -0.988590717
1403715535712143104.000000 0.925726473 2.047452927 0.559282243 -0.118756898 -0.017604046 0.082774602 0.989310503
1403715535762142976.000000 0.927244246 2.112913370 0.597362280 -0.114048943 -0.014912595 0.077516168 0.990334213
1403715535812143104.000000 0.929105043 2.177793026 0.635931015 -0.108996175 -0.012469138 0.068307318 0.991614103
1403715535862142976.000000 0.928477466 2.242980957 0.671384811 0.103490248 0.012351292 -0.056868106 -0.992926657
1403715535912143104.000000 0.928892195 2.307340622 0.709915876 0.095756494 0.015275421 -0.047447257 -0.994156003
1403715535962142976.000000 0.929250062 2.367438555 0.764865398 -0.087362275 -0.019099215 0.038446687 0.995251238
1403715536012143104.000000 0.929967165 2.429957151 0.804853737 -0.078576468 -0.024210993 0.033208173 0.996060669
1403715536062142976.000000 0.932112932 2.491164207 0.845815301 -0.070785031 -0.030083567 0.027973397 0.996645391
1403715536112143104.000000 0.934500873 2.552096844 0.887579679 0.063627601 0.035236761 -0.024686145 -0.997045934
1403715536162142976.000000 0.938807130 2.611459732 0.931074142 0.057054900 0.039729040 -0.020773327 -0.997363925
1403715536212143104.000000 0.944102764 2.662616014 0.979670227 -0.052471265 -0.044174191 0.015041461 0.997531593
1403715536262142976.000000 0.951733947 2.719316006 1.026825905 -0.048322342 -0.047238741 0.009095423 0.997672677
1403715536312143104.000000 0.961205184 2.773940086 1.075496435 -0.044591349 -0.048322313 0.003209702 0.997830808
1403715536362142976.000000 0.971906543 2.824299097 1.126020432 -0.041815788 -0.046489697 -0.003820974 0.998035908
1403715536412143104.000000 0.985622406 2.874593735 1.177501321 -0.040309452 -0.042905454 -0.012971010 0.998181403
1403715536462142976.000000 1.000959754 2.922342777 1.230429411 -0.039678484 -0.038318396 -0.022319090 0.998228014
1403715536512143104.000000 1.015688777 2.966216803 1.287042856 -0.039572801 -0.033281829 -0.030391276 0.998199761
1403715536562142976.000000 1.033384800 3.007235527 1.342214942 -0.039317980 -0.027829092 -0.036753412 0.998162746
1403715536612143104.000000 1.051826715 3.044542313 1.398345113 -0.038827907 -0.022180941 -0.041129772 0.998152733
1403715536662142976.000000 1.070747137 3.075633764 1.452247024 -0.038646873 -0.015250743 -0.045000974 0.998122692
1403715536712143104.000000 1.090794683 3.104932547 1.509170651 -0.037955076 -0.006630214 -0.046569429 0.998171687
1403715536762142976.000000 1.112145782 3.129774094 1.565495610 -0.036202237 0.005591467 -0.047078263 0.998219371
1403715536812143104.000000 1.132689238 3.151222944 1.622570395 -0.033867840 0.017106235 -0.048565716 0.998099089
1403715536862142976.000000 1.154620528 3.167620897 1.676422954 -0.032099608 0.027637031 -0.052247055 0.997735441
1403715536912143104.000000 1.176264167 3.180137396 1.728149891 -0.031741768 0.037964735 -0.057923481 0.997093856
1403715536962142976.000000 1.195374727 3.189153433 1.779300094 -0.033050276 0.048192348 -0.065896228 0.996113896
1403715537012143104.000000 1.216586947 3.193188906 1.825312614 -0.034605298 0.057969756 -0.073138602 0.995034099
1403715537062142976.000000 1.237813473 3.191977739 1.867766619 -0.035900060 0.070012517 -0.078040451 0.993840635
1403715537112143104.000000 1.258481979 3.185928822 1.904998899 -0.036694642 0.083919935 -0.082430266 0.992379129
1403715537162142976.000000 1.279049873 3.173702478 1.937996507 -0.037587892 0.098998450 -0.085240558 0.990717173
1403715537212143104.000000 1.298450589 3.155678511 1.965407252 -0.037895914 0.113093890 -0.085738853 0.989152491
1403715537262142976.000000 1.312728286 3.134388685 1.989687085 -0.036944274 0.126029685 -0.083659224 0.987802029
1403715537312143104.000000 1.329240203 3.104827404 2.004477501 -0.032201286 0.133448020 -0.071336329 0.987960458
1403715537362142976.000000 1.343548059 3.070386410 2.012359619 -0.025845980 0.132947102 -0.054775231 0.989270866
1403715537412143104.000000 1.351673841 3.033211470 2.014683485 -0.020392122 0.123265296 -0.038294643 0.991424918
1403715537462142976.000000 1.360843062 2.991925716 2.010012150 -0.014624760 0.107238233 -0.020666420 0.993910968
1403715537512143104.000000 1.367942333 2.949043989 1.999939561 -0.010324060 0.086133175 -0.005175521 0.996216714
1403715537562142976.000000 1.370733380 2.907371759 1.985909343 -0.006819985 0.064279161 0.007178248 0.997882903
1403715537612143104.000000 1.375888944 2.862926245 1.967992544 -0.004400459 0.044781506 0.017803360 0.998828530
1403715537662142976.000000 1.381265283 2.818754911 1.947374701 -0.003624336 0.030757284 0.025219299 0.999202192
1403715537712143104.000000 1.384678125 2.782271624 1.927945733 -0.003072076 0.028097382 0.031210870 0.999113142
1403715537762142976.000000 1.391931415 2.739639282 1.903912783 -0.004017311 0.032338109 0.034488074 0.998873770
1403715537812143104.000000 1.398962498 2.697927952 1.878345013 -0.004554472 0.041166913 0.037540428 0.998436391
1403715537862142976.000000 1.404083133 2.661356688 1.853325605 -0.005985459 0.049157094 0.037238397 0.998078704
1403715537912143104.000000 1.407955766 2.622119665 1.824139476 -0.006609974 0.053873349 0.038430583 0.997786105
1403715537962142976.000000 1.409192085 2.583950758 1.793111682 -0.007803797 0.052256957 0.037203658 0.997909963
1403715538012143104.000000 1.408973455 2.549820900 1.762791753 -0.006647554 0.046861958 0.039706990 0.998089790
1403715538062142976.000000 1.407151103 2.513866901 1.727672935 -0.007362515 0.041716889 0.041946877 0.998221397
1403715538112143104.000000 1.404258490 2.479501486 1.690899849 -0.007998282 0.035607316 0.046708722 0.998241663
1403715538162142976.000000 1.400868416 2.448767185 1.655898690 -0.010206431 0.029543830 0.051651120 0.998175979
1403715538212143104.000000 1.393522620 2.418421507 1.617580056 -0.014646055 0.024545355 0.055631537 0.998042166
1403715538262142976.000000 1.383088350 2.389837980 1.579246521 -0.020822341 0.021442547 0.058747578 0.997825384
1403715538312143104.000000 1.372020483 2.362990141 1.544068217 -0.028216979 0.021175027 0.061971314 0.997454226
1403715538362142976.000000 1.356204867 2.337794542 1.506299376 -0.036820333 0.023041811 0.064173810 0.996993065
1403715538412143104.000000 1.338722825 2.314484596 1.468089700 -0.047450017 0.030462628 0.064002052 0.996355534
1403715538462142976.000000 1.321995258 2.299828291 1.435599566 -0.059959631 0.039101571 0.059879493 0.995635688
1403715538512143104.000000 1.303476930 2.279345751 1.394113541 -0.073161207 0.048596427 0.056488067 0.994532526
1403715538562142976.000000 1.284559608 2.259685755 1.350602865 -0.087300107 0.055520285 0.052702762 0.993236482
1403715538612143104.000000 1.265494704 2.239773989 1.308294415 -0.100970693 0.059884697 0.052184388 0.991713464
1403715538662142976.000000 1.244715929 2.220348358 1.260591984 -0.114425890 0.060876667 0.053631503 0.990113318
1403715538712143104.000000 1.222656250 2.200885534 1.210806251 -0.128477573 0.058804505 0.057111152 0.988318741
1403715538762142976.000000 1.199254036 2.180287838 1.158811808 0.143362522 -0.051755652 -0.061920341 -0.986374438
1403715538812143104.000000 1.174389720 2.159909725 1.105310559 0.158666149 -0.041706160 -0.068052456 -0.984100878
1403715538862142976.000000 1.149084210 2.139416695 1.049972296 0.175574601 -0.032774780 -0.073760234 -0.981151760
1403715538912143104.000000 1.123118639 2.121778727 1.002389193 -0.193179786 0.024792057 0.080265976 0.977560401
1403715538962142976.000000 1.093863845 2.101011038 0.946508348 -0.212028369 0.019193739 0.086942039 0.973199248
1403715539012143104.000000 1.061932921 2.080205202 0.890769303 -0.232168719 0.015804037 0.093252078 0.968066096
1403715539062142976.000000 1.026442289 2.058311701 0.835520089 0.252602786 -0.013044784 -0.100979894 -0.962197840
1403715539112143104.000000 0.988561571 2.035403728 0.788276792 -0.273343325 0.010589162 0.108449288 0.955724955
1403715539162142976.000000 0.947687030 2.013434410 0.734263659 -0.294064343 0.009792448 0.116412409 0.948619246
1403715539212143104.000000 0.904212356 1.990694761 0.681870341 -0.314032078 0.008684164 0.125139177 0.941089094
1403715539262142976.000000 0.857396245 1.967938066 0.629639566 0.333620906 -0.005416912 -0.133044958 -0.933256090
1403715539312143104.000000 0.808007181 1.944580317 0.578901470 0.351769686 -0.000781391 -0.141081974 -0.925393701
1403715539362142976.000000 0.756642640 1.920541763 0.529740155 0.368438184 0.004251257 -0.148976848 -0.917628050
1403715539412143104.000000 0.705334723 1.897197247 0.482152104 0.383956581 0.008537040 -0.155513749 -0.910120845
1403715539462142976.000000 0.660158157 1.865178823 0.449977875 -0.399390787 -0.009832611 0.159818083 0.902689636
1403715539512143104.000000 0.615944147 1.841868758 0.404381931 -0.410249740 -0.011724036 0.165906727 0.896678746
1403715539562142976.000000 0.576198518 1.819342852 0.358839691 -0.417695642 -0.011844940 0.175616384 0.891374767
1403715539612143104.000000 0.543559968 1.792830110 0.315984011 -0.424219906 -0.009532087 0.184381977 0.886538208
1403715539662142976.000000 0.513153851 1.773170471 0.267792761 -0.427784920 -0.006252320 0.191229120 0.883398294
1403715539712143104.000000 0.487375736 1.754909873 0.218757033 -0.431813359 -0.001281440 0.195442468 0.880532742
1403715539762142976.000000 0.465326458 1.740478039 0.170964956 0.436982661 -0.001412921 -0.197258577 -0.877572358
1403715539812143104.000000 0.447392911 1.723913312 0.121856630 0.438196570 -0.003803733 -0.197342187 -0.876940966
1403715539862142976.000000 0.432068825 1.708966136 0.071314156 0.438639998 -0.001947928 -0.196902215 -0.876824200
1403715539912143104.000000 0.424068123 1.679578662 0.033414662 -0.438820720 -0.003334084 0.198493719 0.876370728
1403715539962142976.000000 0.416385800 1.666511774 -0.019160748 -0.434929818 -0.007052762 0.203387454 0.877165794
1403715540012143104.000000 0.411395639 1.654002309 -0.071041763 -0.430762023 -0.014926496 0.207845241 0.878078461
1403715540062142976.000000 0.402787805 1.646965742 -0.128154188 0.425720453 0.021497244 -0.215690210 -0.878508866
1403715540112143104.000000 0.398369670 1.640427351 -0.180364370 0.419060886 0.028415268 -0.224212304 -0.879380167
1403715540162142976.000000 0.395673484 1.637830853 -0.232521564 0.413293123 0.031181013 -0.231942430 -0.880010962
1403715540212143104.000000 0.415076852 1.625870466 -0.281746298 -0.410876840 -0.035433874 0.237386227 0.879529715
1403715540262142976.000000 0.415301085 1.631055117 -0.332600832 -0.409264028 -0.033448286 0.237728715 0.880266666
1403715540312143104.000000 0.416670084 1.639440656 -0.382971436 -0.409269810 -0.033114169 0.233602419 0.881380558
1403715540362142976.000000 0.416328549 1.654987097 -0.433932096 0.410694420 0.034764308 -0.225898951 -0.882661402
1403715540412143104.000000 0.416731596 1.670786023 -0.482859015 0.411053389 0.038006976 -0.219034731 -0.884089589
1403715540462142976.000000 0.416871548 1.689630985 -0.530732751 0.412164092 0.041843396 -0.212133080 -0.885081649
1403715540512143104.000000 0.415959239 1.710462332 -0.576885819 0.413088888 0.050806135 -0.206686154 -0.885470092
1403715540562142976.000000 0.415280432 1.733237505 -0.620094776 0.413697004 0.058457009 -0.205239668 -0.885050476
1403715540612143104.000000 0.414169371 1.758268356 -0.661530077 0.414457887 0.065941073 -0.204353467 -0.884373307
1403715540662142976.000000 0.420203149 1.774754763 -0.689283431 -0.415770918 -0.071164742 0.208158836 0.882462561
1403715540712143104.000000 0.419008970 1.805292606 -0.724792480 -0.414640605 -0.070874229 0.216748416 0.880948424
1403715540762142976.000000 0.417496383 1.840332031 -0.758909702 -0.413896084 -0.069265798 0.224482685 0.879488409
1403715540812143104.000000 0.416520864 1.881405354 -0.793214381 0.414773792 0.063199498 -0.228300333 -0.878548563
1403715540862142976.000000 0.415924937 1.924342394 -0.823906779 0.416332811 0.057297710 -0.228861287 -0.878069818
1403715540912143104.000000 0.415530920 1.970775843 -0.852897763 0.417865187 0.050699756 -0.228771403 -0.877771020
1403715540962142976.000000 0.415277660 2.020719290 -0.880794406 0.420327008 0.045015015 -0.225230917 -0.877821147
1403715541012143104.000000 0.419909209 2.066793203 -0.897956491 -0.423522741 -0.041355241 0.220316634 0.877712309
1403715541062142976.000000 0.419995785 2.121232510 -0.922567368 -0.425229043 -0.038486280 0.216076016 0.878071964
1403715541112143104.000000 0.419249773 2.178121328 -0.946205080 -0.426538557 -0.038526893 0.212309867 0.878353655
1403715541162142976.000000 0.417897075 2.237442017 -0.967901707 0.426270634 0.035945471 -0.213101298 -0.878401518
1403715541212143104.000000 0.417021424 2.298289061 -0.988821447 0.424323410 0.027350245 -0.218042463 -0.878441334
1403715541262142976.000000 0.418583542 2.358189106 -1.006385207 -0.423313916 -0.016255833 0.222397417 0.878111899
1403715541312143104.000000 0.417439520 2.423052311 -1.027261019 -0.424598962 -0.006822656 0.223039955 0.877452254
1403715541362142976.000000 0.415405363 2.489520788 -1.048701048 -0.428161234 -0.002853061 0.218079641 0.876989841
1403715541412143104.000000 0.412958056 2.556250334 -1.068741322 -0.431574404 -0.002437829 0.212302402 0.876735628
1403715541462142976.000000 0.407720298 2.624530554 -1.090127110 -0.433942050 -0.009285310 0.208497599 0.876434207
1403715541512143104.000000 0.401908934 2.693783760 -1.111213446 -0.435252100 -0.018130789 0.207101777 0.875977039
1403715541562142976.000000 0.396357417 2.762603045 -1.129309177 -0.436281562 -0.028114347 0.206194609 0.875415266
1403715541612143104.000000 0.390948117 2.833490372 -1.148792028 -0.436062872 -0.035961445 0.207485363 0.874931872
1403715541662142976.000000 0.386372685 2.905517101 -1.167689204 -0.437229127 -0.043312233 0.204440951 0.874733508
1403715541712143104.000000 0.381156862 2.980100632 -1.181483746 -0.439213663 -0.049496118 0.198527589 0.874773264
1403715541762142976.000000 0.379333764 3.055391312 -1.197510123 -0.443212092 -0.052821588 0.186017469 0.875311673
1403715541812143104.000000 0.378225029 3.131610870 -1.211200237 -0.447682202 -0.055597011 0.172188476 0.875694454
1403715541862142976.000000 0.377593577 3.209548235 -1.221320748 -0.452361465 -0.054840598 0.156923547 0.876205862
1403715541912143104.000000 0.379544199 3.285625935 -1.228967905 -0.455399692 -0.055399191 0.143501446 0.876897633
1403715541962142976.000000 0.382438242 3.360661507 -1.232959986 -0.456428587 -0.056160189 0.131910309 0.878133655
1403715542012143104.000000 0.385904819 3.434088230 -1.232226014 0.455729395 0.058018174 -0.121306397 -0.879903078
1403715542062142976.000000 0.387149245 3.508514881 -1.225957036 -0.453131169 -0.055812098 0.109673418 0.882909358
1403715542112143104.000000 0.394421846 3.576821089 -1.217941403 -0.448490322 -0.049901906 0.101386622 0.886615455
1403715542162142976.000000 0.403211623 3.641903639 -1.206343412 -0.443008274 -0.042801511 0.092188179 0.890737355
1403715542212143104.000000 0.411600202 3.706009388 -1.189514399 -0.435274601 -0.032195020 0.085398801 0.895659864
1403715542262142976.000000 0.424122751 3.763455868 -1.171203136 -0.426183224 -0.021416273 0.080205299 0.900819838
1403715542312143104.000000 0.438065916 3.816653013 -1.150390029 -0.414519489 -0.009863397 0.080113426 0.906453669
1403715542362142976.000000 0.450849116 3.868106842 -1.125988364 -0.401872456 0.001698442 0.079115637 0.912269950
1403715542412143104.000000 0.466956168 3.913035870 -1.101659775 -0.386810780 0.015165163 0.082632571 0.918324232
1403715542462142976.000000 0.484249890 3.954280615 -1.076789618 -0.371542871 0.030539824 0.086322010 0.923889518
1403715542512143104.000000 0.498829395 3.995545387 -1.050544262 -0.357248783 0.042992514 0.089404888 0.928725898
1403715542562142976.000000 0.515637636 4.029851437 -1.027064085 -0.345476419 0.050447688 0.091046184 0.932636976
1403715542612143104.000000 0.529558122 4.060867786 -1.004455090 -0.335036367 0.049776170 0.093490988 0.936233103
1403715542662142976.000000 0.542361677 4.088791847 -0.983002782 0.326123089 -0.045946453 -0.095268942 -0.939391613
1403715542712143104.000000 0.553483129 4.114139557 -0.963583231 0.318424910 -0.043865245 -0.097716130 -0.941877425
1403715542762142976.000000 0.563411951 4.137109280 -0.945267797 0.312679917 -0.039983314 -0.097818501 -0.943961978
1403715542812143104.000000 0.571614981 4.157886505 -0.927738428 0.307991385 -0.034547344 -0.098147608 -0.945682228
1403715542862142976.000000 0.577500939 4.177050591 -0.910871506 0.303635359 -0.029216107 -0.100164250 -0.947058141
1403715542912143104.000000 0.581912935 4.194060326 -0.894844472 0.299539834 -0.026026661 -0.103229731 -0.948125601
1403715542962142976.000000 0.583947062 4.209876537 -0.879141092 0.295568228 -0.025031755 -0.108169638 -0.948847890
1403715543012143104.000000 0.574173510 4.235162735 -0.863610744 -0.290487617 0.026803358 0.113215692 0.949779391
1403715543062142976.000000 0.572027683 4.249069214 -0.849019885 -0.288162470 0.029080437 0.116961464 0.949966729
1403715543112143104.000000 0.568171561 4.262537956 -0.834864736 -0.286499709 0.030864807 0.120333374 0.949992239
1403715543162142976.000000 0.564699113 4.273330688 -0.823379040 0.286571950 -0.033000335 -0.121416666 -0.949760795
1403715543212143104.000000 0.559385896 4.285023689 -0.812481046 0.287123919 -0.036108647 -0.122511767 -0.949340284
1403715543262142976.000000 0.553506613 4.296263695 -0.803091288 0.287634194 -0.040250264 -0.124151491 -0.948806107
1403715543312143104.000000 0.546671867 4.307025433 -0.795377970 0.288235039 -0.042944901 -0.126261920 -0.948226929
1403715543362142976.000000 0.539115429 4.317495823 -0.789361179 0.289608926 -0.043280963 -0.125819534 -0.947851717
1403715543412143104.000000 0.531545997 4.327446461 -0.785586238 0.291349918 -0.044430859 -0.124888994 -0.947387934
1403715543462142976.000000 0.523751795 4.337057590 -0.783161461 0.293801129 -0.043215942 -0.121300362 -0.947153389
1403715543512143104.000000 0.517858624 4.351575851 -0.781088352 -0.295699537 0.041981693 0.117405117 0.947109044
1403715543562142976.000000 0.509546936 4.359472752 -0.782121062 -0.298206627 0.043916229 0.113657311 0.946692228
1403715543612143104.000000 0.500569999 4.366148472 -0.784762442 -0.300580055 0.047539372 0.109479435 0.946258903
1403715543662142976.000000 0.487962455 4.370450497 -0.789948821 0.303731978 -0.052098192 -0.102602236 -0.945783019
1403715543712143104.000000 0.475919157 4.373604774 -0.796737492 0.308558494 -0.055199407 -0.095751323 -0.944762588
1403715543762142976.000000 0.463013500 4.374787331 -0.805498958 0.316243470 -0.056942143 -0.087155730 -0.942948341
1403715543812143104.000000 0.448680222 4.373318195 -0.815755367 0.325680882 -0.056821510 -0.078678839 -0.940485537
1403715543862142976.000000 0.439299196 4.367399216 -0.829674184 -0.336474508 0.053937003 0.072537251 0.937344193
1403715543912143104.000000 0.422724992 4.359267235 -0.842390418 -0.348441303 0.050813906 0.068460763 0.933445096
1403715543962142976.000000 0.404943317 4.347151756 -0.855746448 -0.361309886 0.045151617 0.067153186 0.928927839
1403715544012143104.000000 0.384903282 4.331854820 -0.869707108 0.375256419 -0.038726084 -0.067164756 -0.923673034
1403715544062142976.000000 0.365416706 4.311792850 -0.884074926 0.390110105 -0.032294068 -0.069913410 -0.917542100
1403715544112143104.000000 0.343043864 4.287945747 -0.897188246 0.403893232 -0.027963646 -0.081740446 -0.910717726
1403715544162142976.000000 0.317972571 4.260721207 -0.909087777 0.418555260 -0.024253068 -0.096546233 -0.902719259
1403715544212143104.000000 0.289931953 4.230298996 -0.920056164 0.434490263 -0.021632824 -0.112126023 -0.893408120
1403715544262142976.000000 0.264071941 4.190827847 -0.929204404 0.453237355 -0.019109545 -0.127578586 -0.882005930
1403715544312143104.000000 0.229780257 4.155585766 -0.937347531 0.471377850 -0.017382214 -0.143589631 -0.869990170
1403715544362142976.000000 0.188365579 4.124154091 -0.942682922 -0.488793463 0.016812578 0.159212008 0.857583761
1403715544412143104.000000 0.148208380 4.085747242 -0.948000669 -0.506192207 0.017023206 0.175140560 0.844278097
1403715544462142976.000000 0.106734574 4.045637608 -0.951960802 -0.523760557 0.017878817 0.187675133 0.830742598
1403715544512143104.000000 0.064790547 4.004055500 -0.954407573 0.540450573 -0.017917348 -0.197779238 -0.817603588
1403715544562142976.000000 0.025564551 3.961755753 -0.958254576 0.555359602 -0.018432675 -0.206518218 -0.805348575
1403715544612143104.000000 -0.010023415 3.918652296 -0.962938905 0.568069160 -0.018987935 -0.212714702 -0.794788897
1403715544662142976.000000 -0.042353272 3.874396801 -0.975201011 -0.577670753 0.018563148 0.217153072 0.786636174
1403715544712143104.000000 -0.065960467 3.830416679 -0.983240008 -0.587066591 0.020843890 0.216029361 0.779903650
1403715544762142976.000000 -0.083318412 3.785596848 -0.993008018 -0.594343662 0.024244972 0.213624403 0.774940312
1403715544812143104.000000 -0.093393922 3.739395618 -1.004579306 0.599769413 -0.026832046 -0.210865095 -0.771422505
1403715544862142976.000000 -0.097213089 3.691668034 -1.018584251 0.603505611 -0.028443944 -0.208155155 -0.769183576
1403715544912143104.000000 -0.095788956 3.642031193 -1.034362793 0.605002105 -0.027973039 -0.207906246 -0.768091798
1403715544962142976.000000 -0.091558218 3.590683699 -1.051100016 0.605310917 -0.024876168 -0.209571421 -0.767502308
1403715545012143104.000000 -0.086416721 3.537859440 -1.068127990 0.605530739 -0.019864192 -0.212381467 -0.766702116
1403715545062142976.000000 -0.080829799 3.483698845 -1.085346222 0.606688023 -0.016326573 -0.215150341 -0.765097022
1403715545112143104.000000 -0.075915515 3.428568125 -1.102512717 0.608973086 -0.012494630 -0.217860714 -0.762582719
1403715545162142976.000000 -0.070170820 3.369843960 -1.125314832 -0.612299800 0.008729615 0.220516905 0.759200275
1403715545212143104.000000 -0.069290757 3.312890053 -1.141180754 -0.616735935 0.006612374 0.224021450 0.754590929
1403715545262142976.000000 -0.071343362 3.256265640 -1.155076623 -0.621802211 0.003474739 0.227646872 0.749350965
1403715545312143104.000000 -0.076196909 3.199272156 -1.168035150 -0.627345204 0.001809907 0.231929809 0.743399799
1403715545362142976.000000 -0.085640311 3.142406225 -1.177013755 0.632204175 -0.002424928 -0.236712530 -0.737752795
1403715545412143104.000000 -0.091914892 3.084725380 -1.189772367 -0.635346532 0.007156059 0.243656710 0.732744873
1403715545462142976.000000 -0.098661840 3.027396917 -1.200060368 -0.637295663 0.012875765 0.251831114 0.728196144
1403715545512143104.000000 -0.104211748 2.970325470 -1.211314678 -0.638195038 0.019582925 0.260324597 0.724261582
1403715545562142976.000000 -0.109564066 2.913227558 -1.223373652 0.638952732 -0.025204785 -0.267931938 -0.720636308
1403715545612143104.000000 -0.112013578 2.857201099 -1.238014340 0.639257014 -0.030933777 -0.274383605 -0.717709780
1403715545662142976.000000 -0.114080667 2.801379204 -1.254806638 0.639266074 -0.035062298 -0.278809965 -0.715803504
1403715545712143104.000000 -0.116518974 2.746060371 -1.273538828 0.638470232 -0.037373818 -0.281065494 -0.715514719
1403715545762142976.000000 -0.120059907 2.691281796 -1.294234753 0.637410879 -0.036950216 -0.281404614 -0.716347396
1403715545812143104.000000 -0.124679089 2.636814117 -1.316552639 0.635915458 -0.034377821 -0.279231250 -0.718651295
1403715545862142976.000000 -0.130768538 2.581686020 -1.341386676 -0.633270204 0.031928822 0.275328904 0.722594976
1403715545912143104.000000 -0.136056185 2.528036118 -1.366971374 -0.629725516 0.026947329 0.269113511 0.728215337
1403715545962142976.000000 -0.141271710 2.474311829 -1.393796444 -0.624861181 0.022001373 0.260747939 0.735578001
1403715546012143104.000000 -0.146852255 2.421101570 -1.420891166 -0.617916822 0.016326005 0.252048314 0.744569719
1403715546062142976.000000 -0.150567651 2.369006157 -1.449206948 0.609020352 -0.012193891 -0.242947489 -0.754931867
1403715546112143104.000000 -0.154720962 2.316479683 -1.476704121 0.597751260 -0.008479795 -0.234548107 -0.766556442
1403715546162142976.000000 -0.162124097 2.262937784 -1.502104759 -0.583741009 0.007057988 0.227583528 0.779360294
1403715546212143104.000000 -0.165543824 2.210805893 -1.529221654 -0.568307221 0.005651725 0.219811767 0.792892039
1403715546262142976.000000 -0.168844476 2.158515453 -1.555975676 -0.550758779 0.004827033 0.213680491 0.806834638
1403715546312143104.000000 -0.171086356 2.107121944 -1.582498789 0.532234013 -0.004594248 -0.207738906 -0.820701182
1403715546362142976.000000 -0.173038423 2.054839134 -1.608827114 0.513164341 -0.004584451 -0.200899750 -0.834434330
1403715546412143104.000000 -0.175291747 2.000005245 -1.636195183 -0.493015468 0.003282808 0.195410922 0.847785115
1403715546462142976.000000 -0.176308185 1.947434545 -1.662866592 -0.472489417 0.002922399 0.189073026 0.860811651
1403715546512143104.000000 -0.177290961 1.894964933 -1.689577818 -0.451503813 0.001427120 0.182722032 0.873358488
1403715546562142976.000000 -0.178384632 1.842507482 -1.716233850 0.430130810 -0.001183374 -0.175638258 -0.885515332
1403715546612143104.000000 -0.179722995 1.790558577 -1.742872238 0.408942759 0.001811143 -0.166970506 -0.897153020
1403715546662142976.000000 -0.181555256 1.739040613 -1.769184113 0.387021750 0.006813349 -0.158703387 -0.908284664
1403715546712143104.000000 -0.179452032 1.686513186 -1.795428872 -0.364476621 -0.013821960 0.150758386 0.918824136
1403715546762142976.000000 -0.182749450 1.636004448 -1.820068598 -0.341106594 -0.024621366 0.144282669 0.928559482
1403715546812143104.000000 -0.186057270 1.586502075 -1.843230844 -0.317061007 -0.035032906 0.140066355 0.937350750
1403715546862142976.000000 -0.188328490 1.538382173 -1.865150928 -0.293302625 -0.042498048 0.136068761 0.945332110
1403715546912143104.000000 -0.191087082 1.492518544 -1.886895895 0.270099998 0.046351381 -0.131685629 -0.952657580
1403715546962142976.000000 -0.183825433 1.448455572 -1.897448301 -0.249405205 -0.051250931 0.119733110 0.959601223
1403715547012143104.000000 -0.183404595 1.406278133 -1.915296078 -0.229538336 -0.054369781 0.105862916 0.965996504
1403715547062142976.000000 -0.182403773 1.365342736 -1.930865645 -0.209364533 -0.057226524 0.093286537 0.971694052
1403715547112143104.000000 -0.180024296 1.324025512 -1.944420218 0.188902363 0.058670048 -0.082080312 -0.976799130
1403715547162142976.000000 -0.176917940 1.284160972 -1.955149412 0.168532312 0.059192408 -0.070521377 -0.981386721
1403715547212143104.000000 -0.172582343 1.244896173 -1.963240743 0.147918269 0.059146423 -0.059345610 -0.985444069
1403715547262142976.000000 -0.167047888 1.206199408 -1.968642473 0.128261939 0.059097406 -0.047343027 -0.988845289
1403715547312143104.000000 -0.157141715 1.167530060 -1.964557290 -0.109743841 -0.059920561 0.036198083 0.991491556
1403715547362142976.000000 -0.149876133 1.129017472 -1.964215755 -0.091408737 -0.060888533 0.027084606 0.993581176
1403715547412143104.000000 -0.142314106 1.090742469 -1.960908175 -0.073458865 -0.063489787 0.020105597 0.995072246
1403715547462142976.000000 -0.134751171 1.051777601 -1.954269290 0.055788577 0.067913912 -0.014170858 -0.996029377
1403715547512143104.000000 -0.126144007 1.011487603 -1.942407489 -0.038221940 -0.071656510 0.008494902 0.996660590
1403715547562142976.000000 -0.117361560 0.971109509 -1.929340005 -0.020264268 -0.074854970 0.001043190 0.996987998
1403715547612143104.000000 -0.107347026 0.929785013 -1.912755609 -0.001653615 -0.076778054 -0.006885581 0.997023106
1403715547662142976.000000 -0.095962875 0.887413859 -1.892827988 -0.016619066 0.078496829 0.015636198 -0.996653259
1403715547712143104.000000 -0.084123969 0.843634129 -1.867906570 0.034324888 -0.079613879 -0.025187833 0.995916247
1403715547762142976.000000 -0.070030406 0.798936486 -1.841117978 0.052315872 -0.080172762 -0.034164961 0.994820654
1403715547812143104.000000 -0.054839641 0.753176153 -1.810792923 0.070189126 -0.080327891 -0.042114563 0.993401945
1403715547862142976.000000 -0.038464144 0.705595791 -1.776176929 -0.088196382 0.079680651 0.048999291 -0.991701305
1403715547912143104.000000 -0.020573273 0.657426834 -1.739253998 0.105388932 -0.075292289 -0.056083452 0.989989340
1403715547962142976.000000 -0.001260882 0.607250869 -1.698861480 0.121855147 -0.068894938 -0.060591348 0.988298297
1403715548012143104.000000 0.019358221 0.555841565 -1.655740619 0.136508778 -0.060033645 -0.061605737 0.986897171
1403715548062142976.000000 0.040946819 0.502435863 -1.609520435 -0.148048058 0.048769936 0.063990086 -0.985702038
1403715548112143104.000000 0.063027024 0.451784462 -1.564490795 0.156860977 -0.035919927 -0.066644602 0.984714687
1403715548162142976.000000 0.084912762 0.397582680 -1.516019344 0.163510114 -0.025405668 -0.068773046 0.983813703
1403715548212143104.000000 0.106617555 0.342828691 -1.466676116 0.167880848 -0.016175890 -0.071536712 0.983075261
1403715548262142976.000000 0.128392085 0.287793070 -1.418276072 -0.170455024 0.008245185 0.074244544 -0.982529819
1403715548312143104.000000 0.146988928 0.234113395 -1.369605422 0.172078282 -0.002008681 -0.075645156 0.982172549
1403715548362142976.000000 0.163844764 0.177220374 -1.318573356 0.172376335 0.000385883 -0.076303378 0.982071340
1403715548412143104.000000 0.177753061 0.119743101 -1.266911864 0.171441838 0.002387390 -0.078037322 0.982095838
1403715548462142976.000000 0.189615756 0.061891675 -1.213415742 -0.170603603 -0.001948339 0.077340305 -0.982297897
1403715548512143104.000000 0.199541241 0.002966454 -1.160488367 -0.169739544 -0.001354593 0.075775340 -0.982570469
1403715548562142976.000000 0.208995357 -0.056673303 -1.108064294 -0.169175863 -0.000110546 0.071465865 -0.982991517
1403715548612143104.000000 0.218232751 -0.116872132 -1.056144834 -0.168410182 0.001391968 0.067534022 -0.983399868
1403715548662142976.000000 0.217895493 -0.174586236 -1.011957407 0.166994050 -0.001781337 -0.063941665 0.983880818
1403715548712143104.000000 0.226759493 -0.235743061 -0.961272240 0.165569812 -0.002094944 -0.060473423 0.984340012
1403715548762142976.000000 0.235824108 -0.296815664 -0.911372900 0.164170861 -0.001873596 -0.057669032 0.984742999
1403715548812143104.000000 0.245240390 -0.358042240 -0.861585557 0.162328407 -0.002865452 -0.055310536 0.985181272
1403715548862142976.000000 0.249301732 -0.417472571 -0.816357017 0.160199761 -0.001924502 -0.053797908 0.985615611
1403715548912143104.000000 0.260090947 -0.478619128 -0.766754150 0.158754915 -0.001532786 -0.051229317 0.985986948
1403715548962142976.000000 0.270288467 -0.539902270 -0.717431486 0.158952221 -0.001044946 -0.050401125 0.985998452
1403715549012143104.000000 0.281725258 -0.602010727 -0.668038547 -0.160863370 -0.000497561 0.050353426 -0.985691249
1403715549062142976.000000 0.292316198 -0.663977325 -0.619684041 -0.164743736 -0.002299259 0.051240318 -0.985001922
1403715549112143104.000000 0.303478718 -0.726083398 -0.572099686 -0.170274630 -0.006812823 0.051069170 -0.984048843
1403715549162142976.000000 0.304127693 -0.785426617 -0.532343090 0.175523654 0.015347073 -0.052104939 0.982975543
1403715549212143104.000000 0.313897789 -0.844701588 -0.488872945 0.180189997 0.022933755 -0.052687019 0.981952012
1403715549262142976.000000 0.325592905 -0.905073881 -0.445487648 0.185078681 0.031056890 -0.052354679 0.980836570
1403715549312143104.000000 0.336425364 -0.964215994 -0.404236436 0.189123034 0.037671559 -0.053013187 0.979797482
1403715549362142976.000000 0.345194399 -1.023683667 -0.365658551 0.195347369 0.042061299 -0.047805298 0.978664935
1403715549412143104.000000 0.353238523 -1.080453277 -0.328487247 0.201040462 0.041317344 -0.041893672 0.977814198
1403715549462142976.000000 0.360413849 -1.135561705 -0.292952120 0.206842095 0.037735064 -0.035241671 0.977011025
1403715549512143104.000000 0.366764545 -1.188554287 -0.258800894 0.211475700 0.032639481 -0.030175744 0.976372004
1403715549562142976.000000 0.368903548 -1.238707542 -0.228850633 0.215498775 0.024405489 -0.026058760 0.975851238
1403715549612143104.000000 0.373623997 -1.286702633 -0.197046608 0.218010396 0.015971171 -0.020765482 0.975594819
1403715549662142976.000000 0.378052056 -1.331677079 -0.165507123 0.218148053 0.006803282 -0.015184627 0.975773871
1403715549712143104.000000 0.383288711 -1.373720646 -0.133881226 0.215867087 0.001820855 -0.007910565 0.976388991
1403715549762142976.000000 0.388761550 -1.411888838 -0.103518948 0.211282298 -0.000158680 -0.000645891 0.977424920
1403715549812143104.000000 0.396146446 -1.446923375 -0.071214728 0.204146162 0.000734273 0.006828345 0.978916347
1403715549862142976.000000 0.403611690 -1.478189826 -0.038812891 0.195318222 0.002039559 0.014764443 0.980626643
1403715549912143104.000000 0.411266267 -1.506390572 -0.005236970 0.185563713 0.001361990 0.025440242 0.982301950
1403715549962142976.000000 0.420113891 -1.530071974 0.027962383 0.174611419 0.000789919 0.038386237 0.983888626
1403715550012143104.000000 0.429464638 -1.548973918 0.061719269 0.161848187 -0.001236859 0.051492706 0.985470533
1403715550062142976.000000 0.439652592 -1.561832547 0.094097979 0.146488577 -0.005017585 0.062270381 0.987237751
1403715550112143104.000000 0.449655265 -1.569552064 0.127065763 0.128015101 -0.007569112 0.068166234 0.989397943
1403715550162142976.000000 0.462094575 -1.572429299 0.159955382 0.107707672 -0.009800700 0.069927424 0.991671860
1403715550212143104.000000 0.478070587 -1.570024014 0.192371964 -0.087266810 0.010834497 -0.071170479 -0.993580401
1403715550262142976.000000 0.499431819 -1.564567089 0.226405203 0.067214325 -0.013110059 0.071884312 0.995059311
1403715550312143104.000000 0.521733105 -1.553471565 0.256818086 0.047432654 -0.014905323 0.073164225 0.996079862
1403715550362142976.000000 0.547862351 -1.538365722 0.286300659 0.027876316 -0.014338313 0.074615940 0.996719539
1403715550412143104.000000 0.576898813 -1.519579172 0.315183520 0.007540287 -0.012670171 0.074806698 0.997089088
1403715550462142976.000000 0.605007052 -1.499464393 0.344742388 0.013318188 0.010820128 -0.074616261 -0.997064710
1403715550512143104.000000 0.635137260 -1.475268126 0.373850286 0.034089278 0.008369642 -0.075791702 -0.996505678
1403715550562142976.000000 0.669152558 -1.448339820 0.407091200 -0.054082084 -0.008043098 0.079042271 0.995370686
1403715550612143104.000000 0.694646478 -1.421298265 0.437250793 -0.072922952 -0.006927610 0.085424706 0.993648350
1403715550662142976.000000 0.717185199 -1.392845511 0.468435436 -0.090962268 -0.005374751 0.094479285 0.991347909
1403715550712143104.000000 0.736162186 -1.362659454 0.500253379 -0.108674303 -0.003781381 0.104585037 0.988553345
1403715550762142976.000000 0.752837062 -1.331075430 0.536420524 -0.125285625 -0.002103772 0.117247857 0.985166013
1403715550812143104.000000 0.764796019 -1.298407674 0.569906294 -0.140965834 -0.000116417 0.131068558 0.981300056
1403715550862142976.000000 0.774095356 -1.263102055 0.603606343 -0.156770721 0.001636099 0.144223571 0.977046490
1403715550912143104.000000 0.780587614 -1.225949764 0.637260199 -0.172354192 0.003411896 0.157450736 0.972364008
1403715550962142976.000000 0.785396993 -1.184246898 0.671614170 0.188453630 -0.004956892 -0.168589562 -0.967490733
1403715551012143104.000000 0.790566862 -1.141705990 0.705058575 -0.205730692 0.005914246 0.177131519 0.962426305
1403715551062142976.000000 0.796572030 -1.093964815 0.734965861 -0.224584043 0.006875672 0.180449262 0.957576513
1403715551112143104.000000 0.805009246 -1.042621374 0.761673033 -0.243511751 0.008135158 0.183382794 0.952368975
1403715551162142976.000000 0.815945208 -0.987439990 0.784886897 -0.262338758 0.009321372 0.186332524 0.946769059
1403715551212143104.000000 0.829075575 -0.930609345 0.806804895 -0.279541910 0.011008413 0.192551598 0.940563202
1403715551262142976.000000 0.844915271 -0.869222641 0.824797511 -0.296495378 0.014667616 0.199795663 0.933786452
1403715551312143104.000000 0.861117721 -0.805313826 0.840201497 -0.312623680 0.017670833 0.209775284 0.926255107
1403715551362142976.000000 0.876717925 -0.738983750 0.852985859 -0.328851104 0.020239644 0.219336718 0.918334782
1403715551412143104.000000 0.892306924 -0.670185447 0.863376021 0.345463604 -0.023419732 -0.228275135 -0.909943342
1403715551462142976.000000 0.903651476 -0.600965977 0.872160912 -0.362986654 0.027096244 0.235153884 0.901226461
1403715551512143104.000000 0.916100740 -0.527523398 0.877066255 -0.380640715 0.029887803 0.240579844 0.892379224
1403715551562142976.000000 0.927380204 -0.451657534 0.878677666 -0.399848789 0.032953151 0.242418885 0.883327842
1403715551612143104.000000 0.937370420 -0.374385178 0.877850533 -0.419654548 0.034175836 0.241352960 0.874340236
1403715551662142976.000000 0.945467293 -0.296487212 0.873448730 -0.440876096 0.037263934 0.236924186 0.864931643
1403715551712143104.000000 0.953982532 -0.216590464 0.865515113 -0.461675256 0.041581646 0.232490495 0.855029345
1403715551762142976.000000 0.961194217 -0.136698186 0.854601085 -0.481364965 0.045240059 0.229636833 0.844694078
1403715551812143104.000000 0.967074215 -0.057622373 0.841002703 -0.500090778 0.051819976 0.228277579 0.833734572
1403715551862142976.000000 0.971161246 0.017670870 0.826780498 -0.517898083 0.059269417 0.227983311 0.822369933
1403715551912143104.000000 0.974732101 0.094060957 0.808563590 -0.534943163 0.068806745 0.227481291 0.810773492
1403715551962142976.000000 0.977109849 0.168538511 0.786869287 -0.552665293 0.074390866 0.225569054 0.798840225
1403715552012143104.000000 0.978233218 0.240454346 0.762227893 -0.570736706 0.075483941 0.222167283 0.786894917
1403715552062142976.000000 0.976741314 0.312144607 0.734349668 0.588634133 -0.070413500 -0.218799189 -0.775034726
1403715552112143104.000000 0.975443065 0.369442672 0.710052550 -0.603830159 0.067074403 0.219858840 0.763251185
1403715552162142976.000000 0.971731246 0.431902140 0.680279195 -0.618690491 0.062067900 0.221234366 0.751282275
1403715552212143104.000000 0.967871964 0.490394622 0.649259806 -0.633835137 0.060934622 0.220727369 0.738795996
1403715552262142976.000000 0.963903546 0.545394897 0.617207825 -0.650099218 0.060299408 0.217475399 0.725561500
1403715552312143104.000000 0.959354520 0.595486939 0.585982800 0.666128755 -0.062430210 -0.214693099 -0.711534858
1403715552362142976.000000 0.956233144 0.636967242 0.554108024 -0.681760132 0.062764011 0.213760763 0.696828604
1403715552412143104.000000 0.949866891 0.679525614 0.521386981 -0.697094619 0.061474286 0.214550659 0.681357503
1403715552462142976.000000 0.943456173 0.717197418 0.488702536 -0.712159157 0.060897209 0.216349140 0.665066957
1403715552512143104.000000 0.936901689 0.750387192 0.456345081 -0.726828754 0.062240724 0.219026744 0.647976458
1403715552562142976.000000 0.929798484 0.779768467 0.426236033 0.740956604 -0.064965300 -0.223027885 -0.630096376
1403715552612143104.000000 0.926710188 0.799470067 0.393840015 0.755125284 -0.069380082 -0.226874292 -0.611146748
1403715552662142976.000000 0.919295251 0.818454921 0.363654554 0.768421948 -0.074462399 -0.232711226 -0.591463089
1403715552712143104.000000 0.911105394 0.832431912 0.334283233 0.781311333 -0.078143068 -0.239758983 -0.570930660
1403715552762142976.000000 0.902329445 0.841403604 0.305319965 0.793714821 -0.080648482 -0.248121917 -0.549498141
1403715552812143104.000000 0.893670082 0.842265606 0.277212262 0.805814683 -0.082571484 -0.256021708 -0.527539194
1403715552862142976.000000 0.887530982 0.842070997 0.245081186 0.817275345 -0.083349638 -0.264986575 -0.504872322
1403715552912143104.000000 0.876587391 0.835200131 0.217602491 0.827243149 -0.086041495 -0.275464863 -0.482063174
1403715552962142976.000000 0.864799857 0.823521972 0.190697730 0.835608304 -0.089321673 -0.287715644 -0.459347576
1403715553012143104.000000 0.852164924 0.807111800 0.163441598 0.843296707 -0.093899302 -0.299400479 -0.436340421
1403715553062142976.000000 0.837742448 0.785418987 0.134802878 0.850593269 -0.098358810 -0.309616446 -0.413466334
1403715553112143104.000000 0.822979212 0.759463131 0.106185138 0.858211935 -0.100895368 -0.317271113 -0.390680879
1403715553162142976.000000 0.808016002 0.728887022 0.076441824 0.867068648 -0.100854121 -0.320322603 -0.367986321
1403715553212143104.000000 0.792920172 0.693861842 0.045417726 0.876282156 -0.100743584 -0.320213675 -0.345606118
1403715553262142976.000000 0.780422449 0.661006927 0.008733481 0.884684503 -0.103289336 -0.319465399 -0.323429435
1403715553312143104.000000 0.764548063 0.617147028 -0.024457872 0.894016862 -0.103852771 -0.314869046 -0.301340401
1403715553362142976.000000 0.748720825 0.567965448 -0.058133036 0.904508471 -0.102667570 -0.305779964 -0.278966665
1403715553412143104.000000 0.732732177 0.513982654 -0.091346815 0.914763749 -0.098671570 -0.296018958 -0.256601125
1403715553462142976.000000 0.717247725 0.456146955 -0.123434514 0.925888777 -0.089862145 -0.282597363 -0.234080315
1403715553512143104.000000 0.701502323 0.393111706 -0.153016776 0.935327470 -0.082766891 -0.271026015 -0.211795181
1403715553562142976.000000 0.684071064 0.331159741 -0.180660427 0.943286121 -0.074110620 -0.261624068 -0.190451726
1403715553612143104.000000 0.668213844 0.260957807 -0.203478962 0.949100375 -0.065712072 -0.256278157 -0.170915395
1403715553662142976.000000 0.653375924 0.187948093 -0.222278476 0.953468859 -0.056375273 -0.252838880 -0.154245153
1403715553712143104.000000 0.638934433 0.112439379 -0.236373827 0.955254138 -0.048702236 -0.255510569 -0.140826449
1403715553762142976.000000 0.624411166 0.034902103 -0.247427568 0.954390585 -0.037922785 -0.266069442 -0.130028874
1403715553812143104.000000 0.611400425 -0.039617691 -0.251205921 0.951603591 -0.027130384 -0.281281561 -0.120810956
1403715553862142976.000000 0.600268304 -0.119067647 -0.254041344 0.948095620 -0.016360234 -0.296258688 -0.114358485
1403715553912143104.000000 0.591262698 -0.198699534 -0.254346162 0.944510877 -0.006186102 -0.309597850 -0.109591037
1403715553962142976.000000 0.583212614 -0.278013170 -0.252991945 0.940011621 0.000842251 -0.324114531 -0.106429525
1403715554012143104.000000 0.573793948 -0.353123605 -0.252755016 0.934567988 0.004753994 -0.340214789 -0.103990711
1403715554062142976.000000 0.566199660 -0.430453271 -0.249486655 0.928020179 0.006195626 -0.357994169 -0.102861673
1403715554112143104.000000 0.558724761 -0.506739497 -0.246701792 0.920981526 0.007402902 -0.375873804 -0.102260150
1403715554162142976.000000 0.551153183 -0.581814468 -0.245225295 0.913811207 0.010124126 -0.392912567 -0.102304861
1403715554212143104.000000 0.541431665 -0.653333664 -0.249785691 0.907875419 0.011042584 -0.406375021 -0.102467611
1403715554262142976.000000 0.533503771 -0.725020170 -0.254938602 0.903079748 0.014438975 -0.416576833 -0.103451818
1403715554312143104.000000 0.524323523 -0.794997275 -0.263964295 0.899453521 0.020784438 -0.423796475 -0.104632832
1403715554362142976.000000 0.512708068 -0.862909198 -0.277079374 0.897752881 0.033891119 -0.425912797 -0.107189275
1403715554412143104.000000 0.497050762 -0.925715685 -0.296613932 0.898709178 0.053653665 -0.420451790 -0.112532459
1403715554462142976.000000 0.481050730 -0.986711025 -0.317028284 0.903296709 0.085388184 -0.402587146 -0.121191770
1403715554512143104.000000 0.461422056 -1.042827606 -0.338447660 0.907624066 0.119706579 -0.380286723 -0.131418988
1403715554562142976.000000 0.438486814 -1.092701554 -0.359696865 0.910505176 0.156106755 -0.356143594 -0.140616059
1403715554612143104.000000 0.413725555 -1.133594632 -0.380069703 0.912338078 0.189034835 -0.331629395 -0.148077905
1403715554662142976.000000 0.386776835 -1.166916251 -0.396181077 0.912469208 0.216203019 -0.311436027 -0.153831065
1403715554712143104.000000 0.358650237 -1.190297723 -0.408389717 0.912290752 0.236291930 -0.294939876 -0.157804176
1403715554762142976.000000 0.330145866 -1.203490019 -0.415862381 0.912191749 0.251535177 -0.280904889 -0.160401911
1403715554812143104.000000 0.306200117 -1.199338317 -0.419477850 0.912944496 0.262720197 -0.266841173 -0.162192211
1403715554862142976.000000 0.285925388 -1.183095574 -0.416297883 0.915623963 0.263605893 -0.255706519 -0.163581476
1403715554912143104.000000 0.273223847 -1.150122881 -0.407355905 0.919297993 0.257725209 -0.248618037 -0.163273141
1403715554962142976.000000 0.270456105 -1.100485444 -0.392415255 0.924932063 0.245988086 -0.240033880 -0.162401840
1403715555012143104.000000 0.274077505 -1.037154078 -0.370538145 0.931366980 0.219355494 -0.242814347 -0.159624308
1403715555062142976.000000 0.286501765 -0.961153030 -0.342405856 0.936954141 0.180961087 -0.254993230 -0.156040028
1403715555112143104.000000 0.305574715 -0.875180066 -0.309546292 0.940365613 0.135006443 -0.272646785 -0.152149931
1403715555162142976.000000 0.330918968 -0.780149043 -0.271581769 0.939971089 0.086906962 -0.294946879 -0.148013055
1403715555212143104.000000 0.355221897 -0.683771133 -0.232848197 0.936589539 0.039762825 -0.316556513 -0.144951552
1403715555262142976.000000 0.377070665 -0.586055279 -0.191881463 0.929158747 -0.012909823 -0.341007352 -0.142166838
1403715555312143104.000000 0.395615488 -0.489032686 -0.150282174 0.920165241 -0.060457133 -0.360778123 -0.139570728
1403715555362142976.000000 0.409634769 -0.396914750 -0.107456923 0.913906157 -0.088788457 -0.371444941 -0.137553573
1403715555412143104.000000 0.423538595 -0.308457404 -0.069779277 0.910600662 -0.106149383 -0.375502020 -0.136150375
1403715555462142976.000000 0.439599782 -0.226923048 -0.036697030 0.912525415 -0.107394919 -0.370766401 -0.135262847
1403715555512143104.000000 0.458140850 -0.152353227 -0.007807672 0.915762961 -0.102212675 -0.364273578 -0.135039240
1403715555562142976.000000 0.476198971 -0.084031500 0.020448625 0.919852078 -0.090428881 -0.356748611 -0.135739878
1403715555612143104.000000 0.500068665 -0.021818116 0.042017460 0.923010170 -0.079894863 -0.350597948 -0.136931464
1403715555662142976.000000 0.526588917 0.034828633 0.061096936 0.924806654 -0.068340294 -0.347603500 -0.138686895
1403715555712143104.000000 0.554855883 0.087053806 0.078820974 0.924868226 -0.059402734 -0.348242193 -0.140774891
1403715555762142976.000000 0.585275412 0.135639340 0.094390988 0.922858059 -0.059976187 -0.352330923 -0.143523037
1403715555812143104.000000 0.617478490 0.180086523 0.108440876 0.919771194 -0.064649768 -0.358442634 -0.146151662
1403715555862142976.000000 0.646600127 0.220919043 0.124842912 0.916656077 -0.072174162 -0.363978416 -0.148500219
1403715555912143104.000000 0.682868838 0.256825805 0.132656157 0.914615035 -0.076215461 -0.367377967 -0.150678396
1403715555962142976.000000 0.719723582 0.288276613 0.137965530 0.912244976 -0.079835959 -0.371632874 -0.152723417
1403715556012143104.000000 0.754462719 0.315328419 0.141640365 0.909122288 -0.086974017 -0.377024889 -0.154222012
1403715556062142976.000000 0.785341024 0.338033319 0.146916211 0.904931724 -0.098769672 -0.383726686 -0.155231968
1403715556112143104.000000 0.813899279 0.356221378 0.147822261 0.902432919 -0.106438667 -0.387205660 -0.156068742
1403715556162142976.000000 0.839976430 0.368999958 0.146221429 0.903069258 -0.109849527 -0.384583801 -0.156506658
1403715556212143104.000000 0.864388824 0.376430809 0.141788483 0.904908359 -0.112013392 -0.379409999 -0.156977430
1403715556262142976.000000 0.887311339 0.380435407 0.131219685 0.907764137 -0.110906295 -0.372493207 -0.157838091
1403715556312143104.000000 0.909439921 0.376758337 0.120935202 0.910193324 -0.107560381 -0.366861284 -0.159348145
1403715556362142976.000000 0.929870248 0.367836714 0.108612776 0.911698043 -0.103837416 -0.363283038 -0.161400288
1403715556412143104.000000 0.948398352 0.353683233 0.094647199 0.913125277 -0.098784707 -0.360115200 -0.163587481
1403715556462142976.000000 0.963033020 0.336284995 0.082248569 0.914619684 -0.088410847 -0.357910961 -0.165994525
1403715556512143104.000000 0.974375486 0.314081728 0.068014681 0.916264236 -0.070200682 -0.356561720 -0.168510109
1403715556562142976.000000 0.981478512 0.289159358 0.053873569 0.917445898 -0.051624078 -0.355449021 -0.171125725
1403715556612143104.000000 0.984914780 0.262143612 0.039791614 0.917912662 -0.036272779 -0.355018228 -0.173444092
1403715556662142976.000000 0.984430313 0.233333468 0.026670963 0.916818082 -0.024219958 -0.357827991 -0.175548166
1403715556712143104.000000 0.979739249 0.203377426 0.013839066 0.914720833 -0.014864896 -0.362734139 -0.177450806
1403715556762142976.000000 0.977200747 0.177059144 -0.001536161 0.912888765 -0.005753280 -0.366862416 -0.178921893
1403715556812143104.000000 0.967323661 0.147192091 -0.015512913 0.913291991 0.004321628 -0.364938170 -0.180829421
1403715556862142976.000000 0.956035495 0.117703706 -0.030055732 0.913837135 0.011960707 -0.362689942 -0.182249248
1403715556912143104.000000 0.944420576 0.089198917 -0.045361221 0.914596498 0.020227680 -0.359581709 -0.183861703
1403715556962142976.000000 0.931364119 0.058861017 -0.062778026 0.914913595 0.026000638 -0.357887238 -0.184861511
1403715557012143104.000000 0.917824030 0.032460451 -0.079522103 0.913065553 0.026871787 -0.362262756 -0.185350999
1403715557062142976.000000 0.903506339 0.007857636 -0.096925855 0.909922481 0.024976760 -0.370135754 -0.185518056
1403715557112143104.000000 0.888956070 -0.014856800 -0.115175754 0.906009316 0.021629643 -0.379862517 -0.185428992
1403715557162142976.000000 0.874135852 -0.035949796 -0.135060638 0.901652455 0.017274639 -0.390634328 -0.184741169
1403715557212143104.000000 0.859213650 -0.055329576 -0.157470465 0.897755682 0.013565126 -0.399937361 -0.184122220
1403715557262142976.000000 0.842303514 -0.069599941 -0.177252561 0.894286931 0.011034437 -0.408317953 -0.182772204
1403715557312143104.000000 0.825855315 -0.086346470 -0.206132233 0.892209888 0.009973543 -0.413351208 -0.181666955
1403715557362142976.000000 0.807972789 -0.101612054 -0.238168657 0.890419185 0.009071579 -0.417658299 -0.180646062
1403715557412143104.000000 0.789449751 -0.116075218 -0.274438620 0.890958786 0.007870557 -0.417025089 -0.179500893
1403715557462142976.000000 0.771515250 -0.127794564 -0.316358745 0.893353045 0.008246200 -0.412185639 -0.178760886
1403715557512143104.000000 0.751430511 -0.139267653 -0.360151082 0.897983789 0.009922626 -0.402186543 -0.178248718
1403715557562142976.000000 0.730079770 -0.149750784 -0.406240284 0.903013110 0.012555785 -0.390981197 -0.177605033
1403715557612143104.000000 0.707219720 -0.159059852 -0.454153776 0.907300889 0.016752478 -0.381074905 -0.176936403
1403715557662142976.000000 0.683578134 -0.167098075 -0.503570318 0.911492407 0.020634508 -0.371028274 -0.176334366
1403715557712143104.000000 0.659189463 -0.173838288 -0.553530633 0.915155470 0.025095610 -0.362201065 -0.175131619
1403715557762142976.000000 0.636070848 -0.183654875 -0.597566903 0.917541683 0.025909897 -0.356494129 -0.174235076
1403715557812143104.000000 0.611821711 -0.187233835 -0.647803903 0.918701768 0.023608761 -0.354639411 -0.172223076
1403715557862142976.000000 0.589868844 -0.189467698 -0.699007869 0.919144452 0.020702967 -0.354940861 -0.169593573
1403715557912143104.000000 0.570546985 -0.190893531 -0.750968874 0.919289947 0.018017143 -0.356069505 -0.166721240
1403715557962142976.000000 0.554021657 -0.190857828 -0.805788100 0.919737995 0.015451256 -0.356445432 -0.163676411
1403715558012143104.000000 0.540490270 -0.189810574 -0.860402048 0.920282125 0.012977541 -0.356397808 -0.160913303
1403715558062142976.000000 0.532306850 -0.189771056 -0.915531337 0.920757413 0.012725966 -0.356244951 -0.158535242
1403715558112143104.000000 0.523925185 -0.187171578 -0.972588778 0.920481324 0.011892195 -0.358043045 -0.156134352
1403715558162142976.000000 0.517686009 -0.183589637 -1.031003475 0.920143723 0.012130361 -0.359695613 -0.154296473
1403715558212143104.000000 0.511983871 -0.179426789 -1.089843035 0.919713914 0.016442427 -0.361307442 -0.152685612
1403715558262142976.000000 0.506209373 -0.173678935 -1.148825526 0.919830978 0.020772520 -0.361346871 -0.151354209
1403715558312143104.000000 0.499876440 -0.170431376 -1.209834814 0.920832336 0.028942557 -0.358497888 -0.150696456
1403715558362142976.000000 0.493143976 -0.162938178 -1.269494295 0.923102200 0.034406457 -0.352450013 -0.149925575
1403715558412143104.000000 0.486144781 -0.153578877 -1.328940272 0.925894916 0.038220309 -0.344685555 -0.149832308
1403715558462142976.000000 0.477662444 -0.142191172 -1.387327671 0.929432154 0.033647779 -0.335497797 -0.149883404
1403715558512143104.000000 0.470541477 -0.132479727 -1.448688745 0.933555067 0.027484734 -0.324123949 -0.150543243
1403715558562142976.000000 0.457945585 -0.119292796 -1.502472639 0.937440515 0.020361502 -0.313131005 -0.150796905
1403715558612143104.000000 0.443228900 -0.106084645 -1.553669691 0.940782368 0.014641961 -0.303240806 -0.150861636
1403715558662142976.000000 0.425085247 -0.093179762 -1.601686716 0.942294478 0.009618066 -0.298803747 -0.150681898
1403715558712143104.000000 0.408124268 -0.082387269 -1.649410009 0.943258941 0.006298692 -0.295348316 -0.151632249
1403715558762142976.000000 0.386874199 -0.069595814 -1.690565348 0.943125904 0.006140386 -0.294374555 -0.154335454
1403715558812143104.000000 0.366368175 -0.056751132 -1.729566336 0.942788124 0.008018284 -0.292982787 -0.158894300
1403715558862142976.000000 0.347293556 -0.043875217 -1.766307116 0.941952169 0.011327058 -0.291986614 -0.165353358
1403715558912143104.000000 0.328194201 -0.031867743 -1.800822973 0.940787077 0.016929017 -0.290866017 -0.173291594
1403715558962142976.000000 0.317898393 -0.019692898 -1.837703466 0.939682901 0.021346554 -0.288593352 -0.182357669
1403715559012143104.000000 0.304229915 -0.007094741 -1.866162181 0.938317776 0.027345406 -0.286201656 -0.192095250
1403715559062142976.000000 0.292589247 0.006061077 -1.891050696 0.936274111 0.030406933 -0.285062999 -0.202990875
1403715559112143104.000000 0.283602834 0.019879580 -1.913316011 0.934226155 0.030413158 -0.283096731 -0.214832172
1403715559162142976.000000 0.275394678 0.034262419 -1.933245420 0.931653380 0.030229742 -0.281839699 -0.227320269
1403715559212143104.000000 0.271576762 0.051035762 -1.951729298 0.929123044 0.030861253 -0.279396415 -0.240240902
1403715559262142976.000000 0.267525256 0.066429019 -1.964945555 0.926380694 0.032017902 -0.276769280 -0.253362477
1403715559312143104.000000 0.264497638 0.082202554 -1.974873424 0.923216581 0.033995591 -0.274310529 -0.266963214
1403715559362142976.000000 0.262608349 0.098121881 -1.981533647 0.919480503 0.036768839 -0.273007363 -0.280483067
1403715559412143104.000000 0.261529028 0.114346862 -1.984884977 0.914644778 0.039168920 -0.274814457 -0.293883979
1403715559462142976.000000 0.257949054 0.133212924 -1.985038996 0.908895016 0.044165265 -0.280098408 -0.305784583
1403715559512143104.000000 0.254827082 0.150354266 -1.982018709 0.902193487 0.044370808 -0.290019631 -0.316175431
1403715559562142976.000000 0.249402761 0.168025613 -1.975609422 0.895678103 0.040236454 -0.300609529 -0.325231940
1403715559612143104.000000 0.241857052 0.186234832 -1.966665268 0.889999986 0.034865171 -0.309444636 -0.333059281
1403715559662142976.000000 0.232528210 0.204186678 -1.955848932 0.885671139 0.032563679 -0.314771086 -0.339772642
1403715559712143104.000000 0.220954597 0.223446250 -1.943669677 0.882118225 0.033897635 -0.317217946 -0.346541703
1403715559762142976.000000 0.208812177 0.243889332 -1.930568337 0.879252791 0.036733367 -0.316806138 -0.353834927
1403715559812143104.000000 0.196512580 0.265287638 -1.916389704 0.876178682 0.039025549 -0.316206992 -0.361664414
1403715559862142976.000000 0.178329527 0.292482257 -1.899618745 0.872817516 0.040815596 -0.315445960 -0.370158821
1403715559912143104.000000 0.166835606 0.316683054 -1.883047581 0.869172692 0.045017511 -0.313384116 -0.379871905
1403715559962142976.000000 0.155643702 0.342460513 -1.865337133 0.865154147 0.049571410 -0.311094314 -0.390219569
1403715560012143104.000000 0.145263135 0.370261550 -1.846406937 0.860780954 0.054552555 -0.308575571 -0.401075184
1403715560062142976.000000 0.136251688 0.398589253 -1.827068567 0.856096387 0.056262936 -0.306428134 -0.412353367
1403715560112143104.000000 0.127904117 0.433700204 -1.805601239 0.850908339 0.059565473 -0.305134833 -0.423437983
1403715560162142976.000000 0.124275208 0.467850208 -1.783652782 0.845269799 0.058137633 -0.304546714 -0.435190022
1403715560212143104.000000 0.124060214 0.504222274 -1.761092663 0.838874757 0.052840699 -0.306564927 -0.446671039
1403715560262142976.000000 0.127358973 0.543105602 -1.738441467 0.832566082 0.045620073 -0.308025211 -0.458119035
1403715560312143104.000000 0.133402228 0.582960367 -1.715302587 0.825753152 0.040362351 -0.310232610 -0.469316959
1403715560362142976.000000 0.141533554 0.624736309 -1.692892790 0.819162428 0.035213277 -0.311049163 -0.480605245
1403715560412143104.000000 0.150487959 0.667578697 -1.670572996 0.812918961 0.031299602 -0.310275406 -0.491845846
1403715560462142976.000000 0.161424100 0.706616402 -1.654961348 0.805425704 0.030076185 -0.309792757 -0.504394174
1403715560512143104.000000 0.170143783 0.751624703 -1.632358789 0.799364090 0.028219769 -0.308042318 -0.515102625
1403715560562142976.000000 0.178376734 0.797438025 -1.609485865 0.793033481 0.025954446 -0.306576729 -0.525770903
1403715560612143104.000000 0.186965227 0.844157219 -1.586605430 0.786446154 0.025968162 -0.304314643 -0.536861956
1403715560662142976.000000 0.195328176 0.890537381 -1.563323736 0.779704690 0.024990104 -0.301281929 -0.548329651
1403715560712143104.000000 0.204827428 0.939151764 -1.540327430 0.772452235 0.024628023 -0.298599720 -0.559954703
1403715560762142976.000000 0.216805458 0.986654878 -1.516716480 0.765444517 0.025627032 -0.294160068 -0.571758509
1403715560812143104.000000 0.226510108 1.036790013 -1.493226051 0.758129418 0.026875455 -0.289586753 -0.583658338
1403715560862142976.000000 0.236257434 1.087545156 -1.469413519 0.750980556 0.031025002 -0.283124208 -0.595740199
1403715560912143104.000000 0.246257424 1.138975620 -1.444677234 0.742781281 0.034222025 -0.278457522 -0.607919693
1403715560962142976.000000 0.256866276 1.191134810 -1.419269800 0.734214842 0.036386043 -0.273110896 -0.620495796
1403715561012143104.000000 0.268789828 1.243013263 -1.392423868 -0.724701405 -0.037089333 0.268723965 0.633419096
1403715561062142976.000000 0.280173779 1.296680331 -1.364563584 -0.714548886 -0.036860980 0.265228271 0.646308899
1403715561112143104.000000 0.291345954 1.350647211 -1.335519195 -0.703657150 -0.035035983 0.263029933 0.659131527
1403715561162142976.000000 0.302551568 1.405230045 -1.305252552 -0.692474604 -0.031791128 0.261815131 0.671506703
1403715561212143104.000000 0.313642919 1.467968702 -1.271474361 -0.683233261 -0.029902261 0.261336148 0.681176603
1403715561262142976.000000 0.324989796 1.523366332 -1.240337849 -0.673135817 -0.022196911 0.263685793 0.690554440
1403715561312143104.000000 0.335759938 1.578984261 -1.209135532 -0.663276613 -0.013518700 0.268104523 0.698571026
1403715561362142976.000000 0.346475542 1.635000229 -1.178148508 -0.653936267 -0.005707335 0.272409678 0.705781698
1403715561412143104.000000 0.356056213 1.690727830 -1.150760531 -0.645140111 0.000627774 0.273836941 0.713307261
1403715561462142976.000000 0.366338611 1.746974587 -1.121574998 -0.637868762 0.003316375 0.272232682 0.720417857
1403715561512143104.000000 0.377258122 1.803656936 -1.094205141 -0.632338107 0.002709699 0.265486389 0.727776170
1403715561562142976.000000 0.388041854 1.860401630 -1.067933321 -0.627157927 0.001870077 0.257795304 0.734990478
1403715561612143104.000000 0.396302938 1.919227362 -1.046611547 -0.622142255 -0.001053836 0.248256758 0.742500126
1403715561662142976.000000 0.407042742 1.976187468 -1.021885633 -0.617682517 -0.004855674 0.238078386 0.749508858
1403715561712143104.000000 0.418301225 2.032849550 -0.997056961 -0.612720191 -0.003250920 0.228142485 0.756646931
1403715561762142976.000000 0.429588079 2.088652849 -0.972157776 -0.607265711 -0.003239198 0.217656597 0.764096558
1403715561812143104.000000 0.441782892 2.143979311 -0.946631372 0.600243628 -0.000262388 -0.209091663 -0.772002757
1403715561862142976.000000 0.451081276 2.196452379 -0.920893133 -0.592698574 0.002505588 0.200529158 0.780057847
1403715561912143104.000000 0.464558363 2.247832298 -0.894650042 -0.583800375 0.006959256 0.192816451 0.788638353
1403715561962142976.000000 0.478922129 2.297553062 -0.868100762 -0.575823009 0.012247073 0.182950288 0.796747863
1403715562012143104.000000 0.493737072 2.344742298 -0.841402471 -0.567667305 0.018804580 0.173684135 0.804508626
1403715562062142976.000000 0.508091331 2.391140699 -0.813433409 -0.560117900 0.026254490 0.165512651 0.811285496
1403715562112143104.000000 0.523893714 2.431608200 -0.787753403 -0.554723501 0.031991962 0.156137913 0.816626847
1403715562162142976.000000 0.539828420 2.468649387 -0.762371182 -0.550579011 0.036832042 0.147850245 0.820759714
1403715562212143104.000000 0.555584013 2.501821995 -0.736996055 -0.547510982 0.038951103 0.140114054 0.824064732
1403715562262142976.000000 0.570441961 2.530660629 -0.712659061 0.545445323 -0.035720225 -0.133697674 -0.826642931
1403715562312143104.000000 0.584873080 2.554702520 -0.687430322 0.543961942 -0.029577747 -0.129455090 -0.828536093
1403715562362142976.000000 0.598787427 2.574317932 -0.661368489 0.542697132 -0.019508980 -0.127796188 -0.829920173
1403715562412143104.000000 0.612802804 2.591399193 -0.628770411 -0.541427612 0.006598749 0.128199399 0.830889642
1403715562462142976.000000 0.626553178 2.603239059 -0.599460065 -0.539681911 -0.006865658 0.128470436 0.831980646
1403715562512143104.000000 0.641115963 2.611860275 -0.567912221 -0.536786735 -0.018656079 0.128118858 0.833725154
1403715562562142976.000000 0.657820225 2.617712498 -0.533826351 -0.533833265 -0.026374506 0.122584693 0.836241305
1403715562612143104.000000 0.676683307 2.622431517 -0.496049881 -0.529032767 -0.029350145 0.117962696 0.839849889
1403715562662142976.000000 0.694320440 2.622475624 -0.455986798 -0.520927131 -0.029487718 0.122953512 0.844184816
1403715562712143104.000000 0.712392569 2.619860172 -0.413271964 -0.510955811 -0.025516054 0.135513052 0.848474741
1403715562762142976.000000 0.731480956 2.615429163 -0.368483841 -0.501709282 -0.020727944 0.147936553 0.852040470
1403715562812143104.000000 0.752956986 2.614411831 -0.320412040 -0.492872208 -0.015915753 0.158266291 0.855438828
1403715562862142976.000000 0.772489130 2.607043266 -0.273014009 -0.483345538 -0.011750286 0.167750686 0.859126806
1403715562912143104.000000 0.792447865 2.598605156 -0.225027382 -0.473344594 -0.007463498 0.174563289 0.863375306
1403715562962142976.000000 0.812568545 2.589932680 -0.176598668 -0.463449150 -0.004228712 0.177897692 0.868072271
1403715563012143104.000000 0.832761407 2.585364819 -0.127382398 -0.453211546 -0.001685267 0.179259226 0.873191059
1403715563062142976.000000 0.852647781 2.576134443 -0.079471946 -0.443287373 0.002335295 0.176591262 0.878809750
1403715563112143104.000000 0.873029470 2.566908598 -0.031742811 -0.433920503 0.005647796 0.168255582 0.885082603
1403715563162142976.000000 0.893654704 2.557585478 0.015815020 -0.423279196 0.010261287 0.159372479 0.891812682
1403715563212143104.000000 0.915606737 2.549564838 0.065163732 0.410959780 -0.015719203 -0.148453161 -0.899347901
1403715563262142976.000000 0.936936915 2.539258480 0.113153398 0.396055996 -0.023036018 -0.138240695 -0.907468200
1403715563312143104.000000 0.952763021 2.528607368 0.160800397 -0.379389435 0.028547004 0.127008036 0.916033685
1403715563362142976.000000 0.973014951 2.514724970 0.207415164 -0.360225558 0.032925036 0.117041737 0.924907982
1403715563412143104.000000 0.992671311 2.498820782 0.252609313 -0.339639634 0.036069673 0.107324839 0.933715880
1403715563462142976.000000 1.010180235 2.482550859 0.296013117 -0.319559336 0.036474146 0.095948428 0.941990137
1403715563512143104.000000 1.028948307 2.462230444 0.342059076 0.299151540 -0.036770403 -0.085131258 -0.949688852
1403715563562142976.000000 1.035533905 2.440014839 0.385228902 -0.279383779 0.037957400 0.073630884 0.956599414
1403715563612143104.000000 1.045466781 2.416802406 0.428319186 -0.260603070 0.038532346 0.061937004 0.962686419
1403715563662142976.000000 1.052005291 2.391494751 0.470505029 -0.242480457 0.040312517 0.051417496 0.967953682
1403715563712143104.000000 1.055440068 2.364074230 0.511683583 -0.225216478 0.042376988 0.039943591 0.972566903
1403715563762142976.000000 1.056867957 2.332793951 0.551157415 0.207809046 -0.045975309 -0.030098734 -0.976624727
1403715563812143104.000000 1.049906731 2.296330690 0.590217948 -0.188999727 0.050023180 0.023471968 0.980421305
1403715563862142976.000000 1.044195175 2.260628700 0.628847480 -0.167038709 0.055325825 0.023341589 0.984120131
1403715563912143104.000000 1.035122156 2.222626686 0.666219890 -0.145102397 0.057821214 0.022715410 0.987464488
1403715563962142976.000000 1.022616982 2.182161808 0.701832592 -0.121526971 0.060067907 0.024468597 0.990466714
1403715564012143104.000000 1.008038282 2.141141653 0.738699198 -0.097031035 0.060052074 0.028492296 0.993059456
1403715564062142976.000000 0.991302133 2.097993851 0.768938422 -0.071351595 0.058502767 0.032461662 0.995204866
1403715564112143104.000000 0.973465145 2.054378510 0.795609951 -0.046356536 0.057321489 0.034492888 0.996682286
1403715564162142976.000000 0.955317795 2.010667086 0.818782687 -0.021840036 0.057428554 0.034980908 0.997497559
1403715564212143104.000000 0.939500749 1.967381120 0.841539800 0.002473721 0.055368099 0.033971645 0.997884929
1403715564262142976.000000 0.921020329 1.925577283 0.858079195 0.026177332 0.053564511 0.029923186 0.997772634
1403715564312143104.000000 0.904482245 1.885480523 0.870595098 0.048987787 0.051891521 0.020980151 0.997229874
1403715564362142976.000000 0.890065908 1.846831799 0.879388928 -0.073055968 -0.050170567 -0.012039281 -0.995992422
1403715564412143104.000000 0.882566810 1.807150841 0.892545819 0.097221509 0.041929521 0.000979910 0.994378746
1403715564462142976.000000 0.872044384 1.771138787 0.894318938 0.121292658 0.031563818 -0.011875686 0.992043734
1403715564512143104.000000 0.865006745 1.736479878 0.893237054 0.145567343 0.022942740 -0.023826007 0.988795340
1403715564562142976.000000 0.861201704 1.703332901 0.889403522 0.168784469 0.015736783 -0.037193846 0.984825313
1403715564612143104.000000 0.867345870 1.670385003 0.890094161 0.192456022 0.011135369 -0.050306685 0.979952037
1403715564662142976.000000 0.869440854 1.639054894 0.881342113 0.214950010 0.008671951 -0.063445911 0.974523485
1403715564712143104.000000 0.874754071 1.608419657 0.871080577 0.236479387 0.008090559 -0.077562243 0.968502104
1403715564762142976.000000 0.883357823 1.578094244 0.859214544 0.258217961 0.008099508 -0.090172678 0.961835146
1403715564812143104.000000 0.894249141 1.547999024 0.848071277 0.279318869 0.009867282 -0.103041016 0.954602659
1403715564862142976.000000 0.916409433 1.516957760 0.839212298 0.300390631 0.011631765 -0.114103995 0.946895182
1403715564912143104.000000 0.934524596 1.486207128 0.823415995 0.320544481 0.016386626 -0.123994529 0.938939869
1403715564962142976.000000 0.955721378 1.455688953 0.805977225 0.340080976 0.022487018 -0.133300886 0.930628955
1403715565012143104.000000 0.978776217 1.424191833 0.785684824 0.359754354 0.026766412 -0.141667992 0.921840906
1403715565062142976.000000 1.002920866 1.391948938 0.762954116 0.379742295 0.029150037 -0.150412336 0.912317038
1403715565112143104.000000 1.028995872 1.360026360 0.738422513 0.400536954 0.030327844 -0.156020045 0.902390301
1403715565162142976.000000 1.060529113 1.326365113 0.714619279 0.422291964 0.028753087 -0.159931809 0.891776145
1403715565212143104.000000 1.081667185 1.294331074 0.688218951 0.443139851 0.026926095 -0.163603783 0.880985796
1403715565262142976.000000 1.099503756 1.262364626 0.661777020 0.463320911 0.025996555 -0.166165426 0.870084465
1403715565312143104.000000 1.114762187 1.230543852 0.636130095 0.482767671 0.027384212 -0.166786343 0.859283328
1403715565362142976.000000 1.127462864 1.199074030 0.610831201 0.501216650 0.031197140 -0.167839572 0.848315120
1403715565412143104.000000 1.140730500 1.169099689 0.587663770 0.519531667 0.034963015 -0.168095946 0.837023497
1403715565462142976.000000 1.146874547 1.139511824 0.563492775 0.537867308 0.038309935 -0.167251647 0.825383604
1403715565512143104.000000 1.150373459 1.111667871 0.539624333 0.555518210 0.041751340 -0.168765634 0.813126385
1403715565562142976.000000 1.152540922 1.085884213 0.515309036 0.573004067 0.044448316 -0.172136977 0.800037265
1403715565612143104.000000 1.155537844 1.061367869 0.490438700 0.591034770 0.045833640 -0.176005274 0.785874963
1403715565662142976.000000 1.156223655 1.044404387 0.457866907 0.609599590 0.046120036 -0.180236146 0.770568848
1403715565712143104.000000 1.160494328 1.025738955 0.429852158 0.628171444 0.045631498 -0.186114594 0.754108667
1403715565762142976.000000 1.165235996 1.010056973 0.400903970 0.646773577 0.044175927 -0.193720758 0.736345530
1403715565812143104.000000 1.170109391 0.997436941 0.370895296 0.664798379 0.042008270 -0.203927100 0.717420578
1403715565862142976.000000 1.176360846 0.988786519 0.339546859 0.684116423 0.037444916 -0.212145731 0.696833491
1403715565912143104.000000 1.174697161 0.988409877 0.304618001 0.703324080 0.036293440 -0.221256420 0.674584031
1403715565962142976.000000 1.180505753 0.984161377 0.272973120 0.722892702 0.035023883 -0.229124039 0.650923729
1403715566012143104.000000 1.186130524 0.982024610 0.241251290 0.742397070 0.034694023 -0.235760078 0.626147032
1403715566062142976.000000 1.191544771 0.982002020 0.209734678 0.760671794 0.032982145 -0.242432296 0.601263106
1403715566112143104.000000 1.196834087 0.985276222 0.177375078 0.777343750 0.032921065 -0.249882191 0.576378286
1403715566162142976.000000 1.197618365 0.996471703 0.144933343 0.793545723 0.033518199 -0.255708247 0.551157951
1403715566212143104.000000 1.202573299 1.002785444 0.115668178 0.808571756 0.033394851 -0.261960804 0.525807142
1403715566262142976.000000 1.207734346 1.011428118 0.087143421 0.823251069 0.033092782 -0.266846061 0.499955803
1403715566312143104.000000 1.212585807 1.022379398 0.059259295 0.837147117 0.032366589 -0.271500558 0.473734736
1403715566362142976.000000 1.216447353 1.037357092 0.032514453 0.849747896 0.032433581 -0.276353538 0.447778285
1403715566412143104.000000 1.219156504 1.052611828 0.008055210 0.861082256 0.032725237 -0.281542689 0.422137648
1403715566462142976.000000 1.219355226 1.069464684 -0.014556646 0.872150242 0.032528955 -0.284624040 0.396591902
1403715566512143104.000000 1.217031598 1.087715983 -0.035534024 0.882437170 0.033449769 -0.286443174 0.371666759
1403715566562142976.000000 1.213777065 1.117437720 -0.056395411 0.891760945 0.033324953 -0.287695467 0.347682655
1403715566612143104.000000 1.206507325 1.139655948 -0.073429585 0.900311291 0.033840548 -0.288840473 0.323829561
1403715566662142976.000000 1.197243571 1.163592219 -0.088336587 0.908042252 0.035177708 -0.290500849 0.299718320
1403715566712143104.000000 1.186625242 1.189555645 -0.101539493 0.915181935 0.036336396 -0.292885453 0.274481148
1403715566762142976.000000 1.176007509 1.218062520 -0.112972021 0.921887040 0.036584679 -0.295088321 0.248412564
1403715566812143104.000000 1.165877938 1.248639584 -0.122898221 -0.927888870 -0.034952220 0.298364013 -0.220861003
1403715566862142976.000000 1.157219887 1.281129479 -0.131479383 -0.933888197 -0.032810241 0.299686044 -0.192261949
1403715566912143104.000000 1.154547453 1.323060870 -0.136332989 0.939430296 0.030759612 -0.300344139 0.162228629
1403715566962142976.000000 1.147987127 1.359410048 -0.142212033 0.944167733 0.028919099 -0.300896138 0.131044239
1403715567012143104.000000 1.141482592 1.397256851 -0.145820379 0.947213531 0.026221422 -0.303815633 0.098970130
1403715567062142976.000000 1.135399342 1.436611772 -0.147158623 -0.949184000 -0.021559309 0.307094604 -0.065406226
1403715567112143104.000000 1.130031824 1.476436138 -0.147942364 0.950174212 0.014575101 -0.309844643 0.030870099
1403715567162142976.000000 1.125826120 1.517640591 -0.145965636 0.950054109 0.010385251 -0.311880052 -0.004507269
1403715567212143104.000000 1.127912164 1.567023039 -0.135945722 0.948366106 0.005968235 -0.314538628 -0.040394306
1403715567262142976.000000 1.124284387 1.608812571 -0.129743844 0.944171548 0.004008338 -0.320358217 -0.076777026
1403715567312143104.000000 1.120826006 1.650726318 -0.122565165 0.939061642 0.002487733 -0.324362218 -0.113782085
1403715567362142976.000000 1.116716862 1.692479610 -0.113937676 0.932725966 0.004575518 -0.327442765 -0.150939077
1403715567412143104.000000 1.112062693 1.732555389 -0.105049431 0.925068200 0.007845921 -0.330161810 -0.187564984
1403715567462142976.000000 1.104778767 1.773404837 -0.092950881 0.916328847 0.011044770 -0.331829041 -0.223850638
1403715567512143104.000000 1.094299793 1.814121008 -0.078718662 0.906717002 0.015149669 -0.332612813 -0.258850276
1403715567562142976.000000 1.092089653 1.863590956 -0.052831411 0.897059500 0.017699430 -0.331078738 -0.292160749
1403715567612143104.000000 1.075850964 1.904677272 -0.034649849 0.886705458 0.018716767 -0.328708798 -0.324582189
1403715567662142976.000000 1.057920694 1.946114540 -0.014775276 0.876272917 0.018986851 -0.323896825 -0.356196880
1403715567712143104.000000 1.039248943 1.988395452 0.006319642 0.865090966 0.018762179 -0.318089426 -0.387407839
1403715567762142976.000000 1.022880316 2.029382467 0.033482909 0.854029536 0.016592484 -0.309607953 -0.417733490
1403715567812143104.000000 0.963744462 2.099374056 0.047806740 0.844691753 0.014317527 -0.302311063 -0.441473544
1403715567862142976.000000 1.001909256 2.113552094 0.078663588 0.828633666 0.013325934 -0.293697447 -0.476372182
1403715567912143104.000000 0.986652732 2.155274153 0.104346037 0.814354181 0.012818965 -0.286066830 -0.504805565
1403715567962142976.000000 0.972348511 2.196699142 0.131085157 0.799388170 0.013524180 -0.277806640 -0.532559156
1403715568012143104.000000 0.958543241 2.236897469 0.158738136 0.784686148 0.014095608 -0.268017679 -0.558780313
1403715568062142976.000000 0.946998477 2.276216984 0.186944723 0.769693017 0.012027531 -0.257974505 -0.583846867
1403715568112143104.000000 0.933620393 2.313739061 0.217457056 0.754012764 0.009708079 -0.248343423 -0.608026445
1403715568162142976.000000 0.934089184 2.348847151 0.245552063 -0.737671733 -0.006945204 0.238682136 0.631524444
1403715568212143104.000000 0.926415563 2.383736849 0.278197289 -0.720705271 -0.005295337 0.229141489 0.654255331
1403715568262142976.000000 0.919253469 2.416816235 0.312687874 -0.702126265 -0.001949886 0.223082080 0.676202178
1403715568312143104.000000 0.913111627 2.448137760 0.348319530 -0.683222413 0.000545099 0.216842934 0.697270393
1403715568362142976.000000 0.905660868 2.478112698 0.384109259 0.664222479 -0.003377613 -0.210446745 -0.717293024
1403715568412143104.000000 0.905547380 2.505429745 0.421451569 -0.644731700 0.005205867 0.204188839 0.736614466
1403715568462142976.000000 0.902868390 2.530478716 0.458685398 -0.625102758 0.007160568 0.196462646 0.755379200
1403715568512143104.000000 0.901821196 2.553319216 0.496382236 -0.604944170 0.007874776 0.188954294 0.773483574
1403715568562142976.000000 0.901059985 2.573740244 0.533962846 -0.584139705 0.009334933 0.182438850 0.790828586
1403715568612143104.000000 0.906082332 2.590822935 0.571963549 0.563518167 -0.009123269 -0.174156338 -0.807485998
1403715568662142976.000000 0.909636259 2.607803345 0.613027096 -0.542410970 0.008822503 0.166031554 0.823496222
1403715568712143104.000000 0.915550232 2.620347977 0.651392817 -0.520311356 0.009634976 0.159246370 0.838942170
1403715568762142976.000000 0.922575593 2.630547285 0.689651132 -0.498084098 0.009991406 0.152028546 0.853639126
1403715568812143104.000000 0.930613518 2.638367653 0.728036761 -0.475400120 0.009458574 0.145509377 0.867601514
1403715568862142976.000000 0.939525306 2.643837929 0.767502904 0.453359276 -0.008248431 -0.138165563 -0.880515635
1403715568912143104.000000 0.948667645 2.647288322 0.806052804 0.431403607 -0.007189808 -0.131709784 -0.892463923
1403715568962142976.000000 0.955802143 2.650340319 0.848992527 -0.409341931 0.004197588 0.128200382 0.903319597
1403715569012143104.000000 0.964445651 2.649601460 0.887460649 -0.388701826 0.000739008 0.123456076 0.913054764
1403715569062142976.000000 0.973261356 2.647237778 0.925897479 -0.368557066 -0.001408242 0.118098244 0.922071934
1403715569112143104.000000 0.981651068 2.643420696 0.964836955 -0.348351389 -0.003497223 0.113023393 0.930518568
1403715569162142976.000000 0.990111947 2.637732029 1.001666427 0.328282624 0.003976000 -0.109224707 -0.938234925
1403715569212143104.000000 0.997605681 2.633733511 1.045653105 -0.309017181 -0.003479462 0.106259137 0.945095420
1403715569262142976.000000 1.007331729 2.626672745 1.083653450 -0.291536480 0.000132619 0.102459349 0.951056540
1403715569312143104.000000 1.017782450 2.619125843 1.121095657 -0.276454210 0.007642519 0.096505024 0.956138849
1403715569362142976.000000 1.028476954 2.610925436 1.158143282 -0.262772977 0.015752697 0.090095758 0.960512877
1403715569412143104.000000 1.040602326 2.600741625 1.195088387 0.249966413 -0.023817806 -0.084236763 -0.964289248
1403715569462142976.000000 1.048441768 2.592233181 1.234431624 -0.237633124 0.029870350 0.078015223 0.967756152
1403715569512143104.000000 1.059761286 2.579735041 1.268677115 -0.225834578 0.033318225 0.069914795 0.971082211
1403715569562142976.000000 1.070688248 2.565523624 1.301566124 -0.213276610 0.034933340 0.062731512 0.974349856
1403715569612143104.000000 1.081053257 2.549589396 1.333027720 -0.200701222 0.035224568 0.055153947 0.977464259
1403715569662142976.000000 1.091443896 2.531863928 1.362295985 0.186906144 -0.033771489 -0.048575800 -0.980594754
1403715569712143104.000000 1.097264409 2.512380600 1.392704964 -0.172184169 0.031142859 0.042877790 0.983638287
1403715569762142976.000000 1.106550097 2.489918709 1.419550419 -0.155338272 0.029028358 0.038403817 0.986687660
1403715569812143104.000000 1.115604043 2.465440989 1.444583297 -0.137195960 0.027043169 0.033707742 0.989600837
1403715569862142976.000000 1.124211311 2.439054728 1.468210220 -0.116956793 0.026063079 0.030620506 0.992322683
1403715569912143104.000000 1.132096529 2.412492990 1.492796898 -0.097384185 0.028477915 0.023497123 0.994561911
1403715569962142976.000000 1.140767574 2.382526875 1.512737393 -0.077546537 0.031380169 0.016931415 0.996350944
1403715570012143104.000000 1.149005413 2.351315737 1.531248927 -0.057197597 0.033852462 0.010517315 0.997733414
1403715570062142976.000000 1.156153560 2.319000721 1.548320770 -0.036790852 0.036298763 0.003487876 0.998657465
1403715570112143104.000000 1.160705566 2.286369562 1.565873504 -0.015744032 0.038528461 -0.003580225 0.999127090
1403715570162142976.000000 1.166135788 2.251265287 1.579647899 0.005483075 0.040071882 -0.010603381 0.999125540
1403715570212143104.000000 1.170361876 2.215313196 1.591076851 0.027249943 0.041458908 -0.017580727 0.998613834
1403715570262142976.000000 1.173430920 2.178498983 1.600487113 0.049594786 0.042372771 -0.024722070 0.997563958
1403715570312143104.000000 1.174304366 2.143095493 1.612942219 0.072487354 0.045100119 -0.032268833 0.995826483
1403715570362142976.000000 1.175021052 2.104428530 1.618332744 0.095942289 0.047697693 -0.040048447 0.993436515
1403715570412143104.000000 1.174108148 2.065115690 1.621223450 -0.119607747 -0.050183326 0.048112795 -0.990384221
1403715570462142976.000000 1.172108769 2.025328875 1.621740460 -0.144421488 -0.052903168 0.054411724 -0.986601830
1403715570512143104.000000 1.170788765 1.985240698 1.624403238 0.169237807 0.055591106 -0.062129550 0.982042849
1403715570562142976.000000 1.165482521 1.945031881 1.619356871 0.193596527 0.058681078 -0.071193554 0.976733565
1403715570612143104.000000 1.160309076 1.904986262 1.614010096 0.218090132 0.059888810 -0.080207996 0.970781565
1403715570662142976.000000 1.150389671 1.865518332 1.603566170 0.243034378 0.056535739 -0.088463202 0.964319646
1403715570712143104.000000 1.141337991 1.826107740 1.592840314 0.268159866 0.051623255 -0.096617661 0.957126141
1403715570762142976.000000 1.128606319 1.787614465 1.577342510 0.292771310 0.048578579 -0.105833597 0.949065030
1403715570812143104.000000 1.114908814 1.749363542 1.559124947 0.317816496 0.046278503 -0.114885844 0.940027833
1403715570862142976.000000 1.100354195 1.711506605 1.539064407 0.342107832 0.043534014 -0.123602465 0.930478096
1403715570912143104.000000 1.090199947 1.672931194 1.521648288 0.366246104 0.041319769 -0.131536782 0.920247078
1403715570962142976.000000 1.073758602 1.636452436 1.498027444 0.387862265 0.036680087 -0.140492141 0.910208464
1403715571012143104.000000 1.056800127 1.600602627 1.472988486 0.408436149 0.032301478 -0.147170439 0.900265217
1403715571062142976.000000 1.039596081 1.565463305 1.447054148 0.426293671 0.028688068 -0.151704818 0.891311646
1403715571112143104.000000 1.025769472 1.529698014 1.424371958 0.442136973 0.025281262 -0.153330848 0.883382976
1403715571162142976.000000 1.008078337 1.496270537 1.397151113 0.455377638 0.024641484 -0.152577728 0.876780570
1403715571212143104.000000 0.991471529 1.463604808 1.369789720 0.466653854 0.028813636 -0.150233403 0.871110797
1403715571262142976.000000 0.976189017 1.432529211 1.341845393 0.475005150 0.036432542 -0.148696855 0.866563380
1403715571312143104.000000 0.962201655 1.403063774 1.314712882 0.481246531 0.043927595 -0.148158774 0.862856448
1403715571362142976.000000 0.946311414 1.376018286 1.285056353 0.485572726 0.050562412 -0.146929368 0.860275805
1403715571412143104.000000 0.929897308 1.351193905 1.254498601 0.487937987 0.051402796 -0.148122832 0.858681500
1403715571462142976.000000 0.913509369 1.328308582 1.223488331 0.488372654 0.047011413 -0.152041659 0.858000815
1403715571512143104.000000 0.897746921 1.307377934 1.193936348 0.488815039 0.039614193 -0.155181065 0.857560158
1403715571562142976.000000 0.879115641 1.287939548 1.161846161 0.490143061 0.027170012 -0.154278427 0.857449591
1403715571612143104.000000 0.858207345 1.269691706 1.129807830 0.491876394 0.011253076 -0.150862917 0.857421339
1403715571662142976.000000 0.834833622 1.251906633 1.098903060 0.495150030 -0.008490331 -0.141883627 0.857101798
1403715571712143104.000000 0.806274652 1.237338543 1.070464134 0.498092204 -0.031413134 -0.131959081 0.856448591
1403715571762142976.000000 0.778475642 1.220594883 1.045645952 0.500179827 -0.055660289 -0.122114532 0.855459094
1403715571812143104.000000 0.750274777 1.204527259 1.024652958 0.500841141 -0.078762829 -0.115868859 0.854124665
1403715571862142976.000000 0.723962247 1.188716531 1.008317232 0.500370741 -0.098457128 -0.111268260 0.852968216
1403715571912143104.000000 0.697234213 1.177152157 0.996178150 0.498923510 -0.116071694 -0.108982980 0.851895273
1403715571962142976.000000 0.676015258 1.160745263 0.991222978 0.495804369 -0.132053286 -0.110482357 0.851195455
1403715572012143104.000000 0.658337533 1.143397331 0.993322134 -0.491962820 0.144069597 0.115798712 -0.850768566
1403715572062142976.000000 0.644731879 1.124311209 1.002869368 -0.487288624 0.151257873 0.125664487 -0.850810945
1403715572112143104.000000 0.636606276 1.103310108 1.018423200 -0.481922269 0.150680706 0.142173618 -0.851371229
1403715572162142976.000000 0.631384790 1.080224395 1.041755080 -0.477624059 0.141952440 0.161853880 -0.851779401
1403715572212143104.000000 0.629325569 1.053319216 1.070330739 -0.476020396 0.126370177 0.179516748 -0.851592004
1403715572262142976.000000 0.631038129 1.020817995 1.102554321 -0.477814049 0.099668704 0.197036296 -0.850256860
1403715572312143104.000000 0.634005189 0.984032094 1.136968851 -0.482194930 0.067536913 0.212716401 -0.847159088
1403715572362142976.000000 0.637445152 0.943093240 1.172046781 0.489798456 -0.036757208 -0.222280219 0.842222035
1403715572412143104.000000 0.642684937 0.901635826 1.205171347 0.499045283 -0.006216590 -0.228608802 0.835854769
1403715572462142976.000000 0.644458771 0.855855465 1.238404751 0.509649456 0.016731042 -0.231601402 0.828455389
1403715572512143104.000000 0.644385219 0.808522820 1.269650578 0.521581113 0.031551026 -0.231739879 0.820520818
1403715572562142976.000000 0.642554522 0.760832071 1.298226237 0.534141481 0.040457759 -0.231207997 0.812157035
1403715572612143104.000000 0.637152433 0.712341189 1.322969794 0.546325028 0.046293233 -0.232182741 0.803415895
1403715572662142976.000000 0.634596348 0.663734555 1.345016718 0.559257984 0.051079560 -0.233701736 0.793728530
1403715572712143104.000000 0.628855348 0.615929723 1.363628387 0.571643949 0.052431971 -0.237400576 0.783655047
1403715572762142976.000000 0.622972369 0.568557620 1.378590822 0.583305657 0.051991757 -0.242812589 0.773364961
1403715572812143104.000000 0.618265808 0.521912456 1.389446855 0.595937133 0.047520351 -0.245978102 0.762951851
1403715572862142976.000000 0.617306828 0.474147320 1.394984603 0.608909070 0.042839743 -0.247967020 0.752267897
1403715572912143104.000000 0.616902590 0.428771496 1.397890329 0.622454584 0.038563617 -0.247461513 0.741502523
1403715572962142976.000000 0.618636429 0.383390903 1.396809459 0.635927320 0.036683507 -0.247203007 0.730165422
1403715573012143104.000000 0.622279942 0.338773251 1.392300487 0.649208963 0.035980090 -0.246898234 0.718522370
1403715573062142976.000000 0.627594113 0.294550180 1.382578731 0.662529707 0.034197681 -0.246525690 0.706477225
1403715573112143104.000000 0.635595322 0.251890182 1.372366428 0.675612807 0.032439381 -0.246644467 0.694018424
1403715573162142976.000000 0.644908369 0.210589170 1.360197902 0.688622057 0.028491208 -0.246282876 0.681419611
1403715573212143104.000000 0.654671550 0.170561671 1.347198606 0.700266123 0.026832804 -0.248861298 0.668562233
1403715573262142976.000000 0.663506210 0.131327987 1.331282616 0.712300003 0.022750868 -0.250348836 0.655314207
1403715573312143104.000000 0.671536624 0.093727112 1.317173004 0.723514855 0.018673992 -0.253689229 0.641731620
1403715573362142976.000000 0.678897142 0.057024002 1.302909255 0.734395027 0.014131959 -0.256996751 0.628026187
1403715573412143104.000000 0.685866892 0.021033406 1.289008379 0.745051444 0.009351812 -0.260328770 0.614035666
1403715573462142976.000000 0.690916359 -0.014950871 1.275768518 0.755923986 0.001138727 -0.261582762 0.600126803
1403715573512143104.000000 0.698624253 -0.050671935 1.258885026 0.766264558 -0.006099230 -0.263231069 0.586098135
1403715573562142976.000000 0.705065489 -0.085820436 1.246908426 0.776002526 -0.012525131 -0.265221387 0.572119653
1403715573612143104.000000 0.712401569 -0.120970488 1.235601664 0.784525633 -0.014655302 -0.269692481 0.558185339
1403715573662142976.000000 0.720004976 -0.156156063 1.224945307 0.791844010 -0.013881423 -0.276691973 0.544271827
1403715573712143104.000000 0.728175759 -0.191821933 1.214014888 0.797667086 -0.010648204 -0.287019551 0.530314744
1403715573762142976.000000 0.734946728 -0.226597667 1.205240011 0.802992344 -0.008962099 -0.297850907 0.516147137
1403715573812143104.000000 0.742422283 -0.263311744 1.195512295 0.807894111 -0.005549630 -0.309829056 0.501280606
1403715573862142976.000000 0.749633074 -0.300346136 1.185246944 0.813027680 -0.004130151 -0.320983559 0.485735089
1403715573912143104.000000 0.756474912 -0.337624192 1.173924923 0.818704903 -0.004240395 -0.330878645 0.469280064
1403715573962142976.000000 0.764689803 -0.373342872 1.160475612 0.825271189 -0.005339948 -0.338612646 0.451929808
1403715574012143104.000000 0.770394444 -0.412571430 1.146453142 0.832152784 -0.007910974 -0.346036077 0.433264643
1403715574062142976.000000 0.775696754 -0.452908278 1.130700827 0.839067221 -0.010483124 -0.353605032 0.413303465
1403715574112143104.000000 0.780806124 -0.494583130 1.112673521 0.846803665 -0.012556634 -0.358561367 0.392682582
1403715574162142976.000000 0.785893083 -0.536940932 1.094476581 0.855314493 -0.013373663 -0.360759079 0.371633261
1403715574212143104.000000 0.790932775 -0.581565022 1.072411776 0.863965511 -0.010743466 -0.361726642 0.350145727
1403715574262142976.000000 0.796055138 -0.627377391 1.048723221 0.873637855 -0.003827681 -0.358818978 0.328620255
1403715574312143104.000000 0.800867736 -0.673718929 1.023748755 0.882225513 0.007720026 -0.356171727 0.307831645
1403715574362142976.000000 0.804977059 -0.720063806 0.999548852 0.889559746 0.020832738 -0.353695124 0.288356185
1403715574412143104.000000 0.807821751 -0.766243577 0.972748458 0.895032465 0.034542225 -0.352570266 0.270957679
1403715574462142976.000000 0.808893979 -0.811219335 0.945557058 0.898412168 0.046024561 -0.353313476 0.256723493
1403715574512143104.000000 0.808686435 -0.854335666 0.917456329 0.901090741 0.055392191 -0.353590578 0.244828418
1403715574562142976.000000 0.807849765 -0.894855022 0.889917970 0.902974844 0.060737323 -0.354954392 0.234424606
1403715574612143104.000000 0.804343164 -0.933045268 0.860046744 0.903647482 0.065096132 -0.358795673 0.224609599
1403715574662142976.000000 0.799645185 -0.968367100 0.828973770 0.904315591 0.068015598 -0.362206995 0.215391204
1403715574712143104.000000 0.793774962 -1.000170827 0.796355784 0.905332565 0.068583392 -0.364856720 0.206273749
1403715574762142976.000000 0.785963655 -1.028565526 0.762872517 -0.906564653 -0.066047974 0.367013067 -0.197685584
1403715574812143104.000000 0.780140400 -1.054734707 0.725448310 0.908219934 0.058960166 -0.367808044 0.190729335
1403715574862142976.000000 0.771430671 -1.077821493 0.687426627 0.910282552 0.047791138 -0.367148906 0.185211852
1403715574912143104.000000 0.763074875 -1.098804116 0.647498727 0.912558854 0.038277283 -0.364617586 0.181177616
1403715574962142976.000000 0.755498946 -1.118004680 0.606138587 0.915559530 0.031737234 -0.359108329 0.178282812
1403715575012143104.000000 0.747987986 -1.136271715 0.564121604 -0.917973936 -0.026735742 0.354249299 -0.176398993
1403715575062142976.000000 0.742958784 -1.153546691 0.516890585 0.920685172 0.026039384 -0.347609133 0.175580919
1403715575112143104.000000 0.736817598 -1.169702053 0.473340482 0.923063457 0.027445039 -0.341152430 0.175544232
1403715575162142976.000000 0.731874883 -1.184603214 0.429598182 0.927017450 0.029988399 -0.329681635 0.176208735
1403715575212143104.000000 0.727752030 -1.198049188 0.386198997 0.931281447 0.034503233 -0.316290826 0.177438840
1403715575262142976.000000 0.724168003 -1.211401224 0.340626389 0.934156299 0.040135518 -0.305910468 0.179332376
1403715575312143104.000000 0.719779015 -1.221066356 0.300596982 0.934628963 0.045255501 -0.302008629 0.182240382
1403715575362142976.000000 0.714162767 -1.228197217 0.263011664 0.932362974 0.044152569 -0.306850761 0.185990527
1403715575412143104.000000 0.708620191 -1.233272433 0.226998359 -0.929353654 -0.040938102 0.313908070 -0.189967364
1403715575462142976.000000 0.703040361 -1.234944940 0.187758759 0.925952494 0.040444814 -0.321398109 0.194112375
1403715575512143104.000000 0.699572206 -1.235669732 0.153134108 0.923100948 0.043186605 -0.326612562 0.198353246
1403715575562142976.000000 0.697960734 -1.234229445 0.117871314 0.921339929 0.052703414 -0.327828318 0.202197343
1403715575612143104.000000 0.697458565 -1.230008841 0.082347780 0.920506597 0.065158591 -0.325652689 0.205845267
1403715575662142976.000000 0.696926892 -1.222354174 0.041592121 0.919299126 0.075182498 -0.324560136 0.209517345
1403715575712143104.000000 0.696719229 -1.211443067 0.005900323 -0.918203771 -0.085836254 0.322936833 -0.212710619
1403715575762142976.000000 0.695693851 -1.196235299 -0.030143261 -0.916900992 -0.092408121 0.322883099 -0.215638310
1403715575812143104.000000 0.693200767 -1.176623464 -0.066527784 0.915252686 0.094069503 -0.324991673 0.218732655
1403715575862142976.000000 0.690648794 -1.151773334 -0.105686963 0.914164722 0.092476301 -0.326672792 0.221440852
1403715575912143104.000000 0.687318683 -1.122967839 -0.142185986 0.914128423 0.087577678 -0.326863110 0.223293394
1403715575962142976.000000 0.682765365 -1.090128183 -0.178733051 0.914574146 0.075809464 -0.327370405 0.225023866
1403715576012143104.000000 0.678133070 -1.053578138 -0.215760350 -0.915271223 -0.063087560 0.327183425 -0.226383641
1403715576062142976.000000 0.673357129 -1.015094399 -0.253853142 0.915751338 0.052232452 -0.327094704 0.227333039
1403715576112143104.000000 0.668005705 -0.973343492 -0.290602565 0.916380823 0.044595018 -0.326051265 0.227921337
1403715576162142976.000000 0.662167311 -0.929766893 -0.327236235 0.917296946 0.036925483 -0.324114740 0.228369325
1403715576212143104.000000 0.655262351 -0.884748459 -0.364317119 -0.918009937 -0.029925533 0.322898179 -0.228252262
1403715576262142976.000000 0.649793506 -0.841663718 -0.400286913 0.918653786 0.026432842 -0.321692944 0.227794483
1403715576312143104.000000 0.644762516 -0.794987917 -0.436998069 0.920127511 0.025772832 -0.317866623 0.227292940
1403715576362142976.000000 0.640809357 -0.747473240 -0.473312199 0.922144473 0.027995517 -0.312341154 0.226514593
1403715576412143104.000000 0.637425900 -0.699350893 -0.509485006 -0.925589800 -0.029674148 0.302854449 -0.225127131
1403715576462142976.000000 0.636832595 -0.651675999 -0.543230414 0.928729177 0.031885788 -0.293706089 0.224013865
1403715576512143104.000000 0.635972261 -0.600236297 -0.576824844 0.931396604 0.034632675 -0.285199106 0.223522961
1403715576562142976.000000 0.636044264 -0.547231734 -0.608127058 -0.933484435 -0.037751853 0.277125329 -0.224462062
1403715576612143104.000000 0.637693882 -0.492324442 -0.636347651 0.935277700 0.041924454 -0.269248784 0.225838766
1403715576662142976.000000 0.639863074 -0.437003434 -0.659517765 0.935157359 0.044303533 -0.267152727 0.228357792
1403715576712143104.000000 0.642888188 -0.377710193 -0.681992531 0.934069574 0.046801399 -0.267202854 0.232220426
1403715576762142976.000000 0.646820307 -0.316199005 -0.701449692 0.931962669 0.046168145 -0.270337522 0.237132445
1403715576812143104.000000 0.651356816 -0.252480835 -0.718031883 0.928468943 0.044282764 -0.277324289 0.243054971
1403715576862142976.000000 0.654373646 -0.189909697 -0.731220484 0.924234331 0.041563451 -0.286765516 0.248654485
1403715576912143104.000000 0.660631657 -0.121879652 -0.743659139 0.919787109 0.038688526 -0.296193063 0.254488796
1403715576962142976.000000 0.667618632 -0.052151471 -0.754739165 0.915823042 0.035608675 -0.303876162 0.260114521
1403715577012143104.000000 0.675156832 0.018914729 -0.764223695 -0.913278103 -0.030013913 0.307277679 -0.265711784
1403715577062142976.000000 0.679981947 0.088129520 -0.772596896 0.911413789 0.021701958 -0.308305562 0.271664709
1403715577112143104.000000 0.687432528 0.160755575 -0.780606449 0.909393549 0.012647158 -0.308602780 0.278581887
1403715577162142976.000000 0.694336116 0.233354390 -0.787614465 0.907480657 0.004500327 -0.307845294 0.285814434
1403715577212143104.000000 0.699237347 0.305696428 -0.793014526 0.905784786 -0.002348881 -0.306591958 0.292488992
1403715577262142976.000000 0.697702706 0.375276625 -0.794827759 0.904539883 -0.006342325 -0.304713219 0.298189849
1403715577312143104.000000 0.693051696 0.446240067 -0.795189023 0.903116882 -0.006943182 -0.304171145 0.303004354
1403715577362142976.000000 0.683364272 0.516579211 -0.792987585 0.901800692 -0.004254734 -0.304113120 0.307006061
1403715577412143104.000000 0.670381963 0.587267041 -0.787945151 -0.900662422 0.000782167 0.304338783 -0.310136378
1403715577462142976.000000 0.656569421 0.657624245 -0.781739831 -0.899523735 -0.001810974 0.305030257 -0.312746584
1403715577512143104.000000 0.638022780 0.719901443 -0.775705934 0.898811102 0.003817203 -0.305227518 0.314579338
1403715577562142976.000000 0.625489116 0.789793134 -0.768426299 0.898137748 0.005343025 -0.305687964 0.316030085
1403715577612143104.000000 0.616107821 0.859528959 -0.761208475 0.897529125 0.005391671 -0.306097478 0.317359298
1403715577662142976.000000 0.610372424 0.928880095 -0.754580259 0.897178829 0.005111189 -0.306253344 0.318202734
1403715577712143104.000000 0.605995953 0.994415879 -0.748320341 0.896882057 0.002351709 -0.306766599 0.318577319
1403715577762142976.000000 0.606874347 1.063369989 -0.742499709 0.897022545 -0.002502841 -0.305998206 0.318919241
1403715577812143104.000000 0.608664513 1.131177545 -0.736121178 0.897162437 -0.008016056 -0.303716391 0.320611507
1403715577862142976.000000 0.608400166 1.197995067 -0.727558494 0.896651506 -0.014540377 -0.301834315 0.323575020
1403715577912143104.000000 0.605847061 1.262701273 -0.715768814 -0.895577967 0.020129146 0.299835950 -0.328075379
1403715577962142976.000000 0.596554399 1.317784309 -0.705548108 0.893590152 -0.026596541 -0.298618644 0.334090292
1403715578012143104.000000 0.587187350 1.380276084 -0.688314378 0.890606582 -0.034442466 -0.298016518 0.341789305
1403715578062142976.000000 0.575129807 1.440845966 -0.668372393 0.886700332 -0.043270338 -0.298300683 0.350580961
1403715578112143104.000000 0.560140789 1.499591827 -0.645553231 0.881213963 -0.056934267 -0.300477207 0.360463589
1403715578162142976.000000 0.541567206 1.551733255 -0.621192336 0.874215066 -0.074660718 -0.303492934 0.371572256
1403715578212143104.000000 0.523914039 1.603959799 -0.592957020 0.867376626 -0.085639678 -0.303800672 0.384745210
1403715578262142976.000000 0.507617831 1.651020408 -0.563156724 0.860983193 -0.086817704 -0.302863508 0.399304897
1403715578312143104.000000 0.492782861 1.693011045 -0.531465411 0.854524672 -0.084709108 -0.300868750 0.414837301
1403715578362142976.000000 0.477590978 1.725024939 -0.504228354 0.847760499 -0.079012387 -0.299035132 0.430856466
1403715578412143104.000000 0.464903146 1.759322882 -0.468234897 0.840246022 -0.072401136 -0.298054516 0.447110951
1403715578462142976.000000 0.452804387 1.790150642 -0.430858970 0.831346989 -0.065260619 -0.299837619 0.463358015
1403715578512143104.000000 0.440816432 1.817566633 -0.392404556 0.820702553 -0.058735080 -0.305724770 0.479092836
1403715578562142976.000000 0.427391529 1.839187026 -0.355711222 0.808031201 -0.051951673 -0.317361057 0.493627965
1403715578612143104.000000 0.414085746 1.860915542 -0.315800428 0.794065237 -0.050162483 -0.333181411 0.505899549
1403715578662142976.000000 0.400531352 1.879330993 -0.277116299 0.780513465 -0.049689326 -0.349559546 0.515885532
1403715578712143104.000000 0.386847436 1.893956661 -0.240649700 0.768187582 -0.051838879 -0.363605380 0.524396598
1403715578762142976.000000 0.372452080 1.900131226 -0.215620995 0.757913232 -0.053934697 -0.373871118 0.531863749
1403715578812143104.000000 0.358716667 1.904553533 -0.185991526 0.750891387 -0.057002041 -0.379332632 0.537605524
1403715578862142976.000000 0.344744503 1.903276682 -0.160181999 0.746309817 -0.057204984 -0.381495565 0.542411745
1403715578912143104.000000 0.330506444 1.895534277 -0.136802673 -0.744438231 0.052399442 0.380439997 -0.546197236
1403715578962142976.000000 0.315364242 1.881687522 -0.122740746 0.745093822 -0.040085327 -0.376831204 0.548841238
1403715579012143104.000000 0.302834928 1.863333941 -0.110115051 0.747284710 -0.023886116 -0.370983750 0.550786912
1403715579062142976.000000 0.291220248 1.841242194 -0.102638245 0.748741090 -0.004116290 -0.367682606 0.551524580
1403715579112143104.000000 0.281569064 1.814557314 -0.100565910 0.749713182 0.018910967 -0.364819229 0.551796734
1403715579162142976.000000 0.273226559 1.787472248 -0.104746103 0.751113653 0.041962177 -0.360842496 0.551235139
1403715579212143104.000000 0.265555441 1.759446383 -0.115320206 0.752617419 0.067213714 -0.356285214 0.549645662
1403715579262142976.000000 0.257096171 1.732365608 -0.131782770 0.754546523 0.082449771 -0.349768460 0.549111724
1403715579312143104.000000 0.247395635 1.707769632 -0.155693769 0.756225348 0.091724046 -0.344361007 0.548749089
1403715579362142976.000000 0.234563112 1.684276223 -0.182604551 0.756601572 0.095554858 -0.342126727 0.548974156
1403715579412143104.000000 0.219145775 1.663200140 -0.213697314 0.756900787 0.093868472 -0.340653032 0.549768627
1403715579462142976.000000 0.201680541 1.644246817 -0.249783754 0.757534444 0.089370109 -0.339207739 0.550538540
1403715579512143104.000000 0.182897210 1.627173424 -0.290531397 0.758028805 0.079352893 -0.338864505 0.551603556
1403715579562142976.000000 0.160698831 1.612022877 -0.334539056 0.759678125 0.065240152 -0.336620748 0.552557170
1403715579612143104.000000 0.138425648 1.597712398 -0.383021712 0.761281788 0.058904864 -0.334483683 0.552359343
1403715579662142976.000000 0.115511239 1.584578514 -0.435776711 0.764071286 0.055072904 -0.330231994 0.551460803
1403715579712143104.000000 0.092828810 1.571705699 -0.491981506 0.767610192 0.051454809 -0.324245840 0.550446808
1403715579762142976.000000 0.076052189 1.566313028 -0.548159242 0.771159649 0.049775347 -0.318593711 0.548938394
1403715579812143104.000000 0.055732459 1.555098414 -0.611233115 0.773250163 0.051568955 -0.315910459 0.547380507
1403715579862142976.000000 0.037579030 1.545415998 -0.677811742 0.774264157 0.055790585 -0.313828886 0.546730220
1403715579912143104.000000 0.020644516 1.537421227 -0.747433066 0.774382234 0.056827709 -0.312213451 0.547380626
1403715579962142976.000000 0.004471630 1.526872039 -0.822124243 0.774749219 0.053464815 -0.306769937 0.550270319
1403715580012143104.000000 -0.013046592 1.520803332 -0.895371079 0.773863971 0.049076527 -0.300930619 0.555127859
1403715580062142976.000000 -0.032958329 1.515542269 -0.968674779 0.771488428 0.044949751 -0.294620246 0.562124670
1403715580112143104.000000 -0.055878043 1.512754083 -1.040763140 0.767843187 0.040835172 -0.288251251 0.570666790
1403715580162142976.000000 -0.082475781 1.509831309 -1.112958193 0.762797296 0.037012290 -0.282212496 0.580626011
1403715580212143104.000000 -0.111999959 1.507611990 -1.184370756 0.756686151 0.033522762 -0.276147962 0.591645718
1403715580262142976.000000 -0.143479913 1.506930232 -1.255131721 0.749639213 0.030414734 -0.270810932 0.603139699
1403715580312143104.000000 -0.176464230 1.505779505 -1.323364973 0.742738307 0.025949800 -0.263544947 0.614988327
1403715580362142976.000000 -0.208374888 1.506814837 -1.394190907 0.735705435 0.019798851 -0.254119098 0.627510250
1403715580412143104.000000 -0.239637166 1.508786082 -1.464629412 0.727666438 0.013987230 -0.245806590 0.640222728
1403715580462142976.000000 -0.270218223 1.512419820 -1.535203934 0.719873786 0.007216377 -0.236468434 0.652543008
1403715580512143104.000000 -0.302058995 1.514692783 -1.601482153 0.712321639 0.000480136 -0.228662908 0.663559377
1403715580562142976.000000 -0.330972254 1.519581318 -1.669978023 0.705519140 -0.006830898 -0.221882790 0.673026145
1403715580612143104.000000 -0.359587997 1.524815917 -1.736864805 0.699869037 -0.016446589 -0.215858892 0.680674553
1403715580662142976.000000 -0.388797283 1.530278921 -1.800039887 0.695082963 -0.027322177 -0.209428936 0.687206507
1403715580712143104.000000 -0.415859759 1.535726309 -1.862361550 0.690863311 -0.038649239 -0.203714177 0.692614436
1403715580762142976.000000 -0.441435754 1.540498853 -1.921755195 0.687077701 -0.048835833 -0.199009344 0.697090149
1403715580812143104.000000 -0.464987278 1.545470476 -1.977222681 0.684686422 -0.059311654 -0.192189217 0.700535536
1403715580862142976.000000 -0.489451110 1.548066616 -2.025341988 0.682681859 -0.071463861 -0.185552165 0.703142107
1403715580912143104.000000 -0.509382486 1.550941944 -2.072932959 0.681456566 -0.086184345 -0.177840993 0.704671502
1403715580962142976.000000 -0.526682615 1.552718520 -2.115160227 0.679995716 -0.099742405 -0.172511026 0.705618382
1403715581012143104.000000 -0.541653454 1.552689552 -2.151941776 0.677424729 -0.105379343 -0.174107090 0.706878841
1403715581062142976.000000 -0.552879930 1.551067591 -2.182161093 0.674256921 -0.110086851 -0.179921627 0.707733512
1403715581112143104.000000 -0.556886554 1.545610070 -2.203129768 0.670691311 -0.111508287 -0.188048959 0.708785355
1403715581162142976.000000 -0.561209977 1.538676262 -2.221760273 0.667318821 -0.108155124 -0.195728555 0.710407257
1403715581212143104.000000 -0.562145472 1.528857708 -2.234922647 0.664283633 -0.099090919 -0.203602776 0.712358177
1403715581262142976.000000 -0.560876906 1.516867161 -2.244432926 0.663699985 -0.090280414 -0.206196800 0.713326573
1403715581312143104.000000 -0.558128417 1.502037764 -2.250069141 0.665436447 -0.083517127 -0.205677062 0.712682426
1403715581362142976.000000 -0.553941548 1.484858751 -2.252094269 0.668812990 -0.077466764 -0.205863938 0.710146606
1403715581412143104.000000 -0.548745751 1.466117859 -2.250594854 0.673353374 -0.071276642 -0.208022356 0.705862343
1403715581462142976.000000 -0.542660296 1.445941210 -2.245882750 0.678260148 -0.062736884 -0.214051008 0.700149596
1403715581512143104.000000 -0.535918236 1.423874736 -2.238363504 0.683523893 -0.048953000 -0.223276079 0.693214655
1403715581562142976.000000 -0.530703366 1.399862885 -2.228341103 0.689697564 -0.033529032 -0.233925804 0.684450090
1403715581612143104.000000 -0.527401447 1.373558402 -2.215927601 0.696287036 -0.019470515 -0.245296866 0.674266040
1403715581662142976.000000 -0.527505517 1.347185373 -2.202539444 0.703769147 -0.006949396 -0.255553514 0.662837148
1403715581712143104.000000 -0.530040741 1.319961071 -2.188420296 0.711342394 0.004259061 -0.266822219 0.650215209
1403715581762142976.000000 -0.533594847 1.292469978 -2.174978495 0.719403982 0.015472997 -0.278392196 0.636173189
1403715581812143104.000000 -0.537781775 1.268427253 -2.164536238 0.727734029 0.026698716 -0.289454669 0.621213675
1403715581862142976.000000 -0.539877415 1.241347909 -2.155624390 0.736542821 0.034859665 -0.299111634 0.605658174
1403715581912143104.000000 -0.540347099 1.214939356 -2.150144815 0.746799529 0.037422508 -0.304110557 0.590259969
1403715581962142976.000000 -0.539337397 1.188788414 -2.147761106 0.758083582 0.034200087 -0.305136710 0.575353146
1403715582012143104.000000 -0.534438729 1.168300152 -2.151137352 0.770428777 0.034189049 -0.301380098 0.560750067
1403715582062142976.000000 -0.528469801 1.143930912 -2.155575752 0.783611178 0.033921644 -0.293137103 0.546693206
1403715582112143104.000000 -0.521957338 1.120642185 -2.161535263 0.795326769 0.037249457 -0.285419703 0.533482254
1403715582162142976.000000 -0.515865862 1.100086212 -2.168081045 0.805377901 0.040075656 -0.278317392 0.521823704
1403715582212143104.000000 -0.510560036 1.082559347 -2.176442862 0.813699245 0.041879166 -0.272199094 0.511905670
1403715582262142976.000000 -0.510338843 1.064938307 -2.180426121 0.818494618 0.042266745 -0.272186160 0.504177392
1403715582312143104.000000 -0.514293849 1.048992395 -2.182668209 0.820315540 0.039681755 -0.277577221 0.498456329
1403715582362142976.000000 -0.520775318 1.035239220 -2.183831453 0.820337772 0.036387779 -0.284996927 0.494468093
1403715582412143104.000000 -0.527827024 1.022223711 -2.184887171 0.819406092 0.033415820 -0.292678922 0.491727769
1403715582462142976.000000 -0.535151482 1.010522127 -2.186384916 0.817490757 0.029072378 -0.301408231 0.489915013
1403715582512143104.000000 -0.541408062 0.999696493 -2.189019442 0.814845026 0.024886657 -0.310082197 0.489139229
1403715582562142976.000000 -0.545542121 0.989351034 -2.193934202 0.812714458 0.020783713 -0.316047460 0.489057571
1403715582612143104.000000 -0.547044754 0.979237556 -2.201559544 0.810246110 0.017809121 -0.321463645 0.489740044
1403715582662142976.000000 -0.545993209 0.968992233 -2.211794853 0.807909966 0.014864380 -0.325280666 0.491175294
1403715582712143104.000000 -0.542102277 0.958586454 -2.228569984 0.805262685 0.011617618 -0.328528643 0.493443131
1403715582762142976.000000 -0.540952682 0.947408676 -2.242496729 0.802709162 0.009516541 -0.330734164 0.496167630
1403715582812143104.000000 -0.542814970 0.935800791 -2.256578684 0.799536347 0.006548975 -0.333960384 0.499168485
1403715582862142976.000000 -0.546865106 0.922842503 -2.269296885 0.795855165 0.002546935 -0.338171422 0.502243221
1403715582912143104.000000 -0.555504560 0.909554482 -2.283467531 0.791640818 -0.000906576 -0.343608320 0.505210161
1403715582962142976.000000 -0.567999363 0.894841671 -2.298343182 -0.787602544 0.004964016 0.348582417 -0.508082628
1403715583012143104.000000 -0.584084213 0.878608942 -2.314413548 -0.783903420 0.008616119 0.352715254 -0.510894477
1403715583062142976.000000 -0.603746891 0.859879255 -2.331871510 -0.781130493 0.010708942 0.355146527 -0.513411522
1403715583112143104.000000 -0.623147130 0.836325169 -2.356602907 0.780140758 -0.011520701 -0.353147894 0.516269624
1403715583162142976.000000 -0.644170940 0.812393904 -2.379060268 -0.783182085 0.006464235 0.342939913 -0.518629313
1403715583212143104.000000 -0.665521443 0.786610365 -2.403737307 -0.787709415 0.000720162 0.329024017 -0.520823061
1403715583262142976.000000 -0.686062098 0.759273529 -2.429989576 0.793767810 0.004623533 -0.311536372 0.522356689
1403715583312143104.000000 -0.708025336 0.731919527 -2.456555367 0.799633622 0.009493207 -0.294201374 0.523394287
1403715583362142976.000000 -0.730190992 0.704955578 -2.483023643 0.805769265 0.014219771 -0.276081711 0.523748636
1403715583412143104.000000 -0.752428830 0.678778887 -2.509266853 0.811326563 0.018056046 -0.259250641 0.523652792
1403715583462142976.000000 -0.775326908 0.653873205 -2.534328699 0.816146374 0.022170847 -0.244611979 0.523047447
1403715583512143104.000000 -0.791678905 0.628825665 -2.558768034 0.820404947 0.027770748 -0.232025668 0.521851182
1403715583562142976.000000 -0.812794685 0.608189821 -2.580353737 0.824804842 0.033581834 -0.218472943 0.520421863
1403715583612143104.000000 -0.831812978 0.591006517 -2.600005627 0.830286741 0.043201711 -0.200517550 0.518218458
1403715583662142976.000000 -0.848839283 0.578340769 -2.615487337 0.835245788 0.056266617 -0.182229683 0.515743136
1403715583712143104.000000 -0.865253985 0.570427895 -2.628644466 0.839808345 0.069157414 -0.164214537 0.512808859
1403715583762142976.000000 -0.880570889 0.568845987 -2.638013601 0.843447268 0.081207074 -0.148807287 0.509763181
1403715583812143104.000000 -0.893648624 0.574877739 -2.643235445 0.846371889 0.091420077 -0.135744631 0.506823897
1403715583862142976.000000 -0.898329020 0.588630199 -2.644562721 -0.849059999 -0.096906640 0.126007602 -0.503813863
1403715583912143104.000000 -0.901662171 0.613204002 -2.642076492 -0.850476682 -0.096763454 0.121946432 -0.502449274
1403715583962142976.000000 -0.898970366 0.647937536 -2.635227680 -0.851756454 -0.091468416 0.120911889 -0.501522541
1403715584012143104.000000 -0.889542937 0.692019701 -2.624313116 0.852790177 0.081423849 -0.123053774 0.500975907
1403715584062142976.000000 -0.873651743 0.745102882 -2.608330965 0.852568209 0.068740360 -0.129825845 0.501545131
1403715584112143104.000000 -0.852491379 0.805956841 -2.587683678 0.851366401 0.052365266 -0.141025841 0.502538502
1403715584162142976.000000 -0.825875759 0.873841286 -2.561826468 0.848503709 0.035514113 -0.156642795 0.504225433
1403715584212143104.000000 -0.799674153 0.949367523 -2.521907091 0.845125616 0.016497988 -0.174343124 0.505069375
1403715584262142976.000000 -0.763543904 1.026113749 -2.487504959 0.839088082 -0.002008493 -0.198111311 0.506635189
1403715584312143104.000000 -0.726823330 1.104568720 -2.448835135 0.832794309 -0.018212242 -0.221087620 0.507190585
1403715584362142976.000000 -0.691744387 1.182871103 -2.406239271 0.827085316 -0.032547787 -0.239932895 0.507250249
1403715584412143104.000000 -0.662330985 1.261899471 -2.359661818 0.821546555 -0.041396298 -0.257195383 0.507147133
1403715584462142976.000000 -0.635025680 1.338813543 -2.309771299 0.816517413 -0.046898521 -0.271469861 0.507349908
1403715584512143104.000000 -0.610034406 1.413640499 -2.257219791 0.813060760 -0.050186697 -0.281249315 0.507259727
1403715584562142976.000000 -0.585205138 1.485715151 -2.203054428 0.810194492 -0.052578952 -0.289353341 0.507045388
1403715584612143104.000000 -0.565376639 1.553014278 -2.147144556 0.807743251 -0.052411571 -0.295902640 0.507193863
1403715584662142976.000000 -0.539280295 1.618269682 -2.091996670 0.804904103 -0.048298221 -0.304168403 0.507226050
1403715584712143104.000000 -0.512693763 1.679837227 -2.036683559 0.801329732 -0.040452849 -0.314705104 0.507144034
1403715584762142976.000000 -0.485583514 1.737851381 -1.981469750 -0.797652900 0.033062644 0.324224055 -0.507479548
1403715584812143104.000000 -0.457956523 1.792284012 -1.928486347 -0.794712484 0.026734734 0.330857188 -0.508183837
1403715584862142976.000000 -0.430405319 1.843881845 -1.877277851 -0.791978061 0.022216270 0.336097360 -0.509230554
1403715584912143104.000000 -0.403518617 1.892798305 -1.827915430 -0.788468957 0.018628241 0.343442827 -0.509918392
1403715584962142976.000000 -0.382820725 1.938998461 -1.781891584 0.783775032 -0.012793656 -0.353309214 0.510593534
1403715585012143104.000000 -0.358855426 1.982476950 -1.737268329 0.778623104 -0.012599216 -0.363755077 0.511145413
1403715585062142976.000000 -0.336698472 2.023123264 -1.695721745 0.773771644 -0.016669448 -0.372593880 0.512028635
1403715585112143104.000000 -0.315971315 2.060136318 -1.658143401 0.769502580 -0.023011392 -0.379520983 0.513127804
1403715585162142976.000000 -0.296778440 2.093942642 -1.624077678 0.765666604 -0.027637690 -0.385730892 0.514006436
1403715585212143104.000000 -0.277751863 2.123013973 -1.594544172 0.764182329 -0.032043707 -0.387618840 0.514538825
1403715585262142976.000000 -0.259100735 2.147036076 -1.569811344 0.764733791 -0.030736873 -0.386495441 0.514644384
1403715585312143104.000000 -0.240688205 2.166119099 -1.550272942 -0.768044770 0.027764661 0.380068332 -0.514669359
1403715585362142976.000000 -0.222877622 2.180849552 -1.534366488 -0.771826923 0.020799639 0.373794883 -0.513933957
1403715585412143104.000000 -0.208225846 2.192280293 -1.522019148 0.775705457 -0.014565744 -0.366933465 0.513253093
1403715585462142976.000000 -0.193186522 2.200600147 -1.512377620 0.779052496 -0.009429544 -0.361410111 0.512221634
1403715585512143104.000000 -0.179330230 2.206174374 -1.505953670 0.782601178 -0.002698233 -0.355377734 0.511111259
1403715585562142976.000000 -0.166201293 2.209781885 -1.501706839 0.786524713 0.004741533 -0.348572224 0.509758711
1403715585612143104.000000 -0.155726433 2.211909294 -1.499917984 0.789324641 0.009997866 -0.343864948 0.508550465
1403715585662142976.000000 -0.147227347 2.212953091 -1.499955058 0.791631937 0.013943042 -0.340190381 0.507341206
1403715585712143104.000000 -0.141421378 2.213173389 -1.501363158 0.792384088 0.015320182 -0.339632720 0.506500185
1403715585762142976.000000 -0.139327586 2.212718725 -1.503787994 0.792999744 0.015395132 -0.339168966 0.505844772
1403715585812143104.000000 -0.142901242 2.211608887 -1.506253123 0.794096351 0.011885474 -0.337265491 0.505491674
1403715585862142976.000000 -0.153074503 2.210187912 -1.507944942 0.795110881 0.006479371 -0.335400850 0.505235672
1403715585912143104.000000 -0.168310761 2.206708908 -1.517999053 0.796727419 -0.003848685 -0.330860883 0.505709171
1403715585962142976.000000 -0.186717570 2.202924252 -1.520565629 0.798638463 -0.015464777 -0.325195819 0.506147385
1403715586012143104.000000 -0.205123961 2.197772503 -1.523949742 0.801133156 -0.029694233 -0.317227781 0.506626666
1403715586062142976.000000 -0.220997036 2.189870358 -1.525747538 -0.804442346 0.040779874 0.306368619 -0.507294714
1403715586112143104.000000 -0.232630014 2.179325581 -1.530388236 0.809480667 -0.042493712 -0.291195810 0.508075237
1403715586162142976.000000 -0.240115881 2.166559219 -1.535097003 0.813804567 -0.037547704 -0.278800428 0.508510351
1403715586212143104.000000 -0.243896127 2.152690411 -1.538985133 0.816751003 -0.027511232 -0.270659685 0.508826375
1403715586262142976.000000 -0.244766772 2.138579845 -1.541761518 0.818101048 -0.012917222 -0.267110229 0.509112835
1403715586312143104.000000 -0.244032204 2.124159813 -1.544036508 0.818098962 0.002785732 -0.267289311 0.509178579
1403715586362142976.000000 -0.242820472 2.109782696 -1.546108246 0.817722321 0.019848192 -0.268007606 0.509026825
1403715586412143104.000000 -0.239823759 2.092947483 -1.554304004 0.816913068 0.034161720 -0.268306047 0.509409487
1403715586462142976.000000 -0.238992721 2.081510067 -1.556062579 0.817278445 0.045487620 -0.266718119 0.508771420
1403715586512143104.000000 -0.238560110 2.073080301 -1.557244778 0.817654371 0.053408023 -0.265190601 0.508195758
1403715586562142976.000000 -0.238061532 2.067440987 -1.558488131 0.818326116 0.057249885 -0.263058692 0.507804096
1403715586612143104.000000 -0.243040353 2.069063902 -1.554612875 0.818810940 0.059097011 -0.261393577 0.507670760
1403715586662142976.000000 -0.243665114 2.070023537 -1.555490017 0.818462014 0.058413204 -0.262067974 0.507964849
1403715586712143104.000000 -0.245209843 2.074272156 -1.555849433 0.818048060 0.053317107 -0.263397574 0.508504212
1403715586762142976.000000 -0.246645719 2.081071854 -1.556504011 0.816981137 0.044064984 -0.266645223 0.509411991
1403715586812143104.000000 -0.248364419 2.090422153 -1.556746840 0.815056145 0.031765442 -0.272054017 0.510549784
1403715586862142976.000000 -0.250006378 2.101129532 -1.556783795 0.812444150 0.019160716 -0.278852820 0.511672258
1403715586912143104.000000 -0.237374425 2.111184597 -1.562925696 0.808993161 0.007982421 -0.286852151 0.513012946
1403715586962142976.000000 -0.236936808 2.122512817 -1.563919306 0.806351066 0.001346124 -0.292279512 0.514168203
1403715587012143104.000000 -0.235573649 2.133561373 -1.565245032 0.804671288 -0.002784691 -0.295040280 0.515216172
1403715587062142976.000000 -0.235217154 2.146407843 -1.564966321 0.803689241 -0.005206745 -0.295988321 0.516185462
1403715587112143104.000000 -0.233189225 2.156805038 -1.566305876 0.803656578 -0.004700948 -0.294653952 0.517004013
1403715587162142976.000000 -0.229498506 2.166590452 -1.568325520 0.804575503 0.001443947 -0.292005450 0.517096758
1403715587212143104.000000 -0.224119067 2.175845146 -1.571310401 0.806540072 0.009387665 -0.287537932 0.516456127
1403715587262142976.000000 -0.218267977 2.185354233 -1.574792981 0.808351219 0.015797699 -0.284041256 0.515402079
1403715587312143104.000000 -0.211942822 2.195341110 -1.579031706 0.810403764 0.020005854 -0.280888855 0.513757706
1403715587362142976.000000 -0.205908865 2.206387997 -1.583393574 0.813003123 0.018488811 -0.277151257 0.511733651
1403715587412143104.000000 -0.199005425 2.216696024 -1.587388396 0.816012084 0.013997319 -0.272081286 0.509804010
1403715587462142976.000000 -0.192633688 2.229293346 -1.590851903 0.818180263 0.007467055 -0.268066883 0.508591712
1403715587512143104.000000 -0.185952127 2.242981434 -1.593082428 0.818952918 -0.000302696 -0.265114397 0.508950353
1403715587562142976.000000 -0.178293943 2.256739378 -1.593851447 0.818829477 -0.009352378 -0.261153847 0.511106074
1403715587612143104.000000 -0.171003044 2.271606922 -1.594819665 0.817083538 -0.018968387 -0.257573873 0.515432298
1403715587662142976.000000 -0.161413789 2.285553932 -1.591859221 0.813851655 -0.027697299 -0.254816324 0.521485507
1403715587712143104.000000 -0.151092470 2.299133301 -1.586125612 0.808648825 -0.034820035 -0.254402071 0.529296100
1403715587762142976.000000 -0.139398515 2.311494112 -1.577417970 0.802152157 -0.039804909 -0.253196836 0.539313376
1403715587812143104.000000 -0.129825175 2.322738171 -1.564169407 0.794832766 -0.042348672 -0.250246257 0.551202655
1403715587862142976.000000 -0.115363777 2.332725525 -1.550369740 0.786297917 -0.042268127 -0.246650457 0.564900577
1403715587912143104.000000 -0.099255204 2.341247797 -1.534168005 0.776252508 -0.038372166 -0.243609458 0.580184579
1403715587962142976.000000 -0.081649005 2.349358559 -1.515331268 0.765569925 -0.030726407 -0.239080191 0.596489191
1403715588012143104.000000 -0.066816449 2.356133699 -1.493682146 0.754554331 -0.021419466 -0.233636111 0.612864733
1403715588062142976.000000 -0.047588646 2.363930702 -1.471204042 0.743201852 -0.011609296 -0.227335691 0.629154027
1403715588112143104.000000 -0.029943109 2.372393370 -1.446422100 0.731343448 -0.002267574 -0.221173897 0.645146310
1403715588162142976.000000 -0.015780091 2.382195950 -1.418934584 0.719125688 0.006566089 -0.214201719 0.661008894
1403715588212143104.000000 -0.019198716 2.385418415 -1.386308670 0.706872463 0.014967131 -0.206170127 0.676462293
1403715588262142976.000000 -0.015326262 2.397766829 -1.353940964 0.694239378 0.019782277 -0.198503003 0.691546798
1403715588312143104.000000 -0.016836524 2.412003279 -1.319185019 0.681241453 0.021909464 -0.191262886 0.706292093
1403715588362142976.000000 -0.021116734 2.428414106 -1.282993317 0.668179333 0.023418305 -0.184586897 0.720358014
1403715588412143104.000000 -0.035508156 2.439658403 -1.240351439 0.654979706 0.025774017 -0.178558469 0.733794391
1403715588462142976.000000 -0.040084302 2.461328506 -1.203217506 0.641728878 0.027340841 -0.173878357 0.746460259
1403715588512143104.000000 -0.044385076 2.485606432 -1.165808916 0.628422678 0.026647009 -0.170056760 0.758587956
1403715588562142976.000000 -0.047966123 2.512406349 -1.128076077 0.615238249 0.026405388 -0.165768623 0.770263255
1403715588612143104.000000 -0.060248852 2.533015251 -1.083266258 0.601985037 0.024385592 -0.162582934 0.781400084
1403715588662142976.000000 -0.064482629 2.563806772 -1.044706583 0.588420808 0.019100035 -0.161228269 0.792086899
1403715588712143104.000000 -0.068723202 2.596359253 -1.005849600 0.574045122 0.013314193 -0.162337899 0.802459598
1403715588762142976.000000 -0.074000001 2.628971100 -0.966035247 0.559296548 0.006695495 -0.164051399 0.812545240
1403715588812143104.000000 -0.084342062 2.659105778 -0.921923876 0.543249130 -0.000830404 -0.168601483 0.822467804
1403715588862142976.000000 -0.089674175 2.694081545 -0.881808519 0.526202977 -0.010049699 -0.174855441 0.832126856
1403715588912143104.000000 -0.095395863 2.728519440 -0.841439605 0.508763254 -0.020458002 -0.182220012 0.841152430
1403715588962142976.000000 -0.101129770 2.761790037 -0.800523639 0.491430223 -0.030973626 -0.188496545 0.849709451
1403715589012143104.000000 -0.110243678 2.789073944 -0.754165411 0.474562347 -0.040424474 -0.193831190 0.857663095
1403715589062142976.000000 -0.113664210 2.817387104 -0.713199854 0.458899796 -0.049139660 -0.195633546 0.865288317
1403715589112143104.000000 -0.113308668 2.842057228 -0.672416806 0.444770604 -0.054121442 -0.195673987 0.872331202
1403715589162142976.000000 -0.109666318 2.862226725 -0.631690502 -0.432216436 0.058746614 0.194216803 -0.878645360
1403715589212143104.000000 -0.102252990 2.877322197 -0.591494679 -0.421177149 0.060740262 0.191807404 -0.884381294
1403715589262142976.000000 -0.090966046 2.886338234 -0.544639945 0.410274148 -0.062593594 -0.189580083 0.889840841
1403715589312143104.000000 -0.075967878 2.893619299 -0.503679276 0.399496108 -0.066723168 -0.187249601 0.894923806
1403715589362142976.000000 -0.057449102 2.896716833 -0.462216020 0.387925357 -0.072222866 -0.186229602 0.899786830
1403715589412143104.000000 -0.035952479 2.895614147 -0.419941127 0.377309322 -0.077843256 -0.183065340 0.904469609
1403715589462142976.000000 -0.014090776 2.889640570 -0.374514639 -0.366728842 0.083394967 0.179550782 -0.909019709
1403715589512143104.000000 0.009725586 2.879853487 -0.328120887 -0.356234491 0.088124827 0.177471370 -0.913145661
1403715589562142976.000000 0.038891926 2.865627527 -0.277025342 0.347372115 -0.091253281 -0.176618516 0.916412234
1403715589612143104.000000 0.067845315 2.846445799 -0.226713777 0.339906543 -0.094236068 -0.175920397 0.919040382
1403715589662142976.000000 0.102156453 2.821773052 -0.174550712 0.334872693 -0.094437897 -0.173551500 0.921315193
1403715589712143104.000000 0.141695440 2.791543961 -0.120643795 0.331664056 -0.090121083 -0.171395123 0.923309803
1403715589762142976.000000 0.190462485 2.757219076 -0.065289319 0.331080735 -0.077839598 -0.167174712 0.925407588
1403715589812143104.000000 0.242177770 2.716164589 -0.009193569 0.332437932 -0.057029039 -0.161202505 0.927494705
1403715589862142976.000000 0.297113627 2.671345949 0.047353536 0.335661262 -0.034365680 -0.153114527 0.928819954
1403715589912143104.000000 0.352126002 2.623994589 0.104452133 -0.339021832 0.016859079 0.144609734 -0.929445028
1403715589962142976.000000 0.410200268 2.578614712 0.160613328 0.342486322 -0.002635733 -0.137378395 0.929420948
1403715590012143104.000000 0.462217152 2.528812647 0.218609542 0.345591635 0.007415439 -0.131452948 0.929102600
1403715590062142976.000000 0.512325227 2.478515625 0.276101947 0.347736895 0.014410655 -0.128939882 0.928571939
1403715590112143104.000000 0.560648084 2.428274155 0.332831770 0.348885983 0.018324377 -0.129126519 0.928045928
1403715590162142976.000000 0.609783292 2.382799625 0.381874979 0.349598736 0.019234337 -0.131289825 0.927455604
1403715590212143104.000000 0.654339254 2.332112074 0.436735362 0.350844532 0.016534213 -0.135229647 0.926470578
1403715590262142976.000000 0.697994590 2.281079292 0.490115136 0.353186011 0.015257560 -0.140919194 0.924753308
1403715590312143104.000000 0.740984797 2.229345083 0.541639924 0.356701642 0.014969639 -0.148741513 0.922179997
1403715590362142976.000000 0.781700552 2.179094791 0.591018200 0.361062467 0.016479619 -0.159333378 0.918681264
1403715590412143104.000000 0.822669029 2.124610901 0.639106631 0.367182434 0.018461030 -0.170664668 0.914171696
1403715590462142976.000000 0.862721801 2.067852974 0.685159802 0.375784725 0.022188453 -0.181361169 0.908516169
1403715590512143104.000000 0.901187956 2.008848190 0.728980958 0.385776907 0.024510974 -0.191958815 0.902068257
1403715590562142976.000000 0.938613772 1.947540760 0.770160556 0.397017986 0.027552880 -0.203366593 0.894572377
1403715590612143104.000000 0.975025356 1.884127617 0.806558371 0.409727931 0.027502587 -0.213629916 0.886413574
1403715590662142976.000000 1.015437484 1.827419758 0.830344498 0.424242467 0.022382701 -0.219449833 0.878270566
1403715590712143104.000000 1.047061443 1.760052323 0.862834454 0.441779017 0.014509186 -0.220338374 0.869523942
1403715590762142976.000000 1.078900576 1.692274690 0.890736282 0.460420042 0.008891552 -0.218903065 0.860241771
1403715590812143104.000000 1.110141754 1.621875525 0.917886436 0.479959488 0.006307282 -0.216324642 0.850178182
1403715590862142976.000000 1.140490890 1.544821739 0.948656082 0.499143928 0.006655848 -0.214730784 0.839465201
1403715590912143104.000000 1.170699835 1.470962167 0.973509252 0.518388033 0.008909064 -0.214327812 0.827803195
1403715590962142976.000000 1.202964306 1.401161790 0.988695681 0.536600590 0.010243759 -0.217683718 0.815210760
1403715591012143104.000000 1.231282234 1.326412916 1.009935737 0.553787291 0.010596088 -0.223199725 0.802115560
1403715591062142976.000000 1.258162141 1.251558542 1.029541373 0.570941985 0.009745354 -0.230080470 0.788031340
1403715591112143104.000000 1.284117579 1.176787615 1.047971010 0.587653875 0.009703574 -0.237945989 0.773272634
1403715591162142976.000000 1.308963776 1.101826906 1.064884901 0.603613257 0.011654059 -0.248724788 0.757397711
1403715591212143104.000000 1.335568428 1.029153109 1.077523708 0.618626952 0.013805122 -0.260451078 0.741131246
1403715591262142976.000000 1.357821226 0.953335881 1.091476440 0.633320987 0.018281672 -0.272930145 0.723933399
1403715591312143104.000000 1.378502607 0.877148867 1.103515744 0.647704720 0.023290757 -0.284783393 0.706282198
1403715591362142976.000000 1.398027658 0.800659299 1.112737536 0.662505925 0.026466055 -0.293672115 0.688579798
1403715591412143104.000000 1.416151762 0.724581957 1.119287729 0.676777720 0.029859636 -0.302235335 0.670622230
1403715591462142976.000000 1.436471820 0.648826361 1.119415522 0.691267073 0.032399125 -0.308689952 0.652541757
1403715591512143104.000000 1.449907780 0.572033763 1.120816827 0.704892159 0.032142513 -0.315239727 0.634600580
1403715591562142976.000000 1.459557772 0.495164752 1.119997621 0.718673587 0.031117240 -0.320402205 0.616346180
1403715591612143104.000000 1.464975953 0.418362617 1.117385149 0.732222795 0.027886113 -0.324239522 0.598281682
1403715591662142976.000000 1.467080712 0.341492176 1.113398314 0.745470643 0.025929410 -0.326589048 0.580466092
1403715591712143104.000000 1.470066905 0.264788151 1.104667068 0.757609725 0.029027833 -0.329162896 0.562882602
1403715591762142976.000000 1.465109587 0.187484026 1.097785473 0.768699527 0.032048825 -0.331603259 0.545997560
1403715591812143104.000000 1.456803083 0.110788941 1.088964820 0.778974354 0.034881935 -0.334554255 0.529202938
1403715591862142976.000000 1.444008589 0.034759521 1.079356194 0.788343966 0.036977410 -0.337455839 0.513098419
1403715591912143104.000000 1.429150581 -0.039991856 1.069190264 0.796923339 0.039918035 -0.341189384 0.496899992
1403715591962142976.000000 1.408414125 -0.114806175 1.055188775 0.805099010 0.045485824 -0.345272988 0.480138659
1403715592012143104.000000 1.385171533 -0.187927961 1.040940404 0.812037468 0.052882340 -0.351017445 0.463233590
1403715592062142976.000000 1.358270168 -0.259359717 1.024502993 0.819141984 0.059299819 -0.355993420 0.445823729
1403715592112143104.000000 1.329089880 -0.328888655 1.004975796 0.826502442 0.065917991 -0.359873861 0.427831054
1403715592162142976.000000 1.300794244 -0.395544291 0.980033517 0.835150421 0.072201796 -0.360419691 0.409155697
1403715592212143104.000000 1.269072294 -0.461414218 0.953223109 0.845147371 0.079307057 -0.357560337 0.389341801
1403715592262142976.000000 1.243470907 -0.521969676 0.918981493 0.854228735 0.085205272 -0.355930358 0.369251966
1403715592312143104.000000 1.219897628 -0.578100324 0.880226433 0.862799108 0.090872563 -0.354573399 0.348708421
1403715592362142976.000000 1.197231770 -0.629937530 0.837522626 0.870197892 0.095406331 -0.354886502 0.328190416
1403715592412143104.000000 1.177399874 -0.676859975 0.789462030 0.876887262 0.099981099 -0.355885148 0.307275712
1403715592462142976.000000 1.152853966 -0.718848705 0.740749717 0.882597446 0.103431687 -0.357933551 0.286718249
1403715592512143104.000000 1.133147240 -0.755539775 0.687017560 0.888164341 0.108068936 -0.358917862 0.265825570
1403715592562142976.000000 1.112526178 -0.787343502 0.631362915 0.893482447 0.112844847 -0.359123796 0.244918972
1403715592612143104.000000 1.090526581 -0.813967943 0.573624790 0.898369431 0.117328882 -0.359032661 0.224191815
1403715592662142976.000000 1.065896511 -0.833247900 0.513959885 0.902688861 0.122846588 -0.358974457 0.202975184
1403715592712143104.000000 1.042132616 -0.848271966 0.452269107 -0.906742930 -0.126906022 0.359018624 -0.181156963
1403715592762142976.000000 1.017568111 -0.856799245 0.388714552 0.910656929 0.126848012 -0.359517604 0.159250647
1403715592812143104.000000 0.992233157 -0.859097242 0.323654562 0.915193260 0.119195178 -0.359552562 0.137607306
1403715592862142976.000000 0.963679373 -0.854845524 0.255722404 0.919893980 0.102793038 -0.359965891 0.116847374
1403715592912143104.000000 0.937307179 -0.846250772 0.188750327 0.924057901 0.083637133 -0.360503882 0.095701471
1403715592962142976.000000 0.910534501 -0.833753467 0.121331155 0.927419245 0.064026691 -0.360891670 0.074507512
1403715593012143104.000000 0.883400559 -0.818203390 0.053113341 0.930480063 0.046007019 -0.359601319 0.052699085
1403715593062142976.000000 0.854846060 -0.800317466 -0.016712219 0.932942152 0.030574385 -0.357429951 0.030465143
1403715593112143104.000000 0.827932119 -0.781656384 -0.084664136 0.934481859 0.020245750 -0.355362624 0.007160992
1403715593162142976.000000 0.800933003 -0.762388885 -0.152270645 0.935218215 0.014412474 -0.353402913 -0.016296512
1403715593212143104.000000 0.774107456 -0.742955148 -0.219293505 0.935795248 0.011594827 -0.350145876 -0.039379202
1403715593262142976.000000 0.745080948 -0.722817421 -0.288563371 0.935417295 0.011076329 -0.347976595 -0.061515477
1403715593312143104.000000 0.718545496 -0.703311026 -0.354091734 0.934151411 0.014752270 -0.346797466 -0.082915850
1403715593362142976.000000 0.692817986 -0.683941841 -0.419187725 0.932767212 0.024182066 -0.344440401 -0.103544831
1403715593412143104.000000 0.667220354 -0.663637161 -0.483813703 0.930548489 0.034546323 -0.342843205 -0.123873547
1403715593462142976.000000 0.642221570 -0.642327905 -0.548062801 0.928101957 0.044658910 -0.340215385 -0.144519374
1403715593512143104.000000 0.616550744 -0.619014084 -0.610588908 0.924997389 0.053461786 -0.338296771 -0.164550975
1403715593562142976.000000 0.591881871 -0.593280137 -0.672173023 0.922366679 0.057327457 -0.334645718 -0.184297279
1403715593612143104.000000 0.573454618 -0.565564573 -0.728915811 0.920329630 0.060162090 -0.328284293 -0.203969032
1403715593662142976.000000 0.550530970 -0.535260737 -0.787456334 0.918623447 0.058816034 -0.320388347 -0.223658130
1403715593712143104.000000 0.528923392 -0.502735496 -0.844439626 0.917388499 0.057692192 -0.309866577 -0.243007556
1403715593762142976.000000 0.493334532 -0.461819768 -0.909096599 0.915123641 0.055723421 -0.300472617 -0.262982607
1403715593812143104.000000 0.473540097 -0.424739003 -0.961073697 0.911626697 0.054286812 -0.293141484 -0.282944798
1403715593862142976.000000 0.454178214 -0.385704875 -1.009929895 0.906646729 0.056136537 -0.287979573 -0.303163677
1403715593912143104.000000 0.435243130 -0.344894528 -1.055266380 0.900258124 0.055279143 -0.285199612 -0.324254274
1403715593962142976.000000 0.416907161 -0.302111983 -1.096582055 0.892353952 0.055756032 -0.284901261 -0.345582157
1403715594012143104.000000 0.399834454 -0.263271332 -1.129301071 0.883571327 0.056866281 -0.285462141 -0.366850555
1403715594062142976.000000 0.383791596 -0.219092131 -1.163151622 0.873978019 0.055855483 -0.287698448 -0.387649596
1403715594112143104.000000 0.368827641 -0.173457861 -1.194080472 0.864080906 0.054682754 -0.290383667 -0.407493949
1403715594162142976.000000 0.355292678 -0.126161933 -1.222524762 0.854447544 0.053021852 -0.291689068 -0.426644653
1403715594212143104.000000 0.342837691 -0.069786549 -1.254822731 0.844992340 0.051810510 -0.291801989 -0.445146412
1403715594262142976.000000 0.331714869 -0.019682407 -1.279420376 0.835878134 0.050551046 -0.291100770 -0.462615192
1403715594312143104.000000 0.322118670 0.031723976 -1.301429749 0.826830447 0.050613303 -0.288900286 -0.479923368
1403715594362142976.000000 0.313621968 0.084354043 -1.321743369 0.818301201 0.051035512 -0.284421027 -0.496873528
1403715594412143104.000000 0.305950373 0.138681889 -1.340061188 0.809320152 0.052958060 -0.279358059 -0.513960421
1403715594462142976.000000 0.298742592 0.190951705 -1.352853775 0.799691379 0.055498015 -0.273662955 -0.531528294
1403715594512143104.000000 0.293515265 0.246721029 -1.365555763 0.789893925 0.059808541 -0.266226351 -0.549194098
1403715594562142976.000000 0.289251089 0.303622484 -1.375724554 0.779157221 0.063766278 -0.259178191 -0.567163706
1403715594612143104.000000 0.285341710 0.361292839 -1.382808685 0.767377973 0.067075379 -0.253113031 -0.585291207
1403715594662142976.000000 0.282461405 0.420221329 -1.386626005 0.754236162 0.071078539 -0.249596015 -0.603139758
1403715594712143104.000000 0.281722844 0.474621058 -1.388827085 -0.738501549 -0.074256107 0.251114070 0.621323764
1403715594762142976.000000 0.279344559 0.535436034 -1.384866714 -0.720984101 -0.073911510 0.257836193 0.638936281
1403715594812143104.000000 0.278167546 0.598155141 -1.378170490 -0.703399062 -0.071570814 0.264024526 0.656047583
1403715594862142976.000000 0.277633578 0.662324309 -1.368941069 -0.685865521 -0.067790031 0.268895805 0.672821045
1403715594912143104.000000 0.277789831 0.728566766 -1.358308434 -0.668385565 -0.065742753 0.271919608 0.689201295
1403715594962142976.000000 0.280096710 0.795063972 -1.347272992 -0.651555240 -0.064045206 0.272953361 0.704890370
1403715595012143104.000000 0.280714184 0.866281986 -1.334456921 -0.635525286 -0.063270837 0.271002591 0.720181942
1403715595062142976.000000 0.281462610 0.940068364 -1.320142031 -0.619729161 -0.063309185 0.267808259 0.734987438
1403715595112143104.000000 0.283071488 1.016657472 -1.304496765 -0.603926122 -0.060661361 0.264247239 0.749511123
1403715595162142976.000000 0.286103934 1.095471382 -1.288141727 0.588257432 0.053770341 -0.260961473 -0.763518929
1403715595212143104.000000 0.289007336 1.176475525 -1.271325827 0.572707176 0.048715841 -0.255208522 -0.777497292
1403715595262142976.000000 0.293615222 1.251424074 -1.254663944 -0.557076514 -0.043314863 0.248690963 0.791165233
1403715595312143104.000000 0.295938432 1.335773468 -1.236569643 -0.541416883 -0.037325177 0.240756661 0.804680645
1403715595362142976.000000 0.297861964 1.421281576 -1.217433095 -0.525752604 -0.031461231 0.231002763 0.818066120
1403715595412143104.000000 0.299077779 1.507082701 -1.197983503 -0.509008527 -0.025521353 0.223380789 0.830879092
1403715595462142976.000000 0.300898850 1.593878388 -1.178677678 -0.492647231 -0.018291231 0.213339970 0.843475103
1403715595512143104.000000 0.304969162 1.676340461 -1.159013033 -0.476827204 -0.012923310 0.200684905 0.855683625
1403715595562142976.000000 0.306931257 1.763777137 -1.139937997 -0.461165130 -0.009096913 0.186034992 0.867545426
1403715595612143104.000000 0.309344351 1.850413561 -1.121163726 -0.447554648 -0.006402647 0.164503932 0.878972292
1403715595662142976.000000 0.312656254 1.935702324 -1.101777196 -0.434339404 -0.002506822 0.140157968 0.889774561
1403715595712143104.000000 0.316492260 2.018192530 -1.081434250 -0.422105491 0.001523559 0.112398915 0.899550498
1403715595762142976.000000 0.325089991 2.092611074 -1.060720086 -0.409795225 0.007300214 0.085810773 0.908103108
1403715595812143104.000000 0.330668211 2.167335987 -1.039367318 -0.397398561 0.012668526 0.058448859 0.915695190
1403715595862142976.000000 0.337187320 2.236774683 -1.017676711 -0.384508103 0.021683503 0.036838964 0.922131360
1403715595912143104.000000 0.346047699 2.299222946 -0.995772958 -0.372964859 0.032691777 0.015273882 0.927143574
1403715595962142976.000000 0.356462747 2.353360176 -0.974057555 -0.360960871 0.048508268 -0.001346920 0.931317568
1403715596012143104.000000 0.370859176 2.396420479 -0.951671362 -0.348936588 0.068211861 -0.012100869 0.934582233
1403715596062142976.000000 0.384271562 2.432389259 -0.933477521 -0.335398674 0.090406470 -0.017539818 0.937564254
1403715596112143104.000000 0.398384124 2.458612204 -0.918777525 -0.322448194 0.109720491 -0.017997153 0.940034389
1403715596162142976.000000 0.413284719 2.475073099 -0.908347964 -0.312582582 0.118710376 -0.018126680 0.942269266
1403715596212143104.000000 0.428612471 2.481930017 -0.902376711 -0.303829581 0.116742983 -0.014998420 0.945427895
1403715596262142976.000000 0.444440842 2.479060173 -0.900391996 0.296861172 -0.101210080 0.008721435 -0.949501991
1403715596312143104.000000 0.458066821 2.468972445 -0.902253926 0.288550824 -0.074439056 -0.002068400 -0.954564333
1403715596362142976.000000 0.471693277 2.451709747 -0.906228602 0.279416084 -0.044297166 -0.013971426 -0.959046006
1403715596412143104.000000 0.485182852 2.428752899 -0.911190569 0.268093199 -0.015364446 -0.028922075 -0.962836146
1403715596462142976.000000 0.496624172 2.403017044 -0.914631248 -0.255867898 -0.010465109 0.043007158 0.965698004
1403715596512143104.000000 0.511963606 2.372969627 -0.918486834 -0.243488207 -0.033767629 0.055213392 0.967742145
1403715596562142976.000000 0.528538406 2.340966702 -0.920471191 -0.230779260 -0.052839968 0.064920627 0.969398916
1403715596612143104.000000 0.545948982 2.307771206 -0.919501901 -0.218112260 -0.070358090 0.072616413 0.970671713
1403715596662142976.000000 0.564809978 2.275115967 -0.915150106 -0.205421880 -0.085745849 0.078317948 0.971759140
1403715596712143104.000000 0.585757196 2.243636847 -0.908167720 0.193070635 0.097235650 -0.081102259 -0.972980738
1403715596762142976.000000 0.604912996 2.210163832 -0.891400576 -0.181296185 -0.106838547 0.081252746 0.974225461
1403715596812143104.000000 0.628281534 2.180603027 -0.873933375 -0.168858185 -0.115950428 0.082737356 0.975293279
1403715596862142976.000000 0.652958214 2.152760267 -0.851199329 -0.157334641 -0.124810807 0.085072994 0.975925565
1403715596912143104.000000 0.679006934 2.126981497 -0.822517276 -0.147139698 -0.133112833 0.086185150 0.976321220
1403715596962142976.000000 0.706261933 2.103790045 -0.787837207 -0.138713822 -0.141179979 0.086364992 0.976405561
1403715597012143104.000000 0.736074805 2.080704212 -0.747266471 0.132033005 0.145847648 -0.084952027 -0.976769686
1403715597062142976.000000 0.767704725 2.062485456 -0.700466931 0.127070010 0.147698894 -0.083598681 -0.977266431
1403715597112143104.000000 0.798349023 2.052314758 -0.646310210 -0.122720763 -0.143259317 0.082309008 0.978591681
1403715597162142976.000000 0.835602641 2.039112091 -0.586884439 -0.119047724 -0.132566869 0.081397839 0.980626404
1403715597212143104.000000 0.874878287 2.028023243 -0.521616638 -0.114433870 -0.116187781 0.081934750 0.983204961
1403715597262142976.000000 0.916038036 2.018818140 -0.451544642 -0.109374553 -0.097395875 0.081801698 0.985829532
1403715597312143104.000000 0.958251238 2.011671543 -0.377647460 -0.102865003 -0.076764025 0.082335979 0.988305032
1403715597362142976.000000 1.000045180 2.006985426 -0.303634197 0.095527336 0.058460679 -0.081798941 -0.990336239
1403715597412143104.000000 1.042438626 2.005461216 -0.221187055 -0.086682461 -0.039042350 0.081429683 0.992134631
1403715597462142976.000000 1.085797668 2.003550529 -0.142575294 -0.078525841 -0.018930828 0.075891994 0.993838906
1403715597512143104.000000 1.128024459 2.002766132 -0.063651606 -0.069111526 -0.002672935 0.069007330 0.995215833
1403715597562142976.000000 1.168941259 2.002792835 0.014692697 -0.058458652 0.008870535 0.061211023 0.996371984
1403715597612143104.000000 1.207791924 2.003540516 0.092165142 -0.046687212 0.015619738 0.053624187 0.997346938
1403715597662142976.000000 1.243908167 2.004709244 0.168180585 0.034240443 -0.019502394 -0.046322897 -0.998149037
1403715597712143104.000000 1.282081604 2.008632421 0.253480256 -0.021678079 0.018129488 0.038791161 0.998847663
1403715597762142976.000000 1.316409588 2.011643410 0.327678949 -0.010024436 0.016758794 0.032254394 0.999288917
1403715597812143104.000000 1.349366307 2.015588760 0.401235878 0.000586267 0.015014669 0.028264249 0.999487579
1403715597862142976.000000 1.381856680 2.020376921 0.473621756 0.009137734 0.015718332 0.023392633 0.999561071
1403715597912143104.000000 1.414858818 2.025989532 0.544642627 0.016109738 0.020031195 0.019234601 0.999484539
1403715597962142976.000000 1.447345495 2.032207251 0.613073409 -0.021594066 -0.026888851 -0.016104203 -0.999275446
1403715598012143104.000000 1.478935599 2.038040400 0.682047784 0.025674505 0.031751275 0.013617381 0.999073207
1403715598062142976.000000 1.509227753 2.045614719 0.747624874 0.028227465 0.035364021 0.010288992 0.998922825
1403715598112143104.000000 1.537541151 2.053524971 0.811778009 0.028997818 0.037873805 0.005276634 0.998847783
1403715598162142976.000000 1.563733935 2.061222792 0.875034213 0.029612098 0.042329952 0.001680549 0.998663425
1403715598212143104.000000 1.586942554 2.068982840 0.937112033 0.030357670 0.049341835 0.000673065 0.998320341
1403715598262142976.000000 1.606827617 2.076582909 0.995885551 -0.030721661 -0.058959860 -0.000765484 -0.997787237
1403715598312143104.000000 1.622944236 2.083144188 1.053573012 0.030579111 0.069244057 0.001246157 0.997130275
1403715598362142976.000000 1.635196447 2.090337992 1.109825015 -0.030713309 -0.081700474 -0.003059066 -0.996178925
1403715598412143104.000000 1.645637155 2.097558737 1.162036419 -0.030972091 -0.098076604 -0.006436876 -0.994675994
1403715598462142976.000000 1.654531240 2.105059147 1.209159851 -0.031245084 -0.112390481 -0.010134487 -0.993121147
1403715598512143104.000000 1.661326170 2.113022566 1.250191450 -0.031769145 -0.124696016 -0.014693882 -0.991577387
1403715598562142976.000000 1.667167664 2.122324705 1.286479592 0.031708669 0.132496327 0.018152492 0.990509927
1403715598612143104.000000 1.664085865 2.128889084 1.308824182 0.030759070 0.135399356 0.019520076 0.990121186
1403715598662142976.000000 1.662337303 2.138745546 1.331305861 0.028932244 0.128364310 0.018665543 0.991129279
1403715598712143104.000000 1.657409668 2.148960114 1.348108292 0.026413623 0.115736499 0.016511966 0.992791414
1403715598762142976.000000 1.649195671 2.159424543 1.359912395 0.024295354 0.098738953 0.014262878 0.994714558
1403715598812143104.000000 1.637833953 2.169938087 1.367467403 0.022363031 0.080545418 0.012053750 0.996427178
1403715598862142976.000000 1.624141335 2.180343628 1.370811701 0.020493703 0.065461077 0.009966318 0.997594893
1403715598912143104.000000 1.608947515 2.190849066 1.372698307 0.018824337 0.052380245 0.007154905 0.998424172
1403715598962142976.000000 1.592385888 2.201031208 1.372876883 0.017453423 0.043143511 0.005076376 0.998903573
1403715599012143104.000000 1.574306965 2.210797787 1.371719837 0.016418342 0.036289681 0.002870752 0.999202371
1403715599062142976.000000 1.555545449 2.219969034 1.369336367 0.015932728 0.033047117 0.002071223 0.999324679
1403715599112143104.000000 1.535636425 2.229545593 1.364774704 0.015036311 0.032409947 0.000337599 0.999361515
1403715599162142976.000000 1.514414072 2.237499952 1.360579610 0.015241781 0.031641357 0.001181577 0.999382377
1403715599212143104.000000 1.491410851 2.244949818 1.355593681 0.016537249 0.027104160 0.004507827 0.999485731
1403715599262142976.000000 1.466885924 2.251867056 1.349737644 0.018048815 0.021978507 0.008705365 0.999557674
1403715599312143104.000000 1.440881371 2.258544445 1.343180776 0.020187980 0.017182259 0.014580018 0.999542236
1403715599362142976.000000 1.414485335 2.264570236 1.336907625 -0.022579681 -0.013595087 -0.021963052 -0.999411345
1403715599412143104.000000 1.387880564 2.274893522 1.329589844 0.025690831 0.012217861 0.030526822 0.999129057
1403715599462142976.000000 1.359665394 2.283058882 1.322446465 0.028891178 0.011964229 0.039245252 0.998740196
1403715599512143104.000000 1.331453800 2.292869806 1.315204024 0.031268686 0.013197103 0.046371970 0.998347580
1403715599562142976.000000 1.303305745 2.304687500 1.307439566 0.033329397 0.013673807 0.051843856 0.998005211
1403715599612143104.000000 1.276141167 2.318926096 1.299047947 0.034996826 0.017509937 0.056620192 0.997628629
1403715599662142976.000000 1.252004862 2.336411476 1.291905999 0.036740139 0.021634679 0.061422072 0.997200847
1403715599712143104.000000 1.225472331 2.355747938 1.281839848 0.036202844 0.026851548 0.060671858 0.997139633
1403715599762142976.000000 1.199047208 2.377441645 1.270474911 0.034635227 0.032460552 0.058079261 0.997182846
1403715599812143104.000000 1.172188640 2.401549101 1.257590532 0.031903427 0.036434513 0.052552689 0.997443199
1403715599862142976.000000 1.143869877 2.427890778 1.243775964 -0.027895316 -0.037905119 -0.042874027 -0.997971475
1403715599912143104.000000 1.118717670 2.454343081 1.232669711 0.023807611 0.034063909 0.033146352 0.998586118
1403715599962142976.000000 1.089068413 2.482972383 1.215910792 0.020048698 0.027372345 0.024386238 0.999126732
1403715600012143104.000000 1.059143901 2.511841059 1.198315501 0.016669616 0.021077739 0.016835192 0.999497116
1403715600062142976.000000 1.029361844 2.540476799 1.179963470 0.013916839 0.016080527 0.006667008 0.999751627
1403715600112143104.000000 0.999616265 2.569103241 1.160267234 -0.012213144 -0.012662649 0.007276163 -0.999818742
1403715600162142976.000000 0.973376930 2.593788385 1.148415565 0.011895679 0.010426910 -0.024355058 0.999578297
1403715600212143104.000000 0.943734646 2.617520571 1.129039407 0.014034636 0.008825573 -0.042388339 0.998963714
1403715600262142976.000000 0.914296031 2.637984276 1.109914184 0.019593509 0.007760737 -0.058079831 0.998089552
1403715600312143104.000000 0.885121286 2.654745102 1.091059089 0.028732300 0.006715021 -0.070670247 0.997063279
1403715600362142976.000000 0.854609251 2.668049335 1.072235227 -0.040454164 -0.006136650 0.082659453 -0.995737553
1403715600412143104.000000 0.824567914 2.676391125 1.052733779 -0.056242980 -0.003889827 0.088659160 -0.994465292
1403715600462142976.000000 0.797355115 2.677476883 1.040466666 0.073778071 -0.001128758 -0.093030900 0.992925406
1403715600512143104.000000 0.766890645 2.677135468 1.020556688 0.095047332 -0.010285558 -0.090674840 0.991281152
1403715600562142976.000000 0.737621963 2.673333883 1.000770450 0.117626630 -0.019309316 -0.085731067 0.989161968
1403715600612143104.000000 0.709849060 2.666543961 0.981758058 0.140026271 -0.027356930 -0.083169363 0.986269295
1403715600662142976.000000 0.684687257 2.656617641 0.963245511 0.161660761 -0.032930043 -0.083023332 0.982796311
1403715600712143104.000000 0.662793994 2.644227505 0.950721979 0.182634369 -0.035147298 -0.085639596 0.978813231
1403715600762142976.000000 0.645560682 2.630710840 0.932391524 0.203211546 -0.034128856 -0.090595633 0.974337101
1403715600812143104.000000 0.631926060 2.615293980 0.914826155 0.223062336 -0.033530947 -0.095918864 0.969493985
1403715600862142976.000000 0.622618496 2.597946882 0.897672772 0.241558403 -0.029718926 -0.103771001 0.964363992
1403715600912143104.000000 0.616901159 2.578631163 0.880987108 0.259372741 -0.027684724 -0.109851465 0.959110081
1403715600962142976.000000 0.614494085 2.557743549 0.862470627 0.275096744 -0.024288915 -0.116284288 0.954049170
1403715601012143104.000000 0.616011858 2.535693884 0.845458806 0.288888574 -0.020899381 -0.121699430 0.949366093
1403715601062142976.000000 0.621078789 2.511870146 0.829067886 0.300797939 -0.016090440 -0.125590995 0.945245266
1403715601112143104.000000 0.629091799 2.486952305 0.812954783 0.309821993 -0.013047730 -0.129754767 0.941808879
1403715601162142976.000000 0.640127957 2.460819244 0.796654463 0.316288531 -0.010004174 -0.134088814 0.939085603
1403715601212143104.000000 0.651271760 2.436241865 0.785751998 0.321155488 -0.006244387 -0.137972057 0.936901271
1403715601262142976.000000 0.667679012 2.407575607 0.768900633 0.323738635 -0.003287157 -0.142472312 0.935352445
1403715601312143104.000000 0.685115993 2.377431870 0.750711322 0.325524569 -0.000119219 -0.147306681 0.933988571
1403715601362142976.000000 0.702234805 2.345910549 0.732137859 0.327533484 0.002287336 -0.151435822 0.932622015
1403715601412143104.000000 0.718601465 2.312756538 0.713568449 0.329908490 0.003318625 -0.152195364 0.931657672
1403715601462142976.000000 0.735148907 2.280514240 0.690961599 0.332112014 0.003754170 -0.151283607 0.931021392
1403715601512143104.000000 0.747176290 2.248134851 0.670557737 0.333796054 0.003243942 -0.149590641 0.930694580
1403715601562142976.000000 0.760295153 2.211024284 0.651406348 0.335279167 0.003574219 -0.147115931 0.930554688
1403715601612143104.000000 0.772432745 2.172464132 0.632109106 0.336437941 0.002852214 -0.144468844 0.930553734
1403715601662142976.000000 0.783802152 2.132414818 0.613126874 0.337343514 0.001522381 -0.141676053 0.930658400
1403715601712143104.000000 0.794903576 2.091880798 0.593777418 0.338506132 0.002715483 -0.138163283 0.930761635
1403715601762142976.000000 0.806841254 2.049239397 0.574598253 0.339860380 0.006722556 -0.135103375 0.930697024
1403715601812143104.000000 0.817579627 2.006601334 0.555288792 0.340230286 0.009093040 -0.133466765 0.930777788
1403715601862142976.000000 0.825628579 1.969669580 0.528888047 0.339491040 0.013210175 -0.130333290 0.931442201
1403715601912143104.000000 0.835361362 1.926731586 0.508920550 0.336799353 0.018116655 -0.126676798 0.932840228
1403715601962142976.000000 0.845066011 1.884066820 0.488350749 0.332833707 0.026559213 -0.121072896 0.934803605
1403715602012143104.000000 0.854246914 1.841657400 0.467157364 0.328110367 0.039669309 -0.113787748 0.936921775
1403715602062142976.000000 0.862295866 1.799975753 0.445073307 0.322314024 0.051495355 -0.106295630 0.939235449
1403715602112143104.000000 0.869502902 1.759150624 0.421948463 0.315424323 0.061567765 -0.098396771 0.941825330
1403715602162142976.000000 0.869958460 1.723434925 0.390960932 0.307322323 0.066697188 -0.090648189 0.944927156
1403715602212143104.000000 0.871424317 1.686261296 0.364611864 0.298023224 0.066779099 -0.083601035 0.948542953
1403715602262142976.000000 0.871018171 1.651218176 0.336203098 0.288255602 0.065093741 -0.075924896 0.952316701
1403715602312143104.000000 0.868752420 1.618431807 0.306118101 0.276544631 0.060784969 -0.072116308 0.956361651
1403715602362142976.000000 0.864177108 1.587520838 0.274035364 0.263506621 0.050552625 -0.070732035 0.960731864
1403715602412143104.000000 0.859300017 1.558838248 0.242715240 0.249488160 0.039473876 -0.070071220 0.965032458
1403715602462142976.000000 0.853121996 1.531046867 0.208388656 0.235921144 0.027697556 -0.068052687 0.968990624
1403715602512143104.000000 0.847373664 1.504237175 0.172646344 0.222314507 0.018688718 -0.066688821 0.972512007
1403715602562142976.000000 0.841262102 1.478307009 0.136823684 0.208828792 0.011417090 -0.064694539 0.975743234
1403715602612143104.000000 0.832792461 1.453941584 0.099765368 0.194652840 0.008253333 -0.063729353 0.978764892
1403715602662142976.000000 0.821099639 1.429171205 0.060525142 0.179083407 0.009351501 -0.064073190 0.981700718
1403715602712143104.000000 0.808517933 1.404603958 0.025622994 -0.164364651 -0.009603780 0.062007986 -0.984401882
1403715602762142976.000000 0.791937888 1.380287170 -0.008402048 -0.149417922 -0.007848862 0.060329542 -0.986900687
1403715602812143104.000000 0.771573007 1.354496121 -0.040285859 -0.135030001 -0.005408572 0.057750799 -0.989142299
1403715602862142976.000000 0.748595238 1.327657580 -0.071713246 -0.121915251 -0.003708677 0.052223966 -0.991158724
1403715602912143104.000000 0.723166823 1.298415542 -0.097361356 -0.109074175 -0.001287337 0.047712844 -0.992887020
1403715602962142976.000000 0.696704447 1.268647075 -0.123797603 0.096196495 -0.002297864 -0.043759603 0.994397342
1403715603012143104.000000 0.665553987 1.239270926 -0.150542662 0.083659872 -0.003228976 -0.039185386 0.995718420
1403715603062142976.000000 0.632890224 1.209015846 -0.176536918 0.071150512 -0.002335911 -0.034377355 0.996870339
1403715603112143104.000000 0.599963665 1.177966952 -0.202068284 0.058587883 -0.000714452 -0.028628157 0.997871459
1403715603162142976.000000 0.567005157 1.146404743 -0.227019668 0.045443475 -0.001895335 -0.024478119 0.998665214
1403715603212143104.000000 0.537288427 1.114134550 -0.248835549 0.033415642 -0.003637095 -0.019278858 0.999249041
1403715603262142976.000000 0.504135907 1.080817103 -0.273440391 0.021650145 -0.008369127 -0.014752238 0.999621809
1403715603312143104.000000 0.471967041 1.046416998 -0.297104746 0.010994434 -0.012449038 -0.011585760 0.999795020
1403715603362142976.000000 0.440334141 1.010969520 -0.319970936 0.002266636 -0.016699124 -0.007663924 0.999828637
1403715603412143104.000000 0.410750866 0.974203110 -0.342104495 -0.004445210 -0.018212443 -0.002368353 0.999821484
1403715603462142976.000000 0.386600137 0.938657582 -0.360491693 -0.009160760 -0.017981337 0.004119097 0.999787927
1403715603512143104.000000 0.360412389 0.900190711 -0.380668312 -0.012258827 -0.017052740 0.012138423 0.999705791
1403715603562142976.000000 0.335866630 0.862004817 -0.399794430 -0.014125689 -0.016452832 0.020767497 0.999549210
1403715603612143104.000000 0.312319487 0.823855639 -0.418215662 -0.015284366 -0.016129578 0.029082868 0.999329984
1403715603662142976.000000 0.289477527 0.786570489 -0.435787201 -0.015158270 -0.016027939 0.040482245 0.998936713
1403715603712143104.000000 0.270424455 0.751338542 -0.451884985 -0.015338307 -0.014122650 0.048968166 0.998582780
1403715603762142976.000000 0.250419587 0.716133535 -0.468015075 -0.014927782 -0.010881674 0.057639349 0.998166621
1403715603812143104.000000 0.233722553 0.683891833 -0.484087288 -0.014276331 -0.007820785 0.064763866 0.997767866
1403715603862142976.000000 0.219697595 0.654152393 -0.500495434 -0.012950426 -0.009418418 0.071568832 0.997307181
1403715603912143104.000000 0.206810385 0.626146138 -0.516484141 0.011252804 0.019620972 -0.076408483 -0.996820033
1403715603962142976.000000 0.201841131 0.605890453 -0.531682551 -0.010064335 -0.029930750 0.079373240 0.996344745
1403715604012143104.000000 0.195113227 0.585924625 -0.546083331 -0.010073122 -0.040067628 0.078002237 0.996096790
1403715604062142976.000000 0.190288022 0.568814874 -0.558942020 -0.012885453 -0.045151953 0.069465905 0.996478736
1403715604112143104.000000 0.186848611 0.554405034 -0.569584012 -0.016674822 -0.046206731 0.058544159 0.997075498
1403715604162142976.000000 0.181700245 0.540187418 -0.576629460 0.020125085 0.044573627 -0.048768602 -0.997612119
1403715604212143104.000000 0.182696104 0.531446815 -0.582536578 -0.023230882 -0.040496945 0.040341336 0.998094678
1403715604262142976.000000 0.179611683 0.520852625 -0.586135209 -0.025579555 -0.035544347 0.034577649 0.998442113
1403715604312143104.000000 0.176191077 0.510777652 -0.587971210 -0.027066099 -0.032093901 0.030673672 0.998647332
1403715604362142976.000000 0.172443122 0.501121521 -0.587789237 -0.028110167 -0.030822970 0.028309960 0.998728395
1403715604412143104.000000 0.167139634 0.491295397 -0.585487127 0.028531736 0.031673368 -0.027465720 -0.998713434
1403715604462142976.000000 0.163906038 0.481750846 -0.581786633 0.029217696 0.031424616 -0.026281908 -0.998733282
1403715604512143104.000000 0.161584184 0.472305089 -0.576891065 0.029366689 0.027529428 -0.026393896 -0.998840868
1403715604562142976.000000 0.160168588 0.463105947 -0.570594490 0.029761458 0.020993475 -0.025627406 -0.999007881
1403715604612143104.000000 0.159058571 0.454009116 -0.563287973 0.029841805 0.013832198 -0.025383417 -0.999136508
1403715604662142976.000000 0.158252135 0.444737852 -0.555232704 0.030732322 0.007958831 -0.023527017 -0.999219060
1403715604712143104.000000 0.157893896 0.436141729 -0.546071351 -0.031172372 -0.004686091 0.022632297 0.999246836
1403715604762142976.000000 0.156673327 0.426439941 -0.537781119 -0.031874135 -0.002598041 0.020747110 0.999273181
1403715604812143104.000000 0.155221820 0.416213095 -0.528882623 -0.031974692 -0.002555803 0.020891216 0.999267101
1403715604862142976.000000 0.154132009 0.405815750 -0.519817710 -0.031832330 -0.002544878 0.021178877 0.999265611
1403715604912143104.000000 0.153630763 0.395064652 -0.510828674 -0.032081753 -0.002622362 0.019877760 0.999284208
1403715604962142976.000000 0.153289646 0.383425564 -0.501995146 0.032162216 0.005063652 -0.019050792 -0.999288321
1403715605012143104.000000 0.153304070 0.372444630 -0.493143737 0.031671923 0.007831001 -0.019209057 -0.999283016
1403715605062142976.000000 0.153963849 0.361737967 -0.482259601 -0.031266566 -0.008656046 0.019284222 0.999287546
1403715605112143104.000000 0.156459168 0.350009114 -0.472442091 -0.030818073 -0.007958512 0.019321255 0.999306560
1403715605162142976.000000 0.159929663 0.338084549 -0.462648213 -0.030179482 -0.005983879 0.018372264 0.999357760
1403715605212143104.000000 0.163916185 0.325869769 -0.452277660 -0.029251572 -0.004164346 0.018313820 0.999395669
1403715605262142976.000000 0.168897107 0.313844085 -0.442998827 0.027679168 0.002582027 -0.019715736 -0.999419093
1403715605312143104.000000 0.174521446 0.301070482 -0.432568997 0.025519954 0.000785846 -0.022264931 -0.999426067
1403715605362142976.000000 0.179772839 0.288190186 -0.421917945 0.022827622 -0.001007420 -0.026366243 -0.999391198
1403715605412143104.000000 0.183693066 0.274851918 -0.411449879 -0.020440482 0.002921420 0.029426066 0.999353707
1403715605462142976.000000 0.185148269 0.262884647 -0.399236619 -0.018437857 0.002237129 0.031523064 0.999330461
1403715605512143104.000000 0.184382156 0.251405984 -0.386277467 -0.016296921 0.000974672 0.034236796 0.999280393
1403715605562142976.000000 0.181015328 0.240439937 -0.372585982 -0.014481339 -0.001850988 0.036371369 0.999231696
1403715605612143104.000000 0.176224366 0.230171114 -0.358002454 0.012872305 0.003540275 -0.038333278 -0.999175906
1403715605662142976.000000 0.170033678 0.220825687 -0.343180746 0.012364750 0.003639874 -0.037419342 -0.999216616
1403715605712143104.000000 0.164832234 0.211473614 -0.328200996 -0.013382781 -0.003065975 0.032947607 0.999362767
1403715605762142976.000000 0.159935325 0.204243869 -0.313020170 -0.015050431 -0.000823922 0.027527004 0.999507427
1403715605812143104.000000 0.155586004 0.197480753 -0.297758967 -0.016202377 -0.000290168 0.023444546 0.999593854
1403715605862142976.000000 0.152143210 0.190915674 -0.282721400 -0.016810136 0.000628708 0.020680932 0.999644578
1403715605912143104.000000 0.149486944 0.184049651 -0.268063992 0.017022140 -0.001649595 -0.018531170 -0.999682069
1403715605962142976.000000 0.147024721 0.177391291 -0.253083825 0.017198900 -0.003656960 -0.016554296 -0.999708414
1403715606012143104.000000 0.143568099 0.168681160 -0.237585291 -0.017164268 0.004611167 0.015364465 0.999724030
1403715606062142976.000000 0.137872413 0.161391541 -0.221555248 -0.016747149 0.005469039 0.014409874 0.999741018
1403715606112143104.000000 0.131068483 0.153739199 -0.205261827 -0.016105846 0.006174542 0.013000512 0.999766767
1403715606162142976.000000 0.122777879 0.145492375 -0.188746721 -0.014940757 0.006232322 0.013246581 0.999781191
1403715606212143104.000000 0.113395870 0.138256788 -0.171067655 0.014071343 -0.005717256 -0.013729616 -0.999790430
1403715606262142976.000000 0.104908906 0.127591193 -0.155494735 -0.011776022 0.005967711 0.017482817 0.999760032
1403715606312143104.000000 0.098634891 0.117908217 -0.140338928 -0.009191358 0.005759405 0.020752368 0.999725878
1403715606362142976.000000 0.094880767 0.108606875 -0.126493663 -0.007079410 0.005358597 0.023482643 0.999684870
1403715606412143104.000000 0.093458563 0.099509627 -0.113276660 -0.005069249 0.004865274 0.026111063 0.999634385
1403715606462142976.000000 0.094414853 0.091338821 -0.099724703 -0.003803771 0.005958887 0.027168129 0.999605894
1403715606512143104.000000 0.097607695 0.083330132 -0.088129126 -0.002235399 0.007634004 0.028403597 0.999564946
1403715606562142976.000000 0.100885972 0.075674318 -0.076865643 -0.000006614 0.008050822 0.030495377 0.999502540
1403715606612143104.000000 0.103518225 0.068598352 -0.066036083 0.002406166 0.009148029 0.032696683 0.999420583
1403715606662142976.000000 0.105280183 0.062381707 -0.055605538 0.004885947 0.010090376 0.034911711 0.999327540
1403715606712143104.000000 0.105958536 0.056728523 -0.045157686 0.007766669 0.011115314 0.038693335 0.999159157
1403715606762142976.000000 0.105390735 0.052252751 -0.034216348 0.010362332 0.012110895 0.042073481 0.998987436
1403715606812143104.000000 0.103817701 0.049273841 -0.023314416 0.012472936 0.015054394 0.044214416 0.998830795
1403715606862142976.000000 0.101097666 0.047089994 -0.013506315 0.012645819 0.019668959 0.041931320 0.998846829
1403715606912143104.000000 0.098662250 0.046716601 -0.003738885 0.011782811 0.024368763 0.037620261 0.998925507
1403715606962142976.000000 0.095734037 0.047108471 0.005087172 0.009837241 0.028212024 0.030291494 0.999094486
1403715607012143104.000000 0.091691032 0.047926731 0.013089367 -0.008016576 -0.027082413 -0.023792069 -0.999317944
1403715607062142976.000000 0.085003406 0.049321953 0.019689083 0.005818121 0.024613852 0.016997600 0.999535620
1403715607112143104.000000 0.078967594 0.050314061 0.025733726 0.004838383 0.021539813 0.012621314 0.999676645
1403715607162142976.000000 0.072877988 0.050937407 0.030879956 0.004372226 0.019222423 0.009664541 0.999759018
1403715607212143104.000000 0.067909330 0.050981995 0.035772648 -0.004157004 -0.016466469 -0.007620153 -0.999826789
1403715607262142976.000000 0.061503347 0.051066916 0.039998714 0.003912629 0.014765013 0.006707691 0.999860823
1403715607312143104.000000 0.056059837 0.050112013 0.042634971 0.003976094 0.013514333 0.006323908 0.999880850
1403715607362142976.000000 0.051467557 0.048519760 0.044332247 0.004135209 0.014288921 0.006755625 0.999866605
1403715607412143104.000000 0.047537018 0.046902832 0.045193195 0.004031777 0.015140083 0.006789214 0.999854207
1403715607462142976.000000 0.043663260 0.045093827 0.045361117 0.003356242 0.015873959 0.005968060 0.999850631
1403715607512143104.000000 0.040241934 0.042281710 0.044559527 0.002792699 0.014603754 0.005840433 0.999872446
1403715607562142976.000000 0.036914062 0.039054263 0.043367945 0.002049232 0.014096679 0.005356998 0.999884248
1403715607612143104.000000 0.034290999 0.034994002 0.041121460 0.001392717 0.013449376 0.005892928 0.999891281
1403715607662142976.000000 0.031812958 0.031495791 0.040368434 0.000428101 0.012295392 0.005677013 0.999908209
1403715607712143104.000000 0.029739643 0.025946010 0.036803991 -0.000503489 0.012876146 0.005318425 0.999902904
1403715607762142976.000000 0.026023274 0.020106552 0.033800110 -0.000990980 0.012130485 0.005776095 0.999909282
1403715607812143104.000000 0.020029770 0.013645550 0.030480096 -0.001241148 0.011423362 0.007564230 0.999905407
1403715607862142976.000000 0.011422984 0.006761857 0.028766934 -0.000642846 0.010388182 0.011432503 0.999880552
1403715607912143104.000000 0.001909324 -0.000754643 0.026989775 -0.000024407 0.008845223 0.004883627 0.999948978
1403715607962142976.000000 0.002572095 -0.002826049 0.027409125 -0.000531271 0.013313028 0.000890484 0.999910831
1403715608012143104.000000 0.004173711 -0.001823066 0.026419839 0.000053968 0.009326835 -0.000376941 0.999956489
1403715608062142976.000000 0.003029582 -0.001133817 0.026362563 -0.000219502 -0.009938971 0.000608641 -0.999950469
1403715608112143104.000000 0.001844321 -0.000078673 0.029415434 0.000702149 0.007233346 0.000459599 0.999973536
1403715608162142976.000000 0.001933964 -0.000799491 0.029048245 0.000581556 0.005986363 0.001119481 0.999981344
1403715608212143104.000000 0.001706860 -0.000593084 0.027766492 -0.000500457 -0.007594046 -0.000060958 -0.999971032
1403715608262142976.000000 0.000831895 0.000235225 0.026918739 -0.000763311 -0.009328148 -0.001104465 -0.999955654
1403715608312143104.000000 0.000674173 -0.000074155 0.026914189 -0.000659265 -0.007461364 -0.000872193 -0.999971628
1403715608362142976.000000 0.000418360 0.000334863 0.026740806 -0.000889569 -0.007045133 -0.001462991 -0.999973774
1403715608412143104.000000 0.000246519 0.000933138 0.026094278 -0.000687584 -0.007716190 -0.000896407 -0.999969661
1403715608462142976.000000 -0.000052511 0.000282565 0.025553918 -0.000914020 -0.007319486 -0.001641292 -0.999971449
1403715608512143104.000000 -0.000194971 0.000213502 0.025016585 -0.000711792 -0.007969039 -0.001094395 -0.999967396
1403715608562142976.000000 -0.000159002 0.000512700 0.024956474 -0.000862017 -0.007642183 -0.001477090 -0.999969363
1403715608612143104.000000 0.001069769 0.000338770 0.029946107 0.000773044 0.007405499 0.001508292 0.999971211
1403715608662142976.000000 0.000943094 0.000213918 0.030243838 0.000760298 0.007410264 0.001472273 0.999971211
1403715608712143104.000000 0.000705396 0.000272539 0.029110942 -0.000850731 -0.007547690 -0.001620659 -0.999969840
1403715608762142976.000000 0.000745877 0.000420222 0.028477153 -0.000747339 -0.007994595 -0.001544190 -0.999966621
1403715608812143104.000000 0.000574453 0.000547395 0.028221454 -0.000883743 -0.007778463 -0.001693722 -0.999967933
1403715608862142976.000000 0.001018681 0.000516455 0.029469799 0.000807102 0.007445011 0.001683529 0.999970615
1403715608912143104.000000 0.000960099 0.000559811 0.029014720 0.000872290 0.007506391 0.001748161 0.999969959
1403715608962142976.000000 0.001086113 0.000596130 0.028688602 -0.000824141 -0.007855435 -0.001770528 -0.999967277
1403715609012143104.000000 0.001174930 0.000583931 0.028376745 -0.000859956 -0.007877663 -0.001796606 -0.999966979
1403715609062142976.000000 0.001367474 0.000756958 0.028161712 -0.000896765 -0.007625254 -0.001919125 -0.999968708
1403715609112143104.000000 0.001539239 0.000837898 0.027939681 -0.000873007 -0.007510356 -0.001913500 -0.999969661
1403715609162142976.000000 0.001551723 0.000693205 0.027659301 -0.000928745 -0.007447419 -0.002003989 -0.999969840
1403715609212143104.000000 0.001536902 0.000483926 0.027371813 -0.000900520 -0.007544005 -0.001957647 -0.999969244
1403715609262142976.000000 0.001457104 0.000412850 0.027236260 -0.000861704 -0.007561251 -0.001982361 -0.999969125
1403715609312143104.000000 0.001348181 0.000423790 0.027478246 -0.000872680 -0.007397872 -0.002055730 -0.999970138
1403715609362142976.000000 0.001234869 0.000435120 0.027637156 -0.000845844 -0.007240008 -0.002085323 -0.999971271
