#Frame Timestamp[ns],Image Rect[ms],Image Resize[ms],ORB ext[ms],Stereo match[ms],IMU preint[ms],Pose pred[ms],LM track[ms],KF dec[ms],Total[ms]
1403638518077829376.000000,0.000000,0.000000,11.288829,3.497410,0.003043,8.164494,1.514112,0.001871,17.328897
1403638518127829504.000000,0.000000,0.000000,11.922079,2.502817,0.051722,1.313583,1.255960,0.000602,17.136910
1403638518177829376.000000,0.000000,0.000000,11.778505,2.137683,0.046531,1.192091,1.393963,0.000833,16.795166
1403638518227829504.000000,0.000000,0.000000,11.080942,2.892237,0.050193,1.337974,1.341664,0.001143,17.076683
1403638518277829376.000000,0.000000,0.000000,11.356782,4.660953,0.108605,1.124876,1.436589,2.375229,18.816965
1403638518327829504.000000,0.000000,0.000000,12.047906,3.280153,0.055706,0.888974,0.736146,0.000357,18.048453
1403638518377829376.000000,0.000000,0.000000,11.814308,5.197551,0.090145,1.385345,2.232424,0.001069,20.100505
1403638518427829504.000000,0.000000,0.000000,12.419082,3.035342,0.063953,1.361839,2.370502,0.000694,18.631847
1403638518477829376.000000,0.000000,0.000000,9.930146,5.447415,0.098581,1.286517,2.174913,0.000488,18.304265
1403638518527829504.000000,0.000000,0.000000,11.801788,5.205041,0.104362,0.450387,0.996099,0.000350,20.422969
1403638518577829376.000000,0.000000,0.000000,11.874258,4.778510,0.106745,0.939455,2.086387,5.160746,19.510101
1403638518627829504.000000,0.000000,0.000000,11.005664,2.032496,0.043706,2.209046,2.683298,0.000584,16.184033
1403638518677829376.000000,0.000000,0.000000,11.895243,2.755960,0.044943,1.630369,2.336052,0.000330,17.567981
1403638518727829504.000000,0.000000,0.000000,10.303890,4.879624,0.096008,1.753009,2.347448,0.000458,18.763457
1403638518777829376.000000,0.000000,0.000000,13.488996,2.076025,0.042639,2.189848,2.535548,0.000482,18.085462
1403638518827829504.000000,0.000000,0.000000,11.075564,4.651230,0.094374,1.599507,2.134913,0.000473,18.739834
1403638518877829376.000000,0.000000,0.000000,10.488100,4.842194,0.077325,2.332273,2.939793,3.273295,18.042417
1403638518927829504.000000,0.000000,0.000000,11.218521,5.190966,0.098218,3.541051,4.143577,0.000517,19.287404
1403638518977829376.000000,0.000000,0.000000,12.064580,5.005827,0.099084,3.399837,3.887116,0.000949,20.033438
1403638519027829504.000000,0.000000,0.000000,11.004589,5.045168,0.111804,3.196885,3.361403,0.000514,19.774389
1403638519077829376.000000,0.000000,0.000000,11.753450,4.777707,0.098734,2.974313,3.742501,0.000490,19.397580
1403638519127829504.000000,0.000000,0.000000,12.028815,5.078421,0.198392,3.258873,4.151923,0.000837,20.945938
1403638519177829376.000000,0.000000,0.000000,12.216119,1.915252,0.053791,4.039357,5.067422,2.148639,16.932566
1403638519227829504.000000,0.000000,0.000000,10.724783,3.325570,0.054229,4.107365,5.367816,0.000734,16.847351
1403638519277829376.000000,0.000000,0.000000,11.894110,1.959775,0.038510,3.779383,3.843280,0.000817,16.655049
1403638519327829504.000000,0.000000,0.000000,12.762268,2.116260,0.044826,4.993268,5.274205,0.000600,17.506601
1403638519377829376.000000,0.000000,0.000000,11.692871,2.068092,0.054087,2.964570,6.124479,0.000664,16.388731
1403638519427829504.000000,0.000000,0.000000,10.915948,4.843964,0.090392,4.992460,5.615767,1.617529,18.493850
1403638519477829376.000000,0.000000,0.000000,12.590994,5.491138,0.103301,5.362289,5.373798,0.000895,21.157671
1403638519527829504.000000,0.000000,0.000000,10.065755,1.894598,0.054461,3.254047,4.279498,0.000846,14.449813
1403638519577829376.000000,0.000000,0.000000,11.216895,2.106000,0.050029,3.997646,5.851451,0.000532,16.013663
1403638519627829504.000000,0.000000,0.000000,12.259465,2.541260,0.043822,4.795805,5.851741,0.000645,17.336337
1403638519677829376.000000,0.000000,0.000000,12.350977,5.336511,0.096805,4.476727,5.843343,2.211636,20.763601
1403638519727829504.000000,0.000000,0.000000,12.560595,2.903564,0.056447,3.963713,4.916013,0.000635,18.198095
1403638519777829376.000000,0.000000,0.000000,12.229076,1.971368,0.050057,5.703702,6.703892,0.001420,16.653544
1403638519827829504.000000,0.000000,0.000000,11.427790,4.952413,0.094131,4.260419,6.040704,0.000640,19.346132
1403638519877829376.000000,0.000000,0.000000,11.334415,5.235617,0.098042,3.053994,6.399441,0.000695,20.276349
1403638519927829504.000000,0.000000,0.000000,10.869129,4.936306,0.108081,2.923511,6.673970,1.162330,18.654117
1403638519977829376.000000,0.000000,0.000000,10.489767,4.959856,0.090672,2.021376,4.479021,0.000451,18.481072
1403638520027829504.000000,0.000000,0.000000,11.149831,2.022603,0.042815,1.993421,5.197585,0.000744,15.858948
1403638520077829376.000000,0.000000,0.000000,11.008544,3.952200,0.078039,1.722800,4.521090,0.000490,17.940677
1403638520127829504.000000,0.000000,0.000000,11.582800,5.383194,0.093684,2.715480,8.495499,0.000818,20.242856
1403638520177829376.000000,0.000000,0.000000,10.558635,4.917560,0.100825,2.800736,7.412110,1.057293,18.471297
1403638520227829504.000000,0.000000,0.000000,11.627466,1.941234,0.044198,2.931074,5.864830,0.000768,16.443099
1403638520277829376.000000,0.000000,0.000000,11.714217,3.725165,0.084698,2.664925,5.143846,0.000655,18.707269
1403638520327829504.000000,0.000000,0.000000,11.429449,5.084623,0.120214,2.444791,4.461337,0.000526,19.927245
1403638520377829376.000000,0.000000,0.000000,11.052010,2.093778,0.051253,3.516032,8.361945,0.000994,15.667244
1403638520427829504.000000,0.000000,0.000000,10.840965,4.058974,0.084650,4.401703,5.421868,1.966822,17.829930
1403638520477829376.000000,0.000000,0.000000,10.594983,4.468522,0.088500,3.691626,5.197007,0.000908,18.125712
1403638520527829504.000000,0.000000,0.000000,10.625370,5.131745,0.120457,0.076459,8.216813,0.059780,19.342979
1403638520577829376.000000,0.000000,0.000000,12.902325,4.851209,0.092865,0.055647,7.914593,0.055119,20.651004
1403638520627829504.000000,0.000000,0.000000,11.043705,4.783330,0.097641,0.080465,10.544060,0.067358,18.707955
1403638520677829376.000000,0.000000,0.000000,11.950010,2.131241,0.047236,0.080707,9.314920,0.059363,17.515510
1403638520727829504.000000,0.000000,0.000000,11.289653,1.883713,0.044890,0.055052,8.633887,0.047737,16.112238
1403638520777829376.000000,0.000000,0.000000,11.503282,2.022632,0.048267,0.057687,10.690702,1.807868,16.231046
1403638520827829504.000000,0.000000,0.000000,10.378124,1.887537,0.053620,0.041749,8.587658,0.065135,14.681689
1403638520877829376.000000,0.000000,0.000000,12.137016,1.937728,0.044837,0.066705,7.907873,0.064949,17.433601
1403638520927829504.000000,0.000000,0.000000,10.962620,1.940007,0.043755,0.081717,10.886180,1.763606,15.541876
1403638520977829376.000000,0.000000,0.000000,10.913445,3.902111,0.076856,0.062918,11.138301,0.093988,17.941634
1403638521027829504.000000,0.000000,0.000000,10.614478,3.934216,0.065751,0.066874,9.552221,0.100493,17.709424
1403638521077829376.000000,0.000000,0.000000,12.292511,3.084980,0.050469,0.083608,11.945889,1.199456,18.076462
1403638521127829504.000000,0.000000,0.000000,10.987551,1.868226,0.037369,0.087482,9.823487,0.073760,15.558765
1403638521177829376.000000,0.000000,0.000000,13.067153,2.052840,0.037260,0.075726,10.573160,0.099123,17.785724
1403638521227829504.000000,0.000000,0.000000,11.323812,5.214734,0.101324,0.074523,9.758597,0.057743,19.899460
1403638521277829376.000000,0.000000,0.000000,11.218438,2.587499,0.059478,0.071879,11.352050,1.232533,16.518105
1403638521327829504.000000,0.000000,0.000000,10.367349,5.003422,0.122964,0.055633,10.317885,0.129736,19.102080
1403638521377829376.000000,0.000000,0.000000,13.552420,2.782729,0.043418,0.081598,10.886035,0.070387,18.704516
1403638521427829504.000000,0.000000,0.000000,11.210662,2.021172,0.047719,0.078442,11.886646,2.197575,15.580880
1403638521477829376.000000,0.000000,0.000000,10.188890,1.949034,0.053119,0.046881,11.197958,0.118326,14.742892
1403638521527829504.000000,0.000000,0.000000,12.472941,5.041660,0.084408,0.054057,8.747145,0.917629,20.639180
1403638521577829376.000000,0.000000,0.000000,12.481643,1.885810,0.051889,0.067438,9.368370,0.074212,16.948276
1403638521627829504.000000,0.000000,0.000000,10.951110,5.076947,0.096068,0.028935,7.823956,1.145897,19.085394
1403638521677829376.000000,0.000000,0.000000,11.389309,4.790565,0.130768,0.059842,10.642524,0.099055,19.559442
1403638521727829504.000000,0.000000,0.000000,10.967922,5.250900,0.085168,0.058012,9.452125,1.256286,19.584643
1403638521777829376.000000,0.000000,0.000000,11.969845,4.694722,0.087715,0.058606,10.303836,0.105700,19.691191
1403638521827829504.000000,0.000000,0.000000,11.302114,2.098291,0.061292,0.039981,10.198241,0.908066,16.259773
1403638521877829376.000000,0.000000,0.000000,11.668880,2.311698,0.038391,0.059859,12.387782,0.091303,16.523511
1403638521927829504.000000,0.000000,0.000000,11.069445,2.534300,0.079752,0.052233,12.641917,0.107330,16.994797
1403638521977829376.000000,0.000000,0.000000,11.288156,4.538192,0.060369,0.105865,10.802284,0.907867,18.505796
1403638522027829504.000000,0.000000,0.000000,11.824819,2.091221,0.053063,0.045171,8.033831,0.048799,17.135348
1403638522077829376.000000,0.000000,0.000000,11.103232,2.101449,0.057924,0.051649,9.704768,0.069164,17.208600
1403638522127829504.000000,0.000000,0.000000,13.156501,5.509336,0.094982,0.050022,11.087701,0.058350,31.792959
1403638522177829376.000000,0.000000,0.000000,11.277640,6.075859,0.162282,0.053529,11.721684,1.144239,23.746057
1403638522227829504.000000,0.000000,0.000000,11.745142,6.567278,0.150620,0.033043,8.537893,0.071531,24.826480
1403638522277829376.000000,0.000000,0.000000,11.887969,7.253334,0.101668,0.053539,9.217645,0.069995,25.382772
1403638522327829504.000000,0.000000,0.000000,12.040913,8.984626,0.119295,0.049882,7.626415,0.998384,29.020977
1403638522377829376.000000,0.000000,0.000000,12.937481,3.692962,0.056774,0.033854,10.802038,0.095158,21.238132
1403638522427829504.000000,0.000000,0.000000,11.785460,9.362042,0.076638,0.067855,10.135505,0.072028,28.382713
1403638522477829376.000000,0.000000,0.000000,10.626764,11.128572,0.081142,0.081514,7.754883,1.073921,28.643661
1403638522527829504.000000,0.000000,0.000000,11.814722,12.379632,0.070468,0.037715,11.059403,0.186487,30.799036
1403638522577829376.000000,0.000000,0.000000,11.291157,5.390857,0.044781,0.074807,10.825545,0.091530,20.786620
1403638522627829504.000000,0.000000,0.000000,12.360363,12.022375,0.101558,0.039464,10.210332,1.142285,35.840969
1403638522677829376.000000,0.000000,0.000000,11.114201,7.154636,0.038459,0.037996,9.368604,0.071659,25.814733
1403638522727829504.000000,0.000000,0.000000,11.974676,5.154160,0.070097,0.056843,9.509696,0.093965,24.132359
1403638522777829376.000000,0.000000,0.000000,10.889825,7.783575,0.049842,0.078914,7.910158,0.807295,25.512050
1403638522827829504.000000,0.000000,0.000000,10.878018,9.969318,0.075559,0.054820,10.852113,0.107296,28.246854
1403638522877829376.000000,0.000000,0.000000,11.830525,6.140914,0.054368,0.062597,9.457176,0.076883,24.262258
1403638522927829504.000000,0.000000,0.000000,11.059161,8.741319,0.069172,0.069510,9.314803,0.790932,31.124859
1403638522977829376.000000,0.000000,0.000000,11.194736,8.797296,0.040892,0.061680,8.404909,0.082717,30.356198
1403638523027829504.000000,0.000000,0.000000,12.781850,6.133545,0.057915,0.049419,9.019849,0.097383,29.077932
1403638523077829376.000000,0.000000,0.000000,13.202838,6.051704,0.053420,0.055116,8.450262,0.064323,28.457533
1403638523127829504.000000,0.000000,0.000000,11.417802,5.865353,0.052382,0.051581,7.303945,1.227512,26.644914
1403638523177829376.000000,0.000000,0.000000,12.791610,5.833938,0.052797,0.034600,8.977114,0.086922,28.719333
1403638523227829504.000000,0.000000,0.000000,12.331354,9.746301,0.073771,0.071645,12.335830,0.090686,36.484313
1403638523277829376.000000,0.000000,0.000000,12.525358,6.575030,0.079862,0.084391,8.497131,1.009277,31.392824
1403638523327829504.000000,0.000000,0.000000,11.195048,5.390645,0.057400,0.054309,11.373538,0.089569,26.700204
1403638523377829376.000000,0.000000,0.000000,12.160092,9.115413,0.079633,0.062898,11.478239,0.064889,34.347083
1403638523427829504.000000,0.000000,0.000000,11.779094,5.354618,0.063776,0.071470,7.533511,0.889071,28.957408
1403638523477829376.000000,0.000000,0.000000,12.546895,9.647707,0.081776,0.052103,8.445655,0.083478,37.336286
1403638523527829504.000000,0.000000,0.000000,11.354349,9.510432,0.074837,0.050137,11.368367,0.087391,34.477476
1403638523577829376.000000,0.000000,0.000000,10.849506,5.581974,0.066735,0.059072,9.958960,0.084122,26.806667
1403638523627829504.000000,0.000000,0.000000,10.963619,8.571423,0.072957,0.052221,9.001513,0.063615,32.215167
1403638523677829376.000000,0.000000,0.000000,10.881012,9.808507,0.079756,0.050564,8.454040,0.084955,34.621840
1403638523727829504.000000,0.000000,0.000000,11.317572,8.583840,0.077892,0.061491,9.140364,0.064288,35.307889
1403638523777829376.000000,0.000000,0.000000,12.013253,5.375175,0.055824,0.066567,9.768136,1.421226,29.170211
1403638523827829504.000000,0.000000,0.000000,11.376932,6.230671,0.066619,0.066873,9.992780,0.061124,32.650037
1403638523877829376.000000,0.000000,0.000000,10.703209,7.895063,0.088720,0.070281,10.567531,0.082124,32.013388
1403638523927829504.000000,0.000000,0.000000,11.272027,7.124623,0.076445,0.086753,10.739897,0.058060,30.700302
1403638523977829376.000000,0.000000,0.000000,10.845115,7.198960,0.086706,0.071830,11.479618,0.102950,31.663452
1403638524027829504.000000,0.000000,0.000000,10.037305,3.962486,0.079155,0.071832,10.334195,0.929847,23.974552
1403638524077829376.000000,0.000000,0.000000,11.780473,4.526138,0.069107,0.076940,12.073512,0.113193,26.387508
1403638524127829504.000000,0.000000,0.000000,11.827855,3.938976,0.075105,0.070636,10.149879,0.083425,24.878865
1403638524177829376.000000,0.000000,0.000000,10.949674,7.630764,0.097104,0.040678,9.543291,1.025460,32.746138
1403638524227829504.000000,0.000000,0.000000,12.532473,9.028690,0.102623,0.048614,11.552842,0.081212,36.110555
1403638524277829376.000000,0.000000,0.000000,12.320870,6.696420,0.054451,0.082253,10.380317,0.088780,30.963168
1403638524327829504.000000,0.000000,0.000000,10.910035,4.975414,0.076605,0.088780,11.956538,1.214540,26.587449
1403638524377829376.000000,0.000000,0.000000,10.319975,5.051293,0.068151,0.057254,12.437605,0.091658,24.966458
1403638524427829504.000000,0.000000,0.000000,12.617220,5.128850,0.070202,0.083865,13.286260,0.138137,32.530623
1403638524477829376.000000,0.000000,0.000000,11.397033,7.832594,0.042970,0.116327,13.159379,0.076939,33.633220
1403638524527829504.000000,0.000000,0.000000,11.168687,6.048827,0.052571,0.092067,11.424619,0.063009,28.894505
1403638524577829376.000000,0.000000,0.000000,13.122878,5.908369,0.072883,0.135125,11.449771,1.393818,30.237058
1403638524627829504.000000,0.000000,0.000000,10.793435,6.274424,0.049036,0.048648,11.060919,0.119529,27.840522
1403638524677829376.000000,0.000000,0.000000,13.262624,9.708861,0.092788,0.096219,12.027097,0.083163,36.692037
1403638524727829504.000000,0.000000,0.000000,10.712158,6.111605,0.075866,0.095209,10.958701,0.070220,29.354927
1403638524777829376.000000,0.000000,0.000000,11.247870,7.057118,0.080984,0.077261,11.476304,0.162265,29.992299
1403638524827829504.000000,0.000000,0.000000,11.345402,7.146644,0.078265,0.084018,13.028955,1.751580,34.499550
1403638524877829376.000000,0.000000,0.000000,11.656929,5.872354,0.080596,0.055903,13.340082,0.115956,29.200886
1403638524927829504.000000,0.000000,0.000000,12.045103,6.360503,0.089297,0.089220,11.683747,0.126567,29.275295
1403638524977829376.000000,0.000000,0.000000,14.676020,8.615212,0.107753,0.132256,12.392712,0.094732,38.965261
1403638525027829504.000000,0.000000,0.000000,11.654823,9.089840,0.096168,0.077119,11.534843,0.069357,35.040755
1403638525077829376.000000,0.000000,0.000000,13.146466,8.013576,0.092960,0.103851,12.872000,0.118088,34.242931
1403638525127829504.000000,0.000000,0.000000,13.077566,8.989372,0.109188,0.082598,11.306731,0.105310,38.168895
1403638525177829376.000000,0.000000,0.000000,11.202412,6.323857,0.095368,0.089377,11.434034,0.068383,30.486908
1403638525227829504.000000,0.000000,0.000000,13.731646,7.332435,0.095523,0.083925,11.731726,0.104499,35.357672
1403638525277829376.000000,0.000000,0.000000,12.020690,8.084937,0.100164,0.080800,14.642041,1.077342,32.830483
1403638525327829504.000000,0.000000,0.000000,12.169147,5.751188,0.077453,0.062304,11.336139,0.078556,33.693276
1403638525377829376.000000,0.000000,0.000000,12.174598,6.080562,0.090684,0.069558,10.101894,0.123650,31.784879
1403638525427829504.000000,0.000000,0.000000,12.282942,8.436349,0.113443,0.063859,9.867625,0.118565,34.865210
1403638525477829376.000000,0.000000,0.000000,11.311172,9.533749,0.097077,0.074101,9.865749,1.479322,37.971730
1403638525527829504.000000,0.000000,0.000000,13.221328,5.173490,0.097021,0.037849,10.285332,0.080077,33.143986
1403638525577829376.000000,0.000000,0.000000,11.693229,6.699635,0.087524,0.062468,12.191800,0.090763,31.067122
1403638525627829504.000000,0.000000,0.000000,10.996560,6.364187,0.060740,0.056188,8.466965,0.812612,30.097738
1403638525677829376.000000,0.000000,0.000000,11.023523,5.012903,0.086382,0.038107,9.737691,0.119110,28.035876
1403638525727829504.000000,0.000000,0.000000,12.090176,5.034567,0.081032,0.120479,11.371786,0.084962,30.995310
1403638525777829376.000000,0.000000,0.000000,11.173935,6.701022,0.104898,0.068805,10.046790,1.048216,32.333522
1403638525827829504.000000,0.000000,0.000000,11.620288,6.820277,0.110549,0.047161,11.008337,0.118562,31.949308
1403638525877829376.000000,0.000000,0.000000,11.918284,7.972434,0.110905,0.080397,10.658232,0.063705,34.013281
1403638525927829504.000000,0.000000,0.000000,10.407159,8.066337,0.117837,0.047703,7.857718,0.967470,34.663902
1403638525977829376.000000,0.000000,0.000000,10.458861,7.919736,0.117282,0.043051,11.218772,0.066905,34.426197
1403638526027829504.000000,0.000000,0.000000,10.797436,7.716958,0.255221,0.039741,10.671292,0.081013,33.912572
1403638526077829376.000000,0.000000,0.000000,11.866236,5.200280,0.060948,0.047277,9.053468,0.682051,28.154772
1403638526127829504.000000,0.000000,0.000000,11.127691,5.365532,0.094940,0.035999,7.625943,0.053411,29.595994
1403638526177829376.000000,0.000000,0.000000,11.363860,5.689762,0.093985,0.035464,9.003167,0.072708,31.834240
1403638526227829504.000000,0.000000,0.000000,12.244702,8.335741,0.112323,0.041329,6.783064,0.024224,36.574071
1403638526277829376.000000,0.000000,0.000000,11.843642,4.626215,0.087474,0.037797,11.466698,0.976171,28.554150
1403638526327829504.000000,0.000000,0.000000,11.670539,7.278284,0.094005,0.027284,7.286211,0.053862,31.365004
1403638526377829376.000000,0.000000,0.000000,12.688355,5.461430,0.081067,0.035623,8.739827,0.041539,29.737246
1403638526427829504.000000,0.000000,0.000000,11.628488,4.961803,0.087214,0.027888,7.313730,0.056604,30.582336
1403638526477829376.000000,0.000000,0.000000,12.479758,8.243092,0.114749,0.050444,10.149337,0.827384,34.035400
1403638526527829504.000000,0.000000,0.000000,9.849433,5.716217,0.187939,0.028369,11.044838,0.123364,27.526291
1403638526577829376.000000,0.000000,0.000000,10.538808,6.397981,0.096798,0.026188,6.340843,0.053926,31.859173
1403638526627829504.000000,0.000000,0.000000,12.175669,7.389027,0.109072,0.028061,5.418525,0.660854,33.757847
1403638526677829376.000000,0.000000,0.000000,10.204139,8.400367,0.076931,0.035665,9.664339,0.108801,35.045452
1403638526727829504.000000,0.000000,0.000000,10.190547,6.115295,0.087217,0.028965,6.135190,0.035330,28.862199
1403638526777829376.000000,0.000000,0.000000,11.214811,5.302943,0.067050,0.032917,9.311772,1.388179,29.099589
1403638526827829504.000000,0.000000,0.000000,10.646010,5.669782,0.106171,0.042991,11.349605,0.057989,28.124567
1403638526877829376.000000,0.000000,0.000000,10.807082,8.001554,0.062236,0.029454,9.938121,0.077191,33.168182
1403638526927829504.000000,0.000000,0.000000,10.150364,7.664199,0.074405,0.026607,5.250643,0.720797,30.396006
1403638526977829376.000000,0.000000,0.000000,10.556705,6.229976,0.110375,7.492474,2.350293,0.000867,29.941251
1403638527027829504.000000,0.000000,0.000000,11.302414,5.201543,0.110894,1.056999,1.064589,0.000401,28.280990
1403638527077829376.000000,0.000000,0.000000,11.396620,4.826955,0.088545,1.506845,1.660594,0.000777,28.326027
1403638527127829504.000000,0.000000,0.000000,11.096880,5.672337,0.093681,1.998810,1.894853,0.000803,28.641563
1403638527177829376.000000,0.000000,0.000000,10.707877,6.604441,0.087942,2.020627,1.890784,0.000813,28.780277
1403638527227829504.000000,0.000000,0.000000,12.570443,5.143484,0.049941,0.943046,0.810120,0.853220,30.140444
1403638527277829376.000000,0.000000,0.000000,10.544109,7.441066,0.116202,1.082283,0.999895,0.000436,34.471365
1403638527327829504.000000,0.000000,0.000000,10.805417,4.782981,0.143389,0.988621,0.961753,0.000419,27.959612
1403638527377829376.000000,0.000000,0.000000,11.998905,6.489350,0.100941,1.174654,1.138703,0.000402,33.069574
1403638527427829504.000000,0.000000,0.000000,12.460558,7.563764,0.146037,0.976865,1.130693,0.000410,34.730919
1403638527477829376.000000,0.000000,0.000000,11.296382,5.579194,0.109628,2.312500,2.862274,0.001004,28.666665
1403638527527829504.000000,0.000000,0.000000,11.162126,4.306594,0.063286,0.972583,1.051761,0.486919,26.944687
1403638527577829376.000000,0.000000,0.000000,11.640770,7.241983,0.118494,2.981749,2.621864,0.000827,34.426156
1403638527627829504.000000,0.000000,0.000000,12.769852,7.682129,0.137978,1.141971,0.969408,0.000498,33.773945
1403638527677829376.000000,0.000000,0.000000,12.936166,4.945587,0.095832,1.129102,1.016737,0.000479,29.984948
1403638527727829504.000000,0.000000,0.000000,14.105726,7.860849,0.094560,2.787315,2.204773,0.001403,33.597129
1403638527777829376.000000,0.000000,0.000000,12.142907,5.112441,0.118161,1.589585,0.967426,0.422025,29.951265
1403638527827829504.000000,0.000000,0.000000,10.452100,7.288514,0.123029,1.158905,1.150103,0.000678,31.806656
1403638527877829376.000000,0.000000,0.000000,11.104416,5.078037,0.179460,2.135295,1.788636,0.000640,29.437400
1403638527927829504.000000,0.000000,0.000000,12.198508,9.122287,0.114652,1.427332,2.612273,0.000900,35.657937
1403638527977829376.000000,0.000000,0.000000,11.449607,8.640046,0.108219,1.103749,0.856160,0.000453,34.094994
1403638528027829504.000000,0.000000,0.000000,11.268645,9.580384,0.102810,1.254794,1.015291,0.468767,35.812265
1403638528077829376.000000,0.000000,0.000000,10.717724,8.490575,0.107239,1.275846,1.038214,0.000417,33.309786
1403638528127829504.000000,0.000000,0.000000,10.899234,7.816873,0.133850,1.132024,1.137335,0.000365,34.230985
1403638528177829376.000000,0.000000,0.000000,10.777367,6.293336,0.106816,1.013047,0.963270,0.000419,30.880618
1403638528227829504.000000,0.000000,0.000000,13.352051,5.943345,0.103631,1.814243,1.919177,0.000696,33.104347
1403638528277829376.000000,0.000000,0.000000,11.640298,7.062636,0.110466,2.986367,2.046724,0.762849,33.496328
1403638528327829504.000000,0.000000,0.000000,10.963168,5.828163,0.096535,1.129757,1.155143,0.000382,30.790218
1403638528377829376.000000,0.000000,0.000000,11.333898,8.976267,0.109088,1.173627,1.109145,0.000772,36.402065
1403638528427829504.000000,0.000000,0.000000,11.940028,5.942464,0.063562,1.201363,1.041337,0.000358,34.075985
1403638528477829376.000000,0.000000,0.000000,11.381436,8.002712,0.123902,2.650586,2.406791,0.000932,36.314044
1403638528527829504.000000,0.000000,0.000000,11.330132,8.172001,0.117506,2.896874,2.415785,0.862444,36.441868
1403638528577829376.000000,0.000000,0.000000,10.763358,6.713524,0.108320,1.432529,0.959750,0.000479,32.138412
1403638528627829504.000000,0.000000,0.000000,10.089531,6.279488,0.120565,2.936889,2.523243,0.001237,32.595144
1403638528677829376.000000,0.000000,0.000000,11.052513,6.508012,0.092478,1.070726,1.109468,0.000473,32.012662
1403638528727829504.000000,0.000000,0.000000,11.287338,6.591396,0.115226,1.058930,1.156804,0.001087,33.478738
1403638528777829376.000000,0.000000,0.000000,11.042090,6.884590,0.107677,1.077581,1.240235,0.463862,32.972714
1403638528827829504.000000,0.000000,0.000000,10.418587,6.961356,0.103588,2.924854,2.200499,0.000994,32.306596
1403638528877829376.000000,0.000000,0.000000,11.990999,6.325349,0.104304,2.533978,2.825165,0.000910,36.621220
1403638528927829504.000000,0.000000,0.000000,11.987828,10.498087,0.103814,1.434206,1.456589,0.000533,39.629394
1403638528977829376.000000,0.000000,0.000000,11.360168,7.231546,0.100912,1.257881,1.017928,0.000392,33.612670
1403638529027829504.000000,0.000000,0.000000,11.975544,5.500273,0.155815,2.699528,2.271682,0.788975,33.648246
1403638529077829376.000000,0.000000,0.000000,11.290939,6.334703,0.103385,3.010578,2.996739,0.001063,32.718333
1403638529127829504.000000,0.000000,0.000000,10.904217,6.220549,0.101283,1.182809,1.143510,0.000546,33.566372
1403638529177829376.000000,0.000000,0.000000,10.928039,5.705161,0.109374,2.096368,2.275669,0.000970,31.471046
1403638529227829504.000000,0.000000,0.000000,9.337649,5.741709,0.107562,2.926280,1.817470,0.000728,29.578602
1403638529277829376.000000,0.000000,0.000000,11.387372,6.173393,0.098103,1.147317,1.009841,0.409349,32.514057
1403638529327829504.000000,0.000000,0.000000,10.708531,5.304373,0.099688,0.023630,3.027620,0.023722,35.056572
1403638529377829376.000000,0.000000,0.000000,12.077892,6.554533,0.061767,0.029045,4.928187,0.028049,33.310424
1403638529427829504.000000,0.000000,0.000000,10.155824,5.772840,0.065495,0.035419,7.162495,0.064038,29.264595
1403638529477829376.000000,0.000000,0.000000,11.474448,4.980869,0.105711,0.023143,2.754349,0.015181,29.624611
1403638529527829504.000000,0.000000,0.000000,10.416060,9.289946,0.112357,0.021907,2.754169,0.014761,35.124099
1403638529577829376.000000,0.000000,0.000000,11.024466,5.252273,0.101677,0.023305,2.919180,0.017883,30.073957
1403638529627829504.000000,0.000000,0.000000,11.290857,7.929589,0.110409,0.030897,5.526789,0.033030,34.867036
1403638529677829376.000000,0.000000,0.000000,10.935335,8.075392,0.111869,0.023113,6.744021,0.036030,31.445224
1403638529727829504.000000,0.000000,0.000000,11.392031,5.073986,0.097843,0.021640,2.904904,0.017905,29.728426
1403638529777829376.000000,0.000000,0.000000,11.116402,8.065459,0.255955,0.035030,5.797799,0.848132,34.576843
1403638529827829504.000000,0.000000,0.000000,10.372193,5.964411,0.121173,0.026946,2.132971,0.015536,30.981970
1403638529877829376.000000,0.000000,0.000000,10.834606,6.735201,0.077162,0.022451,2.828267,0.017461,31.753356
1403638529927829504.000000,0.000000,0.000000,10.909271,5.508571,0.139917,0.035346,6.447629,0.035593,30.619060
1403638529977829376.000000,0.000000,0.000000,11.096594,7.335755,0.142047,0.045763,6.365342,0.038277,30.382754
1403638530027829504.000000,0.000000,0.000000,10.902151,6.234143,0.131085,0.035409,6.907615,0.038222,31.620078
1403638530077829376.000000,0.000000,0.000000,12.417869,6.716581,0.131555,0.039613,5.641618,0.034133,33.379783
1403638530127829504.000000,0.000000,0.000000,11.151918,6.111124,0.134643,0.034042,6.681460,0.037494,30.122038
1403638530177829376.000000,0.000000,0.000000,10.141798,3.435058,0.106397,0.032930,5.354548,0.029194,24.602686
1403638530227829504.000000,0.000000,0.000000,10.887711,5.469010,0.113511,0.023500,2.940622,0.018489,28.882443
1403638530277829376.000000,0.000000,0.000000,10.998422,5.561122,0.154185,0.028889,3.059411,0.494489,26.597558
1403638530327829504.000000,0.000000,0.000000,13.761669,6.495053,0.153785,0.043039,4.761221,0.037079,36.262900
1403638530377829376.000000,0.000000,0.000000,12.189509,3.174090,0.087876,0.038889,4.604671,0.017884,25.950723
1403638530427829504.000000,0.000000,0.000000,10.759310,5.999434,0.131157,0.022653,2.802126,0.015719,28.989630
1403638530477829376.000000,0.000000,0.000000,12.285157,3.581598,0.094427,0.030349,5.191547,0.028599,26.433835
1403638530527829504.000000,0.000000,0.000000,10.835490,5.578924,0.161335,0.029095,5.088050,0.029933,31.662266
1403638530577829376.000000,0.000000,0.000000,10.080196,5.391416,0.136708,0.042943,7.183622,0.035137,30.210796
1403638530627829504.000000,0.000000,0.000000,10.703889,2.893720,0.099999,0.024486,2.982680,0.018560,23.504368
1403638530677829376.000000,0.000000,0.000000,10.145054,4.838210,0.101451,0.032805,3.445909,0.016787,23.930354
1403638530727829504.000000,0.000000,0.000000,10.482284,5.925433,0.134199,0.023765,3.019290,0.017463,29.745945
1403638530777829376.000000,0.000000,0.000000,10.830548,2.732976,0.100382,0.053196,6.447519,0.993207,22.731029
1403638530827829504.000000,0.000000,0.000000,10.852375,5.249570,0.139924,8.562818,2.795203,0.000957,30.203140
1403638530877829376.000000,0.000000,0.000000,11.148502,6.215814,0.065999,2.207222,2.292384,0.000754,33.236942
1403638530927829504.000000,0.000000,0.000000,11.506096,4.298653,0.139465,2.201229,2.948139,0.000946,29.465914
1403638530977829376.000000,0.000000,0.000000,11.349212,2.491479,0.110412,1.243175,2.230362,0.001243,22.970147
1403638531027829504.000000,0.000000,0.000000,10.410018,5.505933,0.059774,0.941481,0.961279,0.766052,18.937222
1403638531077829376.000000,0.000000,0.000000,12.285396,2.423747,0.093495,1.160963,1.020375,0.000379,40.237836
1403638531127829504.000000,0.000000,0.000000,10.409636,5.045368,0.094561,1.216766,1.329937,0.000399,21.239016
1403638531177829376.000000,0.000000,0.000000,11.482333,6.652890,0.105836,2.022601,2.216667,0.000582,31.414381
1403638531227829504.000000,0.000000,0.000000,11.563200,4.806060,0.071423,2.166051,2.543761,0.000592,22.310460
1403638531277829376.000000,0.000000,0.000000,11.256470,4.706486,0.108584,0.985412,1.112674,0.937476,21.952255
1403638531327829504.000000,0.000000,0.000000,12.029820,6.425058,0.108794,2.321825,2.248203,0.000600,25.548812
1403638531377829376.000000,0.000000,0.000000,12.075846,6.460767,0.042063,2.127460,2.081459,0.000470,25.469030
1403638531427829504.000000,0.000000,0.000000,12.645843,2.534713,0.057688,1.757092,2.367355,0.000666,20.364873
1403638531477829376.000000,0.000000,0.000000,10.902623,2.600770,0.059901,1.674670,2.576842,0.000660,18.462344
1403638531527829504.000000,0.000000,0.000000,10.154014,2.690628,0.062906,0.912615,1.304175,1.459957,17.927357
1403638531577829376.000000,0.000000,0.000000,11.122251,2.384952,0.061240,3.903664,2.407522,0.000562,18.357072
1403638531627829504.000000,0.000000,0.000000,11.183482,2.333813,0.092808,1.514177,1.729522,0.000487,18.280956
1403638531677829376.000000,0.000000,0.000000,10.336072,6.018837,0.052962,1.373498,1.946994,0.000465,24.746505
1403638531727829504.000000,0.000000,0.000000,10.017157,2.701719,0.093965,2.544907,3.197162,0.000683,18.021714
1403638531777829376.000000,0.000000,0.000000,11.414924,6.244479,0.051326,1.325585,1.917100,1.624781,26.598758
1403638531827829504.000000,0.000000,0.000000,11.649011,2.728421,0.041649,2.291834,2.595016,0.000412,19.466002
1403638531877829376.000000,0.000000,0.000000,11.986808,3.370132,0.085881,3.230805,3.282416,0.000568,21.482924
1403638531927829504.000000,0.000000,0.000000,10.800734,6.976329,0.103432,3.640554,3.613127,0.000782,25.854999
1403638531977829376.000000,0.000000,0.000000,12.073458,5.598722,0.048565,2.389320,2.535775,0.000617,24.366170
1403638532027829504.000000,0.000000,0.000000,9.849675,2.405402,0.136017,2.059468,2.562046,1.442787,17.230281
1403638532077829376.000000,0.000000,0.000000,10.385787,5.753251,0.037747,4.194213,4.784864,0.000663,23.535587
1403638532127829504.000000,0.000000,0.000000,10.601749,5.341916,0.055593,2.582153,3.082700,0.000551,23.029646
1403638532177829376.000000,0.000000,0.000000,11.945879,2.665863,0.068152,2.547701,3.115402,0.000467,19.328311
1403638532227829504.000000,0.000000,0.000000,12.885376,2.507363,0.063888,2.470538,3.116981,0.000685,21.028502
1403638532277829376.000000,0.000000,0.000000,10.115370,2.470238,0.056351,2.291691,2.848938,2.088222,17.480627
1403638532327829504.000000,0.000000,0.000000,11.857147,2.396873,0.054354,4.739222,6.136770,0.000678,18.964298
1403638532377829376.000000,0.000000,0.000000,10.739544,2.371541,0.062239,3.453514,4.792824,0.000607,17.515174
1403638532427829504.000000,0.000000,0.000000,11.564019,3.707699,0.115308,6.541497,7.040938,0.000782,21.676711
1403638532477829376.000000,0.000000,0.000000,9.949147,6.188413,0.044758,3.340524,4.657370,0.000608,24.796367
1403638532527829504.000000,0.000000,0.000000,11.328076,2.498744,0.049485,4.066422,5.986425,1.718087,18.665269
1403638532577829376.000000,0.000000,0.000000,11.412268,3.900390,0.059163,4.125391,6.102533,0.000894,20.182693
1403638532627829504.000000,0.000000,0.000000,13.763385,2.389514,0.079958,3.366447,4.754674,0.000918,20.937027
1403638532677829376.000000,0.000000,0.000000,10.887810,5.966160,0.103637,3.890952,5.491948,0.000548,25.237758
1403638532727829504.000000,0.000000,0.000000,10.800870,6.386289,0.041795,3.250273,5.356894,0.000818,26.613225
1403638532777829376.000000,0.000000,0.000000,10.514370,2.674871,0.105978,3.055853,4.469119,1.365715,18.729751
1403638532827829504.000000,0.000000,0.000000,11.291152,6.347320,0.046391,4.346551,7.029756,0.000661,26.025916
1403638532877829376.000000,0.000000,0.000000,12.510914,2.589265,0.046423,3.519636,5.859130,0.000630,20.671857
1403638532927829504.000000,0.000000,0.000000,12.709227,2.577284,0.046682,3.482928,8.191852,0.000802,20.220484
1403638532977829376.000000,0.000000,0.000000,11.923341,2.396061,0.098158,5.631609,5.778070,0.000576,20.048635
1403638533027829504.000000,0.000000,0.000000,10.771944,6.215956,0.143217,3.753665,6.770990,2.165108,25.154433
1403638533077829376.000000,0.000000,0.000000,9.746203,7.119993,0.043081,3.499290,5.263006,0.000715,25.530841
1403638533127829504.000000,0.000000,0.000000,10.960252,4.909822,0.045655,0.067798,7.423408,0.057597,21.233452
1403638533177829376.000000,0.000000,0.000000,11.702383,2.643924,0.092655,0.032899,6.381896,1.604304,19.209411
1403638533227829504.000000,0.000000,0.000000,11.597458,4.614426,0.143090,0.058988,8.560838,0.120038,24.848841
1403638533277829376.000000,0.000000,0.000000,10.370723,6.452558,0.055093,0.064569,9.790966,0.075790,26.121905
1403638533327829504.000000,0.000000,0.000000,10.787542,2.362282,0.080025,0.059329,10.350186,0.067049,18.296622
1403638533377829376.000000,0.000000,0.000000,13.000105,5.817480,0.110371,0.078038,10.920905,1.718542,26.278766
1403638533427829504.000000,0.000000,0.000000,11.734371,6.103832,0.046079,0.070318,10.806615,0.072578,25.617226
1403638533477829376.000000,0.000000,0.000000,12.121486,2.576763,0.066428,0.069668,8.979028,0.065007,19.966086
1403638533527829504.000000,0.000000,0.000000,11.386398,4.029313,0.084180,0.064622,9.812568,0.115903,21.240579
1403638533577829376.000000,0.000000,0.000000,10.720516,5.331580,0.111608,0.061941,9.797611,0.088614,23.940307
1403638533627829504.000000,0.000000,0.000000,10.739639,6.491463,0.049986,0.074535,11.021499,1.513709,27.645111
1403638533677829376.000000,0.000000,0.000000,10.945399,2.781871,0.046800,0.043173,9.257802,0.090574,19.601196
1403638533727829504.000000,0.000000,0.000000,10.537645,2.770976,0.051113,0.069192,9.809405,1.590622,18.820935
1403638533777829376.000000,0.000000,0.000000,11.495317,2.903475,0.073736,0.078215,9.831061,0.086476,20.045789
1403638533827829504.000000,0.000000,0.000000,10.695346,5.878269,0.050596,0.066621,10.668560,2.216243,25.584266
1403638533877829376.000000,0.000000,0.000000,11.789694,7.061236,0.045772,0.050717,9.634806,0.122992,28.395583
1403638533927829504.000000,0.000000,0.000000,12.097497,2.436152,0.074358,0.060634,8.568238,0.053956,20.349112
1403638533977829376.000000,0.000000,0.000000,10.985528,5.415332,0.054821,0.067040,9.460242,2.035632,26.023651
1403638534027829504.000000,0.000000,0.000000,10.693571,5.798401,0.040759,0.046451,10.312982,0.117356,21.417147
1403638534077829376.000000,0.000000,0.000000,10.786320,5.461958,0.126594,0.063540,12.781855,2.048822,21.766357
1403638534127829504.000000,0.000000,0.000000,10.759414,6.070908,0.087361,0.050114,11.729576,0.165008,26.368872
1403638534177829376.000000,0.000000,0.000000,13.568817,6.425852,0.129604,0.054989,13.050448,0.086493,29.642936
1403638534227829504.000000,0.000000,0.000000,10.172063,6.783857,0.089678,0.053261,8.241587,3.579786,27.108844
1403638534277829376.000000,0.000000,0.000000,11.324192,6.074604,0.115684,0.085816,10.436991,0.080041,26.095561
1403638534327829504.000000,0.000000,0.000000,11.725200,5.883913,0.079190,0.055182,10.217716,0.139692,27.565607
1403638534377829376.000000,0.000000,0.000000,11.818123,5.887740,0.041955,0.056165,8.896928,1.902383,26.248991
1403638534427829504.000000,0.000000,0.000000,11.568393,6.961586,0.057797,0.067764,11.290817,0.211263,24.420860
1403638534477829376.000000,0.000000,0.000000,11.393000,2.753439,0.090948,0.050798,9.720252,0.081396,20.542742
1403638534527829504.000000,0.000000,0.000000,10.935727,6.159664,0.115997,0.053153,8.668334,1.597460,25.600080
1403638534577829376.000000,0.000000,0.000000,13.069964,6.152834,0.058885,0.071204,10.288246,0.078767,26.785184
1403638534627829504.000000,0.000000,0.000000,11.425351,2.438580,0.068545,0.049867,9.607998,0.080433,19.143245
1403638534677829376.000000,0.000000,0.000000,11.554524,5.254245,0.067541,0.047820,7.732689,1.861970,24.934118
1403638534727829504.000000,0.000000,0.000000,11.584498,5.020432,0.087255,0.088064,11.344034,0.078171,24.724375
1403638534777829376.000000,0.000000,0.000000,11.771109,6.404321,0.054511,0.057706,10.097086,0.091776,28.721136
1403638534827829504.000000,0.000000,0.000000,11.167032,3.275591,0.080515,0.055750,8.552447,1.572327,20.407840
1403638534877829376.000000,0.000000,0.000000,13.194883,5.265248,0.040746,0.078170,14.015872,0.099338,25.237222
1403638534927829504.000000,0.000000,0.000000,11.092223,2.713338,0.092395,0.058513,9.664401,0.100228,19.397975
1403638534977829376.000000,0.000000,0.000000,13.038283,5.818214,0.121534,0.065932,9.822436,0.117155,29.615930
1403638535027829504.000000,0.000000,0.000000,11.037955,3.351496,0.086908,0.067532,8.224560,2.703529,17.206720
1403638535077829376.000000,0.000000,0.000000,10.416621,6.566351,0.042260,0.083749,10.637528,0.081658,31.332417
1403638535127829504.000000,0.000000,0.000000,11.068031,5.517140,0.049699,0.056893,12.372933,0.115864,20.225037
1403638535177829376.000000,0.000000,0.000000,11.992072,2.501629,0.051856,0.059808,10.482629,0.074164,17.407848
1403638535227829504.000000,0.000000,0.000000,13.083244,2.468518,0.040681,0.079186,9.250957,0.062752,18.320962
1403638535277829376.000000,0.000000,0.000000,9.772080,2.632808,0.048754,0.063134,13.098289,0.081564,15.509152
1403638535327829504.000000,0.000000,0.000000,11.609531,2.633125,0.050302,0.057427,9.798451,2.115105,17.199447
1403638535377829376.000000,0.000000,0.000000,9.579027,2.381461,0.044153,0.072160,12.038778,0.118549,14.523442
1403638535427829504.000000,0.000000,0.000000,11.299083,2.508177,0.088841,0.086109,13.341544,0.102876,16.490327
1403638535477829376.000000,0.000000,0.000000,12.037094,2.707812,0.051810,0.054478,9.333565,0.061157,18.182128
1403638535527829504.000000,0.000000,0.000000,11.610156,6.669216,0.051613,0.062662,12.584288,2.181290,21.300067
1403638535577829376.000000,0.000000,0.000000,11.537846,2.502971,0.057949,0.034072,10.088612,0.074704,16.525348
1403638535627829504.000000,0.000000,0.000000,10.383339,5.028157,0.062315,0.065846,9.816266,0.075016,18.155144
1403638535677829376.000000,0.000000,0.000000,11.240414,2.734612,0.044567,0.067928,8.466649,1.708380,16.867205
1403638535727829504.000000,0.000000,0.000000,11.117359,5.170371,0.091541,0.061119,9.025076,0.125915,18.993669
1403638535777829376.000000,0.000000,0.000000,11.360346,3.651675,0.050189,0.049921,8.752254,0.065903,17.551813
1403638535827829504.000000,0.000000,0.000000,11.792062,6.512580,0.054955,0.052985,7.639131,1.848382,21.615013
1403638535877829376.000000,0.000000,0.000000,10.415223,2.483885,0.092561,0.064195,8.669682,0.100523,15.447880
1403638535927829504.000000,0.000000,0.000000,10.534565,2.429506,0.093782,0.076283,9.021121,0.065961,16.019052
1403638535977829376.000000,0.000000,0.000000,11.355388,6.326846,0.071516,0.053651,9.053633,0.078789,20.784479
1403638536027829504.000000,0.000000,0.000000,9.506325,6.169844,0.044234,0.048429,10.494975,0.092969,19.039695
1403638536077829376.000000,0.000000,0.000000,12.299488,5.443127,0.082611,0.044514,9.192972,0.112601,20.735675
1403638536127829504.000000,0.000000,0.000000,11.471021,3.363059,0.069117,0.053143,9.762019,0.059560,17.613415
1403638536177829376.000000,0.000000,0.000000,10.188244,5.804372,0.061255,0.038894,6.677823,3.515933,19.544888
1403638536227829504.000000,0.000000,0.000000,10.448340,2.567589,0.045563,0.078069,9.232091,0.075810,15.960216
1403638536277829376.000000,0.000000,0.000000,10.281578,3.945940,0.147050,0.050672,9.024404,0.080271,17.164868
1403638536327829504.000000,0.000000,0.000000,10.760159,2.518788,0.063152,0.045664,7.449818,0.052951,16.011905
1403638536377829376.000000,0.000000,0.000000,13.634126,7.298359,0.093462,0.049358,10.296179,0.075695,24.363517
1403638536427829504.000000,0.000000,0.000000,11.176334,2.489627,0.093975,0.056411,9.710490,0.061178,16.565887
1403638536477829376.000000,0.000000,0.000000,11.288902,6.216482,0.089181,0.048745,10.073724,0.078679,20.521037
1403638536527829504.000000,0.000000,0.000000,12.063856,7.251407,0.091501,0.051111,8.658546,3.242095,22.441239
1403638536577829376.000000,0.000000,0.000000,11.489241,6.351523,0.100721,0.056904,9.799884,0.092618,21.209038
1403638536627829504.000000,0.000000,0.000000,11.321176,6.130104,0.177702,0.065412,9.493694,0.135427,20.911188
1403638536677829376.000000,0.000000,0.000000,12.226363,6.538129,0.094812,0.052320,9.038247,0.079154,21.765983
1403638536727829504.000000,0.000000,0.000000,10.911698,7.704920,0.079104,0.052284,9.806008,2.518351,22.606252
1403638536777829376.000000,0.000000,0.000000,10.701212,2.473843,0.049004,0.043574,9.782608,0.083797,16.601508
1403638536827829504.000000,0.000000,0.000000,10.426045,5.382743,0.059356,0.067258,10.775248,0.075334,19.718381
1403638536877829376.000000,0.000000,0.000000,10.844703,2.413551,0.040039,0.065472,11.109851,0.071581,16.339318
1403638536927829504.000000,0.000000,0.000000,11.017392,5.375099,0.093514,0.062608,12.050562,2.326440,19.127606
1403638536977829376.000000,0.000000,0.000000,11.897291,2.670674,0.051067,0.045586,11.365155,0.096674,17.614529
1403638537027829504.000000,0.000000,0.000000,10.807730,8.550872,0.052167,0.066504,11.373189,0.115249,22.654264
1403638537077829376.000000,0.000000,0.000000,10.665727,2.348276,0.088581,0.043763,11.291022,0.090901,15.608723
1403638537127829504.000000,0.000000,0.000000,12.725786,2.473409,0.078216,0.069658,12.511180,2.156582,17.790653
1403638537177829376.000000,0.000000,0.000000,11.384071,6.139550,0.111611,0.044618,11.653589,0.134308,21.173479
1403638537227829504.000000,0.000000,0.000000,11.750712,5.804564,0.042459,0.069533,12.073872,0.134381,20.337248
1403638537277829376.000000,0.000000,0.000000,10.711811,6.212102,0.101971,0.057934,9.538920,0.064002,20.275635
1403638537327829504.000000,0.000000,0.000000,10.848334,2.519285,0.056390,0.111183,10.803170,2.175614,15.931531
1403638537377829376.000000,0.000000,0.000000,12.610737,6.179967,0.062542,0.081536,13.263590,0.123693,21.827492
1403638537427829504.000000,0.000000,0.000000,10.429041,2.562807,0.051474,0.066024,11.442283,0.102335,15.643969
1403638537477829376.000000,0.000000,0.000000,11.050092,2.490108,0.037718,0.069630,11.814961,2.493078,16.434075
1403638537527829504.000000,0.000000,0.000000,11.588940,4.016159,0.054922,0.103683,13.392672,0.121856,18.329993
1403638537577829376.000000,0.000000,0.000000,11.039855,4.188376,0.117591,0.071144,11.435624,0.142552,17.727288
1403638537627829504.000000,0.000000,0.000000,12.206909,2.995714,0.107461,0.081978,10.708051,2.072764,17.726726
1403638537677829376.000000,0.000000,0.000000,11.982315,6.187783,0.107695,0.142659,11.470751,0.094845,21.185191
1403638537727829504.000000,0.000000,0.000000,10.417065,6.572452,0.114974,0.069775,10.887098,0.083084,19.954349
1403638537777829376.000000,0.000000,0.000000,12.002318,6.207377,0.112131,0.101565,10.833188,1.564304,21.170223
1403638537827829504.000000,0.000000,0.000000,9.819221,6.658039,0.108814,0.072189,9.946545,0.098650,19.857128
1403638537877829376.000000,0.000000,0.000000,11.045915,6.063049,0.145307,0.064824,11.466376,0.124683,20.915901
1403638537927829504.000000,0.000000,0.000000,12.942447,6.147877,0.051508,0.068129,10.598654,1.435423,22.079853
1403638537977829376.000000,0.000000,0.000000,12.429812,6.815773,0.100979,0.064915,12.109316,0.125055,22.390687
1403638538027829504.000000,0.000000,0.000000,11.686015,3.378193,0.067670,0.065029,11.852805,0.121688,17.485606
1403638538077829376.000000,0.000000,0.000000,11.181832,6.350713,0.096232,0.089590,9.850009,1.583762,20.530376
1403638538127829504.000000,0.000000,0.000000,10.979628,2.495015,0.090272,0.087650,11.398289,0.108159,16.197841
1403638538177829376.000000,0.000000,0.000000,10.429096,5.367783,0.041954,0.079052,11.678105,0.080385,18.797302
1403638538227829504.000000,0.000000,0.000000,10.590795,6.845408,0.088481,0.062801,11.659444,1.314332,20.424915
1403638538277829376.000000,0.000000,0.000000,12.502114,2.546628,0.100485,0.076492,11.812674,0.079117,17.728702
1403638538327829504.000000,0.000000,0.000000,11.966466,5.314111,0.082928,0.090665,12.250315,0.103082,20.234913
1403638538377829376.000000,0.000000,0.000000,11.939325,6.095488,0.043862,0.037312,11.599613,1.100210,21.455223
1403638538427829504.000000,0.000000,0.000000,13.197848,6.107525,0.088601,0.080683,12.288543,0.105452,22.591048
1403638538477829376.000000,0.000000,0.000000,9.557311,2.571285,0.105074,0.081288,10.859831,0.122708,15.480950
1403638538527829504.000000,0.000000,0.000000,10.669876,6.761550,0.087382,0.065245,9.543022,0.801736,20.449322
1403638538577829376.000000,0.000000,0.000000,11.522875,6.368066,0.113271,0.068553,10.990844,0.100762,20.922853
1403638538627829504.000000,0.000000,0.000000,12.243962,6.910894,0.092048,0.075525,9.908865,0.110600,22.463912
1403638538677829376.000000,0.000000,0.000000,10.852579,6.435691,0.092038,0.068307,10.944251,0.988993,20.509007
1403638538727829504.000000,0.000000,0.000000,10.060313,6.220099,0.103215,0.083910,10.605760,0.120921,19.402584
1403638538777829376.000000,0.000000,0.000000,11.864484,7.980098,0.162930,0.097855,11.697903,0.118960,27.131883
1403638538827829504.000000,0.000000,0.000000,12.612754,6.801060,0.098941,0.035470,9.313981,0.930341,34.895420
1403638538877829376.000000,0.000000,0.000000,11.596524,6.588185,0.055444,0.080434,12.188492,0.087750,26.067297
1403638538927829504.000000,0.000000,0.000000,11.249590,7.522231,0.055726,0.071008,11.229595,0.111048,27.431471
1403638538977829376.000000,0.000000,0.000000,10.955705,4.437731,0.043740,0.036842,8.503113,0.824672,22.008915
1403638539027829504.000000,0.000000,0.000000,11.836842,3.573807,0.054470,0.071825,12.443438,0.139814,21.032474
1403638539077829376.000000,0.000000,0.000000,12.282017,3.438383,0.089581,0.071716,14.254267,0.112647,20.483490
1403638539127829504.000000,0.000000,0.000000,10.609113,4.773584,0.089750,0.082362,11.197480,0.913578,20.658824
1403638539177829376.000000,0.000000,0.000000,11.899841,10.458888,0.050061,0.044215,11.072380,0.127600,29.659627
1403638539227829504.000000,0.000000,0.000000,11.012309,10.565746,0.079803,0.081982,10.754090,0.111482,29.418470
1403638539277829376.000000,0.000000,0.000000,10.422955,9.664964,0.085180,0.068597,9.754463,0.060331,26.016301
1403638539327829504.000000,0.000000,0.000000,10.224284,9.159626,0.077379,0.072475,10.315260,0.961083,26.811798
1403638539377829376.000000,0.000000,0.000000,11.080316,12.036092,0.076914,0.054802,14.060615,0.074724,30.266451
1403638539427829504.000000,0.000000,0.000000,11.056038,9.470641,0.057091,0.067883,10.472279,0.132827,27.513946
1403638539477829376.000000,0.000000,0.000000,10.732171,12.444047,0.084932,0.157227,12.298702,0.091517,30.664272
1403638539527829504.000000,0.000000,0.000000,10.833214,10.212059,0.057289,0.075706,11.763478,0.774606,27.495207
1403638539577829376.000000,0.000000,0.000000,11.215067,10.466272,0.054258,0.042787,12.949636,0.128461,31.022978
1403638539627829504.000000,0.000000,0.000000,10.984236,5.559931,0.077293,0.101062,13.855002,0.084121,22.303221
1403638539677829376.000000,0.000000,0.000000,10.629732,5.422112,0.050659,0.094953,14.191108,0.086141,21.870403
1403638539727829504.000000,0.000000,0.000000,11.136414,12.308213,0.058737,0.066898,10.625283,1.131167,32.144866
1403638539777829376.000000,0.000000,0.000000,11.336024,6.658594,0.055541,0.046322,11.144546,0.207428,25.504398
1403638539827829504.000000,0.000000,0.000000,10.538202,7.390780,0.067343,0.077031,15.125340,0.152318,25.631092
1403638539877829376.000000,0.000000,0.000000,10.945364,10.173585,0.057574,0.066572,11.746805,0.129536,30.412390
1403638539927829504.000000,0.000000,0.000000,10.682365,11.144379,0.068858,0.075916,12.410562,1.746078,32.044103
1403638539977829376.000000,0.000000,0.000000,11.280722,6.132905,0.057355,0.067377,12.387632,0.101524,24.901453
1403638540027829504.000000,0.000000,0.000000,11.741790,5.703385,0.059528,0.069518,11.465890,0.121746,26.106791
1403638540077829376.000000,0.000000,0.000000,12.426675,10.269450,0.038870,0.062054,10.935035,0.122712,34.699011
1403638540127829504.000000,0.000000,0.000000,12.331918,5.594914,0.038248,0.064299,9.372381,0.943837,26.206285
1403638540177829376.000000,0.000000,0.000000,11.036318,6.414211,0.050200,0.062858,10.193493,0.142183,25.918667
1403638540227829504.000000,0.000000,0.000000,10.796067,6.169829,0.053209,0.073375,11.044858,0.094453,25.199573
1403638540277829376.000000,0.000000,0.000000,12.719614,5.412129,0.059468,0.038763,10.658834,1.376396,28.084885
1403638540327829504.000000,0.000000,0.000000,12.628291,9.736762,0.068474,0.056027,12.817916,0.109234,36.007215
1403638540377829376.000000,0.000000,0.000000,10.728194,5.572230,0.047912,0.112055,10.078303,0.105472,27.393695
1403638540427829504.000000,0.000000,0.000000,13.286616,7.851639,0.085535,0.055078,8.622599,0.067886,37.442318
1403638540477829376.000000,0.000000,0.000000,13.138416,5.373124,0.049954,0.075848,13.127059,2.103150,29.025681
1403638540527829504.000000,0.000000,0.000000,12.324571,8.919287,0.066603,0.043317,10.343360,0.083585,36.253845
1403638540577829376.000000,0.000000,0.000000,12.421828,7.993822,0.070872,0.058194,9.595843,0.081224,33.772814
1403638540627829504.000000,0.000000,0.000000,11.814926,5.411049,0.096718,0.050008,9.593936,0.113636,28.365474
1403638540677829376.000000,0.000000,0.000000,12.069873,8.269534,0.071210,0.105231,10.844552,1.286946,32.774281
1403638540727829504.000000,0.000000,0.000000,12.531792,6.486594,0.071515,0.039119,11.413654,0.128081,30.523002
1403638540777829376.000000,0.000000,0.000000,12.095347,5.793693,0.067819,0.048379,13.429625,0.105396,29.645036
1403638540827829504.000000,0.000000,0.000000,11.479531,11.743586,0.064788,0.034523,10.495688,0.089162,37.669408
1403638540877829376.000000,0.000000,0.000000,12.341895,5.709289,0.129204,0.055997,9.486962,1.340695,30.765450
1403638540927829504.000000,0.000000,0.000000,12.638123,5.497579,0.107268,0.065146,10.629210,0.076476,32.281370
1403638540977829376.000000,0.000000,0.000000,12.931184,8.080249,0.049570,0.059965,11.974006,0.113929,35.560934
1403638541027829504.000000,0.000000,0.000000,12.490185,9.693200,0.069939,0.061286,12.682859,0.076330,37.771800
1403638541077829376.000000,0.000000,0.000000,12.278658,5.626167,0.077671,0.065885,9.611786,1.227629,29.664146
1403638541127829504.000000,0.000000,0.000000,13.224250,8.546410,0.051021,0.125997,11.578073,0.114147,32.202682
1403638541177829376.000000,0.000000,0.000000,12.225599,5.513354,0.104531,0.062083,12.437560,0.090604,28.770601
1403638541227829504.000000,0.000000,0.000000,13.528462,5.859040,0.047611,0.054927,11.438093,0.112276,31.270967
1403638541277829376.000000,0.000000,0.000000,13.364504,8.082820,0.072908,0.057917,10.089103,1.165634,34.226372
1403638541327829504.000000,0.000000,0.000000,13.426448,6.175184,0.054740,0.063442,10.631148,0.074563,33.136930
1403638541377829376.000000,0.000000,0.000000,11.791280,8.612360,0.092197,0.057703,10.620518,0.093489,36.410759
1403638541427829504.000000,0.000000,0.000000,13.734080,10.581351,0.084645,0.029550,9.998915,0.109404,38.278901
1403638541477829376.000000,0.000000,0.000000,11.797161,5.314934,0.092217,0.063067,11.147954,1.471516,29.081516
1403638541527829504.000000,0.000000,0.000000,14.272080,6.301514,0.107541,0.044159,12.341063,0.112453,33.832678
1403638541577829376.000000,0.000000,0.000000,12.174918,5.997489,0.082724,0.053235,9.625104,0.111948,31.620040
1403638541627829504.000000,0.000000,0.000000,12.371634,8.308313,0.115226,0.068277,9.861929,0.059045,36.869091
1403638541677829376.000000,0.000000,0.000000,12.775638,5.898282,0.059365,0.056051,10.744780,1.535885,31.260295
1403638541727829504.000000,0.000000,0.000000,13.840668,7.534045,0.104460,0.035425,10.581163,0.102786,35.729885
1403638541777829376.000000,0.000000,0.000000,11.193886,5.463385,0.084998,0.053172,10.113591,0.119721,30.235088
1403638541827829504.000000,0.000000,0.000000,11.191974,8.053386,0.090523,0.029620,11.750981,0.083804,35.122361
1403638541877829376.000000,0.000000,0.000000,11.694002,5.725243,0.122296,0.058523,10.830788,0.963332,30.236531
1403638541927829504.000000,0.000000,0.000000,12.437966,6.792456,0.089710,0.049616,12.894046,0.125283,30.974729
1403638541977829376.000000,0.000000,0.000000,10.885586,6.563743,0.112546,0.078587,12.922182,0.116637,32.074458
1403638542027829504.000000,0.000000,0.000000,12.166819,5.544491,0.063466,0.053032,9.389468,0.092220,31.259237
1403638542077829376.000000,0.000000,0.000000,13.111607,10.406941,0.095116,0.059909,12.313545,1.232045,41.391166
1403638542127829504.000000,0.000000,0.000000,10.840085,8.743542,0.100472,0.034848,12.172709,0.091372,34.845245
1403638542177829376.000000,0.000000,0.000000,11.154324,9.027842,0.137618,0.059301,11.315303,0.110448,36.600784
1403638542227829504.000000,0.000000,0.000000,10.436935,5.655771,0.095251,0.036354,10.281352,0.084401,30.869625
1403638542277829376.000000,0.000000,0.000000,12.319632,5.826841,0.124324,0.057662,12.040301,1.482030,31.867745
1403638542327829504.000000,0.000000,0.000000,12.537837,6.105024,0.107609,0.038392,12.169140,0.116541,32.228483
1403638542377829376.000000,0.000000,0.000000,12.043106,6.615335,0.099260,0.057202,15.024457,0.103964,32.732401
1403638542427829504.000000,0.000000,0.000000,10.431933,10.430246,0.102265,0.034061,10.823383,0.086044,36.032134
1403638542477829376.000000,0.000000,0.000000,11.575502,12.199426,0.103420,0.048475,9.466557,1.463733,36.764114
1403638542527829504.000000,0.000000,0.000000,10.911130,6.294941,0.100155,0.040333,11.493316,0.094079,30.495108
1403638542577829376.000000,0.000000,0.000000,10.427215,6.631647,0.098025,0.057952,13.012848,0.113477,31.128657
1403638542627829504.000000,0.000000,0.000000,11.004221,6.908006,0.132000,0.046443,10.824953,1.716568,30.645548
1403638542677829376.000000,0.000000,0.000000,9.959686,5.205712,0.094390,0.056617,12.060497,0.087854,27.718231
1403638542727829504.000000,0.000000,0.000000,11.142117,6.700328,0.104751,0.055944,11.037978,0.127542,32.990139
1403638542777829376.000000,0.000000,0.000000,11.169349,5.820081,0.068511,0.038220,9.251858,2.197110,30.724607
1403638542827829504.000000,0.000000,0.000000,11.748377,5.295858,0.105520,0.066016,12.870000,0.121894,30.339966
1403638542877829376.000000,0.000000,0.000000,10.675759,5.703924,0.109857,0.060229,12.425530,0.138637,33.809510
1403638542927829504.000000,0.000000,0.000000,10.830074,5.355368,0.135464,0.048210,9.319656,0.060943,29.127136
1403638542977829376.000000,0.000000,0.000000,10.408346,7.009390,0.101321,0.055552,13.059666,3.957268,30.464664
1403638543027829504.000000,0.000000,0.000000,10.716830,6.232185,0.118242,0.045381,10.944673,0.086136,31.089827
1403638543077829376.000000,0.000000,0.000000,10.402990,5.678988,0.071678,0.060012,13.060204,0.099212,30.207755
1403638543127829504.000000,0.000000,0.000000,11.989761,4.889401,0.102344,0.066342,12.018016,0.107877,32.543276
1403638543177829376.000000,0.000000,0.000000,10.714946,5.335048,0.153356,0.056964,10.321450,2.672511,29.993179
1403638543227829504.000000,0.000000,0.000000,10.352895,6.577789,0.098382,0.053981,13.243215,0.101152,29.606349
1403638543277829376.000000,0.000000,0.000000,10.561984,8.190692,0.118705,0.056972,11.364062,0.120588,35.192576
1403638543327829504.000000,0.000000,0.000000,10.562405,7.965507,0.142273,0.047001,11.752913,2.266042,33.778992
1403638543377829376.000000,0.000000,0.000000,10.039155,5.850028,0.110595,0.069930,13.997303,0.098114,31.287929
1403638543427829504.000000,0.000000,0.000000,10.292927,7.379452,0.110141,0.066138,12.764074,0.154006,34.358246
1403638543477829376.000000,0.000000,0.000000,9.756218,5.572470,0.103959,0.038724,11.039668,0.066716,27.995891
1403638543527829504.000000,0.000000,0.000000,11.384395,6.810022,0.113848,0.064010,14.129776,2.364741,36.477717
1403638543577829376.000000,0.000000,0.000000,9.657603,5.003332,0.045985,0.040521,11.430073,0.139213,27.843721
1403638543627829504.000000,0.000000,0.000000,10.288397,5.797259,0.095973,0.054562,13.358511,0.120561,30.098741
1403638543677829376.000000,0.000000,0.000000,12.098097,5.106510,0.103517,0.080276,11.978463,0.073921,30.342021
1403638543727829504.000000,0.000000,0.000000,9.947012,5.255740,0.092266,0.058675,11.178907,1.831881,27.914333
1403638543777829376.000000,0.000000,0.000000,10.301921,4.994158,0.101971,0.058089,12.624165,0.109766,27.175863
1403638543827829504.000000,0.000000,0.000000,10.623199,4.866346,0.194158,0.053787,14.001822,0.136088,28.033038
1403638543877829376.000000,0.000000,0.000000,10.675404,4.872477,0.053197,0.055117,13.104177,0.120018,27.790047
1403638543927829504.000000,0.000000,0.000000,9.931172,7.681196,0.092588,0.057159,10.353940,1.637356,29.739124
1403638543977829376.000000,0.000000,0.000000,10.355447,5.838654,0.089523,0.065287,14.731364,0.142480,28.981314
1403638544027829504.000000,0.000000,0.000000,11.300766,8.957379,0.099103,0.068062,13.695047,0.127317,33.792362
1403638544077829376.000000,0.000000,0.000000,9.211241,8.764207,0.083260,0.082018,12.519426,1.912952,30.297852
1403638544127829504.000000,0.000000,0.000000,11.121127,8.407047,0.059976,0.054609,12.334206,0.141390,32.462803
1403638544177829376.000000,0.000000,0.000000,10.100776,5.405778,0.089019,0.058859,13.903209,0.116231,28.455692
1403638544227829504.000000,0.000000,0.000000,12.364536,6.642174,0.089971,0.078805,15.296084,0.162547,31.352489
1403638544277829376.000000,0.000000,0.000000,11.203919,7.887854,0.090203,0.063632,13.236688,1.953424,31.633976
1403638544327829504.000000,0.000000,0.000000,9.554925,5.662096,0.082229,0.038538,13.647066,0.094865,25.648173
1403638544377829376.000000,0.000000,0.000000,11.384089,5.900859,0.111450,0.066922,13.496972,0.111272,30.735985
1403638544427829504.000000,0.000000,0.000000,10.881339,6.271792,0.102458,0.060906,13.051861,0.182503,30.332143
1403638544477829376.000000,0.000000,0.000000,12.016998,8.072631,0.089842,0.057693,14.640335,0.097778,34.030443
1403638544527829504.000000,0.000000,0.000000,11.590114,7.401027,0.127679,0.062420,10.822621,3.048545,34.628104
1403638544577829376.000000,0.000000,0.000000,11.923458,6.275582,0.097884,0.052297,13.586152,0.134783,31.469183
1403638544627829504.000000,0.000000,0.000000,11.498602,5.634779,0.094421,0.073574,13.188028,0.104179,30.049427
1403638544677829376.000000,0.000000,0.000000,11.850362,5.669618,0.096901,0.104192,13.278482,0.092734,29.771140
1403638544727829504.000000,0.000000,0.000000,13.701083,8.004323,0.107592,0.065969,12.369214,0.080595,37.307735
1403638544777829376.000000,0.000000,0.000000,12.538835,5.513572,0.108391,0.064648,12.239634,3.109347,31.173342
1403638544827829504.000000,0.000000,0.000000,12.737982,6.510812,0.113115,0.050727,16.853036,0.138708,33.354204
1403638544877829376.000000,0.000000,0.000000,12.026020,5.466231,0.107813,0.081107,15.946756,0.133560,31.753705
1403638544927829504.000000,0.000000,0.000000,10.995490,8.252286,0.089682,0.069348,14.234697,0.123209,36.630403
1403638544977829376.000000,0.000000,0.000000,12.482257,6.264438,0.101347,0.078165,13.157248,0.064159,33.746831
1403638545027829504.000000,0.000000,0.000000,11.482136,5.791528,0.114279,0.109101,14.372595,0.088886,32.071373
1403638545077829376.000000,0.000000,0.000000,10.972773,6.774730,0.118533,0.076939,13.185380,2.929008,32.476506
1403638545127829504.000000,0.000000,0.000000,17.540015,8.007861,0.107885,0.050378,13.957667,0.097623,43.853121
1403638545177829376.000000,0.000000,0.000000,12.314609,7.404355,0.103915,0.065396,13.416336,0.168555,34.986636
1403638545227829504.000000,0.000000,0.000000,11.224954,5.248596,0.198977,0.065454,13.777167,0.117396,31.428796
1403638545277829376.000000,0.000000,0.000000,13.042183,6.595366,0.111215,0.074719,13.077068,3.356439,32.548147
1403638545327829504.000000,0.000000,0.000000,12.415532,5.440039,0.108334,0.056205,14.090596,0.172739,34.120024
1403638545377829376.000000,0.000000,0.000000,11.969291,7.932919,0.127769,0.065913,14.942146,0.138709,35.860284
1403638545427829504.000000,0.000000,0.000000,11.444577,5.902425,0.118858,0.073581,16.844394,0.254437,32.330209
1403638545477829376.000000,0.000000,0.000000,12.073312,7.781370,0.111597,0.063780,12.136644,3.325108,37.235483
1403638545527829504.000000,0.000000,0.000000,12.881610,6.675480,0.107421,0.052058,13.317046,0.119409,36.288740
1403638545577829376.000000,0.000000,0.000000,14.076120,5.752670,0.200465,0.073250,14.476471,0.093774,34.809161
1403638545627829504.000000,0.000000,0.000000,11.829739,7.060720,0.097910,0.074808,13.559144,0.127160,34.821647
1403638545677829376.000000,0.000000,0.000000,12.132037,6.560047,0.146991,0.061324,13.103083,3.328253,33.745410
1403638545727829504.000000,0.000000,0.000000,11.363893,6.055104,0.059007,0.053690,14.300338,0.108572,31.698786
1403638545777829376.000000,0.000000,0.000000,12.007467,6.787512,0.071223,0.070409,13.728892,0.151876,34.468719
1403638545827829504.000000,0.000000,0.000000,13.342167,6.676200,0.117708,0.036841,12.866768,0.093446,33.194234
1403638545877829376.000000,0.000000,0.000000,12.993031,7.870971,0.113412,0.080655,14.139490,3.244321,36.073707
1403638545927829504.000000,0.000000,0.000000,12.309182,7.748701,0.108756,0.062542,13.409216,0.109156,35.154077
1403638545977829376.000000,0.000000,0.000000,12.544594,7.664026,0.134735,0.082710,13.836481,0.143077,36.156413
1403638546027829504.000000,0.000000,0.000000,12.252740,7.034294,0.065392,0.072158,19.081604,0.155908,34.546263
1403638546077829376.000000,0.000000,0.000000,12.715775,7.627358,0.125539,0.901348,9.169713,0.066276,35.009938
1403638546127829504.000000,0.000000,0.000000,13.554715,8.750679,0.109756,0.063062,11.756800,0.110575,37.349483
1403638546177829376.000000,0.000000,0.000000,12.440743,7.729760,0.070203,0.062571,11.246435,0.099816,35.253223
1403638546227829504.000000,0.000000,0.000000,13.370893,8.133939,0.115613,0.069077,10.668012,0.111301,38.183456
1403638546277829376.000000,0.000000,0.000000,14.051080,8.536881,0.103421,0.063377,12.324645,0.123302,37.705423
1403638546327829504.000000,0.000000,0.000000,12.191179,7.612471,0.125844,0.062567,12.281644,0.094626,35.913837
1403638546377829376.000000,0.000000,0.000000,12.612320,7.010104,0.091878,0.061109,10.148330,2.839492,35.418171
1403638546427829504.000000,0.000000,0.000000,12.599646,7.761651,0.105326,0.084525,11.641890,0.114420,35.990921
1403638546477829376.000000,0.000000,0.000000,12.895116,6.481875,0.097674,0.061818,10.600718,1.757935,33.693019
1403638546527829504.000000,0.000000,0.000000,12.827360,7.643195,0.101221,0.058342,12.421992,0.153438,33.961931
1403638546577829376.000000,0.000000,0.000000,12.174115,9.367671,0.111243,0.076194,12.912307,0.132127,36.222831
1403638546627829504.000000,0.000000,0.000000,13.776809,7.953474,0.112964,0.065204,11.054844,0.123781,35.368773
1403638546677829376.000000,0.000000,0.000000,13.163822,7.393762,0.093226,0.057125,9.940340,0.064798,35.419810
1403638546727829504.000000,0.000000,0.000000,13.762329,6.817516,0.087946,0.076237,11.008778,0.208131,34.682800
1403638546777829376.000000,0.000000,0.000000,14.774941,6.487074,0.104878,0.068447,11.501829,2.669657,36.680346
1403638546827829504.000000,0.000000,0.000000,13.683242,5.335075,0.093739,0.052589,11.741648,0.081124,32.189019
1403638546877829376.000000,0.000000,0.000000,11.882010,5.017224,0.094388,0.074390,11.251543,0.140755,33.007074
1403638546927829504.000000,0.000000,0.000000,13.017542,5.212799,0.099610,0.071755,11.260391,0.133045,32.516953
1403638546977829376.000000,0.000000,0.000000,12.799924,4.992509,0.103856,0.051242,10.498899,2.378049,30.121709
1403638547027829504.000000,0.000000,0.000000,12.660596,7.700343,0.103484,0.067366,10.881302,0.121003,36.332171
1403638547077829376.000000,0.000000,0.000000,12.870084,7.643595,0.086159,0.080636,12.368091,0.105916,37.918517
1403638547127829504.000000,0.000000,0.000000,13.328781,7.009985,0.102903,0.074278,13.641349,0.082190,35.364930
1403638547177829376.000000,0.000000,0.000000,13.305249,6.140900,0.097114,0.080724,11.060079,2.837380,33.750303
1403638547227829504.000000,0.000000,0.000000,13.072091,5.420386,0.120777,0.054833,14.084668,0.106782,32.572502
1403638547277829376.000000,0.000000,0.000000,12.817833,6.978755,0.102295,0.074447,12.569553,0.113123,32.730596
1403638547327829504.000000,0.000000,0.000000,13.500928,5.195944,0.094877,0.064909,10.910791,0.106116,32.798915
1403638547377829376.000000,0.000000,0.000000,12.334943,6.098460,0.124350,0.040249,9.973924,2.532234,35.668199
1403638547427829504.000000,0.000000,0.000000,12.832378,5.341465,0.107536,0.070120,13.079487,0.087163,32.436721
1403638547477829376.000000,0.000000,0.000000,13.190107,6.868140,0.100416,0.075605,12.211548,0.129748,37.308229
1403638547527829504.000000,0.000000,0.000000,12.049216,6.401489,0.154525,0.061428,10.317446,0.166041,34.297498
1403638547577829376.000000,0.000000,0.000000,11.430998,7.459812,0.169262,0.050174,10.640810,2.537022,35.274202
1403638547627829504.000000,0.000000,0.000000,13.324179,6.056538,0.096547,0.053771,12.316421,0.134789,36.951487
1403638547677829376.000000,0.000000,0.000000,13.182796,5.614263,0.083587,0.061434,10.566321,0.112184,37.167650
1403638547727829504.000000,0.000000,0.000000,12.933178,5.167195,0.094879,0.074517,11.590224,0.074913,33.397099
1403638547777829376.000000,0.000000,0.000000,12.822362,5.405208,0.091704,0.061368,11.116306,3.082060,33.376047
1403638547827829504.000000,0.000000,0.000000,13.982642,5.312933,0.102310,0.041137,11.479092,0.118590,38.016931
1403638547877829376.000000,0.000000,0.000000,12.885870,6.158168,0.093383,0.076083,12.957139,0.129366,34.113354
1403638547927829504.000000,0.000000,0.000000,11.761643,6.819760,0.093179,0.065952,12.947219,0.113149,35.880670
1403638547977829376.000000,0.000000,0.000000,11.857641,6.849270,0.094196,0.049022,9.700669,2.938403,34.814639
1403638548027829504.000000,0.000000,0.000000,12.372407,5.435503,0.110746,0.062905,10.840566,0.133397,33.044864
1403638548077829376.000000,0.000000,0.000000,12.855292,5.777706,0.083321,0.069576,12.347529,0.120159,32.868180
1403638548127829504.000000,0.000000,0.000000,11.682660,5.787612,0.087425,0.067456,11.492732,0.098739,30.875875
1403638548177829376.000000,0.000000,0.000000,11.989736,7.238260,0.102420,0.054354,12.795475,2.527088,32.852038
1403638548227829504.000000,0.000000,0.000000,11.795515,6.150598,0.115092,0.052634,11.443909,0.133254,32.155886
1403638548277829376.000000,0.000000,0.000000,12.595447,8.219104,0.134663,0.078307,12.893108,0.118570,36.276322
1403638548327829504.000000,0.000000,0.000000,12.546080,8.143365,0.094966,0.079485,10.818174,0.080337,36.747908
1403638548377829376.000000,0.000000,0.000000,12.546503,6.872158,0.105871,0.035173,11.293062,3.744506,33.338637
1403638548427829504.000000,0.000000,0.000000,12.479996,5.896692,0.107261,0.051691,10.431622,0.144934,30.164867
1403638548477829376.000000,0.000000,0.000000,12.847933,11.529840,0.090642,0.065029,11.820770,0.108464,42.615145
1403638548527829504.000000,0.000000,0.000000,12.448354,5.576154,0.093077,0.059932,12.191087,0.131628,31.601295
1403638548577829376.000000,0.000000,0.000000,11.895105,6.187098,0.176166,0.034237,10.237047,2.801055,31.564358
1403638548627829504.000000,0.000000,0.000000,12.478052,5.450824,0.104222,0.076972,13.148126,0.094702,30.867050
1403638548677829376.000000,0.000000,0.000000,13.062894,6.265357,0.091439,0.066958,12.548490,0.116100,35.177718
1403638548727829504.000000,0.000000,0.000000,12.142872,8.086599,0.106456,0.064951,11.230992,0.169926,34.848673
1403638548777829376.000000,0.000000,0.000000,12.774349,5.616513,0.103321,0.035755,10.206758,3.717329,34.983320
1403638548827829504.000000,0.000000,0.000000,12.333457,6.158730,0.101402,0.065314,11.375240,0.090435,34.715924
1403638548877829376.000000,0.000000,0.000000,13.079181,5.355406,0.091628,0.071943,11.805873,0.143277,32.034399
1403638548927829504.000000,0.000000,0.000000,13.074571,5.877533,0.101567,0.067550,12.643853,0.078376,32.937434
1403638548977829376.000000,0.000000,0.000000,13.074202,7.222144,0.096886,0.072374,9.868829,2.694470,35.662728
1403638549027829504.000000,0.000000,0.000000,13.759324,7.111248,0.086352,0.074345,11.399971,0.168781,40.236590
1403638549077829376.000000,0.000000,0.000000,12.523868,5.277248,0.101023,0.059904,12.633699,0.134037,32.010100
1403638549127829504.000000,0.000000,0.000000,14.651876,5.516085,0.101127,0.049302,11.731231,0.091456,35.417599
1403638549177829376.000000,0.000000,0.000000,12.586327,6.186285,0.096568,0.051521,10.396895,2.744522,34.725193
1403638549227829504.000000,0.000000,0.000000,12.953700,6.637764,0.092764,0.065912,10.494781,0.126950,34.736885
1403638549277829376.000000,0.000000,0.000000,12.315622,6.705633,0.099691,0.075780,11.430691,0.100651,33.295918
1403638549327829504.000000,0.000000,0.000000,13.306449,8.260407,0.102219,0.053786,12.051179,0.156647,35.525202
1403638549377829376.000000,0.000000,0.000000,11.841925,5.448539,0.109069,0.054183,10.777175,3.681913,31.358632
1403638549427829504.000000,0.000000,0.000000,12.281278,6.852140,0.112514,0.048597,12.625302,0.147937,32.326614
1403638549477829376.000000,0.000000,0.000000,13.471183,7.568825,0.105932,0.078123,14.755436,0.127157,36.686618
1403638549527829504.000000,0.000000,0.000000,11.649371,6.791691,0.134390,0.059526,11.504992,0.116403,34.428452
1403638549577829376.000000,0.000000,0.000000,11.270822,5.241051,0.108778,0.034154,9.605035,3.054079,29.445543
1403638549627829504.000000,0.000000,0.000000,11.976062,5.655184,0.086893,0.072835,11.134772,0.150012,30.926536
1403638549677829376.000000,0.000000,0.000000,12.540398,7.568981,0.095568,0.058272,10.904001,0.092711,35.583385
1403638549727829504.000000,0.000000,0.000000,11.570883,5.803159,0.091356,0.041979,11.328924,0.139481,31.105025
1403638549777829376.000000,0.000000,0.000000,12.382437,6.709979,0.097606,0.052083,9.739493,2.937914,32.890031
1403638549827829504.000000,0.000000,0.000000,12.315071,5.527925,0.100022,0.059015,12.522577,0.077288,35.120694
1403638549877829376.000000,0.000000,0.000000,12.105857,6.190156,0.095343,0.060447,12.367048,0.130153,33.153307
1403638549927829504.000000,0.000000,0.000000,11.824522,6.250755,0.109889,0.068756,10.687522,0.121628,34.885939
1403638549977829376.000000,0.000000,0.000000,12.607683,5.901658,0.117573,0.031453,9.766930,3.115673,34.675935
1403638550027829504.000000,0.000000,0.000000,12.535565,5.169408,0.098416,0.089041,14.013284,0.141095,30.538997
1403638550077829376.000000,0.000000,0.000000,14.646154,8.022684,0.110969,0.056218,11.814382,0.150965,39.481938
1403638550127829504.000000,0.000000,0.000000,12.237576,8.081784,0.103455,0.116880,12.200593,0.096716,35.779963
1403638550177829376.000000,0.000000,0.000000,12.545352,8.453796,0.111985,0.048920,9.247775,3.705327,35.803742
1403638550227829504.000000,0.000000,0.000000,13.202867,7.192305,0.117163,0.051288,10.923895,0.127236,33.867614
1403638550277829376.000000,0.000000,0.000000,12.553419,8.869221,0.110009,0.075885,10.775098,0.083634,38.444848
1403638550327829504.000000,0.000000,0.000000,12.194606,8.295769,0.111362,0.066730,10.341578,0.073759,36.289012
1403638550377829376.000000,0.000000,0.000000,12.234628,8.335373,0.093926,0.030595,8.619352,3.345126,38.876916
1403638550427829504.000000,0.000000,0.000000,12.033356,5.657505,0.095382,0.111551,13.723626,0.080151,32.383587
1403638550477829376.000000,0.000000,0.000000,10.712873,6.119515,0.097072,0.074640,10.380046,0.096102,31.119006
1403638550527829504.000000,0.000000,0.000000,12.149510,7.422826,0.093154,0.040389,9.969660,0.125584,34.800715
1403638550577829376.000000,0.000000,0.000000,11.823110,6.092018,0.087939,0.054309,11.565737,3.322084,35.062229
1403638550627829504.000000,0.000000,0.000000,12.027080,6.443852,0.088279,0.052417,11.135714,0.078154,34.146000
1403638550677829376.000000,0.000000,0.000000,11.110376,6.420608,0.099894,0.057242,9.951641,0.111522,32.768927
1403638550727829504.000000,0.000000,0.000000,11.495748,6.135106,0.117922,0.049584,12.183581,0.134766,32.318967
1403638550777829376.000000,0.000000,0.000000,12.628139,5.585472,0.144554,0.047064,8.818909,3.494897,32.448111
1403638550827829504.000000,0.000000,0.000000,12.175693,8.794495,0.098818,0.077219,10.289314,0.137473,37.774404
1403638550877829376.000000,0.000000,0.000000,12.156852,7.168726,0.100402,0.075570,11.825696,0.139216,35.513065
1403638550927829504.000000,0.000000,0.000000,11.787474,5.708000,0.090955,0.033007,12.273764,0.114595,29.992624
1403638550977829376.000000,0.000000,0.000000,11.839543,6.610881,0.103774,0.034304,10.645111,3.640450,39.109985
1403638551027829504.000000,0.000000,0.000000,10.922692,5.981274,0.111961,0.142285,12.331298,0.086320,31.005756
1403638551077829376.000000,0.000000,0.000000,11.748082,7.206211,0.100551,0.069266,10.539862,0.108860,35.357686
1403638551127829504.000000,0.000000,0.000000,11.776655,7.758620,0.113354,0.058857,14.021193,0.111803,34.772298
1403638551177829376.000000,0.000000,0.000000,11.144223,7.672876,0.097570,0.041547,9.388840,4.531094,34.878994
1403638551227829504.000000,0.000000,0.000000,11.814878,7.232256,0.107707,0.087906,9.850065,0.088825,35.987814
1403638551277829376.000000,0.000000,0.000000,12.046452,6.269222,0.113872,0.055432,10.331797,0.125733,33.181475
1403638551327829504.000000,0.000000,0.000000,12.331501,7.586407,0.122030,0.043371,10.278048,0.114191,37.457462
1403638551377829376.000000,0.000000,0.000000,11.281716,7.461432,0.096734,0.052201,9.484114,4.123346,36.074420
1403638551427829504.000000,0.000000,0.000000,11.564498,7.650419,0.115855,0.055891,11.044035,0.140785,36.397265
1403638551477829376.000000,0.000000,0.000000,11.482200,6.916888,0.108541,0.072088,12.541907,0.128009,32.758146
1403638551527829504.000000,0.000000,0.000000,11.272566,9.882298,0.101558,0.055806,9.506289,0.108794,40.886780
1403638551577829376.000000,0.000000,0.000000,11.188507,7.055210,0.172091,0.079731,10.384605,3.466547,33.509188
1403638551627829504.000000,0.000000,0.000000,10.987070,6.245437,0.113176,0.088960,12.190294,0.079217,33.994836
1403638551677829376.000000,0.000000,0.000000,12.972433,6.103865,0.099458,0.064944,11.260280,0.130791,34.548746
1403638551727829504.000000,0.000000,0.000000,11.775696,5.841963,0.109622,0.049537,8.792966,0.138273,34.079423
1403638551777829376.000000,0.000000,0.000000,11.967280,6.116359,0.128807,0.056665,9.033890,3.701441,33.873445
1403638551827829504.000000,0.000000,0.000000,10.725165,8.085982,0.108261,0.096697,10.284874,0.100631,36.308267
1403638551877829376.000000,0.000000,0.000000,11.784524,7.684434,0.114024,0.066818,11.009299,0.124115,35.990295
1403638551927829504.000000,0.000000,0.000000,9.899213,6.708822,0.113668,0.043371,9.301408,0.074778,31.540774
1403638551977829376.000000,0.000000,0.000000,10.541711,7.422140,0.171445,0.041379,8.638491,2.633097,36.469379
1403638552027829504.000000,0.000000,0.000000,12.076009,8.429895,0.103816,0.042083,9.509956,0.139563,38.022778
1403638552077829376.000000,0.000000,0.000000,11.006825,8.519600,0.112908,0.062870,10.686126,0.119343,37.702956
1403638552127829504.000000,0.000000,0.000000,12.540237,8.886992,0.111280,0.053392,14.164168,0.107387,37.270647
1403638552177829376.000000,0.000000,0.000000,12.371254,7.424390,0.128951,0.044466,8.893908,3.737108,36.855519
1403638552227829504.000000,0.000000,0.000000,12.328168,6.243605,0.105845,0.079348,10.284328,0.103456,40.563067
1403638552277829376.000000,0.000000,0.000000,11.715428,8.098939,0.134706,0.052999,8.802333,0.124418,38.273857
1403638552327829504.000000,0.000000,0.000000,10.401063,7.016780,0.115940,0.043951,9.280520,0.105530,34.548169
1403638552377829376.000000,0.000000,0.000000,11.893106,6.003906,0.107019,0.050719,8.980477,3.451115,34.897902
1403638552427829504.000000,0.000000,0.000000,11.420517,6.597844,0.068257,0.052269,8.636851,0.108560,34.824994
1403638552477829376.000000,0.000000,0.000000,11.479867,6.983958,0.105407,0.079552,7.373901,0.061261,36.343829
1403638552527829504.000000,0.000000,0.000000,11.253714,8.728978,0.105703,0.027598,6.485632,0.110653,37.788374
1403638552577829376.000000,0.000000,0.000000,10.940156,8.919336,0.117191,0.054996,9.359242,2.770632,36.904788
1403638552627829504.000000,0.000000,0.000000,12.723912,7.007699,0.123488,0.053980,8.200169,0.085218,36.416636
1403638552677829376.000000,0.000000,0.000000,11.601626,7.349034,0.100242,0.050166,7.851942,0.081399,35.531678
1403638552727829504.000000,0.000000,0.000000,10.537178,7.914503,0.107398,0.054411,7.842378,0.072930,34.160742
1403638552777829376.000000,0.000000,0.000000,12.576460,6.119129,0.115170,0.059958,6.535262,2.279505,37.019661
1403638552827829504.000000,0.000000,0.000000,11.996669,8.831354,0.112230,0.064816,9.629935,0.095791,41.102193
1403638552877829376.000000,0.000000,0.000000,11.310459,8.221943,0.089968,0.055631,8.136019,0.104863,39.052881
1403638552927829504.000000,0.000000,0.000000,12.024258,6.789840,0.219536,0.047584,6.393474,0.068761,36.374123
1403638552977829376.000000,0.000000,0.000000,10.935981,7.300284,0.130532,0.059321,9.202121,2.964992,35.021057
1403638553027829504.000000,0.000000,0.000000,13.095003,7.110938,0.121708,0.063289,8.365476,0.099831,39.114409
1403638553077829376.000000,0.000000,0.000000,13.992343,8.987006,0.114446,0.079041,9.257502,0.088689,42.286302
1403638553127829504.000000,0.000000,0.000000,11.968330,6.013793,0.107348,0.051992,6.844664,2.644267,35.359339
1403638553177829376.000000,0.000000,0.000000,10.853060,7.452604,0.128301,0.113507,11.454739,0.109942,35.528874
1403638553227829504.000000,0.000000,0.000000,11.553979,6.882464,0.067263,0.077851,9.258478,0.111959,35.587755
1403638553277829376.000000,0.000000,0.000000,11.537030,6.360287,0.080664,0.059982,9.562095,2.801461,37.645443
1403638553327829504.000000,0.000000,0.000000,11.158154,6.776909,0.137646,0.151069,11.345508,0.101775,35.714952
1403638553377829376.000000,0.000000,0.000000,11.316201,7.562173,0.121722,0.072366,10.190504,0.200560,37.445756
1403638553427829504.000000,0.000000,0.000000,10.739026,6.881574,0.118900,0.061074,7.743220,0.118529,38.302243
1403638553477829376.000000,0.000000,0.000000,11.591924,10.731195,0.150294,0.072881,8.202271,1.813272,41.172207
1403638553527829504.000000,0.000000,0.000000,11.696285,6.875079,0.132142,0.071628,8.640138,0.111862,35.369403
1403638553577829376.000000,0.000000,0.000000,11.595092,6.482938,0.077863,0.081915,10.457435,0.133690,36.096226
1403638553627829504.000000,0.000000,0.000000,11.075913,8.437159,0.074548,0.067265,10.995157,0.128313,37.329532
1403638553677829376.000000,0.000000,0.000000,11.803502,6.673211,0.126762,0.057924,7.877360,2.001964,38.028250
1403638553727829504.000000,0.000000,0.000000,11.632276,6.303118,0.078388,0.131487,9.385912,0.107519,35.657782
1403638553777829376.000000,0.000000,0.000000,10.691895,6.634691,0.151289,0.081204,8.773241,0.116326,35.549892
1403638553827829504.000000,0.000000,0.000000,11.027960,7.228694,0.126872,0.058238,8.451735,0.112915,36.711646
1403638553877829376.000000,0.000000,0.000000,10.732628,7.083033,0.125103,0.069533,8.843235,0.074798,38.472375
1403638553927829504.000000,0.000000,0.000000,11.213527,6.081405,0.136086,0.068845,10.529282,2.202277,34.680864
1403638553977829376.000000,0.000000,0.000000,11.761108,6.051449,0.150546,0.064208,10.076690,0.129069,35.280344
1403638554027829504.000000,0.000000,0.000000,12.749184,6.301813,0.123940,0.083723,9.810539,0.113137,42.448982
1403638554077829376.000000,0.000000,0.000000,12.567090,6.251999,0.152713,0.058568,10.777612,0.132131,33.189630
1403638554127829504.000000,0.000000,0.000000,12.520262,7.568492,0.138167,0.040059,8.555056,1.611617,35.783926
1403638554177829376.000000,0.000000,0.000000,12.819601,7.222620,0.130008,0.091476,9.236305,0.088562,34.652877
1403638554227829504.000000,0.000000,0.000000,11.541866,6.939923,0.141951,0.072267,10.005538,0.150378,32.624872
1403638554277829376.000000,0.000000,0.000000,12.427462,7.022970,0.146895,0.080329,9.732221,0.101928,35.312492
1403638554327829504.000000,0.000000,0.000000,12.318332,8.158234,0.132924,0.073380,9.929229,1.596123,36.189207
1403638554377829376.000000,0.000000,0.000000,11.442064,7.699286,0.124872,0.072130,9.513027,0.150573,36.023921
1403638554427829504.000000,0.000000,0.000000,12.312500,7.998776,0.093563,0.066775,9.762311,0.128516,35.447558
1403638554477829376.000000,0.000000,0.000000,12.318434,5.780133,0.170077,0.069520,9.391708,0.076391,33.671496
1403638554527829504.000000,0.000000,0.000000,11.606546,8.012807,0.141368,0.067985,11.895796,1.826009,35.936221
1403638554577829376.000000,0.000000,0.000000,10.742203,7.348568,0.152790,0.043446,12.911064,0.113835,34.873493
1403638554627829504.000000,0.000000,0.000000,10.961190,6.488728,0.133941,0.067431,9.035525,0.085311,32.126023
1403638554677829376.000000,0.000000,0.000000,12.689722,5.678667,0.136579,0.039384,7.784103,0.109981,31.660474
1403638554727829504.000000,0.000000,0.000000,11.947414,5.864736,0.209901,0.062860,9.889593,1.941292,32.549312
1403638554777829376.000000,0.000000,0.000000,11.687434,5.442657,0.148074,0.096536,9.488479,0.070328,34.570624
1403638554827829504.000000,0.000000,0.000000,11.052870,5.657428,0.138631,0.064348,8.038410,0.118246,32.204036
1403638554877829376.000000,0.000000,0.000000,11.270699,6.187065,0.143824,0.072505,9.026112,1.887642,33.057193
1403638554927829504.000000,0.000000,0.000000,11.876496,5.543182,0.097290,0.077788,8.321155,0.076161,32.115193
1403638554977829376.000000,0.000000,0.000000,11.335544,5.933344,0.177447,0.091665,10.939190,0.127639,33.454588
1403638555027829504.000000,0.000000,0.000000,11.384254,5.688047,0.167925,0.068205,8.789739,0.076208,32.178900
1403638555077829376.000000,0.000000,0.000000,12.048340,9.827916,0.110567,0.079211,7.144626,1.587709,38.265479
1403638555127829504.000000,0.000000,0.000000,11.742838,5.607818,0.083719,0.070465,10.410923,0.082894,34.560550
1403638555177829376.000000,0.000000,0.000000,14.325291,7.845655,0.156938,0.073181,10.043666,0.129561,39.473486
1403638555227829504.000000,0.000000,0.000000,11.799627,7.532699,0.146162,0.069765,9.041015,0.081820,37.147952
1403638555277829376.000000,0.000000,0.000000,11.133012,6.518750,0.149100,0.068980,7.978400,1.748219,33.739762
1403638555327829504.000000,0.000000,0.000000,11.450851,5.742474,0.165546,0.066173,7.793107,0.092973,31.984559
1403638555377829376.000000,0.000000,0.000000,11.582620,6.324271,0.165809,0.095235,7.663559,0.115177,33.854244
1403638555427829504.000000,0.000000,0.000000,11.211517,7.688635,0.127790,0.074510,7.121109,1.439313,35.616028
1403638555477829376.000000,0.000000,0.000000,12.339287,7.360773,0.170928,0.076471,10.081389,0.118771,35.770845
1403638555527829504.000000,0.000000,0.000000,13.133585,5.473596,0.167865,0.077110,9.133133,0.105890,32.614577
1403638555577829376.000000,0.000000,0.000000,11.970679,8.249684,0.138999,0.077031,7.756418,0.079793,37.343631
1403638555627829504.000000,0.000000,0.000000,11.967921,7.788412,0.168907,0.054827,7.975493,0.061146,36.723056
1403638555677829376.000000,0.000000,0.000000,11.694564,6.347505,0.169195,0.093791,7.779749,1.478129,31.990644
1403638555727829504.000000,0.000000,0.000000,12.621487,5.994377,0.230388,0.080009,10.968202,0.088698,34.205377
1403638555777829376.000000,0.000000,0.000000,12.341611,7.800240,0.162414,0.070322,8.967121,0.084625,38.119935
1403638555827829504.000000,0.000000,0.000000,12.141427,6.727431,0.164547,0.067222,10.643704,0.083889,33.994553
1403638555877829376.000000,0.000000,0.000000,11.282291,7.039921,0.166931,0.046466,7.290137,1.429029,35.399032
1403638555927829504.000000,0.000000,0.000000,13.477818,7.833693,0.149133,0.066418,9.388670,0.134476,37.888235
1403638555977829376.000000,0.000000,0.000000,13.688965,5.592400,0.154858,0.085098,11.643121,0.104799,35.681105
1403638556027829504.000000,0.000000,0.000000,11.447764,8.891698,0.156071,0.069428,9.963376,1.797657,35.562917
1403638556077829376.000000,0.000000,0.000000,12.573602,6.771467,0.165921,0.045299,9.643446,0.123990,35.560592
1403638556127829504.000000,0.000000,0.000000,11.860080,6.720387,0.155299,0.084967,10.607032,0.077233,33.648385
1403638556177829376.000000,0.000000,0.000000,13.001152,5.429587,0.180817,0.076914,8.840184,0.090912,37.546291
1403638556227829504.000000,0.000000,0.000000,11.195648,6.138440,0.180063,0.054693,8.185792,1.931797,32.747290
1403638556277829376.000000,0.000000,0.000000,13.429387,6.812271,0.160438,0.104750,11.220165,0.138011,37.260532
1403638556327829504.000000,0.000000,0.000000,11.500222,5.345875,0.162678,0.071698,10.323756,0.168718,31.841971
1403638556377829376.000000,0.000000,0.000000,11.244764,5.861692,0.171665,0.113546,9.371317,2.025919,35.536085
1403638556427829504.000000,0.000000,0.000000,12.420569,5.542668,0.176970,0.089947,10.742874,0.120671,32.201944
1403638556477829376.000000,0.000000,0.000000,10.902139,5.287933,0.163671,0.064077,10.447872,0.135920,31.879464
1403638556527829504.000000,0.000000,0.000000,11.723527,7.133156,0.104699,0.055639,8.535233,0.088217,35.760796
1403638556577829376.000000,0.000000,0.000000,11.995705,5.318015,0.177060,0.071817,8.333413,1.934995,34.010668
1403638556627829504.000000,0.000000,0.000000,13.834778,6.775589,0.166220,0.067511,8.527124,0.110008,37.810737
1403638556677829376.000000,0.000000,0.000000,12.637414,6.417798,0.167404,0.057184,10.392499,0.136661,35.539773
1403638556727829504.000000,0.000000,0.000000,11.501608,5.453791,0.178263,0.058345,7.786791,1.833811,32.533572
1403638556777829376.000000,0.000000,0.000000,12.334462,5.205221,0.167100,0.072322,10.014101,0.120743,34.883490
1403638556827829504.000000,0.000000,0.000000,12.459745,7.004145,0.177571,0.071848,9.940116,0.106170,35.251774
1403638556877829376.000000,0.000000,0.000000,11.887078,6.210363,0.228257,0.059512,10.228409,0.084139,34.586933
1403638556927829504.000000,0.000000,0.000000,13.545712,6.810899,0.163376,0.059947,11.200162,2.123104,36.552427
1403638556977829376.000000,0.000000,0.000000,11.599099,5.748326,0.235735,0.037562,9.446460,0.089095,34.005626
1403638557027829504.000000,0.000000,0.000000,11.965564,6.724919,0.198975,0.070475,11.941577,0.127204,34.064886
1403638557077829376.000000,0.000000,0.000000,13.156586,6.964589,0.175570,0.053484,8.895444,0.154503,36.848681
1403638557127829504.000000,0.000000,0.000000,12.109461,5.839842,0.164740,0.035495,8.088632,2.122911,33.413329
1403638557177829376.000000,0.000000,0.000000,11.831076,6.770738,0.245180,0.072039,8.696038,0.075148,35.283098
1403638557227829504.000000,0.000000,0.000000,11.288325,5.506396,0.160913,0.059394,12.365824,0.108736,31.000036
1403638557277829376.000000,0.000000,0.000000,11.389420,5.140580,0.206382,0.047544,7.860650,0.078427,32.061812
1403638557327829504.000000,0.000000,0.000000,11.790593,5.950079,0.101127,0.046509,9.991146,2.273769,33.513175
1403638557377829376.000000,0.000000,0.000000,11.669590,9.630009,0.191261,0.073096,10.138108,0.101332,39.185295
1403638557427829504.000000,0.000000,0.000000,12.439467,7.403030,0.187432,0.056812,9.557528,0.086965,37.079875
1403638557477829376.000000,0.000000,0.000000,11.379749,8.429741,0.207511,0.039751,8.636710,2.005010,38.590017
1403638557527829504.000000,0.000000,0.000000,11.759300,5.736720,0.158526,0.054209,8.475555,0.133498,32.866765
1403638557577829376.000000,0.000000,0.000000,9.691413,5.414258,0.180673,0.071688,8.416868,0.077940,30.432715
1403638557627829504.000000,0.000000,0.000000,11.919987,5.799340,0.309680,0.042417,7.363762,1.831955,32.681909
1403638557677829376.000000,0.000000,0.000000,12.017772,5.476149,0.171471,0.049150,8.370413,0.086948,32.128691
1403638557727829504.000000,0.000000,0.000000,10.956927,5.867572,0.112339,0.043572,8.071432,0.087100,35.950208
1403638557777829376.000000,0.000000,0.000000,11.227176,5.692440,0.191364,0.038626,7.334607,0.058907,33.097598
1403638557827829504.000000,0.000000,0.000000,11.958122,7.261637,0.170413,0.037720,6.686754,1.758342,35.913780
1403638557877829376.000000,0.000000,0.000000,12.569664,9.773415,0.194019,0.050592,9.645329,0.084633,39.569923
1403638557927829504.000000,0.000000,0.000000,11.656415,6.498983,0.110336,0.073995,10.928738,0.182754,32.651581
1403638557977829376.000000,0.000000,0.000000,11.591530,5.426664,0.164084,0.033686,5.749115,1.769822,33.657272
1403638558027829504.000000,0.000000,0.000000,11.911833,8.883129,0.193425,0.066892,9.706742,0.066828,39.422833
1403638558077829376.000000,0.000000,0.000000,14.063189,5.792433,0.176029,0.044141,10.560741,0.105711,35.591570
1403638558127829504.000000,0.000000,0.000000,10.851575,8.264933,0.154185,0.037123,6.768675,1.691828,38.181264
1403638558177829376.000000,0.000000,0.000000,12.055940,7.534026,0.203660,0.047394,6.831893,0.059923,36.197501
1403638558227829504.000000,0.000000,0.000000,13.020822,5.829549,0.180910,0.039781,7.810768,0.086158,33.465075
1403638558277829376.000000,0.000000,0.000000,14.032695,6.971294,0.166217,0.031011,7.972455,2.102714,35.579235
1403638558327829504.000000,0.000000,0.000000,11.655187,5.491046,0.217692,0.052244,7.441670,0.069208,31.657704
1403638558377829376.000000,0.000000,0.000000,10.561149,5.746454,0.201893,0.056867,8.657070,0.093481,31.998633
1403638558427829504.000000,0.000000,0.000000,13.405592,7.717557,0.175777,0.052274,7.333825,0.061607,39.430767
1403638558477829376.000000,0.000000,0.000000,12.051993,5.807091,0.182795,0.034774,7.534430,2.215274,32.058004
1403638558527829504.000000,0.000000,0.000000,12.179367,8.802582,0.194137,0.040777,6.589627,0.047278,35.958809
1403638558577829376.000000,0.000000,0.000000,10.806863,6.678781,0.195798,0.034087,7.833797,0.095159,35.982542
1403638558627829504.000000,0.000000,0.000000,10.777130,5.301725,0.175119,0.033427,5.859493,0.049526,30.822962
1403638558677829376.000000,0.000000,0.000000,12.683526,6.364708,0.177976,0.030439,7.642789,3.594555,33.728651
1403638558727829504.000000,0.000000,0.000000,11.455608,5.681126,0.168433,0.046734,7.589847,0.090424,33.086994
1403638558777829376.000000,0.000000,0.000000,13.338665,5.297213,0.198688,0.024966,7.757446,2.795210,35.226624
1403638558827829504.000000,0.000000,0.000000,11.354289,5.678598,0.191422,0.053769,10.517514,0.102384,31.201359
1403638558877829376.000000,0.000000,0.000000,11.413722,7.680477,0.186461,0.042089,7.278807,0.081116,35.000932
1403638558927829504.000000,0.000000,0.000000,11.869046,5.569092,0.253266,0.036187,6.550698,3.796547,33.423382
1403638558977829376.000000,0.000000,0.000000,12.502349,7.937992,0.163297,0.069382,9.573493,0.110807,38.388036
1403638559027829504.000000,0.000000,0.000000,11.629538,8.548019,0.186226,0.042415,9.608209,0.123332,36.474229
1403638559077829376.000000,0.000000,0.000000,10.390077,5.541892,0.175291,0.030685,8.609042,0.060523,30.317203
1403638559127829504.000000,0.000000,0.000000,12.174603,9.321508,0.159062,0.037748,9.271075,3.491519,39.322192
1403638559177829376.000000,0.000000,0.000000,12.260697,5.857048,0.168083,0.049613,8.834919,0.076247,36.049727
1403638559227829504.000000,0.000000,0.000000,11.987940,7.462420,0.160441,0.046265,8.648831,0.148086,33.112436
1403638559277829376.000000,0.000000,0.000000,11.999653,7.782337,0.163049,0.042135,7.399417,0.063799,33.943160
1403638559327829504.000000,0.000000,0.000000,11.174485,6.271577,0.147585,0.050209,8.445522,2.719383,31.578835
1403638559377829376.000000,0.000000,0.000000,11.032727,8.264941,0.185445,0.059940,8.834527,0.187484,36.534526
1403638559427829504.000000,0.000000,0.000000,12.116090,6.793150,0.150001,0.058511,11.846433,0.110459,34.004298
1403638559477829376.000000,0.000000,0.000000,12.428945,7.611331,0.149840,0.036764,8.762107,4.034105,36.339130
1403638559527829504.000000,0.000000,0.000000,12.049419,5.559125,0.171961,0.068363,10.315190,0.132557,30.546694
1403638559577829376.000000,0.000000,0.000000,12.410594,5.574584,0.156622,0.063780,11.450308,0.101824,35.027531
1403638559627829504.000000,0.000000,0.000000,11.594877,7.574371,0.142889,0.053648,7.936777,3.043031,35.539689
1403638559677829376.000000,0.000000,0.000000,11.648336,7.432174,0.151830,0.071689,9.719301,0.136456,34.630021
1403638559727829504.000000,0.000000,0.000000,11.654128,5.584314,0.152606,0.083260,11.320859,0.123031,29.524672
1403638559777829376.000000,0.000000,0.000000,13.474045,6.968963,0.163575,0.044374,8.574936,0.087738,36.599508
1403638559827829504.000000,0.000000,0.000000,11.768850,6.195200,0.160453,0.055431,9.630507,4.217827,32.366782
1403638559877829376.000000,0.000000,0.000000,10.962466,7.274141,0.145279,0.091503,10.241536,0.075892,32.952568
1403638559927829504.000000,0.000000,0.000000,11.025232,5.961000,0.131995,0.075166,9.523000,0.100535,29.745719
1403638559977829376.000000,0.000000,0.000000,11.285974,6.209373,0.152735,0.064200,8.578585,0.090095,32.167928
1403638560027829504.000000,0.000000,0.000000,10.877726,5.690902,0.127548,0.057164,8.980528,0.098558,29.702179
1403638560077829376.000000,0.000000,0.000000,10.400180,7.313443,0.185496,0.055823,12.601890,4.346120,32.907575
1403638560127829504.000000,0.000000,0.000000,10.974163,5.984574,0.073584,0.071230,14.510939,0.113567,34.689487
1403638560177829376.000000,0.000000,0.000000,10.929567,8.634269,0.107947,0.079477,10.712517,0.097465,35.600481
1403638560227829504.000000,0.000000,0.000000,11.605576,7.199467,0.139425,0.072444,9.433924,0.097951,32.853160
1403638560277829376.000000,0.000000,0.000000,10.698366,5.755952,0.152276,0.050526,10.272494,0.174480,28.982016
1403638560327829504.000000,0.000000,0.000000,10.416662,6.862108,0.177277,0.050411,11.238102,0.111581,30.364726
1403638560377829376.000000,0.000000,0.000000,11.466071,8.454576,0.150051,0.062528,9.304396,0.106068,35.607789
1403638560427829504.000000,0.000000,0.000000,10.716933,5.822594,0.096667,0.056515,8.713946,3.536292,28.484917
1403638560477829376.000000,0.000000,0.000000,9.993477,5.553181,0.123444,0.061235,10.611280,0.077798,26.927964
1403638560527829504.000000,0.000000,0.000000,11.241068,5.765354,0.067116,0.086112,10.460895,0.119027,29.014930
1403638560577829376.000000,0.000000,0.000000,11.148738,7.722559,0.119646,0.064369,11.674434,0.148428,34.306096
1403638560627829504.000000,0.000000,0.000000,11.612814,6.202411,0.111909,0.045255,9.400423,0.101616,29.423912
1403638560677829376.000000,0.000000,0.000000,11.360910,5.430475,0.061155,0.069896,9.674959,0.073286,28.290534
1403638560727829504.000000,0.000000,0.000000,13.363595,8.719358,0.113818,0.054728,9.333078,0.073673,33.951681
1403638560777829376.000000,0.000000,0.000000,10.774299,5.347404,0.091274,0.053595,9.737023,3.796362,27.855379
1403638560827829504.000000,0.000000,0.000000,11.781736,10.439330,0.091405,0.075321,10.318707,0.109625,35.678963
1403638560877829376.000000,0.000000,0.000000,11.395828,5.904170,0.095408,0.072536,11.526345,0.140369,28.670637
1403638560927829504.000000,0.000000,0.000000,11.430314,5.707409,0.089357,0.048854,9.772979,0.120749,26.954973
1403638560977829376.000000,0.000000,0.000000,10.445166,5.755407,0.077082,0.066064,10.215582,0.073127,31.481315
1403638561027829504.000000,0.000000,0.000000,10.858348,5.108233,0.094623,0.058640,10.021395,0.089617,28.052002
1403638561077829376.000000,0.000000,0.000000,11.430987,8.596082,0.115927,0.068658,11.702100,0.106031,32.803783
1403638561127829504.000000,0.000000,0.000000,10.451029,5.425641,0.065445,0.060470,11.602957,0.087894,28.721155
1403638561177829376.000000,0.000000,0.000000,10.854776,8.969867,0.106507,0.063191,11.223832,0.118321,35.073744
1403638561227829504.000000,0.000000,0.000000,11.239303,6.198330,0.110145,0.070831,10.426777,0.099325,30.199546
1403638561277829376.000000,0.000000,0.000000,12.435043,7.726520,0.071477,0.052488,9.323913,5.439367,35.572595
1403638561327829504.000000,0.000000,0.000000,11.475410,8.714050,0.107176,0.056788,12.202864,0.122726,35.204267
1403638561377829376.000000,0.000000,0.000000,11.128653,8.956510,0.104994,0.090510,11.808549,0.089712,33.852378
1403638561427829504.000000,0.000000,0.000000,13.786862,6.277124,0.059303,0.047355,10.807530,0.084849,31.132686
1403638561477829376.000000,0.000000,0.000000,10.405798,5.926793,0.142184,0.069213,11.331067,0.111074,29.965359
1403638561527829504.000000,0.000000,0.000000,11.658733,6.477802,0.121429,0.093633,13.896730,0.090649,30.343719
1403638561577829376.000000,0.000000,0.000000,11.134723,8.261355,0.110243,0.106421,13.635193,0.134086,33.274917
1403638561627829504.000000,0.000000,0.000000,11.473835,9.704730,0.163512,0.084801,11.727289,0.123731,36.151624
1403638561677829376.000000,0.000000,0.000000,9.839191,5.468766,0.131263,0.081756,9.748604,0.071036,28.318919
1403638561727829504.000000,0.000000,0.000000,12.377471,7.945044,0.099513,0.069731,12.131067,0.127063,33.318612
1403638561777829376.000000,0.000000,0.000000,11.067864,5.708246,0.080312,0.068054,13.356963,2.712729,29.650683
1403638561827829504.000000,0.000000,0.000000,12.321159,6.106593,0.108810,0.073851,13.807909,0.103216,30.626520
1403638561877829376.000000,0.000000,0.000000,11.670848,9.626586,0.089680,0.075465,13.039434,0.230205,33.757902
1403638561927829504.000000,0.000000,0.000000,11.974550,7.565311,0.107608,0.036644,10.081182,0.116798,35.770988
1403638561977829376.000000,0.000000,0.000000,11.640994,6.290926,0.144462,0.055891,10.312857,0.073098,31.202551
1403638562027829504.000000,0.000000,0.000000,11.959540,7.794700,0.100853,0.068459,10.494111,0.084626,33.140957
1403638562077829376.000000,0.000000,0.000000,11.595622,8.551906,0.109354,0.074850,11.942532,0.090766,36.874639
1403638562127829504.000000,0.000000,0.000000,10.491265,5.611914,0.104802,0.075680,11.071924,0.089035,29.642714
1403638562177829376.000000,0.000000,0.000000,10.167634,6.499811,0.113331,0.066697,11.610161,0.110055,30.146008
1403638562227829504.000000,0.000000,0.000000,11.179779,7.029124,0.133642,0.079812,12.682619,0.105995,31.906860
1403638562277829376.000000,0.000000,0.000000,12.398760,5.693110,0.097857,0.071074,10.508828,2.578133,31.139478
1403638562327829504.000000,0.000000,0.000000,10.760830,5.589391,0.103096,0.108379,11.714864,0.093182,31.521307
1403638562377829376.000000,0.000000,0.000000,11.263433,6.127536,0.099856,0.077269,12.392571,0.127205,30.440051
1403638562427829504.000000,0.000000,0.000000,10.793349,6.049263,0.095340,0.088984,11.711130,0.081410,30.010244
1403638562477829376.000000,0.000000,0.000000,10.695454,7.991798,0.102624,0.049530,10.890231,0.068795,31.406805
1403638562527829504.000000,0.000000,0.000000,10.766075,6.787329,0.092273,0.076103,10.993754,0.104541,34.582474
1403638562577829376.000000,0.000000,0.000000,10.903421,5.667654,0.127132,0.069415,11.690300,0.089379,33.118771
1403638562627829504.000000,0.000000,0.000000,10.503460,7.135646,0.132559,0.080177,13.773821,0.103106,30.465595
1403638562677829376.000000,0.000000,0.000000,12.093652,6.152677,0.147415,0.132504,14.302582,4.179999,32.798285
1403638562727829504.000000,0.000000,0.000000,10.624053,5.580169,0.111315,0.087102,10.985488,0.087778,31.048293
1403638562777829376.000000,0.000000,0.000000,10.558796,7.620501,0.121417,0.076268,10.646340,0.091034,31.222678
1403638562827829504.000000,0.000000,0.000000,11.609833,5.979099,0.066138,0.075150,12.517989,0.119730,29.001255
1403638562877829376.000000,0.000000,0.000000,12.037217,9.537916,0.146217,0.056700,9.238546,3.560304,35.750773
1403638562927829504.000000,0.000000,0.000000,11.683193,6.705320,0.099639,0.098627,11.909852,0.118952,30.242059
1403638562977829376.000000,0.000000,0.000000,12.118015,8.415060,0.093248,0.072072,12.081640,0.153328,34.870698
1403638563027829504.000000,0.000000,0.000000,12.124597,6.327865,0.116253,0.072498,10.095367,0.098200,30.594184
1403638563077829376.000000,0.000000,0.000000,12.806557,8.309463,0.115059,0.133896,9.344363,3.496551,32.851484
1403638563127829504.000000,0.000000,0.000000,10.668685,9.146871,0.124430,0.063359,12.476706,0.129708,33.510937
1403638563177829376.000000,0.000000,0.000000,12.205835,9.173097,0.108607,0.074109,10.358944,0.129743,35.585465
1403638563227829504.000000,0.000000,0.000000,12.628734,9.281795,0.064176,0.088377,10.302270,0.090236,34.456559
1403638563277829376.000000,0.000000,0.000000,12.000781,5.692570,0.058403,0.048263,10.263832,0.111038,30.459315
1403638563327829504.000000,0.000000,0.000000,10.906657,6.362743,0.102519,0.071924,10.655411,5.922278,28.269632
1403638563377829376.000000,0.000000,0.000000,10.967776,6.041885,0.059030,0.048268,9.906482,0.082158,28.003675
1403638563427829504.000000,0.000000,0.000000,11.201260,6.439375,0.121522,0.084195,11.215156,0.150971,29.324498
1403638563477829376.000000,0.000000,0.000000,10.495091,6.367885,0.058338,0.062235,10.669301,0.130967,30.351559
1403638563527829504.000000,0.000000,0.000000,10.978648,5.837199,0.099715,0.066061,12.654658,0.094264,29.466107
1403638563577829376.000000,0.000000,0.000000,11.002790,5.753604,0.098852,0.069395,11.161493,0.139659,27.930043
1403638563627829504.000000,0.000000,0.000000,10.898660,5.788466,0.151275,0.064135,9.448672,0.100438,27.715159
1403638563677829376.000000,0.000000,0.000000,12.074219,5.901808,0.099260,0.064080,9.646570,5.055161,30.359609
1403638563727829504.000000,0.000000,0.000000,11.403828,8.242615,0.169129,0.068134,9.182951,0.085282,34.509550
1403638563777829376.000000,0.000000,0.000000,11.848818,6.354620,0.114474,0.064098,8.942843,0.138003,30.609986
1403638563827829504.000000,0.000000,0.000000,11.350820,7.830164,0.106737,0.061669,8.219466,0.086101,33.882253
1403638563877829376.000000,0.000000,0.000000,10.701843,5.742844,0.134799,0.045340,9.411931,4.470442,28.655755
1403638563927829504.000000,0.000000,0.000000,11.180063,5.377523,0.122220,0.074310,9.500114,0.137405,29.336055
1403638563977829376.000000,0.000000,0.000000,10.396724,7.552000,0.125118,0.073811,9.411080,0.122406,33.549903
1403638564027829504.000000,0.000000,0.000000,11.785591,6.861235,0.140027,0.067382,7.974901,0.075707,33.745427
1403638564077829376.000000,0.000000,0.000000,12.163628,5.581171,0.111520,0.036211,11.502065,0.168322,31.215057
1403638564127829504.000000,0.000000,0.000000,11.814559,8.124444,0.114367,0.055141,7.680603,4.159143,34.007507
1403638564177829376.000000,0.000000,0.000000,10.852852,6.644661,0.140042,0.084958,8.896134,0.077960,29.750369
1403638564227829504.000000,0.000000,0.000000,11.080880,6.650309,0.121703,0.063163,8.591842,0.145434,31.173224
1403638564277829376.000000,0.000000,0.000000,10.150085,5.803333,0.222600,0.060937,7.590637,0.133345,31.694626
1403638564327829504.000000,0.000000,0.000000,10.574378,6.830517,0.128081,0.058222,9.669640,5.093167,31.497503
1403638564377829376.000000,0.000000,0.000000,10.975859,9.493611,0.119649,0.059055,11.275299,0.132445,35.981438
1403638564427829504.000000,0.000000,0.000000,12.338739,7.541140,0.118985,0.138852,10.874628,0.134212,34.353801
1403638564477829376.000000,0.000000,0.000000,11.287600,6.890455,0.129592,0.042286,9.801730,0.162098,31.858878
1403638564527829504.000000,0.000000,0.000000,11.215522,5.689809,0.122702,0.050914,10.949056,0.134531,30.660615
1403638564577829376.000000,0.000000,0.000000,11.425656,5.606879,0.117597,0.074733,10.410050,4.135180,30.450745
1403638564627829504.000000,0.000000,0.000000,11.317323,6.552916,0.119872,0.076843,11.392873,0.112763,29.725996
1403638564677829376.000000,0.000000,0.000000,10.610605,6.003820,0.123063,0.069367,11.250081,0.145655,31.355417
1403638564727829504.000000,0.000000,0.000000,11.198349,10.939668,0.146509,0.066204,10.099973,0.094810,34.944171
1403638564777829376.000000,0.000000,0.000000,10.258229,5.567783,0.133849,0.035024,13.025241,0.121277,29.969040
1403638564827829504.000000,0.000000,0.000000,10.969454,6.652052,0.151052,0.052513,8.484294,4.150466,31.074775
1403638564877829376.000000,0.000000,0.000000,11.266498,7.418116,0.145520,0.079423,9.791166,0.133886,32.520271
1403638564927829504.000000,0.000000,0.000000,11.677944,7.957975,0.157823,0.073888,11.411344,0.121702,36.267420
1403638564977829376.000000,0.000000,0.000000,12.009697,5.980208,0.128018,0.059890,9.642702,0.087117,30.558484
1403638565027829504.000000,0.000000,0.000000,11.688269,10.284614,0.143386,0.067548,10.411500,0.132254,37.692460
1403638565077829376.000000,0.000000,0.000000,11.967679,6.182579,0.131457,0.064188,9.517141,3.628841,30.553974
1403638565127829504.000000,0.000000,0.000000,10.129218,5.583852,0.152870,0.096675,11.646881,0.123419,29.234803
1403638565177829376.000000,0.000000,0.000000,9.458446,5.632609,0.144274,0.072313,9.491176,0.086854,27.240246
1403638565227829504.000000,0.000000,0.000000,10.627365,7.500483,0.156396,0.045568,11.478479,0.120994,34.110302
1403638565277829376.000000,0.000000,0.000000,10.138148,6.808589,0.082187,0.069370,9.300167,0.116750,28.184282
1403638565327829504.000000,0.000000,0.000000,9.767919,8.183027,0.162895,0.062087,10.785424,3.605117,33.833694
1403638565377829376.000000,0.000000,0.000000,10.621034,5.601650,0.146516,0.077862,8.948220,0.122606,30.033601
1403638565427829504.000000,0.000000,0.000000,10.279928,8.366755,0.077083,0.057306,8.945317,0.136124,31.770459
1403638565477829376.000000,0.000000,0.000000,9.879271,9.741394,0.259692,0.055580,8.885566,0.140753,34.460941
1403638565527829504.000000,0.000000,0.000000,10.421189,6.936666,0.135635,0.042677,7.367427,2.450571,29.298762
1403638565577829376.000000,0.000000,0.000000,10.205483,9.264031,0.143365,0.069641,8.358775,0.078957,31.668608
1403638565627829504.000000,0.000000,0.000000,10.486274,7.633598,0.144792,0.054693,8.042533,0.100466,30.702020
1403638565677829376.000000,0.000000,0.000000,10.378003,5.890515,0.136291,0.065607,9.837239,3.108320,28.134676
1403638565727829504.000000,0.000000,0.000000,10.602285,5.665510,0.128017,0.074171,11.754507,0.134020,28.087629
1403638565777829376.000000,0.000000,0.000000,10.396241,7.541520,0.155195,0.058329,12.261053,0.112665,29.580509
1403638565827829504.000000,0.000000,0.000000,9.660018,6.304179,0.240255,0.051930,8.101835,1.539739,27.652156
1403638565877829376.000000,0.000000,0.000000,9.928959,7.917859,0.170340,0.065932,9.277019,0.074292,31.458244
1403638565927829504.000000,0.000000,0.000000,9.621512,9.067610,0.092271,0.045504,6.399335,0.048969,34.458356
1403638565977829376.000000,0.000000,0.000000,11.522602,5.690479,0.150943,0.028546,6.595056,2.498600,27.830261
1403638566027829504.000000,0.000000,0.000000,9.517806,9.041255,0.157353,0.060894,7.205496,0.066005,31.871091
1403638566077829376.000000,0.000000,0.000000,12.074263,8.880627,0.145495,0.044489,6.644984,0.057771,35.102555
1403638566127829504.000000,0.000000,0.000000,10.886012,7.171838,0.164208,0.029927,4.886586,2.349779,30.109033
1403638566177829376.000000,0.000000,0.000000,11.215321,6.460792,0.173352,0.075892,10.571122,0.082100,27.852487
1403638566227829504.000000,0.000000,0.000000,10.459854,8.676848,0.135577,0.053925,7.279892,0.077512,30.701630
1403638566277829376.000000,0.000000,0.000000,10.143460,9.898738,0.148424,0.048284,5.774287,2.472662,33.447904
1403638566327829504.000000,0.000000,0.000000,10.469121,8.479417,0.156256,0.081442,9.609791,0.103043,30.085390
1403638566377829376.000000,0.000000,0.000000,11.009264,8.095580,0.151417,0.079243,10.005392,0.095416,31.327305
1403638566427829504.000000,0.000000,0.000000,10.971334,8.173279,0.080522,0.048900,5.437766,0.049860,30.110286
1403638566477829376.000000,0.000000,0.000000,11.357643,11.412896,0.137649,0.045020,5.911235,2.835174,36.025766
1403638566527829504.000000,0.000000,0.000000,10.865720,6.736685,0.150999,0.076536,9.440068,0.096326,27.459257
1403638566577829376.000000,0.000000,0.000000,11.546109,7.152095,0.163821,0.051676,7.184972,0.087365,30.386213
1403638566627829504.000000,0.000000,0.000000,11.315280,5.947831,0.130196,0.034304,5.568689,0.070963,26.807733
1403638566677829376.000000,0.000000,0.000000,11.607067,8.494167,0.175690,0.058611,6.879065,2.325600,34.827512
1403638566727829504.000000,0.000000,0.000000,10.922445,6.911706,0.145055,0.067000,8.275241,0.072705,28.950932
1403638566777829376.000000,0.000000,0.000000,11.958259,10.679237,0.123426,0.113939,9.154496,0.089663,36.644711
1403638566827829504.000000,0.000000,0.000000,10.797495,9.052424,0.142250,0.035841,6.211402,0.081214,34.003423
1403638566877829376.000000,0.000000,0.000000,12.162907,5.909882,0.168925,0.046515,6.543857,0.050721,29.079166
1403638566927829504.000000,0.000000,0.000000,10.310160,6.380586,0.134165,0.055099,9.336887,4.063041,30.468157
1403638566977829376.000000,0.000000,0.000000,10.002641,8.502952,0.157213,0.073614,7.791422,0.062886,32.027834
1403638567027829504.000000,0.000000,0.000000,10.501577,5.257964,0.124602,0.057475,9.245265,0.076504,28.815388
1403638567077829376.000000,0.000000,0.000000,10.316867,8.716988,0.131874,0.039838,9.840783,0.121494,31.098022
1403638567127829504.000000,0.000000,0.000000,13.449536,5.560628,0.139419,0.040042,6.601673,0.086405,35.070500
1403638567177829376.000000,0.000000,0.000000,11.063274,5.757924,0.173558,0.075092,7.215482,0.058787,29.708667
1403638567227829504.000000,0.000000,0.000000,12.407564,5.496160,0.154653,0.052217,6.965369,0.055456,30.479269
1403638567277829376.000000,0.000000,0.000000,10.779336,7.273915,0.189504,0.075010,9.261545,0.083250,28.915551
1403638567327829504.000000,0.000000,0.000000,10.328363,5.995221,0.182086,0.056789,9.365090,0.077580,31.458467
1403638567377829376.000000,0.000000,0.000000,10.825487,5.545517,0.178072,0.057339,9.211247,4.542161,29.262954
1403638567427829504.000000,0.000000,0.000000,10.711976,8.149166,0.086357,0.108526,12.055857,0.093903,34.411270
1403638567477829376.000000,0.000000,0.000000,13.081811,8.692414,0.165161,0.071216,8.396335,0.086330,38.596372
1403638567527829504.000000,0.000000,0.000000,12.638207,5.943271,0.157541,0.055437,8.091940,0.088530,32.577816
1403638567577829376.000000,0.000000,0.000000,11.278920,6.338189,0.082140,0.041077,9.183487,0.107757,33.456084
1403638567627829504.000000,0.000000,0.000000,10.679587,5.364132,0.207878,0.074248,7.498699,0.072696,30.495839
1403638567677829376.000000,0.000000,0.000000,10.910303,6.254361,0.171519,0.052894,7.348934,4.060348,30.692677
1403638567727829504.000000,0.000000,0.000000,10.779326,7.525218,0.164994,0.041150,7.499330,0.101528,33.700084
1403638567777829376.000000,0.000000,0.000000,11.991189,6.702704,0.188486,0.062647,9.465027,0.090046,30.818209
1403638567827829504.000000,0.000000,0.000000,11.989745,7.822597,0.157710,0.058635,8.827703,0.110129,37.331043
1403638567877829376.000000,0.000000,0.000000,10.992819,9.275315,0.143294,0.047099,8.456951,2.123476,34.333215
1403638567927829504.000000,0.000000,0.000000,11.361604,5.829023,0.142726,0.089539,8.915781,0.084422,31.030658
1403638567977829376.000000,0.000000,0.000000,10.673540,6.014391,0.168393,0.058807,10.065818,0.163051,28.841364
1403638568027829504.000000,0.000000,0.000000,11.425484,6.523311,0.140786,0.031413,7.494635,2.180947,30.270461
1403638568077829376.000000,0.000000,0.000000,10.833066,7.784117,0.188297,0.072778,9.841461,0.097337,39.198479
1403638568127829504.000000,0.000000,0.000000,11.532570,5.896026,0.167331,0.059790,9.450468,0.078176,35.677897
1403638568177829376.000000,0.000000,0.000000,12.418577,6.613698,0.173708,0.042135,9.469520,2.635263,34.057078
1403638568227829504.000000,0.000000,0.000000,11.791458,5.261128,0.143893,0.099070,12.203182,0.082211,30.159206
1403638568277829376.000000,0.000000,0.000000,11.566071,8.117695,0.160143,0.050186,6.680074,0.066803,34.034485
1403638568327829504.000000,0.000000,0.000000,11.644966,5.312742,0.157380,0.051849,7.181263,3.001094,32.214875
1403638568377829376.000000,0.000000,0.000000,11.653575,5.464467,0.119879,0.070935,8.724116,0.062737,29.899515
1403638568427829504.000000,0.000000,0.000000,10.775227,5.771244,0.174883,0.056027,9.835460,0.068732,32.697801
1403638568477829376.000000,0.000000,0.000000,12.051029,9.687498,0.158114,0.045449,5.659581,2.674655,36.561679
1403638568527829504.000000,0.000000,0.000000,12.049708,6.814093,0.094830,0.106901,9.999338,0.075782,33.597183
1403638568577829376.000000,0.000000,0.000000,12.391143,7.743910,0.186634,0.064576,8.878320,0.064907,36.044304
1403638568627829504.000000,0.000000,0.000000,11.355893,7.503092,0.150435,0.031764,6.364329,2.096208,31.761740
1403638568677829376.000000,0.000000,0.000000,12.249893,6.306579,0.145368,0.092524,9.743532,0.090415,31.708831
1403638568727829504.000000,0.000000,0.000000,11.383261,5.930144,0.107042,0.061239,6.856072,0.045941,30.267076
1403638568777829376.000000,0.000000,0.000000,11.436667,5.897538,0.141624,0.043247,5.975002,1.593212,34.171267
1403638568827829504.000000,0.000000,0.000000,11.703295,6.547259,0.171561,0.050597,6.504950,0.083490,32.887850
1403638568877829376.000000,0.000000,0.000000,12.751957,6.431243,0.167839,0.052641,9.490497,0.096576,34.512949
1403638568927829504.000000,0.000000,0.000000,12.301623,8.118383,0.167574,0.051021,9.180490,0.081806,33.762265
1403638568977829376.000000,0.000000,0.000000,11.555285,6.007715,0.242875,0.065191,5.519888,1.255782,31.301825
1403638569027829504.000000,0.000000,0.000000,12.580370,5.931711,0.105016,0.060222,6.175696,0.041523,32.224925
1403638569077829376.000000,0.000000,0.000000,11.761680,5.302130,0.172691,0.058644,10.006090,0.065279,32.466967
1403638569127829504.000000,0.000000,0.000000,13.380268,8.433064,0.171621,0.047955,8.494858,0.064463,37.295517
1403638569177829376.000000,0.000000,0.000000,10.576296,8.806771,0.039015,0.045304,5.951476,1.846900,34.677780
1403638569227829504.000000,0.000000,0.000000,12.346881,7.412308,0.149540,0.069347,9.482437,0.079065,33.875116
1403638569277829376.000000,0.000000,0.000000,12.215598,8.552435,0.206089,0.058084,8.979211,0.056824,39.254036
1403638569327829504.000000,0.000000,0.000000,12.366104,7.043092,0.166071,0.047402,6.114408,1.165107,35.239371
1403638569377829376.000000,0.000000,0.000000,12.176678,7.296727,0.142885,0.048208,6.112532,0.089418,34.970676
1403638569427829504.000000,0.000000,0.000000,12.092665,7.397742,0.188532,0.054251,9.269056,0.059177,33.966684
1403638569477829376.000000,0.000000,0.000000,11.816305,6.226603,0.325543,0.057578,9.011384,0.086908,32.841859
1403638569527829504.000000,0.000000,0.000000,12.418641,8.071463,0.170543,0.046591,7.948199,1.776802,37.940993
1403638569577829376.000000,0.000000,0.000000,13.158863,6.177290,0.167351,0.070833,8.849282,0.096046,37.094598
1403638569627829504.000000,0.000000,0.000000,12.608192,7.609277,0.168549,0.045634,8.406797,0.070549,35.656797
1403638569677829376.000000,0.000000,0.000000,12.130244,10.772401,0.147481,0.053697,7.337512,1.735894,36.151053
1403638569727829504.000000,0.000000,0.000000,12.840936,7.856239,0.094776,0.047688,6.289415,0.036756,36.606608
1403638569777829376.000000,0.000000,0.000000,12.914560,5.592992,0.078914,0.040094,6.105343,0.060778,38.072697
1403638569827829504.000000,0.000000,0.000000,13.122351,6.255404,0.142808,0.032951,4.928740,1.093049,36.774978
1403638569877829376.000000,0.000000,0.000000,12.317020,5.927818,0.165699,0.047658,5.645350,0.035995,34.885466
1403638569927829504.000000,0.000000,0.000000,11.987105,5.641211,0.153939,0.043602,8.368147,0.075590,31.286180
1403638569977829376.000000,0.000000,0.000000,11.526602,5.791060,0.174961,0.067584,7.912140,1.400840,31.741561
1403638570027829504.000000,0.000000,0.000000,11.395043,5.439616,0.175115,0.090017,10.381424,0.065423,31.180013
1403638570077829376.000000,0.000000,0.000000,12.639018,7.080490,0.169931,0.043679,5.894115,0.047319,35.633643
1403638570127829504.000000,0.000000,0.000000,12.211814,6.159222,0.168288,0.038031,4.771453,0.037874,32.959865
1403638570177829376.000000,0.000000,0.000000,13.001964,7.394188,0.162607,0.042250,5.414965,0.925193,35.976052
1403638570227829504.000000,0.000000,0.000000,12.922147,5.604675,0.159205,0.051723,9.148763,0.097381,34.928634
1403638570277829376.000000,0.000000,0.000000,11.174337,5.613149,0.160010,0.041845,5.628681,0.052023,33.212345
1403638570327829504.000000,0.000000,0.000000,11.479940,6.740352,0.185659,0.027799,4.526621,0.046430,34.212976
1403638570377829376.000000,0.000000,0.000000,11.307731,6.977898,0.159470,0.032460,5.845688,0.929580,34.526966
1403638570427829504.000000,0.000000,0.000000,13.208421,8.781247,0.152682,0.063976,8.226679,0.040880,37.437905
1403638570477829376.000000,0.000000,0.000000,10.594367,6.237449,0.167598,0.043731,8.591553,0.078008,31.468100
1403638570527829504.000000,0.000000,0.000000,13.380521,6.094191,0.174281,0.046955,5.266345,0.029162,33.988893
1403638570577829376.000000,0.000000,0.000000,11.760929,6.139957,0.160307,0.064386,5.233116,1.081248,33.314159
1403638570627829504.000000,0.000000,0.000000,12.426032,9.287615,0.151716,0.044280,5.878699,0.048532,39.330982
1403638570677829376.000000,0.000000,0.000000,12.136951,6.094199,0.196759,0.051485,8.139511,0.061385,40.044287
1403638570727829504.000000,0.000000,0.000000,11.322623,5.435166,0.173336,0.033077,4.739365,0.035892,31.361149
1403638570777829376.000000,0.000000,0.000000,11.856858,6.626277,0.160432,0.039908,5.462308,1.011258,32.776297
1403638570827829504.000000,0.000000,0.000000,12.355405,8.341498,0.094867,0.055219,9.430655,0.068498,37.101644
1403638570877829376.000000,0.000000,0.000000,11.197427,7.300121,0.160774,0.047644,9.072753,0.079969,34.659343
1403638570927829504.000000,0.000000,0.000000,12.275468,7.260069,0.173653,0.024183,4.667538,0.034454,35.206178
1403638570977829376.000000,0.000000,0.000000,11.127018,7.962583,0.343950,0.058030,6.701657,0.031478,35.113872
1403638571027829504.000000,0.000000,0.000000,11.423115,8.546125,0.158011,0.042058,5.372374,0.759859,33.647881
1403638571077829376.000000,0.000000,0.000000,11.724479,6.102839,0.159980,0.050535,8.105176,0.052997,34.736889
1403638571127829504.000000,0.000000,0.000000,11.760975,8.915894,0.185470,0.034432,5.687190,0.037491,37.209724
1403638571177829376.000000,0.000000,0.000000,11.729200,7.405939,0.154575,0.031400,5.864859,0.030349,33.311294
1403638571227829504.000000,0.000000,0.000000,11.405151,7.755153,0.245141,0.041153,5.356251,0.028572,33.093991
1403638571277829376.000000,0.000000,0.000000,10.971148,8.256829,0.103880,0.048349,8.249218,1.024412,33.720892
1403638571327829504.000000,0.000000,0.000000,11.527352,7.671335,0.143786,0.031323,6.300621,0.035249,39.835795
1403638571377829376.000000,0.000000,0.000000,10.437165,5.594486,0.139092,0.044811,7.550992,0.063559,29.363503
1403638571427829504.000000,0.000000,0.000000,12.744048,7.380391,0.164055,0.027469,5.996255,0.895727,35.552568
1403638571477829376.000000,0.000000,0.000000,11.597808,5.526762,0.166368,0.036312,5.456736,0.036909,34.279639
1403638571527829504.000000,0.000000,0.000000,12.216812,8.087207,0.143313,0.034335,5.108508,0.031289,36.548271
1403638571577829376.000000,0.000000,0.000000,11.233215,8.760742,0.156668,0.021733,4.449974,0.652395,34.985325
1403638571627829504.000000,0.000000,0.000000,11.869503,7.673144,0.133675,0.058239,9.075113,0.076067,32.732679
1403638571677829376.000000,0.000000,0.000000,11.282699,6.603910,0.152135,0.041931,4.460827,0.040739,36.605589
1403638571727829504.000000,0.000000,0.000000,10.673406,5.740026,0.146752,0.036365,5.232652,0.642730,29.111588
1403638571777829376.000000,0.000000,0.000000,10.709828,5.704934,0.121155,0.034515,5.332830,0.031327,28.930660
1403638571827829504.000000,0.000000,0.000000,12.338903,7.096428,0.124983,0.044295,8.437735,0.047287,31.032171
1403638571877829376.000000,0.000000,0.000000,12.332602,6.540091,0.129037,0.031250,4.054642,0.775027,36.889680
1403638571927829504.000000,0.000000,0.000000,11.709153,7.571308,0.122917,0.034409,5.075061,0.035078,32.339409
1403638571977829376.000000,0.000000,0.000000,11.910680,6.300294,0.119273,0.042149,8.024247,0.069972,31.187563
1403638572027829504.000000,0.000000,0.000000,11.070662,6.398772,0.115827,0.021570,4.227201,0.868410,29.632789
1403638572077829376.000000,0.000000,0.000000,10.727130,7.613200,0.108465,0.035802,5.050467,0.027354,33.798443
1403638572127829504.000000,0.000000,0.000000,10.298079,5.666919,0.114212,0.034965,5.198078,0.036319,30.964159
1403638572177829376.000000,0.000000,0.000000,11.432519,5.710525,0.123405,0.032022,6.837192,1.155250,29.379537
1403638572227829504.000000,0.000000,0.000000,13.901649,5.509991,0.133213,0.031233,5.680531,0.051648,31.506730
1403638572277829376.000000,0.000000,0.000000,11.127666,5.415588,0.123132,0.040302,7.126984,0.052797,27.628327
1403638572327829504.000000,0.000000,0.000000,10.562878,8.972711,0.234788,0.036962,5.354778,0.042817,38.124610
1403638572377829376.000000,0.000000,0.000000,10.946799,8.152344,0.145917,0.054721,9.304940,1.320616,34.070407
1403638572427829504.000000,0.000000,0.000000,11.449509,10.013927,0.143136,0.034753,5.859927,0.033415,36.691643
1403638572477829376.000000,0.000000,0.000000,11.294781,8.618714,0.158214,0.037743,6.129790,0.043664,35.600491
1403638572527829504.000000,0.000000,0.000000,11.207994,8.500439,0.128350,0.030626,4.463985,0.636971,34.218025
1403638572577829376.000000,0.000000,0.000000,11.641436,9.136421,0.132149,0.046948,9.601281,0.068160,38.775429
1403638572627829504.000000,0.000000,0.000000,11.235949,8.197254,0.148515,0.046376,7.539763,1.116526,34.513089
1403638572677829376.000000,0.000000,0.000000,11.357254,8.861396,0.124737,0.030605,5.094518,0.024904,35.082223
1403638572727829504.000000,0.000000,0.000000,12.722180,6.677776,0.112321,0.049519,6.738011,0.032821,32.961730
1403638572777829376.000000,0.000000,0.000000,11.297360,12.880314,0.135498,0.035758,5.533093,0.021657,40.586403
1403638572827829504.000000,0.000000,0.000000,10.557889,6.263396,0.125272,0.036543,5.064494,0.023866,32.639605
1403638572877829376.000000,0.000000,0.000000,10.679031,5.662278,0.119135,0.041963,5.439363,0.020818,30.033551
1403638572927829504.000000,0.000000,0.000000,10.506800,6.490010,0.135588,0.035069,9.760116,0.043405,32.012189
1403638572977829376.000000,0.000000,0.000000,11.884750,5.973398,0.174097,0.035765,5.646044,0.031322,31.532158
1403638573027829504.000000,0.000000,0.000000,8.941934,8.831266,0.132963,0.041645,5.424604,0.022472,31.694645
1403638573077829376.000000,0.000000,0.000000,11.869430,7.642109,0.123090,0.034835,4.907616,0.020436,35.834378
1403638573127829504.000000,0.000000,0.000000,10.577065,7.695460,0.172048,0.041762,5.754167,0.730550,33.934222
1403638573177829376.000000,0.000000,0.000000,10.109472,5.908859,0.115394,0.043669,5.492346,0.026047,28.942233
1403638573227829504.000000,0.000000,0.000000,11.136833,9.812728,0.143719,0.042187,9.285303,0.051203,36.362612
1403638573277829376.000000,0.000000,0.000000,11.175260,5.673873,0.121303,0.042744,4.561890,0.023541,29.385925
1403638573327829504.000000,0.000000,0.000000,11.035027,8.707051,0.124600,0.055676,10.640258,0.050989,37.573901
1403638573377829376.000000,0.000000,0.000000,11.367403,6.053920,0.122175,0.057867,10.377132,0.045146,29.973497
1403638573427829504.000000,0.000000,0.000000,8.538413,5.327576,0.123948,0.048023,9.099022,0.058240,26.253831
1403638573477829376.000000,0.000000,0.000000,9.463927,4.796329,0.118517,0.043238,5.276547,0.028194,26.375175
1403638573527829504.000000,0.000000,0.000000,8.747018,4.912387,0.113752,0.044939,5.874114,0.024057,26.581935
1403638573577829376.000000,0.000000,0.000000,9.656832,5.331050,0.153939,0.038769,5.564817,0.029619,26.062159
1403638573627829504.000000,0.000000,0.000000,8.977013,4.629146,0.142753,0.043154,5.365630,0.692303,24.343093
1403638573677829376.000000,0.000000,0.000000,9.202280,8.020869,0.119514,0.044999,9.558949,0.054821,33.592481
1403638573727829504.000000,0.000000,0.000000,9.927530,7.299043,0.112218,0.043205,9.713216,0.044561,32.478448
1403638573777829376.000000,0.000000,0.000000,9.487547,5.946592,0.126688,0.048089,5.346274,0.022489,31.135470
1403638573827829504.000000,0.000000,0.000000,10.278982,4.290231,0.096508,0.059066,9.452594,0.040869,27.768467
1403638573877829376.000000,0.000000,0.000000,8.889269,6.048150,0.103623,0.054493,11.000669,0.058511,27.969866
1403638573927829504.000000,0.000000,0.000000,9.386030,4.183967,0.088513,0.057292,9.232781,0.039889,22.798081
1403638573977829376.000000,0.000000,0.000000,9.343726,6.216439,0.125048,0.039939,5.329275,0.022811,27.449902
1403638574027829504.000000,0.000000,0.000000,9.368129,4.737874,0.079697,0.041390,5.635881,0.026092,24.410263
1403638574077829376.000000,0.000000,0.000000,9.028106,4.625139,0.112044,0.054186,8.844376,0.038515,23.312526
1403638574127829504.000000,0.000000,0.000000,9.613596,4.923227,0.111262,0.040247,5.663657,0.697294,24.908683
1403638574177829376.000000,0.000000,0.000000,8.862429,7.997090,0.075890,0.039533,5.688425,0.043391,31.040052
1403638574227829504.000000,0.000000,0.000000,9.940227,8.794484,0.092990,0.038390,5.946148,0.033298,29.044277
1403638574277829376.000000,0.000000,0.000000,9.935555,5.683700,0.118564,0.049071,8.133383,0.049359,26.911443
1403638574327829504.000000,0.000000,0.000000,9.547568,9.295012,0.082105,0.066553,11.377812,0.052929,31.772615
1403638574377829376.000000,0.000000,0.000000,7.888858,6.983054,0.083724,0.050559,9.050357,0.041566,27.635712
1403638574427829504.000000,0.000000,0.000000,9.564528,4.834117,0.076774,0.051299,6.488598,0.039614,21.966082
1403638574477829376.000000,0.000000,0.000000,8.293731,4.440039,0.081861,0.041176,5.509987,0.023671,23.680977
1403638574527829504.000000,0.000000,0.000000,10.193132,9.057115,0.099189,0.039974,5.786712,0.751693,32.503446
1403638574577829376.000000,0.000000,0.000000,9.974256,5.588057,0.087201,0.050315,5.877218,0.028609,26.351694
1403638574627829504.000000,0.000000,0.000000,10.459761,4.492501,0.064254,0.036110,5.555037,0.028758,23.851603
1403638574677829376.000000,0.000000,0.000000,9.740080,6.526421,0.178426,0.038297,4.991225,0.044596,28.330421
1403638574727829504.000000,0.000000,0.000000,10.364120,6.751697,0.088168,0.058052,5.634501,0.584206,28.596162
1403638574777829376.000000,0.000000,0.000000,10.768353,8.524322,0.062020,0.035501,6.121645,0.033613,31.851758
1403638574827829504.000000,0.000000,0.000000,9.028818,5.910270,0.078418,0.040046,5.722911,0.032159,24.676919
1403638574877829376.000000,0.000000,0.000000,10.317013,5.647342,0.062622,0.040985,8.088096,0.852019,25.469886
1403638574927829504.000000,0.000000,0.000000,10.936046,8.829535,0.054026,0.040619,6.542843,0.038525,36.505384
1403638574977829376.000000,0.000000,0.000000,10.328836,5.697944,0.117583,0.021430,4.667401,0.027721,27.040536
1403638575027829504.000000,0.000000,0.000000,9.960188,9.265357,0.085106,0.053682,9.268042,0.729995,31.899452
1403638575077829376.000000,0.000000,0.000000,9.349640,8.312879,0.101451,0.048555,8.547284,0.046769,30.815465
1403638575127829504.000000,0.000000,0.000000,9.193112,5.644703,0.099564,0.020433,4.457140,0.038042,24.783757
1403638575177829376.000000,0.000000,0.000000,8.980395,5.418219,0.116564,0.045579,6.099600,0.563443,24.753552
1403638575227829504.000000,0.000000,0.000000,9.932523,5.381098,0.110328,0.035254,6.103779,0.050393,25.386769
1403638575277829376.000000,0.000000,0.000000,9.819187,10.553771,0.115635,0.019558,5.742877,0.087019,33.052439
1403638575327829504.000000,0.000000,0.000000,9.411774,8.488311,0.083208,0.057669,8.366762,0.662211,30.477095
1403638575377829376.000000,0.000000,0.000000,9.226155,9.577441,0.105400,0.035753,5.718174,0.026103,35.570148
1403638575427829504.000000,0.000000,0.000000,10.647728,8.101259,0.108520,0.028978,4.936842,0.033793,34.173952
1403638575477829376.000000,0.000000,0.000000,10.157807,6.022975,0.123095,0.049004,8.730115,1.033270,27.913281
1403638575527829504.000000,0.000000,0.000000,9.705768,6.006535,0.103494,0.033300,5.619492,0.029306,27.029015
1403638575577829376.000000,0.000000,0.000000,9.923191,7.492164,0.091959,0.022066,5.109560,0.619634,29.797443
1403638575627829504.000000,0.000000,0.000000,9.566324,4.564988,0.081883,0.035918,5.977401,0.028905,24.732376
1403638575677829376.000000,0.000000,0.000000,10.233248,5.793787,0.110080,0.039418,8.606615,0.049648,30.574576
1403638575727829504.000000,0.000000,0.000000,10.380725,5.001438,0.126938,0.060170,8.309072,0.943375,26.152582
1403638575777829376.000000,0.000000,0.000000,10.507818,7.423408,0.118255,0.051985,10.326345,0.048327,31.902337
1403638575827829504.000000,0.000000,0.000000,9.733732,6.400965,0.117175,0.024062,6.974513,0.038399,28.111171
1403638575877829376.000000,0.000000,0.000000,9.346075,6.264788,0.109365,0.046821,8.550842,0.023021,29.217141
1403638575927829504.000000,0.000000,0.000000,8.611369,6.139524,0.095979,0.053938,8.981859,1.188494,27.705291
1403638575977829376.000000,0.000000,0.000000,9.816311,6.375927,0.104124,0.027271,5.130618,0.027656,29.816236
1403638576027829504.000000,0.000000,0.000000,9.504950,6.251672,0.111020,0.028651,5.311049,0.039855,28.493947
1403638576077829376.000000,0.000000,0.000000,8.611462,4.169495,0.115299,0.041959,7.832795,1.074804,26.138373
1403638576127829504.000000,0.000000,0.000000,8.824939,6.434021,0.133819,0.030923,4.998638,0.033728,27.865761
1403638576177829376.000000,0.000000,0.000000,8.823139,7.101717,0.075766,0.023800,4.307370,0.026852,31.537516
1403638576227829504.000000,0.000000,0.000000,8.893856,4.748695,0.096242,0.037247,5.559973,0.018196,29.763699
1403638576277829376.000000,0.000000,0.000000,8.533594,4.238689,0.104354,0.030155,5.141661,0.720045,22.561792
1403638576327829504.000000,0.000000,0.000000,8.761882,6.076271,0.109476,0.030479,5.546976,0.035019,28.228763
1403638576377829376.000000,0.000000,0.000000,10.225666,5.984883,0.077131,0.028791,4.903982,0.021962,28.079724
1403638576427829504.000000,0.000000,0.000000,9.784889,6.949967,0.141867,0.033111,5.979649,0.026766,29.748915
1403638576477829376.000000,0.000000,0.000000,9.311952,4.066592,0.077448,0.039479,6.555474,0.026694,24.626583
1403638576527829504.000000,0.000000,0.000000,8.687852,6.842916,0.084790,0.040319,8.446117,0.033178,29.112804
1403638576577829376.000000,0.000000,0.000000,10.024575,4.374399,0.113471,0.038021,6.921118,0.032363,26.378023
1403638576627829504.000000,0.000000,0.000000,9.438405,5.141904,0.094047,0.054150,6.150322,0.021480,25.841734
1403638576677829376.000000,0.000000,0.000000,9.181604,6.485898,0.108579,0.038786,5.659458,0.022263,28.632731
1403638576727829504.000000,0.000000,0.000000,9.004002,3.893153,0.065568,0.036443,5.437848,0.021169,22.900834
1403638576777829376.000000,0.000000,0.000000,10.207505,7.566108,0.070489,0.035137,7.281455,0.906844,28.234588
1403638576827829504.000000,0.000000,0.000000,9.150665,3.886152,0.101575,0.050178,5.845673,0.035418,22.857703
1403638576877829376.000000,0.000000,0.000000,9.457980,10.476348,0.166032,0.017659,4.282863,0.403406,32.663205
1403638576927829504.000000,0.000000,0.000000,9.533619,7.304089,0.082974,0.030253,8.801974,0.053691,29.093821
1403638576977829376.000000,0.000000,0.000000,10.388074,8.147430,0.115221,0.027256,4.586724,0.495939,28.290868
1403638577027829504.000000,0.000000,0.000000,8.687760,4.053963,0.071388,0.031994,5.321877,0.031845,21.780273
1403638577077829376.000000,0.000000,0.000000,9.391593,8.062991,0.076589,0.018757,5.116977,0.704007,30.669395
1403638577127829504.000000,0.000000,0.000000,9.544210,4.302273,0.090162,0.042855,10.224526,0.051529,25.405975
1403638577177829376.000000,0.000000,0.000000,10.488367,4.230054,0.103496,0.044525,6.624205,0.017498,25.326096
1403638577227829504.000000,0.000000,0.000000,9.151573,6.782648,0.095691,0.035349,5.225202,0.642666,28.730757
1403638577277829376.000000,0.000000,0.000000,9.071530,6.652309,0.073034,0.046077,9.536511,0.039684,27.683111
1403638577327829504.000000,0.000000,0.000000,9.356970,6.867421,0.101485,0.031472,4.458286,0.025673,26.356070
1403638577377829376.000000,0.000000,0.000000,9.923740,3.289771,0.092158,0.033637,5.361108,0.025560,22.575976
1403638577427829504.000000,0.000000,0.000000,9.004167,6.832900,0.113080,0.041896,7.883800,0.645724,28.782341
1403638577477829376.000000,0.000000,0.000000,9.793605,6.097489,0.116905,0.037481,7.091926,0.071780,28.090159
1403638577527829504.000000,0.000000,0.000000,9.353359,8.072769,0.094428,0.033002,8.225966,0.042868,30.522389
1403638577577829376.000000,0.000000,0.000000,9.921212,8.082164,0.110970,0.033470,6.080508,0.028318,30.141463
1403638577627829504.000000,0.000000,0.000000,8.761805,7.148769,0.074557,0.043279,10.562578,0.047814,27.755980
1403638577677829376.000000,0.000000,0.000000,9.273812,7.782379,0.064472,0.046436,9.936227,0.847283,29.054992
1403638577727829504.000000,0.000000,0.000000,9.222080,3.669973,0.064593,0.029817,5.102578,0.021715,21.919082
1403638577777829376.000000,0.000000,0.000000,10.386822,3.578456,0.098562,0.024931,4.407862,0.028961,23.238996
1403638577827829504.000000,0.000000,0.000000,9.523842,4.482199,0.071546,0.024382,4.364316,1.063959,22.661641
1403638577877829376.000000,0.000000,0.000000,9.403404,3.441261,0.164650,0.026486,3.858467,0.020843,21.431075
1403638577927829504.000000,0.000000,0.000000,8.363947,3.346473,0.160506,0.022866,4.483988,0.014650,23.349124
1403638577977829376.000000,0.000000,0.000000,9.339497,7.771817,0.079845,0.036600,5.018090,0.015483,29.325120
1403638578027829504.000000,0.000000,0.000000,8.533349,7.749440,0.071588,0.037945,7.886716,0.016339,30.701486
1403638578077829376.000000,0.000000,0.000000,8.090392,4.042153,0.074799,0.026337,5.208522,0.015205,21.041854
1403638578127829504.000000,0.000000,0.000000,8.219919,3.427340,0.077750,0.042646,7.983701,0.904698,19.171139
1403638578177829376.000000,0.000000,0.000000,8.405903,3.729558,0.073519,0.040210,8.738119,0.044526,21.296953
1403638578227829504.000000,0.000000,0.000000,9.196574,7.115875,0.061915,0.024086,5.550477,0.028085,28.736177
1403638578277829376.000000,0.000000,0.000000,9.662449,3.601672,0.063705,0.041922,8.336756,0.035228,21.765712
1403638578327829504.000000,0.000000,0.000000,9.772184,4.058140,0.098610,0.037312,5.130148,0.028824,21.080351
1403638578377829376.000000,0.000000,0.000000,8.721925,3.715324,0.094146,0.031198,5.763673,0.613710,22.241773
1403638578427829504.000000,0.000000,0.000000,8.390007,6.711276,0.074818,0.027237,4.721692,0.022800,26.518038
1403638578477829376.000000,0.000000,0.000000,9.572369,6.394344,0.071013,0.025929,4.264232,0.019145,27.551794
1403638578527829504.000000,0.000000,0.000000,9.268211,3.521752,0.061845,0.032203,5.943270,0.780463,21.192713
1403638578577829376.000000,0.000000,0.000000,9.240014,3.635345,0.090388,0.039649,9.523817,0.038346,22.184242
1403638578627829504.000000,0.000000,0.000000,9.253627,3.635036,0.061326,0.029900,4.509016,0.020446,21.588167
1403638578677829376.000000,0.000000,0.000000,8.504140,5.849258,0.060466,0.038792,8.322404,0.045372,25.849855
1403638578727829504.000000,0.000000,0.000000,8.335477,5.689796,0.093470,0.030858,6.513031,0.031980,21.514375
1403638578777829376.000000,0.000000,0.000000,9.292196,3.919851,0.093091,0.030775,5.392399,0.830434,22.169559
1403638578827829504.000000,0.000000,0.000000,10.895864,7.301641,0.069982,0.030291,7.937790,0.047209,30.791436
1403638578877829376.000000,0.000000,0.000000,9.533851,7.113975,0.072981,0.023686,5.027514,0.028311,28.879185
1403638578927829504.000000,0.000000,0.000000,8.465915,3.755092,0.075154,0.032652,5.396666,0.020270,19.649352
1403638578977829376.000000,0.000000,0.000000,8.876610,3.237744,0.074453,0.071948,6.666303,0.028878,21.656755
1403638579027829504.000000,0.000000,0.000000,9.024274,7.269707,0.063925,0.035839,6.573438,0.756713,25.407290
1403638579077829376.000000,0.000000,0.000000,9.475360,5.464320,0.076919,0.044320,5.671409,0.023360,26.154180
1403638579127829504.000000,0.000000,0.000000,10.175779,3.648948,0.076071,0.025674,5.764584,0.032460,22.959957
1403638579177829376.000000,0.000000,0.000000,9.855932,3.909076,0.093706,0.036150,4.621453,0.734124,22.438664
1403638579227829504.000000,0.000000,0.000000,8.804843,3.445534,0.076939,0.040938,7.839730,0.034194,20.861271
1403638579277829376.000000,0.000000,0.000000,9.170807,6.067300,0.084878,0.029385,4.934761,0.696721,28.171975
1403638579327829504.000000,0.000000,0.000000,9.032537,3.741082,0.077553,0.038575,9.309194,0.051740,22.174962
1403638579377829376.000000,0.000000,0.000000,9.719004,5.434205,0.075816,0.033994,7.414233,1.113335,25.810169
1403638579427829504.000000,0.000000,0.000000,8.216067,5.146247,0.068004,0.037074,6.749778,0.048769,23.032209
1403638579477829376.000000,0.000000,0.000000,9.197137,4.539291,0.067162,0.021978,4.146514,0.720817,21.791518
1403638579527829504.000000,0.000000,0.000000,9.151535,3.029682,0.103374,0.053028,6.026377,0.021506,19.972602
1403638579577829376.000000,0.000000,0.000000,8.699624,3.065070,0.052370,0.037488,4.436547,0.691121,19.581818
1403638579627829504.000000,0.000000,0.000000,9.870618,5.616676,0.068695,0.048631,5.128759,0.034257,28.463301
1403638579677829376.000000,0.000000,0.000000,8.628390,3.300002,0.067737,0.023295,6.172410,0.027559,21.346820
1403638579727829504.000000,0.000000,0.000000,10.065669,3.571162,0.090986,0.041377,8.171286,0.974793,22.096056
1403638579777829376.000000,0.000000,0.000000,8.642102,3.368847,0.061419,0.031055,5.478503,0.029167,20.527425
1403638579827829504.000000,0.000000,0.000000,10.314222,6.667892,0.066699,0.027036,4.144954,0.028725,28.877236
1403638579877829376.000000,0.000000,0.000000,8.558349,2.780702,0.112324,0.033983,8.522679,0.997429,18.632460
1403638579927829504.000000,0.000000,0.000000,8.159202,2.640566,0.063541,0.037719,9.232578,0.057271,19.265478
1403638579977829376.000000,0.000000,0.000000,9.581434,5.830128,0.060435,0.042568,7.965561,1.334559,26.417248
1403638580027829504.000000,0.000000,0.000000,8.567462,2.692936,0.078387,0.036117,7.832138,0.038633,19.511423
1403638580077829376.000000,0.000000,0.000000,8.744682,3.189231,0.078660,0.038096,8.168326,0.039664,19.832430
1403638580127829504.000000,0.000000,0.000000,8.989181,6.169552,0.056317,0.038631,5.021887,0.744061,23.181280
1403638580177829376.000000,0.000000,0.000000,8.603498,7.417695,0.083559,0.039771,5.711075,0.034371,26.953032
1403638580227829504.000000,0.000000,0.000000,9.708967,3.674401,0.055797,0.027423,4.223054,0.571231,21.863598
1403638580277829376.000000,0.000000,0.000000,9.574671,3.413853,0.111158,0.035301,8.235496,0.053103,23.299281
1403638580327829504.000000,0.000000,0.000000,9.209252,3.988920,0.059884,0.052844,7.576046,0.036011,21.659854
1403638580377829376.000000,0.000000,0.000000,9.236227,7.346742,0.075535,0.038140,8.684595,1.333569,30.347911
1403638580427829504.000000,0.000000,0.000000,9.719945,3.066853,0.056862,0.041147,5.371641,0.035883,21.353014
1403638580477829376.000000,0.000000,0.000000,8.150734,3.128028,0.094529,0.030538,4.133314,0.023228,20.593574
1403638580527829504.000000,0.000000,0.000000,8.188757,2.892833,0.095341,0.031612,4.924418,0.749057,18.680605
1403638580577829376.000000,0.000000,0.000000,8.317854,5.663213,0.049921,0.033154,9.151374,0.042728,26.538956
1403638580627829504.000000,0.000000,0.000000,9.405917,5.730893,0.083408,0.028457,7.920381,0.037906,26.777482
1403638580677829376.000000,0.000000,0.000000,8.754510,2.335483,0.052249,0.034403,6.114997,0.022189,19.050941
1403638580727829504.000000,0.000000,0.000000,8.290737,6.043667,0.061867,0.030650,5.317851,0.697962,23.918094
1403638580777829376.000000,0.000000,0.000000,7.958213,2.760379,0.053468,0.027887,5.913975,0.040653,18.765160
1403638580827829504.000000,0.000000,0.000000,7.710341,2.626546,0.055800,0.017896,4.445999,0.019678,18.500059
1403638580877829376.000000,0.000000,0.000000,8.207118,2.768149,0.054513,0.031794,8.458816,0.044648,19.136896
1403638580927829504.000000,0.000000,0.000000,8.869212,3.865992,0.077191,0.041384,9.768132,0.040037,25.500259
1403638580977829376.000000,0.000000,0.000000,8.072519,3.018898,0.062144,0.029610,5.292211,0.959834,19.587702
1403638581027829504.000000,0.000000,0.000000,7.641891,5.590276,0.071275,0.030851,6.225819,0.037589,21.322461
1403638581077829376.000000,0.000000,0.000000,8.604669,2.678787,0.057445,0.026750,6.044890,0.026873,18.767351
1403638581127829504.000000,0.000000,0.000000,8.054920,3.217753,0.085666,0.034499,6.796237,0.863749,20.596255
1403638581177829376.000000,0.000000,0.000000,9.308897,2.835037,0.060961,0.036228,5.426603,0.027443,20.401105
1403638581227829504.000000,0.000000,0.000000,7.878840,5.628962,0.088408,0.037285,7.554232,0.031679,25.746924
1403638581277829376.000000,0.000000,0.000000,8.045392,2.785993,0.102783,0.030152,5.184937,0.694562,18.030735
1403638581327829504.000000,0.000000,0.000000,9.367444,6.221060,0.094070,0.039047,9.520103,0.050613,29.173926
1403638581377829376.000000,0.000000,0.000000,8.514298,6.043907,0.053151,0.021108,4.347455,0.020866,27.791198
1403638581427829504.000000,0.000000,0.000000,7.294371,5.238896,0.100066,0.038882,8.855756,0.036333,24.559958
1403638581477829376.000000,0.000000,0.000000,7.869055,2.874097,0.053194,0.040173,10.255441,1.424794,18.734844
1403638581527829504.000000,0.000000,0.000000,8.179856,6.503530,0.079836,0.021996,5.355135,0.038864,23.693394
1403638581577829376.000000,0.000000,0.000000,7.800763,2.993763,0.088691,0.028690,8.752175,1.336760,18.968720
1403638581627829504.000000,0.000000,0.000000,8.746887,5.140283,0.091480,0.043975,10.287129,0.049884,22.463707
1403638581677829376.000000,0.000000,0.000000,10.431888,5.467573,0.093898,0.042948,7.204900,0.024568,28.337657
1403638581727829504.000000,0.000000,0.000000,7.641061,4.304777,0.103230,0.035653,7.505249,0.720848,25.164676
1403638581777829376.000000,0.000000,0.000000,7.735872,5.578231,0.092015,0.034104,6.307420,0.033856,21.724086
1403638581827829504.000000,0.000000,0.000000,8.764949,6.610167,0.095105,0.021314,4.554918,0.024369,28.135956
1403638581877829376.000000,0.000000,0.000000,8.870940,4.891282,0.062209,0.042986,10.125082,0.050222,27.794887
1403638581927829504.000000,0.000000,0.000000,7.918438,6.651238,0.053299,0.035779,5.555139,0.916680,26.811964
1403638581977829376.000000,0.000000,0.000000,8.522131,3.753133,0.086462,0.045774,7.319130,0.040370,20.204962
1403638582027829504.000000,0.000000,0.000000,10.428775,3.833084,0.053416,0.045259,5.286158,0.040636,22.567448
1403638582077829376.000000,0.000000,0.000000,8.060350,6.056684,0.051418,0.036486,5.654375,0.024278,26.190569
1403638582127829504.000000,0.000000,0.000000,9.646543,3.323574,0.076620,0.033270,5.442765,0.037177,22.061409
1403638582177829376.000000,0.000000,0.000000,8.232540,2.873452,0.083201,0.105200,5.622692,0.024476,19.692572
1403638582227829504.000000,0.000000,0.000000,8.614408,3.229007,0.101087,0.029831,5.481683,0.885174,20.550190
1403638582277829376.000000,0.000000,0.000000,8.139413,4.999529,0.085855,0.035600,6.335569,0.045552,24.185562
1403638582327829504.000000,0.000000,0.000000,8.576033,6.984466,0.054555,0.032585,5.414184,0.028465,30.015249
1403638582377829376.000000,0.000000,0.000000,8.044822,6.449198,0.076679,0.036773,6.060706,0.031571,26.412515
1403638582427829504.000000,0.000000,0.000000,8.511609,3.289007,0.055318,0.046482,6.320381,1.075788,21.029485
1403638582477829376.000000,0.000000,0.000000,8.216836,3.192102,0.075868,0.039911,6.047525,0.044435,20.241129
1403638582527829504.000000,0.000000,0.000000,9.020016,3.317901,0.063603,0.024598,5.453950,1.051376,22.181574
1403638582577829376.000000,0.000000,0.000000,8.240040,3.548827,0.061965,0.057013,9.544534,0.049964,20.620313
1403638582627829504.000000,0.000000,0.000000,8.884680,3.024161,0.066107,0.040910,5.847941,1.086143,19.973403
1403638582677829376.000000,0.000000,0.000000,9.380158,4.332290,0.061087,0.054095,8.829607,0.061715,21.474616
1403638582727829504.000000,0.000000,0.000000,9.005306,3.090520,0.061480,0.035238,6.133986,1.006401,20.932221
1403638582777829376.000000,0.000000,0.000000,9.463298,3.539647,0.063367,0.045513,6.987006,0.058529,22.475834
1403638582827829504.000000,0.000000,0.000000,8.274203,3.815324,0.065593,0.052669,6.130590,1.164208,21.101006
1403638582877829376.000000,0.000000,0.000000,8.503801,3.933757,0.062307,0.066580,7.260447,0.042585,24.088883
1403638582927829504.000000,0.000000,0.000000,8.687948,3.571675,0.087229,0.024327,6.137867,0.036118,21.771158
1403638582977829376.000000,0.000000,0.000000,8.630006,3.393563,0.087308,0.053423,7.162462,0.045278,20.807126
1403638583027829504.000000,0.000000,0.000000,8.898531,4.394137,0.064323,0.046443,7.005025,0.042874,26.901671
1403638583077829376.000000,0.000000,0.000000,8.188593,5.921147,0.064305,0.050501,10.038488,2.054247,25.636882
1403638583127829504.000000,0.000000,0.000000,7.721704,2.943681,0.058113,0.039177,10.435662,0.153147,17.955672
1403638583177829376.000000,0.000000,0.000000,9.467641,3.349580,0.063429,0.029406,5.957310,0.050801,22.902358
1403638583227829504.000000,0.000000,0.000000,9.233868,3.187690,0.105013,0.046700,7.010981,1.214789,21.141677
1403638583277829376.000000,0.000000,0.000000,9.621344,3.200723,0.065923,0.047913,6.894074,0.041563,21.881331
1403638583327829504.000000,0.000000,0.000000,7.553417,5.512257,0.056319,0.035914,6.160242,1.783361,24.916382
1403638583377829376.000000,0.000000,0.000000,9.106515,2.605698,0.093249,0.074712,10.897348,0.067082,20.111606
1403638583427829504.000000,0.000000,0.000000,8.337718,2.789378,0.055434,0.032333,6.705062,0.040124,19.211628
1403638583477829376.000000,0.000000,0.000000,9.070908,5.718559,0.060895,0.062015,10.780366,1.877690,27.687637
1403638583527829504.000000,0.000000,0.000000,7.913369,2.788767,0.059498,0.071538,10.610755,0.063486,18.971409
1403638583577829376.000000,0.000000,0.000000,8.958704,2.806685,0.090732,0.046079,7.455562,0.050002,20.600232
1403638583627829504.000000,0.000000,0.000000,9.010843,2.973004,0.098979,0.066624,7.386539,0.068580,20.913293
1403638583677829376.000000,0.000000,0.000000,7.344082,2.794290,0.134761,0.061810,10.619451,0.194468,22.010573
1403638583727829504.000000,0.000000,0.000000,8.683908,5.673246,0.064281,0.052821,8.186218,0.044766,26.405506
1403638583777829376.000000,0.000000,0.000000,8.247676,5.928152,0.091191,0.069756,9.970551,2.012609,28.482951
1403638583827829504.000000,0.000000,0.000000,9.165399,2.418541,0.092492,0.046019,11.053150,0.062959,21.331156
1403638583877829376.000000,0.000000,0.000000,8.666090,2.798902,0.064320,0.076392,9.820673,0.072297,22.707240
1403638583927829504.000000,0.000000,0.000000,8.355079,5.094702,0.057739,0.028569,6.840032,0.046567,26.327919
1403638583977829376.000000,0.000000,0.000000,9.516174,4.020147,0.105492,0.059085,10.548467,2.369204,21.389239
1403638584027829504.000000,0.000000,0.000000,9.221198,2.545685,0.061934,0.085943,8.033399,0.050797,20.188109
1403638584077829376.000000,0.000000,0.000000,8.805631,5.612151,0.093080,0.035625,10.020824,0.076488,25.999197
1403638584127829504.000000,0.000000,0.000000,8.620243,2.529096,0.071799,0.059951,8.563710,0.055764,19.186065
1403638584177829376.000000,0.000000,0.000000,7.550306,4.396565,0.063896,0.074546,8.514289,1.253029,19.085980
1403638584227829504.000000,0.000000,0.000000,8.060846,2.794142,0.063961,0.059212,9.621483,0.073376,19.361841
1403638584277829376.000000,0.000000,0.000000,8.339954,2.726327,0.071007,0.037782,6.862651,1.255510,19.586111
1403638584327829504.000000,0.000000,0.000000,7.930500,2.961399,0.066540,0.078049,7.950782,0.050848,19.434653
1403638584377829376.000000,0.000000,0.000000,8.183785,2.943706,0.068874,0.037060,6.434473,1.184311,18.731401
1403638584427829504.000000,0.000000,0.000000,8.930133,3.285918,0.087899,0.051740,7.746984,0.049819,21.413745
1403638584477829376.000000,0.000000,0.000000,8.479789,4.039901,0.090936,0.042641,8.479752,1.484339,22.255885
1403638584527829504.000000,0.000000,0.000000,9.618802,5.348433,0.065211,0.057944,9.277287,0.074648,26.607166
1403638584577829376.000000,0.000000,0.000000,9.211407,4.726474,0.070116,0.048218,10.966520,0.071194,23.721243
1403638584627829504.000000,0.000000,0.000000,9.248129,3.567480,0.078968,0.055331,7.848648,0.080331,21.757014
1403638584677829376.000000,0.000000,0.000000,9.119001,4.195273,0.076519,0.067109,9.893919,0.063577,21.992736
1403638584727829504.000000,0.000000,0.000000,9.589001,2.776534,0.060201,0.056663,9.657165,0.083413,20.856814
1403638584777829376.000000,0.000000,0.000000,8.678687,4.337225,0.053634,0.065952,10.680572,2.375032,24.060109
1403638584827829504.000000,0.000000,0.000000,7.775705,2.707489,0.065032,0.044719,11.417338,0.075526,19.151975
1403638584877829376.000000,0.000000,0.000000,8.980647,4.392357,0.058021,0.057563,8.731164,0.095992,20.629502
1403638584927829504.000000,0.000000,0.000000,8.627511,2.118351,0.061440,0.041044,10.561795,0.063201,22.685811
1403638584977829376.000000,0.000000,0.000000,7.844631,2.409138,0.067563,0.069405,11.522675,0.075465,18.279820
1403638585027829504.000000,0.000000,0.000000,7.893593,2.368754,0.113317,0.077637,10.505355,0.082749,18.211850
1403638585077829376.000000,0.000000,0.000000,8.172127,2.275589,0.117110,0.056687,8.162550,1.684737,18.870915
1403638585127829504.000000,0.000000,0.000000,7.919648,4.678670,0.057371,0.057909,11.763915,0.075375,26.360477
1403638585177829376.000000,0.000000,0.000000,7.585944,5.222863,0.106351,0.067282,11.227793,0.101318,22.220780
1403638585227829504.000000,0.000000,0.000000,9.250500,2.166915,0.067149,0.075773,8.511632,1.527077,19.847342
1403638585277829376.000000,0.000000,0.000000,7.698263,3.878888,0.058777,0.082827,15.081612,0.100097,23.963507
1403638585327829504.000000,0.000000,0.000000,7.349051,2.154631,0.089069,0.071584,13.793812,0.062391,16.587416
1403638585377829376.000000,0.000000,0.000000,9.198936,2.182603,0.082952,0.062341,8.682101,0.059035,19.467661
1403638585427829504.000000,0.000000,0.000000,8.612809,4.528133,0.110351,0.065099,10.602854,1.658539,24.410044
1403638585477829376.000000,0.000000,0.000000,9.694370,3.485517,0.064522,0.054470,9.196919,0.066641,23.597297
1403638585527829504.000000,0.000000,0.000000,8.036944,5.315551,0.109177,0.068012,9.493756,0.077444,24.374893
1403638585577829376.000000,0.000000,0.000000,8.912192,2.000441,0.117600,0.065297,7.682210,1.173738,19.685732
1403638585627829504.000000,0.000000,0.000000,8.803776,4.828782,0.063664,0.064411,10.893372,0.061505,27.402958
1403638585677829376.000000,0.000000,0.000000,7.396570,5.149847,0.076390,0.047149,9.285004,0.066289,26.584538
1403638585727829504.000000,0.000000,0.000000,7.621978,1.981909,0.054088,0.067910,9.119225,1.371535,17.571760
1403638585777829376.000000,0.000000,0.000000,8.128628,1.514294,0.058989,0.057604,8.544375,0.083013,16.862416
1403638585827829504.000000,0.000000,0.000000,8.268886,1.609721,0.070090,0.079726,8.815448,0.057099,17.837359
1403638585877829376.000000,0.000000,0.000000,7.805668,2.954367,0.062259,0.052516,6.283847,1.084800,17.128047
1403638585927829504.000000,0.000000,0.000000,7.379300,1.692056,0.121191,0.043516,9.006323,0.098870,16.277270
1403638585977829376.000000,0.000000,0.000000,8.798468,1.794936,0.066540,0.029790,6.793288,0.802242,18.470686
1403638586027829504.000000,0.000000,0.000000,8.490843,4.278238,0.130321,0.062019,9.331040,0.064565,23.549573
1403638586077829376.000000,0.000000,0.000000,7.681228,2.224635,0.096226,0.040506,7.666943,1.093921,18.069422
1403638586127829504.000000,0.000000,0.000000,7.414289,5.015771,0.060962,0.077992,10.342581,0.076677,24.147110
1403638586177829376.000000,0.000000,0.000000,9.464546,4.670735,0.116318,0.054121,7.713359,0.043784,25.878093
1403638586227829504.000000,0.000000,0.000000,7.643198,2.360139,0.064295,0.065184,9.877792,1.869103,18.256809
1403638586277829376.000000,0.000000,0.000000,8.311209,4.910161,0.067700,0.032138,7.985186,0.069997,24.447693
1403638586327829504.000000,0.000000,0.000000,7.895142,2.172853,0.065109,0.060402,8.701650,0.057654,18.067735
1403638586377829376.000000,0.000000,0.000000,8.481859,2.096122,0.060966,0.062802,9.860468,1.322915,19.632330
1403638586427829504.000000,0.000000,0.000000,7.767695,2.178944,0.070667,0.057107,8.309893,0.081968,17.381360
1403638586477829376.000000,0.000000,0.000000,8.138927,2.264295,0.107073,0.053411,9.095971,1.103701,17.385820
1403638586527829504.000000,0.000000,0.000000,9.268118,3.032808,0.059182,0.067419,11.495009,0.097017,21.834147
1403638586577829376.000000,0.000000,0.000000,8.267078,5.234252,0.097343,0.055699,7.711798,1.057012,26.728277
1403638586627829504.000000,0.000000,0.000000,8.185917,2.342863,0.064914,0.081685,10.569590,0.065863,18.142951
1403638586677829376.000000,0.000000,0.000000,9.354945,4.738948,0.063415,0.033713,8.861744,1.154988,25.320259
1403638586727829504.000000,0.000000,0.000000,9.996799,4.024036,0.068405,0.074764,8.304647,0.076969,23.418301
1403638586777829376.000000,0.000000,0.000000,8.369516,2.654468,0.065517,0.066652,7.052027,1.212320,19.903801
1403638586827829504.000000,0.000000,0.000000,7.587382,3.197593,0.059459,0.064088,8.316748,0.059097,21.601628
1403638586877829376.000000,0.000000,0.000000,7.977150,2.768971,0.195913,0.031115,7.563843,0.056091,18.795647
1403638586927829504.000000,0.000000,0.000000,9.281369,2.698130,0.076463,0.066885,10.137586,0.061864,19.930643
1403638586977829376.000000,0.000000,0.000000,8.846791,7.074212,0.078361,0.071688,8.795858,0.047576,25.838154
1403638587027829504.000000,0.000000,0.000000,8.577682,2.464092,0.061851,0.060388,8.629005,0.063289,21.007658
1403638587077829376.000000,0.000000,0.000000,8.155959,2.635020,0.075114,0.065397,8.592765,1.289623,19.393920
1403638587127829504.000000,0.000000,0.000000,10.055143,2.924113,0.104821,0.034215,9.344670,0.063835,21.440772
1403638587177829376.000000,0.000000,0.000000,8.220164,2.947451,0.063329,0.068277,11.369367,0.113711,19.336746
1403638587227829504.000000,0.000000,0.000000,9.321612,5.633082,0.103166,0.042959,8.550161,0.067719,26.257116
1403638587277829376.000000,0.000000,0.000000,7.939710,2.200760,0.082944,0.119281,11.737004,0.062155,18.756496
1403638587327829504.000000,0.000000,0.000000,8.444504,4.767147,0.079256,0.070553,9.926774,0.060570,25.445325
1403638587377829376.000000,0.000000,0.000000,9.150964,4.825293,0.069732,0.075450,11.585623,1.673166,25.389789
1403638587427829504.000000,0.000000,0.000000,8.603797,2.527403,0.121344,0.070973,10.053677,0.059284,20.893593
1403638587477829376.000000,0.000000,0.000000,7.480613,1.973837,0.066047,0.065897,10.584878,0.153889,17.065971
1403638587527829504.000000,0.000000,0.000000,6.830236,4.398950,0.123431,0.063365,8.070373,1.138583,20.520539
1403638587577829376.000000,0.000000,0.000000,8.061086,2.161456,0.098336,0.061476,8.960227,0.099784,17.986071
1403638587627829504.000000,0.000000,0.000000,8.787725,3.387501,0.099905,0.074630,10.601205,0.063063,20.715201
1403638587677829376.000000,0.000000,0.000000,8.425390,3.560170,0.063802,0.073935,10.565354,0.076165,21.683346
1403638587727829504.000000,0.000000,0.000000,8.377047,4.877550,0.067495,0.075455,11.713233,0.063384,25.317753
1403638587777829376.000000,0.000000,0.000000,8.186026,2.202270,0.076789,0.085048,9.027848,0.050443,18.815453
1403638587827829504.000000,0.000000,0.000000,7.999161,2.069945,0.097830,0.069967,11.715948,0.085558,17.050247
1403638587877829376.000000,0.000000,0.000000,8.307729,3.045964,0.125587,0.062427,8.687089,1.459529,23.739773
1403638587927829504.000000,0.000000,0.000000,9.136537,4.822824,0.095539,0.041654,11.822125,0.090106,26.081571
1403638587977829376.000000,0.000000,0.000000,8.908408,5.192405,0.121670,0.066885,10.260623,0.114739,26.571794
1403638588027829504.000000,0.000000,0.000000,7.705036,3.950106,0.071554,0.061202,10.198336,0.062781,22.702331
1403638588077829376.000000,0.000000,0.000000,8.249989,4.725799,0.061401,0.074062,12.689872,0.063414,24.045799
1403638588127829504.000000,0.000000,0.000000,8.872448,2.255182,0.069644,0.061673,8.977445,0.055816,19.502351
1403638588177829376.000000,0.000000,0.000000,7.830543,2.324564,0.102890,0.061670,9.680731,0.082664,19.226433
1403638588227829504.000000,0.000000,0.000000,7.845938,2.256807,0.117995,0.083542,10.837816,1.422105,17.689783
1403638588277829376.000000,0.000000,0.000000,8.838455,4.394919,0.109514,0.034368,8.991344,0.086874,24.440740
1403638588327829504.000000,0.000000,0.000000,7.238714,4.473157,0.070150,0.069157,11.319626,0.135073,22.541502
1403638588377829376.000000,0.000000,0.000000,7.870939,4.846450,0.060412,0.046578,8.340148,1.436139,25.569409
1403638588427829504.000000,0.000000,0.000000,8.361829,2.153877,0.069614,0.077279,11.653297,0.088257,18.748816
1403638588477829376.000000,0.000000,0.000000,8.721745,2.333065,0.067151,0.062029,9.117714,0.088861,17.948262
1403638588527829504.000000,0.000000,0.000000,7.809727,2.175243,0.126483,0.060745,11.399708,1.093822,18.145634
1403638588577829376.000000,0.000000,0.000000,8.105296,5.791139,0.066831,0.073382,11.663116,0.068714,26.265478
1403638588627829504.000000,0.000000,0.000000,8.344392,5.125948,0.077876,0.072357,10.226371,0.087205,24.838184
1403638588677829376.000000,0.000000,0.000000,9.335268,2.341148,0.069471,0.066599,7.711413,1.574726,21.416624
1403638588727829504.000000,0.000000,0.000000,9.415497,2.140784,0.078541,0.064016,10.480741,0.085601,20.522031
1403638588777829376.000000,0.000000,0.000000,8.321515,2.918616,0.068337,0.071301,9.259543,0.062381,20.248680
1403638588827829504.000000,0.000000,0.000000,8.309503,2.232187,0.112869,0.058846,7.493238,3.534296,17.781476
1403638588877829376.000000,0.000000,0.000000,9.910508,2.634348,0.073083,0.052978,9.655014,0.101798,24.266906
1403638588927829504.000000,0.000000,0.000000,7.499704,4.770270,0.071668,0.055198,10.158541,0.080342,25.343264
1403638588977829376.000000,0.000000,0.000000,9.515265,2.142670,0.091936,0.051696,9.319603,2.440561,20.928040
1403638589027829504.000000,0.000000,0.000000,8.338559,3.152756,0.087992,0.051990,10.359501,0.117738,20.688231
1403638589077829376.000000,0.000000,0.000000,7.315004,3.290324,0.082930,0.045088,8.779890,0.073024,19.423894
1403638589127829504.000000,0.000000,0.000000,8.359876,3.155930,0.103972,0.030226,6.942128,2.333780,22.054430
1403638589177829376.000000,0.000000,0.000000,9.169895,2.730608,0.094988,0.055251,9.214689,0.115861,20.379814
1403638589227829504.000000,0.000000,0.000000,8.653391,2.307471,0.110696,0.051987,10.814426,0.089689,21.887893
1403638589277829376.000000,0.000000,0.000000,7.336739,2.347270,0.070678,0.026766,7.338995,2.534726,18.486018
1403638589327829504.000000,0.000000,0.000000,9.917383,5.255304,0.108200,0.067298,10.386889,0.150322,27.785158
1403638589377829376.000000,0.000000,0.000000,9.566008,2.377758,0.110337,0.048418,10.224166,0.114300,18.899573
1403638589427829504.000000,0.000000,0.000000,8.085005,4.298200,0.098973,0.062530,8.027697,3.351113,24.408550
1403638589477829376.000000,0.000000,0.000000,8.501443,5.637949,0.106776,0.065588,11.208334,0.122854,29.106762
1403638589527829504.000000,0.000000,0.000000,9.437743,2.291020,0.111002,0.045901,9.282827,0.150451,19.996943
1403638589577829376.000000,0.000000,0.000000,8.619504,6.035955,0.118184,0.034048,10.513937,2.444173,27.804712
1403638589627829504.000000,0.000000,0.000000,8.689246,5.261996,0.078388,0.075171,12.013337,0.103529,27.412624
1403638589677829376.000000,0.000000,0.000000,8.660094,6.116004,0.086722,0.046061,11.902370,0.138397,24.910228
1403638589727829504.000000,0.000000,0.000000,8.001743,3.404215,0.074786,0.032013,10.317812,2.586117,22.581543
1403638589777829376.000000,0.000000,0.000000,7.892089,2.872158,0.108573,0.046018,14.160423,0.109291,20.116537
1403638589827829504.000000,0.000000,0.000000,9.094895,2.578605,0.085795,0.054040,11.475883,0.129437,19.336533
1403638589877829376.000000,0.000000,0.000000,8.476723,4.056984,0.105331,0.034594,9.647624,2.299150,25.796203
1403638589927829504.000000,0.000000,0.000000,8.084125,3.125444,0.114893,0.030877,9.382049,0.132649,20.779227
1403638589977829376.000000,0.000000,0.000000,8.308887,5.301344,0.082551,0.051551,10.825521,0.083517,23.971697
1403638590027829504.000000,0.000000,0.000000,8.286996,2.681836,0.073731,0.064715,7.871925,2.150032,19.331130
1403638590077829376.000000,0.000000,0.000000,7.394953,2.694941,0.161328,0.059841,11.403282,0.128338,18.687169
1403638590127829504.000000,0.000000,0.000000,8.804845,2.693345,0.064196,0.043398,8.881686,0.120482,20.218689
1403638590177829376.000000,0.000000,0.000000,9.206879,6.097740,0.087022,0.035423,9.409775,2.576261,24.393796
1403638590227829504.000000,0.000000,0.000000,9.169179,2.845071,0.075344,0.063610,10.722201,0.150473,21.139091
1403638590277829376.000000,0.000000,0.000000,9.420048,2.964161,0.069397,0.041290,9.210761,0.109509,21.718852
1403638590327829504.000000,0.000000,0.000000,10.153173,3.148288,0.074534,0.027851,7.363982,2.070440,21.537578
1403638590377829376.000000,0.000000,0.000000,8.909994,3.032407,0.082211,0.057928,8.872323,0.075283,20.704423
1403638590427829504.000000,0.000000,0.000000,9.070150,5.119414,0.076947,0.047173,9.955586,0.148671,24.462578
1403638590477829376.000000,0.000000,0.000000,10.131975,3.108360,0.112373,0.033582,7.843458,3.011212,22.259385
1403638590527829504.000000,0.000000,0.000000,9.292303,3.397742,0.071620,0.070029,8.706519,0.067638,22.104492
1403638590577829376.000000,0.000000,0.000000,9.224966,4.175476,0.089738,0.044282,7.627658,0.078633,26.777072
1403638590627829504.000000,0.000000,0.000000,9.484622,3.692417,0.098105,0.043556,8.648453,2.563549,23.560272
1403638590677829376.000000,0.000000,0.000000,8.474185,5.239405,0.075983,0.042806,12.629959,0.105291,26.214889
1403638590727829504.000000,0.000000,0.000000,8.547758,3.602399,0.083001,0.045949,9.846314,0.070508,22.102999
1403638590777829376.000000,0.000000,0.000000,10.506217,5.892324,0.116655,0.033330,10.598295,2.772809,26.241415
1403638590827829504.000000,0.000000,0.000000,9.204938,4.823204,0.092375,0.048012,13.239826,0.111403,24.106560
1403638590877829376.000000,0.000000,0.000000,8.343100,5.910770,0.105159,0.054062,12.722521,0.089455,24.715504
1403638590927829504.000000,0.000000,0.000000,7.813889,6.220653,0.085139,0.048028,7.940904,2.018738,22.919303
1403638590977829376.000000,0.000000,0.000000,10.681219,6.674403,0.101560,0.029324,9.415967,0.065302,27.905358
1403638591027829504.000000,0.000000,0.000000,9.145139,5.677530,0.089782,0.042253,11.665052,0.163734,25.050984
1403638591077829376.000000,0.000000,0.000000,9.340697,6.208246,0.082720,0.028903,10.131268,2.084613,30.749686
1403638591127829504.000000,0.000000,0.000000,10.713056,4.799823,0.083475,0.039443,11.209630,0.113730,29.637909
1403638591177829376.000000,0.000000,0.000000,9.389799,3.720756,0.083070,0.038856,11.502193,0.125388,23.129548
1403638591227829504.000000,0.000000,0.000000,9.526996,3.514837,0.085564,0.040129,12.251962,3.235265,24.861512
1403638591277829376.000000,0.000000,0.000000,9.816077,3.770368,0.110614,0.033997,11.223835,0.083651,23.440314
1403638591327829504.000000,0.000000,0.000000,10.659420,3.881791,0.055740,0.045188,11.833458,0.128496,25.883912
1403638591377829376.000000,0.000000,0.000000,10.754756,7.115774,0.120129,0.031601,9.853455,0.091204,32.205892
1403638591427829504.000000,0.000000,0.000000,10.349868,4.685517,0.116019,0.041864,12.958610,1.655199,24.555284
1403638591477829376.000000,0.000000,0.000000,10.312428,7.435596,0.146783,0.025904,9.743653,0.064768,33.495947
1403638591527829504.000000,0.000000,0.000000,8.697614,7.495131,0.097857,0.059934,12.341990,0.089143,30.486077
1403638591577829376.000000,0.000000,0.000000,10.013127,7.985746,0.113244,0.048222,10.432108,0.065899,29.019231
1403638591627829504.000000,0.000000,0.000000,9.539425,4.112068,0.092228,0.048823,11.101443,1.589833,24.559776
1403638591677829376.000000,0.000000,0.000000,9.165567,8.098135,0.121098,0.033521,10.504434,0.077462,31.361575
1403638591727829504.000000,0.000000,0.000000,9.105082,7.169339,0.108183,0.069364,11.225833,0.066804,27.841848
1403638591777829376.000000,0.000000,0.000000,9.836135,7.016231,0.100327,0.030178,13.215083,0.118788,32.009575
1403638591827829504.000000,0.000000,0.000000,9.585983,7.157882,0.106115,0.048528,10.364100,2.055874,31.359996
1403638591877829376.000000,0.000000,0.000000,8.573513,4.400699,0.121811,0.032198,11.719959,0.085028,26.168382
1403638591927829504.000000,0.000000,0.000000,11.152126,4.981790,0.090679,0.063644,11.414997,0.065664,26.127909
1403638591977829376.000000,0.000000,0.000000,9.909217,7.887194,0.102681,0.047310,9.568761,0.067191,33.764114
1403638592027829504.000000,0.000000,0.000000,9.743319,4.658242,0.114748,0.056537,12.492864,1.419362,25.941581
1403638592077829376.000000,0.000000,0.000000,9.294632,7.004349,0.116604,0.037259,14.580110,0.070857,29.588848
1403638592127829504.000000,0.000000,0.000000,9.368583,6.796505,0.111914,0.055901,11.129835,0.120141,27.850529
1403638592177829376.000000,0.000000,0.000000,8.408259,6.545562,0.095186,0.035192,9.107212,0.094675,28.509260
1403638592227829504.000000,0.000000,0.000000,9.357236,6.711981,0.094829,0.030050,10.349325,1.155929,28.996230
1403638592277829376.000000,0.000000,0.000000,9.834513,4.695757,0.101700,0.032917,12.691372,0.107300,25.667340
1403638592327829504.000000,0.000000,0.000000,12.395917,4.408620,0.086635,0.050496,12.212209,0.083510,28.149357
1403638592377829376.000000,0.000000,0.000000,9.090447,4.567349,0.113136,0.039307,10.008891,1.923265,24.260775
1403638592427829504.000000,0.000000,0.000000,9.935654,5.023009,0.090794,0.049747,11.422794,0.117756,25.563602
1403638592477829376.000000,0.000000,0.000000,8.648415,7.379304,0.112684,0.046991,12.262730,0.100148,29.341375
1403638592527829504.000000,0.000000,0.000000,9.272287,4.798078,0.105583,0.034546,10.252232,2.862308,27.097326
1403638592577829376.000000,0.000000,0.000000,9.914035,8.114502,0.122539,0.064822,12.003892,0.104262,32.268970
1403638592627829504.000000,0.000000,0.000000,10.455002,4.695064,0.106825,0.091872,11.815811,0.074211,26.964733
1403638592677829376.000000,0.000000,0.000000,9.780196,7.861127,0.125510,0.039849,10.331253,2.704911,30.830925
1403638592727829504.000000,0.000000,0.000000,10.467559,8.373725,0.091771,0.048122,12.328917,0.107619,31.862723
1403638592777829376.000000,0.000000,0.000000,10.531703,10.382012,0.063642,0.046921,11.400526,0.155948,37.111196
1403638592827829504.000000,0.000000,0.000000,10.151136,8.998413,0.139063,0.049336,12.367253,3.336715,34.020917
1403638592877829376.000000,0.000000,0.000000,10.041319,6.688504,0.130271,0.047737,11.456564,0.116245,28.805988
1403638592927829504.000000,0.000000,0.000000,9.875818,8.754635,0.134922,0.056241,11.957209,0.099038,32.045230
1403638592977829376.000000,0.000000,0.000000,10.298911,9.646555,0.107136,0.052521,10.165240,2.580005,34.853263
1403638593027829504.000000,0.000000,0.000000,9.454799,8.299292,0.120087,0.059575,14.014931,0.099399,31.460529
1403638593077829376.000000,0.000000,0.000000,9.693100,5.149774,0.113718,0.050074,14.382768,0.120406,27.803697
1403638593127829504.000000,0.000000,0.000000,10.230258,8.370962,0.103899,0.039326,10.702576,2.207562,33.769300
1403638593177829376.000000,0.000000,0.000000,9.806364,8.123154,0.123743,0.046010,13.458000,0.114849,32.460850
1403638593227829504.000000,0.000000,0.000000,11.310474,5.445775,0.103724,0.059012,11.017947,0.136609,29.912519
1403638593277829376.000000,0.000000,0.000000,10.252471,7.169098,0.102480,0.051564,11.250508,2.303314,36.228782
1403638593327829504.000000,0.000000,0.000000,9.398787,4.976146,0.107375,0.046101,12.491570,0.128585,31.542148
1403638593377829376.000000,0.000000,0.000000,8.846771,4.934196,0.099168,0.052805,11.862959,0.171219,26.370885
1403638593427829504.000000,0.000000,0.000000,9.587616,6.390706,0.098171,0.037633,10.132579,1.626429,31.473094
1403638593477829376.000000,0.000000,0.000000,8.947128,4.910480,0.103541,0.045853,10.330848,0.076962,26.589998
1403638593527829504.000000,0.000000,0.000000,11.070303,4.923560,0.075719,0.059447,12.918552,0.131533,29.688306
1403638593577829376.000000,0.000000,0.000000,9.180199,4.934010,0.117237,0.032078,9.927977,2.140306,25.955480
1403638593627829504.000000,0.000000,0.000000,9.764884,8.854063,0.083195,0.059114,12.616760,0.112414,32.835746
1403638593677829376.000000,0.000000,0.000000,10.235967,6.542156,0.095908,0.068689,11.891376,0.129401,29.383574
1403638593727829504.000000,0.000000,0.000000,8.754970,7.263945,0.107627,0.080447,12.396669,1.614349,29.589936
1403638593777829376.000000,0.000000,0.000000,10.256923,4.497303,0.094991,0.048689,12.404699,0.105545,26.390357
1403638593827829504.000000,0.000000,0.000000,9.687158,4.667240,0.090348,0.068724,11.211808,0.151800,26.787073
1403638593877829376.000000,0.000000,0.000000,9.675860,4.323689,0.098940,0.046595,11.373673,0.069504,24.501020
1403638593927829504.000000,0.000000,0.000000,10.303670,4.467092,0.097896,0.063113,10.672999,3.095465,26.946664
1403638593977829376.000000,0.000000,0.000000,9.462781,4.108726,0.089006,0.038898,12.382334,0.112066,24.224162
1403638594027829504.000000,0.000000,0.000000,8.832341,8.395449,0.082936,0.057989,12.027100,0.109949,29.726704
1403638594077829376.000000,0.000000,0.000000,9.570937,5.888650,0.104633,0.042519,11.376969,0.078640,27.334401
1403638594127829504.000000,0.000000,0.000000,9.030585,6.861588,0.111839,0.033741,10.355390,1.663071,30.122405
1403638594177829376.000000,0.000000,0.000000,10.218348,4.431671,0.095611,0.073395,12.681085,0.089673,25.404980
1403638594227829504.000000,0.000000,0.000000,11.389103,7.177083,0.112793,0.068640,10.869771,0.101882,33.662762
1403638594277829376.000000,0.000000,0.000000,10.111055,4.429602,0.116947,0.059721,12.458400,1.528222,26.201768
1403638594327829504.000000,0.000000,0.000000,9.427496,4.765250,0.087433,0.046749,11.582218,0.086736,26.140458
1403638594377829376.000000,0.000000,0.000000,9.603700,7.137144,0.130109,0.070337,11.853798,0.122540,31.008751
1403638594427829504.000000,0.000000,0.000000,9.449446,4.450720,0.123465,0.061853,11.949589,0.130870,25.742537
1403638594477829376.000000,0.000000,0.000000,9.115039,7.294007,0.167306,0.038578,9.414044,1.992539,30.215566
1403638594527829504.000000,0.000000,0.000000,9.970058,8.739046,0.115119,0.036984,11.685988,0.081422,33.470777
1403638594577829376.000000,0.000000,0.000000,9.836011,5.813940,0.108720,0.062393,11.373716,0.117791,27.943765
1403638594627829504.000000,0.000000,0.000000,9.582413,7.957723,0.109160,0.053671,11.991597,0.068766,31.462024
1403638594677829376.000000,0.000000,0.000000,9.456480,7.403779,0.096206,0.048109,10.735596,1.664544,30.076638
1403638594727829504.000000,0.000000,0.000000,9.734496,4.547325,0.115561,0.039229,11.193579,0.113512,25.856294
1403638594777829376.000000,0.000000,0.000000,9.518914,6.896061,0.096563,0.065028,11.583742,0.111633,27.726756
1403638594827829504.000000,0.000000,0.000000,9.415955,6.333159,0.102127,0.073788,11.569198,0.078124,27.165667
1403638594877829376.000000,0.000000,0.000000,10.033728,5.524701,0.105966,0.050421,9.652442,2.271378,26.305323
1403638594927829504.000000,0.000000,0.000000,9.302882,4.313681,0.090402,0.035152,9.422955,0.114962,27.021829
1403638594977829376.000000,0.000000,0.000000,9.418652,5.027619,0.099963,0.073882,11.767967,0.109120,25.976743
1403638595027829504.000000,0.000000,0.000000,11.023716,6.785559,0.098439,0.033857,8.720193,0.134026,29.794433
1403638595077829376.000000,0.000000,0.000000,9.848775,5.376362,0.125249,0.053533,10.490306,1.640833,28.199675
1403638595127829504.000000,0.000000,0.000000,9.625527,4.261772,0.092981,0.053459,10.341290,0.070976,27.034256
1403638595177829376.000000,0.000000,0.000000,9.844984,6.960919,0.191956,0.088208,12.087494,0.104933,31.626003
1403638595227829504.000000,0.000000,0.000000,10.650104,4.985451,0.103698,0.115343,10.479272,0.071141,27.191060
1403638595277829376.000000,0.000000,0.000000,8.908899,7.472688,0.123122,0.052472,10.593773,2.500960,31.602545
1403638595327829504.000000,0.000000,0.000000,9.488958,5.599240,0.128175,0.046951,11.666106,0.086833,28.283481
1403638595377829376.000000,0.000000,0.000000,8.695515,7.522354,0.119092,0.063243,10.874574,0.110227,32.744142
1403638595427829504.000000,0.000000,0.000000,10.599412,7.147534,0.135547,0.039264,15.026174,0.101682,31.258255
1403638595477829376.000000,0.000000,0.000000,10.129239,8.209490,0.088859,0.057619,9.844195,0.071587,32.617996
1403638595527829504.000000,0.000000,0.000000,9.408455,7.513028,0.146042,0.062327,10.394525,0.071247,29.707568
1403638595577829376.000000,0.000000,0.000000,9.672487,4.765782,0.113846,0.068639,11.956720,0.075845,26.591087
1403638595627829504.000000,0.000000,0.000000,10.514476,6.918571,0.145731,0.067243,10.461250,0.064880,31.416998
1403638595677829376.000000,0.000000,0.000000,9.323361,7.807546,0.124571,0.060024,10.032842,0.091225,31.357291
1403638595727829504.000000,0.000000,0.000000,9.402893,7.994715,0.116789,0.060320,10.328847,0.081559,32.408484
1403638595777829376.000000,0.000000,0.000000,9.130514,8.025421,0.098571,0.062183,10.589299,2.172761,29.543226
1403638595827829504.000000,0.000000,0.000000,9.908000,6.528146,0.104781,0.051446,11.627554,0.094758,31.530959
1403638595877829376.000000,0.000000,0.000000,9.810232,4.345092,0.121637,0.084215,13.271519,0.198076,27.624823
1403638595927829504.000000,0.000000,0.000000,8.852382,5.222436,0.122144,0.089887,11.084363,0.093377,29.468801
1403638595977829376.000000,0.000000,0.000000,9.847989,6.644203,0.120407,0.048404,9.432168,0.087118,30.264017
1403638596027829504.000000,0.000000,0.000000,10.436276,7.111233,0.099196,0.073077,11.724396,2.127029,31.045077
1403638596077829376.000000,0.000000,0.000000,9.196611,7.410346,0.098509,0.049566,10.824855,0.080424,32.863312
1403638596127829504.000000,0.000000,0.000000,11.104253,5.730470,0.102578,0.068328,9.948308,0.139765,28.886522
1403638596177829376.000000,0.000000,0.000000,11.054715,4.700606,0.100091,0.105527,12.238291,0.072605,28.903253
1403638596227829504.000000,0.000000,0.000000,9.617618,4.853658,0.126429,0.047789,9.458996,2.154952,29.822144
1403638596277829376.000000,0.000000,0.000000,9.398574,5.712065,0.103511,0.052103,14.559428,0.138141,27.237269
1403638596327829504.000000,0.000000,0.000000,10.118581,7.517171,0.087150,0.076279,13.272958,0.116823,32.276468
1403638596377829376.000000,0.000000,0.000000,9.650814,7.558243,0.117322,0.077085,12.333986,0.114008,30.074076
1403638596427829504.000000,0.000000,0.000000,10.092222,5.446888,0.097587,0.060946,11.127758,3.075801,31.013913
1403638596477829376.000000,0.000000,0.000000,9.676103,8.097341,0.143110,0.055544,12.034758,0.097767,30.373326
1403638596527829504.000000,0.000000,0.000000,9.489258,5.407998,0.110500,0.071685,11.333933,0.146642,30.385129
1403638596577829376.000000,0.000000,0.000000,11.047906,6.526842,0.101562,0.065582,11.908457,0.098125,32.861229
1403638596627829504.000000,0.000000,0.000000,10.350409,5.674996,0.112522,0.056147,11.714430,2.709094,29.873671
1403638596677829376.000000,0.000000,0.000000,10.204423,4.660867,0.131125,0.050650,14.030299,0.242541,27.167976
1403638596727829504.000000,0.000000,0.000000,10.042732,6.241464,0.112312,0.076984,12.458183,0.136240,30.266888
1403638596777829376.000000,0.000000,0.000000,11.204045,4.606497,0.106794,0.066269,12.869885,0.083925,28.542731
1403638596827829504.000000,0.000000,0.000000,10.076469,6.277253,0.116036,0.048500,10.784404,2.465056,30.646226
1403638596877829376.000000,0.000000,0.000000,10.643401,6.450864,0.134154,0.070560,11.815952,0.195633,30.326031
1403638596927829504.000000,0.000000,0.000000,10.179517,4.998778,0.124100,0.069718,13.021381,0.131637,28.697243
1403638596977829376.000000,0.000000,0.000000,8.798621,7.403729,0.124915,0.057337,11.897178,0.123194,31.151608
1403638597027829504.000000,0.000000,0.000000,11.074760,6.878049,0.124071,0.048800,10.740432,2.646513,31.681993
1403638597077829376.000000,0.000000,0.000000,9.933508,7.165682,0.127948,0.064643,11.296815,0.070890,29.217170
1403638597127829504.000000,0.000000,0.000000,10.350593,4.999601,0.169840,0.082780,11.499949,0.123718,28.883539
1403638597177829376.000000,0.000000,0.000000,10.195334,6.212674,0.130526,0.064509,15.411527,0.088003,29.234597
1403638597227829504.000000,0.000000,0.000000,12.014487,8.938997,0.117119,0.045382,10.434775,2.916434,35.224646
1403638597277829376.000000,0.000000,0.000000,10.523971,5.068018,0.146012,0.082787,13.852217,0.143551,28.455254
1403638597327829504.000000,0.000000,0.000000,10.752693,7.720215,0.141245,0.096381,12.831674,0.130700,32.730734
1403638597377829376.000000,0.000000,0.000000,11.985465,6.093530,0.141607,0.085551,12.948117,0.082235,31.802593
1403638597427829504.000000,0.000000,0.000000,11.457368,5.344481,0.130849,0.057755,11.149367,0.078120,31.484488
1403638597477829376.000000,0.000000,0.000000,9.602240,7.794712,0.144736,0.070707,11.785183,0.133234,32.654570
1403638597527829504.000000,0.000000,0.000000,10.713399,5.836851,0.161985,0.178081,11.788985,2.787383,30.081147
1403638597577829376.000000,0.000000,0.000000,10.290259,7.330586,0.138925,0.067531,11.592816,0.101259,33.958232
1403638597627829504.000000,0.000000,0.000000,11.510948,7.568740,0.153079,0.077626,13.172401,0.139526,34.880732
1403638597677829376.000000,0.000000,0.000000,10.157670,7.167282,0.160375,0.077731,12.927898,0.087095,33.166214
1403638597727829504.000000,0.000000,0.000000,11.068497,7.549868,0.172552,0.070109,12.403626,2.712885,34.819072
1403638597777829376.000000,0.000000,0.000000,10.266713,7.491054,0.161409,0.047146,11.536097,0.135219,35.629295
1403638597827829504.000000,0.000000,0.000000,10.525028,9.211681,0.145925,0.077835,12.960668,0.149799,34.855724
1403638597877829376.000000,0.000000,0.000000,10.728189,7.420917,0.178053,0.076085,12.910794,0.091811,33.557370
1403638597927829504.000000,0.000000,0.000000,10.522802,5.518620,0.193418,0.047999,11.757226,2.582231,29.025573
1403638597977829376.000000,0.000000,0.000000,10.639649,6.353794,0.158110,0.049095,11.472984,0.128120,31.878143
1403638598027829504.000000,0.000000,0.000000,10.283723,5.991652,0.155391,0.088544,12.407609,0.107687,30.342304
1403638598077829376.000000,0.000000,0.000000,10.508501,7.520638,0.242123,0.050901,15.477873,0.115580,33.060519
1403638598127829504.000000,0.000000,0.000000,11.068967,5.629904,0.170629,0.052367,12.093858,2.732543,29.249649
1403638598177829376.000000,0.000000,0.000000,10.749194,7.151270,0.258992,0.064517,12.078320,0.080581,33.797783
1403638598227829504.000000,0.000000,0.000000,11.435371,8.339823,0.149455,0.072552,13.455882,0.152160,34.205074
1403638598277829376.000000,0.000000,0.000000,10.401317,7.679314,0.117448,0.060931,12.164085,0.110953,31.084610
1403638598327829504.000000,0.000000,0.000000,10.782083,5.503678,0.175473,0.043236,11.544626,3.434057,29.014621
1403638598377829376.000000,0.000000,0.000000,9.965898,5.943628,0.172135,0.051190,11.118959,0.197219,28.630883
1403638598427829504.000000,0.000000,0.000000,11.144795,10.731758,0.168787,0.068167,13.861904,0.123051,35.485609
1403638598477829376.000000,0.000000,0.000000,12.399214,6.709019,0.152008,0.069659,11.903918,0.081653,33.421184
1403638598527829504.000000,0.000000,0.000000,10.895428,7.416761,0.174325,0.047200,10.501059,2.950941,30.570392
1403638598577829376.000000,0.000000,0.000000,11.105439,6.289902,0.149334,0.051333,11.094950,0.132099,29.175505
1403638598627829504.000000,0.000000,0.000000,11.761634,7.923549,0.190198,0.075113,11.794761,0.130665,34.446381
1403638598677829376.000000,0.000000,0.000000,11.022529,5.685001,0.196039,0.071910,15.006356,0.172950,33.001170
1403638598727829504.000000,0.000000,0.000000,12.231155,5.888506,0.110722,0.047963,10.888492,3.150420,32.430052
1403638598777829376.000000,0.000000,0.000000,10.671048,8.021029,0.236778,0.074070,14.057050,0.119008,35.865157
1403638598827829504.000000,0.000000,0.000000,12.038229,8.392002,0.181097,0.076356,13.289928,0.144361,37.516281
1403638598877829376.000000,0.000000,0.000000,11.143378,7.461787,0.171185,0.057505,12.194882,0.096778,35.414405
1403638598927829504.000000,0.000000,0.000000,10.730691,7.870641,0.170281,0.055920,11.352070,3.484616,32.705661
1403638598977829376.000000,0.000000,0.000000,10.992260,5.443497,0.212602,0.050468,13.530789,0.080994,29.208283
1403638599027829504.000000,0.000000,0.000000,12.336742,6.686451,0.196112,0.062716,12.625007,0.168048,34.958977
1403638599077829376.000000,0.000000,0.000000,12.001021,7.687831,0.204954,0.061123,15.817516,0.130519,35.738608
1403638599127829504.000000,0.000000,0.000000,10.543765,8.425241,0.245333,0.059102,15.522325,4.247523,34.536294
1403638599177829376.000000,0.000000,0.000000,11.326898,8.286711,0.115086,0.056400,12.304172,0.096951,35.082906
1403638599227829504.000000,0.000000,0.000000,10.997050,8.749624,0.210574,0.066897,14.069849,0.150299,39.743619
1403638599277829376.000000,0.000000,0.000000,10.350152,7.883893,0.191389,0.062580,14.664363,0.119306,33.438174
1403638599327829504.000000,0.000000,0.000000,10.932738,8.808873,0.215389,0.062436,11.991251,2.999282,35.438428
1403638599377829376.000000,0.000000,0.000000,11.818414,6.262937,0.176625,0.054816,12.768419,0.121941,31.808792
1403638599427829504.000000,0.000000,0.000000,10.575504,9.193896,0.227292,0.073467,14.312760,0.118526,38.631996
1403638599477829376.000000,0.000000,0.000000,11.120984,5.850788,0.216157,0.068446,14.366130,0.118487,30.394069
1403638599527829504.000000,0.000000,0.000000,11.234958,5.764112,0.205902,0.058593,11.331053,3.160200,33.608464
1403638599577829376.000000,0.000000,0.000000,10.310021,7.239400,0.165437,0.040721,11.746408,0.115160,31.905341
1403638599627829504.000000,0.000000,0.000000,10.539921,6.676140,0.212154,0.071527,13.161897,0.123701,33.536146
1403638599677829376.000000,0.000000,0.000000,12.861702,5.780252,0.190150,0.069162,13.617414,0.164495,33.671541
1403638599727829504.000000,0.000000,0.000000,11.503484,8.428955,0.165202,0.064134,12.932093,2.566308,34.930913
1403638599777829376.000000,0.000000,0.000000,11.883864,7.396097,0.196637,0.039348,14.439064,0.099752,37.537013
1403638599827829504.000000,0.000000,0.000000,10.977004,6.425189,0.216619,0.085921,12.747247,0.117617,33.805801
1403638599877829376.000000,0.000000,0.000000,11.153756,8.602006,0.180015,0.093242,14.846933,0.128993,35.525995
1403638599927829504.000000,0.000000,0.000000,11.152584,5.430683,0.203687,0.039407,11.966142,2.493472,31.893076
1403638599977829376.000000,0.000000,0.000000,10.481656,5.678985,0.266569,0.049386,12.767068,0.089889,29.542017
1403638600027829504.000000,0.000000,0.000000,10.687975,7.390819,0.183340,0.071714,13.433303,0.136052,35.905722
1403638600077829376.000000,0.000000,0.000000,9.601454,5.097481,0.161750,0.070242,13.089288,0.150594,33.055064
1403638600127829504.000000,0.000000,0.000000,10.387942,6.327681,0.185982,0.051932,10.834006,2.173173,31.521609
1403638600177829376.000000,0.000000,0.000000,10.238487,5.002191,0.162397,0.057345,12.632440,0.129702,29.967041
1403638600227829504.000000,0.000000,0.000000,10.010224,4.794404,0.180618,0.068639,13.137429,0.089945,29.854173
1403638600277829376.000000,0.000000,0.000000,9.862143,4.959756,0.204350,0.071573,12.688531,0.118011,31.383228
1403638600327829504.000000,0.000000,0.000000,10.432605,4.924703,0.192796,0.037706,9.829714,2.835410,31.160065
1403638600377829376.000000,0.000000,0.000000,9.655241,6.925832,0.189099,0.040070,11.610372,0.100428,31.940713
1403638600427829504.000000,0.000000,0.000000,11.934567,6.846581,0.193309,0.071589,12.039473,0.093836,33.672355
1403638600477829376.000000,0.000000,0.000000,10.351465,6.970402,0.104732,0.080155,11.023261,0.178953,33.923178
1403638600527829504.000000,0.000000,0.000000,8.851583,5.199137,0.339073,0.059244,12.498076,2.532983,30.731812
1403638600577829376.000000,0.000000,0.000000,9.457019,7.490728,0.224891,0.044958,11.804810,0.075537,33.214354
1403638600627829504.000000,0.000000,0.000000,10.014849,6.867077,0.110666,0.070652,13.089849,0.292346,33.268196
1403638600677829376.000000,0.000000,0.000000,9.123408,7.331315,0.165850,0.062707,11.833299,0.147441,33.446396
1403638600727829504.000000,0.000000,0.000000,12.153746,7.279792,0.130494,0.038929,10.442891,2.716939,35.504307
1403638600777829376.000000,0.000000,0.000000,9.764556,5.500588,0.165305,0.059751,13.193249,0.121545,30.567318
1403638600827829504.000000,0.000000,0.000000,9.979136,8.620057,0.191272,0.064540,11.944967,0.132093,38.090867
1403638600877829376.000000,0.000000,0.000000,10.323348,5.977290,0.250317,0.067489,11.649538,0.084931,31.458767
1403638600927829504.000000,0.000000,0.000000,10.925318,7.283345,0.205730,0.047300,16.481131,0.120930,33.940681
1403638600977829376.000000,0.000000,0.000000,10.963489,5.956001,0.189318,0.060041,10.344794,2.993076,33.557421
1403638601027829504.000000,0.000000,0.000000,12.446428,8.098163,0.235973,0.048254,11.403492,0.086784,38.410954
1403638601077829376.000000,0.000000,0.000000,10.231814,7.152661,0.103641,0.077372,11.647150,0.079381,35.689050
1403638601127829504.000000,0.000000,0.000000,11.011245,7.691276,0.100282,0.064306,14.533007,0.235288,35.454841
1403638601177829376.000000,0.000000,0.000000,9.873817,6.278077,0.218714,0.040269,12.358306,2.436868,33.699499
1403638601227829504.000000,0.000000,0.000000,10.322738,6.289098,0.186972,0.051856,13.074267,0.162745,31.646611
1403638601277829376.000000,0.000000,0.000000,11.790330,7.235415,0.201108,0.069137,12.179196,0.130146,36.448494
1403638601327829504.000000,0.000000,0.000000,9.664308,5.743790,0.222923,0.087558,12.218796,0.129135,31.806141
1403638601377829376.000000,0.000000,0.000000,10.887148,7.519168,0.171473,0.054559,13.650715,2.573688,34.327007
1403638601427829504.000000,0.000000,0.000000,11.502059,5.165635,0.115934,0.045250,11.387107,0.114043,32.509207
1403638601477829376.000000,0.000000,0.000000,11.078182,5.520745,0.197277,0.077884,13.869608,0.103685,30.719364
1403638601527829504.000000,0.000000,0.000000,10.728927,8.344559,0.201295,0.096869,13.577571,0.138486,35.893139
1403638601577829376.000000,0.000000,0.000000,11.706629,6.119544,0.184371,0.039030,10.225345,3.011515,33.282177
1403638601627829504.000000,0.000000,0.000000,10.348219,7.407154,0.269719,0.059139,13.737677,0.111011,35.183610
1403638601677829376.000000,0.000000,0.000000,11.712948,7.441403,0.188354,0.089911,12.963839,0.123313,35.118800
1403638601727829504.000000,0.000000,0.000000,13.015083,7.192281,0.179511,0.066891,14.663751,0.163551,37.905814
1403638601777829376.000000,0.000000,0.000000,11.582933,7.608383,0.187969,0.042500,11.199523,0.084644,35.690945
1403638601827829504.000000,0.000000,0.000000,10.755097,6.255700,0.185108,0.108909,11.315285,0.067396,32.654878
1403638601877829376.000000,0.000000,0.000000,11.068698,7.265547,0.102653,0.066082,11.296254,2.131008,33.408303
1403638601927829504.000000,0.000000,0.000000,10.846242,7.288639,0.182366,0.045959,12.332979,0.091667,35.942730
1403638601977829376.000000,0.000000,0.000000,10.877181,7.672490,0.189097,0.088266,11.696114,0.076389,34.945682
1403638602027829504.000000,0.000000,0.000000,11.548737,5.058449,0.167980,0.069826,12.078985,0.332379,32.443460
1403638602077829376.000000,0.000000,0.000000,11.691919,6.228308,0.154284,0.042449,11.186142,0.084014,33.242141
1403638602127829504.000000,0.000000,0.000000,13.298762,5.331676,0.096133,0.072101,11.921133,0.062962,34.940711
1403638602177829376.000000,0.000000,0.000000,12.713329,8.117453,0.180580,0.082548,12.219054,0.090409,37.734211
1403638602227829504.000000,0.000000,0.000000,12.742153,6.020127,0.099305,0.068226,11.578205,0.080318,33.856703
1403638602277829376.000000,0.000000,0.000000,13.933937,7.557128,0.162469,0.077265,12.412133,0.061094,39.198087
1403638602327829504.000000,0.000000,0.000000,10.707828,5.445316,0.154124,0.079810,12.527169,2.528185,32.021862
1403638602377829376.000000,0.000000,0.000000,10.818196,6.175670,0.144882,0.039564,10.833916,0.114944,32.987081
1403638602427829504.000000,0.000000,0.000000,10.670740,8.688797,0.092945,0.088431,13.167350,0.091382,35.501223
1403638602477829376.000000,0.000000,0.000000,10.070403,10.584331,0.171626,0.075682,12.041303,0.128252,35.437477
1403638602527829504.000000,0.000000,0.000000,10.710893,6.572436,0.163074,0.041190,10.730763,0.106187,32.698920
1403638602577829376.000000,0.000000,0.000000,12.179459,7.176024,0.194113,0.071164,13.537266,0.070077,35.275172
1403638602627829504.000000,0.000000,0.000000,12.351897,8.449901,0.169860,0.078033,11.914535,0.083029,36.755889
1403638602677829376.000000,0.000000,0.000000,12.429298,7.021933,0.153141,0.076443,13.368550,2.589787,35.438443
1403638602727829504.000000,0.000000,0.000000,10.321805,8.544909,0.180030,0.101417,14.666887,0.100721,33.808121
1403638602777829376.000000,0.000000,0.000000,10.814146,9.304770,0.160749,0.083642,12.380737,0.079012,35.489422
1403638602827829504.000000,0.000000,0.000000,11.390448,5.982075,0.126419,0.072008,12.775870,0.146160,32.670362
1403638602877829376.000000,0.000000,0.000000,11.532211,7.476042,0.199362,0.043254,10.980925,0.104161,34.268821
1403638602927829504.000000,0.000000,0.000000,10.518701,5.999290,0.130986,0.108279,12.609767,2.852953,29.392195
1403638602977829376.000000,0.000000,0.000000,10.904333,7.308597,0.160019,0.045915,12.632028,0.113648,33.836388
1403638603027829504.000000,0.000000,0.000000,12.769137,6.237694,0.093368,0.076310,13.013724,0.129803,32.078195
1403638603077829376.000000,0.000000,0.000000,11.621317,8.408747,0.096058,0.076454,16.225741,0.151945,35.653027
1403638603127829504.000000,0.000000,0.000000,9.576290,6.585150,0.283510,0.072891,12.064479,0.092202,30.066623
1403638603177829376.000000,0.000000,0.000000,12.323204,8.481078,0.151486,0.081856,14.766716,0.075099,36.525411
1403638603227829504.000000,0.000000,0.000000,11.537696,7.571627,0.142078,0.079897,12.847072,1.659169,33.591978
1403638603277829376.000000,0.000000,0.000000,10.200910,9.764863,0.140693,0.039280,11.294770,0.108680,36.565141
1403638603327829504.000000,0.000000,0.000000,11.809552,6.735555,0.154295,0.076911,13.026035,0.096952,33.970224
1403638603377829376.000000,0.000000,0.000000,11.276393,6.647881,0.155850,0.092996,12.875503,0.156396,32.973111
1403638603427829504.000000,0.000000,0.000000,11.458480,7.752970,0.139720,0.039561,11.913535,1.683149,37.726046
1403638603477829376.000000,0.000000,0.000000,11.282585,8.650659,0.149110,0.077674,13.568300,0.075700,34.214267
1403638603527829504.000000,0.000000,0.000000,11.718475,5.680109,0.153104,0.076057,14.699850,0.122943,31.269347
1403638603577829376.000000,0.000000,0.000000,11.099300,7.554894,0.130993,0.070028,11.965737,0.134515,34.085907
1403638603627829504.000000,0.000000,0.000000,11.964817,5.984985,0.151911,0.047295,11.996677,0.078357,32.087373
1403638603677829376.000000,0.000000,0.000000,12.154364,5.759626,0.146620,0.084945,11.543927,1.766559,31.454945
1403638603727829504.000000,0.000000,0.000000,11.077430,6.265644,0.141956,0.050913,12.330794,0.157145,31.037197
1403638603777829376.000000,0.000000,0.000000,11.416276,7.332046,0.170644,0.072783,13.949587,0.098410,34.984167
1403638603827829504.000000,0.000000,0.000000,12.048259,7.444964,0.161195,0.102025,13.025650,0.139718,34.726560
1403638603877829376.000000,0.000000,0.000000,12.001370,6.990514,0.139215,0.064680,11.585075,0.099702,36.731206
1403638603927829504.000000,0.000000,0.000000,11.044297,5.475279,0.158528,0.075889,16.517051,0.158745,31.307627
1403638603977829376.000000,0.000000,0.000000,11.220818,5.369442,0.088715,0.086066,11.917514,1.338338,29.873731
1403638604027829504.000000,0.000000,0.000000,11.583045,6.908772,0.136372,0.051552,13.323243,0.079202,35.894872
1403638604077829376.000000,0.000000,0.000000,11.731652,5.946506,0.161885,0.085678,13.511081,0.097189,32.742528
1403638604127829504.000000,0.000000,0.000000,11.485131,5.301589,0.136914,0.075169,13.028211,0.142689,31.374626
1403638604177829376.000000,0.000000,0.000000,12.243911,6.870938,0.090838,0.044873,12.557828,1.132191,34.978297
1403638604227829504.000000,0.000000,0.000000,12.940828,5.904773,0.158807,0.059394,13.958044,0.083780,34.082866
1403638604277829376.000000,0.000000,0.000000,12.081589,5.706701,0.149095,0.082401,15.375922,0.122020,36.147198
1403638604327829504.000000,0.000000,0.000000,12.654449,6.869063,0.152934,0.077133,12.408908,0.104505,36.816534
1403638604377829376.000000,0.000000,0.000000,11.527173,7.956094,0.140700,0.064239,13.529732,1.194270,36.072168
1403638604427829504.000000,0.000000,0.000000,11.883619,7.338295,0.195425,0.041478,12.105491,0.119238,36.925959
1403638604477829376.000000,0.000000,0.000000,12.308577,6.014734,0.143994,0.081822,13.754827,0.094958,33.848826
1403638604527829504.000000,0.000000,0.000000,11.023904,9.907933,0.194407,0.104666,12.417804,0.135392,36.393142
1403638604577829376.000000,0.000000,0.000000,12.509092,6.735683,0.154794,0.087404,12.835912,0.092947,34.720675
1403638604627829504.000000,0.000000,0.000000,11.772044,7.533220,0.161770,0.092044,13.439896,1.011446,37.524278
1403638604677829376.000000,0.000000,0.000000,10.837436,6.543802,0.164554,0.044912,13.269943,0.104198,35.875064
1403638604727829504.000000,0.000000,0.000000,11.457654,7.515749,0.184576,0.076248,13.157102,0.131427,35.381888
1403638604777829376.000000,0.000000,0.000000,11.647203,7.236142,0.154834,0.075799,13.153204,0.123116,35.366864
1403638604827829504.000000,0.000000,0.000000,10.951306,6.349532,0.156846,0.094779,16.388949,1.340337,34.801723
1403638604877829376.000000,0.000000,0.000000,11.342851,6.379006,0.173248,0.045807,12.097412,0.085411,33.629114
1403638604927829504.000000,0.000000,0.000000,11.567320,6.866817,0.158386,0.091597,14.587053,0.101878,35.587041
1403638604977829376.000000,0.000000,0.000000,11.370818,7.606403,0.207556,0.080005,13.196429,0.099535,36.449060
1403638605027829504.000000,0.000000,0.000000,11.953839,5.474484,0.170703,0.083862,12.258934,0.110123,34.412218
1403638605077829376.000000,0.000000,0.000000,11.925239,8.188390,0.175586,0.086326,14.101149,1.406871,35.353861
1403638605127829504.000000,0.000000,0.000000,12.229381,6.766932,0.202798,0.048850,12.856718,0.075399,34.888583
1403638605177829376.000000,0.000000,0.000000,13.095437,7.335401,0.167520,0.082271,14.211055,0.125324,39.710184
1403638605227829504.000000,0.000000,0.000000,11.705540,6.100125,0.188513,0.082093,13.807173,0.107473,34.943469
1403638605277829376.000000,0.000000,0.000000,11.728520,5.283645,0.172401,0.077901,12.898761,1.347792,35.185144
1403638605327829504.000000,0.000000,0.000000,12.739232,5.401873,0.184778,0.046689,12.987134,0.081935,34.848699
1403638605377829376.000000,0.000000,0.000000,12.448765,6.539024,0.172933,0.098528,14.281126,0.084369,35.466093
1403638605427829504.000000,0.000000,0.000000,11.723864,6.272048,0.159921,0.086368,12.228250,0.148337,32.809022
1403638605477829376.000000,0.000000,0.000000,12.027409,6.160936,0.190412,0.074893,13.225300,1.174009,33.716300
1403638605527829504.000000,0.000000,0.000000,12.232644,5.595564,0.205695,0.054158,13.202962,0.083637,36.369470
1403638605577829376.000000,0.000000,0.000000,11.932018,5.232288,0.184704,0.084710,14.175346,0.140201,32.835310
1403638605627829504.000000,0.000000,0.000000,11.486261,7.166927,0.195653,0.082639,14.351188,0.131797,36.365689
1403638605677829376.000000,0.000000,0.000000,14.447780,5.984230,0.089615,0.074055,13.055567,0.085174,37.019171
1403638605727829504.000000,0.000000,0.000000,13.705654,7.270244,0.169675,0.047105,13.832300,1.608502,39.774377
1403638605777829376.000000,0.000000,0.000000,11.400558,8.365275,0.105190,0.052629,13.151677,0.099056,35.237819
1403638605827829504.000000,0.000000,0.000000,12.532384,6.261642,0.202797,0.101800,14.972199,0.117122,35.743262
1403638605877829376.000000,0.000000,0.000000,11.862982,6.645662,0.166574,0.083315,13.122564,0.103597,36.036934
1403638605927829504.000000,0.000000,0.000000,11.456390,7.670099,0.187107,0.078506,12.940953,0.079503,37.052941
1403638605977829376.000000,0.000000,0.000000,12.382694,5.473948,0.180808,0.097756,16.737007,1.782236,33.106867
1403638606027829504.000000,0.000000,0.000000,12.321658,7.283628,0.179103,0.044649,13.092080,0.092182,36.426168
1403638606077829376.000000,0.000000,0.000000,13.941747,7.240003,0.101767,0.070690,13.979417,0.155385,43.158373
1403638606127829504.000000,0.000000,0.000000,12.084188,6.681667,0.190999,0.067442,14.082514,0.075583,37.559688
1403638606177829376.000000,0.000000,0.000000,12.043701,6.271888,0.186537,0.053128,12.230927,0.094512,34.138046
1403638606227829504.000000,0.000000,0.000000,11.946287,6.944882,0.233473,0.058459,11.661590,2.506523,36.287782
1403638606277829376.000000,0.000000,0.000000,13.714880,5.460730,0.167829,0.044445,15.732544,0.074843,35.029848
1403638606327829504.000000,0.000000,0.000000,11.218087,6.667437,0.181256,0.070544,14.052531,0.105659,37.310423
1403638606377829376.000000,0.000000,0.000000,11.266248,7.498700,0.247146,0.066305,12.966835,0.140988,34.401713
1403638606427829504.000000,0.000000,0.000000,11.424310,6.481507,0.186623,0.041637,12.526143,0.096295,35.713431
1403638606477829376.000000,0.000000,0.000000,11.967462,6.186375,0.193174,0.051240,12.647647,0.066941,33.822720
1403638606527829504.000000,0.000000,0.000000,12.130037,7.164810,0.214734,0.060311,12.803213,2.072484,36.760853
1403638606577829376.000000,0.000000,0.000000,11.394778,5.744468,0.235873,0.049296,13.080567,0.122693,32.631056
1403638606627829504.000000,0.000000,0.000000,11.463201,5.985458,0.218246,0.059677,12.666911,0.104168,33.423443
1403638606677829376.000000,0.000000,0.000000,11.438302,7.257058,0.188154,0.066477,13.173401,0.085622,38.529132
1403638606727829504.000000,0.000000,0.000000,13.256710,5.887184,0.235679,0.044987,10.891487,0.089639,36.957656
1403638606777829376.000000,0.000000,0.000000,12.124123,5.404530,0.209643,0.041606,12.093678,1.641174,35.532216
1403638606827829504.000000,0.000000,0.000000,11.996575,6.550122,0.221034,0.033590,12.233817,0.076799,36.132468
1403638606877829376.000000,0.000000,0.000000,13.616926,6.495984,0.240835,0.080574,14.914843,0.158222,36.618757
1403638606927829504.000000,0.000000,0.000000,11.411711,6.158921,0.223275,0.056355,15.737618,0.068038,36.610031
1403638606977829376.000000,0.000000,0.000000,11.347751,6.038574,0.213116,0.033476,10.645713,2.537827,34.896112
1403638607027829504.000000,0.000000,0.000000,12.137871,7.951299,0.289132,0.038541,11.489167,0.078202,36.978517
1403638607077829376.000000,0.000000,0.000000,11.659835,5.730944,0.225871,0.056773,12.053420,0.122768,37.291133
1403638607127829504.000000,0.000000,0.000000,11.799287,7.169341,0.239496,0.057728,12.723444,0.090014,42.982024
1403638607177829376.000000,0.000000,0.000000,11.582298,7.311830,0.225228,0.037956,10.506801,3.750899,35.602407
1403638607227829504.000000,0.000000,0.000000,11.268181,6.621704,0.273951,0.034866,10.429671,0.093882,36.341173
1403638607277829376.000000,0.000000,0.000000,11.995104,6.461330,0.223390,0.048479,11.612675,0.071238,37.120543
1403638607327829504.000000,0.000000,0.000000,11.988088,7.051183,0.219699,0.055390,13.290868,0.141865,38.020645
1403638607377829376.000000,0.000000,0.000000,11.402638,5.886733,0.242296,0.036371,11.664049,4.452230,34.246991
1403638607427829504.000000,0.000000,0.000000,12.697863,7.063097,0.221558,0.045133,13.634410,0.085340,38.331666
1403638607477829376.000000,0.000000,0.000000,11.977355,5.338409,0.214562,0.040834,11.232616,0.084467,36.199443
1403638607527829504.000000,0.000000,0.000000,12.486310,6.847864,0.204121,0.041971,14.257353,0.104739,37.899660
1403638607577829376.000000,0.000000,0.000000,14.169450,5.607980,0.202298,0.034456,9.327293,4.007350,35.955363
1403638607627829504.000000,0.000000,0.000000,10.327037,5.700654,0.222586,0.069004,10.235120,0.154733,33.354630
1403638607677829376.000000,0.000000,0.000000,12.005654,9.914880,0.244168,0.040614,10.507064,0.104977,40.047533
1403638607727829504.000000,0.000000,0.000000,12.230220,6.025581,0.247454,0.037499,8.230902,0.059670,37.555627
1403638607777829376.000000,0.000000,0.000000,12.300766,5.858830,0.213596,0.026088,8.077008,5.352805,36.581755
1403638607827829504.000000,0.000000,0.000000,12.900863,6.920328,0.195236,0.051994,10.525256,0.102608,36.817990
1403638607877829376.000000,0.000000,0.000000,13.316267,9.206289,0.108587,0.045470,9.895639,0.103675,41.879151
1403638607927829504.000000,0.000000,0.000000,12.332428,6.011575,0.108350,0.034915,8.574098,0.097701,36.512423
1403638607977829376.000000,0.000000,0.000000,10.550164,5.646655,0.194360,0.062461,9.355354,0.060309,32.562902
1403638608027829504.000000,0.000000,0.000000,11.322342,6.529682,0.242691,0.049118,7.716015,2.844567,35.213799
1403638608077829376.000000,0.000000,0.000000,10.008643,6.279809,0.200596,0.048329,9.101722,0.101414,33.466760
1403638608127829504.000000,0.000000,0.000000,13.432599,5.279828,0.200842,0.050687,10.891492,0.073650,35.223879
1403638608177829376.000000,0.000000,0.000000,12.199746,5.850862,0.215602,0.042081,8.430566,0.070717,34.840803
1403638608227829504.000000,0.000000,0.000000,12.155774,8.297620,0.195276,0.051045,7.048789,2.133723,37.773540
1403638608277829376.000000,0.000000,0.000000,12.084825,6.252059,0.187529,0.054803,9.642797,0.100157,34.987255
1403638608327829504.000000,0.000000,0.000000,12.523105,5.777190,0.195079,0.044282,8.640692,0.079834,34.438244
1403638608377829376.000000,0.000000,0.000000,12.972877,5.351524,0.180974,0.038448,8.097023,0.079500,33.655839
1403638608427829504.000000,0.000000,0.000000,12.004891,7.280738,0.198520,0.032108,7.613071,1.930503,35.314288
1403638608477829376.000000,0.000000,0.000000,10.682536,6.776028,0.194919,0.072336,9.147793,0.063039,33.229103
1403638608527829504.000000,0.000000,0.000000,11.650910,6.451385,0.188150,0.047007,9.321504,0.108215,37.233125
1403638608577829376.000000,0.000000,0.000000,11.525473,6.624570,0.190423,0.072125,11.908747,0.073469,33.886121
1403638608627829504.000000,0.000000,0.000000,11.642889,6.429044,0.189962,0.026823,7.511183,2.235998,35.628146
1403638608677829376.000000,0.000000,0.000000,11.471143,5.351286,0.187737,0.031477,9.747744,0.101195,32.577688
1403638608727829504.000000,0.000000,0.000000,11.343477,5.286611,0.168155,0.060292,10.911474,0.109661,33.553392
1403638608777829376.000000,0.000000,0.000000,13.327994,7.016369,0.197254,0.052495,9.929289,0.087885,37.749110
1403638608827829504.000000,0.000000,0.000000,12.050156,5.816846,0.204167,0.034272,8.714562,1.894376,34.169144
1403638608877829376.000000,0.000000,0.000000,12.748251,6.654728,0.174523,0.044983,10.568035,0.087570,34.923861
1403638608927829504.000000,0.000000,0.000000,11.438495,8.845203,0.172327,0.063662,13.788395,0.121631,41.101660
1403638608977829376.000000,0.000000,0.000000,11.305598,6.090611,0.197408,0.054641,12.160670,0.113703,34.179714
1403638609027829504.000000,0.000000,0.000000,12.099083,8.631688,0.186040,0.039943,10.173463,1.868219,35.761318
1403638609077829376.000000,0.000000,0.000000,10.642599,6.067689,0.187514,0.050685,11.221374,0.111888,32.688164
1403638609127829504.000000,0.000000,0.000000,12.056212,6.296471,0.173532,0.060689,10.835012,0.123137,37.348396
1403638609177829376.000000,0.000000,0.000000,12.135566,6.761846,0.191820,0.062192,11.427675,0.084560,37.159360
1403638609227829504.000000,0.000000,0.000000,13.163177,6.713003,0.177249,0.055551,10.886982,0.139081,36.824988
1403638609277829376.000000,0.000000,0.000000,11.770935,6.249218,0.240008,0.059835,10.228414,1.979635,34.473688
1403638609327829504.000000,0.000000,0.000000,11.841493,5.281023,0.090622,0.061623,11.143109,0.086860,33.170914
1403638609377829376.000000,0.000000,0.000000,10.303107,5.850386,0.093581,0.086294,12.493115,0.124488,36.164492
1403638609427829504.000000,0.000000,0.000000,11.866079,5.919853,0.192130,0.068359,11.854972,0.149328,33.503412
1403638609477829376.000000,0.000000,0.000000,12.557312,7.161404,0.097670,0.075956,11.478112,1.981779,37.540634
1403638609527829504.000000,0.000000,0.000000,11.588020,6.101552,0.110611,0.040746,14.954466,0.132826,35.332490
1403638609577829376.000000,0.000000,0.000000,11.683628,5.976118,0.208168,0.072283,13.509907,0.127032,34.484052
1403638609627829504.000000,0.000000,0.000000,11.143519,8.418817,0.172864,0.075563,13.433430,0.117964,37.627993
1403638609677829376.000000,0.000000,0.000000,12.123476,7.743964,0.170533,0.039325,10.642750,0.078873,37.334479
1403638609727829504.000000,0.000000,0.000000,11.747227,5.645962,0.186893,0.072815,11.212748,2.111879,36.639694
1403638609777829376.000000,0.000000,0.000000,11.369908,6.187558,0.175044,0.043732,11.664224,0.100190,33.103899
1403638609827829504.000000,0.000000,0.000000,13.152442,6.127407,0.181202,0.077227,13.321226,0.157851,34.337979
1403638609877829376.000000,0.000000,0.000000,11.637975,5.459735,0.197760,0.080813,12.838123,0.159957,34.662963
1403638609927829504.000000,0.000000,0.000000,10.865880,6.790729,0.171355,0.076398,15.799849,0.080665,34.093418
1403638609977829376.000000,0.000000,0.000000,11.438668,7.129191,0.190574,0.081915,11.082208,1.864847,34.465551
1403638610027829504.000000,0.000000,0.000000,11.738796,5.282013,0.185257,0.045828,12.390038,0.143534,34.153324
1403638610077829376.000000,0.000000,0.000000,11.965481,7.217023,0.199660,0.102910,13.540495,0.119395,33.973200
1403638610127829504.000000,0.000000,0.000000,11.293465,5.441838,0.170032,0.072726,12.982094,0.165006,32.516813
1403638610177829376.000000,0.000000,0.000000,10.913093,5.230699,0.196459,0.060983,11.753104,0.086323,32.255695
1403638610227829504.000000,0.000000,0.000000,11.663888,6.885226,0.183448,0.052436,12.218563,1.865051,33.875481
1403638610277829376.000000,0.000000,0.000000,12.104595,6.228110,0.096544,0.056876,11.923028,0.108861,34.314609
1403638610327829504.000000,0.000000,0.000000,11.815658,6.925554,0.103685,0.068144,12.282839,0.136717,38.023469
1403638610377829376.000000,0.000000,0.000000,12.356651,5.272534,0.176472,0.079025,12.927595,0.138918,32.111257
1403638610427829504.000000,0.000000,0.000000,11.891861,7.607333,0.174441,0.064240,11.338253,0.095207,36.599866
1403638610477829376.000000,0.000000,0.000000,12.043076,5.803485,0.161656,0.064875,11.215912,1.598860,34.645487
1403638610527829504.000000,0.000000,0.000000,12.127752,6.054370,0.207574,0.063282,14.236292,0.123053,32.577091
1403638610577829376.000000,0.000000,0.000000,11.809200,5.699234,0.180021,0.092558,13.109428,0.116229,34.410017
1403638610627829504.000000,0.000000,0.000000,11.084371,5.910645,0.144596,0.067536,12.274887,0.160557,33.177214
1403638610677829376.000000,0.000000,0.000000,11.149122,7.926141,0.219712,0.063883,10.966829,1.927870,38.864170
1403638610727829504.000000,0.000000,0.000000,12.012050,5.648529,0.175636,0.054114,11.065024,0.085181,37.336757
1403638610777829376.000000,0.000000,0.000000,10.322527,5.638917,0.177324,0.068005,13.577830,0.125322,32.091035
1403638610827829504.000000,0.000000,0.000000,12.423321,6.818193,0.191677,0.079397,12.984408,0.095139,35.946813
1403638610877829376.000000,0.000000,0.000000,12.042979,5.315812,0.097906,0.064142,10.710854,0.090292,32.037136
1403638610927829504.000000,0.000000,0.000000,11.864253,5.278315,0.161019,0.048126,11.832267,1.930801,37.021859
1403638610977829376.000000,0.000000,0.000000,11.401935,6.340761,0.106544,0.044399,12.513191,0.094908,34.139427
1403638611027829504.000000,0.000000,0.000000,11.914887,5.914176,0.187695,0.090538,12.593121,0.086384,34.718556
1403638611077829376.000000,0.000000,0.000000,11.158087,8.209207,0.209330,0.062164,13.333034,0.141751,39.677544
1403638611127829504.000000,0.000000,0.000000,12.325622,6.050867,0.184482,0.105291,11.655734,1.604579,34.625520
1403638611177829376.000000,0.000000,0.000000,11.684927,6.162666,0.098688,0.052377,11.275099,0.084780,36.173490
1403638611227829504.000000,0.000000,0.000000,11.115834,6.785282,0.171602,0.066454,11.710695,0.129937,36.256763
1403638611277829376.000000,0.000000,0.000000,12.427303,5.337520,0.186179,0.057663,10.839066,0.123918,32.908274
1403638611327829504.000000,0.000000,0.000000,11.388743,5.533351,0.170433,0.086267,9.932917,0.085910,33.895892
1403638611377829376.000000,0.000000,0.000000,12.672836,5.648114,0.227765,0.034677,10.183741,1.336984,35.621876
1403638611427829504.000000,0.000000,0.000000,10.134784,5.379727,0.170623,0.037029,11.267752,0.133396,31.822937
1403638611477829376.000000,0.000000,0.000000,11.986425,6.723505,0.176023,0.067357,10.919444,0.107804,35.995130
1403638611527829504.000000,0.000000,0.000000,11.823879,10.591120,0.182228,0.051139,12.210777,0.260830,41.614048
1403638611577829376.000000,0.000000,0.000000,11.909044,5.644270,0.200796,0.044388,7.954872,1.242899,33.420530
1403638611627829504.000000,0.000000,0.000000,11.145104,6.125970,0.101266,0.042990,10.123428,0.066089,32.979693
1403638611677829376.000000,0.000000,0.000000,10.097867,5.313114,0.102849,0.063837,10.652243,0.107647,32.319779
1403638611727829504.000000,0.000000,0.000000,12.370061,5.302375,0.197174,0.059393,10.639854,0.092272,33.745133
1403638611777829376.000000,0.000000,0.000000,11.616807,5.381057,0.166379,0.039984,8.202864,2.871101,34.762054
1403638611827829504.000000,0.000000,0.000000,10.550488,6.177357,0.168378,0.040653,12.320877,0.094949,33.808494
1403638611877829376.000000,0.000000,0.000000,11.492829,6.687125,0.169533,0.068083,11.990940,0.106258,33.715139
1403638611927829504.000000,0.000000,0.000000,12.095776,5.414980,0.174231,0.101091,12.138256,0.133901,37.907472
1403638611977829376.000000,0.000000,0.000000,11.749383,6.115802,0.197507,0.060014,8.970927,1.398580,35.475704
1403638612027829504.000000,0.000000,0.000000,11.261336,7.312725,0.181480,0.087675,10.254339,0.109027,35.721276
1403638612077829376.000000,0.000000,0.000000,11.411576,5.269672,0.172068,0.070247,10.341960,0.128082,33.970132
1403638612127829504.000000,0.000000,0.000000,11.171803,6.854704,0.212977,0.078826,10.583605,0.109426,34.964211
1403638612177829376.000000,0.000000,0.000000,12.629284,6.483156,0.184398,0.046199,11.209521,0.081694,36.280443
1403638612227829504.000000,0.000000,0.000000,11.298734,7.319289,0.184437,0.084145,11.150288,1.541444,36.479552
1403638612277829376.000000,0.000000,0.000000,11.372540,8.778698,0.190896,0.037454,9.921176,0.087505,39.717014
1403638612327829504.000000,0.000000,0.000000,11.533458,5.523678,0.168070,0.082576,13.421847,0.092967,33.451630
1403638612377829376.000000,0.000000,0.000000,11.363248,6.407827,0.173470,0.073694,10.280080,0.110232,36.247054
1403638612427829504.000000,0.000000,0.000000,10.330544,6.066303,0.187588,0.047072,11.092881,0.086367,32.396150
1403638612477829376.000000,0.000000,0.000000,11.361280,5.828851,0.184488,0.099911,12.316136,0.067323,34.652248
1403638612527829504.000000,0.000000,0.000000,11.636745,5.822214,0.185585,0.074689,12.293155,0.086657,34.146529
1403638612577829376.000000,0.000000,0.000000,11.513644,7.169178,0.182093,0.065273,9.981023,2.168333,35.257639
1403638612627829504.000000,0.000000,0.000000,11.185042,6.919612,0.176756,0.046779,11.172925,0.085576,36.278988
1403638612677829376.000000,0.000000,0.000000,11.976064,6.390230,0.192543,0.076963,10.434440,0.117141,36.569564
1403638612727829504.000000,0.000000,0.000000,12.290565,5.252850,0.185480,0.073040,12.189207,0.107456,35.139012
1403638612777829376.000000,0.000000,0.000000,11.835114,6.247347,0.173143,0.038936,9.427493,0.075745,35.204372
1403638612827829504.000000,0.000000,0.000000,12.219927,7.010186,0.301768,0.067570,10.446625,2.393748,40.640973
1403638612877829376.000000,0.000000,0.000000,12.509622,5.657270,0.184867,0.046799,10.549807,0.126052,34.271060
1403638612927829504.000000,0.000000,0.000000,12.395478,5.213171,0.193012,0.103657,12.029126,0.117348,36.166596
1403638612977829376.000000,0.000000,0.000000,11.583374,6.620209,0.215848,0.098173,10.577653,0.111730,36.011734
1403638613027829504.000000,0.000000,0.000000,11.767143,6.263955,0.191472,0.057046,12.170918,0.088845,34.124007
1403638613077829376.000000,0.000000,0.000000,11.752079,7.838576,0.185776,0.045299,15.688998,0.000903,38.599653
1403638613127829504.000000,0.000000,0.000000,11.405704,6.603919,0.204897,0.056484,16.753359,0.000861,34.831791
1403638613177829376.000000,0.000000,0.000000,11.110386,6.432091,0.191272,0.068033,18.113272,0.000768,35.819559
1403638613227829504.000000,0.000000,0.000000,11.311291,6.872725,0.199723,0.082695,17.612424,0.000802,35.741697
1403638613277829376.000000,0.000000,0.000000,11.633778,6.667978,0.256664,0.077153,16.333777,0.136944,37.302894
1403638613327829504.000000,0.000000,0.000000,13.047360,6.338334,0.202578,0.080401,16.147889,1.963371,36.489427
1403638613377829376.000000,0.000000,0.000000,13.006740,7.224117,0.190556,0.048275,17.356135,0.112797,38.573611
1403638613427829504.000000,0.000000,0.000000,12.099854,5.236091,0.202396,0.082089,18.140837,0.151946,34.187976
1403638613477829376.000000,0.000000,0.000000,11.854668,5.623155,0.196995,0.090357,16.855857,0.157544,35.740641
1403638613527829504.000000,0.000000,0.000000,11.975632,8.478930,0.222291,0.082712,18.473405,0.178312,37.618113
1403638613577829376.000000,0.000000,0.000000,13.516171,7.097883,0.188717,0.086171,17.838527,0.112868,39.419071
1403638613627829504.000000,0.000000,0.000000,12.704357,6.139645,0.195014,0.096356,16.997921,2.241920,37.201551
1403638613677829376.000000,0.000000,0.000000,11.883441,5.040533,0.229685,0.059156,17.150541,0.103211,37.885366
1403638613727829504.000000,0.000000,0.000000,12.237203,6.385779,0.236055,0.081820,16.973471,0.163857,37.821631
1403638613777829376.000000,0.000000,0.000000,12.694677,5.652198,0.275572,0.079722,17.143783,0.158639,35.368725
1403638613827829504.000000,0.000000,0.000000,11.866195,8.768657,0.222877,0.081194,16.303246,0.151131,39.730011
1403638613877829376.000000,0.000000,0.000000,11.656408,6.300668,0.248230,0.053851,16.318548,2.031038,35.564514
1403638613927829504.000000,0.000000,0.000000,11.443101,6.383129,0.204467,0.052631,16.524984,0.150666,35.505865
1403638613977829376.000000,0.000000,0.000000,13.264011,6.555166,0.206942,0.078907,18.554320,0.182679,42.383572
1403638614027829504.000000,0.000000,0.000000,13.951452,6.353667,0.220936,0.084250,16.015676,0.191230,37.383476
1403638614077829376.000000,0.000000,0.000000,13.031709,7.477113,0.225233,0.079384,17.560879,0.133819,38.501763
1403638614127829504.000000,0.000000,0.000000,11.914912,6.029129,0.221950,0.047491,16.134261,0.094377,35.789300
1403638614177829376.000000,0.000000,0.000000,10.813404,5.401812,0.205954,0.077582,17.365159,0.101652,32.233046
1403638614227829504.000000,0.000000,0.000000,11.641935,5.459006,0.224024,0.092376,17.638973,0.134795,35.120525
1403638614277829376.000000,0.000000,0.000000,12.103299,6.529111,0.211512,0.080164,18.008984,0.123027,38.156287
1403638614327829504.000000,0.000000,0.000000,11.486808,5.073041,0.211094,0.078744,17.316726,2.106203,34.986788
1403638614377829376.000000,0.000000,0.000000,11.134836,6.034373,0.199866,0.100807,18.223586,0.138534,34.581912
1403638614427829504.000000,0.000000,0.000000,11.445088,6.048609,0.209170,0.064884,14.976637,0.152038,34.520327
1403638614477829376.000000,0.000000,0.000000,10.597265,5.431279,0.109996,0.084964,17.616165,0.142341,32.341474
1403638614527829504.000000,0.000000,0.000000,10.845648,5.862801,0.193657,0.082675,17.326455,0.138502,35.531840
1403638614577829376.000000,0.000000,0.000000,11.707045,6.875984,0.234001,0.083839,16.443117,0.131300,35.994448
1403638614627829504.000000,0.000000,0.000000,12.439730,4.662344,0.210338,0.081294,16.106737,0.124121,33.936111
1403638614677829376.000000,0.000000,0.000000,12.334929,4.804074,0.190513,0.074877,15.773481,2.556966,34.198932
1403638614727829504.000000,0.000000,0.000000,11.260367,6.643433,0.203020,0.042724,16.350648,0.090749,33.769626
1403638614777829376.000000,0.000000,0.000000,11.494128,5.108562,0.195765,0.090310,14.971438,0.158255,34.222559
1403638614827829504.000000,0.000000,0.000000,11.476066,4.665734,0.208954,0.062599,15.679532,0.148848,32.624557
1403638614877829376.000000,0.000000,0.000000,10.737525,4.879346,0.206249,0.063684,16.204745,0.131152,35.567100
1403638614927829504.000000,0.000000,0.000000,11.989670,7.479826,0.202032,0.038475,15.868632,2.032338,39.085923
1403638614977829376.000000,0.000000,0.000000,11.230421,5.912152,0.187249,0.074012,16.764883,0.000965,33.927352
1403638615027829504.000000,0.000000,0.000000,10.099157,5.105388,0.222362,0.075601,15.270149,0.001109,30.516545
1403638615077829376.000000,0.000000,0.000000,11.639386,6.089154,0.184123,0.078526,17.086833,0.000794,33.979248
1403638615127829504.000000,0.000000,0.000000,11.280941,6.537067,0.173879,0.132855,15.796446,0.001040,34.438290
1403638615177829376.000000,0.000000,0.000000,10.867406,6.695079,0.219186,0.091309,14.368741,2.201443,36.086945
1403638615227829504.000000,0.000000,0.000000,10.578039,4.327916,0.256986,0.044184,15.137419,0.115159,29.375359
1403638615277829376.000000,0.000000,0.000000,12.051764,4.344513,0.254043,0.078829,18.332501,0.146404,32.032946
1403638615327829504.000000,0.000000,0.000000,12.388371,6.495891,0.202010,0.089594,15.467309,0.202300,36.695924
1403638615377829376.000000,0.000000,0.000000,11.187872,7.335269,0.227161,0.080170,16.000451,0.159861,38.468196
1403638615427829504.000000,0.000000,0.000000,10.485441,4.997886,0.249174,0.049997,14.338357,2.090962,32.964209
1403638615477829376.000000,0.000000,0.000000,9.719128,5.807474,0.269672,0.055016,16.407769,0.090880,30.890631
1403638615527829504.000000,0.000000,0.000000,9.787864,6.732618,0.231120,0.122095,16.288788,0.190387,34.901749
1403638615577829376.000000,0.000000,0.000000,12.569506,5.692617,0.162452,0.095583,15.663047,0.172885,35.694651
1403638615627829504.000000,0.000000,0.000000,9.773987,6.916683,0.168584,0.075056,17.779901,0.118030,31.310926
1403638615677829376.000000,0.000000,0.000000,11.615546,5.262676,0.180046,0.041303,14.348336,0.099107,31.088576
1403638615727829504.000000,0.000000,0.000000,9.790647,4.190464,0.238095,0.088373,16.601343,0.093337,25.799213
1403638615777829376.000000,0.000000,0.000000,10.735047,6.792939,0.095495,0.079131,15.322584,2.131771,34.634463
1403638615827829504.000000,0.000000,0.000000,10.080962,6.404283,0.149097,0.061010,15.931808,0.089897,31.212248
1403638615877829376.000000,0.000000,0.000000,10.333017,5.180909,0.180959,0.084694,17.723124,0.160384,29.785384
1403638615927829504.000000,0.000000,0.000000,9.746386,5.146372,0.157778,0.096982,15.073483,0.204735,27.043200
1403638615977829376.000000,0.000000,0.000000,10.748224,5.055345,0.149521,0.086862,16.212306,0.157784,28.862266
1403638616027829504.000000,0.000000,0.000000,11.234540,5.320254,0.165536,0.042347,15.063870,0.087356,31.075712
1403638616077829376.000000,0.000000,0.000000,10.317962,5.853954,0.154194,0.086950,17.181047,0.109899,29.232030
1403638616127829504.000000,0.000000,0.000000,12.569346,5.789526,0.145576,0.073915,15.151218,0.112249,32.946558
1403638616177829376.000000,0.000000,0.000000,10.655065,6.560557,0.097688,0.093095,15.871202,1.394497,29.504408
1403638616227829504.000000,0.000000,0.000000,10.105133,5.476450,0.171204,0.047012,16.821759,0.083793,28.203535
1403638616277829376.000000,0.000000,0.000000,10.560312,4.832665,0.149010,0.077176,16.572993,0.142021,28.700568
1403638616327829504.000000,0.000000,0.000000,9.856978,5.147475,0.154674,0.075749,16.308027,0.141262,27.390543
1403638616377829376.000000,0.000000,0.000000,9.979847,6.044040,0.090700,0.079851,17.452299,0.114933,27.769482
1403638616427829504.000000,0.000000,0.000000,10.149939,5.006360,0.151684,0.070268,15.556574,0.063516,28.283161
1403638616477829376.000000,0.000000,0.000000,9.791198,6.788903,0.301517,0.051727,16.659289,0.094900,29.345057
1403638616527829504.000000,0.000000,0.000000,10.082474,5.461267,0.159540,0.076061,17.491356,0.102438,28.885206
1403638616577829376.000000,0.000000,0.000000,10.640235,6.118947,0.085627,0.111827,16.793527,1.165778,33.151871
1403638616627829504.000000,0.000000,0.000000,10.920923,7.761721,0.188028,0.044923,15.416098,0.103039,32.079485
1403638616677829376.000000,0.000000,0.000000,11.218415,6.568555,0.185711,0.076241,15.895305,0.143199,31.321727
1403638616727829504.000000,0.000000,0.000000,10.816116,7.722860,0.112483,0.076618,16.827723,0.124466,33.868120
1403638616777829376.000000,0.000000,0.000000,10.626875,6.109744,0.182663,0.075356,17.092465,0.150256,30.650350
1403638616827829504.000000,0.000000,0.000000,10.679326,5.689138,0.197829,0.051728,15.241465,1.057218,30.727127
1403638616877829376.000000,0.000000,0.000000,10.445871,6.424434,0.170319,0.044271,15.746074,0.137553,31.282660
1403638616927829504.000000,0.000000,0.000000,11.374857,9.819203,0.247419,0.079846,17.983882,0.126929,39.009370
1403638616977829376.000000,0.000000,0.000000,11.618186,6.547978,0.179082,0.091506,16.376050,0.155112,34.049391
1403638617027829504.000000,0.000000,0.000000,10.219561,8.237080,0.163153,0.087747,15.520253,0.175741,34.193592
1403638617077829376.000000,0.000000,0.000000,10.046384,7.713574,0.201305,0.053274,17.172594,2.007532,32.954643
1403638617127829504.000000,0.000000,0.000000,11.051297,7.083596,0.165606,0.046175,18.410668,0.085265,32.811792
1403638617177829376.000000,0.000000,0.000000,11.576420,8.446273,0.169522,0.091156,17.471772,0.160302,35.247573
1403638617227829504.000000,0.000000,0.000000,11.148579,7.930510,0.110144,0.074398,18.147799,0.125513,34.018593
1403638617277829376.000000,0.000000,0.000000,9.777206,5.979871,0.097708,0.083931,16.171156,0.100382,31.367563
1403638617327829504.000000,0.000000,0.000000,10.342763,10.132809,0.156608,0.043958,15.789238,0.889923,36.148226
1403638617377829376.000000,0.000000,0.000000,12.483726,7.805834,0.135164,0.052858,15.507894,0.101839,36.768634
1403638617427829504.000000,0.000000,0.000000,11.499709,7.087253,0.171206,0.079322,18.406893,0.124124,34.215195
1403638617477829376.000000,0.000000,0.000000,10.121002,7.482615,0.166661,0.077279,17.043243,0.102810,34.688096
1403638617527829504.000000,0.000000,0.000000,11.061100,7.211436,0.212233,0.088918,15.379432,0.150534,37.071385
1403638617577829376.000000,0.000000,0.000000,10.499200,6.416929,0.169423,0.052195,14.685011,0.099373,34.349509
1403638617627829504.000000,0.000000,0.000000,10.545848,6.009076,0.160864,0.042042,19.840719,0.121575,33.956052
1403638617677829376.000000,0.000000,0.000000,10.652869,6.296869,0.098782,0.084786,15.583594,0.078230,31.331656
1403638617727829504.000000,0.000000,0.000000,10.466950,6.435778,0.195073,0.074715,15.459090,0.935372,33.706961
1403638617777829376.000000,0.000000,0.000000,11.160656,5.807189,0.176391,0.041734,15.554121,0.089362,32.436965
1403638617827829504.000000,0.000000,0.000000,10.952739,7.204759,0.231439,0.065298,16.827881,0.090597,36.414389
1403638617877829376.000000,0.000000,0.000000,10.283334,7.330486,0.179571,0.117116,16.551851,0.130671,34.483983
1403638617927829504.000000,0.000000,0.000000,11.330432,7.548879,0.168895,0.069446,16.804293,0.138040,38.776693
1403638617977829376.000000,0.000000,0.000000,12.003550,5.799697,0.214658,0.066293,16.782840,1.059380,34.569684
1403638618027829504.000000,0.000000,0.000000,11.493119,8.474369,0.171204,0.046560,15.999989,0.102564,36.090205
1403638618077829376.000000,0.000000,0.000000,12.190406,8.290322,0.165772,0.071539,18.645851,0.157210,38.148180
1403638618127829504.000000,0.000000,0.000000,11.093494,7.347182,0.192934,0.081597,17.421120,0.126371,35.400739
1403638618177829376.000000,0.000000,0.000000,10.250235,5.885042,0.097815,0.079690,17.806467,0.099080,31.508774
1403638618227829504.000000,0.000000,0.000000,11.069853,5.863747,0.164808,0.056660,14.031503,1.189895,35.022561
1403638618277829376.000000,0.000000,0.000000,10.134480,6.899682,0.217558,0.047726,15.260832,0.104783,33.264400
1403638618327829504.000000,0.000000,0.000000,11.176735,7.163813,0.176899,0.099149,18.758694,0.113592,34.550189
1403638618377829376.000000,0.000000,0.000000,12.400971,7.319216,0.165981,0.092096,17.005696,0.130139,36.604384
1403638618427829504.000000,0.000000,0.000000,12.660711,8.343382,0.153555,0.081818,15.748660,0.143723,36.384958
1403638618477829376.000000,0.000000,0.000000,11.223809,5.847310,0.207034,0.046395,14.914256,0.932298,33.479788
1403638618527829504.000000,0.000000,0.000000,11.007942,6.380653,0.169201,0.044576,17.005626,0.081680,35.260627
1403638618577829376.000000,0.000000,0.000000,10.553123,7.411467,0.155030,0.084809,16.200814,0.158206,35.415904
1403638618627829504.000000,0.000000,0.000000,10.126090,9.736018,0.177020,0.076807,18.408206,0.144114,35.981604
1403638618677829376.000000,0.000000,0.000000,11.768679,6.340470,0.155954,0.084546,16.542376,0.101356,34.449803
1403638618727829504.000000,0.000000,0.000000,13.991118,5.908605,0.242496,0.056095,14.029977,1.222787,34.919808
1403638618777829376.000000,0.000000,0.000000,11.099483,6.457462,0.166965,0.052409,14.565247,0.098176,35.443023
1403638618827829504.000000,0.000000,0.000000,11.561274,8.175734,0.166802,0.071399,16.248267,0.118024,36.496270
1403638618877829376.000000,0.000000,0.000000,11.086371,7.149066,0.092818,0.080056,17.736405,0.104596,32.840978
1403638618927829504.000000,0.000000,0.000000,10.636425,7.125138,0.200864,0.094660,16.601665,0.127426,35.444286
1403638618977829376.000000,0.000000,0.000000,10.576593,7.088537,0.157995,0.043256,14.397498,1.478736,33.889582
1403638619027829504.000000,0.000000,0.000000,11.175577,7.377134,0.230062,0.044358,16.023975,0.084151,35.580203
1403638619077829376.000000,0.000000,0.000000,11.868150,7.432348,0.158292,0.147284,16.617549,0.145108,36.246841
1403638619127829504.000000,0.000000,0.000000,11.543790,8.140716,0.144731,0.080042,16.078779,0.144787,36.658913
1403638619177829376.000000,0.000000,0.000000,10.916418,5.964314,0.140164,0.079647,17.363488,0.118640,32.309952
1403638619227829504.000000,0.000000,0.000000,11.914592,7.499810,0.176089,0.081088,16.812042,0.969265,34.883486
1403638619277829376.000000,0.000000,0.000000,12.111181,6.320987,0.159846,0.047238,16.723804,0.117663,32.907686
1403638619327829504.000000,0.000000,0.000000,11.793336,6.761524,0.160660,0.088043,20.850824,0.130456,32.430644
1403638619377829376.000000,0.000000,0.000000,11.177889,10.623731,0.153418,0.082293,17.789097,0.098388,36.665705
1403638619427829504.000000,0.000000,0.000000,11.640058,7.963738,0.150704,0.098517,18.084494,0.172457,34.471474
1403638619477829376.000000,0.000000,0.000000,11.617607,8.294303,0.153397,0.055047,14.558019,1.130215,34.815523
1403638619527829504.000000,0.000000,0.000000,11.334018,6.829172,0.194297,0.052294,17.301063,0.088283,34.700472
1403638619577829376.000000,0.000000,0.000000,11.808726,5.357277,0.152377,0.098525,17.159174,0.208999,29.739739
1403638619627829504.000000,0.000000,0.000000,12.297136,4.848477,0.178578,0.077743,14.828694,0.158582,30.786919
1403638619677829376.000000,0.000000,0.000000,11.410196,8.090100,0.150485,0.080206,15.373611,0.082518,33.894449
1403638619727829504.000000,0.000000,0.000000,12.330765,8.526063,0.148282,0.058266,15.258116,0.890617,35.211611
1403638619777829376.000000,0.000000,0.000000,11.633596,5.808264,0.132723,0.049018,16.162305,0.080616,32.618175
1403638619827829504.000000,0.000000,0.000000,13.461566,12.670916,0.247675,0.076262,16.376909,0.127165,43.051624
1403638619877829376.000000,0.000000,0.000000,11.675285,6.262589,0.145912,0.078213,16.157485,0.102285,33.617118
1403638619927829504.000000,0.000000,0.000000,13.923216,8.930707,0.128874,0.121675,16.123978,0.102269,39.267977
1403638619977829376.000000,0.000000,0.000000,12.134087,6.118411,0.137952,0.040269,14.372815,0.084796,32.564468
1403638620027829504.000000,0.000000,0.000000,11.926006,5.675981,0.135222,0.047360,15.091940,1.091672,31.850518
1403638620077829376.000000,0.000000,0.000000,13.059956,8.806489,0.148358,0.049309,15.648937,0.081022,36.277603
1403638620127829504.000000,0.000000,0.000000,12.728341,5.789273,0.170403,0.076399,15.238162,0.136424,33.518701
1403638620177829376.000000,0.000000,0.000000,13.239495,7.759445,0.127620,0.068921,14.387217,0.155141,35.572260
1403638620227829504.000000,0.000000,0.000000,12.737145,7.694504,0.189491,0.067733,15.618148,0.100653,36.411244
1403638620277829376.000000,0.000000,0.000000,12.722591,5.545091,0.148657,0.070886,13.028589,1.340747,31.731095
1403638620327829504.000000,0.000000,0.000000,12.604230,8.312516,0.162093,0.042617,15.250106,0.079542,38.087461
1403638620377829376.000000,0.000000,0.000000,12.520152,7.092742,0.047865,0.070659,14.700843,0.103775,34.101240
1403638620427829504.000000,0.000000,0.000000,11.625701,7.817458,0.137085,0.064407,15.192676,0.099515,34.260537
1403638620477829376.000000,0.000000,0.000000,12.766495,8.297622,0.135413,0.079497,17.337325,0.208106,37.450870
1403638620527829504.000000,0.000000,0.000000,12.278647,8.269804,0.086375,0.037669,13.805859,0.813691,36.605040
1403638620577829376.000000,0.000000,0.000000,12.585666,5.735837,0.074182,0.030750,13.513348,0.078371,33.880628
1403638620627829504.000000,0.000000,0.000000,12.210186,6.511943,0.164251,0.120239,16.150247,0.105368,33.475153
1403638620677829376.000000,0.000000,0.000000,12.014024,6.006341,0.134467,0.069077,14.909393,0.104426,32.185146
1403638620727829504.000000,0.000000,0.000000,13.995379,7.817072,0.081239,0.051940,15.200629,0.061409,37.979328
1403638620777829376.000000,0.000000,0.000000,10.121963,5.233148,0.074364,0.052953,17.552184,0.061578,28.151574
1403638620827829504.000000,0.000000,0.000000,11.797703,5.352503,0.097243,0.091440,13.824252,0.056745,33.416344
1403638620877829376.000000,0.000000,0.000000,12.104060,5.889118,0.097187,0.063668,14.012910,0.072068,32.137295
1403638620927829504.000000,0.000000,0.000000,11.725175,7.450525,0.252175,0.063761,14.102767,0.048663,35.786812
1403638620977829376.000000,0.000000,0.000000,10.980632,6.108203,0.072275,0.069986,15.101666,0.060361,32.021393
1403638621027829504.000000,0.000000,0.000000,12.142561,7.667029,0.200105,0.085679,14.449101,0.798754,35.677996
1403638621077829376.000000,0.000000,0.000000,11.276730,5.811684,0.216104,0.052471,14.767973,0.060145,49.053963
1403638621127829504.000000,0.000000,0.000000,12.514867,5.826052,0.218895,0.049031,14.070329,0.079004,39.389824
1403638621177829376.000000,0.000000,0.000000,12.560484,6.517989,0.233986,0.057037,13.843825,0.088306,41.363431
1403638621227829504.000000,0.000000,0.000000,11.419625,6.406705,0.219169,0.056445,13.780138,0.066293,39.602427
1403638621277829376.000000,0.000000,0.000000,11.845272,5.992419,0.218954,0.032545,13.377351,0.823067,38.481276
1403638621327829504.000000,0.000000,0.000000,11.694556,7.192846,0.227028,0.040679,12.426441,0.063282,41.667647
1403638621377829376.000000,0.000000,0.000000,12.052451,5.610728,0.253730,0.050539,13.555994,0.090013,39.426867
1403638621427829504.000000,0.000000,0.000000,11.262793,5.633387,0.232570,0.051003,14.180101,0.079423,40.257209
1403638621477829376.000000,0.000000,0.000000,12.267331,6.101413,0.307663,0.049099,13.133498,0.049687,40.112097
1403638621527829504.000000,0.000000,0.000000,12.262997,6.252508,0.275776,0.029899,12.829305,0.858382,41.384744
1403638621577829376.000000,0.000000,0.000000,12.027778,6.015255,0.220414,0.030267,12.321237,0.070516,40.316502
1403638621627829504.000000,0.000000,0.000000,12.427867,5.743539,0.256698,0.061272,13.150262,0.046325,41.893702
1403638621677829376.000000,0.000000,0.000000,11.714060,8.152504,0.235058,0.049046,13.653059,0.098980,41.267807
1403638621727829504.000000,0.000000,0.000000,11.394852,6.914758,0.235178,0.048760,12.206184,0.049355,40.028563
1403638621777829376.000000,0.000000,0.000000,11.326671,5.911667,0.242726,0.052714,13.229223,0.048732,39.053451
1403638621827829504.000000,0.000000,0.000000,11.866347,9.741948,0.113043,0.065479,12.797340,0.059230,42.318956
1403638621877829376.000000,0.000000,0.000000,10.356030,6.032810,0.244902,0.055126,17.310193,0.054066,39.697152
1403638621927829504.000000,0.000000,0.000000,11.520997,8.322961,0.308941,0.124859,16.358051,0.591979,40.600489
1403638621977829376.000000,0.000000,0.000000,11.728081,5.711863,0.239458,0.043954,13.549175,0.057932,40.803614
1403638622027829504.000000,0.000000,0.000000,12.098185,5.901364,0.264633,0.052558,14.031040,0.100989,39.469738
1403638622077829376.000000,0.000000,0.000000,12.314739,5.651010,0.272071,0.052078,15.157825,0.057716,40.063741
1403638622127829504.000000,0.000000,0.000000,11.786019,5.454199,0.458739,0.027589,13.548194,0.048365,37.863820
1403638622177829376.000000,0.000000,0.000000,11.225212,5.528545,0.251969,0.043974,11.815946,1.006468,38.236249
1403638622227829504.000000,0.000000,0.000000,11.661232,5.618900,0.246593,0.023117,10.713730,0.056394,39.982340
1403638622277829376.000000,0.000000,0.000000,13.629500,5.967161,0.281804,0.040923,12.558786,0.066651,42.263874
1403638622327829504.000000,0.000000,0.000000,12.785742,5.493201,0.259542,0.028822,11.512225,0.050208,42.004311
1403638622377829376.000000,0.000000,0.000000,11.593846,5.573635,0.276255,0.018676,9.499737,0.038298,40.009696
1403638622427829504.000000,0.000000,0.000000,12.764407,5.664209,0.254474,0.021110,9.438127,1.514964,37.920766
1403638622477829376.000000,0.000000,0.000000,11.791331,6.430291,0.261860,0.030590,13.300017,0.052602,40.361018
1403638622527829504.000000,0.000000,0.000000,12.204782,5.862589,0.303476,0.026997,12.060070,0.038279,39.706844
1403638622577829376.000000,0.000000,0.000000,10.907889,5.694491,0.289864,0.030652,10.656085,0.970382,37.737942
1403638622627829504.000000,0.000000,0.000000,10.373663,5.946567,0.261379,0.037355,12.612476,0.050504,37.615593
1403638622677829376.000000,0.000000,0.000000,13.232002,6.186415,0.331428,0.033351,11.508704,0.060088,42.096785
1403638622727829504.000000,0.000000,0.000000,12.053422,5.596928,0.256110,0.018097,9.240271,0.034818,38.157405
1403638622777829376.000000,0.000000,0.000000,12.597453,6.082466,0.285012,0.017878,8.737238,1.052832,38.652864
1403638622827829504.000000,0.000000,0.000000,11.396348,7.766065,0.285802,0.027815,10.212900,0.063027,39.885790
1403638622877829376.000000,0.000000,0.000000,11.004400,6.405810,0.313686,0.021255,10.431394,0.022955,37.897533
1403638622927829504.000000,0.000000,0.000000,10.718321,6.075246,0.261661,0.026329,10.385834,0.021396,38.883673
1403638622977829376.000000,0.000000,0.000000,11.424177,6.117022,0.268754,0.026883,10.044926,0.035570,38.968326
1403638623027829504.000000,0.000000,0.000000,10.681185,5.539092,0.280528,0.026327,10.042478,0.035654,36.140581
1403638623077829376.000000,0.000000,0.000000,10.856661,6.484544,0.316574,0.032922,13.904099,1.520011,38.696823
1403638623127829504.000000,0.000000,0.000000,11.365271,5.460097,0.279725,0.028169,12.196641,0.052017,42.048112
1403638623177829376.000000,0.000000,0.000000,11.282800,5.287891,0.302666,0.039547,14.587917,0.041424,37.721436
1403638623227829504.000000,0.000000,0.000000,11.931189,6.017945,0.281370,0.056880,10.459363,0.034109,38.209378
1403638623277829376.000000,0.000000,0.000000,11.009074,5.837581,0.327400,0.033973,9.349220,0.024072,39.786073
1403638623327829504.000000,0.000000,0.000000,10.900182,9.647401,0.289996,0.042758,10.439350,0.063823,41.136596
1403638623377829376.000000,0.000000,0.000000,10.737574,5.338939,0.284384,0.036809,15.809573,0.042181,37.258820
1403638623427829504.000000,0.000000,0.000000,11.555083,6.093932,0.411501,0.033439,13.728757,0.038622,38.456517
1403638623477829376.000000,0.000000,0.000000,12.331695,5.910323,0.306669,0.034541,13.030018,0.031737,39.380591
1403638623527829504.000000,0.000000,0.000000,13.089067,6.111749,0.294515,0.033700,11.466923,0.027797,40.660520
1403638623577829376.000000,0.000000,0.000000,11.125771,5.569405,0.301398,0.037941,13.357618,0.860297,37.150958
1403638623627829504.000000,0.000000,0.000000,11.798238,5.737202,0.360297,0.023200,11.410624,0.049430,39.999080
1403638623677829376.000000,0.000000,0.000000,10.523007,5.389621,0.291683,0.035064,11.213229,0.050083,34.652827
1403638623727829504.000000,0.000000,0.000000,11.635165,5.805556,0.293596,0.000000,0.000000,-0.553845,38.550087
1403638623777829376.000000,0.000000,0.000000,11.547817,5.770799,0.343273,0.000000,0.000000,780576.399602,40.058857
1403638623827829504.000000,0.000000,0.000000,11.401152,5.473834,0.311609,0.000000,0.000000,0.535625,37.230945
1403638623877829376.000000,0.000000,0.000000,11.597622,7.322202,0.293989,0.000000,0.000000,621.920826,41.591637
1403638623927829504.000000,0.000000,0.000000,12.440579,6.024120,0.299282,0.000000,0.000000,55781.427390,39.076539
1403638623977829376.000000,0.000000,0.000000,11.825051,5.872019,0.342893,0.000000,0.000000,-71.733132,38.840227
1403638624027829504.000000,0.000000,0.000000,11.231116,5.754524,0.291263,0.000000,0.000000,-27203.546709,36.519558
1403638624077829376.000000,0.000000,0.000000,12.223142,6.023842,0.297982,0.000000,0.000000,17200.461488,39.977204
1403638624127829504.000000,0.000000,0.000000,11.476215,6.312993,0.333712,0.000000,0.000000,338.153645,37.590829
1403638624177829376.000000,0.000000,0.000000,12.593009,6.434623,0.291500,0.000000,0.000000,29599.434455,40.582865
1403638624227829504.000000,0.000000,0.000000,13.462340,5.742699,0.292004,0.000000,0.000000,230673.435606,40.538556
1403638624277829376.000000,0.000000,0.000000,12.830897,8.130332,0.155999,0.000000,0.000000,-91596.773645,42.331491
1403638624327829504.000000,0.000000,0.000000,11.282003,5.955822,0.294857,0.000000,2959122945277952.000000,0.000000,38.180692
1403638624377829376.000000,0.000000,0.000000,11.597393,5.905770,0.318398,0.000000,0.000000,0.000000,40.120712
1403638624427829504.000000,0.000000,0.000000,11.928909,5.501152,0.295644,0.000000,0.000000,0.000000,37.159538
1403638624477829376.000000,0.000000,0.000000,10.728729,6.093329,0.297333,0.000000,0.000000,0.000000,39.042173
1403638624527829504.000000,0.000000,0.000000,11.836393,5.818209,0.312862,0.000000,0.000000,0.000000,39.581560
1403638624577829376.000000,0.000000,0.000000,13.164621,5.600902,0.293185,0.000000,0.000000,-555555.711348,41.188084
1403638624627829504.000000,0.000000,0.000000,12.003325,9.486687,0.303262,0.000000,0.000000,3230.581809,42.214999
1403638624677829376.000000,0.000000,0.000000,11.508111,5.719721,0.302027,0.000000,0.000000,208754.182546,38.749108
1403638624727829504.000000,0.000000,0.000000,10.938804,6.064671,0.395408,0.000000,0.000000,228.066982,38.920233
1403638624777829376.000000,0.000000,0.000000,11.592589,5.730911,0.290673,0.000000,0.000000,24205.328468,39.178600
1403638624827829504.000000,0.000000,0.000000,12.114829,5.526686,0.307051,0.000000,0.000000,-18244.985345,38.474287
1403638624877829376.000000,0.000000,0.000000,11.501724,5.379597,0.394729,0.000000,0.000000,-524680.209098,37.124497
1403638624927829504.000000,0.000000,0.000000,11.297638,6.322434,0.349595,0.000000,0.000000,-11083.150707,40.182610
1403638624977829376.000000,0.000000,0.000000,14.396814,7.271757,0.303552,0.000000,0.000000,-85690.494472,43.039893
1403638625027829504.000000,0.000000,0.000000,12.172441,6.108048,0.293337,0.000000,0.000000,34718.190278,39.019358
1403638625077829376.000000,0.000000,0.000000,12.024520,8.578243,0.553138,0.000000,421.200012,82.539530,44.615330
1403638625127829504.000000,0.000000,0.000000,11.749415,5.893805,0.293552,0.000000,244.800003,5917.715882,40.405451
1403638625177829376.000000,0.000000,0.000000,13.445161,5.681719,0.309040,0.000000,416.006622,20.132141,42.166199
1403638625227829504.000000,0.000000,0.000000,12.675703,8.403936,0.293211,0.000000,0.694444,-13.103984,44.331267
1403638625277829376.000000,0.000000,0.000000,12.920643,5.386185,0.319116,0.000000,0.000000,0.535625,39.371669
1403638625327829504.000000,0.000000,0.000000,12.032054,5.727755,0.299678,0.000000,0.000000,780584.150828,38.641146
1403638625377829376.000000,0.000000,0.000000,14.454194,5.361766,0.297487,0.000000,0.000000,0.000000,39.914095
1403638625427829504.000000,0.000000,0.000000,11.697898,6.007121,0.336171,0.000000,0.694444,0.000000,40.816292
1403638625477829376.000000,0.000000,0.000000,12.636925,5.652641,0.319375,0.000000,0.000000,0.000000,40.002120
1403638625527829504.000000,0.000000,0.000000,12.654462,5.680837,0.317576,0.000000,0.000000,0.000000,39.054048
1403638625577829376.000000,0.000000,0.000000,11.952416,6.362852,0.334517,0.000000,0.000000,0.000000,37.676205
1403638625627829504.000000,0.000000,0.000000,12.598723,5.633091,0.296377,0.000000,0.694444,0.000000,43.399433
1403638625677829376.000000,0.000000,0.000000,13.434620,5.800408,0.292067,0.000000,-0.384312,0.000100,39.468931
1403638625727829504.000000,0.000000,0.000000,14.602727,6.327925,0.301970,0.000000,0.316780,-0.997440,42.481771
1403638625777829376.000000,0.000000,0.000000,11.692366,5.769488,0.378843,0.000000,-0.010072,-0.010602,37.712667
1403638625827829504.000000,0.000000,0.000000,11.118792,5.730702,0.292829,0.000000,0.000000,0.003285,38.390776
1403638625877829376.000000,0.000000,0.000000,11.735496,5.553574,0.310747,0.000000,0.000000,-0.000027,39.183686
1403638625927829504.000000,0.000000,0.000000,12.033472,5.902762,0.398609,0.000000,-1.068623,0.000000,39.859066
1403638625977829376.000000,0.000000,0.000000,12.609149,5.297933,0.291558,0.000000,9.520000,0.000004,39.967231
1403638626027829504.000000,0.000000,0.000000,12.656724,6.286995,0.282737,0.000000,2.149228,0.000000,40.295804
1403638626077829376.000000,0.000000,0.000000,11.835612,5.908636,0.298172,0.000000,0.000000,0.000000,41.119635
1403638626127829504.000000,0.000000,0.000000,12.352790,7.835594,0.332935,0.000000,0.000000,0.000000,42.214549
1403638626177829376.000000,0.000000,0.000000,11.402912,6.255728,0.281835,0.000000,0.000000,-0.000260,40.255756
1403638626227829504.000000,0.000000,0.000000,12.005924,5.777612,0.287786,0.000000,0.000000,0.000019,38.637747
1403638626277829376.000000,0.000000,0.000000,10.701119,5.812488,0.347671,0.000000,0.000000,0.002201,36.312357
1403638626327829504.000000,0.000000,0.000000,12.524789,5.971375,0.308380,0.000000,0.000000,-0.000710,41.983307
1403638626377829376.000000,0.000000,0.000000,11.421494,6.529115,0.298918,0.000000,0.000000,0.000001,39.757455
1403638626427829504.000000,0.000000,0.000000,12.197832,6.697267,0.292136,0.000000,0.000000,-0.002063,39.348388
1403638626477829376.000000,0.000000,0.000000,11.541311,6.032790,0.343956,0.000000,0.000000,0.024343,38.149214
1403638626527829504.000000,0.000000,0.000000,11.896570,5.787423,0.297130,0.000000,0.000000,0.000272,39.153228
1403638626577829376.000000,0.000000,0.000000,12.107349,5.687243,0.301276,0.000000,0.000000,-0.003100,39.466729
1403638626627829504.000000,0.000000,0.000000,12.254609,6.061664,0.325476,0.000000,0.000000,0.000275,41.590058
1403638626677829376.000000,0.000000,0.000000,14.059949,5.744210,0.295591,0.000000,0.000000,-0.003147,41.266227
1403638626727829504.000000,0.000000,0.000000,11.822548,8.472372,0.282131,0.000000,0.000000,0.024736,40.116413
1403638626777829376.000000,0.000000,0.000000,12.122267,9.561396,0.301836,0.000000,0.000000,0.000002,40.650976
1403638626827829504.000000,0.000000,0.000000,12.265039,7.515773,0.376076,0.000000,0.000000,-0.000001,40.552574
1403638626877829376.000000,0.000000,0.000000,12.301613,5.493172,0.296895,0.000000,0.000000,-0.000022,40.010562
1403638626927829504.000000,0.000000,0.000000,11.833856,5.542789,0.273109,0.000000,0.000000,0.000000,39.150945
1403638626977829376.000000,0.000000,0.000000,11.795392,8.276026,0.484728,0.000000,0.000000,0.000000,40.950349
1403638627027829504.000000,0.000000,0.000000,12.653662,5.396475,0.277142,0.000000,0.000000,0.000000,38.753990
1403638627077829376.000000,0.000000,0.000000,12.217749,5.956247,0.298626,0.000000,0.000000,-862607.930825,40.533302
1403638627127829504.000000,0.000000,0.000000,11.752089,7.426724,0.298854,0.000000,0.000000,24299486372.224781,40.425043
1403638627177829376.000000,0.000000,0.000000,12.118142,5.964360,0.310494,0.000000,0.000000,0.000085,40.036356
1403638627227829504.000000,0.000000,0.000000,12.487039,5.682679,0.291769,0.000000,0.000000,0.010589,40.303241
1403638627277829376.000000,0.000000,0.000000,11.673494,5.632978,0.293903,0.000000,0.000000,-0.997578,38.667732
1403638627327829504.000000,0.000000,0.000000,11.428101,5.889703,0.354788,0.000000,0.000000,-0.006010,42.854018
1403638627377829376.000000,0.000000,0.000000,12.381242,5.592707,0.278667,0.000000,0.000000,-0.000000,40.676396
1403638627427829504.000000,0.000000,0.000000,12.397020,5.697746,0.293179,0.000000,0.000000,0.000017,41.232970
1403638627477829376.000000,0.000000,0.000000,11.047971,5.592848,0.346859,0.000000,0.000000,0.000001,37.250595
1403638627527829504.000000,0.000000,0.000000,10.679205,5.458845,0.286232,0.000000,0.000000,0.000000,37.734374
1403638627577829376.000000,0.000000,0.000000,12.591993,7.473679,0.301840,0.000000,0.000000,0.000000,42.369358
1403638627627829504.000000,0.000000,0.000000,12.573058,5.867172,0.276045,0.000000,0.000000,0.000000,38.254419
1403638627677829376.000000,0.000000,0.000000,11.665946,5.717055,0.342527,0.000000,0.000000,-0.000018,37.341919
1403638627727829504.000000,0.000000,0.000000,12.694608,4.983983,0.281998,0.000000,0.000000,-0.000152,38.262675
1403638627777829376.000000,0.000000,0.000000,11.792476,4.999319,0.287088,0.000000,0.000000,0.000071,37.597505
1403638627827829504.000000,0.000000,0.000000,12.159075,7.696219,0.363411,0.000000,0.000000,0.000008,40.824083
1403638627877829376.000000,0.000000,0.000000,12.021702,5.147873,0.291423,0.000000,0.000000,0.000723,37.841902
1403638627927829504.000000,0.000000,0.000000,12.587275,5.695191,0.283330,0.000000,0.000000,0.000016,39.263646
1403638627977829376.000000,0.000000,0.000000,11.080774,5.492908,0.330212,0.000000,0.000000,0.000898,35.393512
1403638628027829504.000000,0.000000,0.000000,11.276502,6.429615,0.314019,0.000000,0.000000,0.022800,38.011649
1403638628077829376.000000,0.000000,0.000000,13.350162,6.363653,0.284804,0.000000,0.000000,0.009054,39.862844
1403638628127829504.000000,0.000000,0.000000,11.850015,5.273426,0.289437,0.000000,0.000000,0.023163,37.133618
1403638628177829376.000000,0.000000,0.000000,11.471597,6.596901,0.341035,0.000000,459.600006,0.009203,37.046044
1403638628227829504.000000,0.000000,0.000000,10.837132,5.637042,0.275876,0.000000,333.600006,0.000913,36.849536
1403638628277829376.000000,0.000000,0.000000,10.349058,6.234626,0.278286,0.000000,0.000000,-0.000022,35.617940
1403638628327829504.000000,0.000000,0.000000,12.063472,7.464529,0.326228,0.000000,63647885368952704.000000,0.000001,39.367890
1403638628377829376.000000,0.000000,0.000000,9.954201,6.121573,0.317731,0.000000,0.694444,-0.000002,35.364868
1403638628427829504.000000,0.000000,0.000000,9.771888,5.685855,0.149150,0.000000,0.000000,0.000000,35.234997
1403638628477829376.000000,0.000000,0.000000,11.776984,5.498787,0.143287,0.000000,0.000000,0.000000,40.092589
1403638628527829504.000000,0.000000,0.000000,11.146188,6.463844,0.603687,0.000000,0.694444,0.000000,36.754535
1403638628577829376.000000,0.000000,0.000000,11.482396,5.309842,0.316616,0.000000,-4.279826,-4353485.620715,34.455861
1403638628627829504.000000,0.000000,0.000000,10.940414,5.907473,0.144003,0.000000,-0.399423,-825300.450048,38.500419
1403638628677829376.000000,0.000000,0.000000,9.873134,5.625431,0.363737,0.000000,0.000000,24289660605.754936,35.645883
1403638628727829504.000000,0.000000,0.000000,10.433574,6.033900,0.147918,0.000000,74653490473582080.000000,-0.003252,37.822855
1403638628777829376.000000,0.000000,0.000000,10.246196,6.320366,0.291639,0.000000,-1.143453,0.006086,39.359375
1403638628827829504.000000,0.000000,0.000000,8.902863,6.019514,0.297712,0.000000,6.724684,-0.998003,33.444240
1403638628877829376.000000,0.000000,0.000000,10.074395,6.086403,0.332277,0.000000,1.759033,0.000000,34.606163
1403638628927829504.000000,0.000000,0.000000,10.337263,5.806089,0.389134,0.000000,0.000000,-0.000004,34.472359
1403638628977829376.000000,0.000000,0.000000,9.978630,6.066835,0.159833,0.000000,0.000000,-0.000000,35.780957
1403638629027829504.000000,0.000000,0.000000,11.605399,5.064871,0.148539,0.000000,0.000000,0.000000,36.389251
1403638629077829376.000000,0.000000,0.000000,11.364000,6.216482,0.324023,0.000000,0.000000,0.000000,36.730544
1403638629127829504.000000,0.000000,0.000000,9.631832,6.228920,0.149302,0.000000,0.000000,0.000000,34.469342
1403638629177829376.000000,0.000000,0.000000,10.185316,5.590296,0.144214,0.000000,0.000000,-0.000045,34.467152
1403638629227829504.000000,0.000000,0.000000,10.701098,6.007118,0.307924,0.000000,0.000000,-0.002191,35.046465
1403638629277829376.000000,0.000000,0.000000,9.927411,5.554449,0.149429,0.000000,0.000000,-0.000001,34.847555
1403638629327829504.000000,0.000000,0.000000,11.422364,6.507693,0.157393,0.000000,0.000000,0.000003,35.107551
1403638629377829376.000000,0.000000,0.000000,11.505886,5.382063,0.319071,0.000000,0.000000,0.002059,35.090390
1403638629427829504.000000,0.000000,0.000000,11.184082,6.294170,0.306939,0.000000,0.000000,-0.000007,36.130808
1403638629477829376.000000,0.000000,0.000000,10.987635,4.801172,0.285106,0.000000,0.000000,0.002974,33.232330
1403638629527829504.000000,0.000000,0.000000,10.664896,6.193478,0.313266,0.000000,0.000000,-0.009112,34.795289
1403638629577829376.000000,0.000000,0.000000,10.869155,4.770195,0.280900,0.000000,0.000000,0.022625,32.349465
1403638629627829504.000000,0.000000,0.000000,11.460386,5.608071,0.273296,0.000000,0.000000,-0.009250,34.698022
1403638629677829376.000000,0.000000,0.000000,12.551441,5.950700,0.280406,0.000000,0.000000,0.022974,36.993435
1403638629727829504.000000,0.000000,0.000000,9.705002,4.737107,0.353461,0.000000,0.000000,0.003024,31.112193
1403638629777829376.000000,0.000000,0.000000,10.569536,4.673486,0.279796,0.000000,0.000000,-0.000001,32.666399
1403638629827829504.000000,0.000000,0.000000,11.095797,4.191059,0.387556,0.000000,0.000000,-0.000022,32.400080
1403638629877829376.000000,0.000000,0.000000,10.730769,7.186977,0.147217,0.000000,0.000000,0.000001,39.678174
1403638629927829504.000000,0.000000,0.000000,10.413668,5.500407,0.275387,0.000000,0.000000,0.000000,37.269022
1403638629977829376.000000,0.000000,0.000000,12.174852,5.711679,0.285988,0.000000,0.000000,0.000000,35.710055
1403638630027829504.000000,0.000000,0.000000,10.272726,6.186781,0.146761,0.000000,0.000000,0.000000,35.261898
1403638630077829376.000000,0.000000,0.000000,9.817089,6.162318,0.159776,0.000000,524.400024,-197100.885583,35.628978
1403638630127829504.000000,0.000000,0.000000,9.611350,5.191279,0.150013,0.000000,212.400009,-10925423.152541,32.970122
1403638630177829376.000000,0.000000,0.000000,10.804373,5.593457,0.273776,0.000000,519.168335,428408.082060,33.635442
1403638630227829504.000000,0.000000,0.000000,10.962502,6.042858,0.307860,0.000000,0.694444,66690155.713943,32.026449
1403638630277829376.000000,0.000000,0.000000,11.830887,4.584268,0.154939,0.000000,0.000000,0.003276,33.655183
1403638630327829504.000000,0.000000,0.000000,10.275793,4.601317,0.160695,0.000000,0.000000,0.049294,30.682930
1403638630377829376.000000,0.000000,0.000000,11.187861,2.717032,0.280034,0.000000,0.000000,-0.009908,28.735214
1403638630427829504.000000,0.000000,0.000000,11.050398,4.846496,0.309694,0.000000,0.694444,0.000070,31.266485
1403638630477829376.000000,0.000000,0.000000,10.302789,5.760756,0.275449,0.000000,0.000000,0.001428,33.622016
1403638630527829504.000000,0.000000,0.000000,11.075283,4.132856,0.151147,0.000000,0.000000,0.000000,31.513497
1403638630577829376.000000,0.000000,0.000000,11.088358,4.194657,0.179630,0.000000,0.000000,0.000000,31.533112
1403638630627829504.000000,0.000000,0.000000,11.132460,4.234422,0.354914,0.000000,0.694444,0.000000,32.427016
1403638630677829376.000000,0.000000,0.000000,12.636643,3.131853,0.149353,0.000000,-0.485663,-0.362380,31.843182
1403638630727829504.000000,0.000000,0.000000,10.962882,3.309373,0.265237,0.000000,-4.535021,0.004486,28.482040
1403638630777829376.000000,0.000000,0.000000,10.497787,3.304517,0.252958,0.000000,-0.285533,0.072084,27.883993
1403638630827829504.000000,0.000000,0.000000,11.095556,3.163129,0.340012,0.000000,0.000000,-0.164790,28.827132
1403638630877829376.000000,0.000000,0.000000,11.883971,3.019108,0.253413,0.000000,0.000000,0.002907,29.283832
1403638630927829504.000000,0.000000,0.000000,9.454095,3.083761,0.249078,0.000000,1.079363,-0.001481,27.075142
1403638630977829376.000000,0.000000,0.000000,11.639733,3.421850,0.359649,0.000000,9.637243,-0.165920,29.089001
1403638631027829504.000000,0.000000,0.000000,10.251157,3.256290,0.272431,0.000000,2.642715,0.000621,27.656200
1403638631077829376.000000,0.000000,0.000000,11.024863,4.863772,0.347304,0.000000,0.000000,0.019288,35.842684
1403638631127829504.000000,0.000000,0.000000,11.926621,3.350144,0.363880,0.000000,0.000000,0.000266,32.046098
1403638631177829376.000000,0.000000,0.000000,12.111134,5.393098,0.294403,0.000000,0.000000,0.002048,36.420167
1403638631227829504.000000,0.000000,0.000000,11.527947,6.206271,0.276079,0.000000,0.000000,-0.022629,32.478283
1403638631277829376.000000,0.000000,0.000000,9.889821,2.984263,0.354904,0.000000,0.000000,0.000117,26.842173
1403638631327829504.000000,0.000000,0.000000,10.942169,3.103631,0.307640,0.000000,0.000000,-0.000044,28.764531
1403638631377829376.000000,0.000000,0.000000,10.162943,4.568379,0.293318,0.000000,0.000000,-0.007907,35.076252
1403638631427829504.000000,0.000000,0.000000,12.258783,4.551485,0.259645,0.000000,0.000000,0.000000,35.057537
1403638631477829376.000000,0.000000,0.000000,11.878519,4.775503,0.349889,0.000000,0.000000,0.000000,34.022860
1403638631527829504.000000,0.000000,0.000000,11.533268,3.115688,0.139226,0.000000,0.000000,0.000000,30.238056
1403638631577829376.000000,0.000000,0.000000,10.263606,4.093515,0.308338,0.000000,0.000000,6229482.021792,32.913913
1403638631627829504.000000,0.000000,0.000000,11.669794,3.536554,0.000000,0.000000,0.000000,198509.137301,31.167184
1403638631677829376.000000,0.000000,0.000000,10.238603,3.216980,0.000000,0.000000,0.000000,49903706.201029,29.121209
