1413393889605760512.000000 -0.000000013 -0.000000007 -0.000000015 -0.000000017 0.000000005 -0.000000010 1.000000000
1413393889655760384.000000 0.003526632 0.002464345 -0.003314782 -0.001911471 -0.007028826 -0.001528779 0.999972343
1413393889705760512.000000 0.010970409 0.005535862 -0.007140321 -0.004292733 -0.011971422 -0.006167701 0.999900162
1413393889755760384.000000 0.013321583 0.005565281 -0.007693115 -0.006961827 -0.016451152 -0.009349152 0.999796748
1413393889805760512.000000 0.025252506 0.005629874 -0.012723093 -0.009330947 -0.019357067 -0.012747236 0.999687850
1413393889855760384.000000 0.043469384 0.005001186 -0.015931021 -0.012199725 -0.022454113 -0.018673632 0.999499083
1413393889905760512.000000 0.063142903 0.007056412 -0.015909094 -0.014577074 -0.023024233 -0.026370235 0.999280810
1413393889955760384.000000 0.092393942 0.004236154 -0.019432649 -0.017534964 -0.019693859 -0.033430088 0.999093175
1413393890005760512.000000 0.122839577 0.005594836 -0.024509419 -0.018779298 -0.013935415 -0.039131090 0.998960495
1413393890055760384.000000 0.159636885 -0.001263233 -0.027726561 -0.019676220 -0.009277485 -0.040525604 0.998941660
1413393890105760512.000000 0.194883421 -0.009755331 -0.031608392 -0.018507754 -0.004974943 -0.036203805 0.999160647
1413393890155760384.000000 0.229169220 -0.017514704 -0.033927161 -0.016772864 -0.000501748 -0.030643826 0.999389589
1413393890205760512.000000 0.249616265 -0.028338989 -0.030380573 -0.015692420 0.003974017 -0.025933884 0.999532640
1413393890255760384.000000 0.271070302 -0.044576798 -0.023192406 -0.015222915 0.007106455 -0.021233371 0.999633431
1413393890305760512.000000 0.289921939 -0.056948863 -0.019836003 -0.014157653 0.008664675 -0.016954387 0.999718547
1413393890355760384.000000 0.303426892 -0.068098798 -0.014359173 -0.013184755 0.009249181 -0.013284985 0.999782026
1413393890405760512.000000 0.316132069 -0.085763618 0.000480975 -0.013139167 0.009193964 -0.010850473 0.999812603
1413393890455760384.000000 0.319030762 -0.085347094 -0.001000292 -0.010326498 0.012500858 -0.007539742 0.999840200
1413393890505760512.000000 0.321452051 -0.089868531 0.001944848 -0.007879362 0.020661525 -0.003457236 0.999749541
1413393890555760384.000000 0.323871940 -0.102069229 0.011212957 -0.006582553 0.032064855 -0.001344864 0.999463201
1413393890605760512.000000 0.328755438 -0.115797542 0.020436212 -0.007012147 0.040990122 -0.001604471 0.999133646
1413393890655760384.000000 0.332278132 -0.127873152 0.025851386 -0.007479972 0.042388737 -0.002763373 0.999069393
1413393890705760512.000000 0.333573550 -0.146345705 0.038221654 -0.009059961 0.037692558 -0.004638245 0.999237597
1413393890755760384.000000 0.335627198 -0.153888062 0.038264681 -0.008852764 0.031697184 -0.006040510 0.999440134
1413393890805760512.000000 0.339543790 -0.167552516 0.039806940 -0.009510824 0.024838265 -0.006777946 0.999623299
1413393890855760384.000000 0.344244659 -0.175610155 0.037243079 -0.009481663 0.018980129 -0.007678249 0.999745488
1413393890905760512.000000 0.348537087 -0.188649312 0.037909452 -0.009740502 0.015126154 -0.008276102 0.999803901
1413393890955760384.000000 0.353864938 -0.207454562 0.043785907 -0.011487452 0.012029530 -0.010015913 0.999811530
1413393891005760512.000000 0.360967606 -0.219425708 0.041263416 -0.011656050 0.009601913 -0.010520210 0.999830663
1413393891055760384.000000 0.368842602 -0.229919538 0.036860328 -0.011151679 0.007927117 -0.011183665 0.999843895
1413393891105760512.000000 0.375402123 -0.242534161 0.034227453 -0.010882172 0.008702378 -0.010867990 0.999843895
1413393891155760384.000000 0.384526938 -0.257938415 0.033852000 -0.010513538 0.007932858 -0.009869223 0.999864578
1413393891205760512.000000 0.395335823 -0.275020361 0.038098514 -0.010692127 0.008768965 -0.010514290 0.999849141
1413393891255760384.000000 0.401651293 -0.289270848 0.037427407 -0.010148135 0.010827341 -0.009835960 0.999841511
1413393891305760512.000000 0.405896515 -0.300758958 0.032971181 -0.008863447 0.019258806 -0.009497359 0.999730170
1413393891355760384.000000 0.402197778 -0.318800747 0.038961582 -0.008804264 0.041982904 -0.008998828 0.999039054
1413393891405760512.000000 0.397739977 -0.332504630 0.039629981 -0.006801156 0.072658099 -0.007529495 0.997305334
1413393891455760384.000000 0.399425358 -0.346851498 0.039905716 -0.004730582 0.100923732 -0.006645873 0.994860768
1413393891505760512.000000 0.397261083 -0.362543792 0.033103034 -0.003331115 0.123540059 -0.005455182 0.992319047
1413393891555760384.000000 0.387838483 -0.373316735 0.019856680 -0.000983614 0.136874154 -0.004287940 0.990578771
1413393891605760512.000000 0.371817261 -0.378623039 -0.006752802 -0.000914215 0.141351223 -0.009086098 0.989917397
1413393891655760384.000000 0.350979477 -0.395335287 -0.029884307 -0.000729155 0.143091112 -0.008888003 0.989669323
1413393891705760512.000000 0.340966403 -0.419983506 -0.049290970 -0.002738854 0.142236382 -0.007431920 0.989801109
1413393891755760384.000000 0.332193643 -0.432973862 -0.092751265 -0.002206262 0.139906809 -0.008073832 0.990129292
1413393891805760512.000000 0.332838088 -0.444121599 -0.135039657 -0.002482965 0.135288581 -0.008572995 0.990766048
1413393891855760384.000000 0.322249591 -0.462627828 -0.191104501 -0.003457458 0.128589615 -0.009170237 0.991649508
1413393891905760512.000000 0.307763815 -0.479935616 -0.248152256 -0.004773149 0.115294337 -0.009305739 0.993276358
1413393891955760384.000000 0.256891787 -0.491256922 -0.311706781 -0.005303994 0.098927937 -0.010195151 0.995028257
1413393892005760512.000000 0.245383084 -0.509274662 -0.381327003 -0.006623465 0.073026605 -0.010441829 0.997253358
1413393892055760384.000000 0.225682527 -0.536800146 -0.454663873 0.007319109 -0.051049184 0.010121765 -0.998618066
1413393892105760512.000000 0.211402595 -0.560115397 -0.530225813 0.008455329 -0.032476347 0.010226603 -0.999384463
1413393892155760384.000000 0.193980411 -0.551006615 -0.593057573 -0.009807965 0.018121794 -0.009657988 0.999741077
1413393892205760512.000000 0.179557383 -0.566608608 -0.669987977 0.010668250 -0.008656089 0.010146363 -0.999854207
1413393892255760384.000000 0.164543703 -0.582417488 -0.746186495 0.012198962 -0.002874497 0.011550126 -0.999854743
1413393892305760512.000000 0.148396149 -0.598475754 -0.820508897 0.013175822 0.000196816 0.010970050 -0.999853015
1413393892355760384.000000 0.130527511 -0.614703059 -0.892523229 0.014234200 0.004392977 0.011089223 -0.999827564
1413393892405760512.000000 0.102116399 -0.630542755 -0.954778373 -0.015330011 -0.007940856 -0.010700055 0.999793708
1413393892455760384.000000 0.079182781 -0.647126794 -1.022080660 -0.016413612 -0.011124053 -0.010585088 0.999747455
1413393892505760512.000000 0.054105032 -0.663715422 -1.086376667 0.017706612 0.012549356 0.011404227 -0.999699473
1413393892555760384.000000 0.003592477 -0.690843761 -1.135776758 -0.019358046 -0.012180049 -0.009208786 0.999696016
1413393892605760512.000000 -0.025536729 -0.708526075 -1.195824862 -0.020122275 -0.016756775 -0.009158955 0.999615133
1413393892655760384.000000 -0.055962227 -0.726560950 -1.252259612 0.020937458 0.024191119 0.009278554 -0.999445081
1413393892705760512.000000 -0.089269675 -0.744020700 -1.305523157 -0.022298761 -0.034911830 -0.009731974 0.999094188
1413393892755760384.000000 -0.118437581 -0.762649894 -1.357652187 -0.022697603 -0.048703242 -0.009529962 0.998509943
1413393892805760512.000000 -0.147115469 -0.781511784 -1.406815648 0.023242369 0.063358232 0.010752568 -0.997662306
1413393892855760384.000000 -0.172424495 -0.800938785 -1.452253342 0.023973690 0.075849868 0.011044187 -0.996769905
1413393892905760512.000000 -0.196139842 -0.820044339 -1.492245555 -0.024102619 -0.087832958 -0.010778303 0.995785296
1413393892955760384.000000 -0.215577349 -0.840818226 -1.528364062 -0.023549870 -0.098387927 -0.011199288 0.994806409
1413393893005760512.000000 -0.232017115 -0.862229526 -1.560384274 0.023645461 0.106595747 0.012368999 -0.993944287
1413393893055760384.000000 -0.244598180 -0.884355068 -1.586237073 0.022874102 0.110878535 0.012922390 -0.993486702
1413393893105760512.000000 -0.253645718 -0.906876028 -1.606022239 0.022146245 0.112445787 0.013014038 -0.993325830
1413393893155760384.000000 -0.258510888 -0.929838002 -1.620047212 0.021120157 0.109039709 0.012618121 -0.993732989
1413393893205760512.000000 -0.259466082 -0.953090906 -1.628503084 0.020253330 0.102836497 0.014043380 -0.994392931
1413393893255760384.000000 -0.254300922 -0.974457502 -1.629681945 -0.019922903 -0.096425831 -0.013658971 0.995047033
1413393893305760512.000000 -0.248990864 -0.998385251 -1.627580404 -0.018917006 -0.090442240 -0.010285728 0.995668948
1413393893355760384.000000 -0.241074324 -1.022995234 -1.622250676 0.017385403 0.087123707 0.004611559 -0.996035159
1413393893405760512.000000 -0.230558932 -1.047148228 -1.611518979 0.016079944 0.082457379 -0.001404726 -0.996463895
1413393893455760384.000000 -0.218213663 -1.071001053 -1.596423268 0.014510149 0.079252705 -0.007128122 -0.996723533
1413393893505760512.000000 -0.204089656 -1.094432354 -1.577162027 0.012356127 0.077828526 -0.012110150 -0.996816695
1413393893555760384.000000 -0.186252519 -1.115232587 -1.552543640 -0.010810229 -0.075646035 0.016196731 0.996944547
1413393893605760512.000000 -0.168389142 -1.136489868 -1.525326014 -0.008972417 -0.073062792 0.020156253 0.997083247
1413393893655760384.000000 -0.149488255 -1.156372547 -1.494253993 -0.006871096 -0.073219091 0.024401017 0.996993721
1413393893705760512.000000 -0.128671244 -1.173444629 -1.459411621 -0.005247710 -0.072485887 0.028944738 0.996935606
1413393893755760384.000000 -0.105776705 -1.189658761 -1.420646787 -0.003828504 -0.068948567 0.032476939 0.997084141
1413393893805760512.000000 -0.081515506 -1.204525828 -1.380723000 -0.003485139 -0.064878419 0.033635896 0.997320056
1413393893855760384.000000 -0.054069821 -1.216517448 -1.335486174 -0.003926124 -0.055832919 0.034024563 0.997852504
1413393893905760512.000000 -0.024946194 -1.226612091 -1.288153052 -0.004134752 -0.045824885 0.031909246 0.998431206
1413393893955760384.000000 0.005123566 -1.234829187 -1.237635612 -0.004547356 -0.033755954 0.030009130 0.998969138
1413393894005760512.000000 0.035863351 -1.241209149 -1.185555100 0.005112782 0.025173862 -0.028860494 -0.999253392
1413393894055760384.000000 0.066677153 -1.246477604 -1.133937001 -0.004863468 -0.019362211 0.027151600 0.999431968
1413393894105760512.000000 0.098874003 -1.250244617 -1.079332829 -0.004821311 -0.015103642 0.026734771 0.999516845
1413393894155760384.000000 0.131442532 -1.252670765 -1.023917317 -0.004016722 -0.013523350 0.027481679 0.999522746
1413393894205760512.000000 0.159526646 -1.256283283 -0.975795031 -0.003333681 -0.012553102 0.028728211 0.999502957
1413393894255760384.000000 0.192978248 -1.255550385 -0.919324279 -0.003284929 -0.011856549 0.029563716 0.999487221
1413393894305760512.000000 0.225817099 -1.253255844 -0.861962020 -0.002719029 -0.011463308 0.031678617 0.999428689
1413393894355760384.000000 0.253379762 -1.249109507 -0.806246042 -0.002547153 -0.010727661 0.031988982 0.999427438
1413393894405760512.000000 0.279829532 -1.243525982 -0.745593786 -0.002888536 -0.010714932 0.030631695 0.999469161
1413393894455760384.000000 0.302002221 -1.236672759 -0.682677269 -0.003369864 -0.010165018 0.028391639 0.999539495
1413393894505760512.000000 0.315024585 -1.232814312 -0.623269200 -0.004304433 -0.008411739 0.026206868 0.999611914
1413393894555760384.000000 0.331693202 -1.223248363 -0.557188094 -0.005688204 -0.006272845 0.023179352 0.999695480
1413393894605760512.000000 0.346034825 -1.212449908 -0.489872307 -0.006760668 -0.005571637 0.020201379 0.999757528
1413393894655760384.000000 0.359604955 -1.199872017 -0.422564834 0.007664835 0.003112481 -0.017644411 -0.999810159
1413393894705760512.000000 0.367581159 -1.191758633 -0.359110683 -0.008579921 -0.001399207 0.015893569 0.999835968
1413393894755760384.000000 0.381642997 -1.178237081 -0.291552126 -0.008197384 -0.000156649 0.014144092 0.999866426
1413393894805760512.000000 0.396491110 -1.163682580 -0.224148929 -0.007347601 -0.000243277 0.014436608 0.999868810
1413393894855760384.000000 0.411734283 -1.148862720 -0.159127876 0.007034429 -0.001875051 -0.013934472 -0.999876499
1413393894905760512.000000 0.428610981 -1.133600354 -0.092980921 0.006453295 -0.004956213 -0.012601973 -0.999887526
1413393894955760384.000000 0.445925146 -1.118309736 -0.027785510 0.006117753 -0.009922127 -0.011136073 -0.999870121
1413393895005760512.000000 0.457983226 -1.106889486 0.027167518 -0.006125100 0.016166037 0.009817148 0.999802351
1413393895055760384.000000 0.475760967 -1.091169834 0.090793543 -0.005127598 0.021932365 0.009073385 0.999705195
1413393895105760512.000000 0.494388044 -1.074771762 0.153617710 -0.005040540 0.023554554 0.007376718 0.999682665
1413393895155760384.000000 0.511931539 -1.060336232 0.217954412 -0.005337728 0.022731170 0.006127845 0.999708593
1413393895205760512.000000 0.530472040 -1.043751001 0.276728988 -0.004660927 0.019413320 0.005821785 0.999783754
1413393895255760384.000000 0.549069285 -1.027204514 0.334410191 -0.004663162 0.017426539 0.005088841 0.999824345
1413393895305760512.000000 0.565163612 -1.011813998 0.394341558 -0.004397365 0.018634276 0.004904197 0.999804735
1413393895355760384.000000 0.580985963 -0.995569229 0.449996203 -0.004434853 0.020801798 0.004007138 0.999765754
1413393895405760512.000000 0.594311416 -0.979216158 0.505223811 -0.004414584 0.023949131 0.004107272 0.999695003
1413393895455760384.000000 0.603745222 -0.963052273 0.564641416 -0.005423812 0.025314568 0.003301959 0.999659419
1413393895505760512.000000 0.611608446 -0.946243942 0.617808282 -0.007425569 0.027128695 0.003941906 0.999596596
1413393895555760384.000000 0.618318737 -0.929191828 0.669994652 -0.011051088 0.026379714 0.005671271 0.999574900
1413393895605760512.000000 0.624839008 -0.911327839 0.727560461 -0.015487543 0.026228087 0.009160804 0.999494076
1413393895655760384.000000 0.632179379 -0.893946290 0.775394857 -0.022075148 0.025937103 0.009961209 0.999370158
1413393895705760512.000000 0.641011119 -0.876325607 0.821151972 -0.030344438 0.029874535 0.009992505 0.999043047
1413393895755760384.000000 0.650040627 -0.858334959 0.871390581 -0.039280102 0.031631164 0.012493927 0.998649359
1413393895805760512.000000 0.659509003 -0.840228379 0.914652526 -0.049730826 0.034973342 0.015492755 0.998029888
1413393895855760384.000000 0.669961274 -0.821689606 0.956406415 -0.062291820 0.036701072 0.018965660 0.997202694
1413393895905760512.000000 0.679895937 -0.803590655 1.000480056 -0.077413768 0.037409354 0.022099875 0.996051848
1413393895955760384.000000 0.689973474 -0.785357475 1.035974622 -0.092906803 0.037341136 0.028300446 0.994571805
1413393896005760512.000000 0.699743211 -0.767377913 1.069199324 -0.111085735 0.035029344 0.031454720 0.992695093
1413393896055760384.000000 0.708101094 -0.744778216 1.119218111 -0.130674422 0.034086701 0.036826663 0.990154624
1413393896105760512.000000 0.717287600 -0.727626085 1.149135113 -0.151767999 0.033722315 0.040954318 0.986991465
1413393896155760384.000000 0.726549089 -0.711477101 1.179114699 0.171852052 -0.034967080 -0.047090996 -0.983375192
1413393896205760512.000000 0.738369346 -0.695892572 1.215010405 -0.193112195 0.037070673 0.051542442 0.979120493
1413393896255760384.000000 0.748165071 -0.681437373 1.239851236 -0.214963317 0.043201420 0.055347063 0.974095047
1413393896305760512.000000 0.757837713 -0.668910503 1.263385415 0.236206397 -0.048082519 -0.059094254 -0.968711793
1413393896355760384.000000 0.767281830 -0.657714069 1.284078956 0.257427633 -0.053055268 -0.063951530 -0.962718248
1413393896405760512.000000 0.776566803 -0.645230055 1.317153454 -0.278240204 0.058829267 0.073083408 0.955918610
1413393896455760384.000000 0.786438167 -0.638328552 1.331567526 -0.296063334 0.064851008 0.087892637 0.948902369
1413393896505760512.000000 0.795783341 -0.633655429 1.342750907 -0.313609272 0.066324197 0.102956071 0.941621184
1413393896555760384.000000 0.804595113 -0.630877912 1.349334955 0.330990314 -0.065285042 -0.120735884 -0.933598459
1413393896605760512.000000 0.812625289 -0.628367305 1.353657365 0.348002106 -0.062197879 -0.136921510 -0.925353169
1413393896655760384.000000 0.820828497 -0.626071036 1.355693817 0.364251554 -0.058706913 -0.152104825 -0.916917920
1413393896705760512.000000 0.828704774 -0.623844445 1.355074048 0.379861683 -0.056223039 -0.168038920 -0.907913566
1413393896755760384.000000 0.839945197 -0.619846284 1.386512876 -0.395721793 0.053823855 0.184458852 0.898043573
1413393896805760512.000000 0.847205102 -0.616056323 1.380609751 -0.409800708 0.052527368 0.199964494 0.888435960
1413393896855760384.000000 0.853647113 -0.612399161 1.373233318 -0.423186153 0.049168762 0.216176197 0.878500879
1413393896905760512.000000 0.857877672 -0.599971235 1.363298655 0.436869025 -0.043191280 -0.232204407 -0.867963791
1413393896955760384.000000 0.861615300 -0.589394391 1.349623919 0.449545175 -0.033406232 -0.245237872 -0.858284056
1413393897005760512.000000 0.863433003 -0.576153755 1.333635211 0.461439729 -0.016649384 -0.254083127 -0.849845827
1413393897055760384.000000 0.863086224 -0.559413493 1.316238403 0.473525375 0.006150378 -0.256373107 -0.842620134
1413393897105760512.000000 0.862451077 -0.539913952 1.300651193 0.485690176 0.027576650 -0.250920355 -0.836889267
1413393897155760384.000000 0.860844195 -0.516287327 1.285448790 0.497592568 0.045124974 -0.239905208 -0.832352638
1413393897205760512.000000 0.855841458 -0.483374834 1.317091584 -0.513375282 -0.056690771 0.223426521 0.826627314
1413393897255760384.000000 0.855055213 -0.451570392 1.305002213 -0.525640666 -0.062515743 0.200980008 0.824257731
1413393897305760512.000000 0.856365561 -0.419533610 1.298784733 -0.536749899 -0.062327940 0.175827518 0.822860599
1413393897355760384.000000 0.858450413 -0.383350313 1.285928607 0.545172572 0.058043249 -0.156080186 -0.821618438
1413393897405760512.000000 0.868282199 -0.350448489 1.301032066 -0.549579382 -0.049033988 0.146776512 0.820984066
1413393897455760384.000000 0.872358978 -0.314216375 1.302327394 -0.550321877 -0.036899697 0.145897806 0.821278393
1413393897505760512.000000 0.877508163 -0.278633595 1.307317853 -0.549072504 -0.025092384 0.148388267 0.822113633
1413393897555760384.000000 0.884295702 -0.244412482 1.324048877 0.548118532 0.016381670 -0.151444346 -0.822412550
1413393897605760512.000000 0.890866876 -0.210315704 1.337040544 0.545438588 0.011095145 -0.157102346 -0.823220909
1413393897655760384.000000 0.898642600 -0.177001238 1.352072120 0.542609334 0.008270114 -0.161062315 -0.824357808
1413393897705760512.000000 0.907272100 -0.143946886 1.368487120 0.539970994 0.007649051 -0.164292902 -0.825457871
1413393897755760384.000000 0.917713523 -0.111191034 1.386544824 0.538468778 0.007958990 -0.165403098 -0.826214135
1413393897805760512.000000 0.940632403 -0.089507461 1.419949174 -0.538504899 -0.009423852 0.165145963 0.826226652
1413393897855760384.000000 0.953172266 -0.056977093 1.440089941 -0.539242029 -0.010504413 0.163457334 0.826068640
1413393897905760512.000000 0.966900945 -0.025165558 1.462086201 -0.541518390 -0.012341543 0.162333339 0.824774802
1413393897955760384.000000 0.981395721 0.010283947 1.483770728 0.546718538 0.015435660 -0.159811884 -0.821779013
1413393898005760512.000000 0.996862710 0.043132901 1.507112622 0.553786635 0.018046739 -0.156658918 -0.817589581
1413393898055760384.000000 1.013044834 0.075525999 1.531630278 0.563768864 0.020309377 -0.152369216 -0.811502278
1413393898105760512.000000 1.051454186 0.073668957 1.557156563 -0.575556397 -0.016932020 0.145819157 0.804478109
1413393898155760384.000000 1.071042418 0.103309512 1.584859610 -0.588063419 -0.005966770 0.140468806 0.796501279
1413393898205760512.000000 1.091875792 0.130565405 1.614279747 -0.600794613 0.009921134 0.137461022 0.787433803
1413393898255760384.000000 1.119207501 0.146244645 1.649621964 -0.612747729 0.029187873 0.133747473 0.778331459
1413393898305760512.000000 1.143715858 0.165513873 1.682985187 -0.621864617 0.049399149 0.131708279 0.770387590
1413393898355760384.000000 1.168519616 0.180679202 1.717489719 -0.628527820 0.072472811 0.132654965 0.762956917
1413393898405760512.000000 1.195344806 0.179480910 1.751568437 -0.633632958 0.096264653 0.132510558 0.756097496
1413393898455760384.000000 1.221229792 0.183815122 1.787020326 -0.636086881 0.121181905 0.133277357 0.750297070
1413393898505760512.000000 1.244708538 0.182258844 1.821778536 -0.636599720 0.139302775 0.138646141 0.745729804
1413393898555760384.000000 1.266193509 0.163108945 1.862879872 -0.631835103 0.144832104 0.157977119 0.744883478
1413393898605760512.000000 1.280305982 0.149645805 1.896329403 -0.626751959 0.133030221 0.181543425 0.746007323
1413393898655760384.000000 1.286424160 0.129753351 1.925333500 -0.620396256 0.116564028 0.208111525 0.747135162
1413393898705760512.000000 1.293436408 0.106535792 1.954184294 -0.614175200 0.094144240 0.233820945 0.747832477
1413393898755760384.000000 1.297145128 0.076259136 1.980803132 0.606965005 -0.068526268 -0.260561496 -0.747666717
1413393898805760512.000000 1.298076987 0.049114704 2.003132343 0.599332988 -0.039313760 -0.286463648 -0.746453643
1413393898855760384.000000 1.299017429 0.023482084 2.021668673 0.592264116 -0.010185530 -0.309777081 -0.743745685
1413393898905760512.000000 1.305922627 -0.008271933 2.046095848 0.586761296 0.013664200 -0.328513563 -0.740002334
1413393898955760384.000000 1.309373379 -0.023700953 2.056336641 0.583034873 0.037249606 -0.341520041 -0.736238420
1413393899005760512.000000 1.314399481 -0.031956434 2.062881470 0.581318974 0.059731252 -0.348448515 -0.732860267
1413393899055760384.000000 1.323119164 -0.032028437 2.070677757 0.584850430 0.077482805 -0.343601406 -0.730673969
1413393899105760512.000000 1.334796906 -0.020670176 2.071557999 0.592805624 0.086929172 -0.326631963 -0.730983198
1413393899155760384.000000 1.351358414 0.000504255 2.070976257 0.605689406 0.079898596 -0.298591077 -0.733212173
1413393899205760512.000000 1.373976350 0.020003080 2.073747873 -0.621581197 -0.057928253 0.263975680 0.735253751
1413393899255760384.000000 1.397079110 0.050984621 2.074360132 -0.635459065 -0.027083350 0.227856964 0.737251401
1413393899305760512.000000 1.421921372 0.082785845 2.076080561 -0.647179365 0.011287658 0.192681849 0.737499297
1413393899355760384.000000 1.448336959 0.108865499 2.079803944 -0.654964507 0.048216026 0.162363589 0.736433923
1413393899405760512.000000 1.472347140 0.135758281 2.084431648 -0.658908129 0.081358850 0.138680115 0.734839201
1413393899455760384.000000 1.495802641 0.156642318 2.089499474 -0.660507500 0.109724388 0.120742008 0.732879221
1413393899505760512.000000 1.523486853 0.160775661 2.095151901 -0.659008980 0.140903860 0.107589565 0.730943143
1413393899555760384.000000 1.546637535 0.165074348 2.100119114 -0.655602574 0.167157605 0.098314986 0.729779303
1413393899605760512.000000 1.567278385 0.159305692 2.103177071 0.650842845 -0.187145174 -0.096276909 -0.729459465
1413393899655760384.000000 1.584018946 0.144337058 2.105839014 0.643635094 -0.197235301 -0.104671679 -0.732035458
1413393899705760512.000000 1.596374393 0.110689402 2.109408855 -0.635210574 0.194983751 0.121912710 0.737310171
1413393899755760384.000000 1.604728222 0.077727556 2.108654022 -0.625293136 0.179055780 0.150909230 0.744428694
1413393899805760512.000000 1.607274175 0.031952143 2.097922564 -0.614572048 0.156648964 0.182098374 0.751400352
1413393899855760384.000000 1.609325528 -0.016674995 2.091280460 -0.602189541 0.130645961 0.218465984 0.756684959
1413393899905760512.000000 1.607859015 -0.067529202 2.081203222 -0.589124084 0.099238604 0.256238073 0.759885967
1413393899955760384.000000 1.603407621 -0.123703718 2.068091631 0.575704277 -0.063901976 -0.293991029 -0.760296226
1413393900005760512.000000 1.597386599 -0.176100492 2.049679041 0.565102398 -0.032620709 -0.324860632 -0.757668018
1413393900055760384.000000 1.587503314 -0.223552227 2.028379440 0.558604658 -0.006918038 -0.346871495 -0.753387868
1413393900105760512.000000 1.578861475 -0.265566826 2.001959085 0.555944562 0.014473770 -0.360746175 -0.748717844
1413393900155760384.000000 1.563276529 -0.304376602 1.981736302 -0.557959557 -0.033246223 0.365263879 0.744417965
1413393900205760512.000000 1.551176310 -0.330819130 1.949301004 -0.561348081 -0.051540740 0.364662021 0.741116464
1413393900255760384.000000 1.538131952 -0.348377943 1.914620876 -0.567694664 -0.068501577 0.355535567 0.739340842
1413393900305760512.000000 1.522848725 -0.358419180 1.879076838 0.576769710 0.082156993 -0.339048237 -0.738669991
1413393900355760384.000000 1.508998632 -0.358860254 1.843866348 0.587303102 0.089147657 -0.317837358 -0.738990664
1413393900405760512.000000 1.495678067 -0.351143122 1.810028672 0.599809885 0.085105687 -0.291849762 -0.740141094
1413393900455760384.000000 1.479963779 -0.337773800 1.776823878 0.612267256 0.074455969 -0.264978975 -0.741195917
1413393900505760512.000000 1.465214729 -0.320187449 1.748161316 0.623794615 0.056398515 -0.238213837 -0.742262542
1413393900555760384.000000 1.449575305 -0.299603701 1.722661614 0.634568512 0.033597771 -0.211036906 -0.742736459
1413393900605760512.000000 1.429957747 -0.287419319 1.697251678 0.644532502 0.003275819 -0.183284730 -0.742276132
1413393900655760384.000000 1.411032200 -0.268119574 1.677715540 0.651940823 -0.026941815 -0.158011496 -0.741134048
1413393900705760512.000000 1.389883399 -0.251775742 1.660644293 0.657107174 -0.057418678 -0.136723340 -0.739067018
1413393900755760384.000000 1.366207957 -0.241183519 1.643856168 0.659191847 -0.082591750 -0.122401059 -0.737334907
1413393900805760512.000000 1.341827989 -0.235869765 1.630525947 0.658973396 -0.102789640 -0.116279371 -0.735980630
1413393900855760384.000000 1.314237237 -0.242581606 1.617909670 -0.656185329 0.116519481 0.120263159 0.735785902
1413393900905760512.000000 1.288690090 -0.251476407 1.605249524 -0.651625812 0.119878359 0.132582039 0.737180412
1413393900955760384.000000 1.262553811 -0.267447114 1.592555165 -0.644506335 0.114809446 0.154350832 0.740004182
1413393901005760512.000000 1.236856103 -0.292195439 1.579185247 0.636500359 -0.105052702 -0.179879829 -0.742613316
1413393901055760384.000000 1.211798310 -0.319461584 1.563382626 0.627482653 -0.091753542 -0.206717312 -0.745060265
1413393901105760512.000000 1.186847806 -0.350292802 1.545133710 0.620828807 -0.067992799 -0.228775963 -0.746733010
1413393901155760384.000000 1.161877394 -0.386163473 1.525489330 0.614445746 -0.038361423 -0.250015348 -0.747313321
1413393901205760512.000000 1.138393998 -0.418029547 1.502531767 0.610232055 -0.006745998 -0.263374388 -0.747131348
1413393901255760384.000000 1.116746306 -0.447566748 1.477891803 0.607223809 0.020832010 -0.272172183 -0.746168673
1413393901305760512.000000 1.097148418 -0.477380157 1.452545404 -0.605179787 -0.043767959 0.278414339 0.744531572
1413393901355760384.000000 1.079736829 -0.498933792 1.427367687 -0.603929639 -0.060169131 0.282121629 0.743004739
1413393901405760512.000000 1.063649058 -0.515045643 1.402795196 -0.602575064 -0.073124401 0.285728097 0.741563022
1413393901455760384.000000 1.044745803 -0.522271991 1.376584053 -0.601762593 -0.083519019 0.289261013 0.739753008
1413393901505760512.000000 1.032093763 -0.526644468 1.354496241 -0.601838231 -0.092541002 0.289425641 0.738552511
1413393901555760384.000000 1.021152496 -0.524077058 1.333936810 -0.602339983 -0.100139380 0.287813991 0.737781644
1413393901605760512.000000 1.012616158 -0.513474703 1.312415242 -0.604424834 -0.104644917 0.281992137 0.737699568
1413393901655760384.000000 1.007810116 -0.496104717 1.295514464 -0.609794617 -0.103571631 0.267585039 0.738797486
1413393901705760512.000000 1.006600261 -0.472034574 1.281173706 -0.617259264 -0.094217017 0.247036561 0.741004109
1413393901755760384.000000 1.008368254 -0.442319036 1.266620874 -0.624822974 -0.080385432 0.226536006 0.742843211
1413393901805760512.000000 1.011881471 -0.409992099 1.258441567 -0.631116331 -0.060816899 0.209024310 0.744514823
1413393901855760384.000000 1.015016556 -0.375791907 1.253330827 0.635265470 0.043012284 -0.198947638 -0.744988322
1413393901905760512.000000 1.014513135 -0.339962840 1.245960593 -0.636341810 -0.029199127 0.196787566 0.745312810
1413393901955760384.000000 1.017624855 -0.304705501 1.246982574 -0.636795342 -0.022134438 0.198143691 0.744809330
1413393902005760512.000000 1.021705270 -0.269045591 1.250236630 -0.636839151 -0.018417794 0.200342581 0.744284570
1413393902055760384.000000 1.026501298 -0.232408643 1.255331874 0.636355281 0.016748166 -0.203134120 -0.743981242
1413393902105760512.000000 1.032871485 -0.195929527 1.262022257 0.636538804 0.016937543 -0.204609007 -0.743415594
1413393902155760384.000000 1.042505503 -0.160970569 1.265695453 -0.636983156 -0.016404189 0.203571230 0.743331850
1413393902205760512.000000 1.050787687 -0.124229550 1.275599241 -0.637322664 -0.017421426 0.203356504 0.743076384
1413393902255760384.000000 1.060320973 -0.087362528 1.287069798 -0.638117671 -0.017418580 0.202450931 0.742641270
1413393902305760512.000000 1.071395636 -0.050849676 1.299751520 0.638280332 0.018003197 -0.202298731 -0.742529035
1413393902355760384.000000 1.077473283 -0.011060357 1.311607599 -0.638506293 -0.018233776 0.201083764 0.742659092
1413393902405760512.000000 1.086558223 0.026939631 1.329086304 -0.639437914 -0.016752195 0.199267805 0.742381930
1413393902455760384.000000 1.094548225 0.064611077 1.348799109 -0.640378296 -0.014881389 0.196554989 0.742334366
1413393902505760512.000000 1.100414515 0.100266695 1.368726015 -0.641395867 -0.011641042 0.193516091 0.742312193
1413393902555760384.000000 1.108978748 0.136624932 1.392317414 -0.641787529 -0.010718853 0.192917421 0.742143393
1413393902605760512.000000 1.120145798 0.172465086 1.417235851 -0.641655207 -0.010523605 0.193480447 0.742114007
1413393902655760384.000000 1.130716562 0.208603382 1.441758156 -0.641514182 -0.011423200 0.194614649 0.741926014
1413393902705760512.000000 1.149309754 0.243996263 1.468366027 -0.641587615 -0.012081773 0.195439264 0.741635323
1413393902755760384.000000 1.171094418 0.278168440 1.495796084 -0.640951216 -0.012431512 0.197713286 0.741577089
1413393902805760512.000000 1.188850999 0.312523127 1.522262692 -0.638508499 -0.010497481 0.205310598 0.741649747
1413393902855760384.000000 1.216052055 0.346284151 1.551358819 -0.635011733 -0.007187279 0.216160178 0.741608620
1413393902905760512.000000 1.243906379 0.380589008 1.581362247 -0.629712641 -0.004774216 0.232198253 0.741298318
1413393902955760384.000000 1.269478798 0.416199088 1.609523296 -0.624612629 -0.003564548 0.247130916 0.740792036
1413393903005760512.000000 1.297393084 0.452944040 1.638855219 -0.620174766 -0.001609358 0.260235161 0.740039468
1413393903055760384.000000 1.325651050 0.491617560 1.666888952 -0.617349029 0.001269867 0.269418687 0.739115834
1413393903105760512.000000 1.353114367 0.531172276 1.690555453 0.617572606 -0.002458691 -0.269827515 -0.738776863
1413393903155760384.000000 1.382266521 0.574518442 1.715127707 0.620237887 -0.005805677 -0.263925254 -0.738657415
1413393903205760512.000000 1.410644531 0.619452596 1.738424301 0.623855591 -0.007413804 -0.256130934 -0.738340199
1413393903255760384.000000 1.437129259 0.663750291 1.759694338 -0.628414094 0.009381986 0.248508573 0.737055838
1413393903305760512.000000 1.463155270 0.710668564 1.780783892 -0.634014785 0.010733701 0.241975904 0.734409869
1413393903355760384.000000 1.486852050 0.758087158 1.801444292 -0.640770257 0.010119592 0.238427624 0.729700863
1413393903405760512.000000 1.506826878 0.804292917 1.821064949 -0.649262726 0.011516319 0.237543926 0.722425222
1413393903455760384.000000 1.522442341 0.851907253 1.842340946 -0.658548713 0.014176740 0.239891067 0.713137448
1413393903505760512.000000 1.532705069 0.899433851 1.864797711 -0.668371975 0.018689264 0.244469911 0.702256501
1413393903555760384.000000 1.538010836 0.942801714 1.888180137 -0.678762019 0.024541436 0.248974726 0.690428555
1413393903605760512.000000 1.541139960 0.988972187 1.911586285 -0.689286530 0.035066348 0.251509815 0.678525805
1413393903655760384.000000 1.543767214 1.033990264 1.934060454 -0.699706376 0.046290185 0.253007174 0.666525066
1413393903705760512.000000 1.553875685 1.081130981 1.964084387 0.709659040 -0.056050390 -0.257151753 -0.653540730
1413393903755760384.000000 1.555800915 1.124049306 1.983459234 0.718216002 -0.063984811 -0.259895802 -0.642281830
1413393903805760512.000000 1.557646751 1.165427089 2.001028299 0.724251509 -0.069084987 -0.265567362 -0.632582843
1413393903855760384.000000 1.560294628 1.203896284 2.017540455 0.727975190 -0.073986478 -0.273952186 -0.624122143
1413393903905760512.000000 1.562010765 1.241523027 2.030493975 0.730312467 -0.078563944 -0.282474667 -0.616992295
1413393903955760384.000000 1.564259887 1.277323723 2.040278196 0.732213795 -0.083056241 -0.289538324 -0.610845566
1413393904005760512.000000 1.570466161 1.310114145 2.048384666 0.734336257 -0.085854277 -0.294016749 -0.605750322
1413393904055760384.000000 1.571511149 1.341829300 2.051774740 0.735851049 -0.085502133 -0.297591656 -0.602205932
1413393904105760512.000000 1.569857121 1.371654034 2.052724838 0.738643408 -0.083671771 -0.296943486 -0.599357665
1413393904155760384.000000 1.568991065 1.403589725 2.056592464 0.741068423 -0.077651165 -0.296274364 -0.597502708
1413393904205760512.000000 1.561077237 1.430367470 2.054114819 0.742994249 -0.070650332 -0.295281529 -0.596470356
1413393904255760384.000000 1.552394867 1.455529928 2.049153805 0.744435310 -0.063512430 -0.294342339 -0.595940411
1413393904305760512.000000 1.550456285 1.478990078 2.042346239 0.746382952 -0.058454309 -0.291512549 -0.595412493
1413393904355760384.000000 1.547581196 1.501481771 2.029680252 0.747562945 -0.056447770 -0.289180875 -0.595262706
1413393904405760512.000000 1.547780991 1.522248507 2.013128042 0.748872340 -0.054961603 -0.288296372 -0.594184041
1413393904455760384.000000 1.554883242 1.542116404 1.995647669 0.751177669 -0.053866401 -0.287982404 -0.591520727
1413393904505760512.000000 1.562563419 1.562610149 1.970734835 0.754206657 -0.052764729 -0.287525803 -0.587977231
1413393904555760384.000000 1.572126269 1.581967831 1.942502499 0.759255350 -0.048902314 -0.285619110 -0.582719266
1413393904605760512.000000 1.580292940 1.602752924 1.916716814 0.765276074 -0.035591677 -0.285996556 -0.575579524
1413393904655760384.000000 1.586223602 1.620318174 1.886733532 0.770893335 -0.016096650 -0.288677931 -0.567564547
1413393904705760512.000000 1.589304209 1.637571573 1.857247829 0.775740862 0.001125799 -0.294808060 -0.557954431
1413393904755760384.000000 1.589504600 1.654141665 1.829372883 0.780969739 0.017243998 -0.301307470 -0.546811521
1413393904805760512.000000 1.588474274 1.673110247 1.801486015 0.786248446 0.028895441 -0.307181120 -0.535367489
1413393904855760384.000000 1.587525725 1.696583748 1.777208328 0.792811811 0.037357919 -0.310722142 -0.522977710
1413393904905760512.000000 1.584074497 1.720344782 1.750929594 0.800361216 0.040708572 -0.311276466 -0.510756135
1413393904955760384.000000 1.579875112 1.747056723 1.725080132 0.810403407 0.039416470 -0.305841297 -0.498150527
1413393905005760512.000000 1.574986219 1.776525974 1.700816751 0.821571231 0.033696536 -0.297958493 -0.484877467
1413393905055760384.000000 1.567709684 1.808345795 1.677722216 0.832265735 0.027996024 -0.290215731 -0.471513420
1413393905105760512.000000 1.557728887 1.841127157 1.657108307 0.841871321 0.022881700 -0.284837097 -0.457817584
1413393905155760384.000000 1.544539690 1.874411583 1.639383435 0.850675523 0.017365102 -0.281608313 -0.443560958
1413393905205760512.000000 1.528319240 1.908441305 1.624397159 0.858040273 0.010390959 -0.281472176 -0.429455906
1413393905255760384.000000 1.510086656 1.942646265 1.610808492 0.864889145 0.003688375 -0.282491475 -0.414911777
1413393905305760512.000000 1.495276809 1.984238386 1.604741812 0.871205509 -0.003907024 -0.284796834 -0.399845541
1413393905355760384.000000 1.477984905 2.019568682 1.595584989 0.876574576 -0.010083616 -0.288167238 -0.385324597
1413393905405760512.000000 1.461304307 2.053847075 1.588671565 0.881509602 -0.014142272 -0.291614026 -0.371082425
1413393905455760384.000000 1.446185350 2.088101625 1.581732869 0.886501729 -0.018157110 -0.294583619 -0.356378376
1413393905505760512.000000 1.432326674 2.121579409 1.575408936 0.890939057 -0.021063253 -0.298462331 -0.341620028
1413393905555760384.000000 1.419235468 2.154070377 1.569911957 0.894429803 -0.026800787 -0.304369926 -0.326551706
1413393905605760512.000000 1.406586051 2.185366392 1.564816713 0.897062600 -0.033739455 -0.312200904 -0.310919762
1413393905655760384.000000 1.394908428 2.215300798 1.559444308 0.899854898 -0.040813468 -0.318470806 -0.295248598
1413393905705760512.000000 1.384348154 2.243591785 1.553714514 0.902838647 -0.048462700 -0.323113710 -0.279519796
1413393905755760384.000000 1.375019431 2.269675255 1.546923637 0.906079769 -0.056806091 -0.326208889 -0.263401538
1413393905805760512.000000 1.372180700 2.295102596 1.538555861 0.908007503 -0.065317862 -0.331105173 -0.248244658
1413393905855760384.000000 1.363838196 2.316499949 1.529764891 0.908084154 -0.073890023 -0.339726210 -0.233473033
1413393905905760512.000000 1.355494022 2.335286140 1.519295216 0.907085955 -0.079855688 -0.350367248 -0.219228119
1413393905955760384.000000 1.346520662 2.352289915 1.508007526 0.905562460 -0.082680576 -0.361772120 -0.205527678
1413393906005760512.000000 1.339111567 2.365302086 1.492275596 0.905295789 -0.083167665 -0.369769871 -0.191814795
1413393906055760384.000000 1.332751513 2.375076056 1.472139835 0.906685948 -0.074387841 -0.374634266 -0.178987026
1413393906105760512.000000 1.326870561 2.381848812 1.448778391 0.910194874 -0.060239062 -0.374350667 -0.166667804
1413393906155760384.000000 1.320204139 2.386808634 1.423081279 0.915025353 -0.046393503 -0.369442880 -0.155203834
1413393906205760512.000000 1.311700583 2.390701056 1.396284580 0.921003103 -0.031754039 -0.360465109 -0.144256413
1413393906255760384.000000 1.301141381 2.394269943 1.369042277 0.927357793 -0.019833107 -0.348763078 -0.134083912
1413393906305760512.000000 1.284906387 2.402239799 1.338914156 0.932837009 -0.010055843 -0.337828308 -0.124843925
1413393906355760384.000000 1.268550158 2.407016039 1.312460661 0.936928332 -0.002827474 -0.329694748 -0.116011925
1413393906405760512.000000 1.249422312 2.412453890 1.287107825 0.939570785 0.000786026 -0.324865878 -0.108020142
1413393906455760384.000000 1.228684664 2.418304443 1.263448477 0.942157984 0.002779320 -0.319794863 -0.100308813
1413393906505760512.000000 1.204627872 2.424934626 1.243076324 0.943863332 0.002408700 -0.317205489 -0.092179619
1413393906555760384.000000 1.178048611 2.432572365 1.224337578 0.945303738 -0.000947669 -0.315030098 -0.084593669
1413393906605760512.000000 1.148862958 2.440494299 1.207962036 0.946216345 -0.007783201 -0.314213276 -0.076708786
1413393906655760384.000000 1.118258953 2.448433638 1.193760157 0.947000563 -0.017270721 -0.313390017 -0.068399034
1413393906705760512.000000 1.087415934 2.456369877 1.180912495 0.946827531 -0.031031789 -0.314265072 -0.061581325
1413393906755760384.000000 1.057965994 2.463385344 1.169046164 0.946535349 -0.045009006 -0.314476967 -0.056119122
1413393906805760512.000000 1.026293397 2.473721266 1.150756121 0.946957231 -0.056812614 -0.312054515 -0.051636484
1413393906855760384.000000 1.000157952 2.477200508 1.140342712 -0.947626531 0.062328927 0.309594661 0.047646843
1413393906905760512.000000 0.975291610 2.478643894 1.130866289 -0.948816597 0.064652830 0.305866390 0.044864804
1413393906955760384.000000 0.949615717 2.478173494 1.124786139 -0.950138927 0.064778827 0.302048534 0.042502459
1413393907005760512.000000 0.925932705 2.475192547 1.118397474 -0.951061308 0.062841564 0.299732864 0.041152988
1413393907055760384.000000 0.903271079 2.470029354 1.113652468 -0.951652765 0.052013800 0.300022364 0.040474176
1413393907105760512.000000 0.881328106 2.463249445 1.110648870 0.951819777 -0.040442463 -0.301342726 -0.039950591
1413393907155760384.000000 0.860387743 2.455280542 1.109042406 0.951371312 -0.029997470 -0.304012209 -0.039616756
1413393907205760512.000000 0.840614498 2.446689367 1.108382702 0.951072395 -0.017519625 -0.305985540 -0.039080419
1413393907255760384.000000 0.822453618 2.438239574 1.108491898 0.950655580 -0.000933592 -0.307813942 -0.038779277
1413393907305760512.000000 0.800812721 2.423571348 1.106214523 0.949661791 0.018957138 -0.310359836 -0.038208421
1413393907355760384.000000 0.785335362 2.417817354 1.107622504 0.948994696 0.037546396 -0.310766131 -0.037732869
1413393907405760512.000000 0.770884991 2.414654970 1.110207558 0.947611094 0.047189701 -0.313799858 -0.036553401
1413393907455760384.000000 0.756685257 2.415034771 1.114363551 0.946704030 0.043153539 -0.317153603 -0.036094498
1413393907505760512.000000 0.748319805 2.418944359 1.117861152 0.946295559 0.034035683 -0.319509596 -0.035776243
1413393907555760384.000000 0.744742751 2.425713778 1.119468927 0.946380615 0.016496170 -0.320699632 -0.035262842
1413393907605760512.000000 0.745725930 2.433878660 1.119712114 0.946819901 0.003867393 -0.319796622 -0.035317365
1413393907655760384.000000 0.746664405 2.442305326 1.120334029 0.946319818 -0.006217266 -0.321266830 -0.035040762
1413393907705760512.000000 0.746245325 2.450202703 1.121989012 0.945134759 -0.013471794 -0.324539363 -0.034828793
1413393907755760384.000000 0.742396057 2.457618237 1.124312639 0.944257557 -0.018048627 -0.326865256 -0.034800421
1413393907805760512.000000 0.704796016 2.481353283 1.118182898 0.944732010 -0.021266431 -0.325375497 -0.034059007
1413393907855760384.000000 0.691456914 2.488060236 1.124790668 0.945364892 -0.023794712 -0.323404193 -0.033598736
1413393907905760512.000000 0.673405588 2.494743109 1.133587360 0.946555197 -0.026240967 -0.319717556 -0.033547204
1413393907955760384.000000 0.653957307 2.502926826 1.143517971 0.947845042 -0.023589248 -0.316127867 -0.033113629
1413393908005760512.000000 0.629952848 2.508658886 1.156069756 0.948831677 -0.020004390 -0.313488573 -0.032298736
1413393908055760384.000000 0.607081056 2.514012814 1.169036388 0.949492276 -0.015002412 -0.311808378 -0.031857274
1413393908105760512.000000 0.585813463 2.519355536 1.183703303 0.948908925 -0.011272424 -0.313795596 -0.031258579
1413393908155760384.000000 0.565794230 2.527973175 1.198338032 0.947200537 -0.008667187 -0.319080800 -0.030391404
1413393908205760512.000000 0.550670445 2.533415318 1.213890553 0.946019828 -0.005656417 -0.322686255 -0.029802451
1413393908255760384.000000 0.539469242 2.539200544 1.228910208 0.945598722 -0.005003102 -0.323971897 -0.029330622
1413393908305760512.000000 0.530220270 2.544699430 1.244397044 0.947010159 -0.004356938 -0.319853276 -0.029100221
1413393908355760384.000000 0.524145365 2.550996304 1.259706140 0.949863493 -0.005825668 -0.311288446 -0.028722841
1413393908405760512.000000 0.518341303 2.557851076 1.276199102 0.950918853 -0.006619447 -0.308069587 -0.028332636
1413393908455760384.000000 0.513203382 2.565146923 1.293604374 0.950801373 -0.008295875 -0.308444649 -0.027746964
1413393908505760512.000000 0.508152664 2.572533846 1.312057376 0.949827075 -0.009468734 -0.311467797 -0.026958220
1413393908555760384.000000 0.507550716 2.583922386 1.327100515 0.948304355 -0.009157365 -0.316181868 -0.025770875
1413393908605760512.000000 0.504386842 2.591860771 1.346638799 0.946903169 -0.012516305 -0.320309371 -0.024892649
1413393908655760384.000000 0.501683354 2.599783659 1.366309285 0.945052028 -0.018074468 -0.325549871 -0.023818797
1413393908705760512.000000 0.496347249 2.606801987 1.388755202 -0.943468392 0.036498234 0.328658342 0.022782180
1413393908755760384.000000 0.494600952 2.613052368 1.409074068 -0.942627549 0.056137763 0.328366846 0.021844285
1413393908805760512.000000 0.495766163 2.616876364 1.428409815 -0.943200052 0.071847014 0.323704511 0.020665426
1413393908855760384.000000 0.502261877 2.616913557 1.445187569 -0.945675492 0.078633718 0.314856499 0.019496966
1413393908905760512.000000 0.513658524 2.613017321 1.461224437 -0.948783517 0.071610354 0.307152808 0.018412380
1413393908955760384.000000 0.527051806 2.606032610 1.475890756 -0.950236499 0.054935671 0.306134164 0.017740624
1413393909005760512.000000 0.542982996 2.596998930 1.490795374 -0.950039089 0.039380591 0.309172153 0.016957451
1413393909055760384.000000 0.559470952 2.590686798 1.510701060 0.949327588 -0.023728114 -0.313006341 -0.015532292
1413393909105760512.000000 0.578507662 2.580716372 1.526534438 -0.948207617 0.012264461 0.317098081 0.014169519
1413393909155760384.000000 0.598686457 2.570703030 1.542998552 -0.947349250 0.003972476 0.319930702 0.012570191
1413393909205760512.000000 0.621007204 2.558430672 1.558960557 0.946889043 0.001172082 -0.321376264 -0.010820822
1413393909255760384.000000 0.639959753 2.549332142 1.577058077 0.947169662 0.003806610 -0.320579231 -0.009173919
1413393909305760512.000000 0.656989098 2.541305542 1.596890092 0.947466910 0.006866869 -0.319694191 -0.007416785
1413393909355760384.000000 0.671354651 2.534520864 1.617758632 0.947548807 0.009205846 -0.319428742 -0.005650590
1413393909405760512.000000 0.683112621 2.528942108 1.640303493 0.947392225 0.010382510 -0.319884330 -0.003782126
1413393909455760384.000000 0.692153752 2.524715424 1.664764762 0.947058618 0.010391990 -0.320884883 -0.002212357
1413393909505760512.000000 0.699138522 2.521942377 1.690794230 0.946838677 0.009679562 -0.321562052 -0.000883881
1413393909555760384.000000 0.702828944 2.520141602 1.727446437 0.945875943 0.009320706 -0.324394286 0.000541778
1413393909605760512.000000 0.703999758 2.519590139 1.757483840 -0.943635881 -0.009097544 0.330853552 -0.002125692
1413393909655760384.000000 0.702351809 2.520203829 1.788370609 -0.940147042 -0.009165491 0.340622306 -0.004013880
1413393909705760512.000000 0.699625552 2.520416260 1.820870757 0.936226428 0.009258008 -0.351218820 0.006310391
1413393909755760384.000000 0.694279909 2.523050547 1.851778150 0.931874454 0.009625372 -0.362542897 0.008946197
1413393909805760512.000000 0.686883032 2.526974440 1.882152438 0.928421617 0.009032034 -0.371230155 0.011829237
1413393909855760384.000000 0.676990628 2.529630899 1.908691883 0.925174534 0.009241568 -0.379148543 0.014598982
1413393909905760512.000000 0.664834023 2.535604954 1.936236143 0.922033131 0.009153598 -0.386596531 0.017727839
1413393909955760384.000000 0.650313497 2.542767286 1.961911678 0.919670105 0.009249388 -0.392040759 0.020624271
1413393910005760512.000000 0.633954644 2.550953627 1.986816168 -0.917482734 -0.009398743 0.396979094 -0.023340156
1413393910055760384.000000 0.615901113 2.558289051 2.001037598 0.915172517 0.009153046 -0.402138978 0.025687460
1413393910105760512.000000 0.600799203 2.569437265 2.016922235 0.913450539 0.006933720 -0.405896485 0.028429680
1413393910155760384.000000 0.587892652 2.581569910 2.027089596 0.911476016 0.003925143 -0.410149843 0.031196149
1413393910205760512.000000 0.576567411 2.594720125 2.032384396 -0.910273433 -0.002208745 0.412662417 -0.033274192
1413393910255760384.000000 0.567782044 2.606558084 2.025580883 0.908665597 0.001416213 -0.416049272 0.035041839
1413393910305760512.000000 0.561603785 2.620679617 2.017515659 0.907350481 -0.000333300 -0.418737024 0.037073106
1413393910355760384.000000 0.556831479 2.635132790 2.002312899 0.904258609 -0.005139812 -0.425171196 0.038981330
1413393910405760512.000000 0.552837729 2.650249243 1.980812311 -0.900724113 0.013727886 0.432260364 -0.040726740
1413393910455760384.000000 0.550452709 2.664759636 1.953816533 -0.898470700 0.024251904 0.436350942 -0.041954249
1413393910505760512.000000 0.546867013 2.678404808 1.921220422 -0.896344364 0.032236837 0.440191895 -0.041937862
1413393910555760384.000000 0.535500884 2.688308239 1.880313396 0.895145476 -0.038202919 -0.442257971 0.040781781
1413393910605760512.000000 0.525514603 2.699042320 1.838580728 0.896292984 -0.041000102 -0.439861149 0.038731236
1413393910655760384.000000 0.511650801 2.707965136 1.792877436 0.899149537 -0.041793976 -0.434156626 0.035938010
1413393910705760512.000000 0.492756963 2.715010405 1.743228912 -0.902673125 0.045183800 0.426689208 -0.032801364
1413393910755760384.000000 0.470400929 2.720286131 1.691578031 0.906954944 -0.046805616 -0.417603046 0.029150812
1413393910805760512.000000 0.444502592 2.724550009 1.636856437 0.910697758 -0.045680325 -0.409786582 0.024859875
1413393910855760384.000000 0.415155172 2.727407932 1.579809308 0.914229691 -0.043354146 -0.402386963 0.019730464
1413393910905760512.000000 0.381887078 2.728657007 1.520347357 -0.918287814 0.040297002 0.393605083 -0.014096683
1413393910955760384.000000 0.346993029 2.730057955 1.459271073 0.923784912 -0.035731982 -0.381154001 0.008148140
1413393911005760512.000000 0.309970438 2.729559898 1.397296429 0.928697526 -0.032634981 -0.369395137 0.001751434
1413393911055760384.000000 0.270588219 2.728649378 1.335221887 0.932735562 -0.029986441 -0.359274894 -0.005179280
1413393911105760512.000000 0.230612814 2.727116108 1.272980452 -0.935844243 0.029142572 0.351004511 0.011926547
1413393911155760384.000000 0.190028548 2.725083828 1.210797548 -0.937641859 0.028465565 0.345952451 0.018285356
1413393911205760512.000000 0.149931669 2.721614599 1.147619963 0.939461827 -0.026462587 -0.340803623 -0.023751900
1413393911255760384.000000 0.109328806 2.718431473 1.085928679 -0.940436602 0.024708685 0.337914586 0.027969480
1413393911305760512.000000 0.068806231 2.714730501 1.024955988 -0.941597521 0.023601970 0.334453046 0.031276211
1413393911355760384.000000 0.030392528 2.710588694 0.963541508 -0.944795728 0.020737153 0.325300813 0.033324450
1413393911405760512.000000 -0.006421745 2.710064411 0.896823168 0.947854042 -0.016483122 -0.316467196 -0.033906881
1413393911455760384.000000 -0.041833669 2.705774784 0.838255882 0.951322556 -0.012982232 -0.306005180 -0.034319017
1413393911505760512.000000 -0.075548917 2.701772928 0.782291293 0.953645885 -0.009454538 -0.298852593 -0.034020413
1413393911555760384.000000 -0.105321139 2.699037075 0.721195102 0.954846978 -0.005668026 -0.295248985 -0.032608636
1413393911605760512.000000 -0.131004035 2.696336746 0.669547439 0.956285536 -0.003802378 -0.290731490 -0.031285737
1413393911655760384.000000 -0.150632903 2.694781303 0.618832111 0.958233297 -0.002525513 -0.284403920 -0.029950203
1413393911705760512.000000 -0.166656449 2.693952560 0.570492029 0.959053874 -0.000271259 -0.281865627 -0.027705049
1413393911755760384.000000 -0.181155458 2.693918228 0.512243330 0.957009852 -0.000105757 -0.288999557 -0.024729026
1413393911805760512.000000 -0.187676609 2.695397377 0.469328254 0.954113126 0.000907775 -0.298568666 -0.022892019
1413393911855760384.000000 -0.189930320 2.697744846 0.428455651 0.950192332 0.000696109 -0.310978323 -0.020654500
1413393911905760512.000000 -0.191965386 2.700930357 0.391974449 0.945252359 -0.008010586 -0.325735450 -0.018171813
1413393911955760384.000000 -0.190509677 2.704571486 0.340952665 0.939239144 -0.021462457 -0.342216581 -0.016035484
1413393912005760512.000000 -0.182492256 2.709272861 0.298637211 0.931659698 -0.033879638 -0.361489385 -0.013707996
1413393912055760384.000000 -0.170870811 2.713218212 0.253808260 0.923550069 -0.043926146 -0.380785942 -0.011311349
1413393912105760512.000000 -0.156410933 2.715812206 0.204932779 0.917159200 -0.050523277 -0.395202935 -0.009003436
1413393912155760384.000000 -0.150545239 2.715114594 0.147050068 0.911440909 -0.055085249 -0.407679409 -0.006218101
1413393912205760512.000000 -0.137097090 2.713854074 0.090742469 0.907079458 -0.057591353 -0.416983724 -0.003843495
1413393912255760384.000000 -0.124782354 2.710689783 0.030155510 0.904318690 -0.058066044 -0.422886819 -0.001683208
1413393912305760512.000000 -0.113663822 2.705539942 -0.035225600 0.902779818 -0.058673445 -0.426081896 0.000615564
1413393912355760384.000000 -0.109819397 2.698116779 -0.107320637 0.903633296 -0.058175284 -0.424328834 0.002753000
1413393912405760512.000000 -0.099873140 2.688639879 -0.183733493 0.907299459 -0.057778995 -0.416472584 0.004476183
1413393912455760384.000000 -0.090545766 2.677027464 -0.264794737 0.913279474 -0.056480363 -0.403351635 0.006177583
1413393912505760512.000000 -0.082615428 2.663769007 -0.348312229 -0.920302808 0.054228816 0.387368619 -0.006897296
1413393912555760384.000000 -0.083778188 2.649364233 -0.433054060 0.925939918 -0.053573512 -0.373783320 0.007166498
1413393912605760512.000000 -0.082344480 2.633203506 -0.517960966 0.930164635 -0.051978368 -0.363379002 0.006916065
1413393912655760384.000000 -0.083838694 2.616069317 -0.601883948 0.934040427 -0.048757583 -0.353775769 0.005826040
1413393912705760512.000000 -0.092940390 2.601024866 -0.680122435 0.937731147 -0.044763364 -0.344428957 0.005030846
1413393912755760384.000000 -0.100715891 2.582028627 -0.762617648 0.941067994 -0.040503304 -0.335760742 0.003903727
1413393912805760512.000000 -0.111441910 2.561920881 -0.844152033 0.943768263 -0.035619475 -0.328654706 0.004342323
1413393912855760384.000000 -0.128800750 2.543098927 -0.919069946 0.945883453 -0.030957960 -0.322954088 0.006844338
1413393912905760512.000000 -0.144988984 2.521338940 -0.996597826 0.947108150 -0.027263371 -0.319547564 0.011502782
1413393912955760384.000000 -0.163884372 2.498970509 -1.071514010 0.947450995 -0.025671810 -0.318349898 0.018190822
1413393913005760512.000000 -0.185522139 2.476198435 -1.145321131 -0.947489619 0.028894091 0.317303538 -0.027333530
1413393913055760384.000000 -0.208030462 2.452649117 -1.216762066 -0.947168171 0.034526996 0.316636205 -0.037709728
1413393913105760512.000000 -0.238076225 2.432492971 -1.273174644 0.947770417 -0.040557038 -0.312325567 0.050391350
1413393913155760384.000000 -0.262618423 2.406719923 -1.340600729 0.948503613 -0.048165575 -0.306420565 0.064245701
1413393913205760512.000000 -0.288622618 2.379827499 -1.405155420 0.948735058 -0.054999620 -0.301058501 0.078998074
1413393913255760384.000000 -0.315898240 2.351411343 -1.466578484 0.948022604 -0.063026726 -0.297094733 0.094949923
1413393913305760512.000000 -0.345215559 2.320524931 -1.524489164 -0.946457863 0.068751290 0.294881701 -0.111962862
1413393913355760384.000000 -0.375126362 2.288238525 -1.578971386 -0.943528891 0.072983645 0.295953244 -0.129762888
1413393913405760512.000000 -0.405146122 2.253713131 -1.630672336 -0.940572321 0.078736834 0.295191765 -0.148277223
1413393913455760384.000000 -0.432659924 2.228779554 -1.661026120 0.937762976 -0.084474340 -0.291688859 0.168470681
1413393913505760512.000000 -0.457972735 2.187926531 -1.708817244 0.935193598 -0.087366037 -0.286765009 0.188536510
1413393913555760384.000000 -0.480283409 2.143683434 -1.753570318 0.932857990 -0.086948365 -0.279815525 0.209569305
1413393913605760512.000000 -0.499300897 2.096216440 -1.796777487 0.930286050 -0.084100090 -0.272716463 0.230479479
1413393913655760384.000000 -0.518794656 2.057102680 -1.819198132 0.927817643 -0.079287983 -0.263568699 0.251792520
1413393913705760512.000000 -0.530297577 2.003823519 -1.856255770 -0.924346685 0.073341511 0.256717414 -0.272581190
1413393913755760384.000000 -0.538674533 1.949154615 -1.889437199 -0.920356929 0.068594314 0.249615297 -0.293138504
1413393913805760512.000000 -0.547556102 1.902034283 -1.905375004 0.915814519 -0.064577721 -0.242998987 0.313153535
1413393913855760384.000000 -0.549535811 1.845220804 -1.930141449 0.910326242 -0.060979195 -0.238595024 0.332656264
1413393913905760512.000000 -0.548873007 1.788081646 -1.950397611 0.904231906 -0.059867859 -0.234941229 0.351544052
1413393913955760384.000000 -0.545124292 1.732648611 -1.963476896 0.897813976 -0.055504881 -0.232315958 0.369971186
1413393914005760512.000000 -0.544839799 1.685937405 -1.960819840 0.891078889 -0.046047769 -0.229086220 0.389072567
1413393914055760384.000000 -0.535348594 1.629997015 -1.967212319 0.884130836 -0.035617605 -0.225317672 0.407769650
1413393914105760512.000000 -0.524059772 1.575336456 -1.969301581 0.875375748 -0.023189114 -0.225677446 0.426906675
1413393914155760384.000000 -0.512118042 1.524659634 -1.963566422 0.864786863 -0.011229692 -0.230362430 0.446039110
1413393914205760512.000000 -0.503610194 1.481990814 -1.949381232 0.851357400 -0.003626740 -0.242538214 0.465137333
1413393914255760384.000000 -0.489145398 1.434262753 -1.940571308 0.838160634 0.000719871 -0.252249807 0.483587027
1413393914305760512.000000 -0.473735690 1.388838530 -1.930365086 0.825126469 0.002599038 -0.260055929 0.501528144
1413393914355760384.000000 -0.456796408 1.346981287 -1.917228818 0.812886477 0.003518563 -0.264912993 0.518675506
1413393914405760512.000000 -0.438997805 1.305555582 -1.905467033 0.800891936 0.003108395 -0.268124759 0.535417259
1413393914455760384.000000 -0.424869061 1.272552848 -1.889023423 0.789728820 -0.001602793 -0.268244803 0.551697969
1413393914505760512.000000 -0.406701148 1.234075904 -1.877108812 0.779131055 -0.006385178 -0.267966896 0.566663802
1413393914555760384.000000 -0.387715250 1.196419239 -1.865307570 0.770142555 -0.010881453 -0.262896627 0.581074417
1413393914605760512.000000 -0.368450642 1.160589218 -1.850158334 0.761645198 -0.014569495 -0.257050186 0.594650805
1413393914655760384.000000 -0.348856568 1.124587774 -1.836670160 0.753255069 -0.017565524 -0.251670122 0.607421160
1413393914705760512.000000 -0.330173761 1.092431784 -1.825806379 0.744131088 -0.022384023 -0.245882630 0.620733142
1413393914755760384.000000 -0.310325652 1.057280302 -1.810394883 0.735421836 -0.029046046 -0.239163637 0.633333921
1413393914805760512.000000 -0.290447831 1.022522449 -1.793744326 0.725988805 -0.035214916 -0.234882250 0.645391822
1413393914855760384.000000 -0.270675272 0.987238526 -1.775187492 0.715823650 -0.040749308 -0.231896982 0.657388687
1413393914905760512.000000 -0.250071496 0.951935172 -1.755385876 0.705940604 -0.041495357 -0.233108401 0.667522728
1413393914955760384.000000 -0.228936523 0.916166782 -1.734339118 0.696168363 -0.039323062 -0.239061847 0.675760925
1413393915005760512.000000 -0.205790222 0.882694602 -1.719389200 0.686487257 -0.038193963 -0.247271806 0.682739496
1413393915055760384.000000 -0.184086502 0.845382869 -1.697071910 0.678884566 -0.036247976 -0.253883481 0.688000798
1413393915105760512.000000 -0.162419826 0.806874037 -1.674571395 0.672926426 -0.035240255 -0.259485781 0.691805899
1413393915155760384.000000 -0.140144706 0.768698871 -1.651492119 0.667855084 -0.034561645 -0.264443398 0.694870412
1413393915205760512.000000 -0.119192660 0.728027940 -1.629079342 0.664653838 -0.034183677 -0.267510146 0.696782053
1413393915255760384.000000 -0.098825812 0.683777630 -1.614944100 0.662158132 -0.032697622 -0.269744873 0.698366106
1413393915305760512.000000 -0.082051605 0.640067041 -1.592395544 0.662057519 -0.030850718 -0.270269334 0.698342800
1413393915355760384.000000 -0.067826807 0.594938338 -1.570076704 0.664492130 -0.024872746 -0.270940602 0.696004868
1413393915405760512.000000 -0.055747122 0.547053337 -1.548974156 0.668482780 -0.015302571 -0.272458106 0.691854894
1413393915455760384.000000 -0.044437528 0.499497175 -1.528402209 0.673581481 -0.001528279 -0.275098711 0.686007559
1413393915505760512.000000 -0.032309994 0.449788332 -1.517771244 0.678537488 0.010922768 -0.277039737 0.680232704
1413393915555760384.000000 -0.021954931 0.400602341 -1.500742912 0.683554113 0.018755628 -0.277981073 0.674632192
1413393915605760512.000000 -0.012283642 0.351768374 -1.485805511 0.689520478 0.022402257 -0.275731146 0.669352055
1413393915655760384.000000 -0.003099084 0.303374171 -1.472849131 0.694712937 0.022100706 -0.273219287 0.665008903
1413393915705760512.000000 0.005300600 0.253193736 -1.461014867 0.698536038 0.022991296 -0.272667736 0.661189198
1413393915755760384.000000 0.014266782 0.207059979 -1.459180474 0.701815009 0.024971955 -0.272780031 0.657588959
1413393915805760512.000000 0.021781132 0.160502434 -1.451835036 0.704189241 0.027799757 -0.274347097 0.654277027
1413393915855760384.000000 0.028459400 0.115075350 -1.445924044 0.705827415 0.029472968 -0.276930362 0.651343703
1413393915905760512.000000 0.033640966 0.069795609 -1.441344857 0.706984282 0.030079311 -0.279460877 0.648976207
1413393915955760384.000000 0.041359708 0.030084968 -1.446420193 0.708323717 0.031507012 -0.280423969 0.647029579
1413393916005760512.000000 0.046428710 -0.012916923 -1.447250128 0.709754050 0.035597276 -0.280997962 0.644997835
1413393916055760384.000000 0.050882116 -0.054829955 -1.450420141 0.710965157 0.038810089 -0.281408727 0.643297374
1413393916105760512.000000 0.054728672 -0.095434546 -1.456340790 0.711291552 0.043243945 -0.282229155 0.642293632
1413393916155760384.000000 0.058219105 -0.135014296 -1.464850903 0.711831093 0.047275055 -0.281780958 0.641608179
1413393916205760512.000000 0.063423723 -0.167259455 -1.480530858 0.711396575 0.050250206 -0.280209154 0.642551780
1413393916255760384.000000 0.065366954 -0.203661680 -1.494132280 0.711734593 0.046558317 -0.273022771 0.645542264
1413393916305760512.000000 0.065969467 -0.238735914 -1.509301424 0.710187614 0.041180424 -0.266074210 0.650493920
1413393916355760384.000000 0.067501158 -0.272971869 -1.527167797 0.706356287 0.033979181 -0.260150611 0.657440424
1413393916405760512.000000 0.069028422 -0.306883216 -1.546055317 0.700445235 0.026219951 -0.255433172 0.665915072
1413393916455760384.000000 0.071341008 -0.340098977 -1.566089869 0.692476451 0.020680264 -0.251550287 0.675848544
1413393916505760512.000000 0.074299991 -0.370844483 -1.586863756 0.683192849 0.015039540 -0.247013167 0.687026918
1413393916555760384.000000 0.075925723 -0.389523864 -1.606302023 0.671559095 0.011480583 -0.243732691 0.699622035
1413393916605760512.000000 0.077851951 -0.415824771 -1.626405120 0.657325983 0.007097206 -0.242477760 0.713496149
1413393916655760384.000000 0.080584660 -0.441950321 -1.647879601 0.642002165 0.001923412 -0.240793929 0.727906466
1413393916705760512.000000 0.086547896 -0.469657302 -1.672530532 0.624891996 -0.004038352 -0.238894865 0.743251681
1413393916755760384.000000 0.089833200 -0.494284987 -1.695497990 0.607425213 -0.008475183 -0.236056730 0.758445799
1413393916805760512.000000 0.092320085 -0.515999794 -1.715213299 0.590488076 -0.010320209 -0.230133116 0.773470223
1413393916855760384.000000 0.094535872 -0.540140390 -1.737594604 0.572979569 -0.008927389 -0.223141372 0.788557351
1413393916905760512.000000 0.096938722 -0.564279318 -1.760183334 0.556453824 -0.008750184 -0.213194892 0.803013444
1413393916955760384.000000 0.101820737 -0.589987874 -1.782721758 0.540327966 -0.009783516 -0.201270953 0.816970050
1413393917005760512.000000 0.104640961 -0.613094807 -1.805134416 0.525020182 -0.010340476 -0.184165820 0.830860913
1413393917055760384.000000 0.107836321 -0.635727882 -1.826997995 0.509431958 -0.011299832 -0.167336270 0.844008327
1413393917105760512.000000 0.115233332 -0.661605656 -1.848861694 0.493158013 -0.011799031 -0.152233884 0.856434941
1413393917155760384.000000 0.119735599 -0.682284057 -1.868641973 0.475718319 -0.010958985 -0.138982609 0.868479073
1413393917205760512.000000 0.125089556 -0.701407611 -1.887253165 0.457786173 -0.010802583 -0.127139822 0.879858315
1413393917255760384.000000 0.134713113 -0.726564884 -1.906341195 0.439944565 -0.013813918 -0.115787901 0.890421927
1413393917305760512.000000 0.140652478 -0.741530955 -1.921991944 0.420436382 -0.018272789 -0.109175459 0.900544405
1413393917355760384.000000 0.146493822 -0.754391849 -1.935902715 0.400274426 -0.023244394 -0.103199273 0.910269201
1413393917405760512.000000 0.152085394 -0.766605496 -1.947894812 0.379954040 -0.028042294 -0.094636977 0.919724107
1413393917455760384.000000 0.159986958 -0.784047723 -1.958521605 0.357803345 -0.032319136 -0.087523058 0.929124296
1413393917505760512.000000 0.161958992 -0.792149782 -1.964947581 0.335334361 -0.035353892 -0.080668189 0.937973201
1413393917555760384.000000 0.162238419 -0.798371673 -1.968859911 0.312349647 -0.039630096 -0.072095916 0.946398079
1413393917605760512.000000 0.165632159 -0.810099542 -1.970569491 0.286783814 -0.042024191 -0.067367494 0.954699278
1413393917655760384.000000 0.163610771 -0.814164758 -1.968478560 -0.260740042 0.043319248 0.064089268 -0.962304890
1413393917705760512.000000 0.160711616 -0.816953897 -1.963847637 -0.233956173 0.041269489 0.061358858 -0.969431043
1413393917755760384.000000 0.157427609 -0.819926143 -1.956848145 -0.207414567 0.035772651 0.057369839 -0.975914061
1413393917805760512.000000 0.160232157 -0.827943265 -1.948346376 0.181169614 -0.026377322 -0.052525554 0.981693923
1413393917855760384.000000 0.158237666 -0.828664005 -1.938600779 0.156356797 -0.017142247 -0.044144381 0.986564755
1413393917905760512.000000 0.156713799 -0.828685224 -1.928167939 0.132885054 -0.010632794 -0.032736517 0.990533650
1413393917955760384.000000 0.156148195 -0.828786492 -1.915483475 -0.109866187 0.007906703 0.021282442 -0.993687093
1413393918005760512.000000 0.162363097 -0.834060729 -1.906981468 0.087722346 -0.005471321 -0.008348067 0.996095002
1413393918055760384.000000 0.163082480 -0.831227958 -1.895055413 0.066009216 -0.004051275 0.004183857 0.997802079
1413393918105760512.000000 0.164448351 -0.827184319 -1.883316159 0.044599537 -0.003227559 0.016310316 0.998866558
1413393918155760384.000000 0.166158319 -0.822935522 -1.870191693 -0.023053972 0.004378212 -0.027562376 -0.999344647
1413393918205760512.000000 0.168296173 -0.816007316 -1.857686877 -0.002907525 0.006412915 -0.041505314 -0.999113560
1413393918255760384.000000 0.171024993 -0.807002485 -1.844580531 0.018521974 0.007764636 -0.051027104 -0.998495340
1413393918305760512.000000 0.174584478 -0.795648873 -1.831238389 0.039254550 0.008706345 -0.062529631 -0.997232854
1413393918355760384.000000 0.190067530 -0.788921952 -1.825004935 -0.060848780 -0.009325999 0.072852828 0.995441139
1413393918405760512.000000 0.195560157 -0.772512138 -1.811020136 -0.082448363 -0.009773527 0.082166068 0.993154347
1413393918455760384.000000 0.201762080 -0.753376603 -1.796926379 -0.104878217 -0.010484089 0.090847395 0.990271389
1413393918505760512.000000 0.209203392 -0.732999861 -1.781490564 0.127765864 0.010867065 -0.100261375 -0.986663878
1413393918555760384.000000 0.217188269 -0.708534718 -1.766443014 0.150814518 0.011104660 -0.110368766 -0.982318938
1413393918605760512.000000 0.232214749 -0.682734072 -1.760563374 -0.175585419 -0.008216362 0.119405769 0.977161467
1413393918655760384.000000 0.241390914 -0.652536333 -1.745464921 -0.201514184 -0.002973754 0.126066312 0.971334398
1413393918705760512.000000 0.250987083 -0.619460046 -1.730686426 -0.226978615 0.004013557 0.135760590 0.964382529
1413393918755760384.000000 0.259874552 -0.583959699 -1.716653228 -0.252557665 0.009393637 0.148184359 0.956121266
1413393918805760512.000000 0.270262539 -0.545410395 -1.703935027 0.278694719 -0.017570410 -0.161445662 -0.946549475
1413393918855760384.000000 0.283589035 -0.507014155 -1.701448202 -0.304716051 0.028232247 0.176446542 0.935530722
1413393918905760512.000000 0.292035103 -0.463811755 -1.692247152 -0.334437102 0.040506240 0.184608176 0.923271894
1413393918955760384.000000 0.299556017 -0.418766856 -1.685112596 -0.365383774 0.051082965 0.189377218 0.909956932
1413393919005760512.000000 0.305613518 -0.373038590 -1.682500243 0.397042364 -0.059306372 -0.191193059 -0.895703852
1413393919055760384.000000 0.315974712 -0.326207459 -1.688175201 -0.428576171 0.066460282 0.193366274 0.880065322
1413393919105760512.000000 0.320593178 -0.279249907 -1.690536499 -0.458794057 0.071279027 0.195236236 0.863892436
1413393919155760384.000000 0.323768944 -0.233050317 -1.695633054 -0.487037331 0.075479254 0.200057879 0.846802413
1413393919205760512.000000 0.328051329 -0.187041461 -1.705470085 0.513994455 -0.082249612 -0.204007313 -0.829111397
1413393919255760384.000000 0.331784904 -0.144235969 -1.720702767 -0.539679706 0.089489795 0.207454070 0.810987175
1413393919305760512.000000 0.333006322 -0.102399349 -1.735139608 -0.564480186 0.100362308 0.209550679 0.792071998
1413393919355760384.000000 0.331472874 -0.063382149 -1.751597047 -0.586733043 0.111328445 0.212078139 0.773545921
1413393919405760512.000000 0.326477408 -0.028502703 -1.772804141 -0.605779946 0.122970454 0.216233090 0.755746186
1413393919455760384.000000 0.317918777 0.002935529 -1.792833805 -0.620830476 0.130634531 0.224595070 0.739635885
1413393919505760512.000000 0.305959433 0.031402469 -1.815086961 -0.634007514 0.133825824 0.233667403 0.724930882
1413393919555760384.000000 0.291635007 0.055726528 -1.841124654 0.645565271 -0.135835320 -0.243542299 -0.710972190
1413393919605760512.000000 0.272923917 0.076651096 -1.868901014 0.656653285 -0.135661364 -0.251949221 -0.697799504
1413393919655760384.000000 0.244941682 0.099599481 -1.900533915 0.668084204 -0.135148391 -0.255732924 -0.685564816
1413393919705760512.000000 0.220887274 0.114646792 -1.933602333 0.678293824 -0.134069517 -0.255986065 -0.675584257
1413393919755760384.000000 0.195108414 0.126647711 -1.969681859 0.689611197 -0.130101383 -0.248618290 -0.667606950
1413393919805760512.000000 0.161691397 0.139539957 -2.008442163 0.700727224 -0.124246314 -0.236525908 -0.661513269
1413393919855760384.000000 0.131374240 0.144046307 -2.048302174 0.710946798 -0.116259903 -0.222835094 -0.656797469
1413393919905760512.000000 0.098240495 0.144241333 -2.088204622 0.718825340 -0.106736027 -0.211113319 -0.653703928
1413393919955760384.000000 0.055718243 0.146014929 -2.126633644 0.723985732 -0.095867485 -0.202991471 -0.652264178
1413393920005760512.000000 0.016489834 0.138116837 -2.164079428 0.726451933 -0.085120544 -0.200317100 -0.651839852
1413393920055760384.000000 -0.024406046 0.126759291 -2.200064182 0.727050424 -0.076838747 -0.200023308 -0.652291477
1413393920105760512.000000 -0.067204833 0.111173868 -2.233435869 0.726858258 -0.070981503 -0.200382158 -0.653058767
1413393920155760384.000000 -0.111336350 0.093221426 -2.265893936 0.725939393 -0.064997137 -0.201390475 -0.654392362
1413393920205760512.000000 -0.156842291 0.072393179 -2.296782017 0.724552035 -0.061139457 -0.202834353 -0.655854166
1413393920255760384.000000 -0.215450302 0.064705372 -2.330515623 0.723480284 -0.057966985 -0.203112617 -0.657237768
1413393920305760512.000000 -0.260765195 0.038365841 -2.359134436 0.721724510 -0.055530448 -0.204600215 -0.658914924
1413393920355760384.000000 -0.305375993 0.009403944 -2.387080669 0.720359266 -0.051765122 -0.205603585 -0.660401464
1413393920405760512.000000 -0.349424034 -0.021896124 -2.414143085 0.717862308 -0.045471255 -0.210575968 -0.662014961
1413393920455760384.000000 -0.392532945 -0.050012112 -2.438547373 0.714487374 -0.038120743 -0.217844591 -0.663775921
1413393920505760512.000000 -0.434029818 -0.083484411 -2.463881254 0.711502731 -0.030195592 -0.223628014 -0.665464282
1413393920555760384.000000 -0.485043108 -0.112874985 -2.493607759 0.708850145 -0.024789777 -0.228349358 -0.666913450
1413393920605760512.000000 -0.523428857 -0.147212982 -2.518073559 0.706714272 -0.019674981 -0.230708331 -0.668536961
1413393920655760384.000000 -0.560678422 -0.181477308 -2.541843176 0.704973340 -0.015819071 -0.232278630 -0.669932187
1413393920705760512.000000 -0.597101808 -0.215520859 -2.565166950 0.703868747 -0.012842785 -0.232516199 -0.671073854
1413393920755760384.000000 -0.633627057 -0.248094320 -2.588739395 0.702930629 -0.011326724 -0.231234908 -0.672525644
1413393920805760512.000000 -0.675554991 -0.280240297 -2.609866858 0.701752603 -0.010306893 -0.232130930 -0.673462927
1413393920855760384.000000 -0.709931970 -0.312976837 -2.630529165 0.701519549 -0.007575951 -0.230870917 -0.674174726
1413393920905760512.000000 -0.744256198 -0.345424175 -2.649921417 0.700341582 -0.001695034 -0.232630596 -0.674834728
1413393920955760384.000000 -0.778417170 -0.375979900 -2.668315172 0.698581398 0.004617331 -0.235158816 -0.675768554
1413393921005760512.000000 -0.815337241 -0.409088135 -2.685072660 0.696392834 0.012923734 -0.241234675 -0.675778031
1413393921055760384.000000 -0.848561466 -0.438347578 -2.700752497 0.693516672 0.022706091 -0.247618034 -0.676168919
1413393921105760512.000000 -0.880473316 -0.465625286 -2.715418100 0.690687418 0.031193199 -0.253722608 -0.676463366
1413393921155760384.000000 -0.910813451 -0.492035627 -2.729463577 0.689007521 0.036814541 -0.257744849 -0.676373363
1413393921205760512.000000 -0.939154148 -0.514418125 -2.742325783 0.688005745 0.043020010 -0.259603143 -0.676316261
1413393921255760384.000000 -0.969334126 -0.531486034 -2.751499414 0.687196732 0.046905618 -0.260769129 -0.676431835
1413393921305760512.000000 -0.994232297 -0.546928406 -2.761745691 0.686962247 0.048649631 -0.261819005 -0.676141262
1413393921355760384.000000 -1.017582297 -0.558845520 -2.770776987 0.685951650 0.048565406 -0.264092267 -0.676289141
1413393921405760512.000000 -1.039071798 -0.567284822 -2.777909517 0.686138153 0.045459885 -0.263994008 -0.676354170
1413393921455760384.000000 -1.057909966 -0.572063208 -2.784968138 0.687815964 0.038356382 -0.260906786 -0.676288128
1413393921505760512.000000 -1.074880838 -0.573741436 -2.791116476 0.690065920 0.029784787 -0.254685789 -0.676799119
1413393921555760384.000000 -1.090742588 -0.572962761 -2.796556473 0.692899466 0.019368941 -0.247544780 -0.676931858
1413393921605760512.000000 -1.106398821 -0.570576429 -2.800803423 0.696065307 0.012107559 -0.240373731 -0.676436961
1413393921655760384.000000 -1.122800589 -0.566992044 -2.803750277 0.697643280 0.006242104 -0.236642405 -0.676206589
1413393921705760512.000000 -1.141781569 -0.563353062 -2.804681540 0.699315429 0.002638081 -0.233507454 -0.675592601
1413393921755760384.000000 -1.166270614 -0.557941675 -2.804430008 0.700510919 -0.000558575 -0.231056675 -0.675201535
1413393921805760512.000000 -1.189595461 -0.553598881 -2.801398993 0.701907933 -0.003408749 -0.228141695 -0.674733341
1413393921855760384.000000 -1.214317679 -0.549075365 -2.796866655 0.703633070 -0.006822058 -0.224392757 -0.674167573
1413393921905760512.000000 -1.240572929 -0.545439243 -2.790053606 0.706169784 -0.013471797 -0.218811885 -0.673248947
1413393921955760384.000000 -1.266060829 -0.541593075 -2.782655478 0.708938837 -0.019599512 -0.211951002 -0.672382653
1413393922005760512.000000 -1.291356325 -0.538785696 -2.774343967 0.710562587 -0.024107223 -0.208348423 -0.671647787
1413393922055760384.000000 -1.317294121 -0.537363291 -2.764783382 0.710751891 -0.022276513 -0.210291103 -0.670904815
1413393922105760512.000000 -1.342795014 -0.536887646 -2.754201889 0.710288584 -0.018577004 -0.214238659 -0.670258880
1413393922155760384.000000 -1.371302247 -0.533514500 -2.743149996 0.708677769 -0.011286982 -0.221283257 -0.669837415
1413393922205760512.000000 -1.397711635 -0.534877539 -2.729860783 0.705319226 0.000307853 -0.234121650 -0.669112742
1413393922255760384.000000 -1.423740864 -0.536217451 -2.715838909 0.702420294 0.011559316 -0.245350957 -0.668038249
1413393922305760512.000000 -1.449422479 -0.536079168 -2.701375008 0.698630333 0.021770652 -0.258212179 -0.666909516
1413393922355760384.000000 -1.473253727 -0.535934687 -2.686275721 0.695084512 0.030985814 -0.269484520 -0.665789485
1413393922405760512.000000 -1.496162772 -0.531766415 -2.670945883 0.692315102 0.037930060 -0.278693646 -0.664523184
1413393922455760384.000000 -1.518211961 -0.518734694 -2.654115200 0.689680099 0.037701536 -0.288282275 -0.663184226
1413393922505760512.000000 -1.537949443 -0.506618738 -2.639164448 0.688032985 0.030756388 -0.294699460 -0.662432551
1413393922555760384.000000 -1.555940270 -0.489974499 -2.625370502 0.688037574 0.018565435 -0.297435790 -0.661658287
1413393922605760512.000000 -1.573779702 -0.470461130 -2.612913370 0.688686132 0.003599087 -0.297729135 -0.661102057
1413393922655760384.000000 -1.590611339 -0.447514534 -2.602052212 0.688873529 -0.008770503 -0.297939897 -0.660763443
1413393922705760512.000000 -1.605443239 -0.422125816 -2.591979265 0.689884007 -0.018368868 -0.296153873 -0.660314798
1413393922755760384.000000 -1.622305989 -0.394608498 -2.585336208 0.689626634 -0.023640642 -0.295491159 -0.660712659
1413393922805760512.000000 -1.639292121 -0.365345001 -2.581102371 0.689653218 -0.024308736 -0.294560730 -0.661076069
1413393922855760384.000000 -1.656334639 -0.334295988 -2.579977512 0.689723611 -0.018105572 -0.293951482 -0.661472738
1413393922905760512.000000 -1.670511723 -0.302290440 -2.579509020 0.689471006 -0.009754710 -0.294323206 -0.661746502
1413393922955760384.000000 -1.683971167 -0.267776012 -2.582920313 0.689950943 0.001563309 -0.292660683 -0.662053585
1413393923005760512.000000 -1.694358706 -0.231398582 -2.588933468 0.691337883 0.015525215 -0.289334506 -0.661888599
1413393923055760384.000000 -1.700884342 -0.193147421 -2.596941948 0.692967534 0.027355861 -0.285792142 -0.661339998
1413393923105760512.000000 -1.705083728 -0.150779724 -2.606126547 0.694106758 0.035001554 -0.283713192 -0.660679579
1413393923155760384.000000 -1.705907583 -0.104717970 -2.615378857 0.694707036 0.041582253 -0.282735586 -0.660086155
1413393923205760512.000000 -1.703356385 -0.056048870 -2.625969410 0.695601344 0.044838931 -0.281739205 -0.659356833
1413393923255760384.000000 -1.697024107 -0.001764536 -2.635271072 0.696872771 0.044834204 -0.279944271 -0.658778846
1413393923305760512.000000 -1.691885114 0.054826498 -2.644609928 0.697218120 0.037705168 -0.280631393 -0.658567667
1413393923355760384.000000 -1.686030626 0.114961147 -2.653427124 0.695852339 0.023740042 -0.283555925 -0.659410357
1413393923405760512.000000 -1.682536483 0.177062511 -2.662456036 0.691677630 0.007156978 -0.289209723 -0.661731541
1413393923455760384.000000 -1.676004767 0.242131948 -2.671564579 0.685390711 -0.009262426 -0.292236656 -0.666896939
1413393923505760512.000000 -1.669524908 0.308919907 -2.682065487 0.677763224 -0.024236653 -0.292131692 -0.674320936
1413393923555760384.000000 -1.665192604 0.375654936 -2.694431305 0.668763697 -0.036516290 -0.288204670 -0.684368134
1413393923605760512.000000 -1.658948421 0.444025755 -2.708761215 0.657222271 -0.043911833 -0.283127606 -0.697115123
1413393923655760384.000000 -1.653045893 0.512736082 -2.725678444 0.645968199 -0.043404266 -0.272782832 -0.711639464
1413393923705760512.000000 -1.650070906 0.580286264 -2.744270802 0.633999169 -0.038462203 -0.259677917 -0.727415442
1413393923755760384.000000 -1.645753145 0.648250341 -2.765060425 0.620113194 -0.027730059 -0.247050419 -0.744081199
1413393923805760512.000000 -1.642758012 0.716276884 -2.786538839 0.604379833 -0.017658629 -0.236511543 -0.760575712
1413393923855760384.000000 -1.641917944 0.785224438 -2.807776928 -0.587821364 0.009740391 0.226469785 0.776583970
1413393923905760512.000000 -1.639268756 0.853086710 -2.830857277 -0.570674300 0.002845270 0.216865197 0.792017877
1413393923955760384.000000 -1.636939764 0.920677185 -2.854169846 -0.552679777 -0.001887129 0.209362730 0.806665242
1413393924005760512.000000 -1.635890484 0.990111351 -2.876131058 -0.534704566 -0.007185923 0.203278512 0.820193470
1413393924055760384.000000 -1.634210229 1.058427811 -2.899545670 -0.517618597 -0.011952283 0.196970820 0.832544744
1413393924105760512.000000 -1.632256866 1.127680779 -2.922476292 -0.501796067 -0.018816127 0.187922522 0.844116032
1413393924155760384.000000 -1.629616261 1.200192809 -2.941843033 -0.488693953 -0.026640736 0.173971161 0.854518950
1413393924205760512.000000 -1.625755548 1.271081448 -2.962705851 -0.477298558 -0.034117796 0.155250654 0.864244998
1413393924255760384.000000 -1.620566249 1.341961622 -2.981647253 -0.467235953 -0.040762227 0.132463887 0.873202384
1413393924305760512.000000 -1.614090562 1.414823174 -2.994436264 -0.458166182 -0.046810180 0.111679457 0.880579531
1413393924355760384.000000 -1.606735587 1.484072208 -3.007780552 -0.450376362 -0.053216927 0.091640115 0.886527598
1413393924405760512.000000 -1.597431183 1.551601768 -3.017613649 -0.444348723 -0.058805801 0.072182924 0.891002715
1413393924455760384.000000 -1.584768295 1.618105412 -3.019489527 -0.440395087 -0.065158255 0.053895812 0.893813133
1413393924505760512.000000 -1.570303679 1.680299044 -3.019993544 -0.437203705 -0.068798900 0.038387321 0.895905197
1413393924555760384.000000 -1.552884340 1.737960219 -3.015839577 -0.434644759 -0.070550136 0.025038131 0.897485256
1413393924605760512.000000 -1.532689452 1.797970414 -2.999886513 -0.433600962 -0.067211583 0.011085164 0.898526609
1413393924655760384.000000 -1.508203506 1.845258117 -2.984905243 -0.433715999 -0.062902719 -0.001955940 0.898849189
1413393924705760512.000000 -1.478680134 1.886360168 -2.963711262 -0.434736669 -0.056711793 -0.014799965 0.898648381
1413393924755760384.000000 -1.444129944 1.925841928 -2.931178093 -0.436422080 -0.049345452 -0.024274088 0.898059964
1413393924805760512.000000 -1.403282285 1.951793075 -2.899138927 -0.438891590 -0.044914931 -0.028532008 0.896963120
1413393924855760384.000000 -1.356968403 1.969569802 -2.861721754 -0.439152837 -0.039314650 -0.020363685 0.897320688
1413393924905760512.000000 -1.303855300 1.980876565 -2.816958904 0.437601566 0.034502480 0.002492695 -0.898503304
1413393924955760384.000000 -1.250028610 1.992140055 -2.765495539 -0.431769818 -0.029984405 0.024514863 0.901151955
1413393925005760512.000000 -1.185804009 1.988839984 -2.714529991 -0.424577296 -0.024795454 0.050668366 0.903632700
1413393925055760384.000000 -1.116838694 1.980826855 -2.661263466 -0.416500330 -0.020672854 0.073804170 0.905899107
1413393925105760512.000000 -1.046330929 1.973361969 -2.605256319 -0.407001883 -0.017132234 0.094131529 0.908402622
1413393925155760384.000000 -0.970688462 1.961249471 -2.547506094 -0.395009995 -0.014577881 0.113664158 0.911501646
1413393925205760512.000000 -0.893939078 1.948403835 -2.488072634 -0.379672557 -0.013131204 0.133837193 0.915294468
1413393925255760384.000000 -0.827056110 1.946544528 -2.427197933 -0.362820596 -0.013661069 0.150219291 0.919569910
1413393925305760512.000000 -0.749268174 1.935744524 -2.366790295 -0.346373856 -0.014094316 0.161676183 0.923951983
1413393925355760384.000000 -0.676472545 1.933056831 -2.306127310 -0.333001226 -0.015741995 0.164851606 0.928270578
1413393925405760512.000000 -0.597682953 1.928920507 -2.246685743 -0.324108601 -0.016677672 0.160154924 0.932215571
1413393925455760384.000000 -0.518466055 1.927815676 -2.187724352 -0.317046762 -0.014668819 0.154495746 0.935626686
1413393925505760512.000000 -0.447901487 1.936009645 -2.129003763 -0.312117457 -0.012190416 0.146743089 0.938563108
1413393925555760384.000000 -0.370068341 1.940274358 -2.070509195 -0.307514608 -0.010201787 0.141106576 0.940967441
1413393925605760512.000000 -0.293946058 1.946875811 -2.011461258 -0.303073198 -0.007498001 0.138392001 0.942835152
1413393925655760384.000000 -0.229241565 1.961403370 -1.950918674 -0.299631596 -0.005499184 0.135032296 0.944434762
1413393925705760512.000000 -0.162541613 1.972349167 -1.887803912 -0.297193646 -0.005064334 0.131386369 0.945720911
1413393925755760384.000000 -0.102677986 1.984877229 -1.822295189 -0.296023130 -0.003724599 0.127349362 0.946645975
1413393925805760512.000000 -0.051508550 2.000736237 -1.753299594 0.294856697 0.001375783 -0.124014355 -0.947458744
1413393925855760384.000000 -0.016271586 2.019132137 -1.685670733 -0.294593424 0.001606314 0.121022403 0.947927058
1413393925905760512.000000 0.023441944 2.035831213 -1.613672495 -0.295103341 0.005963287 0.116590954 0.948306441
1413393925955760384.000000 0.058244172 2.053313494 -1.540344715 -0.295338392 0.013362222 0.113211162 0.948567331
1413393926005760512.000000 0.082836911 2.072208643 -1.468281984 -0.296228081 0.022095062 0.109548502 0.948556781
1413393926055760384.000000 0.110060699 2.090725422 -1.394313097 -0.296627820 0.033971027 0.107538380 0.948310852
1413393926105760512.000000 0.136010289 2.109051943 -1.321895480 -0.296655774 0.045230318 0.106554016 0.947942972
1413393926155760384.000000 0.154177696 2.127397537 -1.255246401 -0.296312541 0.052922122 0.106807195 0.947623551
1413393926205760512.000000 0.178038716 2.144900560 -1.187858224 -0.295883298 0.056847729 0.108858272 0.947296917
1413393926255760384.000000 0.201288939 2.162060261 -1.123311162 -0.295708597 0.057549540 0.111275628 0.947028160
1413393926305760512.000000 0.222147673 2.178555250 -1.062365770 -0.295263290 0.054903053 0.114859872 0.946896255
1413393926355760384.000000 0.244368345 2.195252657 -1.003013015 -0.294618666 0.049439996 0.118596911 0.946937382
1413393926405760512.000000 0.266657650 2.211921215 -0.946244657 -0.293255061 0.042534828 0.120097980 0.947506666
1413393926455760384.000000 0.288606942 2.228551388 -0.892420709 0.291259319 -0.040239684 -0.118972927 -0.948364019
1413393926505760512.000000 0.309226990 2.244051456 -0.844393313 -0.288413674 0.042081937 0.116168007 0.949500740
1413393926555760384.000000 0.326877892 2.260806561 -0.792439640 -0.285211086 0.045312505 0.110459104 0.950999618
1413393926605760512.000000 0.340111613 2.277728558 -0.740390539 -0.280977607 0.049067076 0.103838108 0.952817798
1413393926655760384.000000 0.349991053 2.294297695 -0.688348889 0.275134057 -0.050956007 -0.097752422 -0.955065012
1413393926705760512.000000 0.357738733 2.310887337 -0.639839292 -0.268451422 0.050848935 0.090405576 0.957692623
1413393926755760384.000000 0.367679864 2.326420307 -0.592070937 -0.259618223 0.049727008 0.085779391 0.960607886
1413393926805760512.000000 0.379452229 2.340820551 -0.547532380 -0.249995872 0.047611337 0.081682175 0.963619947
1413393926855760384.000000 0.396783888 2.352052927 -0.512332082 -0.238943681 0.044159550 0.077951677 0.966891706
1413393926905760512.000000 0.414038360 2.364763975 -0.474201679 -0.227180466 0.037379637 0.075315960 0.970216155
1413393926955760384.000000 0.434039325 2.376652718 -0.439014226 -0.214684933 0.030255377 0.074270092 0.973385334
1413393927005760512.000000 0.455621660 2.387623549 -0.408062100 0.203223825 -0.020715887 -0.073507287 -0.976149440
1413393927055760384.000000 0.484530181 2.398973465 -0.381219089 -0.192299590 0.010903084 0.076274104 0.978306890
1413393927105760512.000000 0.512456834 2.411554575 -0.352990717 -0.182276711 0.004123366 0.079833001 0.979992330
1413393927155760384.000000 0.541542649 2.425127983 -0.325244695 -0.172430843 -0.000145673 0.085827924 0.981275320
1413393927205760512.000000 0.571216106 2.440534592 -0.298015386 -0.164178297 -0.002509206 0.091537602 0.982171118
1413393927255760384.000000 0.605128706 2.449084997 -0.270408720 -0.157474771 -0.007274043 0.098299667 0.982591450
1413393927305760512.000000 0.634622872 2.469246149 -0.242933750 -0.150873020 -0.014695711 0.101629019 0.983205438
1413393927355760384.000000 0.664857209 2.491995573 -0.214883700 -0.145623028 -0.023084573 0.098918453 0.984111905
1413393927405760512.000000 0.697182178 2.517820120 -0.187260658 0.142122254 0.029394913 -0.090843730 -0.985233366
1413393927455760384.000000 0.735759795 2.541277170 -0.161849141 -0.140695229 -0.031132275 0.075443074 0.986683309
1413393927505760512.000000 0.771143913 2.571120501 -0.131316558 -0.140433952 -0.029430820 0.057714589 0.987968266
1413393927555760384.000000 0.807659149 2.601517677 -0.099252559 -0.140157551 -0.027732344 0.040335119 0.988918543
1413393927605760512.000000 0.845507443 2.631443262 -0.065639928 -0.138478294 -0.025528425 0.022350667 0.989784062
1413393927655760384.000000 0.887581110 2.656534910 -0.032020453 -0.135893077 -0.021971397 0.004666189 0.990468919
1413393927705760512.000000 0.928285062 2.683182716 0.004329806 -0.132040620 -0.015357037 -0.012683839 0.991044164
1413393927755760384.000000 0.970466614 2.707187176 0.041656587 -0.129274860 -0.007777156 -0.030592719 0.991106331
1413393927805760512.000000 1.017473936 2.723661900 0.073431909 -0.127539456 0.000403996 -0.046432070 0.990746021
1413393927855760384.000000 1.061739564 2.739834070 0.111657284 -0.125201121 0.007875052 -0.057302561 0.990443945
1413393927905760512.000000 1.106421471 2.751321793 0.150076151 -0.121931106 0.014051888 -0.061907627 0.990506351
1413393927955760384.000000 1.151316285 2.756438494 0.186415642 -0.119960412 0.018287579 -0.065489642 0.990447462
1413393928005760512.000000 1.194553494 2.758720398 0.225048572 -0.118545704 0.022249280 -0.067665756 0.990390480
1413393928055760384.000000 1.235316634 2.756678343 0.263984740 -0.118121371 0.024546904 -0.070550494 0.990185559
1413393928105760512.000000 1.273407578 2.748825312 0.299989551 -0.118279479 0.027354751 -0.072644390 0.989941657
1413393928155760384.000000 1.309751749 2.737443686 0.338814199 -0.118213505 0.029543143 -0.073561721 0.989818931
1413393928205760512.000000 1.343754411 2.721533775 0.377584159 -0.118641466 0.029810764 -0.073527366 0.989762247
1413393928255760384.000000 1.379236341 2.697293520 0.412827164 -0.117911592 0.027837662 -0.068153270 0.990291476
1413393928305760512.000000 1.407360911 2.672592878 0.451834977 -0.114175037 0.024895206 -0.054906406 0.991629839
1413393928355760384.000000 1.433872461 2.644021749 0.490569443 -0.108315915 0.025954757 -0.036713116 0.993099332
1413393928405760512.000000 1.459228039 2.611787319 0.526963711 -0.102855027 0.029674541 -0.019206334 0.994068086
1413393928455760384.000000 1.479758382 2.578091860 0.564646184 -0.098106995 0.032770213 -0.003148256 0.994631171
1413393928505760512.000000 1.497361660 2.543418884 0.601761281 0.094299011 -0.037244562 -0.010350316 -0.994793177
1413393928555760384.000000 1.516140938 2.507658482 0.638862014 -0.092030868 0.043705080 0.020222971 0.994590998
1413393928605760512.000000 1.530734301 2.472430706 0.674132645 0.090809613 -0.053912226 -0.026355276 -0.994058669
1413393928655760384.000000 1.547031999 2.437455654 0.709830344 -0.090447433 0.062068541 0.031426083 0.993468285
1413393928705760512.000000 1.559679627 2.402686119 0.740264297 -0.091770418 0.066117786 0.032110464 0.993063748
1413393928755760384.000000 1.573180676 2.367649078 0.768401444 -0.093731180 0.067019746 0.032074984 0.992821276
1413393928805760512.000000 1.585085511 2.333421946 0.792586505 -0.098599732 0.066933133 0.025751475 0.992539644
1413393928855760384.000000 1.596930861 2.298490047 0.814274490 -0.103397518 0.065450266 0.019733701 0.992288232
1413393928905760512.000000 1.608053327 2.263924360 0.832998097 0.110034712 -0.064779133 -0.011478541 -0.991748095
1413393928955760384.000000 1.619103670 2.228673220 0.849379718 -0.118649267 0.063245535 0.003960003 0.990912080
1413393929005760512.000000 1.628841877 2.192820787 0.862406194 0.128726915 -0.061041418 0.001395881 -0.989798725
1413393929055760384.000000 1.643701673 2.149642706 0.873541951 -0.139296025 0.058132894 -0.002108132 0.988540769
1413393929105760512.000000 1.652952075 2.110579967 0.882179737 -0.151423380 0.055986073 -0.002526355 0.986879051
1413393929155760384.000000 1.662498355 2.069062471 0.888378620 -0.163885668 0.054589484 -0.001185772 0.984967053
1413393929205760512.000000 1.671082139 2.026230812 0.892701507 0.177297160 -0.050553277 -0.002157160 -0.982855797
1413393929255760384.000000 1.679782748 1.979990363 0.894531965 -0.191344991 0.046435550 0.008952703 0.980382979
1413393929305760512.000000 1.687477589 1.933064818 0.895646811 0.204975471 -0.041859776 -0.018834878 -0.977690220
1413393929355760384.000000 1.695684671 1.883977413 0.896917880 -0.219334096 0.037623696 0.031079808 0.974428594
1413393929405760512.000000 1.703773618 1.833691955 0.896019459 -0.233912885 0.034548394 0.044390723 0.970628977
1413393929455760384.000000 1.714700222 1.779294372 0.891444921 -0.249437287 0.032063384 0.056076318 0.966234207
1413393929505760512.000000 1.725516677 1.721298218 0.884418905 -0.266201109 0.028239772 0.065820947 0.961252868
1413393929555760384.000000 1.734372735 1.667783976 0.881129980 0.283321559 -0.024623754 -0.075600088 -0.955723405
1413393929605760512.000000 1.743754387 1.613660932 0.877220631 0.301401168 -0.021778971 -0.083520062 -0.949582756
1413393929655760384.000000 1.755544901 1.557612538 0.869155407 -0.319717973 0.018707484 0.090633772 0.942982495
1413393929705760512.000000 1.765648246 1.502607226 0.864942551 -0.337570220 0.017446440 0.097555965 0.936068833
1413393929755760384.000000 1.775983810 1.447150230 0.860862672 -0.354874939 0.016296718 0.105966501 0.928746104
1413393929805760512.000000 1.787792563 1.390443325 0.855741680 0.370689154 -0.016939286 -0.117290124 -0.921165347
1413393929855760384.000000 1.798568249 1.334489107 0.851526320 0.384858310 -0.019304663 -0.132085025 -0.913271666
1413393929905760512.000000 1.809806228 1.278846979 0.847077429 0.397449553 -0.024457291 -0.149103969 -0.905098736
1413393929955760384.000000 1.821091890 1.224005938 0.842052758 0.409229666 -0.029342311 -0.165629923 -0.896792591
1413393930005760512.000000 1.831804514 1.170389652 0.836214423 0.421028674 -0.033724897 -0.180249214 -0.888317406
1413393930055760384.000000 1.840468645 1.118490577 0.829697728 0.432651728 -0.037135486 -0.193228796 -0.879827380
1413393930105760512.000000 1.847030044 1.068279147 0.822309196 0.443562418 -0.039779015 -0.203996018 -0.871811748
1413393930155760384.000000 1.851313233 1.015158534 0.803341448 -0.453355581 0.041979320 0.210882381 0.865005851
1413393930205760512.000000 1.853188276 0.968844414 0.794397712 -0.461795896 0.043617725 0.215827957 0.859220803
1413393930255760384.000000 1.852478147 0.924057603 0.784352601 -0.469155878 0.043206558 0.217146024 0.854911447
1413393930305760512.000000 1.849064350 0.879370809 0.773445427 0.476140976 -0.041296307 -0.215008229 -0.851678312
1413393930355760384.000000 1.842946053 0.837669849 0.761757672 0.484510690 -0.034463152 -0.205370203 -0.849638045
1413393930405760512.000000 1.834150791 0.797098637 0.749780059 0.491094589 -0.027265193 -0.195521221 -0.848442256
1413393930455760384.000000 1.821839213 0.757635772 0.738455176 0.496792853 -0.019728299 -0.185520202 -0.847578943
1413393930505760512.000000 1.804674506 0.719072282 0.728799224 0.500836849 -0.013748286 -0.177592427 -0.847015023
1413393930555760384.000000 1.782292366 0.680928826 0.721407712 0.502320051 -0.012164491 -0.173833430 -0.846940637
1413393930605760512.000000 1.754722357 0.643441141 0.716345370 0.501797974 -0.015131790 -0.174125269 -0.847142398
1413393930655760384.000000 1.718077779 0.605260074 0.708161294 -0.499854892 0.020613963 0.176103935 0.847766280
1413393930705760512.000000 1.680682898 0.568801582 0.706282735 -0.497750491 0.026743632 0.178204745 0.848393977
1413393930755760384.000000 1.641790390 0.533388376 0.704946876 -0.495451361 0.033798162 0.179851145 0.849140286
1413393930805760512.000000 1.602688432 0.496933401 0.702716351 0.493251681 -0.039006941 -0.179670155 -0.850235164
1413393930855760384.000000 1.564393520 0.462093532 0.699596822 0.490883023 -0.043069802 -0.180264160 -0.851283550
1413393930905760512.000000 1.524846196 0.425072402 0.695936143 -0.489380062 0.043632664 0.179755434 0.852227330
1413393930955760384.000000 1.491644859 0.390810698 0.688269436 -0.487540990 0.041087434 0.178252757 0.853722155
1413393931005760512.000000 1.462160707 0.356916606 0.678233862 -0.485204995 0.040323105 0.178870663 0.854959369
1413393931055760384.000000 1.435507536 0.325598568 0.665812552 0.484156340 -0.037264016 -0.178034544 -0.855866671
1413393931105760512.000000 1.413637877 0.293253958 0.650979519 0.481826812 -0.037454072 -0.178711265 -0.857031226
1413393931155760384.000000 1.394639730 0.261037946 0.633962750 0.479911864 -0.034521822 -0.180449501 -0.857864201
1413393931205760512.000000 1.378540754 0.229441851 0.615176439 0.478204608 -0.031800278 -0.182332039 -0.858524442
1413393931255760384.000000 1.363672495 0.198736742 0.595713019 0.475272387 -0.029760381 -0.185477450 -0.859551430
1413393931305760512.000000 1.343841553 0.157229066 0.574859023 -0.473246008 0.028593617 0.189178437 0.859902442
1413393931355760384.000000 1.325162411 0.128232896 0.555612803 -0.470777273 0.028288819 0.193241149 0.860364139
1413393931405760512.000000 1.303608656 0.100576550 0.536895871 -0.467327714 0.028340839 0.198701710 0.860999048
1413393931455760384.000000 1.279456139 0.074408442 0.517944336 -0.464801103 0.029588832 0.203329101 0.861244380
1413393931505760512.000000 1.252545118 0.046081483 0.497313142 -0.462310404 0.031149093 0.207645416 0.861500084
1413393931555760384.000000 1.223441362 0.021090508 0.476942241 -0.460363328 0.032157112 0.210243836 0.861875415
1413393931605760512.000000 1.190965295 -0.002267122 0.456470907 -0.458446383 0.031692501 0.212772116 0.862293839
1413393931655760384.000000 1.155266285 -0.025521100 0.434087783 0.457347244 -0.032798752 -0.212920666 -0.862799287
1413393931705760512.000000 1.119209051 -0.047375470 0.408557773 -0.456508249 0.032912858 0.213284925 0.863149226
1413393931755760384.000000 1.080157280 -0.064814270 0.386125147 -0.455579072 0.032866243 0.212568566 0.863818407
1413393931805760512.000000 1.039331436 -0.079808921 0.363123775 -0.455265075 0.032419104 0.211470306 0.864270210
1413393931855760384.000000 0.997882783 -0.092530161 0.338995337 -0.454952568 0.031649288 0.210267961 0.864756584
1413393931905760512.000000 0.955866516 -0.102941126 0.313764006 -0.454608768 0.030844973 0.209383070 0.865181088
1413393931955760384.000000 0.914910972 -0.111072540 0.286770940 -0.454558671 0.030404722 0.207680225 0.865633249
1413393932005760512.000000 0.875450730 -0.119132400 0.256040543 -0.454828382 0.029106557 0.205578029 0.866037846
1413393932055760384.000000 0.836438179 -0.122727156 0.225718647 -0.455358028 0.026276831 0.202574983 0.866557598
1413393932105760512.000000 0.798532128 -0.124132946 0.194011360 -0.456253022 0.022759805 0.199068159 0.866998911
1413393932155760384.000000 0.765194476 -0.128816962 0.154452413 -0.457713157 0.017873138 0.194200218 0.867447734
1413393932205760512.000000 0.728952289 -0.127076522 0.120806515 -0.459957898 0.012869542 0.187958881 0.867723823
1413393932255760384.000000 0.693953454 -0.123668253 0.086865962 -0.462785274 0.007480234 0.180103749 0.867949605
1413393932305760512.000000 0.660982490 -0.121537685 0.051275086 -0.465051740 0.002317560 0.173687756 0.868075013
1413393932355760384.000000 0.628331304 -0.116256580 0.017778238 -0.467536539 -0.001894282 0.168088436 0.867843568
1413393932405760512.000000 0.596800089 -0.110240847 -0.014708604 -0.469163090 -0.005209055 0.164501354 0.867639482
1413393932455760384.000000 0.568749011 -0.106993012 -0.050439946 -0.470582962 -0.008415597 0.161544353 0.867400885
1413393932505760512.000000 0.539083898 -0.099739894 -0.080631018 -0.472439826 -0.010551723 0.159264937 0.866789460
1413393932555760384.000000 0.510897934 -0.091897175 -0.109340526 -0.474268436 -0.011286486 0.156563401 0.866273701
1413393932605760512.000000 0.484761447 -0.084530622 -0.136999577 0.476153940 0.009616569 -0.154017761 -0.865715563
1413393932655760384.000000 0.459764361 -0.076577865 -0.165270507 -0.478149801 -0.006775922 0.151629925 0.865063787
1413393932705760512.000000 0.436226279 -0.068474717 -0.189884126 -0.479597658 -0.004328043 0.150437549 0.864485979
1413393932755760384.000000 0.414033949 -0.060541503 -0.213408113 -0.481202304 -0.001790558 0.149650797 0.863739491
1413393932805760512.000000 0.393609971 -0.052857533 -0.235768110 0.482883006 -0.000752861 -0.148343578 -0.863028228
1413393932855760384.000000 0.374981046 -0.046289220 -0.260526001 -0.484625816 0.000795707 0.146192208 0.862418175
1413393932905760512.000000 0.356963485 -0.039340682 -0.280702889 -0.486830384 0.001522587 0.143659577 0.861600816
1413393932955760384.000000 0.341236144 -0.032831740 -0.300028801 -0.489475936 0.006939395 0.139411271 0.860772669
1413393933005760512.000000 0.327353448 -0.027585976 -0.318796754 0.491460502 -0.016198382 -0.133412480 -0.860468090
1413393933055760384.000000 0.312966406 -0.022691496 -0.336327255 -0.492660046 0.024708401 0.127738446 0.860440910
1413393933105760512.000000 0.300935745 -0.021386325 -0.353113502 -0.493384570 0.034132693 0.122383729 0.860481799
1413393933155760384.000000 0.289251357 -0.022578254 -0.369433790 -0.493341267 0.040824424 0.120525829 0.860477448
1413393933205760512.000000 0.278744876 -0.026928358 -0.386224806 0.492496073 -0.046549264 -0.121616215 -0.860517502
1413393933255760384.000000 0.268902034 -0.033891156 -0.402893662 0.489901602 -0.051478647 -0.127238721 -0.860904574
1413393933305760512.000000 0.259972990 -0.043427184 -0.420211941 0.486495107 -0.058045425 -0.135998666 -0.861079395
1413393933355760384.000000 0.251528770 -0.055427268 -0.438505054 0.482880443 -0.063313432 -0.144761294 -0.861314178
1413393933405760512.000000 0.243513986 -0.069399446 -0.458360255 0.478438377 -0.067579448 -0.156153530 -0.861478925
1413393933455760384.000000 0.233287632 -0.079486929 -0.477953315 -0.473624766 0.068712793 0.169633418 0.861500263
1413393933505760512.000000 0.224238306 -0.096005663 -0.501367986 -0.467870951 0.067277022 0.184405237 0.861722291
1413393933555760384.000000 0.214019790 -0.112591818 -0.526397645 -0.462879658 0.064402178 0.197755769 0.861677110
1413393933605760512.000000 0.201368690 -0.128913730 -0.553398550 0.459448904 -0.060519446 -0.208104357 -0.861357450
1413393933655760384.000000 0.183918402 -0.139663249 -0.578602254 -0.458367318 0.056016427 0.212720901 0.861110628
1413393933705760512.000000 0.167764395 -0.153048426 -0.609181285 -0.459828466 0.049021643 0.210541040 0.861293912
1413393933755760384.000000 0.149707109 -0.165264174 -0.641413450 -0.463630766 0.040499229 0.203124300 0.861479461
1413393933805760512.000000 0.127814844 -0.174667031 -0.672593117 -0.467884809 0.032010172 0.194116890 0.861613572
1413393933855760384.000000 0.105394483 -0.185134739 -0.705519140 -0.470636338 0.024796221 0.187521011 0.861813545
1413393933905760512.000000 0.081191704 -0.194891602 -0.738022983 -0.472846448 0.020224877 0.182462394 0.861808956
1413393933955760384.000000 0.055528656 -0.201608866 -0.768538058 -0.475527227 0.018795524 0.176231042 0.861663103
1413393934005760512.000000 0.034448341 -0.210024655 -0.801216006 -0.479182631 0.023398414 0.164728522 0.861801088
1413393934055760384.000000 0.016392600 -0.219184324 -0.834921718 -0.483007282 0.028693166 0.153821051 0.861521721
1413393934105760512.000000 -0.001083292 -0.223086894 -0.865185559 -0.485450715 0.034799550 0.143970668 0.861625910
1413393934155760384.000000 -0.013082229 -0.235132784 -0.900483131 -0.486900151 0.036656041 0.137961626 0.861714125
1413393934205760512.000000 -0.023076847 -0.249493092 -0.936214447 -0.487622112 0.037725877 0.134219974 0.861850560
1413393934255760384.000000 -0.032528751 -0.261021912 -0.970210493 -0.485417604 0.037702188 0.136379987 0.862756610
1413393934305760512.000000 -0.042904444 -0.278998524 -1.004615545 -0.482875943 0.037268054 0.140755266 0.863498628
1413393934355760384.000000 -0.056144178 -0.297868252 -1.037693262 -0.478929818 0.035101440 0.149502248 0.864316642
1413393934405760512.000000 -0.072097249 -0.315464675 -1.068540096 0.474326670 -0.032977358 -0.159939855 -0.865069985
1413393934455760384.000000 -0.090487681 -0.330851376 -1.098214626 -0.470491588 0.031359870 0.168948337 0.865511894
1413393934505760512.000000 -0.113491416 -0.349861473 -1.127832890 -0.467013150 0.030174626 0.177259639 0.865775585
1413393934555760384.000000 -0.139488548 -0.368751079 -1.157009006 -0.463561565 0.030068526 0.185199201 0.865972221
1413393934605760512.000000 -0.167239338 -0.386264861 -1.185381055 0.460830063 -0.030573111 -0.191831052 -0.865968764
1413393934655760384.000000 -0.196375951 -0.401177108 -1.213802099 -0.457968116 0.033273008 0.198904723 0.865791619
1413393934705760512.000000 -0.228595763 -0.417191774 -1.243251681 -0.455232441 0.035971273 0.205451563 0.865597546
1413393934755760384.000000 -0.263679147 -0.431830496 -1.272377491 -0.449494809 0.038874339 0.214808986 0.866198778
1413393934805760512.000000 -0.299814075 -0.442361653 -1.301197529 -0.441184610 0.041004673 0.225370601 0.867688239
1413393934855760384.000000 -0.339276850 -0.453678787 -1.331664562 -0.431395113 0.040299814 0.233442068 0.870505035
1413393934905760512.000000 -0.381246507 -0.462546259 -1.363235712 -0.420449615 0.035151951 0.238146707 0.874798656
1413393934955760384.000000 -0.425988495 -0.467031062 -1.394590497 -0.409820110 0.025293963 0.236004174 0.880743861
1413393935005760512.000000 -0.471060574 -0.469007581 -1.428739309 -0.401197463 0.011813128 0.222792014 0.888405800
1413393935055760384.000000 -0.517256737 -0.467621714 -1.463004112 -0.392592132 -0.004067725 0.202830046 0.897059023
1413393935105760512.000000 -0.563354492 -0.462080836 -1.496630192 0.381985664 0.018144479 -0.182323486 -0.905823350
1413393935155760384.000000 -0.608314693 -0.456721663 -1.527327538 -0.368869632 -0.029226644 0.163808390 0.914465904
1413393935205760512.000000 -0.647026777 -0.447161257 -1.559260488 -0.353159368 -0.037570529 0.147911921 0.923032522
1413393935255760384.000000 -0.680232346 -0.435470879 -1.589877009 -0.335599959 -0.042932943 0.135089099 0.931278884
1413393935305760512.000000 -0.708794534 -0.421546996 -1.618357897 0.317218691 0.046563987 -0.124281526 -0.939019859
1413393935355760384.000000 -0.734953761 -0.408823431 -1.642642140 -0.297885448 -0.047587153 0.116524547 0.946267307
1413393935405760512.000000 -0.753000975 -0.392437190 -1.667344809 -0.279228538 -0.047842074 0.105082616 0.953257740
1413393935455760384.000000 -0.766360462 -0.375759840 -1.690562010 -0.260962874 -0.047065534 0.092596613 0.959744275
1413393935505760512.000000 -0.775015712 -0.358267218 -1.712432742 0.243260428 0.044708528 -0.078305721 -0.965760767
1413393935555760384.000000 -0.779294133 -0.341104895 -1.731722116 0.225013882 0.044693947 -0.065058284 -0.971153319
1413393935605760512.000000 -0.781917036 -0.325297296 -1.745756149 -0.209563017 -0.045053475 0.048933480 0.975530148
1413393935655760384.000000 -0.780800879 -0.308461070 -1.759871244 -0.196410969 -0.047234677 0.034261346 0.978783846
1413393935705760512.000000 -0.777851403 -0.292752743 -1.771117091 -0.186121985 -0.048614282 0.017118819 0.981173933
1413393935755760384.000000 -0.773887634 -0.278621107 -1.779897690 0.177898496 0.049623124 -0.000365004 -0.982796788
1413393935805760512.000000 -0.768321931 -0.266972840 -1.784892678 0.170726880 0.049565170 0.018120043 -0.983904123
1413393935855760384.000000 -0.761024892 -0.258817285 -1.786378860 0.163039401 0.048286512 0.035987478 -0.984779954
1413393935905760512.000000 -0.751721025 -0.255244702 -1.780709863 -0.153217509 -0.046261568 -0.048035040 0.985939622
1413393935955760384.000000 -0.742635489 -0.256401688 -1.775190234 -0.137641087 -0.042581860 -0.045561992 0.988517046
1413393936005760512.000000 -0.732117236 -0.262341797 -1.766467810 -0.118150018 -0.037496217 -0.036406472 0.991619527
1413393936055760384.000000 -0.720228314 -0.271915942 -1.755355954 -0.097147822 -0.032928914 -0.027177222 0.994353771
1413393936105760512.000000 -0.706539571 -0.283213884 -1.741626501 -0.074004099 -0.027516197 -0.017873764 0.996717989
1413393936155760384.000000 -0.692552030 -0.298244774 -1.726442337 -0.049597032 -0.022458360 -0.008776348 0.998478293
1413393936205760512.000000 -0.677334726 -0.314405113 -1.709616661 -0.023611030 -0.019555150 0.000712156 0.999529719
1413393936255760384.000000 -0.661143959 -0.330777347 -1.691927195 -0.002248094 0.018007452 -0.006899960 -0.999811590
1413393936305760512.000000 -0.643675923 -0.346642166 -1.673698664 0.027980905 -0.018216467 0.010959041 0.999382436
1413393936355760384.000000 -0.626196980 -0.361704350 -1.652987361 0.053687353 -0.019005515 0.011879468 0.998306274
1413393936405760512.000000 -0.608121753 -0.375138253 -1.631343007 0.078106731 -0.019471819 0.009756727 0.996707141
1413393936455760384.000000 -0.589214385 -0.386091292 -1.607272029 -0.101256669 0.019558974 -0.004061731 -0.994659841
1413393936505760512.000000 -0.567161202 -0.397539139 -1.588489056 0.122591041 -0.015327227 -0.007168081 0.992313087
1413393936555760384.000000 -0.545347810 -0.405033946 -1.563408971 0.142795131 -0.008881256 -0.019900834 0.989512384
1413393936605760512.000000 -0.522749543 -0.410940915 -1.537902951 0.162193805 -0.000088245 -0.031725969 0.986248851
1413393936655760384.000000 -0.499310285 -0.415857881 -1.513179064 -0.180913314 -0.010643043 0.041978884 -0.982545137
1413393936705760512.000000 -0.475037634 -0.421465576 -1.490257740 0.198446840 0.021267982 -0.050887052 0.978558719
1413393936755760384.000000 -0.451729268 -0.423706204 -1.465814829 0.215344697 0.029592508 -0.058544714 0.974332392
1413393936805760512.000000 -0.428793788 -0.424710870 -1.442524314 0.231440574 0.036009051 -0.066232376 0.969923675
1413393936855760384.000000 -0.404420435 -0.426394254 -1.425114632 0.247348562 0.041201577 -0.074002720 0.965217531
1413393936905760512.000000 -0.381522119 -0.424796015 -1.404926062 0.263091356 0.046904966 -0.082736000 0.960071743
1413393936955760384.000000 -0.359162599 -0.422241360 -1.386774182 0.279585063 0.050635163 -0.091655001 0.954393923
1413393937005760512.000000 -0.335542291 -0.422378302 -1.375195265 0.295511812 0.056229949 -0.102346368 0.948175251
1413393937055760384.000000 -0.313444287 -0.417777747 -1.362852812 0.312129498 0.060418855 -0.112904266 0.941369951
1413393937105760512.000000 -0.291897774 -0.412523150 -1.353661299 0.329235673 0.063549846 -0.122408301 0.934120774
1413393937155760384.000000 -0.269978762 -0.409365267 -1.350666523 0.346075535 0.065649919 -0.130281910 0.926794767
1413393937205760512.000000 -0.249534681 -0.402285486 -1.348560214 0.363456100 0.067929320 -0.137153059 0.918952882
1413393937255760384.000000 -0.229666039 -0.394353807 -1.349825740 0.379991055 0.068711929 -0.143590778 0.911190033
1413393937305760512.000000 -0.209834576 -0.386503577 -1.354697943 0.395998806 0.068593882 -0.148472279 0.903568387
1413393937355760384.000000 -0.188862771 -0.377052963 -1.367514491 0.410240948 0.067009620 -0.153816521 0.896410942
1413393937405760512.000000 -0.170330480 -0.365859151 -1.378066778 0.422268271 0.065138824 -0.157906607 0.890231431
1413393937455760384.000000 -0.153879464 -0.353070080 -1.390438557 0.431554377 0.059638426 -0.163041934 0.885223985
1413393937505760512.000000 -0.142734587 -0.338775575 -1.403527260 0.438077688 0.047675762 -0.168628201 0.881691337
1413393937555760384.000000 -0.136139989 -0.323854446 -1.416315079 0.444117159 0.034732737 -0.170418635 0.878926158
1413393937605760512.000000 -0.135087848 -0.308588445 -1.428194761 0.448638141 0.023441801 -0.171523139 0.876786292
1413393937655760384.000000 -0.138807207 -0.293474793 -1.439116955 0.452875227 0.011827770 -0.170555368 0.875028610
1413393937705760512.000000 -0.145502746 -0.278173208 -1.449578881 0.455298275 0.001073830 -0.170418978 0.873876333
1413393937755760384.000000 -0.152864277 -0.263374090 -1.459875941 0.456087768 -0.009685920 -0.172042012 0.873093247
1413393937805760512.000000 -0.159600526 -0.248950005 -1.469487667 0.456343919 -0.020008655 -0.173524544 0.872490168
1413393937855760384.000000 -0.163783833 -0.234933138 -1.485171556 0.455678970 -0.028684258 -0.174260750 0.872448921
1413393937905760512.000000 -0.165652454 -0.223125339 -1.493883610 0.455160409 -0.030014891 -0.175682768 0.872389674
1413393937955760384.000000 -0.165853843 -0.212215483 -1.502097607 0.454678506 -0.024390245 -0.177448511 0.872458994
1413393938005760512.000000 -0.165182278 -0.203047991 -1.509913325 0.453219622 -0.017416971 -0.180150241 0.872831404
1413393938055760384.000000 -0.162055552 -0.194133639 -1.515690565 0.451407731 -0.008080231 -0.184803978 0.872933745
1413393938105760512.000000 -0.159198493 -0.187374771 -1.523763418 0.449776292 0.004137695 -0.191286936 0.872406721
1413393938155760384.000000 -0.155534863 -0.182071209 -1.533304811 0.448700339 0.019438485 -0.199351951 0.870947182
1413393938205760512.000000 -0.151782185 -0.178275228 -1.545174599 0.449121982 0.035747852 -0.208609030 0.868040204
1413393938255760384.000000 -0.148882568 -0.175818443 -1.559964895 0.451442838 0.049209680 -0.215945363 0.864375710
1413393938305760512.000000 -0.147002816 -0.174376905 -1.578246593 0.456519216 0.057437986 -0.219020382 0.860419214
1413393938355760384.000000 -0.143184513 -0.170336187 -1.602250695 0.464959264 0.060730588 -0.216608092 0.856274307
1413393938405760512.000000 -0.143558621 -0.170553863 -1.628195524 0.476562411 0.058453865 -0.210439950 0.851578891
1413393938455760384.000000 -0.144813478 -0.170825422 -1.657852650 0.491210580 0.051837683 -0.199930698 0.846198976
1413393938505760512.000000 -0.146763280 -0.170631647 -1.689727306 0.505822599 0.044076271 -0.191927746 0.839859843
1413393938555760384.000000 -0.146254048 -0.170204341 -1.723853827 0.519655168 0.036558371 -0.186459631 0.832979560
1413393938605760512.000000 -0.150643557 -0.169289947 -1.758571506 0.533068657 0.030436220 -0.183482796 0.825376034
1413393938655760384.000000 -0.158108115 -0.166804075 -1.792981863 0.545904577 0.023590943 -0.181808114 0.817543626
1413393938705760512.000000 -0.168886423 -0.162867665 -1.826536655 0.557490647 0.016299890 -0.181740031 0.809882164
1413393938755760384.000000 -0.181985557 -0.156368375 -1.860695839 0.569138646 0.012120675 -0.181546077 0.801857471
1413393938805760512.000000 -0.194765404 -0.151461244 -1.886751652 0.580073178 0.012829824 -0.182423338 0.793770969
1413393938855760384.000000 -0.210049629 -0.141976595 -1.918400645 0.590078831 0.016971182 -0.184829503 0.785720766
1413393938905760512.000000 -0.225006193 -0.130841613 -1.949727654 0.599542320 0.020180415 -0.188530847 0.777558982
1413393938955760384.000000 -0.239025265 -0.117931008 -1.980941772 0.608377099 0.022257470 -0.193451568 0.769388318
1413393939005760512.000000 -0.254242986 -0.103293180 -2.011616230 0.617155671 0.022461301 -0.198627084 0.761026800
1413393939055760384.000000 -0.263858110 -0.088206649 -2.041989326 0.625428975 0.024726231 -0.202635810 0.753104270
1413393939105760512.000000 -0.272556871 -0.070616484 -2.075046539 0.636477292 0.035026629 -0.198160693 0.744581878
1413393939155760384.000000 -0.279821873 -0.050875902 -2.108556986 0.647494853 0.046305601 -0.192885920 0.735799730
1413393939205760512.000000 -0.288419098 -0.028222084 -2.141525984 0.655841470 0.048361123 -0.193963990 0.727949977
1413393939255760384.000000 -0.296043098 -0.002460957 -2.168785334 0.660471618 0.042183634 -0.202209145 0.721879005
1413393939305760512.000000 -0.307190180 0.026051521 -2.200344801 0.662114263 0.029717574 -0.214553654 0.717417836
1413393939355760384.000000 -0.319983244 0.057138920 -2.230923891 0.660218120 0.010962509 -0.232555151 0.714079916
1413393939405760512.000000 -0.334720552 0.089159727 -2.260539532 0.656423509 -0.015139466 -0.250616878 0.711386204
1413393939455760384.000000 -0.353563666 0.120939255 -2.288711071 0.651208937 -0.044572417 -0.267351598 0.708846569
1413393939505760512.000000 -0.371857822 0.150402784 -2.315587997 0.645121336 -0.074294776 -0.280812740 0.706712902
1413393939555760384.000000 -0.391300529 0.176137924 -2.341007233 -0.639254928 0.100754187 0.290858507 -0.704700768
1413393939605760512.000000 -0.415466785 0.195560694 -2.364796400 0.633083999 -0.123227209 -0.299164653 0.703221381
1413393939655760384.000000 -0.436500669 0.210719109 -2.385716438 0.626858532 -0.141646191 -0.306487143 0.702175558
1413393939705760512.000000 -0.456590533 0.218029022 -2.404160023 0.621160626 -0.148883492 -0.315549046 0.701727867
1413393939755760384.000000 -0.476339757 0.216286182 -2.420178652 -0.618177354 0.145625651 0.321175665 -0.702492893
1413393939805760512.000000 -0.493133485 0.203397751 -2.437223434 0.620052695 -0.129666552 -0.318999887 0.704954147
1413393939855760384.000000 -0.507956207 0.183948994 -2.450846195 0.627765715 -0.102354020 -0.304078251 0.709204018
1413393939905760512.000000 -0.520105600 0.158339024 -2.463966370 -0.638899386 0.068374217 0.277610570 -0.714188397
1413393939955760384.000000 -0.531274915 0.132841349 -2.476835489 0.650913894 -0.029601146 -0.245807618 0.717644513
1413393940005760512.000000 -0.538488090 0.099333525 -2.494084358 0.661122322 0.005655777 -0.213704944 0.719176948
1413393940055760384.000000 -0.546935737 0.072649240 -2.507177353 0.670852125 0.034927383 -0.180045128 0.718554974
1413393940105760512.000000 -0.555103481 0.050028086 -2.519784451 0.678332090 0.058497060 -0.151087999 0.716670215
1413393940155760384.000000 -0.563575625 0.033667564 -2.531332016 0.684590161 0.073205106 -0.126555741 0.714115560
1413393940205760512.000000 -0.571981907 0.022379160 -2.540037632 0.689312875 0.085498117 -0.108072124 0.711237192
1413393940255760384.000000 -0.579702854 0.022196770 -2.548950672 0.691521764 0.088855393 -0.099301264 0.709958971
1413393940305760512.000000 -0.587573409 0.029765844 -2.556015015 0.690874398 0.080914058 -0.104245663 0.710829377
1413393940355760384.000000 -0.596117198 0.046051025 -2.561539650 0.686419368 0.064601175 -0.123771332 0.713677645
1413393940405760512.000000 -0.600665569 0.066024780 -2.567328215 0.679032266 0.042906821 -0.150668234 0.717198312
1413393940455760384.000000 -0.607147753 0.095306158 -2.569158792 0.669832885 0.014537380 -0.179810256 0.720264435
1413393940505760512.000000 -0.613936603 0.127807140 -2.569290161 0.658295810 -0.020365762 -0.211386636 0.722182572
1413393940555760384.000000 -0.618861675 0.159393311 -2.569149017 0.646846056 -0.056835003 -0.237153381 0.722577512
1413393940605760512.000000 -0.620003223 0.186284542 -2.567760706 0.636714756 -0.089440212 -0.254464805 0.722386718
1413393940655760384.000000 -0.619810343 0.212597847 -2.565244913 -0.628439188 0.115152396 0.265132159 -0.722155929
1413393940705760512.000000 -0.616647005 0.232479334 -2.560774088 -0.622541547 0.136420012 0.268870175 -0.722177625
1413393940755760384.000000 -0.609468699 0.244473457 -2.553975344 0.618521631 -0.154897332 -0.265749991 0.723059356
1413393940805760512.000000 -0.599091947 0.248792410 -2.543836594 0.617884636 -0.161027446 -0.258529425 0.724880219
1413393940855760384.000000 -0.583131433 0.244879007 -2.529867172 0.620845735 -0.147697985 -0.249490619 0.728347719
1413393940905760512.000000 -0.564341605 0.232800961 -2.511918545 -0.625094771 0.122721940 0.242334709 -0.731757998
1413393940955760384.000000 -0.542099178 0.217014790 -2.491652966 0.631315172 -0.092252336 -0.231418192 0.734422445
1413393941005760512.000000 -0.516636133 0.196803808 -2.468185902 0.638703883 -0.057579242 -0.216568783 0.736097753
1413393941055760384.000000 -0.490583181 0.176733732 -2.444393158 0.647067308 -0.023594825 -0.195610672 0.736535013
1413393941105760512.000000 -0.463341802 0.157434940 -2.419643164 0.654511392 0.009255439 -0.175648078 0.735307455
1413393941155760384.000000 -0.435046166 0.141487598 -2.394622803 0.660974562 0.035608109 -0.157797605 0.732765138
1413393941205760512.000000 -0.408047497 0.129482985 -2.368274689 0.665888429 0.055842739 -0.143904254 0.729908168
1413393941255760384.000000 -0.381918907 0.126993895 -2.342684507 0.668037176 0.065874249 -0.138734326 0.728107035
1413393941305760512.000000 -0.358586997 0.125817299 -2.313975096 0.667771757 0.061980732 -0.146085307 0.727254033
1413393941355760384.000000 -0.336585969 0.130150318 -2.284542561 0.665769100 0.048278376 -0.160502255 0.727090001
1413393941405760512.000000 -0.315497518 0.139239550 -2.254518032 0.661915898 0.028050022 -0.179993317 0.727105975
1413393941455760384.000000 -0.304795027 0.148436189 -2.215720415 0.657450676 0.006109966 -0.200698197 0.726251781
1413393941505760512.000000 -0.284316599 0.162772894 -2.184717417 0.650397539 -0.019236086 -0.224804774 0.725310922
1413393941555760384.000000 -0.263525665 0.177268624 -2.153222799 0.642863035 -0.043237183 -0.247075394 0.723748267
1413393941605760512.000000 -0.241217077 0.189790368 -2.121246815 0.635902226 -0.064351037 -0.266184390 0.721549213
1413393941655760384.000000 -0.221622884 0.200365901 -2.086933851 0.630095661 -0.080184758 -0.281078815 0.719405711
1413393941705760512.000000 -0.198532492 0.205136776 -2.054059267 -0.624192894 0.092602380 0.292386085 -0.718553066
1413393941755760384.000000 -0.176989883 0.204674125 -2.019921541 -0.617961943 0.101808108 0.301770747 -0.718813360
1413393941805760512.000000 -0.157179624 0.198551893 -1.984458804 -0.612779319 0.106976204 0.308427215 -0.719673753
1413393941855760384.000000 -0.139515489 0.186985493 -1.948095083 -0.610936403 0.104185656 0.308078974 -0.721795976
1413393941905760512.000000 -0.125739366 0.170577049 -1.910423398 0.614152849 -0.090885267 -0.298075467 0.725056648
1413393941955760384.000000 -0.107047707 0.145303369 -1.873827934 -0.619312048 0.072129712 0.283185542 -0.728735805
1413393942005760512.000000 -0.087465525 0.115372539 -1.837524533 -0.626464427 0.047948536 0.262939513 -0.732192755
1413393942055760384.000000 -0.066570885 0.082710266 -1.801767349 -0.634514391 0.018795710 0.238475457 -0.734960973
1413393942105760512.000000 -0.042359691 0.052578926 -1.764874935 0.640957355 0.009560023 -0.214619085 0.736899555
1413393942155760384.000000 -0.021417335 0.021533489 -1.729670405 0.646162629 0.035752852 -0.193271816 0.737456143
1413393942205760512.000000 -0.000764370 -0.006318688 -1.695272446 0.649845362 0.058196984 -0.175355583 0.737268269
1413393942255760384.000000 0.009498149 -0.028185368 -1.659887195 0.651654184 0.075722374 -0.164602205 0.736558974
1413393942305760512.000000 0.029566765 -0.046453238 -1.627525330 0.652563453 0.086379632 -0.156618863 0.736322045
1413393942355760384.000000 0.049517900 -0.058663964 -1.596466064 0.652312756 0.091242187 -0.154233098 0.736461282
1413393942405760512.000000 0.068631932 -0.062528729 -1.566336632 0.650742829 0.089235649 -0.158417821 0.737207294
1413393942455760384.000000 0.082371444 -0.059240937 -1.537571669 0.647517562 0.079970963 -0.168507203 0.738871515
1413393942505760512.000000 0.100339748 -0.052972078 -1.510770559 0.643677652 0.066415027 -0.182562023 0.740229249
1413393942555760384.000000 0.117103055 -0.042622089 -1.484957457 0.638265431 0.047264207 -0.201003283 0.741607130
1413393942605760512.000000 0.130761221 -0.028600574 -1.459833741 0.631205857 0.023448255 -0.221700534 0.742885113
1413393942655760384.000000 0.138516188 -0.013225794 -1.434242606 0.624112666 -0.001368533 -0.241432294 0.743096292
1413393942705760512.000000 0.149463281 0.002259016 -1.410164118 0.616796136 -0.023023676 -0.260250092 0.742497444
1413393942755760384.000000 0.158858031 0.015746713 -1.386254549 0.610493004 -0.042324442 -0.275269985 0.741440117
1413393942805760512.000000 0.166806012 0.026018262 -1.362794518 0.605143666 -0.056876134 -0.288424283 0.739849865
1413393942855760384.000000 0.169233605 0.032566726 -1.337472796 0.601164997 -0.067861140 -0.297950536 0.738390923
1413393942905760512.000000 0.171828747 0.034952402 -1.312729597 0.598106682 -0.076305881 -0.305656105 0.736899078
1413393942955760384.000000 0.172335953 0.032135427 -1.287565470 0.596547544 -0.082685694 -0.309923589 0.735691130
1413393943005760512.000000 0.171820521 0.023492634 -1.262066603 0.597536325 -0.080907851 -0.309468299 0.735277951
1413393943055760384.000000 0.170701280 0.009470403 -1.236964941 0.604159176 -0.066961713 -0.298578799 0.735770702
1413393943105760512.000000 0.172328621 -0.010282636 -1.213059068 -0.612673700 0.045513213 0.282866776 -0.736577153
1413393943155760384.000000 0.175302163 -0.033521593 -1.190405607 -0.623003423 0.020027818 0.260901630 -0.737154007
1413393943205760512.000000 0.176766679 -0.061295748 -1.166522026 0.632702172 0.006082634 -0.239092514 0.736536324
1413393943255760384.000000 0.185258836 -0.087064683 -1.151323557 0.640365958 0.032076456 -0.218254060 0.735709071
1413393943305760512.000000 0.187891573 -0.109638393 -1.131787300 0.646823704 0.051493399 -0.198603079 0.734523237
1413393943355760384.000000 0.190924764 -0.128687680 -1.113905787 0.652807355 0.069294326 -0.181060508 0.732296467
1413393943405760512.000000 0.195871413 -0.142251551 -1.099313617 0.656281173 0.081396230 -0.168002635 0.731057286
1413393943455760384.000000 0.198405907 -0.151257873 -1.083743215 0.658375978 0.088858590 -0.159771830 0.730149448
1413393943505760512.000000 0.199440002 -0.155513048 -1.068990350 0.657155275 0.086222209 -0.163334653 0.730776668
1413393943555760384.000000 0.198982790 -0.152631640 -1.054283619 0.652038693 0.072676919 -0.178089276 0.733381093
1413393943605760512.000000 0.197730005 -0.145345986 -1.040915489 0.646183670 0.056846857 -0.195130572 0.735621691
1413393943655760384.000000 0.197429135 -0.138158739 -1.027891994 0.638408244 0.033961177 -0.216880053 0.737729371
1413393943705760512.000000 0.195297599 -0.125689387 -1.016749620 0.629768014 0.010897228 -0.238179818 0.739286125
1413393943755760384.000000 0.193578944 -0.113099039 -1.007107139 0.621416211 -0.012515079 -0.256838679 0.740080535
1413393943805760512.000000 0.192585811 -0.101960003 -0.998623788 0.612956822 -0.033230200 -0.273829907 0.740403235
1413393943855760384.000000 0.194407925 -0.092409313 -0.993564129 0.604270279 -0.047729254 -0.285734504 0.742250085
1413393943905760512.000000 0.196555436 -0.088483930 -0.986792326 0.596333206 -0.058362506 -0.292150646 0.745405018
1413393943955760384.000000 0.201210558 -0.090665162 -0.980717301 -0.589530647 0.061176881 0.294571280 -0.749625802
1413393944005760512.000000 0.209298700 -0.099116027 -0.976151884 0.586181641 -0.057137657 -0.286363244 0.755726516
1413393944055760384.000000 0.217628092 -0.111296833 -0.971886039 0.584339797 -0.047608014 -0.272408843 0.762937725
1413393944105760512.000000 0.228528678 -0.125460982 -0.967673600 0.584152639 -0.037096027 -0.252379864 0.770515442
1413393944155760384.000000 0.238728225 -0.144066751 -0.963911772 0.584730089 -0.026284970 -0.227047995 0.778363049
1413393944205760512.000000 0.249852568 -0.163392723 -0.959846854 0.584927797 -0.014195191 -0.200112134 0.785883665
1413393944255760384.000000 0.262439013 -0.182350874 -0.955180705 0.583869934 0.001879764 -0.175320923 0.792688489
1413393944305760512.000000 0.274657726 -0.198541522 -0.949839711 0.581431270 0.017980568 -0.152344003 0.799003005
1413393944355760384.000000 0.287618399 -0.212167442 -0.943525612 0.577045083 0.033701923 -0.134064704 0.804928541
1413393944405760512.000000 0.300351977 -0.221968472 -0.936560929 0.570974767 0.046965491 -0.122035466 0.810487211
1413393944455760384.000000 0.313035131 -0.227266490 -0.930642605 0.564994693 0.054204598 -0.113747649 0.815416753
1413393944505760512.000000 0.324605942 -0.227726281 -0.923530996 0.556268692 0.057924412 -0.116989300 0.820684731
1413393944555760384.000000 0.334700942 -0.223327696 -0.916348159 0.545682967 0.052938290 -0.130110592 0.826134861
1413393944605760512.000000 0.340543091 -0.218832135 -0.909687221 0.533797979 0.042077143 -0.148603946 0.831388056
1413393944655760384.000000 0.348686010 -0.207545549 -0.903326511 0.522659957 0.024405453 -0.167350665 0.835598409
1413393944705760512.000000 0.356249630 -0.194532216 -0.897893190 0.512140870 0.003263330 -0.186296538 0.838447809
1413393944755760384.000000 0.364557505 -0.181185305 -0.893406808 0.502234697 -0.016962878 -0.202744558 0.840456605
1413393944805760512.000000 0.373591334 -0.169422716 -0.889360189 0.494252980 -0.036268022 -0.215874627 0.841306627
1413393944855760384.000000 0.383931607 -0.160183191 -0.885381818 0.487519175 -0.051848281 -0.226137251 0.841723680
1413393944905760512.000000 0.394496262 -0.156340003 -0.883130312 0.482111871 -0.064034350 -0.233532041 0.841980159
1413393944955760384.000000 0.408056259 -0.154964298 -0.878256321 0.478219062 -0.073799759 -0.236699834 0.842516124
1413393945005760512.000000 0.424495876 -0.158791453 -0.872453332 0.475563496 -0.075262181 -0.235484719 0.844228625
1413393945055760384.000000 0.439228833 -0.173986137 -0.863636374 0.475151241 -0.063184418 -0.227724642 0.847573400
1413393945105760512.000000 0.459867179 -0.186600178 -0.855712235 -0.476209223 0.041245744 0.214763165 -0.851704359
1413393945155760384.000000 0.479707211 -0.201231211 -0.846756101 -0.476957530 0.014228037 0.198037982 -0.856206775
1413393945205760512.000000 0.496734530 -0.219094366 -0.836597621 0.476499945 0.016038889 -0.179337204 0.860539794
1413393945255760384.000000 0.511050403 -0.233371139 -0.826610148 0.474339396 0.045232102 -0.160289571 0.864444077
1413393945305760512.000000 0.520905614 -0.245392799 -0.816866696 0.470312834 0.069262087 -0.143294215 0.868029654
1413393945355760384.000000 0.525840044 -0.258515030 -0.806852996 0.463167697 0.085607633 -0.131187767 0.872316897
1413393945405760512.000000 0.525840282 -0.264166206 -0.798260093 0.454013795 0.092624679 -0.123143733 0.877569318
1413393945455760384.000000 0.521032333 -0.266212672 -0.790957093 0.443717897 0.091748707 -0.118305430 0.883572578
1413393945505760512.000000 0.510810018 -0.265472919 -0.784110069 0.432408661 0.080326155 -0.115646116 0.890615821
1413393945555760384.000000 0.497706503 -0.260694325 -0.779011726 0.419629872 0.063667841 -0.116672076 0.897911429
1413393945605760512.000000 0.483939797 -0.253057539 -0.775843978 0.405804247 0.046926767 -0.120474242 0.904768944
1413393945655760384.000000 0.469818264 -0.242581442 -0.774567366 0.390815377 0.031081058 -0.125657082 0.911321938
1413393945705760512.000000 0.455864549 -0.230567440 -0.774532974 0.375240326 0.014544503 -0.131812930 0.917392254
1413393945755760384.000000 0.443638295 -0.221298367 -0.774562836 0.358628303 -0.002432045 -0.137785390 0.923252463
1413393945805760512.000000 0.430299848 -0.209142730 -0.775434554 0.342202038 -0.019879270 -0.143543124 0.928384662
1413393945855760384.000000 0.418244243 -0.198401153 -0.775976956 -0.325823128 0.036152042 0.147413701 -0.933167517
1413393945905760512.000000 0.408227086 -0.189836293 -0.775670588 -0.310228378 0.046820831 0.150467426 -0.937510371
1413393945955760384.000000 0.404337436 -0.184919298 -0.774094820 0.298235118 -0.045562565 -0.145820394 0.942186952
1413393946005760512.000000 0.401028514 -0.182570279 -0.771577537 0.287230283 -0.032520261 -0.139223084 0.947131515
1413393946055760384.000000 0.399994701 -0.182766616 -0.768368483 0.278014123 -0.012226239 -0.129588500 0.951717198
1413393946105760512.000000 0.400088251 -0.183827430 -0.764030933 0.268824190 0.011523652 -0.118838951 0.955760539
1413393946155760384.000000 0.405081451 -0.184581354 -0.764627576 0.259515256 0.037175160 -0.106695861 0.959106863
1413393946205760512.000000 0.404735535 -0.186712295 -0.763377488 0.249326810 0.061419725 -0.094982520 0.961791158
1413393946255760384.000000 0.402223289 -0.188052475 -0.764120936 0.237995982 0.078566857 -0.084726699 0.964368522
1413393946305760512.000000 0.397120386 -0.188454285 -0.767293572 0.224674404 0.085482277 -0.077797234 0.967554510
1413393946355760384.000000 0.391900241 -0.188251704 -0.773479939 0.212498441 0.082910672 -0.067279503 0.971310377
1413393946405760512.000000 0.382142574 -0.186220258 -0.782569945 0.198788702 0.071042426 -0.058161974 0.975732207
1413393946455760384.000000 0.371371031 -0.182947874 -0.794062734 0.185125381 0.055839550 -0.048054796 0.979949713
1413393946505760512.000000 0.358088762 -0.173751786 -0.813895404 0.169171304 0.039191581 -0.040751420 0.983963728
1413393946555760384.000000 0.346934080 -0.167336822 -0.828670204 -0.151397377 -0.019478312 0.035624612 -0.987638831
1413393946605760512.000000 0.336059153 -0.159934849 -0.843683302 -0.131927103 0.001642162 0.034039065 -0.990673542
1413393946655760384.000000 0.323049873 -0.149999827 -0.860430360 0.110590622 -0.023462057 -0.033861544 0.993011951
1413393946705760512.000000 0.314680010 -0.142018273 -0.873140216 0.087636150 -0.043088932 -0.035584960 0.994583845
1413393946755760384.000000 0.309012055 -0.134240374 -0.884045124 0.064450711 -0.057737056 -0.037321247 0.995549977
1413393946805760512.000000 0.304098308 -0.123642184 -0.895358503 0.042462301 -0.064207554 -0.036090486 0.996379375
1413393946855760384.000000 0.305661678 -0.118523046 -0.901021302 0.021699617 -0.064068347 -0.033093356 0.997160614
1413393946905760512.000000 0.310773104 -0.115157038 -0.903686643 0.002977222 -0.053511750 -0.029178830 0.998136401
1413393946955760384.000000 0.313867271 -0.107206613 -0.905858040 -0.013845359 -0.032576527 -0.023867534 0.999088347
1413393947005760512.000000 0.323355466 -0.106331028 -0.904191196 -0.029659566 -0.003375953 -0.017995916 0.999392390
1413393947055760384.000000 0.330949187 -0.106484607 -0.901207268 -0.045289595 0.025439100 -0.012214185 0.998575330
1413393947105760512.000000 0.332059979 -0.105127133 -0.900290072 -0.060706381 0.050316956 -0.006609496 0.996864796
1413393947155760384.000000 0.330678612 -0.107040226 -0.896387219 -0.076802485 0.067154624 -0.000257829 0.994782209
1413393947205760512.000000 0.323860973 -0.110013686 -0.893368006 -0.093264684 0.074558213 0.006359686 0.992825508
1413393947255760384.000000 0.312947363 -0.113783881 -0.893043101 0.109442137 -0.077608183 -0.012917100 -0.990874708
1413393947305760512.000000 0.297725350 -0.119125262 -0.893672526 0.126163125 -0.077485092 -0.019988269 -0.988776743
1413393947355760384.000000 0.275412321 -0.121336259 -0.897249818 -0.142722011 0.077355988 0.027796220 0.986343741
1413393947405760512.000000 0.253122479 -0.129029438 -0.901017666 -0.158388168 0.074841857 0.038750023 0.983773530
1413393947455760384.000000 0.226826131 -0.137751520 -0.905814946 -0.171508044 0.068560228 0.057128694 0.981132448
1413393947505760512.000000 0.196212873 -0.145529419 -0.913979530 -0.183765218 0.060557932 0.077843532 0.978009999
1413393947555760384.000000 0.166816562 -0.154373080 -0.923315227 -0.195920840 0.053388275 0.098335929 0.974214971
1413393947605760512.000000 0.137384385 -0.162160829 -0.934898674 -0.208531529 0.045887221 0.118713930 0.969698966
1413393947655760384.000000 0.106692739 -0.166696340 -0.946492076 -0.221251309 0.035211585 0.138164014 0.964737713
1413393947705760512.000000 0.077378653 -0.170469567 -0.962356508 -0.235397801 0.019856121 0.152385220 0.959673107
1413393947755760384.000000 0.049480360 -0.171072006 -0.980035126 -0.252809793 0.003081112 0.158967242 0.954362214
1413393947805760512.000000 0.024475932 -0.164834499 -0.996589005 -0.272203505 -0.012986930 0.158070594 0.949078679
1413393947855760384.000000 0.001228750 -0.158396468 -1.015844345 -0.292976886 -0.025016334 0.152033508 0.943623126
1413393947905760512.000000 -0.019068561 -0.149178058 -1.034536719 -0.313135296 -0.031854201 0.145332515 0.937981904
1413393947955760384.000000 -0.036260135 -0.137376025 -1.051711202 0.332305193 0.032685231 -0.137499556 -0.932522774
1413393948005760512.000000 -0.049723044 -0.120963618 -1.065037608 -0.352665991 -0.027561544 0.120678447 0.927525640
1413393948055760384.000000 -0.061186627 -0.107445367 -1.078402758 -0.371227860 -0.020453259 0.103998087 0.922472775
1413393948105760512.000000 -0.071335174 -0.094779655 -1.089130759 -0.387135506 -0.013697424 0.091200575 0.917399049
1413393948155760384.000000 -0.080655448 -0.082756102 -1.097561836 0.400178611 0.005040708 -0.085139968 -0.912459850
1413393948205760512.000000 -0.088307425 -0.073595941 -1.104131460 0.410679638 -0.006456323 -0.083243668 -0.907948911
1413393948255760384.000000 -0.089486226 -0.061989978 -1.111421227 -0.419302553 0.019042248 0.084187135 0.903734148
1413393948305760512.000000 -0.094958186 -0.058414251 -1.115371466 -0.425850213 0.034315936 0.088412620 0.899809599
1413393948355760384.000000 -0.099582694 -0.057757139 -1.119241476 -0.432218671 0.050830621 0.091797203 0.895643115
1413393948405760512.000000 -0.103821203 -0.060416937 -1.123649955 -0.439122528 0.065804288 0.093582667 0.891113639
1413393948455760384.000000 -0.109303549 -0.066295922 -1.128454566 0.445356250 -0.076635458 -0.096780248 -0.886802375
1413393948505760512.000000 -0.114588171 -0.076052248 -1.134574175 0.451589316 -0.082172945 -0.101343565 -0.882634819
1413393948555760384.000000 -0.120925516 -0.089369118 -1.141785502 0.456106961 -0.079549573 -0.111065611 -0.879376352
1413393948605760512.000000 -0.128908277 -0.105341911 -1.149816990 0.460869759 -0.066908717 -0.121769309 -0.876524210
1413393948655760384.000000 -0.137804091 -0.122778684 -1.158257604 0.465694457 -0.046786051 -0.134572044 -0.873401463
1413393948705760512.000000 -0.146349311 -0.142470688 -1.167739034 0.470454484 -0.025661940 -0.147114173 -0.869696259
1413393948755760384.000000 -0.154203534 -0.161056370 -1.179497600 -0.475497603 0.004759275 0.159500256 0.865123749
1413393948805760512.000000 -0.162019148 -0.181605488 -1.189373493 -0.480755925 -0.013143791 0.172174141 0.859684348
1413393948855760384.000000 -0.168373764 -0.200647026 -1.198133945 -0.485881388 -0.026912363 0.185771689 0.853629887
1413393948905760512.000000 -0.171816677 -0.217285484 -1.206429243 -0.492436111 -0.034728546 0.196910098 0.847069621
1413393948955760384.000000 -0.173001021 -0.231131613 -1.212245941 0.500641286 0.036788229 -0.205232367 -0.840169430
1413393949005760512.000000 -0.172696665 -0.242994428 -1.219412088 0.512060881 0.029949307 -0.207476318 -0.832976758
1413393949055760384.000000 -0.170506790 -0.252781570 -1.226056457 0.525410593 0.020961277 -0.203747660 -0.825827599
1413393949105760512.000000 -0.166061386 -0.259654522 -1.232372999 0.539631963 0.008770765 -0.198321551 -0.818162024
1413393949155760384.000000 -0.159619644 -0.265551090 -1.238577366 0.554029644 -0.003621256 -0.190898031 -0.810306072
1413393949205760512.000000 -0.153127030 -0.272339344 -1.244853020 0.567812026 -0.017045772 -0.183808446 -0.802192867
1413393949255760384.000000 -0.145045280 -0.284464061 -1.252870202 -0.580191314 0.029416844 0.178057775 0.794234335
1413393949305760512.000000 -0.137238607 -0.292534828 -1.258206129 -0.592964768 0.042258285 0.170380577 0.785861075
1413393949355760384.000000 -0.129585862 -0.302775025 -1.263134956 -0.604360878 0.053900566 0.165161699 0.777537405
1413393949405760512.000000 -0.122010022 -0.315898478 -1.267979145 -0.615241230 0.066406079 0.160291687 0.769009233
1413393949455760384.000000 -0.115779050 -0.333616376 -1.274217844 0.624270141 -0.078548498 -0.158751592 -0.760864615
1413393949505760512.000000 -0.110651813 -0.354363382 -1.278752446 0.629734576 -0.087311693 -0.165069893 -0.754031241
1413393949555760384.000000 -0.107869275 -0.378866136 -1.282672644 0.630934596 -0.088204093 -0.181381717 -0.749161124
1413393949605760512.000000 -0.105981551 -0.406708062 -1.286514997 0.629944682 -0.085466303 -0.200530574 -0.745421171
1413393949655760384.000000 -0.105423689 -0.437225938 -1.291795611 0.627371192 -0.081483975 -0.219562098 -0.742669702
1413393949705760512.000000 -0.105781555 -0.469705522 -1.299187899 0.623698235 -0.079373278 -0.239596024 -0.739793301
1413393949755760384.000000 -0.106656060 -0.493155479 -1.303921700 0.621001780 -0.079458810 -0.258749038 -0.735589623
1413393949805760512.000000 -0.107968271 -0.526747763 -1.317527294 0.618511975 -0.081977502 -0.276960522 -0.730763733
1413393949855760384.000000 -0.110275641 -0.559961915 -1.336010814 0.616446793 -0.087781131 -0.294985175 -0.724756241
1413393949905760512.000000 -0.113963693 -0.592338562 -1.358971357 0.614587367 -0.092109308 -0.311093807 -0.719040334
1413393949955760384.000000 -0.120280705 -0.628285050 -1.388748527 0.612769246 -0.095984079 -0.324112266 -0.714319408
1413393950005760512.000000 -0.125738174 -0.658108890 -1.424561739 0.613240123 -0.095121793 -0.331928045 -0.710431039
1413393950055760384.000000 -0.135045573 -0.675103843 -1.464191794 0.617684782 -0.083881989 -0.329647511 -0.709057093
1413393950105760512.000000 -0.141877055 -0.701301694 -1.513326406 0.626102209 -0.063295498 -0.317042470 -0.709558964
1413393950155760384.000000 -0.150203571 -0.725412309 -1.566876292 0.632776737 -0.038746152 -0.306523502 -0.710025132
1413393950205760512.000000 -0.158529431 -0.747207820 -1.623323560 0.638679981 -0.014235840 -0.294877768 -0.710586011
1413393950255760384.000000 -0.171307653 -0.759956658 -1.677753210 0.643310070 0.009332713 -0.283539861 -0.711104989
1413393950305760512.000000 -0.180050105 -0.775724888 -1.736719847 0.646690905 0.026959356 -0.275886327 -0.710598946
1413393950355760384.000000 -0.190260559 -0.788493752 -1.794237375 0.647735238 0.036679287 -0.274783671 -0.709639132
1413393950405760512.000000 -0.201933146 -0.797973216 -1.850076437 0.648006797 0.041291617 -0.275903285 -0.708702743
1413393950455760384.000000 -0.217793345 -0.798253417 -1.900781631 -0.648769259 -0.042009655 0.276330739 0.707795858
1413393950505760512.000000 -0.231767058 -0.801097393 -1.953353882 -0.650259674 -0.037030254 0.275628656 0.706979513
1413393950555760384.000000 -0.247214854 -0.800054789 -2.004485130 -0.652753055 -0.029536938 0.272607148 0.706205606
1413393950605760512.000000 -0.263935596 -0.795557499 -2.054037809 -0.656094193 -0.020268885 0.266530961 0.705755532
1413393950655760384.000000 -0.285436690 -0.782126546 -2.100241661 0.660178542 0.009710283 -0.259038419 -0.704960465
1413393950705760512.000000 -0.305698335 -0.772370338 -2.146954298 0.663960516 -0.000054591 -0.251224190 -0.704303086
1413393950755760384.000000 -0.328287899 -0.761520743 -2.191976547 0.667020798 -0.006165963 -0.244550720 -0.703733087
1413393950805760512.000000 -0.353633881 -0.750450492 -2.235296965 0.669942021 -0.010185559 -0.238980860 -0.702824473
1413393950855760384.000000 -0.382606149 -0.735906839 -2.276143789 0.672158778 -0.012848513 -0.234732568 -0.702095509
1413393950905760512.000000 -0.413129747 -0.723623633 -2.315566063 0.674394667 -0.011028232 -0.230354875 -0.701432049
1413393950955760384.000000 -0.444598138 -0.711292505 -2.353570700 0.677651644 -0.004744102 -0.223885536 -0.700457811
1413393951005760512.000000 -0.475842595 -0.698828101 -2.389570236 0.680045664 0.003725040 -0.218384460 -0.699880242
1413393951055760384.000000 -0.506791890 -0.686689615 -2.423390150 0.681759536 0.010580121 -0.215137020 -0.699148118
1413393951105760512.000000 -0.537942648 -0.669720173 -2.457722902 -0.681447268 -0.012322380 0.217498377 0.698693335
1413393951155760384.000000 -0.564542651 -0.656218410 -2.488232374 -0.680814624 -0.008976378 0.220412374 0.698447824
1413393951205760512.000000 -0.589367986 -0.642152071 -2.517107010 -0.680462658 -0.004867712 0.223387763 0.697885990
1413393951255760384.000000 -0.612620592 -0.627559662 -2.544663429 -0.680331290 -0.000612229 0.226024717 0.697181344
1413393951305760512.000000 -0.633861184 -0.612029076 -2.570555210 0.680551291 -0.002177360 -0.228415027 -0.696183801
1413393951355760384.000000 -0.653565764 -0.596880436 -2.596059322 0.680983126 -0.003334983 -0.230928928 -0.694926500
1413393951405760512.000000 -0.671803415 -0.581493378 -2.620760441 0.681360185 -0.002082733 -0.234088749 -0.693503082
1413393951455760384.000000 -0.689349771 -0.565745831 -2.644511461 0.681522012 0.002016251 -0.237835690 -0.692067862
1413393951505760512.000000 -0.707443595 -0.549444914 -2.666736364 0.681306303 0.006648109 -0.241686180 -0.690916419
1413393951555760384.000000 -0.726908088 -0.531745911 -2.687140465 0.681424439 0.010909652 -0.244642898 -0.689703941
1413393951605760512.000000 -0.746849179 -0.512415409 -2.708241701 0.681715786 0.013997664 -0.246009961 -0.688873589
1413393951655760384.000000 -0.768678308 -0.491806746 -2.725203276 0.683251023 0.014691941 -0.245372728 -0.687564194
1413393951705760512.000000 -0.791292846 -0.470350981 -2.740468264 0.685421824 0.014600620 -0.242394760 -0.686460972
1413393951755760384.000000 -0.814755917 -0.448007345 -2.753329277 0.687935054 0.014444571 -0.239040375 -0.685125172
1413393951805760512.000000 -0.841548324 -0.426278830 -2.764000177 0.690166771 0.011566850 -0.237045944 -0.683626652
1413393951855760384.000000 -0.864486098 -0.401987791 -2.774210691 0.692357779 0.007561711 -0.235580146 -0.681971848
1413393951905760512.000000 -0.879512548 -0.378963232 -2.786147594 0.694013894 0.005143257 -0.235345170 -0.680390358
1413393951955760384.000000 -0.899940431 -0.352912188 -2.793875694 0.695692718 0.002789671 -0.235716864 -0.678558409
1413393952005760512.000000 -0.918782413 -0.326152563 -2.800580025 0.697551787 0.000775014 -0.235505641 -0.676725984
1413393952055760384.000000 -0.935573339 -0.299136162 -2.806596756 0.699473381 -0.000777310 -0.235322714 -0.674803436
1413393952105760512.000000 -0.949671507 -0.269595623 -2.812093735 0.700695992 -0.003827364 -0.236354157 -0.673162162
1413393952155760384.000000 -0.956053913 -0.248118639 -2.820069551 0.702472687 -0.004525554 -0.235827968 -0.671488583
1413393952205760512.000000 -0.963051260 -0.220248222 -2.825432062 0.703460038 -0.007023305 -0.237474695 -0.669851124
1413393952255760384.000000 -0.966816723 -0.193102360 -2.830881357 0.704299629 -0.009922346 -0.239033043 -0.668376327
1413393952305760512.000000 -0.967210293 -0.166622162 -2.836569309 0.704401195 -0.011744719 -0.240316272 -0.667779267
1413393952355760384.000000 -0.964478850 -0.141364098 -2.840883017 0.703047574 -0.013743400 -0.240643129 -0.669048727
1413393952405760512.000000 -0.961176038 -0.115351915 -2.845551729 0.700691044 -0.014411234 -0.239371121 -0.671956837
1413393952455760384.000000 -0.957045197 -0.089042664 -2.849770069 0.697835267 -0.013725970 -0.235771373 -0.676202297
1413393952505760512.000000 -0.943595946 -0.066746712 -2.857650995 0.693094015 -0.012208998 -0.233111545 -0.682004929
1413393952555760384.000000 -0.938772678 -0.040797949 -2.860683680 0.687668085 -0.010314540 -0.229898483 -0.688587666
1413393952605760512.000000 -0.933264792 -0.015014887 -2.862815380 0.681870401 -0.008491308 -0.225480348 -0.695801198
1413393952655760384.000000 -0.927559972 0.010745525 -2.864032745 0.674742460 -0.007032760 -0.222243905 -0.703761995
1413393952705760512.000000 -0.923192978 0.036354065 -2.863671780 0.667173386 -0.005950813 -0.218880013 -0.711994231
1413393952755760384.000000 -0.913530588 0.060794592 -2.862801552 -0.658905089 0.005600211 0.216779843 0.720291138
1413393952805760512.000000 -0.907691538 0.085938215 -2.861025572 -0.651429951 0.005576665 0.214670166 0.727684438
1413393952855760384.000000 -0.901549637 0.110769749 -2.858851910 -0.644547701 0.005888805 0.213755503 0.734051943
1413393952905760512.000000 -0.894809246 0.135083199 -2.856264353 -0.637739360 0.009752830 0.215981513 0.739287138
1413393952955760384.000000 -0.881912589 0.156502008 -2.853194475 -0.630911887 0.013776348 0.220430434 0.743754566
1413393953005760512.000000 -0.874192715 0.180903912 -2.850626945 -0.624948084 0.018318543 0.225126162 0.747276843
1413393953055760384.000000 -0.866357088 0.205693960 -2.848463058 -0.619696140 0.022157395 0.229471087 0.750219226
1413393953105760512.000000 -0.859397888 0.230916739 -2.846746445 -0.615541279 0.025490420 0.233185589 0.752385378
1413393953155760384.000000 -0.857184708 0.253200769 -2.842825651 -0.612551987 0.027832996 0.236331344 0.753759265
1413393953205760512.000000 -0.858396232 0.279096842 -2.840034962 -0.609896660 0.030103063 0.238689184 0.755080998
1413393953255760384.000000 -0.864073277 0.305729866 -2.836802483 -0.607869506 0.032728128 0.241073832 0.755848587
1413393953305760512.000000 -0.871776938 0.333127737 -2.833982229 -0.605261147 0.036759619 0.245391712 0.756366730
1413393953355760384.000000 -0.880095840 0.355497599 -2.831818819 -0.603924274 0.041218873 0.248034298 0.756343603
1413393953405760512.000000 -0.885067225 0.383716345 -2.834272146 -0.603699625 0.046263792 0.248314291 0.756139219
1413393953455760384.000000 -0.887542188 0.412261009 -2.840201616 -0.604184628 0.050245535 0.247403085 0.755796373
1413393953505760512.000000 -0.886660397 0.440615892 -2.850034952 -0.606933534 0.051896837 0.241311193 0.755451798
1413393953555760384.000000 -0.885714948 0.464676380 -2.862410784 -0.611539125 0.051041428 0.232119292 0.754675686
1413393953605760512.000000 -0.881100774 0.491236210 -2.878295898 -0.617310643 0.045962088 0.219791144 0.753994048
1413393953655760384.000000 -0.875743747 0.517072439 -2.895403147 -0.622060061 0.041377682 0.209518358 0.753280342
1413393953705760512.000000 -0.870669603 0.541306973 -2.912881374 -0.626616597 0.038156476 0.199820042 0.752308309
1413393953755760384.000000 -0.870025992 0.556318521 -2.927940130 -0.630671203 0.037349679 0.191794962 0.751048386
1413393953805760512.000000 -0.868396163 0.577357054 -2.943675518 -0.632282197 0.036522638 0.187103137 0.750917971
1413393953855760384.000000 -0.869175196 0.596234322 -2.957719803 -0.632205188 0.036239237 0.183185175 0.751961887
1413393953905760512.000000 -0.872547328 0.612817526 -2.969853878 -0.630042911 0.037036158 0.180878505 0.754292548
1413393953955760384.000000 -0.881028295 0.624532461 -2.978982210 -0.626425147 0.034754179 0.180436984 0.757513225
1413393954005760512.000000 -0.888369679 0.636752844 -2.988200665 -0.620655477 0.027408555 0.184250012 0.761634827
1413393954055760384.000000 -0.895200908 0.646885872 -2.996567965 -0.614039958 0.020365536 0.187388137 0.766437232
1413393954105760512.000000 -0.901674271 0.655712366 -3.003989458 -0.606027246 0.012822416 0.193677336 0.771398544
1413393954155760384.000000 -0.907139242 0.663386106 -3.011177063 0.597501814 -0.002912484 -0.199485123 -0.776652396
1413393954205760512.000000 -0.911559939 0.671111107 -3.017356157 0.587751865 0.007363979 -0.206191599 -0.782290637
1413393954255760384.000000 -0.916086376 0.680034161 -3.021508455 -0.577133060 -0.016859682 0.212303042 0.788391232
1413393954305760512.000000 -0.916585207 0.689452887 -3.026308775 -0.566168725 -0.024844266 0.216227442 0.795035541
1413393954355760384.000000 -0.915773988 0.700752735 -3.030002832 -0.554918468 -0.031419653 0.218620643 0.802049518
1413393954405760512.000000 -0.913624167 0.714298248 -3.032438040 -0.543514669 -0.036695302 0.218489349 0.809634328
1413393954455760384.000000 -0.909738898 0.728232861 -3.034718752 0.531773269 0.040287904 -0.216388702 -0.817783654
1413393954505760512.000000 -0.904691935 0.751350403 -3.033641577 -0.519961536 -0.043217838 0.212599725 0.826180220
1413393954555760384.000000 -0.898495197 0.771394134 -3.032428980 -0.507705390 -0.046478536 0.208605498 0.834601045
1413393954605760512.000000 -0.891125679 0.793867350 -3.030059576 -0.495809346 -0.048377559 0.204864129 0.842534006
1413393954655760384.000000 -0.882635355 0.819579959 -3.026105404 -0.485166878 -0.049263965 0.199915498 0.849835277
1413393954705760512.000000 -0.873976946 0.854118466 -3.017859459 -0.475572586 -0.051522162 0.196242854 0.855958462
1413393954755760384.000000 -0.864271939 0.885869145 -3.010849237 -0.467666715 -0.053178262 0.193250299 0.860879958
1413393954805760512.000000 -0.854157805 0.920323253 -3.002223492 -0.460696340 -0.054572862 0.190892518 0.865066886
1413393954855760384.000000 -0.843322456 0.957478404 -2.991973400 -0.455288798 -0.055938575 0.188618407 0.868335247
1413393954905760512.000000 -0.832408667 0.998261094 -2.979446411 0.450853050 0.057246901 -0.186306834 -0.871059179
1413393954955760384.000000 -0.818872452 1.045240164 -2.961673975 -0.448336065 -0.055862814 0.182807446 0.873187065
1413393955005760512.000000 -0.804087341 1.090663433 -2.945836544 -0.447301775 -0.049922388 0.177445918 0.875181079
1413393955055760384.000000 -0.787496328 1.138281584 -2.927932739 -0.446673512 -0.040565208 0.169288784 0.877598226
1413393955105760512.000000 -0.770883024 1.187191844 -2.907849073 -0.445144475 -0.032282874 0.161939591 0.880102217
1413393955155760384.000000 -0.753794372 1.238088846 -2.884613752 0.443010479 0.024978690 -0.154431403 -0.882761955
1413393955205760512.000000 -0.737772346 1.291126966 -2.858649254 -0.438985854 -0.016776141 0.151493788 0.885471404
1413393955255760384.000000 -0.720245063 1.341612577 -2.833293676 -0.432953328 -0.009612489 0.151450306 0.888550401
1413393955305760512.000000 -0.702369928 1.392212033 -2.807150841 -0.426281273 -0.002475786 0.152453050 0.891648054
1413393955355760384.000000 -0.684443831 1.442737937 -2.780568361 -0.418468177 0.001209328 0.152158663 0.895394146
1413393955405760512.000000 -0.668198228 1.495957494 -2.751228333 -0.409952998 0.003499505 0.150076509 0.899668515
1413393955455760384.000000 -0.648429036 1.546272516 -2.724100113 -0.400648147 0.008112500 0.143402800 0.904903829
1413393955505760512.000000 -0.627670884 1.596107960 -2.697052717 -0.389381468 0.014855607 0.134481400 0.911085188
1413393955555760384.000000 -0.607908368 1.645078540 -2.670198917 -0.376526952 0.022612259 0.123865612 0.917809129
1413393955605760512.000000 -0.589736402 1.691586256 -2.644769430 0.362971008 -0.030112065 -0.108996324 -0.924913645
1413393955655760384.000000 -0.577455640 1.741601586 -2.612918139 -0.349427789 0.034636252 0.092741542 0.931718647
1413393955705760512.000000 -0.565542340 1.785964370 -2.585950613 -0.338277161 0.032917500 0.074456275 0.937518656
1413393955755760384.000000 -0.556507826 1.828152895 -2.559030533 -0.329591751 0.027854824 0.054785658 0.942121029
1413393955805760512.000000 -0.550560892 1.867402315 -2.531867266 -0.322183728 0.020979732 0.036589064 0.945737183
1413393955855760384.000000 -0.547463715 1.903803825 -2.503765583 0.315494180 -0.011596604 -0.023086978 -0.948575735
1413393955905760512.000000 -0.544818401 1.939363480 -2.471200228 -0.307094246 0.001521040 0.019609785 0.951475918
1413393955955760384.000000 -0.542435110 1.967190981 -2.440580368 -0.295560539 -0.004805590 0.028114131 0.954898238
1413393956005760512.000000 -0.538784266 1.991503954 -2.408674955 -0.283420205 -0.009124351 0.041073658 0.958072424
1413393956055760384.000000 -0.532933116 2.013036013 -2.375730276 -0.271076739 -0.010438440 0.054098658 0.960979640
1413393956105760512.000000 -0.525776446 2.033226967 -2.337906599 -0.259492725 -0.009554297 0.065106310 0.963500619
1413393956155760384.000000 -0.517034590 2.051480532 -2.303194523 -0.247653112 -0.008510156 0.072762199 0.966075182
1413393956205760512.000000 -0.506864309 2.068881750 -2.267819881 -0.235512704 -0.006819863 0.076627947 0.968821704
1413393956255760384.000000 -0.494425952 2.085985661 -2.232138157 -0.223971784 -0.000615876 0.074825071 0.971718907
1413393956305760512.000000 -0.480943680 2.103660107 -2.194743156 0.212119579 -0.007030850 -0.069202334 -0.974765062
1413393956355760384.000000 -0.464645803 2.120726824 -2.159672022 -0.199132666 0.016207729 0.062321514 0.977854609
1413393956405760512.000000 -0.449589103 2.136451483 -2.124213219 -0.185584515 0.024855930 0.054489546 0.980801463
1413393956455760384.000000 -0.434653342 2.151036263 -2.089278698 -0.171121836 0.032331370 0.046353389 0.983627677
1413393956505760512.000000 -0.420850396 2.164681435 -2.054898262 -0.154879898 0.035881493 0.039433610 0.986493647
1413393956555760384.000000 -0.405195206 2.175944805 -2.022209167 -0.137492672 0.035511725 0.034062225 0.989279866
1413393956605760512.000000 -0.393033534 2.187636852 -1.988841057 -0.119069591 0.032793496 0.029291101 0.991911888
1413393956655760384.000000 -0.381486118 2.198475122 -1.955879927 -0.099862702 0.027308799 0.024226043 0.994331360
1413393956705760512.000000 -0.371127874 2.208508492 -1.923303246 -0.080783367 0.019737957 0.019570956 0.996344090
1413393956755760384.000000 -0.361400276 2.217482567 -1.892183661 0.061856996 -0.010954524 -0.015007424 -0.997912109
1413393956805760512.000000 -0.348374486 2.222801208 -1.866314650 -0.042861119 0.004673515 0.010629087 0.999013662
1413393956855760384.000000 -0.337797821 2.231152296 -1.835448980 -0.023587948 0.000035276 0.008302230 0.999687314
1413393956905760512.000000 -0.326772183 2.239289999 -1.804575920 -0.004046429 -0.002507162 0.006517255 0.999967515
1413393956955760384.000000 -0.315683454 2.247264385 -1.773827195 0.015212724 -0.004049015 0.005208784 0.999862611
1413393957005760512.000000 -0.304753006 2.256591797 -1.743351460 -0.033229649 0.005326041 -0.001580760 -0.999432325
1413393957055760384.000000 -0.289552778 2.261969328 -1.718198180 0.051193208 -0.006859886 -0.003026007 0.998660624
1413393957105760512.000000 -0.277518958 2.271605015 -1.686712503 0.068601996 -0.008025243 -0.011872036 0.997541249
1413393957155760384.000000 -0.265011579 2.281261444 -1.654411316 0.086210430 -0.008650868 -0.021575291 0.996005714
1413393957205760512.000000 -0.251603246 2.290424347 -1.621247649 0.105019495 -0.008401318 -0.031048136 0.993949890
1413393957255760384.000000 -0.235582754 2.299062729 -1.596503973 0.124468163 -0.009153904 -0.040615596 0.991349757
1413393957305760512.000000 -0.221577391 2.308367491 -1.562853336 0.144841358 -0.009763295 -0.049389511 0.988173306
1413393957355760384.000000 -0.206966221 2.317456722 -1.529132009 0.165221930 -0.009363764 -0.057985306 0.984505832
1413393957405760512.000000 -0.192455769 2.326655626 -1.494946718 0.184594706 -0.008616190 -0.066118315 0.980550349
1413393957455760384.000000 -0.176337823 2.338218927 -1.470009089 0.203966245 -0.006260505 -0.073527947 0.976192772
1413393957505760512.000000 -0.162745684 2.347115040 -1.434629560 0.221896321 -0.003243233 -0.080568336 0.971730590
1413393957555760384.000000 -0.151572436 2.355866432 -1.398831606 -0.239724904 0.000166329 0.086564206 -0.966974020
1413393957605760512.000000 -0.143037766 2.364575624 -1.362782717 -0.257835746 -0.003638703 0.092344180 -0.961758852
1413393957655760384.000000 -0.138207510 2.376237631 -1.329579949 0.276488572 0.009732424 -0.096570224 0.956103325
1413393957705760512.000000 -0.134955212 2.385085821 -1.293041110 0.295205086 0.018198261 -0.101308353 0.949873388
1413393957755760384.000000 -0.134883568 2.394282103 -1.256307602 0.313747436 0.024941888 -0.106725916 0.943159640
1413393957805760512.000000 -0.137537584 2.404211521 -1.219995022 0.330322236 0.031035768 -0.116368793 0.936152995
1413393957855760384.000000 -0.143270880 2.419838905 -1.190249443 0.345636815 0.034882601 -0.128149331 0.928922117
1413393957905760512.000000 -0.149343789 2.431673527 -1.156752586 0.358673096 0.037250992 -0.141878039 0.921865821
1413393957955760384.000000 -0.155746251 2.443954468 -1.125771999 0.369876713 0.038246315 -0.157754481 0.914790750
1413393958005760512.000000 -0.161098659 2.456376553 -1.097777843 0.378812760 0.035952166 -0.172518402 0.908540428
1413393958055760384.000000 -0.164457053 2.468191624 -1.072257876 0.386307120 0.031952385 -0.184787065 0.903105557
1413393958105760512.000000 -0.162494153 2.484151840 -1.060090542 0.393230557 0.027752753 -0.192235619 0.898690760
1413393958155760384.000000 -0.158927858 2.492179394 -1.042881846 0.399974614 0.023101607 -0.195587829 0.895115733
1413393958205760512.000000 -0.151352078 2.496978283 -1.028777361 0.405688137 0.020010607 -0.197268933 0.892245352
1413393958255760384.000000 -0.141201526 2.498710155 -1.017411828 0.411941856 0.016828740 -0.193561420 0.890255451
1413393958305760512.000000 -0.127938420 2.499454498 -1.008297682 0.417761743 0.011237247 -0.187392563 0.888950467
1413393958355760384.000000 -0.114112377 2.497611284 -1.001195192 0.423206002 0.004779178 -0.178494319 0.888264418
1413393958405760512.000000 -0.101468265 2.494812250 -0.994738817 0.426637203 -0.002226374 -0.172253340 0.887865186
1413393958455760384.000000 -0.091210902 2.491501331 -0.988211513 0.428622156 -0.008001449 -0.168353349 0.887623906
1413393958505760512.000000 -0.083297074 2.487750530 -0.980859756 0.429142624 -0.015248930 -0.166804835 0.887569845
1413393958555760384.000000 -0.078545570 2.484011650 -0.972422838 0.428475529 -0.023389902 -0.167498499 0.887584329
1413393958605760512.000000 -0.068879485 2.486189842 -0.968952417 0.427000374 -0.031624764 -0.169079855 0.887740195
1413393958655760384.000000 -0.069730878 2.482276917 -0.958569288 0.425160766 -0.038077716 -0.171267718 0.887950361
1413393958705760512.000000 -0.072321028 2.477664471 -0.946619034 0.423342437 -0.042764507 -0.173191637 0.888232589
1413393958755760384.000000 -0.075861514 2.471493721 -0.933031738 0.422308415 -0.041650061 -0.172481492 0.888915718
1413393958805760512.000000 -0.082414210 2.465665102 -0.915299594 0.421989590 -0.035494931 -0.170203790 0.889772832
1413393958855760384.000000 -0.087991625 2.457241058 -0.899056494 0.421754897 -0.027051590 -0.167086691 0.890771091
1413393958905760512.000000 -0.096560448 2.448061705 -0.881193399 0.421231180 -0.018833943 -0.164531976 0.891705632
1413393958955760384.000000 -0.107325792 2.437848330 -0.862451613 0.420865387 -0.012650633 -0.161181808 0.892598927
1413393959005760512.000000 -0.119947553 2.426999807 -0.842743397 0.421215743 -0.007680395 -0.155840293 0.893438399
1413393959055760384.000000 -0.134836227 2.415962458 -0.822476268 0.422865272 -0.004561949 -0.146365747 0.894282579
1413393959105760512.000000 -0.141491413 2.387521029 -0.789749324 0.424785107 -0.003283044 -0.136063024 0.895004928
1413393959155760384.000000 -0.155306309 2.377368927 -0.768894136 0.426770240 0.000628305 -0.126093164 0.895526290
1413393959205760512.000000 -0.168006450 2.368228436 -0.747788489 0.427276939 0.006208905 -0.121080525 0.895955026
1413393959255760384.000000 -0.180143356 2.360912561 -0.726570904 0.425311446 0.012645605 -0.122406796 0.896642029
1413393959305760512.000000 -0.197347283 2.358526707 -0.708178461 0.422527581 0.013916229 -0.126466006 0.897375762
1413393959355760384.000000 -0.209081143 2.354893208 -0.688394725 0.419419229 0.012564003 -0.131947994 0.898064256
1413393959405760512.000000 -0.216931909 2.337928295 -0.658669353 0.416817546 0.010331325 -0.137338728 0.898495674
1413393959455760384.000000 -0.226501822 2.336198807 -0.640341699 0.414635360 0.008335154 -0.141153932 0.898934722
1413393959505760512.000000 -0.233003527 2.334270477 -0.622547090 0.412839353 0.010037682 -0.143980339 0.899295688
1413393959555760384.000000 -0.239664435 2.333078861 -0.606012821 0.412246108 0.012892853 -0.144645050 0.899424672
1413393959605760512.000000 -0.245874703 2.328001976 -0.588162541 0.413191229 0.024853555 -0.141212866 0.899285495
1413393959655760384.000000 -0.248701930 2.328446388 -0.575434148 0.414799064 0.041745223 -0.135846853 0.898746192
1413393959705760512.000000 -0.251703858 2.330652952 -0.564710438 0.416592121 0.055028338 -0.129861429 0.898086309
1413393959755760384.000000 -0.255010545 2.335000277 -0.556194186 0.417441308 0.065342531 -0.125802845 0.897578299
1413393959805760512.000000 -0.266040146 2.326871395 -0.539618611 0.416648299 0.064754225 -0.127057672 0.897812605
1413393959855760384.000000 -0.273067564 2.335641384 -0.534988642 0.414550006 0.052354377 -0.132032320 0.898874164
1413393959905760512.000000 -0.279751360 2.346419573 -0.532606721 0.411578208 0.039336443 -0.138649300 0.899906933
1413393959955760384.000000 -0.286056846 2.358263969 -0.532122970 0.408455402 0.025994468 -0.146186203 0.900620997
1413393960005760512.000000 -0.294328243 2.364794970 -0.528627157 0.405969650 0.013832263 -0.151650921 0.901110113
1413393960055760384.000000 -0.299006701 2.377231598 -0.531322896 0.403603017 0.003079393 -0.156715214 0.901407480
1413393960105760512.000000 -0.302633256 2.388888836 -0.534919143 0.401571870 -0.005735512 -0.161275312 0.901497364
1413393960155760384.000000 -0.305819571 2.399446249 -0.538624644 0.399598330 -0.015390699 -0.165778756 0.901444256
1413393960205760512.000000 -0.320897818 2.406227827 -0.538703442 0.397495657 -0.023842119 -0.169198170 0.901554644
1413393960255760384.000000 -0.324002564 2.413552999 -0.541715801 0.395184517 -0.036300018 -0.174349800 0.901173592
1413393960305760512.000000 -0.325940847 2.418457747 -0.544204056 0.393694967 -0.044114850 -0.177616701 0.900838792
1413393960355760384.000000 -0.326271832 2.420264244 -0.545701087 0.393680841 -0.046185553 -0.178343952 0.900597453
1413393960405760512.000000 -0.324775159 2.418331385 -0.545813859 0.396561593 -0.039098535 -0.176260248 0.900079191
1413393960455760384.000000 -0.322713882 2.414151192 -0.545920849 0.401518941 -0.029752234 -0.173675895 0.898740292
1413393960505760512.000000 -0.322485536 2.407741547 -0.544770837 0.408490509 -0.020076867 -0.171667859 0.896249235
1413393960555760384.000000 -0.326601952 2.400110245 -0.542221069 0.417030543 -0.013440748 -0.171920583 0.892383397
1413393960605760512.000000 -0.336509168 2.391155005 -0.537772000 0.427805603 -0.007928465 -0.173142970 0.887096941
1413393960655760384.000000 -0.352490872 2.381290913 -0.531533182 0.440039515 -0.004028848 -0.175381169 0.880676150
1413393960705760512.000000 -0.376394868 2.370294571 -0.518774986 0.453351557 -0.001448765 -0.178670213 0.873239517
1413393960755760384.000000 -0.402871877 2.359799147 -0.509812117 0.466612488 -0.001325751 -0.183498248 0.865216434
1413393960805760512.000000 -0.432939112 2.349142790 -0.500228882 0.480073303 -0.002703142 -0.188657448 0.856697559
1413393960855760384.000000 -0.465928853 2.338465452 -0.489712596 0.490726233 -0.009357754 -0.196054190 0.848918736
1413393960905760512.000000 -0.501940429 2.324529409 -0.477854729 0.499322534 -0.017977810 -0.204253644 0.841804206
1413393960955760384.000000 -0.531783521 2.312746525 -0.469207644 0.507488847 -0.027770801 -0.208079070 0.835695505
1413393961005760512.000000 -0.558550358 2.299212217 -0.460757852 0.513714492 -0.036760103 -0.211031988 0.830789804
1413393961055760384.000000 -0.581411183 2.284081697 -0.452390194 0.519096375 -0.040127676 -0.212933406 0.826793969
1413393961105760512.000000 -0.601078510 2.267637253 -0.444929481 0.523930788 -0.035717696 -0.212473661 0.824060559
1413393961155760384.000000 -0.604224265 2.247535944 -0.439353228 0.527902901 -0.028088279 -0.210593164 0.822301805
1413393961205760512.000000 -0.613182724 2.226295471 -0.432170868 0.532867074 -0.017483713 -0.203214079 0.821249723
1413393961255760384.000000 -0.616673350 2.205268383 -0.426706553 0.540542781 -0.000945409 -0.184517786 0.820832431
1413393961305760512.000000 -0.617753267 2.185254812 -0.422200441 0.548537195 0.016519153 -0.162767828 0.819963872
1413393961355760384.000000 -0.608396053 2.164397955 -0.419588804 0.556540847 0.034642048 -0.138889298 0.818396032
1413393961405760512.000000 -0.602456212 2.148082018 -0.416422367 0.562117815 0.052485786 -0.121091463 0.816459239
1413393961455760384.000000 -0.590101421 2.134462357 -0.413518310 0.564178765 0.063934647 -0.113763370 0.815274596
1413393961505760512.000000 -0.577671766 2.126189947 -0.411674023 0.562203288 0.063891008 -0.119880341 0.815765977
1413393961555760384.000000 -0.572961390 2.127744198 -0.410402060 0.556620896 0.058469851 -0.135399297 0.817570448
1413393961605760512.000000 -0.553223729 2.131698847 -0.413856030 0.551597476 0.049841311 -0.150026530 0.818992198
1413393961655760384.000000 -0.531660080 2.137603760 -0.418672204 0.545424998 0.037994940 -0.167284638 0.820416927
1413393961705760512.000000 -0.505874634 2.145822763 -0.425908923 0.541391909 0.030506661 -0.177985504 0.821148813
1413393961755760384.000000 -0.475135893 2.155040979 -0.435853243 0.539302468 0.029961109 -0.183149889 0.821408212
1413393961805760512.000000 -0.441380829 2.165901423 -0.448359251 0.537319481 0.025328435 -0.187468991 0.821889043
1413393961855760384.000000 -0.392868698 2.198411942 -0.476833105 0.534965992 0.018700330 -0.192996338 0.822322428
1413393961905760512.000000 -0.353165209 2.212312698 -0.495141029 0.533138037 0.012977704 -0.196989775 0.822672725
1413393961955760384.000000 -0.311050236 2.225849628 -0.515275478 0.531800985 0.008169771 -0.200657219 0.822713673
1413393962005760512.000000 -0.265117943 2.241934538 -0.538393140 0.530212760 0.002576307 -0.204275653 0.822884798
1413393962055760384.000000 -0.219567835 2.245698214 -0.554987550 0.529564500 -0.003501378 -0.207086295 0.822596192
1413393962105760512.000000 -0.167602897 2.254650593 -0.579234719 0.528613865 -0.008307903 -0.210676923 0.822261333
1413393962155760384.000000 -0.113643527 2.278572559 -0.613588095 0.527307451 -0.014203621 -0.213273853 0.822349966
1413393962205760512.000000 -0.055827677 2.284234524 -0.640850067 0.526930034 -0.019159356 -0.215505466 0.821909428
1413393962255760384.000000 0.004357994 2.288396358 -0.669066906 0.526551127 -0.022638272 -0.217587695 0.821515143
1413393962305760512.000000 0.065010786 2.293731451 -0.698868275 0.525542021 -0.026943283 -0.219966784 0.821397841
1413393962355760384.000000 0.125078261 2.299422979 -0.727292895 0.523952544 -0.032898914 -0.224384114 0.821001291
1413393962405760512.000000 0.182170063 2.298748255 -0.753847480 0.521291554 -0.040811945 -0.230275318 0.820708811
1413393962455760384.000000 0.234143525 2.296257496 -0.777995229 0.516562283 -0.051604245 -0.237629980 0.820994794
1413393962505760512.000000 0.280295134 2.291932821 -0.799541831 0.510404587 -0.062278382 -0.244039580 0.822224677
1413393962555760384.000000 0.319141269 2.297559500 -0.823217034 0.502669394 -0.070574485 -0.248584062 0.824953794
1413393962605760512.000000 0.356837809 2.287921429 -0.838936687 0.493820876 -0.075244471 -0.251662076 0.828942358
1413393962655760384.000000 0.391813159 2.274577856 -0.852023482 0.483590186 -0.074138924 -0.253240854 0.834573567
1413393962705760512.000000 0.425905973 2.257680416 -0.864033461 -0.472202718 0.067549899 0.252664864 -0.841796935
1413393962755760384.000000 0.452189654 2.243295908 -0.874460816 0.460111231 -0.056456875 -0.249407455 0.850238979
1413393962805760512.000000 0.482727140 2.217805386 -0.883021355 0.446494102 -0.041831039 -0.245708779 0.859372139
1413393962855760384.000000 0.511082113 2.188726425 -0.890686393 0.430836916 -0.026808310 -0.241722628 0.869040310
1413393962905760512.000000 0.536865115 2.157772064 -0.899225533 0.414632857 -0.010404597 -0.236445144 0.878672302
1413393962955760384.000000 0.555089414 2.128252745 -0.907552421 0.396987468 0.003492175 -0.230173826 0.888486803
1413393963005760512.000000 0.573618650 2.091816902 -0.916236699 0.378413111 0.013971255 -0.222623363 0.898358107
1413393963055760384.000000 0.588234067 2.053403854 -0.926070690 0.359677702 0.022705158 -0.213571638 0.908021808
1413393963105760512.000000 0.599749804 2.012823343 -0.937233686 0.340353787 0.031617768 -0.204464912 0.917253435
1413393963155760384.000000 0.605400681 1.971079588 -0.949963748 0.322304547 0.038644578 -0.192712426 0.926006615
1413393963205760512.000000 0.609832823 1.925157785 -0.964212894 0.305726022 0.042221688 -0.176993117 0.934570730
1413393963255760384.000000 0.610947192 1.877978563 -0.980363190 0.289888084 0.045340873 -0.159587339 0.942571461
1413393963305760512.000000 0.607492864 1.830427170 -0.998814523 0.274052918 0.046963684 -0.143598482 0.949773073
1413393963355760384.000000 0.598751783 1.783751488 -1.016143918 0.257206410 0.048119824 -0.129751280 0.956396401
1413393963405760512.000000 0.589626074 1.734395981 -1.035902023 0.239697307 0.047412407 -0.118297413 0.962446392
1413393963455760384.000000 0.577640295 1.685095668 -1.056685328 0.221374989 0.046193272 -0.109162860 0.967958093
1413393963505760512.000000 0.563599706 1.633880615 -1.078235388 0.204386041 0.045166314 -0.099224046 0.972800612
1413393963555760384.000000 0.540720522 1.584946871 -1.098493576 0.188160688 0.044086717 -0.090360872 0.976978481
1413393963605760512.000000 0.521400452 1.534098983 -1.121274948 0.172272459 0.044634089 -0.081837490 0.980628729
1413393963655760384.000000 0.498907894 1.483595490 -1.144835234 0.156835854 0.045744430 -0.075041391 0.983706653
1413393963705760512.000000 0.474478990 1.431400776 -1.170533180 -0.141801029 -0.047566216 0.068881854 -0.986349463
1413393963755760384.000000 0.441711009 1.381018519 -1.191805482 0.126358837 0.048966713 -0.064312540 0.988685787
1413393963805760512.000000 0.411873370 1.330306053 -1.218519568 0.110682070 0.049736157 -0.060970321 0.990736306
1413393963855760384.000000 0.379147768 1.279234171 -1.246291757 0.095210716 0.048615362 -0.058172770 0.992566109
1413393963905760512.000000 0.343409777 1.228201985 -1.275063038 -0.079649560 -0.046659954 0.055766024 -0.994167447
1413393963955760384.000000 0.302263409 1.175268292 -1.299616218 0.063544825 0.043022480 -0.053731643 0.995602429
1413393964005760512.000000 0.261003077 1.123422265 -1.329720974 0.048101291 0.038731080 -0.051186763 0.996777892
1413393964055760384.000000 0.218344659 1.070864081 -1.360539675 0.032811541 0.035748664 -0.047704693 0.997682214
1413393964105760512.000000 0.172417089 1.016945839 -1.391518712 -0.017912978 -0.034146465 0.042653069 -0.998345613
1413393964155760384.000000 0.124082401 0.959533930 -1.416460872 0.004152566 0.032634478 -0.034060605 0.998878181
1413393964205760512.000000 0.075720146 0.904103756 -1.447883010 -0.008553198 0.032213382 -0.023674993 0.999163985
1413393964255760384.000000 0.027309600 0.848183811 -1.480048299 -0.020944085 0.031126803 -0.011645675 0.999228179
1413393964305760512.000000 -0.022029450 0.790788770 -1.513544798 0.032757699 -0.028726485 -0.000836433 -0.999050081
1413393964355760384.000000 -0.069346517 0.733205318 -1.539515257 -0.044752952 0.026607309 0.010657865 0.998586833
1413393964405760512.000000 -0.115669340 0.676902533 -1.574732542 -0.056589399 0.024612844 0.021357803 0.997865558
1413393964455760384.000000 -0.160855860 0.621134698 -1.610906124 -0.068141796 0.023163522 0.030596010 0.996937394
1413393964505760512.000000 -0.204852238 0.565919399 -1.646424770 0.079472825 -0.021529809 -0.039262969 -0.995830774
1413393964555760384.000000 -0.247705385 0.512474775 -1.676692128 -0.090385839 0.021909656 0.048845042 0.994467020
1413393964605760512.000000 -0.289293915 0.459853113 -1.714738846 -0.100516759 0.021854721 0.058691021 0.992962360
1413393964655760384.000000 -0.329913408 0.408914804 -1.753664374 -0.110312544 0.022946976 0.068586357 0.991262078
1413393964705760512.000000 -0.368693024 0.360505819 -1.792976618 0.121056378 -0.025339389 -0.076439232 -0.989373744
1413393964755760384.000000 -0.408033460 0.315822989 -1.827327490 -0.130807012 0.025405198 0.085882388 0.987354219
1413393964805760512.000000 -0.445384353 0.271854311 -1.868901849 -0.140332595 0.023257116 0.095739506 0.985190272
1413393964855760384.000000 -0.482015342 0.230618298 -1.911497474 -0.149945349 0.018834891 0.104028963 0.983025789
1413393964905760512.000000 -0.518050730 0.192548990 -1.954935789 -0.159880415 0.011742303 0.113626361 0.980504692
1413393964955760384.000000 -0.554122090 0.159485996 -1.993818879 -0.168469921 0.001411207 0.125465408 0.977688313
1413393965005760512.000000 -0.588945389 0.128291160 -2.037413359 -0.175401315 -0.009080658 0.141095877 0.974291503
1413393965055760384.000000 -0.621994436 0.101530999 -2.080633640 -0.181958556 -0.018640840 0.158048391 0.970342398
1413393965105760512.000000 -0.653612912 0.079907492 -2.123475552 -0.187828675 -0.028191490 0.176407605 0.965818882
1413393965155760384.000000 -0.684446096 0.066127479 -2.163738728 -0.194567367 -0.036213070 0.193282366 0.960975647
1413393965205760512.000000 -0.711735606 0.057752356 -2.205377579 -0.202868879 -0.044565294 0.205104768 0.956446648
1413393965255760384.000000 -0.735801935 0.057727069 -2.245408058 -0.212696597 -0.056640882 0.210751772 0.952436805
1413393965305760512.000000 -0.756631970 0.065038666 -2.285207272 -0.222822532 -0.068476096 0.210084558 0.949487031
1413393965355760384.000000 -0.775012970 0.080573678 -2.320454597 -0.234122425 -0.081172839 0.201918542 0.947537124
1413393965405760512.000000 -0.789009273 0.103161931 -2.355372190 -0.246314272 -0.091917440 0.183746234 0.947162986
1413393965455760384.000000 -0.798853040 0.132118434 -2.386623859 -0.258353978 -0.100209057 0.159921467 0.947436810
1413393965505760512.000000 -0.804470062 0.165878773 -2.413801908 -0.270693660 -0.104816467 0.128298908 0.948302627
1413393965555760384.000000 -0.804807246 0.204293400 -2.432445288 -0.281656414 -0.108086795 0.095267117 0.948636472
1413393965605760512.000000 -0.804336548 0.242428213 -2.448281527 -0.289803237 -0.107976265 0.068682045 0.948492527
1413393965655760384.000000 -0.800991714 0.280677289 -2.457656860 -0.295650125 -0.105958708 0.047612414 0.948207140
1413393965705760512.000000 -0.794322610 0.317554742 -2.460306644 -0.298447222 -0.097954772 0.037470490 0.948646426
1413393965755760384.000000 -0.786053598 0.352772385 -2.455242395 0.297847092 0.084741525 -0.039937958 -0.950005770
1413393965805760512.000000 -0.771095693 0.386323273 -2.446835041 -0.296437234 -0.065765686 0.043772832 0.951779306
1413393965855760384.000000 -0.756858826 0.417856753 -2.433069229 -0.294667661 -0.044400435 0.047634251 0.953378558
1413393965905760512.000000 -0.743958414 0.447699934 -2.415581465 -0.294172108 -0.030468969 0.048104059 0.954054773
1413393965955760384.000000 -0.732463479 0.476200670 -2.394613743 -0.296098381 -0.022750545 0.041503623 0.953984082
1413393966005760512.000000 -0.723303676 0.501492381 -2.370202065 0.298562437 0.018960586 -0.033137482 -0.953626215
1413393966055760384.000000 -0.712441862 0.525339127 -2.343232155 0.300522089 0.017471042 -0.026860148 -0.953236520
1413393966105760512.000000 -0.699012756 0.545777798 -2.314401865 0.299588561 0.015115337 -0.028848156 -0.953512490
1413393966155760384.000000 -0.682606697 0.562706232 -2.284393311 0.297959596 0.014441389 -0.034538664 -0.953844130
1413393966205760512.000000 -0.661857247 0.577030659 -2.253261805 0.296954274 0.013525227 -0.038318519 -0.954026759
1413393966255760384.000000 -0.636911511 0.588618875 -2.221137524 0.295957536 0.013810354 -0.040889986 -0.954225600
1413393966305760512.000000 -0.604106247 0.599071205 -2.188195229 -0.297262341 -0.016444756 0.036017295 0.953974545
1413393966355760384.000000 -0.570215881 0.605615795 -2.153666735 -0.299690932 -0.016586069 0.026854143 0.953514099
1413393966405760512.000000 -0.531416535 0.608238757 -2.119044304 -0.302410543 -0.011678154 0.015035332 0.952987731
1413393966455760384.000000 -0.490181178 0.606793821 -2.083206415 -0.303305328 -0.002798190 0.008687757 0.952849805
1413393966505760512.000000 -0.445829391 0.599644423 -2.045176983 -0.302385211 0.010253285 0.007173434 0.953103662
1413393966555760384.000000 -0.403790832 0.589763224 -2.005883932 -0.299775451 0.025111955 0.009149135 0.953635335
1413393966605760512.000000 -0.364563197 0.576352835 -1.965428710 -0.297271430 0.038239557 0.011632727 0.953956068
1413393966655760384.000000 -0.328436464 0.559624314 -1.923917174 -0.295241505 0.048752856 0.014360094 0.954069972
1413393966705760512.000000 -0.297674477 0.538879752 -1.879690886 -0.293561935 0.057815194 0.016814217 0.954042017
1413393966755760384.000000 -0.268710524 0.514344335 -1.838786006 -0.292424053 0.064593486 0.019203927 0.953911483
1413393966805760512.000000 -0.243122995 0.486178219 -1.798347712 -0.291731179 0.069069743 0.020542711 0.953782141
1413393966855760384.000000 -0.221174493 0.454726368 -1.758556843 -0.290695161 0.069367535 0.024924604 0.953972399
1413393966905760512.000000 -0.203532562 0.419401884 -1.718965650 -0.288799524 0.063811041 0.034018375 0.954654813
1413393966955760384.000000 -0.188459188 0.381804168 -1.680652022 -0.286096811 0.057804883 0.047973935 0.955251694
1413393967005760512.000000 -0.176364690 0.341932535 -1.643066287 -0.283967465 0.050146017 0.065880291 0.955252707
1413393967055760384.000000 -0.166075096 0.300921470 -1.606267929 -0.282953769 0.044069294 0.081784144 0.954623759
1413393967105760512.000000 -0.159879714 0.261444032 -1.566858768 -0.282999188 0.039227653 0.094825469 0.953614652
1413393967155760384.000000 -0.152907565 0.219577894 -1.532253742 -0.284835666 0.035852280 0.103834502 0.952261329
1413393967205760512.000000 -0.147495016 0.178115770 -1.498587608 -0.287349284 0.033727288 0.111457750 0.950720787
1413393967255760384.000000 -0.143397361 0.137368679 -1.466275215 -0.292505682 0.034808084 0.115231499 0.948657274
1413393967305760512.000000 -0.142883807 0.100005835 -1.432262301 -0.299344569 0.036439281 0.118192837 0.946094871
1413393967355760384.000000 -0.142943472 0.060891584 -1.401874661 -0.308804452 0.038637258 0.118732475 0.942894340
1413393967405760512.000000 -0.145334929 0.022519916 -1.372595310 -0.319993496 0.042051781 0.119761594 0.938878596
1413393967455760384.000000 -0.150068939 -0.015299305 -1.343970656 -0.331959277 0.046532225 0.122806311 0.934107304
1413393967505760512.000000 -0.158226922 -0.046702117 -1.314868450 -0.343464971 0.050763592 0.128774658 0.928909004
1413393967555760384.000000 -0.165600806 -0.083818614 -1.289406061 -0.356563121 0.051995412 0.133373544 0.923239231
1413393967605760512.000000 -0.173437268 -0.120942101 -1.265897036 -0.369129449 0.052364886 0.140559211 0.917193890
1413393967655760384.000000 -0.181433201 -0.157867655 -1.244749665 -0.382118195 0.052001771 0.147399053 0.910799146
1413393967705760512.000000 -0.188275188 -0.193786711 -1.226317167 0.396755785 -0.050892998 -0.151501358 -0.903903782
1413393967755760384.000000 -0.194892526 -0.229895979 -1.210072517 0.410959691 -0.048899211 -0.156295478 -0.896823704
1413393967805760512.000000 -0.200160414 -0.266502053 -1.196944237 0.424889773 -0.046684187 -0.160759971 -0.889632285
1413393967855760384.000000 -0.205056921 -0.309440345 -1.199853778 0.436321259 -0.041678477 -0.164967194 -0.883556783
1413393967905760512.000000 -0.207357019 -0.346585393 -1.191665173 0.446295321 -0.031731676 -0.173865482 -0.877259612
1413393967955760384.000000 -0.206245393 -0.382240087 -1.185485721 0.453820765 -0.019119700 -0.183449164 -0.871795595
1413393968005760512.000000 -0.197701037 -0.398074031 -1.169367790 -0.460302085 0.007053982 0.194337383 0.866201699
1413393968055760384.000000 -0.187687561 -0.429583907 -1.167102575 -0.466825068 -0.001859264 0.197614253 0.861985803
1413393968105760512.000000 -0.172948077 -0.458642453 -1.166213512 -0.472140908 -0.006620928 0.199507385 0.858624458
1413393968155760384.000000 -0.153984383 -0.485251009 -1.165971041 -0.476294190 -0.007574949 0.201088563 0.855949700
1413393968205760512.000000 -0.135245696 -0.512539387 -1.165829897 0.478805780 0.005956639 -0.204951718 -0.853641868
1413393968255760384.000000 -0.115001634 -0.535452843 -1.165706038 0.479461491 0.004648610 -0.210275620 -0.851985514
1413393968305760512.000000 -0.095721930 -0.555828989 -1.165410995 0.479874164 0.005949087 -0.213135630 -0.851033866
1413393968355760384.000000 -0.078002006 -0.573429406 -1.164477944 0.482169598 0.012231812 -0.209079042 -0.850675523
1413393968405760512.000000 -0.061491266 -0.588389218 -1.162603855 0.485081106 0.020720970 -0.200871870 -0.850833416
1413393968455760384.000000 -0.046481848 -0.601013601 -1.159114599 0.487784952 0.027430009 -0.192226171 -0.851094902
1413393968505760512.000000 -0.037122890 -0.612878859 -1.154886007 -0.490500182 -0.028449487 0.182390988 0.851665318
1413393968555760384.000000 -0.024954215 -0.621767402 -1.146910310 -0.492710263 -0.027714336 0.173860341 0.852197886
1413393968605760512.000000 -0.015146464 -0.629051328 -1.136328459 -0.494501084 -0.028684327 0.168180749 0.852268279
1413393968655760384.000000 -0.007506624 -0.635226130 -1.123187304 -0.496240973 -0.029976701 0.166090384 0.851622164
1413393968705760512.000000 -0.002148002 -0.640644670 -1.107591391 -0.498030037 -0.031115415 0.167939886 0.850173056
1413393968755760384.000000 0.005438894 -0.645526171 -1.088906050 0.500467896 0.031626243 -0.170266539 -0.848257601
1413393968805760512.000000 0.008053154 -0.648577452 -1.068558097 0.504820228 0.027934656 -0.171275079 -0.845601082
1413393968855760384.000000 0.009886757 -0.650515735 -1.045992613 0.511223078 0.020236334 -0.170622543 -0.842098296
1413393968905760512.000000 0.009722427 -0.651455045 -1.021709442 0.519087255 0.009030009 -0.170397118 -0.837515235
1413393968955760384.000000 0.003519729 -0.660488427 -0.998842120 -0.526703119 0.004729847 0.173889339 0.832060099
1413393969005760512.000000 -0.001840517 -0.660479367 -0.970758915 -0.534604013 0.017237453 0.180347338 0.825455248
1413393969055760384.000000 -0.009673402 -0.661032438 -0.942266166 -0.543827176 0.028166611 0.185540006 0.817944765
1413393969105760512.000000 -0.018664569 -0.662310898 -0.914071739 -0.554304361 0.036777679 0.189258784 0.809675992
1413393969155760384.000000 -0.026213750 -0.665241122 -0.886549413 0.566650033 -0.041005671 -0.189822614 -0.800745726
1413393969205760512.000000 -0.035799623 -0.668760955 -0.861594498 -0.579400122 0.041763205 0.191026017 0.791239858
1413393969255760384.000000 -0.044328287 -0.672264099 -0.836164892 -0.592282176 0.042194560 0.192516536 0.781254709
1413393969305760512.000000 -0.053005427 -0.676427484 -0.811064065 -0.604098320 0.040245242 0.197743699 0.770936430
1413393969355760384.000000 -0.060999364 -0.681793451 -0.786660612 -0.614886701 0.039747354 0.204288572 0.760658085
1413393969405760512.000000 -0.067243814 -0.701790690 -0.766246557 -0.624039590 0.041492112 0.213470414 0.750522137
1413393969455760384.000000 -0.073865771 -0.708962917 -0.743545651 -0.631638288 0.047149647 0.224684134 0.740491152
1413393969505760512.000000 -0.080396459 -0.716864109 -0.722010136 -0.637405276 0.056618396 0.238334313 0.730551660
1413393969555760384.000000 -0.086812988 -0.725546658 -0.702508271 -0.644150257 0.063753262 0.249236047 0.720338404
1413393969605760512.000000 -0.092568666 -0.746447742 -0.686591148 0.649743378 -0.066550925 -0.261477649 -0.710657418
1413393969655760384.000000 -0.098876894 -0.755694032 -0.672923207 0.656559765 -0.067699440 -0.271184176 -0.700574994
1413393969705760512.000000 -0.103199169 -0.764084220 -0.663711548 0.663044393 -0.066788264 -0.279377043 -0.691274166
1413393969755760384.000000 -0.106131941 -0.772645473 -0.658290863 0.668045104 -0.065563858 -0.287291676 -0.683286726
1413393969805760512.000000 -0.105560407 -0.779448390 -0.658949971 0.672046661 -0.064917363 -0.294027418 -0.676525652
1413393969855760384.000000 -0.101935983 -0.787071645 -0.664142728 0.675834656 -0.064931363 -0.298447281 -0.670791149
1413393969905760512.000000 -0.095413402 -0.794209063 -0.674706340 0.679902315 -0.064252824 -0.299616009 -0.666209221
1413393969955760384.000000 -0.085495040 -0.801672578 -0.691051722 0.685385883 -0.060864873 -0.295739979 -0.662630856
1413393970005760512.000000 -0.073521063 -0.808827400 -0.712064803 0.690794647 -0.051144421 -0.290258288 -0.660255432
1413393970055760384.000000 -0.059146374 -0.815313995 -0.737058759 0.697362542 -0.036563661 -0.279211730 -0.659082234
1413393970105760512.000000 -0.039188206 -0.843774080 -0.763738453 0.702486992 -0.019787330 -0.269309521 -0.658477724
1413393970155760384.000000 -0.026342154 -0.849711180 -0.790291369 0.706137896 -0.005596034 -0.262317091 -0.657668471
1413393970205760512.000000 -0.015916228 -0.855522156 -0.815520883 0.707852721 0.004894401 -0.258648008 -0.657283664
1413393970255760384.000000 -0.007609993 -0.860646129 -0.838770390 0.708769739 0.011074855 -0.256434202 -0.657087803
1413393970305760512.000000 -0.000036269 -0.865269303 -0.859445453 0.709056914 0.014664792 -0.254957795 -0.657282114
1413393970355760384.000000 0.002855539 -0.860038996 -0.877164304 0.708726585 0.017357621 -0.254724413 -0.657663167
1413393970405760512.000000 0.006511360 -0.861100793 -0.894915164 0.708363295 0.019053200 -0.254137248 -0.658234537
1413393970455760384.000000 0.010578364 -0.860351920 -0.911426783 0.708396018 0.019484336 -0.252166271 -0.658944368
1413393970505760512.000000 0.016034991 -0.857984006 -0.927341998 0.709711671 0.016228260 -0.246832818 -0.659635961
1413393970555760384.000000 0.023052126 -0.855455995 -0.941370964 0.711000264 0.010849452 -0.241019011 -0.660508037
1413393970605760512.000000 0.030017853 -0.851102471 -0.954686701 0.712522388 0.007739389 -0.234438106 -0.661279619
1413393970655760384.000000 0.037137002 -0.845939159 -0.966570258 0.715049922 0.005579207 -0.225484863 -0.661686659
1413393970705760512.000000 0.041924387 -0.840417266 -0.976326406 0.718039989 0.006185976 -0.215668008 -0.661715746
1413393970755760384.000000 0.047247127 -0.827276230 -0.986576259 0.721536279 0.012261870 -0.204946473 -0.661235213
1413393970805760512.000000 0.046617880 -0.822203815 -0.990211368 0.724938214 0.023090815 -0.194204167 -0.660466731
1413393970855760384.000000 0.043922141 -0.817476690 -0.989758313 0.727916360 0.034492150 -0.185799792 -0.659110487
1413393970905760512.000000 0.040902153 -0.812766671 -0.984491050 0.730122149 0.043583166 -0.178961322 -0.658023655
1413393970955760384.000000 0.036386624 -0.810810447 -0.973870516 0.731447816 0.047591176 -0.174566388 -0.657454133
1413393971005760512.000000 0.036807567 -0.805952430 -0.959142983 0.731693208 0.045375060 -0.173065647 -0.657734394
1413393971055760384.000000 0.040632993 -0.800650477 -0.940186560 0.730493367 0.034951527 -0.175392717 -0.659086704
1413393971105760512.000000 0.046677843 -0.796450615 -0.916815758 0.728668630 0.020417774 -0.178644702 -0.660841346
1413393971155760384.000000 0.061287567 -0.778507710 -0.890293539 0.728254437 0.004965699 -0.175856203 -0.662340879
1413393971205760512.000000 0.077637888 -0.776983619 -0.862026274 0.727850139 -0.013793088 -0.170516893 -0.664054155
1413393971255760384.000000 0.098573543 -0.777738631 -0.831789374 0.727954388 -0.030228155 -0.162874311 -0.665312469
1413393971305760512.000000 0.122515380 -0.782467961 -0.799675763 0.728523850 -0.045376759 -0.152786538 -0.666220903
1413393971355760384.000000 0.143284082 -0.786725044 -0.764228880 0.729294598 -0.057460774 -0.143064067 -0.666603565
1413393971405760512.000000 0.163410544 -0.799548090 -0.726246238 0.729517400 -0.066261485 -0.136532530 -0.666912854
1413393971455760384.000000 0.180339605 -0.816856921 -0.684813321 0.727421522 -0.070338659 -0.139346465 -0.668201387
1413393971505760512.000000 0.193184346 -0.838720620 -0.640219867 0.723298073 -0.069430850 -0.151462078 -0.670133233
1413393971555760384.000000 0.203202724 -0.864190936 -0.594370782 0.717276394 -0.066774711 -0.171196669 -0.672121584
1413393971605760512.000000 0.205607712 -0.883306086 -0.547495842 0.708968997 -0.070046492 -0.196561992 -0.673661530
1413393971655760384.000000 0.215504915 -0.916656971 -0.499981463 0.699673057 -0.077392139 -0.222691253 -0.674445510
1413393971705760512.000000 0.226893157 -0.952701807 -0.454634666 0.691388011 -0.089682236 -0.245681822 -0.673483670
1413393971755760384.000000 0.239124611 -0.991046429 -0.413059890 0.683322549 -0.104664236 -0.267670751 -0.671169221
1413393971805760512.000000 0.244936854 -1.024662614 -0.376520157 0.676917076 -0.116932556 -0.285863936 -0.668125689
1413393971855760384.000000 0.257218629 -1.066679239 -0.345799446 0.672682822 -0.124665715 -0.299545348 -0.665002942
1413393971905760512.000000 0.269876778 -1.110046864 -0.322107077 0.672469795 -0.124503858 -0.305104136 -0.662717700
1413393971955760384.000000 0.282458663 -1.154601216 -0.305519104 0.675645411 -0.116321810 -0.304782391 -0.661120415
1413393972005760512.000000 0.295339286 -1.198156118 -0.294191360 0.680338502 -0.106021576 -0.301629484 -0.659483671
1413393972055760384.000000 0.307585835 -1.243330956 -0.289122820 0.685532153 -0.093228027 -0.296443284 -0.658388674
1413393972105760512.000000 0.306526303 -1.281544924 -0.286888838 0.688555062 -0.084078096 -0.295532197 -0.656874061
1413393972155760384.000000 0.310890794 -1.327024221 -0.286387324 0.688325107 -0.075743154 -0.301481664 -0.655423820
1413393972205760512.000000 0.309369296 -1.372204542 -0.286652088 0.686797559 -0.066775136 -0.309268802 -0.654372275
1413393972255760384.000000 0.302174628 -1.415688038 -0.288362861 0.686259806 -0.056449831 -0.313872427 -0.653716385
1413393972305760512.000000 0.294390976 -1.457199216 -0.291975141 0.691158116 -0.043365311 -0.305535197 -0.653504610
1413393972355760384.000000 0.283904523 -1.497612357 -0.299106598 0.698021531 -0.031201821 -0.290482014 -0.653768003
1413393972405760512.000000 0.269200385 -1.532407761 -0.306497693 0.703548849 -0.020536540 -0.276407063 -0.654367208
1413393972455760384.000000 0.259866506 -1.570680261 -0.315507770 0.708302259 -0.010737024 -0.263212293 -0.654913664
1413393972505760512.000000 0.250199407 -1.607797623 -0.324409008 0.710265040 0.001532339 -0.256424427 -0.655566812
1413393972555760384.000000 0.240377784 -1.643304586 -0.332464218 0.709941387 0.015029881 -0.256592065 -0.655681193
1413393972605760512.000000 0.230405360 -1.668318272 -0.349807262 0.708891451 0.024390716 -0.258535773 -0.655772269
1413393972655760384.000000 0.222834557 -1.699739218 -0.356194615 0.708735824 0.029367249 -0.259534836 -0.655341744
1413393972705760512.000000 0.216057062 -1.728402615 -0.361193299 0.709280968 0.031984646 -0.259035736 -0.654826760
1413393972755760384.000000 0.209024638 -1.754920602 -0.364305735 0.710084677 0.033116922 -0.258513272 -0.654105544
1413393972805760512.000000 0.201276630 -1.777977943 -0.365474939 0.711920142 0.031969450 -0.255925208 -0.653184593
1413393972855760384.000000 0.194308817 -1.799842834 -0.365248322 0.713909149 0.030587304 -0.253641665 -0.651969373
1413393972905760512.000000 0.187264264 -1.819355488 -0.363210797 0.715850294 0.030677404 -0.250948638 -0.650878012
1413393972955760384.000000 0.184187770 -1.831897259 -0.358892560 0.718520939 0.031026609 -0.247736171 -0.649146974
1413393973005760512.000000 0.178877294 -1.846113920 -0.353485584 0.720982671 0.032608837 -0.243711859 -0.647862017
1413393973055760384.000000 0.175119996 -1.858484745 -0.345769882 0.723463893 0.030735042 -0.238223687 -0.647228599
1413393973105760512.000000 0.172098726 -1.869057178 -0.335773826 0.725944459 0.026616419 -0.232446045 -0.646734178
1413393973155760384.000000 0.169940114 -1.878886104 -0.323960781 0.728235066 0.020651398 -0.225779682 -0.646738589
1413393973205760512.000000 0.168570280 -1.887991667 -0.309097767 0.730377972 0.013461948 -0.218000248 -0.647180557
1413393973255760384.000000 0.168571919 -1.897325277 -0.291955471 0.732871234 0.004539934 -0.208450153 -0.647632420
1413393973305760512.000000 0.169401109 -1.907085180 -0.272243738 0.735295236 -0.006206846 -0.197996944 -0.648150980
1413393973355760384.000000 0.173838288 -1.912457943 -0.253574848 0.737180352 -0.015649294 -0.188586518 -0.648656547
1413393973405760512.000000 0.176797628 -1.924159050 -0.229251623 0.738556087 -0.026040005 -0.179277748 -0.649396956
1413393973455760384.000000 0.180746526 -1.938207150 -0.202549219 0.739507079 -0.034334213 -0.170500919 -0.650292158
1413393973505760512.000000 0.185712218 -1.955129385 -0.173386812 0.740828931 -0.042143326 -0.160975963 -0.650755882
1413393973555760384.000000 0.189301401 -1.974326730 -0.144780874 0.741049707 -0.048291743 -0.155675501 -0.651366591
1413393973605760512.000000 0.194419265 -1.998958230 -0.110156536 0.740246832 -0.053688541 -0.153849527 -0.652290344
1413393973655760384.000000 0.200386435 -2.027516603 -0.073135853 0.737219214 -0.061773662 -0.158847705 -0.653803766
1413393973705760512.000000 0.206049532 -2.060536623 -0.033997297 0.731163085 -0.069756337 -0.173758835 -0.656004965
1413393973755760384.000000 0.210364342 -2.098316193 -0.000062704 0.722473800 -0.076911375 -0.195850879 -0.658603668
1413393973805760512.000000 0.216101140 -2.139199257 0.040424585 0.712524593 -0.083882980 -0.220723748 -0.660721898
1413393973855760384.000000 0.221698821 -2.183263779 0.079527378 0.700134039 -0.092782721 -0.250687331 -0.662087381
1413393973905760512.000000 0.227236748 -2.229658604 0.115632296 0.686689317 -0.102169387 -0.280766159 -0.662713826
1413393973955760384.000000 0.233886063 -2.277173996 0.140177727 0.673748195 -0.105179705 -0.310150564 -0.662425280
1413393974005760512.000000 0.236822784 -2.326534033 0.165712833 0.661454141 -0.094914399 -0.338012427 -0.662734687
1413393974055760384.000000 0.238299847 -2.375867367 0.184462309 0.650440395 -0.077449948 -0.364148796 -0.662060738
1413393974105760512.000000 0.238484502 -2.424428463 0.195494652 0.639815509 -0.054596726 -0.388095349 -0.661088049
1413393974155760384.000000 0.242362142 -2.465625048 0.191737413 0.631060004 -0.029114867 -0.407487065 -0.659446716
1413393974205760512.000000 0.242274046 -2.503754616 0.184965134 0.626835465 0.002373939 -0.416008979 -0.658792973
1413393974255760384.000000 0.243387222 -2.533571243 0.169349194 0.627138674 0.037091240 -0.413285047 -0.659178913
1413393974305760512.000000 0.244884729 -2.554703236 0.146759510 0.629838943 0.069077246 -0.404646814 -0.659387827
1413393974355760384.000000 0.248623848 -2.564282894 0.119286299 0.632468402 0.096126795 -0.394825488 -0.659436345
1413393974405760512.000000 0.252995491 -2.562290192 0.089108467 0.635708690 0.119146332 -0.383235812 -0.659400463
1413393974455760384.000000 0.259233236 -2.548863649 0.057376623 0.640437722 0.138421267 -0.366671145 -0.660478175
1413393974505760512.000000 0.270603895 -2.522671223 0.022924900 0.646384776 0.152943730 -0.345668525 -0.662803352
1413393974555760384.000000 0.283534825 -2.485759258 -0.008697748 0.653242111 0.161793426 -0.321676672 -0.666049361
1413393974605760512.000000 0.299502730 -2.438214302 -0.037384510 0.660733640 0.162336856 -0.297469467 -0.669768453
1413393974655760384.000000 0.321669221 -2.372077465 -0.067121506 -0.667998850 -0.155621588 0.272814214 0.674634695
1413393974705760512.000000 0.341929734 -2.308621883 -0.086467981 -0.676626205 -0.142804518 0.246659890 0.678927720
1413393974755760384.000000 0.364220262 -2.240220308 -0.100501299 -0.683984220 -0.126736552 0.224284783 0.682495296
1413393974805760512.000000 0.386544555 -2.168124437 -0.109004498 -0.690317750 -0.110433094 0.204614609 0.685126841
1413393974855760384.000000 0.406477630 -2.088588476 -0.112612724 0.694602966 0.088718772 -0.193143308 -0.687278271
1413393974905760512.000000 0.426598251 -2.009540319 -0.108538628 -0.696974933 -0.064662695 0.188756093 0.688778579
1413393974955760384.000000 0.443194181 -1.932209611 -0.100540519 -0.699040294 -0.042315550 0.185586289 0.689282119
1413393975005760512.000000 0.457333446 -1.855198503 -0.087943673 -0.700224340 -0.020786844 0.184418023 0.689379334
1413393975055760384.000000 0.468402505 -1.779469848 -0.071184397 -0.700270116 -0.002420093 0.186424866 0.689102173
1413393975105760512.000000 0.475670874 -1.702986240 -0.049057841 0.699971855 -0.012634781 -0.189190447 -0.688539624
1413393975155760384.000000 0.481980503 -1.631502867 -0.026451468 0.698508799 -0.025444768 -0.195036411 -0.688039958
1413393975205760512.000000 0.487006754 -1.561977029 -0.002179742 0.697144151 -0.032269567 -0.201037213 -0.687410176
1413393975255760384.000000 0.492385924 -1.494905114 0.023192763 0.695480824 -0.036406144 -0.207433075 -0.686988115
1413393975305760512.000000 0.495787948 -1.425873995 0.051488400 0.694257617 -0.037999444 -0.212324649 -0.686644554
1413393975355760384.000000 0.505448103 -1.363087654 0.076294303 0.695427954 -0.037719671 -0.209708586 -0.686279535
1413393975405760512.000000 0.515960574 -1.303003192 0.101532340 0.697289228 -0.037553947 -0.204652354 -0.685926318
1413393975455760384.000000 0.527692914 -1.245748520 0.127429843 0.699620903 -0.035736654 -0.196739703 -0.685964286
1413393975505760512.000000 0.535237491 -1.188448191 0.155420661 0.701744437 -0.036122780 -0.189121246 -0.685917735
1413393975555760384.000000 0.548689008 -1.137802720 0.182762027 0.703531265 -0.035701927 -0.182650059 -0.685863078
1413393975605760512.000000 0.562959492 -1.090281963 0.211578846 0.704519987 -0.036499232 -0.178333446 -0.685942113
1413393975655760384.000000 0.577577472 -1.046463490 0.241991758 0.704551816 -0.038538832 -0.177135244 -0.686108351
1413393975705760512.000000 0.584854007 -1.003807306 0.276782036 0.702789664 -0.044038169 -0.182191670 -0.686260581
1413393975755760384.000000 0.599519491 -0.967276812 0.310298860 0.700548053 -0.050090514 -0.190293968 -0.685938478
1413393975805760512.000000 0.614488244 -0.934216321 0.344533026 0.698766351 -0.055609707 -0.198518857 -0.684998930
1413393975855760384.000000 0.630332470 -0.904236555 0.378609061 0.697496414 -0.063735962 -0.205729023 -0.683456004
1413393975905760512.000000 0.642024577 -0.873735428 0.411826313 0.696476638 -0.071793668 -0.213344887 -0.681358874
1413393975955760384.000000 0.657275558 -0.849383175 0.444725245 0.696583033 -0.072937876 -0.218678311 -0.679435074
1413393976005760512.000000 0.671784759 -0.827715516 0.476615012 0.697279215 -0.069570914 -0.223957881 -0.677351058
1413393976055760384.000000 0.683497906 -0.808433175 0.508281827 0.698837459 -0.062256537 -0.227484941 -0.675278544
1413393976105760512.000000 0.690923870 -0.789432287 0.538126111 0.700437605 -0.055073436 -0.230641380 -0.673170626
1413393976155760384.000000 0.698162913 -0.773405731 0.569978237 0.701844156 -0.050914530 -0.233198896 -0.671148837
1413393976205760512.000000 0.702466667 -0.758997142 0.602412999 0.702388227 -0.048926447 -0.237512022 -0.669212222
1413393976255760384.000000 0.704473972 -0.745487154 0.634717226 0.702283382 -0.050695308 -0.241621852 -0.667717814
1413393976305760512.000000 0.700549483 -0.734171152 0.663722813 0.702068686 -0.055275209 -0.244987339 -0.666352332
1413393976355760384.000000 0.700881064 -0.722986639 0.694664240 0.702148199 -0.062549368 -0.246212170 -0.665172994
1413393976405760512.000000 0.702664018 -0.713414192 0.723667383 0.701786697 -0.069352597 -0.245732665 -0.665057302
1413393976455760384.000000 0.706268191 -0.705556273 0.750172317 0.699546516 -0.074578710 -0.246230900 -0.666665614
1413393976505760512.000000 0.707228601 -0.704538584 0.771429479 0.695087671 -0.075575739 -0.248821676 -0.670245707
1413393976555760384.000000 0.714248061 -0.700600147 0.792186320 0.690184891 -0.073530421 -0.250291258 -0.674975872
1413393976605760512.000000 0.720700383 -0.698015332 0.810547650 0.685148358 -0.070136562 -0.252165467 -0.679753780
1413393976655760384.000000 0.724612772 -0.697229981 0.826800287 0.680162013 -0.067361124 -0.253606260 -0.684489608
1413393976705760512.000000 0.722420156 -0.698673010 0.842602193 0.674852073 -0.068905346 -0.255685061 -0.688804746
1413393976755760384.000000 0.721304178 -0.698780894 0.856835485 0.669881463 -0.069988191 -0.257761657 -0.692762196
1413393976805760512.000000 0.716827035 -0.699140191 0.869622290 0.665070176 -0.069399379 -0.261339515 -0.696108520
1413393976855760384.000000 0.709171057 -0.699549079 0.880027413 0.660579801 -0.063751847 -0.265892684 -0.699193299
1413393976905760512.000000 0.694193602 -0.709043503 0.889620781 0.656429648 -0.052695956 -0.270980686 -0.702063262
1413393976955760384.000000 0.686446190 -0.710188985 0.894268095 0.653522551 -0.041675717 -0.274836868 -0.704014361
1413393977005760512.000000 0.678947210 -0.711498857 0.896098971 0.652466416 -0.027654631 -0.274984747 -0.705624700
1413393977055760384.000000 0.672686577 -0.710830450 0.895255208 0.653604627 -0.015393191 -0.270697355 -0.706602514
1413393977105760512.000000 0.667732656 -0.708263755 0.892646849 0.655682623 -0.005319446 -0.264779866 -0.707066953
1413393977155760384.000000 0.666688442 -0.702950835 0.888181865 0.658008218 -0.000780605 -0.257515609 -0.707608938
1413393977205760512.000000 0.669207513 -0.695407033 0.882340193 0.661012530 0.001912039 -0.249707252 -0.707605183
1413393977255760384.000000 0.675409734 -0.686097741 0.875611186 0.663566470 0.001450173 -0.243011221 -0.707547188
1413393977305760512.000000 0.684058428 -0.675712109 0.868797839 0.665862024 -0.000162329 -0.236784741 -0.707503200
1413393977355760384.000000 0.694484591 -0.666719675 0.862492204 0.668030083 -0.001303105 -0.232414544 -0.706907153
1413393977405760512.000000 0.703046620 -0.674958467 0.858642936 -0.670634508 0.002714750 0.226766825 0.706271052
1413393977455760384.000000 0.718969285 -0.663761258 0.852270365 -0.672141731 0.003393020 0.225012541 0.705395937
1413393977505760512.000000 0.734330654 -0.653606534 0.847151101 -0.674202919 0.001233368 0.222445175 0.704249263
1413393977555760384.000000 0.755665362 -0.639180660 0.841461241 0.675756097 -0.000005806 -0.221759558 -0.702976882
1413393977605760512.000000 0.771848738 -0.631223321 0.839658201 -0.677027941 -0.001042160 0.221732184 0.701759994
1413393977655760384.000000 0.785512090 -0.618824959 0.839143753 -0.678187013 -0.001777309 0.221896172 0.700586438
1413393977705760512.000000 0.796266854 -0.605805516 0.840930164 -0.679537177 -0.002527743 0.221861988 0.699285448
1413393977755760384.000000 0.804176509 -0.592880487 0.845395386 0.680640817 0.002630519 -0.222964808 -0.697859526
1413393977805760512.000000 0.818985522 -0.584679604 0.850076318 0.681740642 0.001982124 -0.223645970 -0.696568966
1413393977855760384.000000 0.825785697 -0.570370197 0.857680142 0.683064401 0.002050552 -0.223576039 -0.695293188
1413393977905760512.000000 0.833120406 -0.556013942 0.866537333 0.684466243 0.001462080 -0.223748848 -0.693859041
1413393977955760384.000000 0.841282487 -0.543018341 0.876543283 0.685694873 0.000929612 -0.224902794 -0.692271888
1413393978005760512.000000 0.854096711 -0.531236887 0.887581944 0.686669469 0.000020109 -0.226987362 -0.690624237
1413393978055760384.000000 0.863734961 -0.516899228 0.899593353 0.687602758 -0.001550869 -0.230028912 -0.688684881
1413393978105760512.000000 0.874258518 -0.502321839 0.912405550 0.688314021 -0.003649041 -0.233508199 -0.686792910
1413393978155760384.000000 0.885798037 -0.488756299 0.926873922 0.688700438 -0.006800137 -0.237093985 -0.685151041
1413393978205760512.000000 0.904886186 -0.471267939 0.934972167 0.689435542 -0.010539180 -0.240286708 -0.683249474
1413393978255760384.000000 0.916595757 -0.456453562 0.949179649 0.691284180 -0.015008373 -0.243005961 -0.680330217
1413393978305760512.000000 0.928563178 -0.441629291 0.963149309 0.694065750 -0.019357352 -0.245321587 -0.676546633
1413393978355760384.000000 0.940995932 -0.426862121 0.976830900 0.697911441 -0.026087003 -0.247735083 -0.671465933
1413393978405760512.000000 0.958188176 -0.411103845 0.988782287 0.702546656 -0.030993164 -0.250040650 -0.665542901
1413393978455760384.000000 0.970602989 -0.397115111 1.000386238 0.708549917 -0.037977092 -0.251863152 -0.658087909
1413393978505760512.000000 0.982793450 -0.383914471 1.010941267 0.715169370 -0.043764528 -0.254224837 -0.649605453
1413393978555760384.000000 0.996000648 -0.372441649 1.020166874 0.723090231 -0.048697215 -0.255189151 -0.640037239
1413393978605760512.000000 1.012982845 -0.346550345 1.018640518 0.730878055 -0.049717624 -0.259838820 -0.629149616
1413393978655760384.000000 1.024011493 -0.337606430 1.025566459 0.739234030 -0.050988376 -0.263615966 -0.617608309
1413393978705760512.000000 1.034398913 -0.329803705 1.031496763 0.747390389 -0.050349791 -0.268826813 -0.605478942
1413393978755760384.000000 1.045179248 -0.322135687 1.036269426 0.755439222 -0.048967868 -0.275536567 -0.592446983
1413393978805760512.000000 1.055541635 -0.316197515 1.040124178 0.762894392 -0.048219599 -0.281663060 -0.579942286
1413393978855760384.000000 1.070007563 -0.310194016 1.038345337 0.770607054 -0.048688956 -0.287492126 -0.566694379
1413393978905760512.000000 1.080793500 -0.306014180 1.039279580 0.778927088 -0.049592666 -0.291265100 -0.553152740
1413393978955760384.000000 1.091437340 -0.302542090 1.038740039 0.786904693 -0.051674992 -0.294965029 -0.539542794
1413393979005760512.000000 1.101639271 -0.300063968 1.036810040 0.794287145 -0.054877948 -0.299761206 -0.525585055
1413393979055760384.000000 1.111549020 -0.297809124 1.033568025 0.801793694 -0.057607327 -0.304060310 -0.511229515
1413393979105760512.000000 1.120509624 -0.297426224 1.028387904 0.809345424 -0.061095770 -0.307857037 -0.496438593
1413393979155760384.000000 1.128778577 -0.298444152 1.021442890 0.817415953 -0.062437747 -0.311134338 -0.480758011
1413393979205760512.000000 1.135231733 -0.300837040 1.013277054 0.825959206 -0.062297687 -0.313110769 -0.464620471
1413393979255760384.000000 1.139222860 -0.299350619 0.995716810 0.833931148 -0.062353961 -0.315444022 -0.448515266
1413393979305760512.000000 1.139124632 -0.304524779 0.986654878 0.841726899 -0.063742176 -0.317546427 -0.431968898
1413393979355760384.000000 1.135706544 -0.311622262 0.977243841 0.849034488 -0.066593073 -0.319635928 -0.415377796
1413393979405760512.000000 1.129060745 -0.320114732 0.967682838 0.855547249 -0.070166960 -0.322583824 -0.398817331
1413393979455760384.000000 1.116134524 -0.329863667 0.958602309 0.861830592 -0.074015543 -0.324932128 -0.382346600
1413393979505760512.000000 1.102660775 -0.342738271 0.949119925 0.867450595 -0.078883849 -0.327682287 -0.365966111
1413393979555760384.000000 1.086737871 -0.357770324 0.938492060 0.872909307 -0.083202057 -0.330405653 -0.349197745
1413393979605760512.000000 1.072008014 -0.366574347 0.920706570 0.878261387 -0.085571624 -0.333316594 -0.332016021
1413393979655760384.000000 1.052518725 -0.385840535 0.907279611 0.884050488 -0.085042998 -0.334594250 -0.315070242
1413393979705760512.000000 1.033399463 -0.407708049 0.891827941 0.890171111 -0.083125263 -0.334652752 -0.297814190
1413393979755760384.000000 1.014978766 -0.432162821 0.874394178 0.895668924 -0.079875618 -0.335088909 -0.281269550
1413393979805760512.000000 0.997200012 -0.458269358 0.850950360 0.901372015 -0.073391020 -0.334758550 -0.264724463
1413393979855760384.000000 0.979843616 -0.482808709 0.833739638 0.906133533 -0.066072598 -0.336195678 -0.248050153
1413393979905760512.000000 0.964352012 -0.514086127 0.810378671 0.910084665 -0.059784666 -0.338293016 -0.231796429
1413393979955760384.000000 0.949419141 -0.546943843 0.785967827 0.913379848 -0.054030295 -0.341115922 -0.215541109
1413393980005760512.000000 0.934943616 -0.581210494 0.760539889 0.916160285 -0.049640108 -0.344268173 -0.199162409
1413393980055760384.000000 0.918955684 -0.611857533 0.737570167 0.917948306 -0.042334281 -0.349471152 -0.182889953
1413393980105760512.000000 0.904546738 -0.647837162 0.710615039 0.918969631 -0.033463340 -0.355546683 -0.167217270
1413393980155760384.000000 0.890247285 -0.683736086 0.682425737 0.919763148 -0.022183582 -0.361086935 -0.152184054
1413393980205760512.000000 0.875563979 -0.718786240 0.653186202 0.919355989 -0.011107295 -0.368154079 -0.138288513
1413393980255760384.000000 0.858922601 -0.747453630 0.624688983 0.918810427 -0.001447292 -0.373929143 -0.126342282
1413393980305760512.000000 0.843800128 -0.779744267 0.593103886 0.918080270 0.005919541 -0.378766298 -0.116746463
1413393980355760384.000000 0.828534961 -0.809892774 0.559837580 0.917608261 0.011172723 -0.381976783 -0.109380119
1413393980405760512.000000 0.812895954 -0.837407470 0.524145842 0.918229163 0.015324494 -0.381841570 -0.104007259
1413393980455760384.000000 0.795191228 -0.857050836 0.485547662 0.919682145 0.016995789 -0.379380584 -0.099831894
1413393980505760512.000000 0.778871119 -0.878871143 0.446080208 0.922575176 0.018172352 -0.372948080 -0.097131580
1413393980555760384.000000 0.762478054 -0.898288012 0.405025840 0.926479101 0.017616645 -0.363573402 -0.095606118
1413393980605760512.000000 0.745801270 -0.915415049 0.362932444 0.930770516 0.017845063 -0.352692842 -0.094633713
1413393980655760384.000000 0.728298306 -0.928471982 0.319636822 0.934143662 0.018441426 -0.343805015 -0.093988128
1413393980705760512.000000 0.711085439 -0.940862775 0.276710808 0.936181903 0.017953135 -0.338202536 -0.094128877
1413393980755760384.000000 0.694140673 -0.951070786 0.233980119 0.936262965 0.018104739 -0.337948143 -0.094207622
1413393980805760512.000000 0.677368522 -0.959084570 0.191557586 0.934635401 0.016247591 -0.342422992 -0.094548114
1413393980855760384.000000 0.658726335 -0.965426028 0.144816041 0.932300150 0.013070619 -0.348794609 -0.094804466
1413393980905760512.000000 0.642317414 -0.969333947 0.102739215 0.928783357 0.008962351 -0.358144969 -0.094939053
1413393980955760384.000000 0.626732111 -0.971563101 0.059658527 0.926038325 0.002424489 -0.365223855 -0.095177874
1413393981005760512.000000 0.611806631 -0.972411096 0.015145659 0.923714817 -0.005906029 -0.371056259 -0.095044523
1413393981055760384.000000 0.597464561 -0.972441971 -0.031510592 0.922654688 -0.014042690 -0.373421073 -0.095226005
1413393981105760512.000000 0.581329823 -0.973295569 -0.086735964 0.922558069 -0.022361420 -0.373256058 -0.095218241
1413393981155760384.000000 0.570573568 -0.973212063 -0.138437450 0.923894048 -0.028944544 -0.369538486 -0.094991043
1413393981205760512.000000 0.562386274 -0.973557889 -0.192776948 0.925607264 -0.035035979 -0.364696980 -0.094973199
1413393981255760384.000000 0.557196975 -0.974664986 -0.250133604 0.926399887 -0.039011039 -0.362133086 -0.095504649
1413393981305760512.000000 0.553540349 -0.977100015 -0.311823547 0.926180482 -0.040898655 -0.362179130 -0.096661195
1413393981355760384.000000 0.551231563 -0.980432093 -0.373514712 0.925321817 -0.042771578 -0.363905996 -0.097583480
1413393981405760512.000000 0.544225752 -0.984137893 -0.441416979 0.924348295 -0.041618761 -0.366096646 -0.099102959
1413393981455760384.000000 0.540575325 -0.989850461 -0.504323304 0.923913062 -0.036253605 -0.367385179 -0.100491367
1413393981505760512.000000 0.534770370 -0.996386051 -0.567584574 0.924033284 -0.029146628 -0.367285758 -0.102050029
1413393981555760384.000000 0.525823236 -1.003270745 -0.630700707 0.924400032 -0.020455780 -0.366450846 -0.103826784
1413393981605760512.000000 0.514842629 -1.011464477 -0.693142176 0.924686015 -0.014106658 -0.365497410 -0.105680987
1413393981655760384.000000 0.499447078 -1.017958879 -0.755951226 0.924604595 -0.009049005 -0.365416437 -0.107216172
1413393981705760512.000000 0.481070250 -1.023389935 -0.818966329 0.924543679 -0.004860871 -0.365167052 -0.108850330
1413393981755760384.000000 0.459898084 -1.027693033 -0.882122874 0.924801826 -0.000046796 -0.364129037 -0.110234752
1413393981805760512.000000 0.423162639 -1.025152445 -0.954108298 0.925779104 0.003879778 -0.361097306 -0.111923210
1413393981855760384.000000 0.396775961 -1.025932193 -1.017462134 0.926509738 0.008655853 -0.358014584 -0.115457542
1413393981905760512.000000 0.367961615 -1.024548054 -1.080849171 0.927339852 0.012910765 -0.353944927 -0.120818935
1413393981955760384.000000 0.338149399 -1.020688653 -1.144997120 0.928160846 0.016429707 -0.349022448 -0.128183112
1413393982005760512.000000 0.310661495 -1.014903307 -1.208436370 0.928792536 0.018217798 -0.343734920 -0.137327611
1413393982055760384.000000 0.282474518 -1.006578326 -1.271436214 0.928387105 0.019379735 -0.340277791 -0.148097470
1413393982105760512.000000 0.245187312 -0.994904637 -1.341246963 0.927711010 0.020089652 -0.335976511 -0.161457375
1413393982155760384.000000 0.218386292 -0.981384993 -1.403816700 0.926696777 0.019736055 -0.331381321 -0.176153511
1413393982205760512.000000 0.192349404 -0.965447664 -1.465920806 0.924538195 0.018517412 -0.328315467 -0.192601055
1413393982255760384.000000 0.167368293 -0.946940660 -1.527456164 0.921787739 0.016550642 -0.324702144 -0.211191893
1413393982305760512.000000 0.140586317 -0.926182866 -1.591949821 0.918254554 0.015143924 -0.321140915 -0.231187850
1413393982355760384.000000 0.117231071 -0.903873086 -1.650951266 0.912825584 0.014165639 -0.320536882 -0.252596408
1413393982405760512.000000 0.095184296 -0.879991055 -1.708685994 0.906407595 0.014338339 -0.320087373 -0.275252223
1413393982455760384.000000 0.073613852 -0.854635715 -1.764579654 0.899148822 0.014842780 -0.319246203 -0.298986614
1413393982505760512.000000 0.051549911 -0.827777863 -1.825614214 0.890793860 0.015558512 -0.318018019 -0.324204892
1413393982555760384.000000 0.031453133 -0.799797773 -1.878875971 0.881789565 0.015795905 -0.315867484 -0.349893451
1413393982605760512.000000 0.012232572 -0.769603252 -1.930998802 0.871954143 0.016848754 -0.312209576 -0.376745641
1413393982655760384.000000 -0.006831199 -0.737504959 -1.982165575 0.861424685 0.018516973 -0.306904167 -0.404245526
1413393982705760512.000000 -0.026364475 -0.703398943 -2.036306381 0.849840581 0.021232156 -0.300639242 -0.432361305
1413393982755760384.000000 -0.044901311 -0.667841196 -2.084754229 0.837439358 0.024322556 -0.292795300 -0.460841358
1413393982805760512.000000 -0.062604263 -0.630666256 -2.131881237 0.824571133 0.027893491 -0.283508211 -0.488802135
1413393982855760384.000000 -0.079670921 -0.591954708 -2.177239656 0.810982883 0.030941954 -0.273238599 -0.516420484
1413393982905760512.000000 -0.096191496 -0.550863743 -2.220831871 0.795832753 0.034334857 -0.262999952 -0.544336736
1413393982955760384.000000 -0.106048562 -0.513138771 -2.265306711 0.779965162 0.037216768 -0.254199982 -0.570658922
1413393983005760512.000000 -0.121944368 -0.471199512 -2.302441359 0.763438582 0.039038341 -0.245767564 -0.596016705
1413393983055760384.000000 -0.136846840 -0.428164721 -2.336723089 0.746264398 0.041656081 -0.236637995 -0.620771110
1413393983105760512.000000 -0.150300011 -0.384294987 -2.367858171 0.729014039 0.043975148 -0.226506189 -0.644437551
1413393983155760384.000000 -0.163357988 -0.340274572 -2.397149324 0.711196423 0.047710631 -0.215946391 -0.667300880
1413393983205760512.000000 -0.166560650 -0.296194553 -2.423162699 -0.693190634 -0.051238488 0.204820886 0.689136982
1413393983255760384.000000 -0.176673055 -0.250147820 -2.443826675 -0.675135076 -0.053896040 0.193019927 0.709951639
1413393983305760512.000000 -0.185348451 -0.203732014 -2.460310936 -0.656241238 -0.056537449 0.181866124 0.730120361
1413393983355760384.000000 -0.191808462 -0.157047272 -2.472613096 -0.637862384 -0.057884090 0.168784082 0.749194920
1413393983405760512.000000 -0.195701629 -0.110411882 -2.481402397 0.619207144 0.057758640 -0.155596256 -0.767486989
1413393983455760384.000000 -0.190201342 -0.066101193 -2.485071182 -0.599957347 -0.056230679 0.143077970 0.785122991
1413393983505760512.000000 -0.188945740 -0.020710588 -2.483936787 -0.581090808 -0.052264724 0.129764557 0.801725090
1413393983555760384.000000 -0.185025722 0.023225784 -2.477888107 -0.561529994 -0.048552562 0.117478758 0.817634046
1413393983605760512.000000 -0.178160250 0.065291643 -2.467244625 -0.541884005 -0.044195257 0.104483843 0.832761467
1413393983655760384.000000 -0.168942630 0.103803515 -2.452148676 0.521905482 0.040911395 -0.093297124 -0.846898258
1413393983705760512.000000 -0.157578707 0.140632510 -2.433004856 0.501552045 0.035473980 -0.083008990 -0.860404968
1413393983755760384.000000 -0.139150083 0.172410607 -2.410877228 -0.480911344 -0.032023415 0.074534751 0.873008311
1413393983805760512.000000 -0.124382988 0.202865243 -2.383921385 -0.460122526 -0.028155776 0.068386212 0.884769976
1413393983855760384.000000 -0.107376054 0.229774237 -2.353473186 -0.439324796 -0.024227878 0.062543839 0.895820856
1413393983905760512.000000 -0.088667184 0.253407419 -2.320051670 -0.419196635 -0.020490907 0.057240173 0.905857623
1413393983955760384.000000 -0.067817323 0.273558140 -2.284015894 -0.400306225 -0.017507046 0.048484571 0.914930463
1413393984005760512.000000 -0.042105258 0.287213445 -2.249498129 -0.381599039 -0.015165357 0.040842272 0.923300683
1413393984055760384.000000 -0.018777680 0.300289869 -2.207870007 -0.362876028 -0.012655489 0.031442761 0.931220829
1413393984105760512.000000 0.006185120 0.309304327 -2.163709641 -0.343769073 -0.009894091 0.021801671 0.938749015
1413393984155760384.000000 0.032804091 0.313949078 -2.117183447 -0.324584872 -0.007493289 0.011951027 0.945751429
1413393984205760512.000000 0.060801074 0.313718140 -2.070870399 0.305223465 0.005105267 -0.002490440 -0.952263832
1413393984255760384.000000 0.090962425 0.303943932 -2.024857521 -0.286204159 -0.002710077 -0.006332980 0.958143890
1413393984305760512.000000 0.120792247 0.294949114 -1.973609328 -0.266363114 0.000246725 -0.011980535 0.963798285
1413393984355760384.000000 0.151308656 0.281495869 -1.921243191 -0.247327045 0.003203752 -0.016342293 0.968788981
1413393984405760512.000000 0.182978779 0.263345122 -1.868047953 -0.229616791 0.007143442 -0.021229742 0.973023415
1413393984455760384.000000 0.215533018 0.242339179 -1.814268351 0.213404641 -0.009994698 0.026390966 -0.976556301
1413393984505760512.000000 0.247923598 0.207215607 -1.765132070 -0.199114755 0.013693272 -0.031211477 0.979383349
1413393984555760384.000000 0.280717343 0.176670775 -1.711129069 -0.185226396 0.017784784 -0.036156420 0.981869459
1413393984605760512.000000 0.312384605 0.142271101 -1.656876802 -0.171764344 0.019130077 -0.037517905 0.984237552
1413393984655760384.000000 0.342011869 0.104084507 -1.602164030 -0.157623187 0.018884825 -0.032262355 0.986791492
1413393984705760512.000000 0.368246913 0.060597435 -1.547781348 0.143704593 -0.019140681 0.020507917 -0.989222944
1413393984755760384.000000 0.391826749 0.012401549 -1.495946527 -0.132986948 0.020589817 -0.009533856 0.990858078
1413393984805760512.000000 0.413238525 -0.032746635 -1.439689875 -0.123756930 0.020823674 0.001402024 0.992093086
1413393984855760384.000000 0.431504697 -0.078594446 -1.382980227 -0.116092496 0.018057948 0.015801910 0.992948532
1413393984905760512.000000 0.446368039 -0.124204457 -1.326183200 -0.111897975 0.013497669 0.032558311 0.993094504
1413393984955760384.000000 0.458284289 -0.169238821 -1.271191955 0.111329146 -0.008978378 -0.049600050 -0.992504418
1413393985005760512.000000 0.464054942 -0.217760563 -1.210722923 -0.115269102 0.006313186 0.064685561 0.991205871
1413393985055760384.000000 0.472353369 -0.258729786 -1.154532790 -0.123960204 0.003855104 0.074608676 0.989470899
1413393985105760512.000000 0.479364008 -0.297297537 -1.098137736 -0.136396408 0.004516489 0.080688991 0.987352550
1413393985155760384.000000 0.485465646 -0.333250135 -1.041637659 -0.152828380 0.007562198 0.081255428 0.984877646
1413393985205760512.000000 0.488829702 -0.367236078 -0.985956490 0.170893595 -0.011788034 -0.080756567 -0.981903672
1413393985255760384.000000 0.483690828 -0.406225026 -0.921544671 -0.190720767 0.015626999 0.079716846 0.978277445
1413393985305760512.000000 0.485072494 -0.437540531 -0.866375387 -0.211114839 0.018771794 0.077897400 0.974171519
1413393985355760384.000000 0.486215711 -0.468443006 -0.812182963 -0.232040063 0.019829845 0.076250061 0.969510257
1413393985405760512.000000 0.488027781 -0.499371827 -0.758775711 -0.252561152 0.021227140 0.076121785 0.964348435
1413393985455760384.000000 0.488961548 -0.530182958 -0.707156599 0.272822559 -0.021477697 -0.078398213 -0.958624244
1413393985505760512.000000 0.488705605 -0.566085577 -0.650622904 -0.292612404 0.022588614 0.081211291 0.952508569
1413393985555760384.000000 0.490733802 -0.598847806 -0.599743962 -0.310430914 0.022044063 0.088365324 0.946223199
1413393985605760512.000000 0.492794424 -0.632254541 -0.549135387 -0.326714396 0.019733075 0.098880649 0.939729273
1413393985655760384.000000 0.494745106 -0.666154146 -0.499116659 -0.341398180 0.015075596 0.112056740 0.933093429
1413393985705760512.000000 0.498431832 -0.702915132 -0.449356616 0.354965031 -0.010056132 -0.127189949 -0.926132560
1413393985755760384.000000 0.492700189 -0.739903510 -0.393492490 -0.368653834 0.004213711 0.141462520 0.918730140
1413393985805760512.000000 0.496530235 -0.773413420 -0.344623983 -0.381699324 -0.000991349 0.154635713 0.911258757
1413393985855760384.000000 0.502112746 -0.805185556 -0.296273470 -0.394308656 -0.005421843 0.167756230 0.903520465
1413393985905760512.000000 0.509536147 -0.834379733 -0.248453006 -0.406683862 -0.007362798 0.181245327 0.895379424
1413393985955760384.000000 0.518347085 -0.860222578 -0.200898796 0.419470549 0.008789016 -0.192819282 -0.887010753
1413393986005760512.000000 0.515397489 -0.891689539 -0.145590246 -0.432686120 -0.007542552 0.203234226 0.878306210
1413393986055760384.000000 0.528566480 -0.910789967 -0.099878818 -0.445717841 -0.006306262 0.211825967 0.869727373
1413393986105760512.000000 0.542207718 -0.927573681 -0.055869758 -0.458593518 -0.003333073 0.221768111 0.860522985
1413393986155760384.000000 0.557278216 -0.940955043 -0.013641685 -0.471056253 0.000629502 0.230831593 0.851365030
1413393986205760512.000000 0.573544204 -0.952636123 0.026713848 0.482701778 -0.006950246 -0.241842017 -0.841702580
1413393986255760384.000000 0.571646512 -0.967877865 0.073896021 -0.494844764 0.014415703 0.252435565 0.831382632
1413393986305760512.000000 0.586916804 -0.971518874 0.109555751 -0.506894946 0.020448906 0.263065487 0.820631444
1413393986355760384.000000 0.601017714 -0.972100317 0.142595351 -0.519146323 0.025719797 0.272411168 0.809702337
1413393986405760512.000000 0.614407659 -0.968098640 0.172327816 -0.532245636 0.031589653 0.280884951 0.798010290
1413393986455760384.000000 0.630020857 -0.961300850 0.197059363 0.545462072 -0.036228959 -0.287192643 -0.786561489
1413393986505760512.000000 0.629927695 -0.961503685 0.226978987 -0.560825646 0.038297821 0.287966639 0.775295556
1413393986555760384.000000 0.643176913 -0.949767947 0.243678510 -0.578899562 0.036843460 0.281924307 0.764222860
1413393986605760512.000000 0.655769169 -0.934975207 0.257135808 -0.598416269 0.032568846 0.270464242 0.753449678
1413393986655760384.000000 0.666460693 -0.918017983 0.269408911 -0.617452681 0.026023813 0.258231550 0.742557406
1413393986705760512.000000 0.683671713 -0.899598718 0.275660962 0.636272848 -0.025256991 -0.245288432 -0.730994225
1413393986755760384.000000 0.687042832 -0.890697658 0.291803151 -0.653550327 0.023738505 0.234312877 0.719309390
1413393986805760512.000000 0.700077057 -0.872315705 0.299949527 -0.670107186 0.022838481 0.224028468 0.707280815
1413393986855760384.000000 0.712827563 -0.855089903 0.308897078 -0.685027778 0.021712244 0.214958459 0.695743084
1413393986905760512.000000 0.725762844 -0.838901997 0.319047034 -0.697103024 0.020855993 0.208610564 0.685634136
1413393986955760384.000000 0.738263071 -0.826827288 0.332347572 0.705633402 -0.019783624 -0.208033025 -0.677061617
1413393987005760512.000000 0.748444438 -0.818907201 0.347547054 0.711006880 -0.017391667 -0.213056862 -0.669905663
1413393987055760384.000000 0.758101702 -0.807369292 0.364257038 0.714995623 -0.014641116 -0.218964249 -0.663793385
1413393987105760512.000000 0.766544223 -0.796548963 0.382978976 0.717678607 -0.011959196 -0.224720880 -0.659010649
1413393987155760384.000000 0.773137152 -0.785981476 0.404087484 0.719581902 -0.009835231 -0.229799777 -0.655207813
1413393987205760512.000000 0.778098702 -0.775743723 0.426863074 0.721083224 -0.008433062 -0.234121650 -0.652039051
1413393987255760384.000000 0.788435698 -0.767905712 0.445750982 0.721674144 -0.006261811 -0.237900287 -0.650039077
1413393987305760512.000000 0.794576108 -0.757689834 0.470323354 0.722223103 -0.004924202 -0.240987614 -0.648301363
1413393987355760384.000000 0.802044868 -0.747341931 0.495466024 0.722118318 -0.003983062 -0.243509948 -0.647481501
1413393987405760512.000000 0.811074197 -0.736641824 0.520851135 0.721918046 -0.002738655 -0.245114148 -0.647105813
1413393987455760384.000000 0.821135879 -0.727103651 0.547594190 0.721122861 -0.003193290 -0.246318057 -0.647533178
1413393987505760512.000000 0.842566967 -0.710157514 0.566524982 0.721006036 -0.003034956 -0.246795565 -0.647482157
1413393987555760384.000000 0.855015755 -0.698979914 0.593125105 0.722315550 -0.003446162 -0.244879439 -0.646747589
1413393987605760512.000000 0.867691278 -0.687706709 0.620117188 0.724597871 -0.003220728 -0.243077502 -0.644872785
1413393987655760384.000000 0.880829930 -0.675975561 0.647577167 0.727490187 -0.003742334 -0.241700426 -0.642125428
1413393987705760512.000000 0.894081116 -0.665683746 0.675827384 0.730605304 -0.004115660 -0.242121637 -0.638416886
1413393987755760384.000000 0.920743108 -0.645293057 0.693625629 0.734063029 -0.006068953 -0.243228883 -0.633998752
1413393987805760512.000000 0.933562160 -0.634383678 0.723222971 0.736561477 -0.007470302 -0.245776892 -0.630091429
1413393987855760384.000000 0.946207702 -0.623260140 0.753687739 0.738488793 -0.010899621 -0.249146655 -0.626451492
1413393987905760512.000000 0.956167996 -0.612037778 0.785704255 0.739541233 -0.012973671 -0.253340274 -0.623481512
1413393987955760384.000000 0.961912394 -0.601209164 0.818524003 0.740749896 -0.014546042 -0.256186128 -0.620843530
1413393988005760512.000000 0.977037191 -0.580354691 0.842446029 0.742091417 -0.015739592 -0.257878333 -0.618507445
1413393988055760384.000000 0.978482246 -0.568805456 0.877943635 0.743523479 -0.016413108 -0.258884043 -0.616346061
1413393988105760512.000000 0.978064775 -0.557060122 0.914272189 0.745530069 -0.016738784 -0.257896304 -0.614324272
1413393988155760384.000000 0.975271702 -0.545212626 0.951717615 0.747962773 -0.016801666 -0.254819900 -0.612646937
1413393988205760512.000000 0.967946649 -0.532500386 0.989373982 0.750495374 -0.015577954 -0.251703143 -0.610867918
1413393988255760384.000000 0.970810413 -0.512811780 1.024884343 0.753081739 -0.014451074 -0.247626215 -0.609377086
1413393988305760512.000000 0.962593198 -0.501602888 1.065549374 0.755096376 -0.013253377 -0.243891105 -0.608416796
1413393988355760384.000000 0.955757022 -0.490441442 1.106946945 0.757238984 -0.011857212 -0.239080027 -0.607691884
1413393988405760512.000000 0.949318767 -0.479689956 1.149311781 0.759292841 -0.008274822 -0.234557539 -0.606950343
1413393988455760384.000000 0.943663418 -0.466910243 1.192171454 0.761399686 -0.001046671 -0.229934052 -0.606135190
1413393988505760512.000000 0.946174145 -0.452510357 1.232209563 0.763590813 0.009457932 -0.225130498 -0.605108202
1413393988555760384.000000 0.943959653 -0.442090869 1.278906822 0.765706897 0.018643990 -0.219733775 -0.604204059
1413393988605760512.000000 0.944006145 -0.431637287 1.327959061 0.767692685 0.025162112 -0.214553982 -0.603308737
1413393988655760384.000000 0.945633531 -0.421010852 1.379926920 0.767569184 0.023070978 -0.216856852 -0.602725923
1413393988705760512.000000 0.949831486 -0.409001231 1.432735682 0.766523480 0.020010291 -0.222724900 -0.602025747
1413393988755760384.000000 0.954313338 -0.395887852 1.481989980 0.764171958 0.010476807 -0.233476236 -0.601182520
1413393988805760512.000000 0.960269570 -0.385111570 1.539701462 0.761948347 0.001544737 -0.247119129 -0.598635554
1413393988855760384.000000 0.968230665 -0.373917103 1.597634315 0.758199096 -0.008958952 -0.267049998 -0.594758928
1413393988905760512.000000 0.979910970 -0.361887932 1.653596640 0.754489660 -0.020403722 -0.288449973 -0.589173853
1413393988955760384.000000 0.993836045 -0.349094152 1.698283434 0.752299428 -0.029138431 -0.307626456 -0.581861198
1413393989005760512.000000 1.011647344 -0.335064411 1.746502638 0.750757098 -0.037260048 -0.325282723 -0.573730409
1413393989055760384.000000 1.032147646 -0.320636034 1.789948702 0.749503136 -0.043287419 -0.341460168 -0.565487623
1413393989105760512.000000 1.055183411 -0.305093765 1.827371120 0.747859180 -0.049051281 -0.357474297 -0.557236850
1413393989155760384.000000 1.081095457 -0.288020849 1.854555488 0.746811986 -0.051942151 -0.371263891 -0.549306035
1413393989205760512.000000 1.106203556 -0.272469282 1.877154112 0.747122407 -0.051356193 -0.381420195 -0.541931152
1413393989255760384.000000 1.135783792 -0.252168417 1.890678406 0.750196576 -0.046479832 -0.384911895 -0.535618961
1413393989305760512.000000 1.168325186 -0.229868889 1.895570755 0.762198091 -0.034163013 -0.367763877 -0.531635940
1413393989355760384.000000 1.201482654 -0.205723286 1.895419717 0.776455224 -0.023201901 -0.342733681 -0.528311193
1413393989405760512.000000 1.234633923 -0.181101322 1.891227961 0.790609717 -0.016474051 -0.314897239 -0.524885416
1413393989455760384.000000 1.264717460 -0.155173540 1.891376257 0.803315520 -0.012877091 -0.287540913 -0.521381497
1413393989505760512.000000 1.293496609 -0.128107548 1.888555288 0.812626541 -0.011651237 -0.265466720 -0.518680871
1413393989555760384.000000 1.318697929 -0.101587057 1.888159633 0.819152296 -0.012369592 -0.249328554 -0.516402721
1413393989605760512.000000 1.339942694 -0.075799704 1.891196609 0.822666347 -0.012147271 -0.241244584 -0.514658689
1413393989655760384.000000 1.358497381 -0.051163912 1.896478295 0.824720025 -0.011372101 -0.237175584 -0.513278842
1413393989705760512.000000 1.372811198 -0.026023149 1.909518480 0.825605035 -0.009858444 -0.239277065 -0.510906637
1413393989755760384.000000 1.385641813 -0.002481461 1.920616388 0.826300561 -0.009426161 -0.243557364 -0.507758141
1413393989805760512.000000 1.396237373 0.020187140 1.934343338 0.827077448 -0.011108879 -0.249557674 -0.503527939
1413393989855760384.000000 1.404942036 0.041907787 1.950199366 0.828238428 -0.017604524 -0.256335646 -0.497999191
1413393989905760512.000000 1.413482904 0.063776016 1.969630957 0.829915941 -0.025489585 -0.263685852 -0.490978152
1413393989955760384.000000 1.419039130 0.084087610 1.988735914 0.832255185 -0.036063373 -0.270316154 -0.482680082
1413393990005760512.000000 1.421360970 0.101178408 2.009018421 0.835733712 -0.048032809 -0.276659846 -0.471912414
1413393990055760384.000000 1.422829628 0.117802620 2.029280663 0.841324389 -0.055137567 -0.280207127 -0.458930373
1413393990105760512.000000 1.422051907 0.131985903 2.049614191 0.848082423 -0.059387077 -0.282865077 -0.444091022
1413393990155760384.000000 1.419041634 0.143677950 2.070081234 0.855592430 -0.061834786 -0.285289586 -0.427490264
1413393990205760512.000000 1.414557099 0.153027773 2.092060804 0.863276005 -0.063550942 -0.288014323 -0.409589499
1413393990255760384.000000 1.406708360 0.160163164 2.114247799 0.870426238 -0.064159945 -0.292498201 -0.390751272
1413393990305760512.000000 1.396849990 0.164486408 2.137005329 0.876661718 -0.065398119 -0.299174577 -0.371055096
1413393990355760384.000000 1.386307955 0.166416168 2.159936905 0.881820381 -0.066293932 -0.307886273 -0.351004273
1413393990405760512.000000 1.378708839 0.167242765 2.179729462 0.886826158 -0.067797914 -0.315686643 -0.330582529
1413393990455760384.000000 1.369825125 0.164246321 2.200463533 0.891249597 -0.071845978 -0.323195755 -0.309930414
1413393990505760512.000000 1.361414194 0.158983469 2.219993353 0.894589245 -0.075768091 -0.331673890 -0.289761603
1413393990555760384.000000 1.353811502 0.151709318 2.238233089 0.896374524 -0.078850679 -0.342279702 -0.270444125
1413393990605760512.000000 1.345564485 0.141887426 2.254684925 0.895743966 -0.079335369 -0.357565820 -0.251982927
1413393990655760384.000000 1.340183735 0.128833055 2.265036583 0.893162668 -0.074948922 -0.376080573 -0.234960809
1413393990705760512.000000 1.331171870 0.115157366 2.275943279 0.888471246 -0.061590314 -0.397800833 -0.220408827
1413393990755760384.000000 1.322572231 0.100226879 2.281758547 0.884762824 -0.041413024 -0.414968491 -0.208040625
1413393990805760512.000000 1.314014673 0.085315704 2.282488823 0.881133735 -0.019817298 -0.429030687 -0.197846830
1413393990855760384.000000 1.303143740 0.073481083 2.275607586 0.877689958 0.001231176 -0.440041602 -0.189795583
1413393990905760512.000000 1.294173002 0.063099504 2.263788700 0.876835227 0.018392947 -0.443995237 -0.183548510
1413393990955760384.000000 1.286037683 0.056266546 2.244794846 0.881093979 0.034701575 -0.436177641 -0.179494530
1413393991005760512.000000 1.278912663 0.053906679 2.219529629 0.889731348 0.046126191 -0.417791784 -0.178046525
1413393991055760384.000000 1.272469759 0.056369066 2.188756227 0.900747836 0.052913360 -0.392792046 -0.177673563
1413393991105760512.000000 1.266622305 0.063611627 2.154602051 0.913253188 0.052713957 -0.362584710 -0.178107351
1413393991155760384.000000 1.264321685 0.073700786 2.112064362 0.925806403 0.047214407 -0.328956693 -0.180113554
1413393991205760512.000000 1.259867549 0.088775277 2.077786207 0.937280655 0.036091592 -0.295460045 -0.181399584
1413393991255760384.000000 1.256721735 0.105920792 2.046197414 0.947007537 0.024231507 -0.262595057 -0.183394372
1413393991305760512.000000 1.254381180 0.123918176 2.018958569 0.954647481 0.012373484 -0.232725278 -0.185294464
1413393991355760384.000000 1.249729991 0.142100334 1.995197415 0.958343923 -0.002989200 -0.215009198 -0.187987059
1413393991405760512.000000 1.248989105 0.159942627 1.979444385 0.959476113 -0.017076995 -0.206862777 -0.190582931
1413393991455760384.000000 1.247883320 0.176662445 1.970010161 0.956251979 -0.028786343 -0.217339978 -0.193692818
1413393991505760512.000000 1.247609019 0.191605330 1.966487765 0.949754119 -0.039964400 -0.240045518 -0.196845800
1413393991555760384.000000 1.248405576 0.204981208 1.967277050 0.942029595 -0.052221101 -0.264447212 -0.199802205
1413393991605760512.000000 1.250766516 0.215358019 1.971208215 0.932518721 -0.063633308 -0.292230844 -0.202388078
1413393991655760384.000000 1.254323959 0.222712874 1.976554751 0.922090888 -0.073190115 -0.320406497 -0.204282418
1413393991705760512.000000 1.262900710 0.226270556 1.982610106 0.912536681 -0.078081928 -0.345112652 -0.205127507
1413393991755760384.000000 1.269154429 0.227364063 1.985184193 0.905076087 -0.080456227 -0.363788158 -0.204993278
1413393991805760512.000000 1.263621449 0.230034471 1.974754214 0.900548935 -0.078912839 -0.375694215 -0.204054609
1413393991855760384.000000 1.273393512 0.224875093 1.968147993 0.902449965 -0.072812267 -0.373097926 -0.202683151
1413393991905760512.000000 1.284266472 0.217251182 1.957210422 0.909607530 -0.058305241 -0.358580798 -0.201580346
1413393991955760384.000000 1.296697140 0.208132148 1.942801714 0.920003712 -0.041728392 -0.334145010 -0.200497150
1413393992005760512.000000 1.307789564 0.200837255 1.925312519 0.929777920 -0.030592792 -0.307550400 -0.199974909
1413393992055760384.000000 1.320146799 0.190684676 1.912326217 0.937662542 -0.021425812 -0.283721119 -0.199580297
1413393992105760512.000000 1.331829786 0.179988980 1.902121782 0.943072498 -0.015232126 -0.266030222 -0.199022874
1413393992155760384.000000 1.341605544 0.169075012 1.895908237 0.944234967 -0.011369425 -0.262195021 -0.198859125
1413393992205760512.000000 1.348377824 0.160760880 1.888418198 0.940638602 -0.005658064 -0.275225192 -0.198540121
1413393992255760384.000000 1.355787754 0.149741650 1.889521360 0.934789777 -0.000421049 -0.294679731 -0.198322564
1413393992305760512.000000 1.364089131 0.139708281 1.892298698 0.927851915 0.001687921 -0.316112399 -0.197891310
1413393992355760384.000000 1.372164011 0.130601764 1.896341443 0.919835806 -0.006876615 -0.339092880 -0.197157174
1413393992405760512.000000 1.378664970 0.121281981 1.898701310 0.912125528 -0.018566499 -0.359315753 -0.196404099
1413393992455760384.000000 1.385155678 0.113421440 1.901026011 0.906234920 -0.033070136 -0.373337656 -0.195611194
1413393992505760512.000000 1.393023014 0.108927727 1.896725059 0.903610647 -0.045123126 -0.379008412 -0.194433257
1413393992555760384.000000 1.396667600 0.100654960 1.894082427 0.904966652 -0.052958805 -0.375076622 -0.193773851
1413393992605760512.000000 1.397388697 0.091617465 1.888994098 0.909529328 -0.055981725 -0.363714635 -0.193220317
1413393992655760384.000000 1.397322893 0.081149340 1.881522298 0.917929947 -0.051031515 -0.342891455 -0.192940161
1413393992705760512.000000 1.396741390 0.069955707 1.873140097 0.927761137 -0.043450400 -0.316368699 -0.193085954
1413393992755760384.000000 1.396466494 0.057518363 1.861508131 0.936784506 -0.034584932 -0.289612323 -0.193296328
1413393992805760512.000000 1.395130634 0.044375062 1.855506301 0.943689466 -0.026119599 -0.267050058 -0.193526074
1413393992855760384.000000 1.394435287 0.030529737 1.852481723 0.947627187 -0.017516917 -0.253221542 -0.193842188
1413393992905760512.000000 1.393987060 0.016270638 1.853542566 0.948349237 -0.010839097 -0.250551909 -0.194267884
1413393992955760384.000000 1.397320151 0.002804875 1.861390352 0.945778668 -0.004587293 -0.260517001 -0.193939492
1413393993005760512.000000 1.397850275 -0.011968732 1.870440006 0.941142380 0.001672996 -0.276917726 -0.193816602
1413393993055760384.000000 1.399897218 -0.026459336 1.882213593 0.935622394 0.007517939 -0.294942290 -0.193812624
1413393993105760512.000000 1.403640032 -0.039750338 1.895428300 0.930495143 0.009601223 -0.311030298 -0.193253428
1413393993155760384.000000 1.409750700 -0.051897407 1.909249663 0.923197448 0.008811502 -0.332289249 -0.192906290
1413393993205760512.000000 1.413829803 -0.062514186 1.923562288 0.914496362 0.006073597 -0.355890393 -0.192358032
1413393993255760384.000000 1.417421699 -0.071596742 1.936418414 0.904400468 0.005698664 -0.381422251 -0.191166252
1413393993305760512.000000 1.420985579 -0.078537941 1.946519971 0.894053102 0.005550946 -0.405494452 -0.190295860
1413393993355760384.000000 1.420922995 -0.082526803 1.954524398 0.886458039 0.007599708 -0.422193944 -0.189437851
1413393993405760512.000000 1.425268888 -0.085136652 1.954333901 0.881765485 0.012939723 -0.432038188 -0.188852534
1413393993455760384.000000 1.429789066 -0.084689736 1.947695374 0.880971789 0.019154910 -0.433352113 -0.189018250
1413393993505760512.000000 1.434457779 -0.080924153 1.934315562 0.885266900 0.022463048 -0.424136698 -0.189488903
1413393993555760384.000000 1.439178109 -0.074719667 1.916160345 0.893905938 0.022549564 -0.405364245 -0.190009445
1413393993605760512.000000 1.450617790 -0.069003820 1.902067542 0.905037820 0.019721910 -0.379624635 -0.190795153
1413393993655760384.000000 1.456903219 -0.056637406 1.876610398 0.917369485 0.015635343 -0.348425508 -0.191803157
1413393993705760512.000000 1.463305235 -0.042403221 1.850758553 0.929041445 0.010662766 -0.315963686 -0.192185879
1413393993755760384.000000 1.468544483 -0.026886225 1.826131821 0.939253092 0.005868983 -0.284175009 -0.192390069
1413393993805760512.000000 1.473958731 -0.013634801 1.803331971 0.946689665 0.002420165 -0.258241653 -0.192572415
1413393993855760384.000000 1.470185757 0.002415061 1.787904620 0.952474535 -0.000806403 -0.236342758 -0.192181423
1413393993905760512.000000 1.462065220 0.018318176 1.778012872 0.956745207 -0.003712065 -0.218783692 -0.191725314
1413393993955760384.000000 1.451430321 0.033939004 1.774228334 0.960375607 -0.007371438 -0.202710062 -0.191136107
1413393994005760512.000000 1.440002441 0.041772246 1.797124624 0.962873399 -0.013368645 -0.190619960 -0.190683469
1413393994055760384.000000 1.433386207 0.055246711 1.805783272 0.964056492 -0.022698367 -0.183385298 -0.190917909
1413393994105760512.000000 1.433084726 0.066393495 1.821069598 0.963781774 -0.032494627 -0.183451474 -0.190825760
1413393994155760384.000000 1.440281749 0.074743390 1.843623638 0.962385714 -0.043164227 -0.187755659 -0.191568553
1413393994205760512.000000 1.453779459 0.079576969 1.872161150 0.960001528 -0.054037005 -0.196144059 -0.192366198
1413393994255760384.000000 1.473795652 0.081550479 1.904824853 0.956282377 -0.061112113 -0.211040229 -0.193006292
1413393994305760512.000000 1.495324016 0.073513746 1.958225131 0.950413823 -0.067708798 -0.233083025 -0.194426030
1413393994355760384.000000 1.525017023 0.068454981 1.996888041 0.943148613 -0.064593717 -0.261395931 -0.194860592
1413393994405760512.000000 1.552905560 0.059826851 2.040554523 0.933917463 -0.060524702 -0.293277770 -0.195251808
1413393994455760384.000000 1.577277064 0.049694300 2.085686684 0.922066808 -0.053676780 -0.329785615 -0.195328355
1413393994505760512.000000 1.593482971 0.038425684 2.135747433 0.909282744 -0.045436583 -0.364942700 -0.194826379
1413393994555760384.000000 1.607251883 0.025594711 2.184195757 0.895359814 -0.037260469 -0.399398357 -0.193451449
1413393994605760512.000000 1.615321875 0.012732506 2.231622458 0.881618202 -0.029699119 -0.430492043 -0.191164970
1413393994655760384.000000 1.616501093 -0.000244737 2.277885675 0.868950367 -0.023661099 -0.457237691 -0.187880754
1413393994705760512.000000 1.616733670 -0.016872883 2.327344894 0.858806431 -0.018089620 -0.477532119 -0.184628084
1413393994755760384.000000 1.610521436 -0.027018905 2.360300303 0.852308214 -0.010143743 -0.490571707 -0.181127802
1413393994805760512.000000 1.603080034 -0.034812212 2.382385254 0.853109181 0.000780072 -0.490140170 -0.178792566
1413393994855760384.000000 1.599363327 -0.038804293 2.394290686 0.862862289 0.009077429 -0.473027766 -0.177851304
1413393994905760512.000000 1.592699766 -0.039931893 2.397776365 0.875549078 0.014811844 -0.449305803 -0.176971450
1413393994955760384.000000 1.583874464 -0.037846565 2.396165609 0.888106644 0.014864696 -0.424223810 -0.176294833
1413393995005760512.000000 1.573370457 -0.033072472 2.390125513 0.898991525 0.010417666 -0.401312768 -0.175082490
1413393995055760384.000000 1.560816407 -0.026237369 2.382516384 0.907908380 0.001864283 -0.381343991 -0.173999578
1413393995105760512.000000 1.546525240 -0.018121243 2.373812914 0.914996445 -0.010073040 -0.364022821 -0.173688024
1413393995155760384.000000 1.528959394 -0.003335238 2.353614330 0.919300973 -0.021908656 -0.351766139 -0.175118431
1413393995205760512.000000 1.507772088 0.004207492 2.346814632 0.920986116 -0.039037172 -0.343789220 -0.179080263
1413393995255760384.000000 1.487799048 0.012992382 2.338266373 0.920811832 -0.052727032 -0.338837683 -0.185781032
1413393995305760512.000000 1.466691732 0.020877123 2.330250025 0.918811083 -0.063226849 -0.337464452 -0.194695890
1413393995355760384.000000 1.445459485 0.027223825 2.321738720 0.915953040 -0.071567051 -0.336600900 -0.206417397
1413393995405760512.000000 1.424156427 0.031836271 2.312083721 0.912564218 -0.076278895 -0.336079895 -0.220132887
1413393995455760384.000000 1.402391434 0.035484314 2.297575474 0.909053087 -0.078967027 -0.334624887 -0.235399544
1413393995505760512.000000 1.382027388 0.034407854 2.286844730 0.905189633 -0.078438640 -0.332904339 -0.252297133
1413393995555760384.000000 1.362771034 0.030887842 2.274215698 0.901644230 -0.076116964 -0.328996539 -0.270194739
1413393995605760512.000000 1.344035983 0.025158882 2.260116577 0.898045659 -0.071669601 -0.323638171 -0.289198756
1413393995655760384.000000 1.325681090 0.021848440 2.230772972 0.893905818 -0.065433420 -0.317269623 -0.309824079
1413393995705760512.000000 1.308326602 0.011939049 2.215323925 0.890277803 -0.057739671 -0.307187915 -0.331220955
1413393995755760384.000000 1.292002559 0.000577688 2.199462652 0.885850251 -0.050752245 -0.296399534 -0.353328258
1413393995805760512.000000 1.276529551 -0.012249231 2.184137106 0.880065322 -0.045655545 -0.286231518 -0.376127839
1413393995855760384.000000 1.261130929 -0.021469116 2.158730268 0.872995973 -0.043579970 -0.276902825 -0.399128675
1413393995905760512.000000 1.246670723 -0.036681414 2.144723654 0.864884973 -0.043493457 -0.268778682 -0.421711266
1413393995955760384.000000 1.232692957 -0.053707123 2.131628036 0.856619298 -0.043258853 -0.260409355 -0.443304747
1413393996005760512.000000 1.218761206 -0.071412325 2.118383646 0.848041177 -0.043915026 -0.253394455 -0.463345379
1413393996055760384.000000 1.207694411 -0.090376377 2.101260185 0.839886129 -0.044668965 -0.247961253 -0.480740279
1413393996105760512.000000 1.194178104 -0.113911390 2.091553211 0.832830250 -0.046394307 -0.243375495 -0.494984686
1413393996155760384.000000 1.180989981 -0.139693499 2.082751036 0.825895071 -0.050999079 -0.241695821 -0.506832898
1413393996205760512.000000 1.167449355 -0.167793751 2.074487209 0.818500221 -0.055121962 -0.244415060 -0.516991556
1413393996255760384.000000 1.154946327 -0.196584225 2.063697338 0.810250401 -0.054272905 -0.252673239 -0.526027560
1413393996305760512.000000 1.140268803 -0.228925705 2.056744337 0.803835213 -0.050663833 -0.259672105 -0.532778144
1413393996355760384.000000 1.124597311 -0.263071537 2.050011635 0.798345029 -0.044570599 -0.266817600 -0.538021564
1413393996405760512.000000 1.107500076 -0.298357487 2.043626785 0.794588566 -0.037567593 -0.271466047 -0.541778445
1413393996455760384.000000 1.091197729 -0.330865860 2.034353018 0.791141510 -0.030637611 -0.276493430 -0.544709027
1413393996505760512.000000 1.068561792 -0.366978645 2.029104233 0.788337052 -0.025126835 -0.281232536 -0.546627641
1413393996555760384.000000 1.043312788 -0.402807474 2.024564981 0.786074579 -0.019256264 -0.286497265 -0.547389507
1413393996605760512.000000 1.016484737 -0.438192606 2.020529270 0.784218609 -0.013971910 -0.290993214 -0.547840238
1413393996655760384.000000 0.993472338 -0.472000599 2.014830112 0.781949043 -0.009418675 -0.295100749 -0.548983276
1413393996705760512.000000 0.967626929 -0.504816771 2.010314703 0.779801309 -0.006315331 -0.297180831 -0.550957084
1413393996755760384.000000 0.943222582 -0.535920382 2.005039930 0.777620971 -0.004324140 -0.297780991 -0.553726971
1413393996805760512.000000 0.920472503 -0.565153599 1.998902559 0.775981724 -0.002285979 -0.294710368 -0.557667494
1413393996855760384.000000 0.902030706 -0.589675665 1.990730286 0.773768604 -0.000270150 -0.291329622 -0.562502503
1413393996905760512.000000 0.882345676 -0.615801573 1.983681917 0.771214664 0.001521632 -0.287560016 -0.567921638
1413393996955760384.000000 0.863900423 -0.640254259 1.976666093 0.767847836 0.004030325 -0.284288019 -0.574085176
1413393997005760512.000000 0.846733212 -0.663138151 1.969488382 0.764223099 0.005997232 -0.281466991 -0.580261528
1413393997055760384.000000 0.831434131 -0.681351423 1.961047292 0.760425448 0.007027366 -0.280315727 -0.585770369
1413393997105760512.000000 0.816548288 -0.700544596 1.953292966 0.757338405 0.009057161 -0.278298944 -0.590682864
1413393997155760384.000000 0.802970231 -0.718030691 1.945517898 0.754750431 0.008888519 -0.276497066 -0.594829559
1413393997205760512.000000 0.791029036 -0.733394146 1.936779737 0.753303826 0.006786998 -0.272989422 -0.598301053
1413393997255760384.000000 0.780171514 -0.745586395 1.929579496 0.752282500 0.004253100 -0.268874377 -0.601464570
1413393997305760512.000000 0.769696355 -0.758381605 1.921850204 0.751448214 0.002341991 -0.264656097 -0.604381800
1413393997355760384.000000 0.758286595 -0.770260096 1.915090919 0.750795007 0.000346743 -0.260883659 -0.606833160
1413393997405760512.000000 0.743744195 -0.781044483 1.910063505 0.750054777 -0.001645204 -0.258501947 -0.608762681
1413393997455760384.000000 0.724920869 -0.789282799 1.907881141 0.749453902 -0.002512162 -0.256646007 -0.610283077
1413393997505760512.000000 0.703117490 -0.798871279 1.906613588 0.748782635 -0.003427657 -0.255764484 -0.611471534
1413393997555760384.000000 0.679937482 -0.808382034 1.906836510 0.748863935 -0.004636995 -0.253592789 -0.612267971
1413393997605760512.000000 0.657229125 -0.817821264 1.908097506 0.748690903 -0.006376393 -0.251961380 -0.613136828
1413393997655760384.000000 0.636252105 -0.824779749 1.909788847 0.749311507 -0.007767267 -0.249591574 -0.613331974
1413393997705760512.000000 0.617153704 -0.833616257 1.911844730 0.749050021 -0.008330060 -0.249804676 -0.613557100
1413393997755760384.000000 0.600256264 -0.842159986 1.913929701 0.748770118 -0.007836599 -0.250384510 -0.613668919
1413393997805760512.000000 0.585268378 -0.849867344 1.915377378 0.748882949 -0.006219345 -0.251505464 -0.613091171
1413393997855760384.000000 0.571232498 -0.857230663 1.920465589 0.748837829 -0.004872823 -0.252586186 -0.612713993
1413393997905760512.000000 0.559609711 -0.864807844 1.923634052 0.748941064 -0.003497972 -0.253646344 -0.612158895
1413393997955760384.000000 0.549452126 -0.871832371 1.927315712 0.749326646 -0.002263982 -0.254655004 -0.611273527
1413393998005760512.000000 0.540688932 -0.878185272 1.931481600 0.749702990 -0.001234321 -0.255048513 -0.610650599
1413393998055760384.000000 0.532566547 -0.883731604 1.936156988 0.750090361 0.000302258 -0.256253839 -0.609670699
1413393998105760512.000000 0.525605857 -0.888694763 1.941782832 0.750800729 0.001249101 -0.256955951 -0.608498573
1413393998155760384.000000 0.517689466 -0.892435074 1.950911999 0.752046347 0.001742723 -0.257399768 -0.606769085
1413393998205760512.000000 0.512480259 -0.895988703 1.958031893 0.753674448 0.001532708 -0.256843656 -0.604982436
1413393998255760384.000000 0.508212328 -0.899137259 1.965613842 0.755013168 0.001443046 -0.257117540 -0.603194535
1413393998305760512.000000 0.505510390 -0.901697397 1.973964810 0.756431639 -0.000132164 -0.257046491 -0.601446807
1413393998355760384.000000 0.504797935 -0.903037548 1.982197046 0.757356524 -0.001027680 -0.257805794 -0.599955261
1413393998405760512.000000 0.503396273 -0.904091835 1.993572712 0.757294714 -0.000220340 -0.261506617 -0.598430455
1413393998455760384.000000 0.504612446 -0.904297113 2.003688574 0.756236374 -0.000679555 -0.267386526 -0.597168863
1413393998505760512.000000 0.507560134 -0.903664827 2.013969660 0.755218446 -0.004182726 -0.273295134 -0.595766306
1413393998555760384.000000 0.511555433 -0.902129889 2.024039268 0.754545391 -0.008220796 -0.277626187 -0.594573319
1413393998605760512.000000 0.515358210 -0.897775173 2.034550190 0.753811479 -0.016095052 -0.281713754 -0.593419433
1413393998655760384.000000 0.518684149 -0.895129442 2.044947147 0.753320038 -0.024187256 -0.284130663 -0.592615962
1413393998705760512.000000 0.520734429 -0.892255068 2.055198669 0.752327383 -0.032808088 -0.286919981 -0.592118382
1413393998755760384.000000 0.521845698 -0.889366627 2.064779520 0.751279533 -0.039945431 -0.289392382 -0.591807008
1413393998805760512.000000 0.521624207 -0.884787560 2.073085308 0.750889778 -0.045127224 -0.289611638 -0.591822028
1413393998855760384.000000 0.520716906 -0.882443905 2.080095053 0.751036584 -0.046701983 -0.288600326 -0.592007518
1413393998905760512.000000 0.518823206 -0.880564928 2.086078167 0.751605630 -0.044684827 -0.286752880 -0.592338622
1413393998955760384.000000 0.516313791 -0.879104853 2.090631962 0.753549457 -0.038918950 -0.281681120 -0.592709363
1413393999005760512.000000 0.512176156 -0.873726845 2.092561722 0.756324291 -0.032714352 -0.274436831 -0.592948437
1413393999055760384.000000 0.508748770 -0.872776270 2.096084356 0.759342015 -0.026060179 -0.266495138 -0.593043804
1413393999105760512.000000 0.504275560 -0.872222662 2.099926710 0.761596143 -0.017413460 -0.260404408 -0.593175948
1413393999155760384.000000 0.498375058 -0.875643730 2.105610847 0.762271047 -0.008977819 -0.258829385 -0.593185961
1413393999205760512.000000 0.492470175 -0.868825436 2.107604504 0.762132883 -0.002911727 -0.260024875 -0.592901409
1413393999255760384.000000 0.486275584 -0.867849588 2.114200115 0.760974050 0.000455065 -0.263613105 -0.592812300
1413393999305760512.000000 0.480389029 -0.865782261 2.121448994 0.758675098 -0.000717709 -0.270441473 -0.592682898
1413393999355760384.000000 0.473666370 -0.862801790 2.129739761 0.756176651 -0.006245152 -0.277678490 -0.592496812
1413393999405760512.000000 0.467554778 -0.855006456 2.134912252 0.754214764 -0.012191302 -0.283286631 -0.592250109
1413393999455760384.000000 0.461746842 -0.850560665 2.142414093 0.752385080 -0.016381992 -0.288381040 -0.592017591
1413393999505760512.000000 0.457028359 -0.845117092 2.148551464 0.751545310 -0.021338698 -0.291163832 -0.591564000
1413393999555760384.000000 0.451601893 -0.838598251 2.153826475 0.750849605 -0.026261797 -0.293498188 -0.591095686
1413393999605760512.000000 0.445534408 -0.830423355 2.156437397 0.750834405 -0.032360893 -0.294021994 -0.590552032
1413393999655760384.000000 0.440741956 -0.822483063 2.158468485 0.750795126 -0.036291514 -0.294152319 -0.590308487
1413393999705760512.000000 0.435142398 -0.814688444 2.159106493 0.750754595 -0.039715942 -0.294324458 -0.590053737
1413393999755760384.000000 0.428053319 -0.805171967 2.158393383 0.750444114 -0.042271875 -0.294670135 -0.590098441
1413393999805760512.000000 0.416079938 -0.797692776 2.158145905 0.750417650 -0.044559631 -0.294041783 -0.590277374
1413393999855760384.000000 0.403372794 -0.789396286 2.156426907 0.749708772 -0.045789409 -0.295248985 -0.590481341
1413393999905760512.000000 0.388110310 -0.781874895 2.154420853 0.748963654 -0.046971183 -0.295874476 -0.591020763
1413393999955760384.000000 0.371642053 -0.774173737 2.150928020 0.749740899 -0.044399656 -0.292903841 -0.591713369
1413394000005760512.000000 0.354907274 -0.767291784 2.147589207 0.754539907 -0.037240487 -0.281277508 -0.591747999
1413394000055760384.000000 0.349344283 -0.763300657 2.143334389 0.762918651 -0.023108359 -0.263428956 -0.589937687
1413394000105760512.000000 0.356724501 -0.767241240 2.145843506 0.760295689 -0.029048808 -0.269282192 -0.590418220
1413394000155760384.000000 0.367380798 -0.768091440 2.142905951 0.765999556 -0.025002914 -0.256775439 -0.588800550
1413394000205760512.000000 0.374790788 -0.771782160 2.141099453 0.770633340 -0.017683599 -0.247244507 -0.587096035
1413394000255760384.000000 0.371982634 -0.773147821 2.144158840 0.773826778 -0.008010262 -0.242040128 -0.585273027
1413394000305760512.000000 0.359862864 -0.775940180 2.150910854 0.776035547 -0.008699341 -0.245921418 -0.580703020
1413394000355760384.000000 0.351352990 -0.777978182 2.148697853 0.770978212 -0.038282394 -0.263741910 -0.578417957
1413394000405760512.000000 0.354927421 -0.775509834 2.144695282 0.773533881 -0.029937532 -0.255045354 -0.579397202
1413394000455760384.000000 0.354439706 -0.774250746 2.145886421 0.773160696 -0.026795749 -0.256392002 -0.579454720
1413394000505760512.000000 0.349578887 -0.774233580 2.148418903 0.772449076 -0.026181104 -0.259074479 -0.579238713
1413394000555760384.000000 0.350951254 -0.774596453 2.146392822 0.772986174 -0.028340040 -0.257164478 -0.579271734
1413394000605760512.000000 0.351553559 -0.774567366 2.146750212 0.772634029 -0.032814674 -0.258018583 -0.579125464
1413394000655760384.000000 0.350142449 -0.774786711 2.147491693 0.773418605 -0.027369360 -0.255900502 -0.579300940
1413394000705760512.000000 0.350614786 -0.774093390 2.147259474 0.772530794 -0.030209981 -0.258543938 -0.579170644
1413394000755760384.000000 0.349987239 -0.774098396 2.146920204 0.772895217 -0.028363273 -0.257365018 -0.579302907
1413394000805760512.000000 0.350206107 -0.773889780 2.147291183 0.772869587 -0.030950518 -0.257531077 -0.579130828
1413394000855760384.000000 0.350188255 -0.773751736 2.146898508 0.773129225 -0.029078936 -0.256763428 -0.579222083
1413394000905760512.000000 0.349867195 -0.773515224 2.146671534 0.772703826 -0.030443491 -0.258131385 -0.579111576
1413394000955760384.000000 0.349891305 -0.773017168 2.146327496 0.772962451 -0.029501615 -0.257362217 -0.579157531
1413394001005760512.000000 0.349965364 -0.773546219 2.146492481 0.772844136 -0.030604735 -0.257689327 -0.579112768
1413394001055760384.000000 0.349975318 -0.773676395 2.146244049 0.772982061 -0.029872792 -0.257412523 -0.579089999
1413394001105760512.000000 0.350046813 -0.773701906 2.146668196 0.772741199 -0.030347338 -0.258120537 -0.579071641
1413394001155760384.000000 0.350025803 -0.774246216 2.147046804 0.772944927 -0.030048311 -0.257383406 -0.579143405
1413394001205760512.000000 0.350032836 -0.774565697 2.147253275 0.772822738 -0.030495793 -0.257941514 -0.579034746
1413394001255760384.000000 0.350013644 -0.774273396 2.146922350 0.772798896 -0.030060444 -0.257756412 -0.579171777
1413394001305760512.000000 0.350064635 -0.774338484 2.146834850 0.772769451 -0.030458234 -0.257918239 -0.579118192
1413394001355760384.000000 0.350094169 -0.774412870 2.146828175 0.772876263 -0.030213902 -0.257710785 -0.579080760
1413394001405760512.000000 0.350112081 -0.774404764 2.147014141 0.772722006 -0.030479325 -0.257908940 -0.579184413
1413394001455760384.000000 0.350023478 -0.774507761 2.147092581 0.772809327 -0.030239619 -0.257821590 -0.579119563
1413394001505760512.000000 0.350084960 -0.774596214 2.147255659 0.772812963 -0.030511251 -0.257869840 -0.579078913
1413394001555760384.000000 0.350152105 -0.774689198 2.147335768 0.772796035 -0.030284043 -0.257960320 -0.579073131
1413394001605760512.000000 0.350273222 -0.774921894 2.147434950 0.772772193 -0.030487785 -0.258057326 -0.579051018
1413394001655760384.000000 0.349989027 -0.774455309 2.147309303 0.772813201 -0.030524764 -0.257906675 -0.579061449
1413394001705760512.000000 0.350071967 -0.774597883 2.147415161 0.772736609 -0.030582825 -0.258014083 -0.579112828
1413394001755760384.000000 0.350369722 -0.775101185 2.147601604 0.772723496 -0.030624589 -0.258005261 -0.579132020
1413394001805760512.000000 0.350519776 -0.775469065 2.147752047 0.772669613 -0.030679923 -0.258076668 -0.579169214
1413394001855760384.000000 0.350576639 -0.775789976 2.147792578 0.772646308 -0.030684592 -0.258138806 -0.579172313
1413394001905760512.000000 0.350619465 -0.775984287 2.147806644 0.772624552 -0.030757701 -0.258228600 -0.579157352
1413394001955760384.000000 0.350551724 -0.775825977 2.147701263 0.772618949 -0.030786347 -0.258280307 -0.579140365
1413394002005760512.000000 0.350440711 -0.775529385 2.147480726 0.772667408 -0.030796269 -0.258345366 -0.579046249
1413394002055760384.000000 0.350307763 -0.775155067 2.147240877 0.772717595 -0.030800022 -0.258315742 -0.578992128
1413394002105760512.000000 0.350279480 -0.774683475 2.147026062 0.772742867 -0.030836944 -0.258318573 -0.578955173
1413394002155760384.000000 0.349837929 -0.775411606 2.147818565 0.772739410 -0.030902343 -0.258279234 -0.578973889
1413394002205760512.000000 0.349699616 -0.775043249 2.147642374 0.772725880 -0.030921025 -0.258323818 -0.578971088
1413394002255760384.000000 0.350242257 -0.775202990 2.147348642 0.772728801 -0.030985033 -0.258272707 -0.578986526
1413394002305760512.000000 0.350334108 -0.775031090 2.147161961 0.772681653 -0.030963698 -0.258355081 -0.579013765
1413394002355760384.000000 0.350253582 -0.774886131 2.147078276 0.772686422 -0.031050289 -0.258402228 -0.578981876
1413394002405760512.000000 0.350066423 -0.774711132 2.147075415 0.772676349 -0.031027408 -0.258395970 -0.578999281
1413394002455760384.000000 0.349901319 -0.774544001 2.147031784 0.772650361 -0.031068664 -0.258449286 -0.579007924
1413394002505760512.000000 0.349741310 -0.774492979 2.147074223 0.772648990 -0.031079007 -0.258447528 -0.579010069
1413394002555760384.000000 0.349658340 -0.774424076 2.147067308 0.772660017 -0.031076225 -0.258443356 -0.578997314
1413394002605760512.000000 0.349618942 -0.774348021 2.147067785 0.772642076 -0.031150330 -0.258481711 -0.579000175
1413394002655760384.000000 0.350093991 -0.775380611 2.147707701 0.772691965 -0.031126300 -0.258454919 -0.578946829
1413394002705760512.000000 0.350055695 -0.775325537 2.147694588 0.772688389 -0.031228159 -0.258488774 -0.578930974
1413394002755760384.000000 0.350031704 -0.775333881 2.147727728 0.772689044 -0.031147759 -0.258530170 -0.578915954
1413394002805760512.000000 0.350507170 -0.775681257 2.147704124 0.772649229 -0.031290673 -0.258599281 -0.578930438
1413394002855760384.000000 0.350536257 -0.775859594 2.147823095 0.772571564 -0.031150818 -0.258801550 -0.578951240
1413394002905760512.000000 0.350104213 -0.775461197 2.147623539 0.772632301 -0.031150620 -0.258747578 -0.578894436
1413394002955760384.000000 0.350059807 -0.775429726 2.147632122 0.772655964 -0.031262495 -0.258719116 -0.578869462
1413394003005760512.000000 0.350005805 -0.775354624 2.147590637 0.772611618 -0.031198302 -0.258842647 -0.578876913
1413394003055760384.000000 0.349925160 -0.775241852 2.147519827 0.772620916 -0.031334110 -0.258839697 -0.578858435
1413394003105760512.000000 0.349862307 -0.775082588 2.147529364 0.772624493 -0.031237813 -0.258811682 -0.578871489
1413394003155760384.000000 0.350177795 -0.775804758 2.148031712 0.772601306 -0.031403050 -0.258931577 -0.578839898
1413394003205760512.000000 0.350189984 -0.775716543 2.147994995 0.772640169 -0.031338964 -0.258838862 -0.578832865
1413394003255760384.000000 0.350031465 -0.775907040 2.148041248 0.772564054 -0.031427167 -0.259004056 -0.578855813
1413394003305760512.000000 0.350032359 -0.775970221 2.147978783 0.772587895 -0.031414278 -0.258943051 -0.578852057
1413394003355760384.000000 0.350086004 -0.776027203 2.147919416 0.772576571 -0.031560957 -0.258991659 -0.578837454
