1413393216555760384.000000 -0.000000065 -0.000000037 0.000000314 -0.000000015 0.000000002 -0.000000053 1.000000000
1413393216605760512.000000 0.000473364 0.001017901 -0.000154193 -0.000478792 -0.000638405 0.000880891 0.999999285
1413393216655760384.000000 -0.001675896 0.001760562 0.000259406 -0.001281845 0.000638433 0.001197370 0.999998271
1413393216705760512.000000 0.000550309 0.001938639 -0.000390847 -0.003202766 0.001265501 -0.000958213 0.999993622
1413393216755760384.000000 0.002662049 0.002767665 -0.003079335 -0.005598709 0.001382323 -0.003298009 0.999977946
1413393216805760512.000000 0.004032229 0.002439000 -0.005745353 -0.007629796 0.002330766 -0.005134229 0.999955058
1413393216855760384.000000 0.007665562 0.003451492 -0.007985258 -0.009121596 0.003494962 -0.006355588 0.999932170
1413393216905760512.000000 0.013429062 0.002935819 -0.011218270 -0.010941577 0.005594134 -0.008229036 0.999890625
1413393216955760384.000000 0.020635070 0.003110562 -0.016891228 -0.012741194 0.005389359 -0.011404105 0.999839365
1413393217005760512.000000 0.024698967 0.001625885 -0.019608388 -0.014299789 0.005120029 -0.012190939 0.999810338
1413393217055760384.000000 0.033306371 -0.001624646 -0.025031887 -0.015360154 0.002726434 -0.013080812 0.999792755
1413393217105760512.000000 0.045251384 -0.001844101 -0.032722153 -0.015663264 0.001273919 -0.012814834 0.999794424
1413393217155760384.000000 0.055404168 -0.001493736 -0.041948162 -0.015556501 0.000003856 -0.011887891 0.999808311
1413393217205760512.000000 0.066226929 -0.007914596 -0.049260478 -0.016461682 -0.000864042 -0.011805947 0.999794483
1413393217255760384.000000 0.076549761 -0.008747912 -0.060468793 -0.016896216 -0.000437973 -0.012807703 0.999775112
1413393217305760512.000000 0.083823554 -0.014466056 -0.069150023 -0.017831869 -0.000845282 -0.013472723 0.999749899
1413393217355760384.000000 0.093299299 -0.017594904 -0.080627255 -0.017276999 -0.002195993 -0.013396800 0.999758661
1413393217405760512.000000 0.101155587 -0.028618004 -0.082549110 -0.018624824 -0.003825686 -0.014279866 0.999717295
1413393217455760384.000000 0.101820543 -0.032959294 -0.092719585 -0.018576385 -0.004265446 -0.013671377 0.999724925
1413393217505760512.000000 0.106123731 -0.038648516 -0.104146160 -0.018262928 -0.004759699 -0.014184907 0.999721289
1413393217555760384.000000 0.110865593 -0.048259955 -0.113250025 -0.018975148 -0.004949380 -0.014087842 0.999708474
1413393217605760512.000000 0.114189416 -0.058259118 -0.121199712 -0.019237954 -0.005048400 -0.015225450 0.999686301
1413393217655760384.000000 0.115628287 -0.064359635 -0.136554107 -0.018226391 -0.005096564 -0.015180575 0.999705672
1413393217705760512.000000 0.118145317 -0.082621150 -0.139852971 -0.019759053 -0.005101944 -0.015486072 0.999671876
1413393217755760384.000000 0.122747481 -0.095497638 -0.149769232 -0.019516723 -0.004728463 -0.015734181 0.999674618
1413393217805760512.000000 0.128454953 -0.101729214 -0.166520685 -0.018295594 -0.004652321 -0.015079211 0.999708116
1413393217855760384.000000 0.136002287 -0.116221428 -0.181808025 -0.018349169 -0.004675124 -0.013897308 0.999724150
1413393217905760512.000000 0.145701811 -0.131335914 -0.196033314 -0.017887479 -0.004611358 -0.013710686 0.999735355
1413393217955760384.000000 0.154743895 -0.151907742 -0.203552678 -0.018839478 -0.003658067 -0.013070574 0.999730408
1413393218005760512.000000 0.165186718 -0.163274720 -0.222293526 -0.017912989 -0.004122132 -0.011904081 0.999760270
1413393218055760384.000000 0.173499703 -0.178348660 -0.238899752 -0.016454637 -0.003529944 -0.008396169 0.999823153
1413393218105760512.000000 0.178721949 -0.195086032 -0.252130777 -0.015377261 -0.003863260 -0.004409645 0.999864638
1413393218155760384.000000 0.183800444 -0.213630542 -0.264919251 -0.013811953 -0.004020520 0.001305208 0.999895751
1413393218205760512.000000 0.184566766 -0.234377906 -0.271438271 -0.011641704 -0.003525582 0.008212443 0.999892354
1413393218255760384.000000 0.184785351 -0.248570427 -0.285328984 -0.009447846 -0.004546738 0.015426027 0.999826014
1413393218305760512.000000 0.183449149 -0.262779832 -0.299372613 -0.007503869 -0.006484003 0.021236803 0.999725342
1413393218355760384.000000 0.177237600 -0.276893228 -0.312830120 -0.006968854 -0.006542678 0.021296702 0.999727547
1413393218405760512.000000 0.171713874 -0.289361417 -0.323076308 -0.009464982 -0.005760342 0.016871221 0.999796331
1413393218455760384.000000 0.163324043 -0.304700106 -0.332191229 -0.012139125 -0.005307217 0.010872006 0.999853194
1413393218505760512.000000 0.155351356 -0.315036863 -0.344522744 -0.013990006 -0.004551136 0.004508378 0.999881685
1413393218555760384.000000 0.148549199 -0.324796140 -0.361420572 -0.016243724 -0.004133246 -0.000305520 0.999859512
1413393218605760512.000000 0.142225891 -0.335811138 -0.373656750 -0.017440321 -0.003007241 -0.004827357 0.999831796
1413393218655760384.000000 0.132523909 -0.347087592 -0.384052813 -0.017925689 -0.001977032 -0.007348534 0.999810338
1413393218705760512.000000 0.125009149 -0.361017793 -0.396097898 -0.019073145 -0.001794277 -0.007654045 0.999787211
1413393218755760384.000000 0.121723004 -0.373102367 -0.414670825 -0.018911162 -0.004356709 -0.009360476 0.999767900
1413393218805760512.000000 0.113024481 -0.382057548 -0.430730134 -0.017658826 -0.009300243 -0.007494554 0.999772787
1413393218855760384.000000 0.107069388 -0.397187233 -0.444597393 -0.017042179 -0.017802332 -0.002603512 0.999692917
1413393218905760512.000000 0.100120254 -0.410734862 -0.459289014 -0.015617496 -0.026356347 0.001031916 0.999530137
1413393218955760384.000000 0.092662595 -0.425376385 -0.468520701 -0.015079093 -0.033071578 0.004115638 0.999330759
1413393219005760512.000000 0.089633144 -0.439129680 -0.482731700 -0.015271208 -0.037779719 0.006654737 0.999147296
1413393219055760384.000000 0.086910866 -0.451822042 -0.493420660 0.014086244 0.040145151 -0.008382146 -0.999059379
1413393219105760512.000000 0.086646147 -0.464210480 -0.504267812 0.013818547 0.039684333 -0.008206245 -0.999083042
1413393219155760384.000000 0.087575778 -0.476063550 -0.513720870 0.013582662 0.038400244 -0.008807426 -0.999131382
1413393219205760512.000000 0.088033706 -0.485406280 -0.523420513 -0.012843996 -0.037426040 0.008754394 0.999178529
1413393219255760384.000000 0.091288991 -0.495808840 -0.531164467 -0.012083136 -0.035639219 0.008379503 0.999256611
1413393219305760512.000000 0.095341429 -0.505436957 -0.537482142 0.011384812 0.034245901 -0.008275081 -0.999314368
1413393219355760384.000000 0.100110501 -0.514474750 -0.542651415 0.010553106 0.033932433 -0.008233294 -0.999334514
1413393219405760512.000000 0.105387464 -0.522946060 -0.546632230 0.009396471 0.033217758 -0.009434994 -0.999359488
1413393219455760384.000000 0.109811082 -0.530683696 -0.549002349 0.009180157 0.031935036 -0.009162238 -0.999405801
1413393219505760512.000000 0.115088306 -0.547386825 -0.552445769 -0.009441765 -0.031365704 0.010435004 0.999408960
1413393219555760384.000000 0.115937710 -0.553582728 -0.551536262 -0.008918386 -0.029358014 0.010257210 0.999476552
1413393219605760512.000000 0.117859066 -0.559070051 -0.548882544 0.008926660 0.027327938 -0.009677843 -0.999539852
1413393219655760384.000000 0.119776450 -0.564008057 -0.546032727 0.008367645 0.024695592 -0.009687982 -0.999613047
1413393219705760512.000000 0.123952232 -0.568399847 -0.543218791 0.008391592 0.021392159 -0.008598202 -0.999698937
1413393219755760384.000000 0.127846584 -0.573997974 -0.542867482 -0.008673704 -0.017470576 0.007494262 0.999781728
1413393219805760512.000000 0.138407975 -0.577730358 -0.541737676 -0.009428970 -0.013878135 0.004277609 0.999850154
1413393219855760384.000000 0.151852161 -0.580427527 -0.542916775 0.009772123 0.012682683 -0.003301897 -0.999866426
1413393219905760512.000000 0.168024063 -0.583442092 -0.545203626 0.010027788 0.010983409 -0.001622771 -0.999888122
1413393219955760384.000000 0.184974790 -0.586516917 -0.547693133 0.010469704 0.009371469 0.000505843 -0.999901175
1413393220005760512.000000 0.201362148 -0.593313396 -0.545771778 -0.010881398 -0.007997529 -0.001299997 0.999907970
1413393220055760384.000000 0.214340657 -0.596750021 -0.548214853 -0.011255492 -0.006363242 -0.002160973 0.999914169
1413393220105760512.000000 0.225330353 -0.600625277 -0.551045656 -0.011542308 -0.005598681 -0.002414419 0.999914885
1413393220155760384.000000 0.236362278 -0.604250133 -0.551185429 -0.012045011 -0.005117429 -0.003019309 0.999909878
1413393220205760512.000000 0.247058094 -0.608398616 -0.554630101 -0.012279705 -0.004225513 -0.004132752 0.999907136
1413393220255760384.000000 0.258032948 -0.612782657 -0.557601571 0.012671735 0.003654749 0.003854811 -0.999905646
1413393220305760512.000000 0.269211590 -0.617545426 -0.561508954 0.013247054 0.003059663 0.005180368 -0.999894202
1413393220355760384.000000 0.280392408 -0.622710466 -0.565931380 0.013015005 0.002505119 0.004938939 -0.999899983
1413393220405760512.000000 0.292021334 -0.625928521 -0.566344023 -0.013279844 -0.002642126 -0.004843329 0.999896646
1413393220455760384.000000 0.303281426 -0.631629586 -0.571644902 -0.013459306 -0.003498020 -0.004987778 0.999890864
1413393220505760512.000000 0.313973576 -0.637410462 -0.577154756 -0.013340107 -0.005777868 -0.004479517 0.999884367
1413393220555760384.000000 0.323349237 -0.643861473 -0.581891179 0.013606828 0.007846772 0.003578335 -0.999870241
1413393220605760512.000000 0.330006361 -0.650136113 -0.586545825 0.013916936 0.008968694 0.003238235 -0.999857724
1413393220655760384.000000 0.333862364 -0.656382442 -0.589944363 0.013635324 0.008195429 0.003397794 -0.999867737
1413393220705760512.000000 0.334971726 -0.662566602 -0.592626512 0.013820418 0.007561610 0.002209591 -0.999873519
1413393220755760384.000000 0.336211056 -0.666081548 -0.593219876 -0.012741120 -0.008028240 0.001109957 0.999886036
1413393220805760512.000000 0.333162159 -0.672142029 -0.594501734 -0.010807368 -0.010725417 0.005300504 0.999870062
1413393220855760384.000000 0.331908137 -0.677770078 -0.595917702 -0.010104929 -0.012507620 0.010241535 0.999818325
1413393220905760512.000000 0.331469625 -0.683529019 -0.598062515 0.009117456 0.013754478 -0.012824243 -0.999781668
1413393220955760384.000000 0.335637659 -0.688111961 -0.601030231 0.008621267 0.014996824 -0.014090665 -0.999751151
1413393221005760512.000000 0.342569411 -0.691554725 -0.604894996 0.010329200 0.014408003 -0.013987895 -0.999745071
1413393221055760384.000000 0.362637281 -0.692422569 -0.614239037 -0.010806643 -0.015488112 0.014045409 0.999723017
1413393221105760512.000000 0.373461187 -0.694510818 -0.618007600 -0.011175916 -0.016742855 0.013711048 0.999703407
1413393221155760384.000000 0.385254353 -0.695768178 -0.621954739 -0.012629040 -0.017240325 0.013303025 0.999683082
1413393221205760512.000000 0.396019399 -0.696196854 -0.625504732 0.013638806 0.019193798 -0.011872805 -0.999652267
1413393221255760384.000000 0.408295840 -0.696368098 -0.628754735 0.013888602 0.020592200 -0.011509574 -0.999625266
1413393221305760512.000000 0.427744985 -0.697502375 -0.640237510 -0.015773524 -0.023019863 0.009583643 0.999564707
1413393221355760384.000000 0.440640658 -0.696615517 -0.642260313 -0.016235214 -0.025020616 0.009089875 0.999513805
1413393221405760512.000000 0.454316735 -0.695587516 -0.643710911 -0.016630758 -0.026633186 0.007355810 0.999479890
1413393221455760384.000000 0.468955904 -0.693330705 -0.645080268 0.017978597 0.027406527 -0.004934116 -0.999450564
1413393221505760512.000000 0.481408268 -0.691703320 -0.644616783 0.018376678 0.028314825 -0.003359154 -0.999424517
1413393221555760384.000000 0.491096288 -0.690120161 -0.642524123 0.019362707 0.029267101 -0.000096116 -0.999384105
1413393221605760512.000000 0.504641593 -0.691360593 -0.649642527 -0.020354195 -0.029603560 -0.002214892 0.999352038
1413393221655760384.000000 0.512744665 -0.690562725 -0.644989431 -0.020395879 -0.028818995 -0.003855513 0.999369085
1413393221705760512.000000 0.521443665 -0.690122664 -0.639948130 -0.020310242 -0.024999505 -0.004833612 0.999469519
1413393221755760384.000000 0.530352771 -0.690196574 -0.634858370 -0.019924775 -0.020491855 -0.004359111 0.999581993
1413393221805760512.000000 0.540927172 -0.689611614 -0.629719377 0.018605020 0.016658301 0.004797810 -0.999676585
1413393221855760384.000000 0.550382972 -0.690101922 -0.624280214 0.018290238 0.014219537 0.005718069 -0.999715269
1413393221905760512.000000 0.559646070 -0.690972865 -0.618884265 0.017636823 0.012894182 0.005072858 -0.999748528
1413393221955760384.000000 0.568373978 -0.696814179 -0.624890566 -0.016783493 -0.010623418 -0.004802869 0.999791265
1413393222005760512.000000 0.574568510 -0.697886586 -0.619009972 -0.016453037 -0.010588770 -0.004613917 0.999798000
1413393222055760384.000000 0.577853262 -0.699224949 -0.612620652 -0.015891360 -0.009820146 -0.004183948 0.999816775
1413393222105760512.000000 0.581004441 -0.700614691 -0.608056188 0.014138875 0.008972907 0.003600630 -0.999853373
1413393222155760384.000000 0.579907954 -0.702212453 -0.600535750 0.013603099 0.008933453 0.004074045 -0.999859273
1413393222205760512.000000 0.575788915 -0.703863859 -0.592511415 0.013127455 0.009187882 0.004357606 -0.999862134
1413393222255760384.000000 0.568439841 -0.705549955 -0.584022820 0.012148193 0.010678428 0.004058747 -0.999861002
1413393222305760512.000000 0.558427036 -0.707077563 -0.575535417 0.011955461 0.013711877 0.004642968 -0.999823749
1413393222355760384.000000 0.547933459 -0.708880365 -0.566842675 0.011907629 0.018741053 0.004666444 -0.999742568
1413393222405760512.000000 0.538571894 -0.705290377 -0.553441823 0.010227340 0.024205135 0.003807980 -0.999647498
1413393222455760384.000000 0.522448361 -0.709412396 -0.559399307 -0.011100273 -0.027104726 -0.006056037 0.999552608
1413393222505760512.000000 0.515019596 -0.711440682 -0.551271856 -0.010435726 -0.030315457 -0.005051553 0.999473155
1413393222555760384.000000 0.509991109 -0.713652551 -0.543218970 -0.008744459 -0.031659599 -0.002775364 0.999456644
1413393222605760512.000000 0.509534657 -0.716798007 -0.534823298 0.008205616 0.033072557 0.002478238 -0.999416232
1413393222655760384.000000 0.509928823 -0.719345093 -0.526312709 0.007527566 0.034970861 0.001944560 -0.999358118
1413393222705760512.000000 0.513239741 -0.721782804 -0.517283380 0.007239801 0.034849022 0.003684607 -0.999359608
1413393222755760384.000000 0.518605530 -0.724214733 -0.507941484 0.006354840 0.036708381 0.002411057 -0.999302983
1413393222805760512.000000 0.526079416 -0.726513505 -0.498141259 0.005745766 0.038944870 0.002190605 -0.999222517
1413393222855760384.000000 0.535709858 -0.728887916 -0.487983435 0.004983185 0.041452680 0.002052004 -0.999125957
1413393222905760512.000000 0.547716260 -0.731356084 -0.477061450 0.003608209 0.042738318 0.001267294 -0.999078989
1413393222955760384.000000 0.557295382 -0.731518567 -0.466550618 -0.002156501 -0.044388060 -0.001602201 0.999010801
1413393223005760512.000000 0.573157907 -0.733737409 -0.454005033 -0.001478991 -0.043035727 -0.003226905 0.999067247
1413393223055760384.000000 0.589578152 -0.735948980 -0.440378487 -0.000229127 -0.040368665 -0.003476082 0.999178767
1413393223105760512.000000 0.606831551 -0.738327444 -0.425675839 0.000871596 -0.037977733 -0.003386386 0.999272466
1413393223155760384.000000 0.624421179 -0.740195811 -0.410762787 0.000957536 -0.036269896 -0.005309355 0.999327481
1413393223205760512.000000 0.642165840 -0.742203891 -0.394885570 0.001252531 -0.034193318 -0.008029306 0.999382257
1413393223255760384.000000 0.658642352 -0.744324744 -0.375484020 0.001123196 -0.032879028 -0.009908783 0.999409616
1413393223305760512.000000 0.674628615 -0.746556818 -0.357389957 0.001573417 -0.030917201 -0.010102706 0.999469638
1413393223355760384.000000 0.687694311 -0.749051571 -0.337646604 0.001705557 -0.029633833 -0.011269187 0.999495864
1413393223405760512.000000 0.706114292 -0.753854215 -0.299945742 0.001569975 -0.029177643 -0.012105175 0.999499798
1413393223455760384.000000 0.709787190 -0.756543159 -0.276187986 0.001314858 -0.026616916 -0.013394378 0.999555171
1413393223505760512.000000 0.708334804 -0.759504318 -0.250694752 0.001008713 -0.023252100 -0.013956844 0.999631763
1413393223555760384.000000 0.702725410 -0.762744486 -0.223449230 -0.000754677 0.019843750 0.013574488 -0.999710739
1413393223605760512.000000 0.696956277 -0.767135739 -0.192542106 -0.000236718 -0.016583892 -0.013834654 0.999766767
1413393223655760384.000000 0.684948504 -0.770679235 -0.164357051 -0.001566143 -0.014017952 -0.014144549 0.999800444
1413393223705760512.000000 0.672572911 -0.774574578 -0.136251450 -0.003125646 -0.012811147 -0.013666864 0.999819696
1413393223755760384.000000 0.667678475 -0.779963255 -0.106040463 -0.004803483 -0.012228348 -0.013504989 0.999822497
1413393223805760512.000000 0.661072135 -0.785199940 -0.080405727 -0.006333288 -0.010550173 -0.012461059 0.999846697
1413393223855760384.000000 0.658206046 -0.791167617 -0.056271665 -0.008009955 -0.011740149 -0.011952316 0.999827623
1413393223905760512.000000 0.660418630 -0.797739387 -0.031275205 -0.010810965 -0.012226878 -0.012931358 0.999783218
1413393223955760384.000000 0.664331436 -0.805067122 -0.009516399 -0.012478983 -0.012479382 -0.012691941 0.999763727
1413393224005760512.000000 0.670588970 -0.812950552 0.011552942 -0.013854643 -0.011201815 -0.012140189 0.999767601
1413393224055760384.000000 0.679748952 -0.822773695 0.039904103 -0.015316172 -0.012237923 -0.010403183 0.999753714
1413393224105760512.000000 0.685031891 -0.831871152 0.061727591 -0.016327068 -0.010844917 -0.009563862 0.999762177
1413393224155760384.000000 0.687814713 -0.841208756 0.083387263 -0.017514285 -0.010204103 -0.009331779 0.999751031
1413393224205760512.000000 0.687735617 -0.850974321 0.103656605 0.018436706 0.009571698 0.008945125 -0.999744236
1413393224255760384.000000 0.688540220 -0.861186922 0.128678605 -0.019591376 -0.008461927 -0.009959021 0.999722719
1413393224305760512.000000 0.684316039 -0.871753275 0.150418282 -0.020044733 -0.006465828 -0.009668457 0.999731481
1413393224355760384.000000 0.676922441 -0.882494092 0.173121452 -0.020595895 -0.005689821 -0.009931904 0.999722421
1413393224405760512.000000 0.666893065 -0.893382847 0.197083727 0.022538953 0.005805124 0.008544942 -0.999692678
1413393224455760384.000000 0.654471934 -0.906503856 0.234384432 -0.025251767 -0.003710477 -0.005712303 0.999657929
1413393224505760512.000000 0.640598595 -0.917776644 0.258494049 -0.028857104 -0.002870248 -0.002373468 0.999576688
1413393224555760384.000000 0.624716640 -0.929113626 0.282714427 -0.033011749 -0.002726378 0.003427236 0.999445379
1413393224605760512.000000 0.608176947 -0.940508008 0.306163818 0.038498946 0.001300404 -0.008726268 -0.999219775
1413393224655760384.000000 0.592253268 -0.951565206 0.329062879 0.044731867 0.000347836 -0.014914832 -0.998887658
1413393224705760512.000000 0.574968100 -0.962478399 0.359368503 -0.051424492 -0.002525315 0.020647164 0.998460293
1413393224755760384.000000 0.559854984 -0.972576439 0.378796697 -0.058065612 -0.004452435 0.026667247 0.997946620
1413393224805760512.000000 0.545635343 -0.982192695 0.396531850 -0.066125922 -0.006520033 0.030759295 0.997315764
1413393224855760384.000000 0.533101141 -0.991241515 0.412260979 -0.073661283 -0.008584447 0.035486352 0.996614873
1413393224905760512.000000 0.515882134 -1.000624776 0.443402261 -0.079871260 -0.008641439 0.038775653 0.996013284
1413393224955760384.000000 0.508310437 -1.008819818 0.455634445 -0.085829541 -0.010558655 0.041361153 0.995394945
1413393225005760512.000000 0.504753590 -1.016612887 0.466471821 -0.090646662 -0.012049849 0.041527443 0.994943976
1413393225055760384.000000 0.504050374 -1.023324490 0.478750139 0.094665207 0.013909262 -0.040514588 -0.994587183
1413393225105760512.000000 0.506596446 -1.029849410 0.489863425 0.098319136 0.014836468 -0.040223073 -0.994231105
1413393225155760384.000000 0.500151873 -1.037197828 0.514981389 -0.101289064 -0.014738608 0.039508142 0.993963003
1413393225205760512.000000 0.502514958 -1.043092608 0.526440561 -0.102284394 -0.015742004 0.041065004 0.993782580
1413393225255760384.000000 0.504795253 -1.048742056 0.538549542 -0.104242906 -0.016981371 0.040601309 0.993577719
1413393225305760512.000000 0.507346332 -1.053555250 0.550781965 -0.106145911 -0.018139349 0.041597065 0.993314505
1413393225355760384.000000 0.512374282 -1.057910323 0.563600898 0.109933972 0.017662078 -0.042528611 -0.992871583
1413393225405760512.000000 0.515033305 -1.061320186 0.575896144 0.114411034 0.018531665 -0.047176775 -0.992139637
1413393225455760384.000000 0.512415528 -1.063126683 0.595652163 -0.120228067 -0.018902952 0.051339347 0.991237760
1413393225505760512.000000 0.516964436 -1.064384580 0.608543456 -0.127666309 -0.018077437 0.057728641 0.989970684
1413393225555760384.000000 0.522193968 -1.064766765 0.620968997 -0.136902377 -0.019002696 0.064025968 0.988330603
1413393225605760512.000000 0.530178547 -1.064670801 0.633108258 0.147304684 0.018693678 -0.070610851 -0.986390412
1413393225655760384.000000 0.537270427 -1.061707854 0.644849002 -0.159151390 -0.017419536 0.076574065 0.984125972
1413393225705760512.000000 0.544921398 -1.058144569 0.655687273 -0.172775388 -0.016948259 0.081331149 0.981451333
1413393225755760384.000000 0.553361416 -1.053173900 0.666065693 -0.187418535 -0.016245095 0.083290242 0.978607714
1413393225805760512.000000 0.559584320 -1.046244025 0.679599404 -0.203223228 -0.014291578 0.084638149 0.975362778
1413393225855760384.000000 0.566946208 -1.039591908 0.688193977 -0.220205694 -0.013646279 0.083954252 0.971738100
1413393225905760512.000000 0.570275664 -1.032515049 0.697627902 -0.236584887 -0.012529464 0.083271071 0.967954814
1413393225955760384.000000 0.567919374 -1.025096893 0.707947075 0.253152847 0.012739886 -0.081773520 -0.963879943
1413393226005760512.000000 0.562029600 -1.017684817 0.719701827 0.269035399 0.011318208 -0.081023075 -0.959649503
1413393226055760384.000000 0.562957585 -1.008174181 0.739424646 -0.284052312 -0.009777495 0.083246514 0.955138087
1413393226105760512.000000 0.554791331 -1.002076387 0.751834214 -0.296531737 -0.008428684 0.087224990 0.950994074
1413393226155760384.000000 0.547904670 -0.996267915 0.764323413 -0.307775974 -0.006345501 0.092227869 0.946957111
1413393226205760512.000000 0.543467999 -0.991314292 0.776129842 0.318355829 0.005651071 -0.096964248 -0.942982316
1413393226255760384.000000 0.542888582 -0.986574411 0.787204206 0.326409519 0.005159017 -0.102578372 -0.939631820
1413393226305760512.000000 0.544762492 -0.982010543 0.797448575 0.333424151 0.004558805 -0.107572861 -0.936608613
1413393226355760384.000000 0.548011363 -0.977683783 0.807291210 0.338212162 0.005745015 -0.114254065 -0.934090734
1413393226405760512.000000 0.551824272 -0.973445952 0.816903770 0.342626482 0.008954716 -0.118624777 -0.931909382
1413393226455760384.000000 0.555096567 -0.968907714 0.827239990 0.345743060 0.012749337 -0.123929650 -0.930021882
1413393226505760512.000000 0.556017458 -0.963618636 0.838468850 0.348086655 0.016417082 -0.128230557 -0.928505838
1413393226555760384.000000 0.562877893 -0.957170665 0.867934704 -0.350431502 -0.019484390 0.132132500 0.927016318
1413393226605760512.000000 0.560476840 -0.950543880 0.881301045 -0.351789922 -0.021915706 0.135180265 0.926007450
1413393226655760384.000000 0.558228612 -0.943339586 0.895290256 -0.353495896 -0.023006314 0.135870010 0.925230145
1413393226705760512.000000 0.554650247 -0.933530211 0.909903705 0.356173694 0.022987187 -0.130457073 -0.924982607
1413393226755760384.000000 0.553800106 -0.923381329 0.924383521 0.359008163 0.021293683 -0.124685660 -0.924723387
1413393226805760512.000000 0.553503692 -0.912733257 0.939315319 0.361013860 0.021346344 -0.118907914 -0.924702287
1413393226855760384.000000 0.553886652 -0.901958346 0.954852343 0.361863166 0.021158898 -0.114680760 -0.924908519
1413393226905760512.000000 0.554992199 -0.891220689 0.970851898 0.362985224 0.022008311 -0.109972902 -0.925020754
1413393226955760384.000000 0.556729436 -0.880748272 0.987522900 0.362982303 0.022620071 -0.107655533 -0.925279677
1413393227005760512.000000 0.558967233 -0.870753169 1.004674554 0.362548888 0.022982681 -0.105893046 -0.925644040
1413393227055760384.000000 0.557212234 -0.861975610 1.032061815 -0.362549633 -0.021986710 0.106159791 0.925637364
1413393227105760512.000000 0.560638428 -0.852381170 1.050079823 -0.361804396 -0.019979047 0.106146134 0.925975978
1413393227155760384.000000 0.564243495 -0.843396604 1.068759441 -0.360551149 -0.017800897 0.108209893 0.926270306
1413393227205760512.000000 0.568499565 -0.834463179 1.087449431 -0.359083086 -0.015812812 0.110015146 0.926663876
1413393227255760384.000000 0.575630248 -0.826206148 1.105919480 0.357367784 0.012575037 -0.113923274 -0.926904380
1413393227305760512.000000 0.581510723 -0.817774951 1.124257803 0.356647521 0.012314468 -0.116303049 -0.926889777
1413393227355760384.000000 0.581983745 -0.809014618 1.148148775 -0.356503963 -0.010688473 0.117651492 0.926794946
1413393227405760512.000000 0.588164389 -0.800704002 1.166183352 -0.356033772 -0.011148296 0.119751401 0.926701307
1413393227455760384.000000 0.594398320 -0.792117238 1.183895469 -0.355715811 -0.010990021 0.121952407 0.926538289
1413393227505760512.000000 0.600726545 -0.783414841 1.201368451 -0.355729759 -0.010654804 0.122968920 0.926402509
1413393227555760384.000000 0.607045591 -0.774784207 1.219694376 0.357102156 0.008873437 -0.124344155 -0.925709367
1413393227605760512.000000 0.613491654 -0.765422285 1.236523151 0.359329820 0.007280961 -0.126525655 -0.924565017
1413393227655760384.000000 0.619538844 -0.755723953 1.252735853 0.362900943 0.006776914 -0.128141731 -0.922949970
1413393227705760512.000000 0.623732328 -0.741961539 1.272980452 -0.367908269 -0.006807736 0.130919114 0.920574546
1413393227755760384.000000 0.628601074 -0.731204331 1.287735224 -0.373869002 -0.006306484 0.133875355 0.917747080
1413393227805760512.000000 0.633152783 -0.720053196 1.301791549 -0.380856216 -0.006458881 0.135804281 0.914584100
1413393227855760384.000000 0.636993706 -0.708554327 1.315223455 -0.388226897 -0.004697520 0.140625641 0.910759151
1413393227905760512.000000 0.641555607 -0.693643332 1.332053065 -0.396858573 -0.003901377 0.144147277 0.906482041
1413393227955760384.000000 0.644580722 -0.681568444 1.344372630 -0.406123489 -0.001950917 0.147615433 0.901814699
1413393228005760512.000000 0.646722078 -0.668900847 1.355618715 -0.416428924 -0.000957012 0.151913419 0.896386325
1413393228055760384.000000 0.648376167 -0.655343294 1.366295695 0.427769512 0.000458513 -0.154382616 -0.890606046
1413393228105760512.000000 0.649634421 -0.641829789 1.376146674 0.438683599 -0.000237859 -0.158367351 -0.884577036
1413393228155760384.000000 0.650606155 -0.627773821 1.385133624 0.450472772 0.000972811 -0.161020756 -0.878149092
1413393228205760512.000000 0.651470959 -0.613535225 1.393674970 0.460928530 0.002075979 -0.164793968 -0.871999800
1413393228255760384.000000 0.655784070 -0.592780530 1.408935189 -0.470966369 -0.003687521 0.166151047 0.866355062
1413393228305760512.000000 0.657301486 -0.577948809 1.416595817 -0.479809195 -0.004872628 0.167474478 0.861226916
1413393228355760384.000000 0.659356833 -0.562829614 1.423823476 -0.487900764 -0.005747064 0.168314680 0.856498718
1413393228405760512.000000 0.660904229 -0.547461569 1.430896163 0.496502191 0.006791108 -0.169059455 -0.851386189
1413393228455760384.000000 0.663001060 -0.531939030 1.437395096 0.505161166 0.006554306 -0.170830414 -0.845923305
1413393228505760512.000000 0.665607631 -0.516402602 1.443705440 0.513208866 0.004713738 -0.171665013 -0.840907633
1413393228555760384.000000 0.668047011 -0.500915468 1.449860692 0.521044850 0.003401029 -0.173202217 -0.835764110
1413393228605760512.000000 0.670065582 -0.485583186 1.456083298 0.528442621 0.003795598 -0.175706133 -0.830578983
1413393228655760384.000000 0.672538400 -0.470354676 1.462405324 0.533947229 0.003393922 -0.178684309 -0.826414466
1413393228705760512.000000 0.675272107 -0.455130816 1.468689919 0.539057732 0.004646298 -0.180231184 -0.822746634
1413393228755760384.000000 0.680644751 -0.427169204 1.488928556 -0.543381512 -0.005222232 0.182950810 0.819291353
1413393228805760512.000000 0.683532238 -0.411606789 1.496114492 -0.545114756 -0.006967336 0.187386170 0.817121625
1413393228855760384.000000 0.685806870 -0.395430446 1.503415942 -0.546430528 -0.008552149 0.191562399 0.815257251
1413393228905760512.000000 0.687498987 -0.378699660 1.510521889 0.546870649 0.011739659 -0.196379617 -0.813775063
1413393228955760384.000000 0.689108849 -0.361428857 1.517709732 0.547291458 0.012603249 -0.198414952 -0.812985122
1413393229005760512.000000 0.690467715 -0.343305469 1.524930596 0.548671484 0.014316978 -0.197178036 -0.812327266
1413393229055760384.000000 0.691550374 -0.324046373 1.532298207 0.550785542 0.017451458 -0.192448154 -0.811969459
1413393229105760512.000000 0.691806138 -0.304154515 1.540404797 0.552442074 0.018644853 -0.186882257 -0.812117755
1413393229155760384.000000 0.691470265 -0.284026980 1.549077272 0.553869486 0.019600281 -0.182292968 -0.812166095
1413393229205760512.000000 0.690900385 -0.263597608 1.558591485 0.554945648 0.020901239 -0.177626967 -0.812432945
1413393229255760384.000000 0.687975705 -0.227227807 1.579231381 -0.555655599 -0.021588251 0.173460841 0.812829792
1413393229305760512.000000 0.686166227 -0.205974102 1.590947151 -0.556214094 -0.021421188 0.170194447 0.813142598
1413393229355760384.000000 0.683851421 -0.184619904 1.603861094 -0.556138217 -0.020409906 0.167932019 0.813690782
1413393229405760512.000000 0.680997193 -0.162577748 1.618136764 -0.555289149 -0.017851846 0.167493477 0.814420819
1413393229455760384.000000 0.677979887 -0.142394423 1.633900881 0.554023504 0.013318768 -0.169255599 -0.815004945
1413393229505760512.000000 0.675487638 -0.121441245 1.649613619 0.552032888 0.008209594 -0.172975674 -0.815641940
1413393229555760384.000000 0.673668027 -0.095580697 1.667428613 -0.549497187 -0.005593086 0.177017063 0.816508770
1413393229605760512.000000 0.671797514 -0.074847460 1.682983875 -0.547322810 -0.003282437 0.182284698 0.816822708
1413393229655760384.000000 0.670432091 -0.053880095 1.698172331 -0.544814110 -0.002837905 0.187565729 0.817305744
1413393229705760512.000000 0.669168711 -0.029814482 1.714218140 -0.543090224 -0.004226001 0.191108510 0.817626297
1413393229755760384.000000 0.669295132 -0.007501245 1.728166580 -0.541559577 -0.006172623 0.194086716 0.817927539
1413393229805760512.000000 0.669803262 0.015493274 1.741542816 -0.539884686 -0.009398798 0.197463855 0.818195760
1413393229855760384.000000 0.670783043 0.038954496 1.755028009 -0.538431108 -0.013821921 0.199961618 0.818484187
1413393229905760512.000000 0.673131585 0.063922524 1.767184973 -0.537327409 -0.017271236 0.202025205 0.818637192
1413393229955760384.000000 0.676789880 0.090221643 1.778762460 -0.536706150 -0.019713897 0.201722354 0.819064081
1413393230005760512.000000 0.681725860 0.118292689 1.789677382 0.537235379 0.022647269 -0.198585287 -0.819407880
1413393230055760384.000000 0.687635660 0.147672892 1.800568104 0.538710237 0.024042381 -0.191499740 -0.820086062
1413393230105760512.000000 0.691605210 0.175734222 1.812785268 -0.540112793 -0.024596628 0.184818208 0.820679903
1413393230155760384.000000 0.697445214 0.206811070 1.824763060 -0.541025817 -0.024752574 0.179633752 0.821224809
1413393230205760512.000000 0.702691615 0.238241255 1.837844372 -0.541377723 -0.025270399 0.175345808 0.821903586
1413393230255760384.000000 0.706883907 0.268909097 1.851819277 -0.541573405 -0.024007993 0.171865493 0.822547376
1413393230305760512.000000 0.711381853 0.300876558 1.867193937 -0.541077852 -0.021440672 0.170103610 0.823310316
1413393230355760384.000000 0.714656770 0.332674503 1.883634210 -0.539623857 -0.019566100 0.172029540 0.823910832
1413393230405760512.000000 0.716102660 0.363609433 1.900424004 -0.538468838 -0.016124690 0.173631072 0.824404955
1413393230455760384.000000 0.718931377 0.395302474 1.917766571 -0.538090348 -0.014174392 0.176454008 0.824088573
1413393230505760512.000000 0.721913815 0.427083433 1.935052991 -0.538779736 -0.012009151 0.180608928 0.822771370
1413393230555760384.000000 0.722410679 0.456935227 1.952036619 -0.541246951 -0.009984945 0.185360283 0.820118070
1413393230605760512.000000 0.726076484 0.488819242 1.967942238 -0.545121789 -0.007569516 0.190537721 0.816382468
1413393230655760384.000000 0.730507731 0.521574795 1.983131051 -0.550024331 -0.006409524 0.195967749 0.811805904
1413393230705760512.000000 0.734214544 0.555792868 1.997829556 -0.556252062 -0.004501971 0.200217143 0.806521237
1413393230755760384.000000 0.741593540 0.589857697 2.010226250 -0.563339949 -0.002905372 0.204771101 0.800442696
1413393230805760512.000000 0.749012470 0.624255896 2.021495104 -0.570897460 -0.001623358 0.208787426 0.794028580
1413393230855760384.000000 0.753307462 0.659696102 2.033491611 -0.579607546 -0.001083039 0.211920977 0.786856711
1413393230905760512.000000 0.761542201 0.695877910 2.042661428 -0.589334249 -0.002044435 0.213576987 0.779144347
1413393230955760384.000000 0.770534694 0.732551396 2.050713539 -0.599493086 -0.004854655 0.213028446 0.771494329
1413393231005760512.000000 0.776500463 0.766542375 2.058108807 -0.609538555 -0.008792105 0.210907310 0.764135897
1413393231055760384.000000 0.786192417 0.804086030 2.065258503 -0.618624330 -0.013290780 0.208017170 0.757532895
1413393231105760512.000000 0.796275198 0.841967285 2.072897911 -0.626351178 -0.016318811 0.204806283 0.751978934
1413393231155760384.000000 0.805054605 0.878296733 2.081819057 -0.632710695 -0.018914467 0.201979682 0.747344494
1413393231205760512.000000 0.815613568 0.916779041 2.091484547 -0.637442112 -0.020592198 0.201997221 0.743263543
1413393231255760384.000000 0.826479137 0.955449939 2.102162361 -0.641364634 -0.022450414 0.200981393 0.740104020
1413393231305760512.000000 0.835899353 0.993354499 2.114955902 0.643850744 0.020819211 -0.202030852 -0.737703502
1413393231355760384.000000 0.841496468 1.031316638 2.128563881 -0.645277262 -0.018196564 0.204444870 0.735859036
1413393231405760512.000000 0.846479535 1.069557667 2.144154549 -0.645908892 -0.014111062 0.207064003 0.734661281
1413393231455760384.000000 0.849545777 1.107704878 2.160885572 -0.646490395 -0.007350060 0.209207997 0.733640373
1413393231505760512.000000 0.852223158 1.146049976 2.177886009 -0.647092700 0.001823227 0.209634528 0.733021975
1413393231555760384.000000 0.852053165 1.183113575 2.195844412 -0.647754490 0.012545944 0.207478657 0.732945681
1413393231605760512.000000 0.850086689 1.219211459 2.213769913 -0.648496270 0.022495709 0.205230281 0.732684851
1413393231655760384.000000 0.846791506 1.255668521 2.231306076 -0.649700940 0.029711824 0.204137996 0.731665015
1413393231705760512.000000 0.842618942 1.288336277 2.247650385 -0.651226163 0.032437056 0.203538656 0.730359077
1413393231755760384.000000 0.838041663 1.319379687 2.262639999 -0.653499246 0.032370530 0.205422312 0.727799773
1413393231805760512.000000 0.834793329 1.349153399 2.276138306 0.655451059 -0.031370431 -0.209481388 -0.724925756
1413393231855760384.000000 0.831612825 1.377073526 2.288354635 0.656932533 -0.031303428 -0.215990067 -0.721670389
1413393231905760512.000000 0.828716040 1.403845787 2.298860073 0.659326673 -0.029366028 -0.224372968 -0.716995656
1413393231955760384.000000 0.826604486 1.429715633 2.307170391 0.662091017 -0.028753217 -0.232179552 -0.711970091
1413393232005760512.000000 0.825179577 1.454897881 2.313314676 0.665910840 -0.028330639 -0.238941669 -0.706163645
1413393232055760384.000000 0.821808040 1.489198089 2.321809292 -0.671326458 0.025961490 0.243498504 0.699539423
1413393232105760512.000000 0.821274638 1.514310598 2.323332548 -0.677464545 0.023760807 0.246208563 0.692718327
1413393232155760384.000000 0.820256948 1.538854122 2.323268414 -0.684344530 0.021470921 0.248304695 0.685241818
1413393232205760512.000000 0.819766402 1.563858867 2.322329521 -0.692689180 0.018652450 0.247189865 0.677296817
1413393232255760384.000000 0.817224741 1.588179708 2.319518566 -0.700528204 0.016899865 0.247184709 0.669234216
1413393232305760512.000000 0.812856793 1.612249613 2.316005230 -0.708385587 0.015820682 0.247405812 0.660855532
1413393232355760384.000000 0.806591272 1.637554765 2.313029766 0.715573967 -0.016327446 -0.249940798 -0.652086616
1413393232405760512.000000 0.798249185 1.661035180 2.308688164 0.722053528 -0.015227296 -0.253217846 -0.643651724
1413393232455760384.000000 0.788011134 1.684441090 2.303954601 0.728696048 -0.014611976 -0.256049961 -0.635001659
1413393232505760512.000000 0.775462508 1.708108068 2.299311638 0.734651685 -0.014082938 -0.259575248 -0.626665235
1413393232555760384.000000 0.765567958 1.735002518 2.291930199 0.739798963 -0.014084505 -0.262158990 -0.619493186
1413393232605760512.000000 0.749783337 1.758862495 2.286723614 0.743868530 -0.013913811 -0.263705820 -0.613942504
1413393232655760384.000000 0.733784080 1.782516599 2.280844212 0.747426212 -0.014694576 -0.265404731 -0.608850121
1413393232705760512.000000 0.717391014 1.806459904 2.274230957 0.750408590 -0.015133109 -0.266171247 -0.604822934
1413393232755760384.000000 0.702353120 1.830419540 2.265980959 0.753042758 -0.014239994 -0.265695065 -0.601772308
1413393232805760512.000000 0.687674642 1.854500175 2.256384373 0.755122483 -0.013403284 -0.266004831 -0.599042416
1413393232855760384.000000 0.673642993 1.879422307 2.245490551 0.756749988 -0.013586136 -0.265494794 -0.597208023
1413393232905760512.000000 0.662698507 1.908386946 2.229459047 0.757075369 -0.011311148 -0.266809225 -0.596256614
1413393232955760384.000000 0.650026977 1.933379292 2.216331959 0.758674622 -0.007595459 -0.264741838 -0.595203340
1413393233005760512.000000 0.638699770 1.958879352 2.202296019 0.759484649 -0.003891063 -0.263561368 -0.594729722
1413393233055760384.000000 0.629028678 1.984824181 2.186613321 0.760038853 0.000119083 -0.261609852 -0.594896019
1413393233105760512.000000 0.622624695 2.011577606 2.168945074 0.760133088 0.003628121 -0.261547238 -0.594792128
1413393233155760384.000000 0.615911901 2.038597107 2.151586056 0.760334194 0.005283413 -0.260591567 -0.594942153
1413393233205760512.000000 0.611421227 2.066314697 2.133228779 0.760898948 0.006605908 -0.258810014 -0.594984531
1413393233255760384.000000 0.610141218 2.094190836 2.113452673 0.763400495 0.006037541 -0.255230457 -0.593330204
1413393233305760512.000000 0.609740138 2.122668266 2.093069792 0.766416788 0.004936894 -0.251729429 -0.590942740
1413393233355760384.000000 0.611340225 2.151339054 2.072011948 0.770414948 0.002627598 -0.247307271 -0.587616384
1413393233405760512.000000 0.616073370 2.178433895 2.050587177 0.775103807 -0.001208210 -0.244049072 -0.582797408
1413393233455760384.000000 0.620984793 2.206379652 2.028946161 0.779634714 -0.005981354 -0.242662981 -0.577277005
1413393233505760512.000000 0.628563464 2.233669758 2.006711960 0.784787416 -0.006995960 -0.241140977 -0.570886075
1413393233555760384.000000 0.640775979 2.256450891 1.983011127 0.789265573 -0.008729568 -0.242651001 -0.564007223
1413393233605760512.000000 0.650305390 2.282170057 1.960710764 0.794495285 -0.005972982 -0.244742766 -0.555736125
1413393233655760384.000000 0.661316097 2.307006836 1.938615799 0.799515188 -0.002062690 -0.248751074 -0.546712101
1413393233705760512.000000 0.676275194 2.327954769 1.916987062 0.804305851 0.001884305 -0.254115462 -0.537134945
1413393233755760384.000000 0.692347407 2.352458954 1.894398093 0.810806751 0.005087887 -0.254081041 -0.527265966
1413393233805760512.000000 0.710045636 2.376555443 1.872668266 0.816461563 0.003653633 -0.254210889 -0.518414915
1413393233855760384.000000 0.728937387 2.400245428 1.851806879 0.821943045 0.002187756 -0.251900405 -0.510833681
1413393233905760512.000000 0.747275770 2.423740864 1.831995249 0.826365411 -0.002555513 -0.250971437 -0.504110217
1413393233955760384.000000 0.766817808 2.442137718 1.812367082 0.831176579 -0.005470884 -0.249726072 -0.496742010
1413393234005760512.000000 0.784532428 2.464066029 1.794344425 0.834844053 -0.009796858 -0.252820462 -0.488898009
1413393234055760384.000000 0.802476346 2.485096216 1.776946425 0.838126659 -0.013959814 -0.257220417 -0.480818540
1413393234105760512.000000 0.819765031 2.504155636 1.760245562 0.841293871 -0.016126085 -0.262458116 -0.472313851
1413393234155760384.000000 0.837285995 2.521686554 1.744243026 0.844190061 -0.016896583 -0.267779917 -0.464059949
1413393234205760512.000000 0.850988626 2.540003777 1.728860259 0.846830964 -0.019752996 -0.271314681 -0.457029015
1413393234255760384.000000 0.862726569 2.557451487 1.714060783 0.850851715 -0.029045725 -0.270417780 -0.449535280
1413393234305760512.000000 0.872205794 2.573684454 1.700820565 0.855178535 -0.042627107 -0.267833889 -0.441721350
1413393234355760384.000000 0.880079567 2.588444471 1.686758876 0.858919919 -0.058921605 -0.265128285 -0.434156597
1413393234405760512.000000 0.885946274 2.600547075 1.672703624 0.862896085 -0.072903052 -0.262287110 -0.425794601
1413393234455760384.000000 0.889256299 2.609817505 1.659602284 0.866048455 -0.084140442 -0.261256427 -0.417882323
1413393234505760512.000000 0.891585946 2.614912033 1.645944953 0.869923890 -0.089571722 -0.259744525 -0.409563452
1413393234555760384.000000 0.893536925 2.615782976 1.631072402 0.874577522 -0.090240240 -0.257921010 -0.400559127
1413393234605760512.000000 0.895571530 2.611834049 1.616361856 0.880991399 -0.080714040 -0.253940314 -0.390965223
1413393234655760384.000000 0.901644945 2.604294538 1.600229144 0.887926579 -0.062075611 -0.250360847 -0.380857646
1413393234705760512.000000 0.913122535 2.591745138 1.583046198 0.894196451 -0.040443931 -0.248225391 -0.370352864
1413393234755760384.000000 0.929082036 2.576013327 1.566446543 0.898383021 -0.022603545 -0.250776589 -0.359872431
1413393234805760512.000000 0.946443796 2.559036970 1.550987244 0.901353002 -0.005305177 -0.256061852 -0.349237740
1413393234855760384.000000 0.962076545 2.541644096 1.537874460 0.902894735 0.004565678 -0.264753848 -0.338623255
1413393234905760512.000000 0.970214367 2.526091814 1.526196122 0.904201865 0.006354018 -0.272886485 -0.328499228
1413393234955760384.000000 0.978322268 2.509711981 1.517829418 0.905968010 0.004595128 -0.279637069 -0.317811489
1413393235005760512.000000 0.981547713 2.493858814 1.511966467 0.907578230 -0.001988488 -0.286566943 -0.306883276
1413393235055760384.000000 0.980013549 2.477980375 1.507959604 0.909644425 -0.010243842 -0.291817188 -0.295440227
1413393235105760512.000000 0.973944306 2.462392807 1.505700588 0.911884546 -0.017502042 -0.296158969 -0.283637524
1413393235155760384.000000 0.963743806 2.446766853 1.504726052 0.914125681 -0.021874815 -0.300257802 -0.271553129
1413393235205760512.000000 0.951401770 2.431085348 1.503731370 0.917267144 -0.020536110 -0.301520199 -0.259393185
1413393235255760384.000000 0.938372970 2.415111780 1.502929688 0.919927895 -0.014260509 -0.303816468 -0.247436851
1413393235305760512.000000 0.925702453 2.399296045 1.501919270 0.922441542 -0.005441308 -0.305645049 -0.235909253
1413393235355760384.000000 0.913633347 2.384205103 1.500915766 0.923905969 0.002503885 -0.308788031 -0.225923598
1413393235405760512.000000 0.896294057 2.376931190 1.493056774 0.924567580 0.009850927 -0.312657684 -0.217538506
1413393235455760384.000000 0.886236906 2.364227057 1.491120934 0.924885750 0.015697237 -0.316121846 -0.210729405
1413393235505760512.000000 0.876727104 2.353681803 1.488498330 0.924664497 0.021864494 -0.319929838 -0.205335110
1413393235555760384.000000 0.869377136 2.344858170 1.485066652 0.926362395 0.030752314 -0.317575157 -0.200132862
1413393235605760512.000000 0.862486601 2.338469267 1.480949759 0.928650498 0.041047581 -0.312855184 -0.195051402
1413393235655760384.000000 0.855807185 2.334780693 1.476793289 0.930940151 0.047245953 -0.308540523 -0.189528704
1413393235705760512.000000 0.849756718 2.334511042 1.472835302 0.933239937 0.050432496 -0.303565443 -0.185385972
1413393235755760384.000000 0.843940437 2.337584734 1.469547033 0.934773743 0.048695773 -0.301150352 -0.182031095
1413393235805760512.000000 0.838875592 2.343973637 1.466964483 0.935947776 0.043367013 -0.299636066 -0.179831281
1413393235855760384.000000 0.834688067 2.353206635 1.464646459 0.937032402 0.030308500 -0.298555255 -0.178652182
1413393235905760512.000000 0.813637435 2.373039246 1.436066866 0.937841356 0.014837057 -0.298382849 -0.176638871
1413393235955760384.000000 0.810522556 2.384582281 1.434535265 0.938422203 -0.000038835 -0.298542798 -0.173885480
1413393236005760512.000000 0.808618188 2.396114111 1.432817340 0.939604998 -0.010847840 -0.297117412 -0.169546366
1413393236055760384.000000 0.806528330 2.408612967 1.431966186 0.940553129 -0.021259813 -0.296803445 -0.163754940
1413393236105760512.000000 0.805618346 2.419051886 1.430361390 0.941422343 -0.028394142 -0.297272503 -0.156674862
1413393236155760384.000000 0.807850718 2.427641392 1.428571939 0.942500055 -0.033133250 -0.297775745 -0.148072630
1413393236205760512.000000 0.810445905 2.433984995 1.428341866 0.943410635 -0.031165175 -0.300022185 -0.137810677
1413393236255760384.000000 0.815544903 2.438899040 1.428685546 0.944312811 -0.025163790 -0.302399486 -0.127258331
1413393236305760512.000000 0.820579350 2.442537069 1.430179000 0.945392132 -0.016560074 -0.304354668 -0.115446024
1413393236355760384.000000 0.826262057 2.446089983 1.430899620 0.946447313 -0.010927521 -0.305776656 -0.103047118
1413393236405760512.000000 0.813334882 2.462632179 1.397863865 0.946996748 -0.009059094 -0.307885110 -0.091224588
1413393236455760384.000000 0.819155455 2.467339516 1.397202253 0.947613120 -0.009126768 -0.309225857 -0.079533011
1413393236505760512.000000 0.824689448 2.472130299 1.396209717 0.947098017 -0.010833917 -0.313505530 -0.067839764
1413393236555760384.000000 0.831262767 2.474209309 1.399427772 0.946020544 -0.011974963 -0.318962842 -0.056253880
1413393236605760512.000000 0.836782396 2.478576660 1.399612784 0.943895400 -0.013522060 -0.326882392 -0.045018408
1413393236655760384.000000 0.840939105 2.483137369 1.399395347 0.941951394 -0.015756469 -0.333618045 -0.034327284
1413393236705760512.000000 0.842344761 2.488110781 1.399058938 0.940997422 -0.019092487 -0.336936116 -0.025168071
1413393236755760384.000000 0.841051698 2.493095398 1.398726702 0.940744519 -0.025059666 -0.337780833 -0.016612342
1413393236805760512.000000 0.837285340 2.498452187 1.397188783 0.941172063 -0.032513782 -0.336249202 -0.008631578
1413393236855760384.000000 0.832487404 2.503152609 1.394042730 0.942010820 -0.036900554 -0.333544403 -0.001470221
1413393236905760512.000000 0.824681044 2.515231609 1.362376094 0.942860425 -0.038102075 -0.330958188 0.005402259
1413393236955760384.000000 0.823545218 2.517521620 1.353884697 0.944593012 -0.036881253 -0.326009691 0.010078699
1413393237005760512.000000 0.825749457 2.518707275 1.343565345 0.946449399 -0.032787580 -0.320906907 0.013313411
1413393237055760384.000000 0.830371976 2.519672155 1.335818768 0.947834194 -0.027154306 -0.317218542 0.015669540
1413393237105760512.000000 0.838715613 2.519528389 1.324308872 0.949060261 -0.019252470 -0.314034015 0.017225543
1413393237155760384.000000 0.848448217 2.519189596 1.312146902 0.950662494 -0.009722374 -0.309553474 0.017972082
1413393237205760512.000000 0.856658578 2.519437551 1.300261736 0.951646864 -0.000159820 -0.306667298 0.017982434
1413393237255760384.000000 0.861255586 2.520494461 1.288875699 0.952289879 0.006545552 -0.304604501 0.017816724
1413393237305760512.000000 0.862394392 2.522623062 1.278083086 0.952139854 0.011868929 -0.304929912 0.017511098
1413393237355760384.000000 0.860478997 2.526182175 1.268284678 0.951974332 0.015563165 -0.305347741 0.016292000
1413393237405760512.000000 0.852508008 2.521979332 1.279940248 0.952788532 0.016006880 -0.302805096 0.015713695
1413393237455760384.000000 0.845125675 2.528332233 1.270005465 0.953065515 0.013700019 -0.302121133 0.014187753
1413393237505760512.000000 0.836781979 2.536070108 1.260914087 0.953492403 0.006765190 -0.301093668 0.012209019
1413393237555760384.000000 0.825140238 2.546787739 1.255025983 0.953490198 -0.002802854 -0.301236987 0.010241881
1413393237605760512.000000 0.816475868 2.556875944 1.247257113 0.953685999 -0.012747391 -0.300418645 0.008313313
1413393237655760384.000000 0.807828784 2.567019224 1.239976645 0.952890933 -0.022646496 -0.302399278 0.006379681
1413393237705760512.000000 0.800003946 2.576640129 1.232639670 0.952474236 -0.030453170 -0.303059310 0.004535280
1413393237755760384.000000 0.792774916 2.585383415 1.225509882 0.951829314 -0.035677470 -0.304533273 0.002752582
1413393237805760512.000000 0.786290884 2.592849016 1.218124747 0.951211393 -0.038515318 -0.306124270 0.001236792
1413393237855760384.000000 0.780613899 2.598945856 1.210211515 0.950490892 -0.037671033 -0.308460593 0.000021472
1413393237905760512.000000 0.794156075 2.602093220 1.215440750 0.949320972 -0.034803856 -0.312372565 -0.001360943
1413393237955760384.000000 0.789379358 2.605757236 1.206818700 0.948825836 -0.031740732 -0.314195782 -0.001760756
1413393238005760512.000000 0.783580959 2.608481407 1.198543549 0.947377145 -0.022783145 -0.319302708 -0.001824829
1413393238055760384.000000 0.775828958 2.612923384 1.187840104 0.946230590 -0.014087657 -0.323180616 -0.001876352
1413393238105760512.000000 0.769708872 2.615727663 1.177276254 0.944960356 -0.007834047 -0.327087790 -0.001493690
1413393238155760384.000000 0.764588535 2.618592739 1.165468335 0.944719434 -0.002398361 -0.327871084 -0.000038122
1413393238205760512.000000 0.759665847 2.621999502 1.152444482 0.944311857 0.001667700 -0.329044729 0.001404031
1413393238255760384.000000 0.756388426 2.626109362 1.137763858 0.944173515 0.004613944 -0.329406291 0.002568708
1413393238305760512.000000 0.754074633 2.630893946 1.121293306 0.943864942 0.006354524 -0.330233097 0.004987010
1413393238355760384.000000 0.753960669 2.636892080 1.101938963 0.943592846 0.006180722 -0.330980003 0.006825076
1413393238405760512.000000 0.780697763 2.642151833 1.101669312 0.943702698 0.005166654 -0.330659568 0.007925536
1413393238455760384.000000 0.785447061 2.649771929 1.077759266 0.944512725 0.000539946 -0.328337401 0.009494135
1413393238505760512.000000 0.791061461 2.657706738 1.055264950 0.945131302 -0.008182420 -0.326406270 0.010906457
1413393238555760384.000000 0.792686760 2.666479826 1.031694531 0.946326494 -0.018660171 -0.322443128 0.012181127
1413393238605760512.000000 0.783254266 2.678335428 1.000988126 0.947189867 -0.029897191 -0.318992108 0.013479391
1413393238655760384.000000 0.791019797 2.684856176 0.987110376 0.947546422 -0.040533815 -0.316707015 0.014475328
1413393238705760512.000000 0.783161044 2.691880703 0.963022709 0.947770357 -0.048685946 -0.314841717 0.015357584
1413393238755760384.000000 0.773237109 2.697344780 0.940019965 0.947941482 -0.054775007 -0.313278049 0.016234711
1413393238805760512.000000 0.763474822 2.700925589 0.917999268 0.948241174 -0.056710012 -0.311985612 0.016957814
1413393238855760384.000000 0.752597272 2.702438354 0.895248413 0.948527277 -0.054477010 -0.311464965 0.017831737
1413393238905760512.000000 0.742224216 2.701940775 0.872381330 0.948861003 -0.048621509 -0.311361194 0.018789358
1413393238955760384.000000 0.733640671 2.699697256 0.849063873 0.949226379 -0.038583878 -0.311610013 0.019492071
1413393239005760512.000000 0.734634995 2.698983192 0.835635185 0.949657977 -0.028118968 -0.311327994 0.020831499
1413393239055760384.000000 0.726863146 2.695177794 0.812503815 0.949662209 -0.018310500 -0.312017828 0.021243319
1413393239105760512.000000 0.719535828 2.691462755 0.789546251 0.949764371 -0.010618483 -0.312016994 0.021917384
1413393239155760384.000000 0.712488711 2.688282251 0.766999602 0.949835002 -0.005184620 -0.311884910 0.022682898
1413393239205760512.000000 0.707571328 2.683791637 0.745056629 0.949547589 -0.000556743 -0.312813103 0.022520823
1413393239255760384.000000 0.701286137 2.681514502 0.722263217 0.949698448 0.001608117 -0.312308252 0.023105945
1413393239305760512.000000 0.695115685 2.680191278 0.699458599 0.949486971 0.003985984 -0.312879652 0.023769541
1413393239355760384.000000 0.689255834 2.680222988 0.676551938 0.949115694 0.005142656 -0.313994527 0.023673184
1413393239405760512.000000 0.683798790 2.681192398 0.653582931 0.949000537 0.005362028 -0.314293295 0.024271246
1413393239455760384.000000 0.675144196 2.685264111 0.631759048 0.948717475 0.004413453 -0.315123081 0.024763979
1413393239505760512.000000 0.671368301 2.688562155 0.608204722 0.948718190 0.007126831 -0.315082967 0.024611700
1413393239555760384.000000 0.667723358 2.693303585 0.584792256 0.948561192 0.004634430 -0.315598696 0.024651134
1413393239605760512.000000 0.664538622 2.699038982 0.561014414 0.948390484 0.000020750 -0.316201836 0.023913074
1413393239655760384.000000 0.665038347 2.706124306 0.532656670 0.948418915 -0.008806781 -0.316035300 0.023362163
1413393239705760512.000000 0.663076162 2.713101864 0.507162213 0.948291183 -0.021991370 -0.315790862 0.023160946
1413393239755760384.000000 0.653339148 2.715039492 0.482249439 0.948274255 -0.032298822 -0.315028578 0.022131490
1413393239805760512.000000 0.651551604 2.720474958 0.456834674 0.948001146 -0.038759410 -0.315145761 0.021786595
1413393239855760384.000000 0.649436951 2.724591255 0.431594610 0.947281659 -0.042250834 -0.316858441 0.021752551
1413393239905760512.000000 0.647706926 2.727989912 0.406345189 0.947000742 -0.039919268 -0.318010241 0.021576220
1413393239955760384.000000 0.645718753 2.729692698 0.380771041 0.946995258 -0.038000226 -0.318263948 0.021543279
1413393240005760512.000000 0.644192994 2.730152607 0.354661942 0.947581649 -0.032532450 -0.317124397 0.021516666
1413393240055760384.000000 0.643788218 2.730069876 0.316756129 0.948022783 -0.025672507 -0.316471130 0.020969389
1413393240105760512.000000 0.643245578 2.729033709 0.289748311 0.948977649 -0.016570764 -0.314211696 0.020923911
1413393240155760384.000000 0.642140746 2.727967262 0.262668073 0.949644923 -0.008650439 -0.312530220 0.020603634
1413393240205760512.000000 0.639334202 2.727377653 0.236312628 0.950197935 -0.003285808 -0.310992926 0.019915836
1413393240255760384.000000 0.634636641 2.727494478 0.211980164 0.950021207 0.000319282 -0.311572611 0.019550115
1413393240305760512.000000 0.627379656 2.728343964 0.188415706 0.949911714 -0.000242210 -0.311945945 0.018908499
1413393240355760384.000000 0.617937684 2.730027914 0.165459514 0.949927449 -0.002671010 -0.311914414 0.018445587
1413393240405760512.000000 0.606241107 2.732314110 0.142753601 0.949967206 -0.008160004 -0.311723500 0.018006464
1413393240455760384.000000 0.576831698 2.737488031 0.119808257 0.950436592 -0.012983185 -0.310131967 0.017885780
1413393240505760512.000000 0.561182857 2.740319967 0.097722411 0.950372159 -0.020237112 -0.309959590 0.017558331
1413393240555760384.000000 0.546272516 2.742777109 0.075314879 0.950515270 -0.025631843 -0.309122592 0.017519673
1413393240605760512.000000 0.533460617 2.744597197 0.051819593 0.950527012 -0.030116241 -0.308677286 0.017603530
1413393240655760384.000000 0.524494171 2.746146917 0.027933836 0.950367808 -0.031522151 -0.308988035 0.018269792
1413393240705760512.000000 0.518764079 2.746011257 -0.000226766 0.950178027 -0.030917924 -0.309568524 0.019318989
1413393240755760384.000000 0.516052425 2.744827509 -0.029658288 0.950592995 -0.026898988 -0.308576971 0.020731663
1413393240805760512.000000 0.514179587 2.743192673 -0.059030592 0.951382518 -0.022433640 -0.306396335 0.022121841
1413393240855760384.000000 0.508447349 2.742769718 -0.079548866 0.952670932 -0.016544715 -0.302637160 0.023562724
1413393240905760512.000000 0.504408598 2.740959406 -0.107323050 0.954017997 -0.013852355 -0.298364758 0.025224470
1413393240955760384.000000 0.498050153 2.739305019 -0.132916570 0.955344439 -0.011032510 -0.294054866 0.026965028
1413393241005760512.000000 0.488585979 2.738123655 -0.156493992 0.956556678 -0.009000632 -0.290033072 0.028270135
1413393241055760384.000000 0.481334150 2.737289190 -0.180954114 0.957570016 -0.009891395 -0.286487252 0.029782079
1413393241105760512.000000 0.466614962 2.736946583 -0.201374933 0.957795084 -0.014229796 -0.285416007 0.031045768
1413393241155760384.000000 0.449444115 2.736881971 -0.219562516 0.957601547 -0.020600650 -0.285532922 0.032340992
1413393241205760512.000000 0.430128217 2.736773729 -0.235736519 0.957025886 -0.027279131 -0.286786467 0.033330463
1413393241255760384.000000 0.410540819 2.736161709 -0.250355363 0.956182480 -0.033186164 -0.288830549 0.034508172
1413393241305760512.000000 0.391391546 2.734847307 -0.263822764 0.954859793 -0.037578367 -0.292496860 0.035723805
1413393241355760384.000000 0.381581664 2.734044552 -0.271668315 0.952242970 -0.038374953 -0.300641209 0.037089467
1413393241405760512.000000 0.364266753 2.730654478 -0.284381688 0.950283110 -0.039297789 -0.306536138 0.038124707
1413393241455760384.000000 0.348298311 2.726369381 -0.297417432 0.948913097 -0.036516655 -0.310905963 0.039599553
1413393241505760512.000000 0.333950371 2.721177101 -0.311038405 0.948448896 -0.031294741 -0.312784731 0.040385745
1413393241555760384.000000 0.317599535 2.716603994 -0.324166536 0.948890626 -0.025379915 -0.311855435 0.041337021
1413393241605760512.000000 0.304801822 2.710289478 -0.339232206 0.950035453 -0.018560804 -0.308751047 0.041965082
1413393241655760384.000000 0.291792274 2.704145193 -0.353991538 0.950741529 -0.013140908 -0.306843370 0.042011686
1413393241705760512.000000 0.279481649 2.698143721 -0.368811041 0.951566577 -0.007593188 -0.304451704 0.042102568
1413393241755760384.000000 0.267231941 2.692709684 -0.383496672 0.951694608 -0.005053836 -0.304083169 0.042253412
1413393241805760512.000000 0.255473137 2.688096523 -0.398068547 0.951352954 -0.002058066 -0.305256337 0.041736756
1413393241855760384.000000 0.251625955 2.684073925 -0.411822736 0.950783074 -0.000831213 -0.307121247 0.041079264
1413393241905760512.000000 0.241752684 2.680846453 -0.426526904 0.951310337 0.000189075 -0.305528730 0.040753845
1413393241955760384.000000 0.232711926 2.679072618 -0.440780610 0.952540159 0.001679670 -0.301862687 0.039286498
1413393242005760512.000000 0.222942725 2.678579092 -0.456039011 0.953421414 0.001847258 -0.299207717 0.038197208
1413393242055760384.000000 0.214536637 2.678920984 -0.470395803 0.954878688 0.002531581 -0.294695646 0.036807992
1413393242105760512.000000 0.206688359 2.680321455 -0.484226793 0.956200659 0.002959362 -0.290578008 0.035157088
1413393242155760384.000000 0.199831769 2.680710793 -0.496873409 0.957945526 0.000531053 -0.284920424 0.034068130
1413393242205760512.000000 0.194211602 2.683716536 -0.508566856 0.959851444 -0.002750587 -0.278601438 0.032541532
1413393242255760384.000000 0.189310372 2.687122822 -0.518595099 0.961042464 -0.004458047 -0.274566859 0.031473324
1413393242305760512.000000 0.185244426 2.690922499 -0.526812553 0.961584330 -0.006911777 -0.272676617 0.030907866
1413393242355760384.000000 0.182046860 2.696624041 -0.533984542 0.961050272 -0.011419124 -0.274494737 0.030079857
1413393242405760512.000000 0.179098263 2.701462030 -0.538925707 0.959513187 -0.017825628 -0.279580384 0.029181827
1413393242455760384.000000 0.176641285 2.706259012 -0.542359054 0.957007647 -0.025447384 -0.287537187 0.028484393
1413393242505760512.000000 0.174583539 2.710544586 -0.544548094 0.953795910 -0.033909850 -0.297238290 0.027801057
1413393242555760384.000000 0.166241214 2.715457439 -0.565053403 0.950684905 -0.039492548 -0.306440324 0.027073726
1413393242605760512.000000 0.165633798 2.717703342 -0.567043304 0.948238134 -0.044052850 -0.313348919 0.026763877
1413393242655760384.000000 0.165738374 2.718662262 -0.569893718 0.946650684 -0.045962092 -0.317886382 0.026236724
1413393242705760512.000000 0.166433841 2.717948914 -0.573857784 0.945983410 -0.048486728 -0.319493979 0.026233546
1413393242755760384.000000 0.166003659 2.715320826 -0.576234877 0.945951343 -0.052498259 -0.319040954 0.025158344
1413393242805760512.000000 0.167646110 2.711876154 -0.581700087 0.946457505 -0.052638233 -0.317667186 0.023132123
1413393242855760384.000000 0.169610664 2.706722498 -0.587867796 0.947152078 -0.049492169 -0.316337198 0.019604657
1413393242905760512.000000 0.172022581 2.700561047 -0.595105529 0.948134720 -0.039030250 -0.315132022 0.014460577
1413393242955760384.000000 0.174350724 2.693485498 -0.602731407 0.948027194 -0.029998735 -0.316654503 0.008633040
1413393243005760512.000000 0.176988080 2.686236620 -0.610837698 0.947447121 -0.021875544 -0.319161177 0.001321439
1413393243055760384.000000 0.178472757 2.679029465 -0.623442650 0.946781993 -0.015157921 -0.321418107 -0.008033580
1413393243105760512.000000 0.180755734 2.672021151 -0.632976532 0.945907593 -0.010576874 -0.323764741 -0.017983867
1413393243155760384.000000 0.183573484 2.665944099 -0.643622160 0.945662081 -0.008227320 -0.323693216 -0.029636491
1413393243205760512.000000 0.186910301 2.660127163 -0.654956102 0.946595252 -0.006673352 -0.319549739 -0.042436656
1413393243255760384.000000 0.190628409 2.653919220 -0.665430963 0.948605895 -0.005640212 -0.311916798 -0.053131219
1413393243305760512.000000 0.193097830 2.647966146 -0.677619457 0.950568795 -0.004660096 -0.304023653 -0.062983222
1413393243355760384.000000 0.193123043 2.642962694 -0.688322067 0.951832533 -0.005503907 -0.298132598 -0.071425721
1413393243405760512.000000 0.191507101 2.637933731 -0.697936893 0.953114510 -0.005779617 -0.292353034 -0.077903777
1413393243455760384.000000 0.187987268 2.633206606 -0.706128716 0.953633726 -0.006206519 -0.288908184 -0.084120363
1413393243505760512.000000 0.179220617 2.627634048 -0.713491678 0.954038799 -0.007071184 -0.286031544 -0.089140713
1413393243555760384.000000 0.170991778 2.623275757 -0.718662381 0.954005837 -0.007730940 -0.284766108 -0.093388684
1413393243605760512.000000 0.162150741 2.618899107 -0.722410202 0.953718960 -0.007911995 -0.284603387 -0.096739002
1413393243655760384.000000 0.153456390 2.614696503 -0.724967003 0.953276992 -0.007491867 -0.285178900 -0.099397533
1413393243705760512.000000 0.145296156 2.610418558 -0.726247549 0.952434957 -0.006371143 -0.287190437 -0.101729095
1413393243755760384.000000 0.138858676 2.606586933 -0.726939082 0.951472938 -0.005863856 -0.289799571 -0.103349790
1413393243805760512.000000 0.133859575 2.603079319 -0.727030516 0.950641513 -0.004646625 -0.292172492 -0.104376607
1413393243855760384.000000 0.130220175 2.599756241 -0.726347208 0.950177789 -0.005606181 -0.293273538 -0.105458684
1413393243905760512.000000 0.127795160 2.596741915 -0.725109339 0.949927747 -0.004786592 -0.293944627 -0.105882138
1413393243955760384.000000 0.126354218 2.594233513 -0.723714590 0.949868441 -0.004582183 -0.293964386 -0.106367208
1413393244005760512.000000 0.123713255 2.593117476 -0.722055435 0.949699521 -0.004344653 -0.294417590 -0.106631875
1413393244055760384.000000 0.124342024 2.591250896 -0.719721794 0.949915349 -0.002927540 -0.293788642 -0.106491983
1413393244105760512.000000 0.126000226 2.590221405 -0.717277050 0.949742913 -0.001620559 -0.294393957 -0.106386587
1413393244155760384.000000 0.127614915 2.589442968 -0.714019418 0.949555576 -0.000549230 -0.294665694 -0.107313454
1413393244205760512.000000 0.129133403 2.588568449 -0.710555792 0.949252248 -0.000863310 -0.294475257 -0.110471062
1413393244255760384.000000 0.131319344 2.589604616 -0.706306338 0.948450744 -0.000057180 -0.295098960 -0.115576036
1413393244305760512.000000 0.133706868 2.591630697 -0.701356411 0.947427750 0.001050761 -0.295809269 -0.121969149
1413393244355760384.000000 0.136143208 2.594763994 -0.695904255 0.946127117 0.001213281 -0.296462953 -0.130199566
1413393244405760512.000000 0.137892783 2.598335981 -0.689924240 0.945526421 0.000398055 -0.295112073 -0.137435317
1413393244455760384.000000 0.138380051 2.602184296 -0.682516336 0.945276916 -0.001872580 -0.292856157 -0.143817380
1413393244505760512.000000 0.138187528 2.607431173 -0.676351666 0.944600344 -0.004512835 -0.291998267 -0.149822786
1413393244555760384.000000 0.133248448 2.611865282 -0.665447831 0.944205582 -0.007453497 -0.290781856 -0.154487297
1413393244605760512.000000 0.126470625 2.616528988 -0.653805852 0.943229735 -0.009831722 -0.291455299 -0.158980459
1413393244655760384.000000 0.119851649 2.620930195 -0.641852975 0.942302942 -0.012207620 -0.292225242 -0.162851661
1413393244705760512.000000 0.115740418 2.623819828 -0.628453732 0.942025602 -0.013560792 -0.291239738 -0.166082323
1413393244755760384.000000 0.118903995 2.628855705 -0.618554354 0.940961719 -0.017705893 -0.293119669 -0.168400034
1413393244805760512.000000 0.119670808 2.631589890 -0.605616808 0.940441489 -0.022685397 -0.293364584 -0.170272112
1413393244855760384.000000 0.124097645 2.633661032 -0.594331741 0.939570487 -0.026140114 -0.294964552 -0.171813965
1413393244905760512.000000 0.132563055 2.635241985 -0.584844112 0.939350307 -0.028882874 -0.295073777 -0.172390103
1413393244955760384.000000 0.140485287 2.635172844 -0.571294546 0.939353347 -0.029030161 -0.294903547 -0.172639549
1413393245005760512.000000 0.153821528 2.634552240 -0.563880801 0.938972116 -0.025931083 -0.296443373 -0.172570005
1413393245055760384.000000 0.165680051 2.632988453 -0.555292487 0.938061595 -0.023607908 -0.299927354 -0.171833351
1413393245105760512.000000 0.174785495 2.629239082 -0.546170473 0.936904073 -0.020600488 -0.303952247 -0.171462446
1413393245155760384.000000 0.182376921 2.626720905 -0.536725163 0.935511649 -0.018711286 -0.308738947 -0.170728236
1413393245205760512.000000 0.187554717 2.623874187 -0.526646495 0.934076309 -0.016753627 -0.313564062 -0.169995174
1413393245255760384.000000 0.190546930 2.620911121 -0.516078949 0.933542311 -0.014225771 -0.315503329 -0.169570342
1413393245305760512.000000 0.190647900 2.618481159 -0.507583499 0.933268845 -0.011823617 -0.316698402 -0.169031456
1413393245355760384.000000 0.187948227 2.616008759 -0.497489452 0.933623075 -0.009233734 -0.315867871 -0.168790326
1413393245405760512.000000 0.183237493 2.613623619 -0.487292886 0.934148729 -0.007126485 -0.314564347 -0.168418258
1413393245455760384.000000 0.176740110 2.611515999 -0.476712584 0.935126185 -0.004561877 -0.311891079 -0.168054089
1413393245505760512.000000 0.168413639 2.609867096 -0.465324998 0.935908377 -0.002685277 -0.309732080 -0.167732880
1413393245555760384.000000 0.160023808 2.608602285 -0.453958750 0.937143743 -0.000557645 -0.306285828 -0.167183563
1413393245605760512.000000 0.151077390 2.609172583 -0.436245084 0.938520372 0.001354851 -0.302674800 -0.166029409
1413393245655760384.000000 0.143761635 2.609033108 -0.425109506 0.939497709 0.003023911 -0.300087899 -0.165173724
1413393245705760512.000000 0.137279212 2.609413624 -0.413599730 0.940223455 0.005345290 -0.298475504 -0.163901895
1413393245755760384.000000 0.131629527 2.610451221 -0.401930332 0.940352142 0.006587394 -0.299034446 -0.162089407
1413393245805760512.000000 0.127109766 2.611847878 -0.395719647 0.940207839 0.006586517 -0.300449550 -0.160299987
1413393245855760384.000000 0.122785270 2.614221334 -0.384942532 0.940240383 0.004066303 -0.301331908 -0.158526555
1413393245905760512.000000 0.115435541 2.616327047 -0.368814111 0.939906359 0.000479065 -0.303428262 -0.156547800
1413393245955760384.000000 0.112137258 2.619917870 -0.357946873 0.939274311 -0.005188315 -0.306108207 -0.155031204
1413393246005760512.000000 0.108766496 2.623680592 -0.347097993 0.937942564 -0.012586355 -0.310643077 -0.153643101
1413393246055760384.000000 0.105229914 2.627027035 -0.335854888 0.936543226 -0.020653486 -0.314989448 -0.152453080
1413393246105760512.000000 0.101377428 2.629209757 -0.325691581 0.935011983 -0.027175697 -0.319809735 -0.150784239
1413393246155760384.000000 0.098045886 2.631384134 -0.316948533 0.933774889 -0.032445855 -0.323008120 -0.150590613
1413393246205760512.000000 0.095759213 2.633160114 -0.310222030 0.933503151 -0.034211576 -0.322597951 -0.152748570
1413393246255760384.000000 0.093034923 2.634108782 -0.304548860 0.933726728 -0.031953979 -0.320282578 -0.156692371
1413393246305760512.000000 0.088016212 2.633164644 -0.296655774 0.934544265 -0.025413584 -0.315200776 -0.163186148
1413393246355760384.000000 0.084440768 2.632812500 -0.291935802 0.935211360 -0.017691817 -0.309889168 -0.170398206
1413393246405760512.000000 0.081731260 2.632399321 -0.288661718 0.935899675 -0.011975086 -0.304161757 -0.177296743
1413393246455760384.000000 0.079313397 2.631867886 -0.285055995 0.936613142 -0.007763051 -0.298072189 -0.183979601
1413393246505760512.000000 0.077503800 2.631628275 -0.281772017 0.937000036 -0.005473561 -0.293182135 -0.189855948
1413393246555760384.000000 0.074229836 2.630060196 -0.276468873 0.936818302 -0.003168168 -0.290567547 -0.194761485
1413393246605760512.000000 0.072086811 2.629659653 -0.272219419 0.936149776 -0.001024338 -0.289737314 -0.199185669
1413393246655760384.000000 0.069688082 2.629134417 -0.266848803 0.934965134 0.000043712 -0.291386038 -0.202322423
1413393246705760512.000000 0.070915341 2.630771160 -0.266140461 0.934210360 0.001460213 -0.292032510 -0.204855874
1413393246755760384.000000 0.068471193 2.630326271 -0.259155750 0.933505237 0.001834628 -0.292876065 -0.206853479
1413393246805760512.000000 0.066653192 2.630540371 -0.252599239 0.933351994 0.002587732 -0.292409956 -0.208191633
1413393246855760384.000000 0.062945783 2.632372856 -0.245498180 0.933269322 0.003196109 -0.291685432 -0.209565669
1413393246905760512.000000 0.059828222 2.633615971 -0.237389326 0.933356404 0.003591995 -0.290263563 -0.211139947
1413393246955760384.000000 0.055996418 2.635381699 -0.228588104 0.933701932 0.002520974 -0.287890404 -0.212869883
1413393247005760512.000000 0.051301360 2.637662649 -0.218499899 0.933463216 0.002573389 -0.287446737 -0.214509323
1413393247055760384.000000 0.046405077 2.639851093 -0.208144903 0.933036923 0.002380337 -0.287635356 -0.216107175
1413393247105760512.000000 0.041220486 2.644358635 -0.198959589 0.932675481 0.002158843 -0.287621498 -0.217682689
1413393247155760384.000000 0.034907222 2.648108006 -0.186523199 0.931902349 0.000861208 -0.288819939 -0.219409004
1413393247205760512.000000 0.027579904 2.652299166 -0.173308611 0.930389166 -0.001185214 -0.292202741 -0.221341580
1413393247255760384.000000 0.019272566 2.656787395 -0.159699440 0.927999556 -0.003407629 -0.298463792 -0.222990349
1413393247305760512.000000 0.009041607 2.662295818 -0.146811485 0.924949646 -0.005479671 -0.306619972 -0.224549115
1413393247355760384.000000 -0.000528514 2.666905403 -0.133007526 0.921727777 -0.006803420 -0.315147191 -0.225951418
1413393247405760512.000000 -0.010014892 2.671801567 -0.120323658 0.919083536 -0.009850512 -0.321757972 -0.227288976
1413393247455760384.000000 -0.019519627 2.677049160 -0.109267712 0.916767359 -0.011403946 -0.327060014 -0.228996709
1413393247505760512.000000 -0.028934240 2.681908846 -0.099150181 0.915007234 -0.015757902 -0.331141084 -0.229911089
1413393247555760384.000000 -0.031848371 2.690281868 -0.101122618 0.912635088 -0.016159331 -0.336558163 -0.231440574
1413393247605760512.000000 -0.041529596 2.695247412 -0.095591068 0.911172509 -0.020581076 -0.339290708 -0.232858330
1413393247655760384.000000 -0.051725566 2.699956417 -0.092283964 0.910365105 -0.023517223 -0.340187311 -0.234424949
1413393247705760512.000000 -0.063012183 2.704514503 -0.091485739 0.910142303 -0.024321508 -0.339669794 -0.235953286
1413393247755760384.000000 -0.075420201 2.708805084 -0.091774464 0.909829795 -0.027970493 -0.338708043 -0.238126829
1413393247805760512.000000 -0.088091671 2.712557316 -0.095382929 0.908924639 -0.030679349 -0.339478970 -0.240143463
1413393247855760384.000000 -0.100226343 2.715595722 -0.101546049 0.909359932 -0.034754757 -0.336685926 -0.241866291
1413393247905760512.000000 -0.110901356 2.718142509 -0.111179352 0.911894679 -0.040960915 -0.327422470 -0.244059116
1413393247955760384.000000 -0.119941831 2.719365835 -0.123420477 0.916295826 -0.041016497 -0.313527435 -0.245805219
1413393248005760512.000000 -0.131028950 2.719674349 -0.135878086 0.920320809 -0.039918628 -0.300855130 -0.246784210
1413393248055760384.000000 -0.134203017 2.711576223 -0.144488096 0.923427224 -0.037702397 -0.289897561 -0.248636693
1413393248105760512.000000 -0.143734157 2.708045483 -0.156396627 0.925466418 -0.033470761 -0.283260822 -0.249309063
1413393248155760384.000000 -0.151042223 2.702624798 -0.167578220 0.926727593 -0.030795004 -0.278948665 -0.249830604
1413393248205760512.000000 -0.157745838 2.696598291 -0.179186583 0.927114964 -0.026051896 -0.277671337 -0.250355721
1413393248255760384.000000 -0.164968014 2.690452576 -0.191118479 0.926419497 -0.022952057 -0.280742735 -0.249807239
1413393248305760512.000000 -0.168136001 2.682885170 -0.203250408 0.925814986 -0.018175857 -0.283603936 -0.249208823
1413393248355760384.000000 -0.171988964 2.673734665 -0.212372065 0.925763071 -0.016666222 -0.284382761 -0.248619035
1413393248405760512.000000 -0.174416959 2.663666010 -0.221826792 0.926632762 -0.015459253 -0.283084869 -0.246932700
1413393248455760384.000000 -0.177158356 2.650040388 -0.225770950 0.927718282 -0.015524901 -0.280500621 -0.245799392
1413393248505760512.000000 -0.172855616 2.639283657 -0.236313343 0.930523694 -0.019428629 -0.271916300 -0.244560435
1413393248555760384.000000 -0.168077946 2.628591537 -0.246192694 0.932625234 -0.022223435 -0.266338080 -0.242446825
1413393248605760512.000000 -0.181915730 2.618459940 -0.239349365 0.933208525 -0.021543065 -0.265812546 -0.240835056
1413393248655760384.000000 -0.166481078 2.604533195 -0.250536442 0.934775293 -0.023974430 -0.261536926 -0.239204600
1413393248705760512.000000 -0.158565670 2.590950966 -0.254993677 0.935094655 -0.022294868 -0.262587726 -0.236957282
1413393248755760384.000000 -0.150228798 2.576395035 -0.257379532 0.934576988 -0.019675557 -0.266335666 -0.235040784
1413393248805760512.000000 -0.140255153 2.560990334 -0.259182930 0.933615863 -0.016836815 -0.271814674 -0.232797593
1413393248855760384.000000 -0.129771531 2.545386076 -0.259580135 0.931773365 -0.012176619 -0.280403018 -0.230270237
1413393248905760512.000000 -0.117773592 2.529543400 -0.262241602 0.927817822 -0.007723884 -0.295127928 -0.228021935
1413393248955760384.000000 -0.110233486 2.513923407 -0.260856390 0.924944222 -0.004107056 -0.306277633 -0.225067496
1413393249005760512.000000 -0.104711890 2.498950958 -0.259016991 0.922594905 -0.001891629 -0.315136820 -0.222494513
1413393249055760384.000000 -0.101765752 2.484609604 -0.257015944 0.921231329 -0.000311758 -0.320877373 -0.219933063
1413393249105760512.000000 -0.103511274 2.471023798 -0.253740788 0.921026051 0.000011301 -0.323143929 -0.217460394
1413393249155760384.000000 -0.104952693 2.458662271 -0.252280235 0.921238542 0.000082604 -0.324242920 -0.214909405
1413393249205760512.000000 -0.107317984 2.447200298 -0.251387596 0.922461987 -0.000312267 -0.322099119 -0.212875396
1413393249255760384.000000 -0.109739900 2.436678886 -0.251891375 0.923882961 0.000016424 -0.319349825 -0.210846052
1413393249305760512.000000 -0.114904106 2.426084757 -0.250160217 0.925532222 -0.001002704 -0.315713525 -0.209079489
1413393249355760384.000000 -0.117320955 2.417261124 -0.251363873 0.926218271 0.001009559 -0.314380288 -0.208047524
1413393249405760512.000000 -0.118913054 2.409294128 -0.253626466 0.927060366 0.003166318 -0.312433183 -0.207206815
1413393249455760384.000000 -0.120646894 2.402259827 -0.256237864 0.927730322 0.008007877 -0.310597032 -0.206837550
1413393249505760512.000000 -0.124314725 2.395292521 -0.256047845 0.928798974 0.013095999 -0.306783170 -0.207473233
1413393249555760384.000000 -0.129184008 2.390123367 -0.256064415 0.928922474 0.021760004 -0.305621445 -0.207906485
1413393249605760512.000000 -0.133591294 2.386903763 -0.256428480 0.929219246 0.029054163 -0.303326100 -0.209047332
1413393249655760384.000000 -0.138435364 2.385741234 -0.256342053 0.929909766 0.032582115 -0.299821317 -0.210507572
1413393249705760512.000000 -0.144842982 2.385772943 -0.257825732 0.930583596 0.029762695 -0.296937197 -0.212030068
1413393249755760384.000000 -0.154885292 2.387833118 -0.254308224 0.930369318 0.025647672 -0.296868742 -0.213598296
1413393249805760512.000000 -0.163560271 2.391787052 -0.251136780 0.930364490 0.020287734 -0.296114713 -0.215236127
1413393249855760384.000000 -0.171980262 2.397118568 -0.247572660 0.930727124 0.015714332 -0.294539005 -0.216210335
1413393249905760512.000000 -0.178063512 2.404294014 -0.245791197 0.930914819 0.011748170 -0.293147922 -0.217540607
1413393249955760384.000000 -0.188365817 2.410074711 -0.239744902 0.930422843 0.009512024 -0.294139922 -0.218413875
1413393250005760512.000000 -0.196071804 2.417786598 -0.234305143 0.929370165 0.007708424 -0.297638327 -0.218227357
1413393250055760384.000000 -0.203373194 2.426271677 -0.228984833 0.927996218 0.007966450 -0.302095503 -0.217940077
1413393250105760512.000000 -0.204739332 2.437726021 -0.224890947 0.926734924 0.008746411 -0.306150526 -0.217618704
1413393250155760384.000000 -0.218067586 2.447329998 -0.220019817 0.926111102 0.008555993 -0.308736891 -0.216625735
1413393250205760512.000000 -0.223914802 2.458178520 -0.215311050 0.925722063 0.007311941 -0.310697407 -0.215528414
1413393250255760384.000000 -0.229454398 2.469995975 -0.211456299 0.926629007 0.006286515 -0.309124351 -0.213919178
1413393250305760512.000000 -0.234931767 2.482534170 -0.207922935 0.927675486 0.005717353 -0.307298511 -0.212021619
1413393250355760384.000000 -0.237097800 2.495908737 -0.204850197 0.929197252 0.003388644 -0.304082245 -0.210035741
1413393250405760512.000000 -0.243647784 2.510279655 -0.202657223 0.930665076 -0.000692631 -0.300898373 -0.208140180
1413393250455760384.000000 -0.247653306 2.524656296 -0.199173689 0.932408273 -0.006384381 -0.296140015 -0.207063377
1413393250505760512.000000 -0.251350284 2.539036989 -0.195556879 0.934006751 -0.013981039 -0.291435868 -0.206157744
1413393250555760384.000000 -0.254427999 2.553120136 -0.191691399 0.935404360 -0.022082509 -0.286588281 -0.205908120
1413393250605760512.000000 -0.255535662 2.566475868 -0.187711239 0.936001658 -0.028276093 -0.284013301 -0.206004560
1413393250655760384.000000 -0.259765387 2.579349041 -0.183440208 0.936050296 -0.029719446 -0.283819258 -0.205847830
1413393250705760512.000000 -0.262327611 2.590160370 -0.177875042 0.935287535 -0.031250115 -0.286039114 -0.206015602
1413393250755760384.000000 -0.264132202 2.599778891 -0.172051191 0.934205174 -0.031181337 -0.289068311 -0.206707478
1413393250805760512.000000 -0.266071141 2.608362198 -0.165727377 0.931943834 -0.031328406 -0.295879036 -0.207255617
1413393250855760384.000000 -0.257928789 2.622221947 -0.165698290 0.929696083 -0.029648161 -0.302794993 -0.207608849
1413393250905760512.000000 -0.258176148 2.628297329 -0.159975529 0.928263783 -0.026517147 -0.307270318 -0.207865953
1413393250955760384.000000 -0.257982403 2.633447647 -0.155086279 0.927074492 -0.023640562 -0.311719418 -0.206894040
1413393251005760512.000000 -0.257615954 2.638200521 -0.151343346 0.926343799 -0.020637892 -0.315844893 -0.204213977
1413393251055760384.000000 -0.255649865 2.639736652 -0.149103880 0.926951528 -0.017912243 -0.317047447 -0.199802622
1413393251105760512.000000 -0.254585445 2.644328594 -0.147670746 0.928422093 -0.016781101 -0.317104995 -0.192860961
1413393251155760384.000000 -0.252396375 2.647642851 -0.147787333 0.930911481 -0.016215229 -0.315247566 -0.183738872
1413393251205760512.000000 -0.249129057 2.651818991 -0.150220156 0.934083402 -0.016637273 -0.312744349 -0.171471402
1413393251255760384.000000 -0.246378958 2.653414965 -0.151308656 0.937516510 -0.016720843 -0.309769779 -0.157562613
1413393251305760512.000000 -0.244213432 2.654649973 -0.152808428 0.940712035 -0.016623329 -0.307298124 -0.142662153
1413393251355760384.000000 -0.240766883 2.655278921 -0.154980183 0.944293022 -0.017163333 -0.303470105 -0.126182869
1413393251405760512.000000 -0.235084251 2.653178215 -0.155611157 0.947291076 -0.017485199 -0.300478965 -0.109755330
1413393251455760384.000000 -0.233725816 2.653950214 -0.156658173 0.950529218 -0.018227622 -0.295877397 -0.092836626
1413393251505760512.000000 -0.228446051 2.653338671 -0.157269597 0.953309953 -0.019124767 -0.291633934 -0.076053590
1413393251555760384.000000 -0.221939355 2.652577877 -0.157890022 0.955761433 -0.018496638 -0.287387609 -0.059887052
1413393251605760512.000000 -0.214755684 2.651398659 -0.157556474 0.957745016 -0.019085448 -0.283516616 -0.044481695
1413393251655760384.000000 -0.208463639 2.648116589 -0.153936625 0.959523618 -0.019580882 -0.279396504 -0.029472833
1413393251705760512.000000 -0.198926032 2.646862507 -0.152086318 0.960797191 -0.019459980 -0.276181489 -0.014627354
1413393251755760384.000000 -0.191234276 2.644960403 -0.148008674 0.961192667 -0.019119009 -0.275214791 -0.000044532
1413393251805760512.000000 -0.181495249 2.642772436 -0.141979754 0.960625708 -0.018477548 -0.276850164 0.014520250
1413393251855760384.000000 -0.171523646 2.640395403 -0.134742349 0.958783865 -0.018628797 -0.282084405 0.028546371
1413393251905760512.000000 -0.161284879 2.637977123 -0.126290858 0.955661535 -0.018350612 -0.290839821 0.042267408
1413393251955760384.000000 -0.151159450 2.634625912 -0.117319241 0.952259481 -0.016386079 -0.299637318 0.056132577
1413393252005760512.000000 -0.139753759 2.632160187 -0.108169585 -0.949294031 0.012641940 0.306330115 -0.069591574
1413393252055760384.000000 -0.128160164 2.630014181 -0.099150836 -0.946378529 0.010248215 0.312175155 -0.082519174
1413393252105760512.000000 -0.116308630 2.628443718 -0.090359688 -0.944244266 0.010550508 0.315005779 -0.095199428
1413393252155760384.000000 -0.103876412 2.627727270 -0.078783154 0.942859888 -0.011227720 -0.315271616 0.107205808
1413393252205760512.000000 -0.091743320 2.626469135 -0.071307719 0.941366553 -0.013007858 -0.315454781 0.118945546
1413393252255760384.000000 -0.079940677 2.625434637 -0.064340591 0.940216482 -0.013368791 -0.313951313 0.131335378
1413393252305760512.000000 -0.068081051 2.624617338 -0.057941437 0.939155757 -0.013550657 -0.312018752 0.142993867
1413393252355760384.000000 -0.054502785 2.622960806 -0.054111481 -0.937738657 0.014493157 0.310719132 -0.154563293
1413393252405760512.000000 -0.043757737 2.622105122 -0.048551917 -0.935739279 0.017002016 0.310237736 -0.166899785
1413393252455760384.000000 -0.034956992 2.621333838 -0.042920947 -0.932894528 0.020810230 0.312455356 -0.177894786
1413393252505760512.000000 -0.028217018 2.621072054 -0.037063599 -0.930840552 0.025502384 0.313003212 -0.186854452
1413393252555760384.000000 -0.023760319 2.620488405 -0.031335831 -0.929367900 0.027188325 0.312489957 -0.194643870
1413393252605760512.000000 -0.021838486 2.619768858 -0.025887370 -0.928371429 0.027865231 0.311745942 -0.200410813
1413393252655760384.000000 -0.019474924 2.619206429 -0.013044715 0.927651465 -0.027684430 -0.310523123 0.205601111
1413393252705760512.000000 -0.021119654 2.617600441 -0.007424712 0.926401913 -0.026773084 -0.310473472 0.211350530
1413393252755760384.000000 -0.022914529 2.615315199 -0.001865268 0.925632179 -0.023894049 -0.309041381 0.217088893
1413393252805760512.000000 -0.024204373 2.612861633 0.003243208 0.924699366 -0.020243580 -0.307659596 0.223308966
1413393252855760384.000000 -0.025116801 2.608419657 0.005279303 -0.923615873 0.016215006 0.306375235 -0.229793578
1413393252905760512.000000 -0.025456011 2.605457783 0.008571148 -0.922718942 0.012886302 0.304550260 -0.235950872
1413393252955760384.000000 -0.025047958 2.602744341 0.011287212 -0.921883881 0.008504923 0.303088099 -0.241237327
1413393253005760512.000000 -0.024314225 2.600591183 0.013541937 -0.920603156 0.004922500 0.303276360 -0.245945320
1413393253055760384.000000 -0.022893548 2.599434614 0.015025616 -0.919130862 0.001457595 0.304658413 -0.249759123
1413393253105760512.000000 -0.021190584 2.599220753 0.015769005 -0.917294323 -0.000440773 0.307273686 -0.253286213
1413393253155760384.000000 -0.018177390 2.602851868 0.025594711 0.914989889 -0.001733072 -0.312440425 0.255287349
1413393253205760512.000000 -0.017820179 2.604329586 0.024813890 0.912667453 -0.005011203 -0.317580134 0.257208079
1413393253255760384.000000 -0.017576277 2.606538773 0.023220062 0.910366833 -0.010224256 -0.322605401 0.258947074
1413393253305760512.000000 -0.016985238 2.608618259 0.020215750 0.908749938 -0.014400350 -0.326469809 0.259583741
1413393253355760384.000000 -0.014958799 2.608005524 0.013705730 -0.907813847 0.017721975 0.328605086 -0.259958953
1413393253405760512.000000 -0.014524579 2.608814240 0.006858110 -0.907507658 0.021124950 0.328427285 -0.260996640
1413393253455760384.000000 -0.014059126 2.609180450 -0.001687050 -0.907802224 0.023105653 0.327512920 -0.260953069
1413393253505760512.000000 -0.013268590 2.608899355 -0.011692286 -0.908525825 0.023879532 0.325221539 -0.261230975
1413393253555760384.000000 -0.012605071 2.607936621 -0.023218393 -0.909276545 0.024670919 0.322726160 -0.261639982
1413393253605760512.000000 -0.010880351 2.606555939 -0.036411285 -0.911149859 0.023926917 0.318082988 -0.260876954
1413393253655760384.000000 -0.002125800 2.609563351 -0.047958612 0.912828982 -0.021814397 -0.313626617 0.260587484
1413393253705760512.000000 -0.000297904 2.606931448 -0.063538313 0.914233148 -0.020546155 -0.310052067 0.260045081
1413393253755760384.000000 0.001926184 2.604315758 -0.079870224 0.915589213 -0.017547986 -0.307357043 0.258689404
1413393253805760512.000000 0.004446268 2.601491451 -0.096245289 0.916224837 -0.016627250 -0.305021554 0.259263575
1413393253855760384.000000 0.006133735 2.595094442 -0.113441706 -0.916120946 0.017178381 0.304385513 -0.260339886
1413393253905760512.000000 0.012456954 2.592565536 -0.133155584 0.915636301 -0.017750792 -0.303939611 0.262518466
1413393253955760384.000000 0.015105486 2.588569641 -0.150550127 0.914636791 -0.018697310 -0.303352058 0.266584843
1413393254005760512.000000 0.018411934 2.584463120 -0.168428421 0.913751841 -0.020445747 -0.301548898 0.271492004
1413393254055760384.000000 0.022462308 2.580074310 -0.186486959 0.912088931 -0.020884575 -0.300903648 0.277695298
1413393254105760512.000000 0.026803792 2.574988842 -0.204027414 -0.910209477 0.022126412 0.299674004 -0.284999251
1413393254155760384.000000 0.035969555 2.572803497 -0.218210697 0.908426464 -0.022781407 -0.297291726 0.293018818
1413393254205760512.000000 0.040960312 2.567222834 -0.236427069 0.905902803 -0.023138249 -0.295717090 0.302251995
1413393254255760384.000000 0.046829343 2.561908245 -0.254498720 0.903621435 -0.023799339 -0.293762922 0.310813904
1413393254305760512.000000 0.053309381 2.556759834 -0.272358418 -0.900857270 0.020604756 0.293381035 -0.319310516
1413393254355760384.000000 0.060034752 2.551352978 -0.290573120 0.897792816 -0.016544091 -0.294693738 0.326879263
1413393254405760512.000000 0.066888869 2.546255589 -0.309051752 0.894505203 -0.011292716 -0.297993302 0.333065957
1413393254455760384.000000 0.076808572 2.543174505 -0.324439049 0.890654445 -0.008373268 -0.302949101 0.338949084
1413393254505760512.000000 0.083277822 2.538914204 -0.344182730 0.887274563 -0.005196043 -0.307464600 0.343776852
1413393254555760384.000000 0.089439213 2.535213947 -0.364704609 0.885141253 -0.006211976 -0.309467554 0.347442329
1413393254605760512.000000 0.094668686 2.532190800 -0.386201382 0.883172929 -0.008107687 -0.311476201 0.350603044
1413393254655760384.000000 0.101997256 2.529195309 -0.409383059 0.882531583 -0.011252061 -0.310899884 0.352636874
1413393254705760512.000000 0.107591689 2.526361704 -0.433928251 0.883748174 -0.012958099 -0.306058317 0.353765130
1413393254755760384.000000 0.113028288 2.523588419 -0.459189415 0.885444283 -0.014345918 -0.299758911 0.354862332
1413393254805760512.000000 0.117996693 2.520924807 -0.484689713 0.887134314 -0.015000084 -0.294674575 0.354872674
1413393254855760384.000000 0.118812978 2.518324852 -0.506984949 0.888666093 -0.015593025 -0.290960073 0.354078770
1413393254905760512.000000 0.122751117 2.516101599 -0.532030344 0.890175164 -0.015802266 -0.286624104 0.353815109
1413393254955760384.000000 0.125947118 2.514214516 -0.556605101 0.891238034 -0.016269630 -0.284473717 0.352852494
1413393255005760512.000000 0.128641546 2.512697697 -0.580428362 0.891912639 -0.016352672 -0.283687353 0.351775467
1413393255055760384.000000 0.132845163 2.511971474 -0.605890512 0.892843902 -0.018183207 -0.281737685 0.350889057
1413393255105760512.000000 0.135719895 2.510947466 -0.629144907 0.893752873 -0.020572323 -0.279889822 0.349920422
1413393255155760384.000000 0.138100863 2.509963989 -0.651465774 0.894673407 -0.024626927 -0.277847528 0.348932296
1413393255205760512.000000 0.140090525 2.508848429 -0.672813296 0.895474315 -0.029070646 -0.276163220 0.347871691
1413393255255760384.000000 0.138308287 2.504379511 -0.690580606 0.896359682 -0.032488123 -0.274553597 0.346560657
1413393255305760512.000000 0.139278412 2.502575874 -0.709337354 0.896805882 -0.035403177 -0.273922265 0.345619053
1413393255355760384.000000 0.139844716 2.500273943 -0.726703286 0.896895707 -0.037435256 -0.273864239 0.345217586
1413393255405760512.000000 0.139733374 2.497176647 -0.742558002 0.897160769 -0.038881421 -0.273091167 0.344981462
1413393255455760384.000000 0.139853060 2.495027542 -0.755843043 0.897206604 -0.039821912 -0.272839516 0.344953954
1413393255505760512.000000 0.140127242 2.490873337 -0.768821120 0.897045076 -0.040248536 -0.272534370 0.345565051
1413393255555760384.000000 0.140789807 2.485830784 -0.780521870 0.896460950 -0.039485425 -0.273270965 0.346585929
1413393255605760512.000000 0.141766429 2.479984045 -0.791135192 0.895601392 -0.038424749 -0.274404317 0.348028928
1413393255655760384.000000 0.142747223 2.473437309 -0.800755262 0.894699335 -0.037244339 -0.275396168 0.349689752
1413393255705760512.000000 0.143337548 2.466348171 -0.809386730 0.893514931 -0.036191978 -0.277083129 0.351491421
1413393255755760384.000000 0.141068757 2.455254078 -0.823920369 0.891726732 -0.035671476 -0.280339807 0.353497773
1413393255805760512.000000 0.140966177 2.447143316 -0.830784082 0.889994979 -0.034361318 -0.283085495 0.355796337
1413393255855760384.000000 0.140245140 2.438530445 -0.837025523 0.887477219 -0.033855379 -0.288320363 0.357923746
1413393255905760512.000000 0.139768183 2.429395676 -0.843116999 0.885094225 -0.030822970 -0.293762505 0.359669179
1413393255955760384.000000 0.139132261 2.419260263 -0.849185944 0.883297861 -0.025561688 -0.297482669 0.361435592
1413393256005760512.000000 0.138225019 2.409269810 -0.855856657 0.881814837 -0.021559784 -0.300443083 0.362866044
1413393256055760384.000000 0.136607230 2.399018764 -0.863232374 0.880902588 -0.017708275 -0.301902056 0.364077330
1413393256105760512.000000 0.133493662 2.388690472 -0.870901585 0.880104184 -0.015511375 -0.302563667 0.365556031
1413393256155760384.000000 0.129231274 2.378703356 -0.879063606 0.879614890 -0.014440626 -0.302835196 0.366551578
1413393256205760512.000000 0.124187052 2.368730783 -0.887799025 0.879473150 -0.015190373 -0.302391618 0.367226839
1413393256255760384.000000 0.115912795 2.358129263 -0.899334788 0.879035652 -0.016707649 -0.302306086 0.368277490
1413393256305760512.000000 0.110767603 2.347870827 -0.909638405 0.878941953 -0.018511979 -0.302044660 0.368629247
1413393256355760384.000000 0.105577886 2.337443829 -0.920827627 0.878928125 -0.021527123 -0.301915139 0.368604541
1413393256405760512.000000 0.100870371 2.326707125 -0.932918429 0.878484905 -0.024793835 -0.302821875 0.368711948
1413393256455760384.000000 0.097177446 2.316457272 -0.948080540 0.878717780 -0.029851904 -0.302040398 0.368423134
1413393256505760512.000000 0.095014691 2.304713726 -0.962741852 -0.879208684 0.033967029 0.300989687 -0.367754906
1413393256555760384.000000 0.094459057 2.291932106 -0.978233933 -0.879316330 0.036010038 0.301488459 -0.366893411
1413393256605760512.000000 0.095342457 2.278114319 -0.994703174 -0.879767835 0.033321481 0.302400291 -0.365311384
1413393256655760384.000000 0.096530616 2.263403416 -1.011691570 -0.880299509 0.027924180 0.303084850 -0.363913089
1413393256705760512.000000 0.096330851 2.248373032 -1.028889656 0.880797148 -0.023324115 -0.303819060 0.362417579
1413393256755760384.000000 0.092918098 2.229810476 -1.046046972 0.881376028 -0.019659001 -0.304647118 0.360527515
1413393256805760512.000000 0.087668687 2.214474916 -1.063195586 0.882123709 -0.016369188 -0.304516852 0.358969778
1413393256855760384.000000 0.079631031 2.199496269 -1.079764485 0.882880330 -0.014149412 -0.304515272 0.357201099
1413393256905760512.000000 0.069726229 2.184996128 -1.095979691 0.883967996 -0.014816438 -0.303520888 0.355325580
1413393256955760384.000000 0.060157299 2.170226097 -1.114430904 0.884816468 -0.016975150 -0.302572608 0.353923082
1413393257005760512.000000 0.048591048 2.155813932 -1.131798625 0.885844886 -0.019915508 -0.301102728 0.352447867
1413393257055760384.000000 0.036836863 2.141313076 -1.149532557 0.886511624 -0.020648638 -0.300322980 0.351392984
1413393257105760512.000000 0.024638861 2.127010345 -1.167543173 0.887489796 -0.022624210 -0.298323274 0.350504458
1413393257155760384.000000 0.012049019 2.112360001 -1.185806394 0.887663841 -0.024986250 -0.298185825 0.350019664
1413393257205760512.000000 -0.000225842 2.097327471 -1.204190731 0.887954772 -0.025740841 -0.297483802 0.349824399
1413393257255760384.000000 -0.018129945 2.080069542 -1.221627951 0.887926400 -0.027044268 -0.297657669 0.349650234
1413393257305760512.000000 -0.030405164 2.064379454 -1.240628719 -0.888436735 0.026714712 0.295996308 -0.349789470
1413393257355760384.000000 -0.042843908 2.048459053 -1.259681106 -0.888418674 0.026606876 0.295939505 -0.349891573
1413393257405760512.000000 -0.055307388 2.032249928 -1.278985023 -0.888415992 0.026296793 0.295373410 -0.350399941
1413393257455760384.000000 -0.065039665 2.017210007 -1.297660112 0.888083041 -0.026442574 -0.295838565 0.350840300
1413393257505760512.000000 -0.077202052 2.000938654 -1.316406369 0.887916148 -0.028137431 -0.295348316 0.351543248
1413393257555760384.000000 -0.089362562 1.984289646 -1.335136652 0.887721717 -0.027590102 -0.294808030 0.352529764
1413393257605760512.000000 -0.101930231 1.967381477 -1.353748560 0.887745261 -0.028353289 -0.293294251 0.353670597
1413393257655760384.000000 -0.114887714 1.950126648 -1.372287989 0.887427151 -0.029545130 -0.292458445 0.355060935
1413393257705760512.000000 -0.128223211 1.932394743 -1.390492320 0.886699080 -0.029505765 -0.292983800 0.356447458
1413393257755760384.000000 -0.144564480 1.912738800 -1.409242511 0.886525273 -0.028853104 -0.291883141 0.357833445
1413393257805760512.000000 -0.157816157 1.894413710 -1.427160382 0.885774016 -0.026449831 -0.292664856 0.359238356
1413393257855760384.000000 -0.170686916 1.875741959 -1.445156574 0.884689689 -0.022357242 -0.294666976 0.360549241
1413393257905760512.000000 -0.182883173 1.857067108 -1.463791132 0.883709490 -0.018164152 -0.296105802 0.362006813
1413393257955760384.000000 -0.193803176 1.838964701 -1.482545853 0.883100569 -0.014360900 -0.296931833 0.362985790
1413393258005760512.000000 -0.204515845 1.820546627 -1.502158403 0.882736504 -0.011815090 -0.296958387 0.363940150
1413393258055760384.000000 -0.214992136 1.802504778 -1.522318840 0.882380903 -0.009886849 -0.297291636 0.364587426
1413393258105760512.000000 -0.225477055 1.785072088 -1.543073893 0.882559001 -0.009827279 -0.296612501 0.364711076
1413393258155760384.000000 -0.235779598 1.768281460 -1.564386845 0.883240759 -0.009619186 -0.296446204 0.363198280
1413393258205760512.000000 -0.247715890 1.751338720 -1.589776993 0.884407818 -0.010140548 -0.296273917 0.360474348
1413393258255760384.000000 -0.256936222 1.736286402 -1.612613916 0.886986911 -0.009608204 -0.293621540 0.356298149
1413393258305760512.000000 -0.265394539 1.721997023 -1.636246324 0.890711486 -0.007189453 -0.288931429 0.350856245
1413393258355760384.000000 -0.273242444 1.708842039 -1.660174370 0.895524800 -0.004797770 -0.282217175 0.344043344
1413393258405760512.000000 -0.281687528 1.695596218 -1.684824944 0.899982333 -0.005192834 -0.277741939 0.335952997
1413393258455760384.000000 -0.290052116 1.684908152 -1.707634449 0.904144406 -0.006413787 -0.275410950 0.326543391
1413393258505760512.000000 -0.298363447 1.675772667 -1.729349136 0.908878505 -0.010538142 -0.272339404 0.315689921
1413393258555760384.000000 -0.306106001 1.667546272 -1.750550508 0.913731396 -0.013167550 -0.270346373 0.303042024
1413393258605760512.000000 -0.316918790 1.657624006 -1.778697252 0.918241143 -0.013960362 -0.269973874 0.289400220
1413393258655760384.000000 -0.323143989 1.651318312 -1.798519135 0.921736956 -0.014523135 -0.273159355 0.274907559
1413393258705760512.000000 -0.329247981 1.645962477 -1.817129016 -0.924530685 0.015156670 0.278884053 -0.259300947
1413393258755760384.000000 -0.334804237 1.640827417 -1.834922075 -0.926684439 0.016620742 0.285255134 -0.244150251
1413393258805760512.000000 -0.339092195 1.635804653 -1.852727771 -0.928977847 0.019442810 0.290583521 -0.228436768
1413393258855760384.000000 -0.343408555 1.631237268 -1.869942904 -0.931527495 0.022566769 0.294578880 -0.212062612
1413393258905760512.000000 -0.347495347 1.626651525 -1.886589885 -0.933513045 0.022884330 0.299244583 -0.196169406
1413393258955760384.000000 -0.358365327 1.620539188 -1.907152295 0.935278893 -0.022051012 -0.303832978 0.180146486
1413393259005760512.000000 -0.361979842 1.615940809 -1.923715353 0.937234461 -0.021064311 -0.307237923 0.163562775
1413393259055760384.000000 -0.365610063 1.611324549 -1.939990997 0.939110518 -0.020179339 -0.309761316 0.147350580
1413393259105760512.000000 -0.369087636 1.606763124 -1.956412554 0.940881193 -0.020399025 -0.312028497 0.130248830
1413393259155760384.000000 -0.370874107 1.602588654 -1.972565532 -0.942519546 0.019233095 0.313669920 -0.113570139
1413393259205760512.000000 -0.373731434 1.597956181 -1.989184856 -0.944138706 0.019140849 0.314281076 -0.097278662
1413393259255760384.000000 -0.376742959 1.593455553 -2.005856514 -0.945372641 0.018533530 0.315367252 -0.080440722
1413393259305760512.000000 -0.379973590 1.588780880 -2.023093700 -0.946304560 0.019031184 0.316370010 -0.063684233
1413393259355760384.000000 -0.387268245 1.582934022 -2.043083906 0.946821392 -0.019049235 -0.317655116 0.047556516
1413393259405760512.000000 -0.390805900 1.577460647 -2.061089993 0.947422028 -0.019167738 -0.317943007 0.030601118
1413393259455760384.000000 -0.393954217 1.572355509 -2.080063105 0.947928131 -0.019546991 -0.317573339 0.014050789
1413393259505760512.000000 -0.397325873 1.567657351 -2.099439383 0.947934747 -0.018703541 -0.317904711 -0.002558156
1413393259555760384.000000 -0.398982584 1.564177394 -2.118521929 0.947633624 -0.017937347 -0.318217963 -0.020154029
1413393259605760512.000000 -0.401520491 1.559325099 -2.138504982 0.947204292 -0.016495556 -0.317982525 -0.037670080
1413393259655760384.000000 -0.404325008 1.554472923 -2.158679724 0.946150362 -0.015905356 -0.318577111 -0.055274799
1413393259705760512.000000 -0.407322645 1.547882795 -2.178017855 0.944947958 -0.015358561 -0.318431705 -0.073748581
1413393259755760384.000000 -0.409698725 1.542899132 -2.198792696 0.943471134 -0.015009709 -0.318287671 -0.091268301
1413393259805760512.000000 -0.411816716 1.537922859 -2.220003128 0.942029297 -0.014238478 -0.317202896 -0.108445860
1413393259855760384.000000 -0.413544536 1.532998800 -2.241581917 0.940357447 -0.013956522 -0.315912694 -0.125428379
1413393259905760512.000000 -0.416235805 1.527959347 -2.264231920 0.938520133 -0.013307722 -0.314624131 -0.141473159
1413393259955760384.000000 -0.418644309 1.523159623 -2.286599398 0.936345577 -0.012907021 -0.313668162 -0.157171369
1413393260005760512.000000 -0.421126842 1.518254399 -2.309182882 0.934095562 -0.012887419 -0.312252581 -0.172620535
1413393260055760384.000000 -0.419261694 1.512373924 -2.329648733 0.931530058 -0.012056868 -0.311706930 -0.186936378
1413393260105760512.000000 -0.421275616 1.507721424 -2.352693796 0.929211617 -0.012552465 -0.309419543 -0.201662794
1413393260155760384.000000 -0.423718452 1.502798676 -2.375797987 0.926427901 -0.012627324 -0.308057368 -0.216038585
1413393260205760512.000000 -0.426081896 1.497960448 -2.399024248 0.923691034 -0.012738672 -0.306273073 -0.229846388
1413393260255760384.000000 -0.430813313 1.493698597 -2.422205210 0.920636058 -0.012272095 -0.304517090 -0.244024709
1413393260305760512.000000 -0.434796572 1.488875151 -2.445658922 0.918963253 -0.012628490 -0.298303396 -0.257608861
1413393260355760384.000000 -0.439413667 1.483644247 -2.468828440 0.918958902 -0.010835730 -0.287507534 -0.269697279
1413393260405760512.000000 -0.439469218 1.476042509 -2.487013817 0.919563234 -0.006748828 -0.275621891 -0.279983103
1413393260455760384.000000 -0.445971012 1.469767213 -2.507698059 0.921281040 -0.000403613 -0.261254847 -0.288074613
1413393260505760512.000000 -0.453303516 1.463298082 -2.526053667 0.923347354 0.006016798 -0.246588245 -0.294258058
1413393260555760384.000000 -0.461490929 1.456542015 -2.540979147 0.925123334 0.014230351 -0.234302893 -0.298406720
1413393260605760512.000000 -0.472219229 1.449235559 -2.552390575 0.926395833 0.021383116 -0.224169493 -0.301797420
1413393260655760384.000000 -0.481053472 1.443179727 -2.559978008 0.926202536 0.030285437 -0.219403923 -0.305112481
1413393260705760512.000000 -0.488402605 1.437996387 -2.563430548 0.925300002 0.037880026 -0.216545179 -0.309019774
1413393260755760384.000000 -0.495028079 1.433983564 -2.562512159 0.922220528 0.042411700 -0.224575654 -0.311891705
1413393260805760512.000000 -0.500163496 1.431063890 -2.557559729 0.918175519 0.044477247 -0.237293646 -0.314113498
1413393260855760384.000000 -0.502898633 1.429931641 -2.549455643 0.913742125 0.038857900 -0.251900464 -0.316404164
1413393260905760512.000000 -0.499371588 1.428380013 -2.537037849 0.909519076 0.031728040 -0.265299171 -0.318409711
1413393260955760384.000000 -0.498476863 1.429756165 -2.524767876 0.905724585 0.023103576 -0.277710468 -0.319383979
1413393261005760512.000000 -0.496458173 1.432214737 -2.511822939 0.902565718 0.015670370 -0.287942111 -0.319717079
1413393261055760384.000000 -0.493814707 1.435483456 -2.498371124 0.900080085 0.010272885 -0.296295464 -0.319310784
1413393261105760512.000000 -0.493833065 1.441479683 -2.486289740 0.897907794 0.006372888 -0.303865373 -0.318413138
1413393261155760384.000000 -0.491367102 1.447011709 -2.474460363 0.896351874 0.005936678 -0.309655696 -0.317224562
1413393261205760512.000000 -0.489096999 1.453514576 -2.463325024 0.895017028 0.006112167 -0.314328402 -0.316393644
1413393261255760384.000000 -0.486600518 1.460929632 -2.453407764 0.894711494 0.006214350 -0.316339225 -0.315249413
1413393261305760512.000000 -0.483458519 1.469401002 -2.444646835 0.895225465 0.006002604 -0.314183563 -0.315949440
1413393261355760384.000000 -0.478615165 1.476042151 -2.433521271 0.895564616 0.004932527 -0.310139656 -0.318987697
1413393261405760512.000000 -0.474801064 1.486498594 -2.426175594 0.895473838 0.004311687 -0.306323290 -0.322915137
1413393261455760384.000000 -0.470951080 1.498075247 -2.419435263 0.894686401 0.004468354 -0.302427530 -0.328715593
1413393261505760512.000000 -0.467324376 1.510775089 -2.412990570 0.892046511 0.000885792 -0.302023947 -0.336205095
1413393261555760384.000000 -0.464061856 1.526422977 -2.409214497 0.888648331 -0.004918768 -0.302723259 -0.344439685
1413393261605760512.000000 -0.461521983 1.539401054 -2.403184891 0.884070754 -0.012239636 -0.305106968 -0.353806466
1413393261655760384.000000 -0.458824992 1.553703308 -2.398678064 0.878613293 -0.017455911 -0.307869613 -0.364623547
1413393261705760512.000000 -0.456212044 1.567922592 -2.395326853 0.872489512 -0.021700932 -0.310997277 -0.376260340
1413393261755760384.000000 -0.453270912 1.581959367 -2.393108606 0.866235733 -0.024733039 -0.313030392 -0.388633370
1413393261805760512.000000 -0.451212406 1.595505714 -2.392281294 0.859838188 -0.025763899 -0.313794196 -0.401930124
1413393261855760384.000000 -0.449090958 1.608907104 -2.394309282 0.854636073 -0.024924643 -0.310981244 -0.415050209
1413393261905760512.000000 -0.446702957 1.621623397 -2.398902893 0.851857483 -0.021246880 -0.303461760 -0.426378280
1413393261955760384.000000 -0.444584131 1.633523464 -2.405491114 0.849248409 -0.018978510 -0.296090961 -0.436746091
1413393262005760512.000000 -0.442861795 1.645021439 -2.413170338 0.846964061 -0.015257507 -0.289907902 -0.445390403
1413393262055760384.000000 -0.440152228 1.657526970 -2.420864582 0.845132768 -0.013245102 -0.284207910 -0.452549607
1413393262105760512.000000 -0.438826382 1.668431044 -2.430136681 0.843198895 -0.011238001 -0.280064404 -0.458751887
1413393262155760384.000000 -0.437265992 1.679068327 -2.440093756 0.841626644 -0.010730913 -0.277094215 -0.463431031
1413393262205760512.000000 -0.435539603 1.688975453 -2.451020002 0.840495348 -0.008522084 -0.274941772 -0.466799855
1413393262255760384.000000 -0.433137000 1.698910356 -2.462083817 0.839402318 -0.007875973 -0.273861885 -0.469405413
1413393262305760512.000000 -0.431094825 1.708590746 -2.473076105 0.838039100 -0.005941767 -0.274601519 -0.471433133
1413393262355760384.000000 -0.429084003 1.718241930 -2.484183788 0.837498009 -0.003552573 -0.274110883 -0.472702533
1413393262405760512.000000 -0.427317142 1.728073716 -2.495222569 0.836891890 -0.003884992 -0.274467021 -0.473566055
1413393262455760384.000000 -0.422610581 1.739637256 -2.505895138 0.836471677 -0.003290661 -0.275225788 -0.473872423
1413393262505760512.000000 -0.421243429 1.750006795 -2.517055750 0.836319208 -0.002869716 -0.275119275 -0.474206120
1413393262555760384.000000 -0.421886086 1.760694146 -2.527657032 0.836148262 -0.002026836 -0.275078595 -0.474535495
1413393262605760512.000000 -0.425331056 1.771476269 -2.537537575 0.836120427 -0.000801031 -0.274830610 -0.474731684
1413393262655760384.000000 -0.431645691 1.781760573 -2.545301437 0.836112738 -0.000636240 -0.275000811 -0.474646986
1413393262705760512.000000 -0.440139055 1.792637825 -2.553182602 0.836138189 -0.000782849 -0.274720132 -0.474764377
1413393262755760384.000000 -0.450775623 1.803537607 -2.560266018 0.836084068 -0.000150569 -0.274600923 -0.474929333
1413393262805760512.000000 -0.462837875 1.814675331 -2.566716194 0.835891843 -0.000080791 -0.274910450 -0.475088507
1413393262855760384.000000 -0.475247562 1.826398849 -2.573091507 0.835620046 -0.000651956 -0.275449336 -0.475254089
1413393262905760512.000000 -0.485859752 1.840876937 -2.582485199 0.835123897 -0.001502017 -0.275825202 -0.475905925
1413393262955760384.000000 -0.497388661 1.853224874 -2.589050055 0.834339976 -0.002595905 -0.277710617 -0.476179630
1413393263005760512.000000 -0.508477032 1.865694642 -2.595555782 0.833688855 -0.003745622 -0.278598756 -0.476792991
1413393263055760384.000000 -0.519216061 1.878262997 -2.602819681 0.832964361 -0.006915556 -0.280096889 -0.477145940
1413393263105760512.000000 -0.530665636 1.889394164 -2.608714819 0.831923425 -0.008186137 -0.282170355 -0.477720022
1413393263155760384.000000 -0.540025413 1.902454734 -2.617088795 0.831273854 -0.010828177 -0.283164889 -0.478209466
1413393263205760512.000000 -0.549091101 1.919198751 -2.628924370 0.830360651 -0.012379931 -0.284790814 -0.478792369
1413393263255760384.000000 -0.556618094 1.931815624 -2.638939857 0.830184340 -0.014103082 -0.284700990 -0.479103923
1413393263305760512.000000 -0.563403606 1.944353223 -2.649918556 0.830263615 -0.015100430 -0.284124404 -0.479278296
1413393263355760384.000000 -0.569761515 1.956608891 -2.661535740 0.829994142 -0.016124243 -0.284477949 -0.479501933
1413393263405760512.000000 -0.577309847 1.969147801 -2.673295975 0.829833448 -0.017019091 -0.285712659 -0.479014695
1413393263455760384.000000 -0.584844589 1.981358528 -2.686098099 0.830438673 -0.015441986 -0.284496546 -0.478743017
1413393263505760512.000000 -0.594394922 1.993493319 -2.698885679 0.831221521 -0.013927249 -0.282737881 -0.478472710
1413393263555760384.000000 -0.607557356 2.004040241 -2.705922127 0.833687067 -0.014587312 -0.278825194 -0.476455301
1413393263605760512.000000 -0.620797455 2.015832424 -2.717828512 0.835559785 -0.014152618 -0.273707032 -0.476155579
1413393263655760384.000000 -0.635827124 2.027461052 -2.729109764 0.837993979 -0.014899882 -0.266691506 -0.475835949
1413393263705760512.000000 -0.652604699 2.038866997 -2.739509821 0.839697301 -0.016971717 -0.260545671 -0.476168483
1413393263755760384.000000 -0.671271086 2.050653934 -2.748775721 0.840128601 -0.017050583 -0.255078167 -0.478360176
1413393263805760512.000000 -0.688887000 2.060700893 -2.756467342 0.839849591 -0.016671890 -0.249581993 -0.481750637
1413393263855760384.000000 -0.706378937 2.069963932 -2.762885094 0.837809682 -0.016845094 -0.246462926 -0.486874968
1413393263905760512.000000 -0.723289907 2.080153704 -2.769298553 0.835315704 -0.015975345 -0.243340001 -0.492725343
1413393263955760384.000000 -0.738722682 2.087291956 -2.773388386 0.832211494 -0.016284995 -0.240425378 -0.499354213
1413393264005760512.000000 -0.753513336 2.093385458 -2.776396036 0.828489661 -0.015020113 -0.240219653 -0.505642056
1413393264055760384.000000 -0.767588675 2.099638939 -2.779842377 0.824274540 -0.015320568 -0.242715910 -0.511298180
1413393264105760512.000000 -0.780457437 2.103567600 -2.781217098 0.820048869 -0.012539087 -0.247362539 -0.515920997
1413393264155760384.000000 -0.792650938 2.106336832 -2.782084465 0.816247165 -0.010167977 -0.253191233 -0.519164205
1413393264205760512.000000 -0.804663837 2.108509779 -2.782634020 0.812469184 -0.007196018 -0.260001600 -0.521767318
1413393264255760384.000000 -0.814694643 2.111975908 -2.782999992 0.810038090 -0.002365943 -0.264753878 -0.523199916
1413393264305760512.000000 -0.825064898 2.113482714 -2.783600807 0.807979226 0.000237688 -0.269642502 -0.523891687
1413393264355760384.000000 -0.834814310 2.115617752 -2.784591675 0.807161152 0.004595353 -0.272555619 -0.523625195
1413393264405760512.000000 -0.843403161 2.119408131 -2.785145044 0.806386232 0.007865511 -0.275568753 -0.523202956
1413393264455760384.000000 -0.851562560 2.123385668 -2.786787748 0.806500554 0.008449474 -0.276315600 -0.522623301
1413393264505760512.000000 -0.859356880 2.128183126 -2.788538456 0.807069957 0.008099839 -0.277000755 -0.521385670
1413393264555760384.000000 -0.866576016 2.134317160 -2.791288853 0.807994187 0.008039052 -0.276788801 -0.520066023
1413393264605760512.000000 -0.873074234 2.141168833 -2.793527126 0.809236705 0.004879838 -0.275477707 -0.518868268
1413393264655760384.000000 -0.879393518 2.148942709 -2.795704365 0.810101271 0.002444828 -0.275420994 -0.517564654
1413393264705760512.000000 -0.885237932 2.157712221 -2.797768831 0.810373843 -0.001138844 -0.274617851 -0.517569363
1413393264755760384.000000 -0.891396821 2.167193413 -2.799473763 0.809355915 -0.003007634 -0.275215328 -0.518835664
1413393264805760512.000000 -0.897503674 2.176450729 -2.799904823 0.809531152 -0.003799612 -0.273576260 -0.519423604
1413393264855760384.000000 -0.903854787 2.186523676 -2.802138805 0.809110641 -0.002554949 -0.272614598 -0.520590842
1413393264905760512.000000 -0.910441041 2.196819782 -2.804531097 0.809190094 -0.001011687 -0.271074891 -0.521276116
1413393264955760384.000000 -0.917392373 2.206861496 -2.806855679 0.809244931 0.000630110 -0.270592183 -0.521442413
1413393265005760512.000000 -0.924252570 2.217838764 -2.808989525 0.809279501 0.002325479 -0.269762725 -0.521813631
1413393265055760384.000000 -0.930683434 2.229146242 -2.811258793 0.810091615 0.002586035 -0.267497420 -0.521718383
1413393265105760512.000000 -0.937689006 2.240269184 -2.813424587 0.810960054 0.002257722 -0.265426517 -0.521428347
1413393265155760384.000000 -0.942764997 2.252409697 -2.815596104 0.813001871 -0.000515098 -0.259066612 -0.521452069
1413393265205760512.000000 -0.946909964 2.264610052 -2.817728043 0.816080093 -0.005644729 -0.250439405 -0.520827889
1413393265255760384.000000 -0.951204300 2.275738716 -2.819983482 0.818751454 -0.009241626 -0.242663205 -0.520264566
1413393265305760512.000000 -0.954722822 2.286559582 -2.820230007 0.820247054 -0.015428393 -0.237151563 -0.520303726
1413393265355760384.000000 -0.958301187 2.295986176 -2.819550514 0.820438147 -0.023402993 -0.236878023 -0.519829094
1413393265405760512.000000 -0.961417973 2.303260803 -2.818611383 0.819613576 -0.029063016 -0.240418315 -0.519218683
1413393265455760384.000000 -0.964634478 2.309229612 -2.816299438 0.817742586 -0.031264670 -0.246682063 -0.519102693
1413393265505760512.000000 -0.967189729 2.313455582 -2.813947916 0.815212429 -0.032954786 -0.254366070 -0.519269347
1413393265555760384.000000 -0.969143808 2.316331387 -2.812587738 0.812714815 -0.029853866 -0.259561390 -0.520798802
1413393265605760512.000000 -0.969439566 2.318145037 -2.810842752 0.810509920 -0.023286393 -0.260325074 -0.524177790
1413393265655760384.000000 -0.969147503 2.319050550 -2.809356689 0.808508217 -0.014921589 -0.258868188 -0.528279483
1413393265705760512.000000 -0.967204213 2.318502665 -2.808272600 0.805535197 -0.009198460 -0.256863475 -0.533900499
1413393265755760384.000000 -0.965135098 2.319392681 -2.806750774 0.801740110 -0.003870455 -0.254770726 -0.540638149
1413393265805760512.000000 -0.961807966 2.320057869 -2.805476189 0.798157096 0.000033736 -0.252172798 -0.547132671
1413393265855760384.000000 -0.957177162 2.320986509 -2.803655863 0.793262362 0.002449057 -0.250479192 -0.554967523
1413393265905760512.000000 -0.951976240 2.322139740 -2.801506519 0.787986100 0.004073621 -0.249095768 -0.563038886
1413393265955760384.000000 -0.947697163 2.323432684 -2.799524784 0.782022893 0.005107892 -0.248292476 -0.571633697
1413393266005760512.000000 -0.940301061 2.325050116 -2.796527863 0.775168061 0.004991396 -0.246807799 -0.581528664
1413393266055760384.000000 -0.932930768 2.327044964 -2.793101788 0.766888618 0.003783576 -0.247079432 -0.592299998
1413393266105760512.000000 -0.926724315 2.327188015 -2.789690733 0.758605659 0.003630267 -0.243916437 -0.604159892
1413393266155760384.000000 -0.916966856 2.329832792 -2.785758257 0.749019384 0.003799213 -0.240289554 -0.617427289
1413393266205760512.000000 -0.906363130 2.332700491 -2.781283855 0.737802446 0.003660084 -0.237408862 -0.631879151
1413393266255760384.000000 -0.895725965 2.334822416 -2.776364088 0.725468814 0.003898381 -0.234078512 -0.647214890
1413393266305760512.000000 -0.883199096 2.337313414 -2.771499634 0.711421847 0.003126988 -0.230197862 -0.663986623
1413393266355760384.000000 -0.869862616 2.339883089 -2.766479254 0.695992768 0.003939650 -0.225276902 -0.681783676
1413393266405760512.000000 -0.856273115 2.344529867 -2.759804487 -0.680280328 -0.003874128 0.220255330 0.699064672
1413393266455760384.000000 -0.841354489 2.347442865 -2.754341841 -0.661494374 -0.005091033 0.214558229 0.718584776
1413393266505760512.000000 -0.825486064 2.350316763 -2.749051809 -0.641627252 -0.004531212 0.208716109 0.738059342
1413393266555760384.000000 -0.810752332 2.351436138 -2.744358063 -0.621617377 -0.002532459 0.201897591 0.756850660
1413393266605760512.000000 -0.795820475 2.353854179 -2.738779545 -0.602038741 0.002346028 0.193290263 0.774714708
1413393266655760384.000000 -0.784239054 2.355957270 -2.733031988 -0.583081543 0.005805773 0.186600998 0.790672064
1413393266705760512.000000 -0.778217435 2.355235577 -2.728037119 -0.565578520 0.009055405 0.180653945 0.804613709
1413393266755760384.000000 -0.773744941 2.355624914 -2.721698523 -0.548868179 0.011405025 0.175751790 0.817144454
1413393266805760512.000000 -0.771226048 2.355485916 -2.715825796 -0.533357441 0.013568677 0.171439022 0.828223705
1413393266855760384.000000 -0.772894382 2.351542234 -2.715310097 -0.521001995 0.016914329 0.165101349 0.837264895
1413393266905760512.000000 -0.765371084 2.350097418 -2.714042187 -0.511112571 0.018642917 0.158560336 0.844556093
1413393266955760384.000000 -0.756311655 2.348140717 -2.714950085 -0.502321064 0.014895354 0.157967776 0.849998832
1413393267005760512.000000 -0.745421886 2.344572544 -2.718608618 -0.495730221 0.012214107 0.157276869 0.854029536
1413393267055760384.000000 -0.728653371 2.341366291 -2.724974394 -0.489685088 0.007198050 0.160185814 0.857028127
1413393267105760512.000000 -0.710245669 2.336875439 -2.733831644 -0.486705691 0.005979931 0.159972981 0.858772695
1413393267155760384.000000 -0.700012624 2.330440760 -2.741384506 -0.484623104 0.004213769 0.162583083 0.859470487
1413393267205760512.000000 -0.686425149 2.325402021 -2.750710249 -0.483669370 0.002252265 0.164632916 0.859624863
1413393267255760384.000000 -0.676102817 2.320433617 -2.759869576 -0.483318597 0.002161568 0.166931719 0.859379053
1413393267305760512.000000 -0.670455933 2.314337730 -2.768602848 -0.484120131 0.000795858 0.169022828 0.858521104
1413393267355760384.000000 -0.665452361 2.310331821 -2.777846575 -0.485541016 0.001437784 0.170364901 0.857451916
1413393267405760512.000000 -0.663215935 2.306786537 -2.786643982 -0.487367630 0.001261148 0.170394063 0.856409431
1413393267455760384.000000 -0.665094972 2.303743601 -2.793110132 -0.489956975 0.000661708 0.170151517 0.854979694
1413393267505760512.000000 -0.667083621 2.300503731 -2.802133083 -0.493528008 -0.000373425 0.167778611 0.853393435
1413393267555760384.000000 -0.671567500 2.297243118 -2.810659885 -0.496949524 -0.002786533 0.165760189 0.851796389
1413393267605760512.000000 -0.683559358 2.299282551 -2.813045263 -0.499930173 -0.004276722 0.163119510 0.850554883
1413393267655760384.000000 -0.691958189 2.294791222 -2.821121454 -0.502701998 -0.006002675 0.161324486 0.849252105
1413393267705760512.000000 -0.702703953 2.289633036 -2.828677416 -0.505030930 -0.007078814 0.159483492 0.848209143
1413393267755760384.000000 -0.716918647 2.288681984 -2.832666636 -0.507466614 -0.009457889 0.157117501 0.847173095
1413393267805760512.000000 -0.731067419 2.282862663 -2.838664532 -0.508423507 -0.010653394 0.155969396 0.846797347
1413393267855760384.000000 -0.745438397 2.277807951 -2.843533278 0.509654880 0.011777540 -0.152597636 -0.846656442
1413393267905760512.000000 -0.757873356 2.277066231 -2.845916748 -0.510249794 -0.012981572 0.150885299 0.846587479
1413393267955760384.000000 -0.769749880 2.271005392 -2.849781275 -0.509343982 -0.011528866 0.151531994 0.847038269
1413393268005760512.000000 -0.780373931 2.264763832 -2.853141546 -0.507607698 -0.009213339 0.155476898 0.847393990
1413393268055760384.000000 -0.786620736 2.268592119 -2.850846052 -0.505612791 -0.006628621 0.160474002 0.847679138
1413393268105760512.000000 -0.795301676 2.262851477 -2.853674650 -0.503926039 -0.005583272 0.163885117 0.848038435
1413393268155760384.000000 -0.803252816 2.257231474 -2.856458664 -0.501975894 -0.004791596 0.168445647 0.848306239
1413393268205760512.000000 -0.809777796 2.255521059 -2.859362841 -0.501286089 -0.005177041 0.169932425 0.848415315
1413393268255760384.000000 -0.816621900 2.251304150 -2.862338305 -0.501370847 -0.007150389 0.168166041 0.848702788
1413393268305760512.000000 -0.823102891 2.248169184 -2.865653276 0.502573311 0.010510450 -0.164588273 -0.848658025
1413393268355760384.000000 -0.824642837 2.246990204 -2.868825674 -0.504377365 -0.015414382 0.159733638 0.848440409
1413393268405760512.000000 -0.828957796 2.244200945 -2.871771336 -0.505978525 -0.021508176 0.154451057 0.848332584
1413393268455760384.000000 -0.831720054 2.241922379 -2.874258757 0.506827652 0.024063712 -0.151837990 -0.848228693
1413393268505760512.000000 -0.833388090 2.239961863 -2.876068592 0.507828593 0.026554357 -0.151185587 -0.847672105
1413393268555760384.000000 -0.833522379 2.238217115 -2.876988888 0.507487833 0.025805069 -0.154603437 -0.847282767
1413393268605760512.000000 -0.831446886 2.236872673 -2.877524376 0.507615387 0.022677345 -0.158067867 -0.846656263
1413393268655760384.000000 -0.827968240 2.235858917 -2.877791643 0.507928073 0.019396912 -0.160297856 -0.846130848
1413393268705760512.000000 -0.822968841 2.235331297 -2.878036499 0.508407772 0.016196983 -0.161910295 -0.845602930
1413393268755760384.000000 -0.813005745 2.232571363 -2.879783392 -0.508426785 -0.014211531 0.165107906 0.845008731
1413393268805760512.000000 -0.806539297 2.233097792 -2.879828215 -0.508220732 -0.014026530 0.168028161 0.844559968
1413393268855760384.000000 -0.799179018 2.234226465 -2.879987955 -0.508741915 -0.012123705 0.170017764 0.843877196
1413393268905760512.000000 -0.798534453 2.239034653 -2.879168749 0.508461773 0.012092897 -0.172115147 -0.843621254
1413393268955760384.000000 -0.793666303 2.241938353 -2.878429651 0.509406090 0.010236266 -0.171030164 -0.843296766
1413393269005760512.000000 -0.790697813 2.245118856 -2.877217293 0.511606157 0.009743927 -0.166321024 -0.842912555
1413393269055760384.000000 -0.785695910 2.245090723 -2.875596046 0.514031708 0.010755691 -0.159582078 -0.842727363
1413393269105760512.000000 -0.784942329 2.248582840 -2.873183966 0.516730964 0.013925456 -0.150995195 -0.842612445
1413393269155760384.000000 -0.790670037 2.254163265 -2.869619131 0.517031133 0.016443811 -0.144900858 -0.843452513
1413393269205760512.000000 -0.778440654 2.244130135 -2.868519306 -0.515557706 -0.015539134 0.140917107 0.845045090
1413393269255760384.000000 -0.775027990 2.244718552 -2.863289833 -0.510244370 -0.011347998 0.140956029 0.848323882
1413393269305760512.000000 -0.770779252 2.244116783 -2.857615948 -0.503574312 -0.005565178 0.141482115 0.852270365
1413393269355760384.000000 -0.765845656 2.245288372 -2.850343704 0.496748239 -0.002245087 -0.140790746 -0.856396019
1413393269405760512.000000 -0.764225125 2.239872456 -2.844675303 -0.489133984 0.009061188 0.141633868 0.860584557
1413393269455760384.000000 -0.761576355 2.237723589 -2.838128567 -0.483069360 0.012980712 0.141934142 0.863903999
1413393269505760512.000000 -0.762141466 2.234782457 -2.831376314 -0.477313161 0.015243892 0.144297093 0.866670728
1413393269555760384.000000 -0.769739270 2.227296352 -2.825845957 -0.472411126 0.014890914 0.146583155 0.868976116
1413393269605760512.000000 -0.777480960 2.223053455 -2.819267988 -0.468240142 0.013232468 0.149681300 0.870730519
1413393269655760384.000000 -0.791218817 2.215154886 -2.817255259 -0.464926362 0.012420912 0.151974991 0.872119784
1413393269705760512.000000 -0.804488003 2.210089684 -2.810982943 -0.462349355 0.010793175 0.154062197 0.873144627
1413393269755760384.000000 -0.820611060 2.204676628 -2.805630207 -0.460398525 0.006747732 0.156086400 0.873856246
1413393269805760512.000000 -0.839234233 2.197978020 -2.801435947 -0.459027678 0.002807170 0.156798139 0.874471366
1413393269855760384.000000 -0.855814338 2.193048000 -2.797666550 -0.458567500 -0.002563811 0.156473532 0.874771655
1413393269905760512.000000 -0.871875107 2.188668013 -2.794561863 -0.458612084 -0.007399081 0.154023245 0.875155509
1413393269955760384.000000 -0.890515745 2.183396101 -2.794388294 -0.458849281 -0.011563252 0.150460944 0.875605583
1413393270005760512.000000 -0.905620337 2.179596901 -2.792118549 -0.459653914 -0.016816486 0.147079840 0.875672936
1413393270055760384.000000 -0.920068443 2.176012754 -2.789747477 -0.459223598 -0.018245388 0.145959213 0.876057506
1413393270105760512.000000 -0.935125172 2.171782494 -2.787294149 0.458310187 0.020261712 -0.147268623 -0.876272321
1413393270155760384.000000 -0.947522640 2.170572758 -2.784741640 -0.457532257 -0.021434516 0.148305282 0.876476169
1413393270205760512.000000 -0.960912824 2.167286873 -2.782021046 -0.456443012 -0.021703996 0.149230182 0.876880407
1413393270255760384.000000 -0.974076927 2.164270163 -2.779269695 -0.455778480 -0.022257788 0.150084108 0.877066374
1413393270305760512.000000 -0.988021791 2.161119223 -2.775960445 0.454639316 0.021951763 -0.150893316 -0.877526343
1413393270355760384.000000 -1.000217795 2.159223080 -2.772955656 0.454786658 0.020692045 -0.150931373 -0.877474129
1413393270405760512.000000 -1.013844490 2.160645008 -2.770005703 -0.455120355 -0.018894857 0.153065398 0.876971722
1413393270455760384.000000 -1.023227811 2.160552025 -2.767716169 -0.457205087 -0.016897783 0.155127063 0.875564814
1413393270505760512.000000 -1.032480836 2.160332918 -2.766165495 -0.460161150 -0.015620575 0.157941997 0.873534203
1413393270555760384.000000 -1.042858601 2.160040617 -2.765613079 0.465011507 0.016483188 -0.159468696 -0.870667815
1413393270605760512.000000 -1.052013397 2.169389248 -2.759797096 -0.470840842 -0.016272040 0.160395488 0.867362380
1413393270655760384.000000 -1.060972810 2.168625355 -2.760237455 -0.477301747 -0.017811364 0.161707222 0.863548875
1413393270705760512.000000 -1.066968322 2.170340538 -2.760127068 -0.485594690 -0.019630443 0.159025744 0.859373808
1413393270755760384.000000 -1.071020484 2.173385859 -2.761159420 -0.491629392 -0.019220022 0.158863023 0.855975270
1413393270805760512.000000 -1.069159985 2.176558018 -2.761739254 -0.497650087 -0.019977117 0.157386437 0.852745533
1413393270855760384.000000 -1.064086795 2.178877831 -2.763581276 -0.503188193 -0.020707393 0.155878067 0.849749923
1413393270905760512.000000 -1.058360457 2.180072784 -2.766978502 0.506962895 0.023696065 -0.155212909 -0.847547174
1413393270955760384.000000 -1.047814250 2.184255362 -2.767079353 0.511806190 0.022412488 -0.151372358 -0.845362961
1413393271005760512.000000 -1.037295699 2.199429512 -2.763556719 -0.515118480 -0.025328105 0.149673969 0.843569398
1413393271055760384.000000 -1.027462244 2.204611063 -2.761415958 -0.517559946 -0.024974661 0.149685428 0.842082083
1413393271105760512.000000 -1.019694805 2.210047007 -2.757616997 -0.519822776 -0.023628227 0.149245411 0.840804219
1413393271155760384.000000 -1.015479326 2.214034081 -2.753563881 -0.521246552 -0.020913724 0.150168747 0.839829803
1413393271205760512.000000 -1.012009621 2.219037056 -2.746864796 -0.523212910 -0.020198321 0.148520648 0.838917136
1413393271255760384.000000 -1.010191917 2.223803520 -2.738957882 -0.525833726 -0.018764691 0.145085737 0.837912261
1413393271305760512.000000 -1.011353731 2.227643967 -2.730431080 -0.529470742 -0.018682774 0.141013429 0.836317539
1413393271355760384.000000 -1.012748361 2.231621265 -2.720078707 -0.533883512 -0.019375617 0.138494238 0.833913863
1413393271405760512.000000 -1.013907433 2.234917641 -2.708979130 -0.538862646 -0.017825833 0.137843937 0.830848038
1413393271455760384.000000 -1.016321063 2.236629248 -2.699430943 -0.543469787 -0.014607444 0.140616685 0.827438354
1413393271505760512.000000 -1.015820742 2.237951040 -2.687259436 -0.548976183 -0.011454628 0.145646751 0.822970808
1413393271555760384.000000 -1.014750481 2.238225460 -2.674942017 -0.554222047 -0.006099753 0.150890842 0.818555295
1413393271605760512.000000 -1.011542439 2.236039400 -2.662198067 -0.558649600 -0.001978336 0.154551446 0.814874589
1413393271655760384.000000 -1.008579135 2.234489441 -2.648723364 -0.563265622 -0.000788693 0.158717930 0.810888350
1413393271705760512.000000 -1.005242586 2.232108593 -2.636554718 -0.568730414 -0.002439366 0.163077310 0.806191981
1413393271755760384.000000 -1.001066804 2.226830006 -2.624547482 -0.573937774 -0.006228336 0.169526443 0.801135182
1413393271805760512.000000 -0.995924652 2.223260641 -2.612048388 -0.579703331 -0.008923894 0.175722763 0.795604229
1413393271855760384.000000 -0.990556002 2.219839334 -2.600013733 -0.585491657 -0.012246627 0.180614516 0.790207624
1413393271905760512.000000 -0.983138800 2.212361574 -2.587873936 -0.591453552 -0.012982349 0.182406783 0.785329223
1413393271955760384.000000 -0.976107717 2.209396839 -2.574602604 -0.596971631 -0.013557681 0.183095843 0.780971766
1413393272005760512.000000 -0.968891740 2.206496954 -2.561754227 -0.601814032 -0.012562661 0.183004543 0.777284682
1413393272055760384.000000 -0.960427880 2.201369524 -2.548360348 -0.605535626 -0.012985111 0.183638290 0.774231911
1413393272105760512.000000 -0.952065945 2.198436737 -2.534336329 -0.608864009 -0.013020944 0.183795005 0.771579325
1413393272155760384.000000 -0.943575919 2.195177317 -2.520393848 -0.612642825 -0.012081248 0.184621081 0.768399596
1413393272205760512.000000 -0.933270931 2.188930988 -2.506801605 -0.616534591 -0.007630442 0.185688585 0.765079558
1413393272255760384.000000 -0.923958421 2.185555220 -2.492456675 -0.619881630 -0.003097907 0.190770343 0.761146426
1413393272305760512.000000 -0.914325476 2.181952238 -2.478650570 -0.624290168 0.001145839 0.194763884 0.756523371
1413393272355760384.000000 -0.903136492 2.169216394 -2.467100859 -0.628808081 0.004328894 0.198989376 0.751654804
1413393272405760512.000000 -0.893984437 2.164860010 -2.454227686 -0.634221196 0.004426834 0.201983735 0.746288419
1413393272455760384.000000 -0.884570003 2.160526752 -2.442310810 -0.641030610 0.003319611 0.202204332 0.740393341
1413393272505760512.000000 -0.874849141 2.153601170 -2.431602240 -0.647979259 0.002652292 0.202988103 0.734106064
1413393272555760384.000000 -0.865589380 2.148475409 -2.420761347 -0.655472696 0.000332755 0.202861041 0.727463305
1413393272605760512.000000 -0.856073022 2.143176556 -2.410382509 -0.663396478 -0.002482055 0.202320874 0.720392406
1413393272655760384.000000 -0.844763875 2.135593414 -2.400669336 -0.670956850 -0.004927500 0.202984035 0.713155150
1413393272705760512.000000 -0.835232973 2.129547834 -2.389983177 -0.678579926 -0.007972647 0.203960940 0.705595970
1413393272755760384.000000 -0.825652003 2.123321295 -2.378869057 -0.686070621 -0.009225266 0.205550566 0.697833121
1413393272805760512.000000 -0.812239289 2.109892845 -2.366952658 -0.693696439 -0.010465129 0.207258806 0.689724267
1413393272855760384.000000 -0.802098870 2.103030920 -2.355090857 -0.701777399 -0.011573916 0.207878381 0.681293786
1413393272905760512.000000 -0.791573703 2.096183300 -2.342752695 -0.709163904 -0.011309934 0.210047066 0.672933161
1413393272955760384.000000 -0.780834079 2.088963747 -2.329638004 0.716108859 0.011209380 -0.213157028 -0.664550006
1413393273005760512.000000 -0.766783416 2.080775499 -2.315944910 -0.723171294 -0.010219002 0.216832906 0.655669451
1413393273055760384.000000 -0.756044626 2.073810816 -2.301570654 -0.729438841 -0.008298878 0.223245963 0.646538079
1413393273105760512.000000 -0.745089710 2.067273617 -2.286989689 -0.735966563 -0.008314289 0.229314998 0.636944890
1413393273155760384.000000 -0.733767092 2.060504436 -2.272225618 0.742663026 0.006778430 -0.234955102 -0.627058089
1413393273205760512.000000 -0.717621922 2.051227570 -2.256684303 0.749559939 0.006746988 -0.240870073 -0.616519332
1413393273255760384.000000 -0.706776500 2.045593262 -2.241911411 0.756499052 0.007486915 -0.246974036 -0.605522096
1413393273305760512.000000 -0.695797563 2.040444851 -2.227237701 0.763651907 0.006775697 -0.252677172 -0.594091058
1413393273355760384.000000 -0.684860110 2.034796715 -2.212780476 0.771250844 0.007631991 -0.256907493 -0.582333744
1413393273405760512.000000 -0.673691630 2.030411243 -2.198513508 0.779360354 0.006095822 -0.258715063 -0.570637286
1413393273455760384.000000 -0.660976946 2.025117874 -2.184548378 0.786606729 0.008205712 -0.262296021 -0.558912754
1413393273505760512.000000 -0.649627030 2.021719217 -2.171033382 0.794820011 0.007313760 -0.262497097 -0.547086000
1413393273555760384.000000 -0.637545407 2.019002199 -2.157702208 0.802983761 0.005329469 -0.261528939 -0.535528958
1413393273605760512.000000 -0.623686373 2.017276049 -2.143831253 0.810549080 0.002657066 -0.260639161 -0.524471581
1413393273655760384.000000 -0.610863447 2.015094995 -2.130422115 0.818054140 -0.000407075 -0.259785056 -0.513126791
1413393273705760512.000000 -0.597536802 2.012951374 -2.117061138 0.825102925 -0.002193361 -0.259111881 -0.502057254
1413393273755760384.000000 -0.583707809 2.010338783 -2.103660345 0.831030428 -0.003632103 -0.259588003 -0.491924107
1413393273805760512.000000 -0.570587099 2.007713079 -2.090102911 0.837087750 -0.004696306 -0.261156470 -0.480686337
1413393273855760384.000000 -0.557793260 2.004683256 -2.076258421 0.841937661 -0.006868166 -0.265244007 -0.469829172
1413393273905760512.000000 -0.545582175 2.001826763 -2.062343836 0.845988393 -0.008611479 -0.270206273 -0.459584773
1413393273955760384.000000 -0.532426536 1.998310566 -2.048935890 0.850639164 -0.009538905 -0.274706125 -0.448172539
1413393274005760512.000000 -0.518921971 1.994875789 -2.035912991 0.854713559 -0.010003330 -0.279219449 -0.437494308
1413393274055760384.000000 -0.506511927 1.992335081 -2.023779631 0.858495176 -0.010634630 -0.283314258 -0.427324265
1413393274105760512.000000 -0.492456436 1.988481164 -2.012305498 0.862887263 -0.011849306 -0.286445946 -0.416213870
1413393274155760384.000000 -0.478189945 1.984732628 -2.001433849 0.867301047 -0.013414920 -0.288523644 -0.405417234
1413393274205760512.000000 -0.465015650 1.981812954 -1.991331577 0.871319175 -0.015433010 -0.290578961 -0.395131201
1413393274255760384.000000 -0.450901270 1.977848530 -1.981675148 0.875189126 -0.016455881 -0.293257445 -0.384412944
1413393274305760512.000000 -0.436734796 1.973776340 -1.972910166 0.879309893 -0.017256996 -0.294584036 -0.373813629
1413393274355760384.000000 -0.423045397 1.970908403 -1.965762615 0.882955670 -0.017577695 -0.296052277 -0.363914073
1413393274405760512.000000 -0.409702063 1.966374755 -1.958557367 0.886934519 -0.017280573 -0.297255933 -0.353111058
1413393274455760384.000000 -0.398019314 1.961526155 -1.951570988 0.890859783 -0.017736267 -0.298131913 -0.342303514
1413393274505760512.000000 -0.388059735 1.959034443 -1.947082520 0.894888520 -0.018343149 -0.298290998 -0.331452399
1413393274555760384.000000 -0.381977558 1.953437328 -1.939402580 0.898279309 -0.019438656 -0.300161421 -0.320342958
1413393274605760512.000000 -0.378609776 1.947576165 -1.931320906 0.902050853 -0.020005384 -0.300700516 -0.309003830
1413393274655760384.000000 -0.378365159 1.941957235 -1.922749519 0.905321240 -0.020127876 -0.302339882 -0.297622204
1413393274705760512.000000 -0.377056837 1.939275503 -1.918672800 0.908768654 -0.019914925 -0.303035468 -0.286203712
1413393274755760384.000000 -0.380032778 1.933245182 -1.911015034 0.912697911 -0.018312823 -0.301562279 -0.275149882
1413393274805760512.000000 -0.383254528 1.927080870 -1.903820038 0.916969955 -0.016675301 -0.298442036 -0.264235824
1413393274855760384.000000 -0.386296988 1.920527220 -1.896948576 0.921023011 -0.014713475 -0.295633495 -0.253181726
1413393274905760512.000000 -0.388189435 1.913711548 -1.890413046 0.925095558 -0.012697537 -0.292220950 -0.242165223
1413393274955760384.000000 -0.389254689 1.906968832 -1.883927107 0.928515077 -0.011456243 -0.289664656 -0.231997743
1413393275005760512.000000 -0.389345765 1.900236607 -1.877448082 0.931994498 -0.011279293 -0.287015378 -0.221091017
1413393275055760384.000000 -0.388866961 1.893646240 -1.870566607 0.934689701 -0.011429330 -0.286023945 -0.210748464
1413393275105760512.000000 -0.388094902 1.887020469 -1.863155603 0.937260032 -0.011288395 -0.285125852 -0.200298697
1413393275155760384.000000 -0.387369573 1.880298257 -1.855156660 0.939389288 -0.011936636 -0.285426229 -0.189570934
1413393275205760512.000000 -0.389265299 1.875997663 -1.852218390 0.940843403 -0.012975691 -0.287176192 -0.179374576
1413393275255760384.000000 -0.387954235 1.868896723 -1.843859196 0.942341566 -0.014303332 -0.288969487 -0.168180153
1413393275305760512.000000 -0.386662543 1.861530900 -1.835167646 0.943449199 -0.014921346 -0.291951180 -0.156350940
1413393275355760384.000000 -0.382956505 1.852835417 -1.824566841 0.944631994 -0.017011987 -0.294024974 -0.144673243
1413393275405760512.000000 -0.380143821 1.844599724 -1.814858913 0.945741475 -0.018869534 -0.296163976 -0.132302627
1413393275455760384.000000 -0.376687348 1.836247921 -1.805093765 0.946973979 -0.021113204 -0.297305644 -0.120016724
1413393275505760512.000000 -0.372488678 1.827465296 -1.795428991 0.948073864 -0.022305388 -0.298267663 -0.108142674
1413393275555760384.000000 -0.367980361 1.818138361 -1.785672426 0.949133694 -0.023080524 -0.299029976 -0.095883153
1413393275605760512.000000 -0.363058329 1.808548212 -1.776026726 0.950210094 -0.025528938 -0.299100906 -0.083593577
1413393275655760384.000000 -0.357663035 1.798244715 -1.766702175 0.950998724 -0.026591303 -0.299514562 -0.072009854
1413393275705760512.000000 -0.353810847 1.787667751 -1.758521557 0.952066541 -0.027183531 -0.298808008 -0.059533522
1413393275755760384.000000 -0.347853720 1.775997162 -1.749506712 0.951598167 -0.026397422 -0.302466780 -0.047728825
1413393275805760512.000000 -0.342073798 1.764148116 -1.740479946 0.949909210 -0.026565418 -0.309104711 -0.037699237
1413393275855760384.000000 -0.333726883 1.751592636 -1.730290532 0.947639525 -0.028515089 -0.316746861 -0.028944975
1413393275905760512.000000 -0.327001810 1.739145041 -1.721935987 0.944869518 -0.031773143 -0.325157315 -0.022017907
1413393275955760384.000000 -0.320440710 1.726230621 -1.715113044 0.942356110 -0.034602750 -0.332411021 -0.016450353
1413393276005760512.000000 -0.314519107 1.712834954 -1.709952593 0.940577149 -0.036691263 -0.337379485 -0.011983172
1413393276055760384.000000 -0.308341563 1.698790431 -1.706949234 0.940602183 -0.033516031 -0.337737709 -0.008808360
1413393276105760512.000000 -0.301137567 1.683981419 -1.706719398 0.943068445 -0.025159111 -0.331575274 -0.006852612
1413393276155760384.000000 -0.293596566 1.669067860 -1.707802057 0.945904553 -0.015793135 -0.324011326 -0.005658298
1413393276205760512.000000 -0.279795051 1.654904246 -1.717331767 0.948352933 -0.007485138 -0.317092001 -0.004842422
1413393276255760384.000000 -0.272661030 1.641006470 -1.719521761 0.950360596 -0.000583210 -0.311105937 -0.005258893
1413393276305760512.000000 -0.265881419 1.628173113 -1.721361399 0.951666296 0.005313105 -0.307028592 -0.006043509
1413393276355760384.000000 -0.260127664 1.616365671 -1.721615076 0.952188432 0.007530990 -0.305326432 -0.007498720
1413393276405760512.000000 -0.256708920 1.605943561 -1.721730471 0.952400863 0.007345715 -0.304620773 -0.009214767
1413393276455760384.000000 -0.255710661 1.596682668 -1.721047759 0.952206850 0.005481904 -0.305207253 -0.010984557
1413393276505760512.000000 -0.257747114 1.588509917 -1.720078945 0.951463580 0.001618121 -0.307482272 -0.013010762
1413393276555760384.000000 -0.262762487 1.580992222 -1.718233585 0.950182021 -0.004114626 -0.311322182 -0.014689945
1413393276605760512.000000 -0.269060552 1.573966503 -1.715881944 0.949164987 -0.009545498 -0.314212382 -0.016289433
1413393276655760384.000000 -0.275674999 1.567031741 -1.714296579 0.947963417 -0.013568327 -0.317584634 -0.017926738
1413393276705760512.000000 -0.282378614 1.557967067 -1.718601823 0.947257817 -0.016648157 -0.319462121 -0.019224135
1413393276755760384.000000 -0.288848400 1.550829172 -1.719004393 0.946456313 -0.016626319 -0.321766108 -0.020265039
1413393276805760512.000000 -0.294424951 1.543470144 -1.720878959 0.946354747 -0.018241491 -0.321926534 -0.021055911
1413393276855760384.000000 -0.298042119 1.537202239 -1.721815228 0.946436882 -0.017823758 -0.321688235 -0.021362690
1413393276905760512.000000 -0.302376628 1.529872775 -1.724988580 0.946565270 -0.017353101 -0.321292967 -0.021998303
1413393276955760384.000000 -0.306433916 1.522554994 -1.729208708 0.946879387 -0.016587593 -0.320362896 -0.022627490
1413393277005760512.000000 -0.310694814 1.515042543 -1.734349966 0.946865797 -0.016279044 -0.320427805 -0.022499800
1413393277055760384.000000 -0.314880550 1.507598758 -1.740347624 0.946946025 -0.015947081 -0.320209056 -0.022478353
1413393277105760512.000000 -0.318860292 1.500267625 -1.747156978 0.947108209 -0.015309269 -0.319764018 -0.022419192
1413393277155760384.000000 -0.322414875 1.492932677 -1.754946470 0.947565198 -0.015521124 -0.318421692 -0.022068201
1413393277205760512.000000 -0.326113045 1.484488368 -1.766660571 0.948185205 -0.015690263 -0.316580951 -0.021799542
1413393277255760384.000000 -0.328455687 1.477130055 -1.775895596 0.949137092 -0.015043339 -0.313752204 -0.021729233
1413393277305760512.000000 -0.330817819 1.469467759 -1.785552502 0.949708641 -0.014174426 -0.312091887 -0.021246612
1413393277355760384.000000 -0.332684815 1.461859822 -1.795485020 0.950238407 -0.012259964 -0.310614765 -0.020378113
1413393277405760512.000000 -0.332671285 1.455070734 -1.804287434 0.950408101 -0.011172609 -0.310151160 -0.020148410
1413393277455760384.000000 -0.333662868 1.447891474 -1.814210057 0.950328648 -0.010623405 -0.310452402 -0.019546919
1413393277505760512.000000 -0.334008992 1.441064715 -1.824391842 0.950253129 -0.009023772 -0.310762018 -0.019095555
1413393277555760384.000000 -0.333886087 1.434787035 -1.834942102 0.950369418 -0.009895481 -0.310390055 -0.018925557
1413393277605760512.000000 -0.333182633 1.428703666 -1.845947504 0.951405346 -0.012304994 -0.307156026 -0.018214097
1413393277655760384.000000 -0.333556652 1.422780156 -1.856650352 0.951957941 -0.015048262 -0.305381805 -0.017078597
1413393277705760512.000000 -0.333879650 1.415176749 -1.867516041 0.952740669 -0.019426344 -0.302797616 -0.014883539
1413393277755760384.000000 -0.338018239 1.408619046 -1.877581954 0.953762710 -0.022352632 -0.299545527 -0.010470224
1413393277805760512.000000 -0.344145596 1.401632071 -1.886313438 0.954455972 -0.025065251 -0.297252834 -0.005133154
1413393277855760384.000000 -0.352658749 1.393996000 -1.893649340 0.954894125 -0.026792815 -0.295732230 0.001380321
1413393277905760512.000000 -0.360117972 1.386763930 -1.900313377 0.955580711 -0.027517725 -0.293300480 0.009124606
1413393277955760384.000000 -0.370802283 1.377758026 -1.904878855 0.956175983 -0.028854623 -0.290812939 0.017968249
1413393278005760512.000000 -0.380264044 1.368127346 -1.908870459 0.956606865 -0.030871082 -0.288398057 0.027873870
1413393278055760384.000000 -0.388995886 1.357550979 -1.911770940 0.956044436 -0.032071318 -0.288903505 0.038540117
1413393278105760512.000000 -0.398312628 1.346050024 -1.912959099 0.954866827 -0.031756498 -0.291079849 0.049935691
1413393278155760384.000000 -0.404915392 1.333698153 -1.914212942 -0.953474104 0.031632535 0.293289483 -0.062191304
1413393278205760512.000000 -0.410368383 1.320799947 -1.915002584 -0.951797307 0.032025538 0.295874178 -0.074262053
1413393278255760384.000000 -0.415100068 1.307156563 -1.915465713 -0.949652076 0.033254482 0.299066007 -0.087261997
1413393278305760512.000000 -0.418301463 1.293074012 -1.913643837 -0.947220862 0.038687736 0.302349985 -0.099299818
1413393278355760384.000000 -0.421384782 1.278247118 -1.913071394 -0.944755256 0.044883937 0.305661798 -0.109516218
1413393278405760512.000000 -0.423893124 1.262428999 -1.912841678 -0.942218602 0.051975593 0.309051663 -0.118362784
1413393278455760384.000000 -0.426081747 1.245218992 -1.912428021 -0.939634264 0.058264285 0.312770605 -0.125965431
1413393278505760512.000000 -0.427438915 1.226238012 -1.912965655 -0.937536180 0.063046157 0.315764248 -0.131696656
1413393278555760384.000000 -0.428380609 1.205250025 -1.914207458 -0.935599208 0.067269646 0.318574935 -0.136524692
1413393278605760512.000000 -0.421587318 1.181229115 -1.918599010 0.934359133 -0.069967486 -0.319982857 0.140316129
1413393278655760384.000000 -0.421695977 1.155806780 -1.920517087 0.933688223 -0.069661550 -0.320982397 0.142631799
1413393278705760512.000000 -0.421294063 1.127926111 -1.923427224 0.934138417 -0.063029192 -0.320116997 0.144699454
1413393278755760384.000000 -0.419188112 1.097626686 -1.927494407 0.935761034 -0.049303390 -0.317248315 0.145856470
1413393278805760512.000000 -0.419741929 1.067113876 -1.928497553 -0.937818646 0.036013588 0.312559485 -0.146649033
1413393278855760384.000000 -0.416967124 1.034947157 -1.932819247 -0.939089298 0.023859184 0.309766501 -0.146924406
1413393278905760512.000000 -0.413833022 1.003007054 -1.937032342 -0.939912975 0.014852403 0.308018953 -0.146517262
1413393278955760384.000000 -0.410438836 0.971341372 -1.941471100 -0.940367043 0.008597985 0.307050169 -0.146137744
1413393279005760512.000000 -0.406198382 0.940442801 -1.946328998 -0.940474153 0.004085471 0.307227254 -0.145269245
1413393279055760384.000000 -0.400218666 0.912599444 -1.954416990 0.940106392 -0.001299565 -0.308896035 0.144158334
1413393279105760512.000000 -0.395908773 0.883152723 -1.959717274 0.939708650 0.000524204 -0.310664445 0.142951265
1413393279155760384.000000 -0.393318236 0.854577541 -1.964677930 0.939648628 0.000542974 -0.311493665 0.141534418
1413393279205760512.000000 -0.393226564 0.826974988 -1.969290853 0.939233720 0.001800139 -0.313486814 0.139867440
1413393279255760384.000000 -0.397365868 0.801958561 -1.972157121 -0.938470244 -0.002010420 0.316456795 -0.138291836
1413393279305760512.000000 -0.403038025 0.776568413 -1.975642085 -0.937596679 -0.001389849 0.319702506 -0.136751115
1413393279355760384.000000 -0.409582078 0.752047658 -1.979279399 -0.936343372 -0.000576449 0.324095428 -0.134992465
1413393279405760512.000000 -0.416116297 0.728382826 -1.983364105 -0.934783638 0.000041875 0.329296470 -0.133204445
1413393279455760384.000000 -0.422375560 0.705191016 -1.988915801 -0.934345365 -0.000265353 0.331200659 -0.131548047
1413393279505760512.000000 -0.428128958 0.682709575 -1.995950460 -0.934499085 -0.000162773 0.331353396 -0.130063429
1413393279555760384.000000 -0.434613228 0.659251571 -2.003802776 0.935219884 0.000529443 -0.330153704 0.127914712
1413393279605760512.000000 -0.439275682 0.638547659 -2.013552189 0.936642528 0.002179888 -0.326808542 0.126064792
1413393279655760384.000000 -0.443557858 0.618842244 -2.024587870 0.938397586 0.003572961 -0.322317839 0.124533370
1413393279705760512.000000 -0.448529959 0.599985123 -2.036650658 0.939619362 0.004465252 -0.319461465 0.122637592
1413393279755760384.000000 -0.448951066 0.581015825 -2.048519135 -0.940888703 -0.004780767 0.316211164 -0.121309943
1413393279805760512.000000 -0.454600573 0.564266920 -2.060691357 -0.942096889 -0.004284733 0.313123137 -0.119954638
1413393279855760384.000000 -0.460703671 0.548117161 -2.073048592 -0.943471670 -0.003176972 0.309672326 -0.118127644
1413393279905760512.000000 -0.467349470 0.532926917 -2.085328817 -0.944415987 -0.001918472 0.307109892 -0.117296159
1413393279955760384.000000 -0.473470867 0.518632174 -2.097741604 -0.945595562 -0.000031313 0.303915322 -0.116122983
1413393280005760512.000000 -0.479504108 0.505550742 -2.109917164 -0.946067989 0.001881175 0.303112447 -0.114344686
1413393280055760384.000000 -0.490292311 0.495280981 -2.120953083 0.946643293 -0.003316799 -0.301676065 0.113345467
1413393280105760512.000000 -0.495246172 0.484151483 -2.132684469 0.947089314 -0.007430112 -0.300961524 0.111305006
1413393280155760384.000000 -0.499236584 0.473490477 -2.144112587 0.947551370 -0.012215396 -0.300090492 0.109284379
1413393280205760512.000000 -0.502187252 0.463139892 -2.155452490 0.948314667 -0.017325241 -0.298195153 0.107139856
1413393280255760384.000000 -0.501834273 0.453275800 -2.163311243 -0.948258460 0.022186814 0.298808843 -0.105009437
1413393280305760512.000000 -0.502687037 0.442973733 -2.172827244 -0.948695540 0.024945162 0.297774345 -0.103368506
1413393280355760384.000000 -0.502584159 0.432311296 -2.181871891 -0.949415386 0.028298788 0.295780420 -0.101605020
1413393280405760512.000000 -0.501481771 0.421139836 -2.190416813 -0.950530767 0.032403678 0.292228937 -0.100217775
1413393280455760384.000000 -0.499941707 0.409382820 -2.198311329 -0.951177776 0.038890548 0.289787829 -0.098851249
1413393280505760512.000000 -0.497666180 0.396561623 -2.205289841 -0.951449871 0.043459322 0.288905293 -0.096893243
1413393280555760384.000000 -0.497499228 0.380613685 -2.212985754 0.950299144 -0.046183646 -0.292604387 0.095819391
1413393280605760512.000000 -0.497720242 0.365233660 -2.217001677 0.949438691 -0.048864115 -0.295408785 0.094404139
1413393280655760384.000000 -0.499927342 0.348886728 -2.219447136 0.948349237 -0.051505603 -0.298841178 0.093139440
1413393280705760512.000000 -0.504010797 0.331410170 -2.220112324 0.947435975 -0.054798979 -0.301319242 0.092568368
1413393280755760384.000000 -0.509937823 0.312541604 -2.217532158 -0.946632802 0.059185371 0.303323001 -0.091535151
1413393280805760512.000000 -0.517744243 0.291921973 -2.214829206 -0.945661068 0.063414849 0.305786371 -0.090545520
1413393280855760384.000000 -0.526617467 0.269158483 -2.211620331 -0.944348037 0.066124395 0.309351385 -0.090201020
1413393280905760512.000000 -0.534515202 0.244052291 -2.208889008 -0.943898499 0.065830790 0.311043233 -0.089297995
1413393280955760384.000000 -0.541193187 0.216337800 -2.206816196 -0.943746686 0.063674651 0.312178254 -0.088501684
1413393281005760512.000000 -0.545327604 0.186053276 -2.206653118 -0.943647504 0.056123033 0.313821346 -0.088858128
1413393281055760384.000000 -0.550863922 0.152079940 -2.209677458 0.943723559 -0.045209471 -0.315554768 0.088131689
1413393281105760512.000000 -0.553129613 0.118673205 -2.211071491 0.943641126 -0.035763219 -0.316932738 0.088409208
1413393281155760384.000000 -0.555196762 0.084861219 -2.212778330 0.943811953 -0.026537359 -0.317152023 0.089047171
1413393281205760512.000000 -0.555943966 0.050865650 -2.214932203 0.944101393 -0.019954327 -0.316753745 0.089115262
1413393281255760384.000000 -0.553286850 0.017481208 -2.214952946 0.943947434 -0.013776426 -0.317423522 0.089531206
1413393281305760512.000000 -0.553889632 -0.015914202 -2.218550920 0.943502307 -0.009137709 -0.318804294 0.089909904
1413393281355760384.000000 -0.551292062 -0.049044728 -2.224082232 0.943444014 -0.006169764 -0.318810016 0.090750299
1413393281405760512.000000 -0.548550606 -0.081425905 -2.230361223 0.943515241 -0.003037895 -0.318426847 0.091510028
1413393281455760384.000000 -0.537128985 -0.113863051 -2.237612724 -0.943878472 0.002818540 0.316802323 -0.093390621
1413393281505760512.000000 -0.537683606 -0.143937528 -2.242692709 -0.943272710 0.002301992 0.318157226 -0.094907552
1413393281555760384.000000 -0.535735965 -0.173341215 -2.249400854 -0.943154156 0.002615146 0.318108588 -0.096230760
1413393281605760512.000000 -0.533855736 -0.201773047 -2.256742716 -0.943399012 0.002629697 0.316782385 -0.098184988
1413393281655760384.000000 -0.535092473 -0.227796525 -2.258670330 0.944565058 -0.001521907 -0.312548667 0.100538470
1413393281705760512.000000 -0.532380402 -0.254283607 -2.267262459 0.945328832 -0.001730548 -0.309671074 0.102246523
1413393281755760384.000000 -0.529158294 -0.279757857 -2.276148796 0.946386456 -0.000506431 -0.305672765 0.104482479
1413393281805760512.000000 -0.525292158 -0.304252476 -2.285645247 0.948078811 0.001099246 -0.299653500 0.106550947
1413393281855760384.000000 -0.521424651 -0.326943040 -2.291126966 -0.949853957 0.002720538 0.293370605 -0.108184449
1413393281905760512.000000 -0.517218292 -0.349013925 -2.298603773 -0.950563312 0.004658489 0.290212631 -0.110383078
1413393281955760384.000000 -0.512388825 -0.370058805 -2.305562258 -0.950390577 0.008825101 0.290069550 -0.111980580
1413393282005760512.000000 -0.502362311 -0.391161859 -2.315050602 0.949020028 -0.011728333 -0.293735027 0.113768481
1413393282055760384.000000 -0.496571422 -0.411027074 -2.320997953 0.947510719 -0.015895478 -0.297817260 0.115220673
1413393282105760512.000000 -0.490837276 -0.430430770 -2.326183558 0.946008265 -0.020892387 -0.301849782 0.116269998
1413393282155760384.000000 -0.483916998 -0.449780762 -2.331906080 0.944714785 -0.027507130 -0.304976076 0.117247537
1413393282205760512.000000 -0.480802417 -0.468573868 -2.333621502 -0.943616390 0.031831264 0.307811588 -0.117588185
1413393282255760384.000000 -0.472395420 -0.488781184 -2.340083599 -0.942754865 0.035915375 0.309811532 -0.118069068
1413393282305760512.000000 -0.464506626 -0.509662688 -2.345886707 -0.942259669 0.036565062 0.311077893 -0.118491910
1413393282355760384.000000 -0.455546856 -0.531220675 -2.352489233 -0.942866802 0.032142509 0.309740752 -0.118447848
1413393282405760512.000000 -0.446250796 -0.553245246 -2.359433174 -0.943710625 0.026206203 0.307701141 -0.118505187
1413393282455760384.000000 -0.436997414 -0.575542092 -2.366520405 -0.944596589 0.018123863 0.305568308 -0.118477099
1413393282505760512.000000 -0.426268339 -0.597363710 -2.378003359 0.944526732 -0.012217321 -0.306304216 0.117888965
1413393282555760384.000000 -0.420934081 -0.618887782 -2.384504795 0.944988668 -0.007280309 -0.305187643 0.117490597
1413393282605760512.000000 -0.418286800 -0.639662147 -2.390461445 0.945663095 -0.002833038 -0.303368956 0.116963938
1413393282655760384.000000 -0.417990327 -0.659585536 -2.395802498 0.946387827 0.000436091 -0.301388383 0.116253920
1413393282705760512.000000 -0.421160102 -0.678102672 -2.400433779 -0.947209060 -0.002475373 0.299220949 -0.115133822
1413393282755760384.000000 -0.423434496 -0.695261121 -2.404867649 -0.948426008 -0.002139488 0.296419919 -0.112333387
1413393282805760512.000000 -0.425766945 -0.710789859 -2.408768177 -0.950070262 0.001145082 0.292871356 -0.107664101
1413393282855760384.000000 -0.427476525 -0.724880695 -2.412099361 -0.951198161 0.004977916 0.291592896 -0.100851312
1413393282905760512.000000 -0.426998258 -0.737942040 -2.412950993 0.950959861 -0.007600922 -0.294784337 0.093380667
1413393282955760384.000000 -0.427732587 -0.750262737 -2.414809465 0.950361371 -0.008801634 -0.299375355 0.084321804
1413393283005760512.000000 -0.428169250 -0.761929989 -2.416428089 0.949224472 -0.009869248 -0.305459768 0.074631833
1413393283055760384.000000 -0.427750111 -0.772866130 -2.418006182 -0.948079050 0.009170470 0.311397374 -0.063982695
1413393283105760512.000000 -0.430866003 -0.782878757 -2.421087742 0.947329521 -0.007984391 -0.315878510 0.052190475
1413393283155760384.000000 -0.429434776 -0.792308569 -2.423482656 0.947173655 -0.005280127 -0.318155468 0.040140774
1413393283205760512.000000 -0.427730083 -0.801085413 -2.426367998 0.947055757 -0.003225047 -0.319848984 0.027779276
1413393283255760384.000000 -0.425869346 -0.809006691 -2.430197001 0.946920812 0.000152880 -0.321128249 0.014755853
1413393283305760512.000000 -0.424072266 -0.815991282 -2.434364557 0.946765780 0.001476312 -0.321915090 0.001774484
1413393283355760384.000000 -0.423817396 -0.822784007 -2.437684536 0.946469545 0.003498790 -0.322566748 -0.011576026
1413393283405760512.000000 -0.419208050 -0.826391816 -2.445316792 0.945989907 0.003940243 -0.323149770 -0.025726454
1413393283455760384.000000 -0.419394493 -0.829744935 -2.451306820 0.945436060 0.004199690 -0.323381662 -0.039463878
1413393283505760512.000000 -0.421520472 -0.832006574 -2.457095623 0.944758296 0.004188834 -0.323317170 -0.053668741
1413393283555760384.000000 -0.425776482 -0.832830310 -2.462580681 0.944038093 0.002563694 -0.322678924 -0.068292148
1413393283605760512.000000 -0.433054209 -0.833118916 -2.469471693 0.943043649 0.001062773 -0.322485238 -0.081675813
1413393283655760384.000000 -0.443755269 -0.832180738 -2.474450827 0.942397594 0.000533141 -0.320560455 -0.095538408
1413393283705760512.000000 -0.456084430 -0.830425620 -2.478926182 0.941904306 -0.001047878 -0.317523807 -0.109516755
1413393283755760384.000000 -0.469493389 -0.827997804 -2.483345032 0.941766858 -0.001077945 -0.313039362 -0.122802205
1413393283805760512.000000 -0.483743548 -0.824524164 -2.488020182 0.940985084 -0.002047532 -0.309643626 -0.136615381
1413393283855760384.000000 -0.497694790 -0.820722342 -2.492554426 0.939875901 -0.001362996 -0.306541115 -0.150546029
1413393283905760512.000000 -0.508750141 -0.816864014 -2.496084213 0.938191414 0.000089807 -0.304670751 -0.164233521
1413393283955760384.000000 -0.521767378 -0.811640263 -2.500104904 0.935833693 0.001579012 -0.303726137 -0.178782851
1413393284005760512.000000 -0.533891380 -0.805747271 -2.503569603 0.932300746 0.002745175 -0.305652857 -0.193349868
1413393284055760384.000000 -0.544690013 -0.799017906 -2.506865978 0.929145396 0.003324173 -0.305779964 -0.207789540
1413393284105760512.000000 -0.557298779 -0.789731503 -2.511188030 0.925578117 0.004566093 -0.306057185 -0.222740605
1413393284155760384.000000 -0.566741586 -0.780755281 -2.515062332 0.922230244 0.004778524 -0.304943830 -0.237650707
1413393284205760512.000000 -0.575044155 -0.771054983 -2.519387722 0.918844163 0.005136147 -0.303550363 -0.252103835
1413393284255760384.000000 -0.579985797 -0.762480974 -2.524422646 0.915171862 0.006352417 -0.301331699 -0.267618179
1413393284305760512.000000 -0.586220026 -0.750803709 -2.528802395 0.911277890 0.006465635 -0.299141824 -0.282922268
1413393284355760384.000000 -0.591766715 -0.738381624 -2.533246994 0.907657683 0.005983436 -0.295348674 -0.298145831
1413393284405760512.000000 -0.596804321 -0.725122452 -2.537326097 0.903487325 0.005095723 -0.291772813 -0.313932121
1413393284455760384.000000 -0.601183176 -0.709861279 -2.541322470 0.899216413 0.005036291 -0.287669927 -0.329591572
1413393284505760512.000000 -0.604996145 -0.697091579 -2.545162678 0.894391477 0.004183795 -0.284067124 -0.345474094
1413393284555760384.000000 -0.609181762 -0.681741714 -2.547784805 0.888667285 0.004216854 -0.282186270 -0.361418962
1413393284605760512.000000 -0.612848401 -0.666162252 -2.549627304 0.882706225 0.003573277 -0.280369997 -0.377107054
1413393284655760384.000000 -0.616870046 -0.650171757 -2.550801516 0.875584900 0.000835516 -0.280953109 -0.392957777
1413393284705760512.000000 -0.617811143 -0.637665510 -2.550978661 0.866953313 -0.002272398 -0.283822387 -0.409672618
1413393284755760384.000000 -0.621313274 -0.621164083 -2.551216125 0.858538985 -0.006365387 -0.285904020 -0.425592721
1413393284805760512.000000 -0.624358356 -0.604412794 -2.551698923 0.849950790 -0.009277581 -0.286667079 -0.441949785
1413393284855760384.000000 -0.627307892 -0.587688684 -2.552477598 0.841045439 -0.010998563 -0.286875546 -0.458502054
1413393284905760512.000000 -0.627669811 -0.572586060 -2.553173065 0.832159400 -0.012017827 -0.286398947 -0.474702150
1413393284955760384.000000 -0.630155683 -0.555885792 -2.555403709 0.823435783 -0.012281088 -0.284487963 -0.490784556
1413393285005760512.000000 -0.632575214 -0.539077997 -2.558401346 0.814242363 -0.013179931 -0.282538950 -0.506959081
1413393285055760384.000000 -0.634887516 -0.522433043 -2.562359095 0.805325270 -0.012995977 -0.280053526 -0.522352755
1413393285105760512.000000 -0.637546897 -0.505892038 -2.566787720 0.795986116 -0.013834992 -0.277795225 -0.537628710
1413393285155760384.000000 -0.633707881 -0.493959904 -2.570236206 0.786727667 -0.013468258 -0.274187505 -0.552900851
1413393285205760512.000000 -0.635996580 -0.477464199 -2.577133894 0.777356982 -0.013519074 -0.271471530 -0.567306519
1413393285255760384.000000 -0.638453126 -0.460929155 -2.584550142 0.768049002 -0.014098424 -0.268030554 -0.581430793
1413393285305760512.000000 -0.640978456 -0.444494963 -2.592704058 0.758377910 -0.013627974 -0.264694780 -0.595494747
1413393285355760384.000000 -0.643026352 -0.428631544 -2.600758076 0.749207199 -0.013566887 -0.260747075 -0.608699918
1413393285405760512.000000 -0.643031240 -0.416901588 -2.608869076 0.739518881 -0.012704345 -0.257017732 -0.622006774
1413393285455760384.000000 -0.645869613 -0.400475025 -2.619282484 0.729898870 -0.011445151 -0.253185570 -0.634833753
1413393285505760512.000000 -0.648896754 -0.384128094 -2.630395412 0.720144749 -0.010727599 -0.249152422 -0.647456288
1413393285555760384.000000 -0.651734948 -0.367788076 -2.642250299 0.710547626 -0.008795848 -0.243574157 -0.660088241
1413393285605760512.000000 -0.653197765 -0.350552082 -2.654536247 0.701036215 -0.007330894 -0.237768143 -0.672280371
1413393285655760384.000000 -0.655179560 -0.334075451 -2.667392015 0.691557407 -0.006299941 -0.230515301 -0.684522808
1413393285705760512.000000 -0.655800760 -0.325486898 -2.679801941 -0.682431757 0.004316217 0.222579151 0.696223319
1413393285755760384.000000 -0.656869411 -0.309360504 -2.693386316 -0.674466252 -0.000114950 0.212239802 0.707141876
1413393285805760512.000000 -0.657486856 -0.293971062 -2.706699133 -0.666075468 -0.003710053 0.203620434 0.717543304
1413393285855760384.000000 -0.658028603 -0.279332399 -2.719703913 -0.657159209 -0.005255631 0.198662400 0.727081478
1413393285905760512.000000 -0.656989753 -0.266014814 -2.734034061 0.648370147 0.004545661 -0.198813602 -0.734893620
1413393285955760384.000000 -0.656957448 -0.255645514 -2.746156454 -0.640721500 -0.003745147 0.199063987 0.741508901
1413393286005760512.000000 -0.656991780 -0.242524862 -2.758733749 -0.634600461 -0.002363044 0.200485840 0.746379375
1413393286055760384.000000 -0.657183111 -0.229564190 -2.771200657 -0.629491866 -0.001311716 0.203272089 0.749945879
1413393286105760512.000000 -0.657118380 -0.216707468 -2.783668995 -0.625649631 0.000241370 0.205780193 0.752473891
1413393286155760384.000000 -0.656709850 -0.204172373 -2.796963930 0.623418391 -0.002198808 -0.206793472 -0.754043281
1413393286205760512.000000 -0.654807091 -0.193382263 -2.810698986 -0.622241139 0.003260180 0.207891718 0.754709542
1413393286255760384.000000 -0.655107915 -0.180667877 -2.824221849 -0.622184396 0.004121521 0.207571641 0.754840076
1413393286305760512.000000 -0.657751381 -0.168520927 -2.837374449 -0.622683167 0.004339321 0.207929552 0.754329026
1413393286355760384.000000 -0.662683129 -0.157017231 -2.850173473 -0.624302685 0.003652849 0.206620529 0.753353059
1413393286405760512.000000 -0.669292927 -0.146937847 -2.863349438 0.626315773 -0.002893281 -0.205172613 -0.752080083
1413393286455760384.000000 -0.679985285 -0.136806488 -2.875176430 0.628842831 -0.002030519 -0.203752324 -0.750358284
1413393286505760512.000000 -0.693811595 -0.127740383 -2.886042118 0.630942702 -0.001887776 -0.203801841 -0.748580396
1413393286555760384.000000 -0.714897215 -0.119052649 -2.893945456 -0.633633018 0.003596725 0.204185367 0.746193409
1413393286605760512.000000 -0.728765011 -0.110538244 -2.904207706 -0.634955347 0.003618116 0.206520364 0.744424641
1413393286655760384.000000 -0.740750372 -0.102296352 -2.915325165 -0.636757553 0.002462574 0.207319289 0.742665887
1413393286705760512.000000 -0.750449359 -0.094038486 -2.927133322 -0.638650119 0.000453666 0.207279146 0.741054118
1413393286755760384.000000 -0.761062443 -0.087713957 -2.939429522 0.640880644 0.003087398 -0.205715135 -0.739556491
1413393286805760512.000000 -0.764176071 -0.077003956 -2.953231812 -0.643448174 -0.008525181 0.202515632 0.738166213
1413393286855760384.000000 -0.768489063 -0.069541454 -2.965618849 -0.645507991 -0.014377130 0.198487207 0.737370729
1413393286905760512.000000 -0.771087050 -0.061858177 -2.976924896 -0.646284997 -0.019706307 0.193347946 0.737932324
1413393286955760384.000000 -0.772394061 -0.053916693 -2.986727953 -0.645360470 -0.023917755 0.188732401 0.739809394
1413393287005760512.000000 -0.765953302 -0.043023825 -2.997322083 -0.643079162 -0.027734639 0.185510129 0.742472887
1413393287055760384.000000 -0.765131354 -0.034038544 -3.003813505 -0.639672577 -0.028580334 0.181726471 0.746309340
1413393287105760512.000000 -0.763443112 -0.024950266 -3.008137226 -0.634753764 -0.029573821 0.179642990 0.750960410
1413393287155760384.000000 -0.760122895 -0.016108990 -3.010620594 -0.628291428 -0.029242393 0.178898230 0.756564856
1413393287205760512.000000 -0.755302012 -0.006462336 -3.010702610 0.620181382 0.026629558 -0.181121483 -0.762798190
1413393287255760384.000000 -0.753835618 -0.001296759 -3.009901762 -0.610171139 -0.022668073 0.183938891 0.770288229
1413393287305760512.000000 -0.747499943 0.007430315 -3.007251024 -0.599761546 -0.018273974 0.185782671 0.778098285
1413393287355760384.000000 -0.739971519 0.016366720 -3.003730536 -0.588581920 -0.013297405 0.186353743 0.786553741
1413393287405760512.000000 -0.732094765 0.025144815 -2.999570847 -0.576998591 -0.009103629 0.185613170 0.795322359
1413393287455760384.000000 -0.725711226 0.030138493 -2.994808197 -0.564758420 -0.006391139 0.184632257 0.804312110
1413393287505760512.000000 -0.716230512 0.039140582 -2.990265846 -0.552372217 -0.005680156 0.182242215 0.813412905
1413393287555760384.000000 -0.707155466 0.047660947 -2.985492229 -0.539736867 -0.006426024 0.179650098 0.822416365
1413393287605760512.000000 -0.698259354 0.056208491 -2.980809212 -0.526396632 -0.007058202 0.177192733 0.831540525
1413393287655760384.000000 -0.689775169 0.064839602 -2.975989103 -0.513006449 -0.007744054 0.175226033 0.840273917
1413393287705760512.000000 -0.683396697 0.068210602 -2.971879005 -0.499591827 -0.006295855 0.172017321 0.848986685
1413393287755760384.000000 -0.674688280 0.076635122 -2.967537165 -0.485961080 -0.005369251 0.169114217 0.857445896
1413393287805760512.000000 -0.666297317 0.085465670 -2.963286400 -0.472590566 -0.005040888 0.165522739 0.865583718
1413393287855760384.000000 -0.658580720 0.094368696 -2.959134340 -0.458838791 -0.002532017 0.161973327 0.873627603
1413393287905760512.000000 -0.651545882 0.102786183 -2.956162214 0.445539951 0.001695882 -0.157419667 -0.881311774
1413393287955760384.000000 -0.645101011 0.112187147 -2.952754498 0.432492286 0.000760440 -0.152395144 -0.888665020
1413393288005760512.000000 -0.642697394 0.120298266 -2.950538158 -0.419953406 0.001111289 0.148057312 0.895386517
1413393288055760384.000000 -0.637764275 0.130833864 -2.947801828 -0.408425421 0.000525184 0.144247577 0.901321888
1413393288105760512.000000 -0.634298027 0.141719162 -2.945960999 -0.399223238 -0.000648237 0.140347093 0.906048059
1413393288155760384.000000 -0.631948948 0.153076470 -2.944478035 -0.391420662 -0.003308833 0.138135761 0.909778833
1413393288205760512.000000 -0.628995538 0.163940966 -2.943724155 0.386006266 0.006845118 -0.136282355 -0.912348390
1413393288255760384.000000 -0.628153324 0.176226139 -2.942910671 0.381775051 0.012328930 -0.136398435 -0.914052129
1413393288305760512.000000 -0.627838314 0.189273834 -2.942109585 0.378455460 0.018593173 -0.136401340 -0.915325403
1413393288355760384.000000 -0.628081381 0.203395903 -2.941274166 0.376472145 0.023264194 -0.137979552 -0.915799737
1413393288405760512.000000 -0.628060341 0.218546271 -2.940003633 0.375701636 0.024913359 -0.138013661 -0.916067600
1413393288455760384.000000 -0.627351165 0.234679818 -2.938492298 0.376085520 0.022001507 -0.136107057 -0.916269898
1413393288505760512.000000 -0.630147517 0.252428710 -2.942259312 -0.376889318 -0.017610542 0.134548679 0.916264713
1413393288555760384.000000 -0.629677594 0.270265758 -2.940565586 -0.379137367 -0.012198646 0.132219583 0.915764153
1413393288605760512.000000 -0.629616320 0.287829578 -2.938428402 -0.379927605 -0.006789814 0.129337788 0.915904343
1413393288655760384.000000 -0.629521191 0.305411696 -2.936503887 -0.379924536 -0.001238991 0.126465261 0.916330993
1413393288705760512.000000 -0.629055023 0.321892738 -2.935184956 0.377973527 -0.003371571 -0.123541228 -0.917530477
1413393288755760384.000000 -0.630188465 0.338084817 -2.933703899 0.374868095 -0.004463362 -0.121078193 -0.919126868
1413393288805760512.000000 -0.632122397 0.353973031 -2.932539940 0.372618794 -0.004468136 -0.118949577 -0.920318604
1413393288855760384.000000 -0.634874940 0.369692504 -2.931389332 0.370572239 -0.002128094 -0.117436856 -0.921347022
1413393288905760512.000000 -0.637413502 0.385329425 -2.930524826 0.367868155 -0.000870280 -0.117274128 -0.922452807
1413393288955760384.000000 -0.641797543 0.400780618 -2.929472923 0.366170406 0.001806983 -0.117266528 -0.923127592
1413393289005760512.000000 -0.648897290 0.415385008 -2.930982590 -0.364147425 -0.002692020 0.116666086 0.924001336
1413393289055760384.000000 -0.657828152 0.430816710 -2.928923607 -0.362852156 -0.004182511 0.115752399 0.924620092
1413393289105760512.000000 -0.668834746 0.445872009 -2.926359653 -0.361608893 -0.003300379 0.115887903 0.925093591
1413393289155760384.000000 -0.680207849 0.460710526 -2.923357010 -0.359677404 -0.001540570 0.115760095 0.925866902
1413393289205760512.000000 -0.689564586 0.475067616 -2.920895338 0.357208371 0.000497591 -0.116527617 -0.926727235
1413393289255760384.000000 -0.699301839 0.489438534 -2.919088125 0.355692714 -0.000226595 -0.115313552 -0.927461863
1413393289305760512.000000 -0.707943678 0.503552377 -2.918081522 0.354809880 -0.000554733 -0.114134721 -0.927945614
1413393289355760384.000000 -0.715248883 0.517469168 -2.917827606 0.353647023 0.000391241 -0.113448933 -0.928473532
1413393289405760512.000000 -0.721533358 0.531209588 -2.918178082 0.353413433 0.002490832 -0.111443065 -0.928802013
1413393289455760384.000000 -0.726165593 0.544646859 -2.918899298 0.353049308 0.004218462 -0.111203939 -0.928962946
1413393289505760512.000000 -0.729111612 0.552124858 -2.922711849 -0.352512658 -0.006086188 0.111957029 0.929065883
1413393289555760384.000000 -0.730117142 0.565131783 -2.924594402 -0.352557093 -0.007882440 0.111296542 0.929114938
1413393289605760512.000000 -0.730564296 0.577756464 -2.926373482 -0.353084326 -0.009337937 0.111014888 0.928934932
1413393289655760384.000000 -0.730615377 0.590167403 -2.928086042 -0.353138894 -0.010521470 0.111199751 0.928879440
1413393289705760512.000000 -0.730852127 0.602680624 -2.931024551 0.353013963 0.011245803 -0.111793831 -0.928847015
1413393289755760384.000000 -0.730255127 0.614926875 -2.932480574 0.353815824 0.010887775 -0.111835837 -0.928541064
1413393289805760512.000000 -0.728938937 0.626907885 -2.933654785 0.354416162 0.009830658 -0.111871533 -0.928319693
1413393289855760384.000000 -0.726727724 0.638875008 -2.934692144 0.355351061 0.007950462 -0.111872770 -0.927980065
1413393289905760512.000000 -0.723838270 0.650577366 -2.935434580 0.356915742 0.006404703 -0.111054502 -0.927489638
1413393289955760384.000000 -0.720375538 0.659669816 -2.924775839 -0.359924227 -0.005070769 0.111171991 0.926320493
1413393290005760512.000000 -0.717321277 0.670175016 -2.925406694 -0.361136347 -0.004416529 0.111420214 0.925822139
1413393290055760384.000000 -0.715975940 0.680184126 -2.925925255 -0.362115175 -0.004136789 0.112654366 0.925291598
1413393290105760512.000000 -0.716697097 0.689586282 -2.925704718 -0.363288850 -0.003454250 0.113768429 0.924697816
1413393290155760384.000000 -0.718835771 0.700788617 -2.925539494 0.364028156 0.002928708 -0.115077637 -0.924246788
1413393290205760512.000000 -0.724922121 0.709535778 -2.923938036 0.364931822 0.003050874 -0.117231205 -0.923619151
1413393290255760384.000000 -0.733309150 0.717643261 -2.921586752 0.365835130 0.003361594 -0.118578948 -0.923088551
1413393290305760512.000000 -0.744218588 0.725481570 -2.918605328 0.366940826 0.005329782 -0.119594887 -0.922509193
1413393290355760384.000000 -0.756244123 0.733150005 -2.915002584 0.367810667 0.007857445 -0.120221868 -0.922063112
1413393290405760512.000000 -0.768509030 0.740647137 -2.911145687 0.367328823 0.010749175 -0.120578408 -0.922179401
1413393290455760384.000000 -0.781449795 0.746577144 -2.906018257 -0.365716219 -0.013234679 0.120441467 0.922805727
1413393290505760512.000000 -0.792990327 0.753647745 -2.901830673 -0.362835944 -0.015828492 0.119963787 0.923963428
1413393290555760384.000000 -0.803711712 0.761288941 -2.897351265 -0.360386670 -0.017679362 0.119202048 0.924986422
1413393290605760512.000000 -0.813776314 0.769014180 -2.892694473 -0.357920349 -0.018534122 0.118368812 0.926033735
1413393290655760384.000000 -0.825609982 0.774797916 -2.887846231 0.355511993 0.019606855 -0.118650533 -0.926902890
1413393290705760512.000000 -0.835900605 0.782770514 -2.882256985 0.353528559 0.021019455 -0.118136704 -0.927695811
1413393290755760384.000000 -0.845708430 0.791213393 -2.876111031 0.352079302 0.020443318 -0.117081746 -0.928393364
1413393290805760512.000000 -0.855637491 0.799604118 -2.869850874 0.350968003 0.020201830 -0.115482844 -0.929019392
1413393290855760384.000000 -0.863264441 0.815319955 -2.859116077 -0.350020111 -0.019844547 0.114690319 0.929482818
1413393290905760512.000000 -0.873322904 0.823871493 -2.851389647 -0.348776519 -0.018093273 0.115905866 0.929835141
1413393290955760384.000000 -0.882936120 0.833274901 -2.842882872 -0.346606851 -0.013921067 0.119523503 0.930260241
1413393291005760512.000000 -0.892703831 0.843255341 -2.833759308 -0.344977647 -0.009780603 0.122713365 0.930503190
1413393291055760384.000000 -0.905429780 0.853042245 -2.825949192 0.343608320 0.004302548 -0.126203924 -0.930584490
1413393291105760512.000000 -0.916900098 0.863869667 -2.817383766 0.342474431 -0.000186532 -0.128810406 -0.930655181
1413393291155760384.000000 -0.927647889 0.875428081 -2.809482813 0.342466265 -0.005517664 -0.129708260 -0.930517197
1413393291205760512.000000 -0.938672423 0.887460113 -2.802608013 0.342678010 -0.009278378 -0.130267590 -0.930331230
1413393291255760384.000000 -0.949343204 0.900079608 -2.796823502 0.343229622 -0.012086621 -0.130214125 -0.930103064
1413393291305760512.000000 -0.959387124 0.918904364 -2.788349867 -0.344874263 0.011072896 0.128418446 0.929756880
1413393291355760384.000000 -0.970976532 0.932252288 -2.784825325 -0.346597344 0.007714394 0.126071468 0.929471254
1413393291405760512.000000 -0.982271552 0.945834696 -2.782027960 -0.347656965 0.003958391 0.122506894 0.929575741
1413393291455760384.000000 -0.993497729 0.959056556 -2.780130863 -0.347569793 -0.000684243 0.119052790 0.930065215
1413393291505760512.000000 -1.005537033 0.969579339 -2.780686378 0.346455067 0.004043250 -0.115584694 -0.930909693
1413393291555760384.000000 -1.015603542 0.985180020 -2.777021646 -0.345589191 -0.006830318 0.112628587 0.931577325
1413393291605760512.000000 -1.023649573 0.997358322 -2.777391911 -0.344414741 -0.008309847 0.109914429 0.932324171
1413393291655760384.000000 -1.030445576 1.009734154 -2.777894497 -0.343401521 -0.009900091 0.107281253 0.932988822
1413393291705760512.000000 -1.036163092 1.022092819 -2.778248072 -0.342285097 -0.011626936 0.105829574 0.933544755
1413393291755760384.000000 -1.040090919 1.034545779 -2.779345989 0.341115177 0.012860707 -0.104146078 -0.934145927
1413393291805760512.000000 -1.042484403 1.046107531 -2.780183077 0.339497566 0.013673065 -0.102281258 -0.934929371
1413393291855760384.000000 -1.042029381 1.057144880 -2.780995607 0.336292654 0.014793874 -0.100482404 -0.936264813
1413393291905760512.000000 -1.039614558 1.069628358 -2.779465437 -0.333034843 -0.015047487 0.098401211 0.937645257
1413393291955760384.000000 -1.031646490 1.079889297 -2.781134129 -0.330777973 -0.015065144 0.096190989 0.938672662
1413393292005760512.000000 -1.021196008 1.089694023 -2.783246040 -0.328649014 -0.013049679 0.093437552 0.939728200
1413393292055760384.000000 -1.009561896 1.098878860 -2.785454512 -0.327195346 -0.010458702 0.090043321 0.940598786
1413393292105760512.000000 -0.998029292 1.107589602 -2.787021399 -0.325179607 -0.006942431 0.088102445 0.941513658
1413393292155760384.000000 -0.986524820 1.114921093 -2.790230989 0.323787898 0.003441176 -0.085210748 -0.942278445
1413393292205760512.000000 -0.975207746 1.121504068 -2.791777372 0.321733594 0.000494459 -0.082499713 -0.943229079
1413393292255760384.000000 -0.958527267 1.123821974 -2.796827316 -0.319505066 0.002058249 0.079674378 0.944226861
1413393292305760512.000000 -0.948013127 1.127739429 -2.797956228 -0.317336828 0.004213603 0.078395538 0.945057511
1413393292355760384.000000 -0.937299311 1.130827308 -2.798847437 -0.314906210 0.005768461 0.078020178 0.945893109
1413393292405760512.000000 -0.927073061 1.132694721 -2.800351143 -0.312271506 0.007654776 0.079191059 0.946655571
1413393292455760384.000000 -0.924065530 1.132299900 -2.802721500 0.310133368 -0.009634591 -0.078525938 -0.947395504
1413393292505760512.000000 -0.914367557 1.132020235 -2.804355145 0.307939023 -0.008737702 -0.078370482 -0.948132515
1413393292555760384.000000 -0.906454027 1.130493164 -2.806237936 0.306172967 -0.007818268 -0.077858098 -0.948754489
1413393292605760512.000000 -0.899099648 1.127689838 -2.808464289 0.304199338 -0.005061630 -0.077265710 -0.949456275
1413393292655760384.000000 -0.891709447 1.123527527 -2.811240673 0.302769095 -0.001797685 -0.075164557 -0.950093687
1413393292705760512.000000 -0.883532763 1.118830919 -2.814049721 0.301244169 0.000913187 -0.073470861 -0.950711966
1413393292755760384.000000 -0.870507658 1.107192039 -2.822297335 -0.299393624 -0.002640024 0.072270386 0.951385081
1413393292805760512.000000 -0.861667156 1.099862933 -2.825372219 -0.297478318 -0.002607311 0.070849314 0.952092588
1413393292855760384.000000 -0.851189196 1.090676188 -2.829557657 -0.295131415 -0.001111936 0.069641382 0.952914655
1413393292905760512.000000 -0.840604424 1.080186605 -2.833123446 -0.292422622 0.000437667 0.068730153 0.953816056
1413393292955760384.000000 -0.829628289 1.067970872 -2.837212563 -0.289241493 0.002096377 0.069972441 0.954693079
1413393293005760512.000000 -0.827297449 1.059298992 -2.833583117 0.286051661 -0.002450969 -0.070874393 -0.955586374
1413393293055760384.000000 -0.816235960 1.046117067 -2.836978674 0.283012331 -0.002956992 -0.071951911 -0.956409037
1413393293105760512.000000 -0.806483269 1.031907797 -2.840152502 0.280172020 -0.002260685 -0.072886169 -0.957176149
1413393293155760384.000000 -0.796452940 1.016636729 -2.843631268 0.276956290 -0.002357679 -0.075533733 -0.957906246
1413393293205760512.000000 -0.786285460 1.000370622 -2.847812414 0.274588555 -0.001896177 -0.076557294 -0.958507478
1413393293255760384.000000 -0.772391737 0.971138954 -2.865566492 -0.271983415 0.001678419 0.080001175 0.958969235
1413393293305760512.000000 -0.764411867 0.953195333 -2.870113850 -0.269550234 0.000746594 0.081942499 0.959493458
1413393293355760384.000000 -0.758926570 0.934773862 -2.874390602 -0.267093360 0.002463313 0.085372508 0.959878445
1413393293405760512.000000 -0.756516993 0.915899158 -2.878544092 -0.264838070 0.003237851 0.088653080 0.960203648
1413393293455760384.000000 -0.754868805 0.901420236 -2.877843618 0.263051897 -0.003975914 -0.092074499 -0.960369885
1413393293505760512.000000 -0.756788850 0.884346962 -2.879991055 0.262383282 -0.003025030 -0.093308851 -0.960437059
1413393293555760384.000000 -0.760235310 0.867288351 -2.882341623 0.262635142 -0.001427753 -0.091821149 -0.960515320
1413393293605760512.000000 -0.765491247 0.849874318 -2.885359764 0.263455242 0.000644928 -0.088473201 -0.960605741
1413393293655760384.000000 -0.771107793 0.832098126 -2.889428616 0.264917284 0.003938351 -0.084286556 -0.960572302
1413393293705760512.000000 -0.776077151 0.814302683 -2.893859863 0.266088605 0.007714469 -0.079315357 -0.960648954
1413393293755760384.000000 -0.778302550 0.783451200 -2.909236908 -0.267199636 -0.010804120 0.075728439 0.960600317
1413393293805760512.000000 -0.781260312 0.764078259 -2.914430618 -0.267956376 -0.012552039 0.072715625 0.960601032
1413393293855760384.000000 -0.783585310 0.743363857 -2.919482470 -0.267721564 -0.014010343 0.071010724 0.960773885
1413393293905760512.000000 -0.784856200 0.721433163 -2.924687386 -0.267451972 -0.014948085 0.069544062 0.960942090
1413393293955760384.000000 -0.778330505 0.704737961 -2.927356005 0.267381251 0.016987946 -0.067659430 -0.961062431
1413393294005760512.000000 -0.777718306 0.682214856 -2.930825472 0.266622156 0.017511435 -0.067353919 -0.961285293
1413393294055760384.000000 -0.775454223 0.659419894 -2.934072256 0.266252548 0.017759141 -0.066902027 -0.961414814
1413393294105760512.000000 -0.771758437 0.635847449 -2.936915636 0.265810698 0.013951843 -0.066509254 -0.961627066
1413393294155760384.000000 -0.767902076 0.611173511 -2.939644098 0.265178233 0.008503628 -0.067199871 -0.961817265
1413393294205760512.000000 -0.763793647 0.585870504 -2.942405462 0.264605671 0.003117108 -0.068748124 -0.961898088
1413393294255760384.000000 -0.768513203 0.558679283 -2.944477320 -0.265300840 -0.000833156 0.068393804 0.961736500
1413393294305760512.000000 -0.766367674 0.531625986 -2.947638035 -0.266044676 -0.001987201 0.068165436 0.961545587
1413393294355760384.000000 -0.764257312 0.503995776 -2.950559139 -0.267013103 -0.004300778 0.068716891 0.961230278
1413393294405760512.000000 -0.762134433 0.475597799 -2.953559160 -0.268274963 -0.007016869 0.068343021 0.960889459
1413393294455760384.000000 -0.754762709 0.447027415 -2.956034422 0.270098835 0.010177320 -0.067431040 -0.960414588
1413393294505760512.000000 -0.752400279 0.417160094 -2.958117723 0.271440536 0.013691586 -0.067870118 -0.959961653
1413393294555760384.000000 -0.755153894 0.388850689 -2.958869696 -0.272476256 -0.015296419 0.069221623 0.959547400
1413393294605760512.000000 -0.752958417 0.357822657 -2.959926605 -0.273037463 -0.016218008 0.072232395 0.959150672
1413393294655760384.000000 -0.751011908 0.326212049 -2.960642576 -0.272907197 -0.015780156 0.076148003 0.958892167
1413393294705760512.000000 -0.749278784 0.294256330 -2.961143017 -0.272293985 -0.015707044 0.080710538 0.958694518
1413393294755760384.000000 -0.746687651 0.260603130 -2.962009668 0.272039086 0.014218790 -0.084871754 -0.958430707
1413393294805760512.000000 -0.746620893 0.231234193 -2.961757660 -0.271354347 -0.012649701 0.089836530 0.958194256
1413393294855760384.000000 -0.744804740 0.199077487 -2.961865664 -0.270878345 -0.012988689 0.092899047 0.958032370
1413393294905760512.000000 -0.742560923 0.167489946 -2.962040663 -0.271642417 -0.013962267 0.093754798 0.957718968
1413393294955760384.000000 -0.739699066 0.136550486 -2.962090015 -0.272926539 -0.015241896 0.092001535 0.957504332
1413393295005760512.000000 -0.737698674 0.111421704 -2.957745314 -0.273736298 -0.017109012 0.088359363 0.957584679
1413393295055760384.000000 -0.734037280 0.081004232 -2.957894325 -0.275924087 -0.018753126 0.084339984 0.957288384
1413393295105760512.000000 -0.729977369 0.050852388 -2.957683086 -0.277472019 -0.020335656 0.080646798 0.957126856
1413393295155760384.000000 -0.725602508 0.020525008 -2.956832409 -0.277404457 -0.020511108 0.080098279 0.957188785
1413393295205760512.000000 -0.722104311 -0.010041684 -2.955304861 0.277394682 0.019122276 -0.081518039 -0.957100570
1413393295255760384.000000 -0.716820717 -0.034865901 -2.949781656 -0.276499480 -0.018624153 0.084615834 0.957100570
1413393295305760512.000000 -0.712315261 -0.065030515 -2.947457790 -0.275282741 -0.017465213 0.088232175 0.957146585
1413393295355760384.000000 -0.707284212 -0.094858721 -2.944809437 -0.274670422 -0.016619885 0.091408938 0.957039416
1413393295405760512.000000 -0.702147067 -0.124130547 -2.941735744 -0.272498190 -0.015983943 0.096797884 0.957141280
1413393295455760384.000000 -0.696588278 -0.151264817 -2.938561916 0.271245927 0.014381710 -0.100572832 -0.957133234
1413393295505760512.000000 -0.691508889 -0.174932569 -2.929306984 -0.269731075 -0.013030772 0.105312631 0.957070887
1413393295555760384.000000 -0.687264562 -0.201053724 -2.925523758 -0.267791927 -0.011417710 0.109177925 0.957202852
1413393295605760512.000000 -0.685256124 -0.225969911 -2.921406269 -0.267073721 -0.010476262 0.111915782 0.957098126
1413393295655760384.000000 -0.685227334 -0.249703899 -2.917057514 -0.266120225 -0.009710077 0.113843843 0.957144380
1413393295705760512.000000 -0.688155711 -0.272853345 -2.913216829 0.265409797 0.009642982 -0.114406735 -0.957275212
1413393295755760384.000000 -0.692819715 -0.294369310 -2.909227371 0.265691906 0.010021793 -0.113378458 -0.957315385
1413393295805760512.000000 -0.698481262 -0.314526469 -2.904904127 0.266418904 0.010937963 -0.109864913 -0.957512975
1413393295855760384.000000 -0.703819454 -0.326778173 -2.891707420 -0.268307567 -0.013633976 0.102646984 0.957751989
1413393295905760512.000000 -0.708269000 -0.344469786 -2.887774467 -0.271004826 -0.016363323 0.094383888 0.957799733
1413393295955760384.000000 -0.711453915 -0.361501306 -2.883587837 -0.273371220 -0.019545129 0.085624009 0.957890809
1413393296005760512.000000 -0.713664114 -0.378297210 -2.878915548 -0.275044262 -0.021214915 0.079304107 0.957920432
1413393296055760384.000000 -0.715320885 -0.394897759 -2.874164581 0.276630461 0.023237431 -0.074135318 -0.957830727
1413393296105760512.000000 -0.715160370 -0.412405044 -2.868510008 0.277071059 0.024846328 -0.070821844 -0.957913697
1413393296155760384.000000 -0.713830471 -0.430364728 -2.862030029 0.277360708 0.025359137 -0.070091277 -0.957870126
1413393296205760512.000000 -0.711233199 -0.437009156 -2.847223759 -0.277899802 -0.027137281 0.069275811 0.957724512
1413393296255760384.000000 -0.707955956 -0.456085861 -2.838863850 -0.277627409 -0.028642075 0.069454268 0.957746744
1413393296305760512.000000 -0.703548133 -0.475572973 -2.829395294 -0.278141886 -0.029470073 0.069309168 0.957582831
1413393296355760384.000000 -0.698781669 -0.495684862 -2.818769932 -0.277636826 -0.029396780 0.072109774 0.957524896
1413393296405760512.000000 -0.692478597 -0.516552031 -2.806387424 0.276697397 0.028522184 -0.077005990 -0.957441926
1413393296455760384.000000 -0.687998593 -0.537291527 -2.793778658 0.276369244 0.027942540 -0.082881115 -0.957063258
1413393296505760512.000000 -0.694453776 -0.573530436 -2.776157856 -0.278065264 -0.025780335 0.089108191 0.956072628
1413393296555760384.000000 -0.695190728 -0.593903244 -2.761893988 -0.280638278 -0.024430314 0.094372764 0.954850316
1413393296605760512.000000 -0.698493123 -0.613755465 -2.746430397 -0.283955485 -0.022576651 0.099522464 0.953391254
1413393296655760384.000000 -0.704378009 -0.632617474 -2.729826689 -0.288485646 -0.021523196 0.103846334 0.951592743
1413393296705760512.000000 -0.713165224 -0.651992559 -2.712552309 0.292867720 0.019610154 -0.108223878 -0.949806035
1413393296755760384.000000 -0.720290065 -0.669643223 -2.695004702 0.296949118 0.018644609 -0.112100497 -0.948107183
1413393296805760512.000000 -0.726203740 -0.686293066 -2.677272558 0.300664276 0.017313780 -0.115007728 -0.946612179
1413393296855760384.000000 -0.723989725 -0.692547202 -2.652774096 -0.304512560 -0.017069394 0.116464749 0.945207298
1413393296905760512.000000 -0.728258669 -0.707039952 -2.635350943 -0.308090657 -0.016919205 0.116694257 0.944021404
1413393296955760384.000000 -0.731524229 -0.720305026 -2.617922544 -0.311691046 -0.016372271 0.116353303 0.942890584
1413393297005760512.000000 -0.733386219 -0.731477976 -2.600024462 -0.315269262 -0.016647404 0.116099723 0.941726625
1413393297055760384.000000 -0.736910224 -0.743078351 -2.582140446 0.319521844 0.016714327 -0.116038382 -0.940298676
1413393297105760512.000000 -0.738769650 -0.753300667 -2.564638138 0.323601097 0.016346589 -0.117035657 -0.938785315
1413393297155760384.000000 -0.740386307 -0.762933135 -2.547212124 0.326999962 0.016239827 -0.118334368 -0.937445641
1413393297205760512.000000 -0.741464376 -0.771893919 -2.529546499 0.329075038 0.015049971 -0.120929815 -0.936407566
1413393297255760384.000000 -0.739500344 -0.773867428 -2.508777380 -0.330589771 -0.013523126 0.123889394 0.935510039
1413393297305760512.000000 -0.739843845 -0.780886054 -2.491187334 -0.332260549 -0.012096326 0.125353783 0.934742212
1413393297355760384.000000 -0.739824712 -0.786574960 -2.473857880 -0.334041357 -0.011895683 0.125586078 0.934078753
1413393297405760512.000000 -0.739490867 -0.791045129 -2.456599712 -0.335613281 -0.011036295 0.125346869 0.933557808
1413393297455760384.000000 -0.739710093 -0.796425819 -2.440232515 0.337516010 0.011714455 -0.124312647 -0.933001697
1413393297505760512.000000 -0.738886833 -0.799664736 -2.423273325 0.338959694 0.012443785 -0.121991031 -0.932775259
1413393297555760384.000000 -0.738190651 -0.802193642 -2.406085014 0.339439452 0.011897739 -0.121302836 -0.932697654
1413393297605760512.000000 -0.737325072 -0.803899050 -2.388694048 0.339692861 0.011328499 -0.121052787 -0.932645023
1413393297655760384.000000 -0.738300502 -0.800444722 -2.367617369 -0.338621944 -0.009467608 0.123058274 0.932792783
1413393297705760512.000000 -0.737233579 -0.800985932 -2.350437880 -0.337292463 -0.007677658 0.125457779 0.932971179
1413393297755760384.000000 -0.736125767 -0.800762415 -2.333545208 -0.336102903 -0.004871420 0.127381042 0.933158815
1413393297805760512.000000 -0.735469759 -0.799289942 -2.317077637 -0.334709346 -0.002535000 0.129334286 0.933400214
1413393297855760384.000000 -0.733907163 -0.797704935 -2.301487923 0.333749712 -0.000493747 -0.130712822 -0.933555126
1413393297905760512.000000 -0.733433604 -0.794914842 -2.286334515 0.332646966 -0.001208059 -0.131249428 -0.933872640
1413393297955760384.000000 -0.733028591 -0.791122913 -2.271984100 0.331544697 -0.001442776 -0.131576315 -0.934218228
1413393298005760512.000000 -0.733080387 -0.786502779 -2.258393526 0.330788553 -0.001573797 -0.131730989 -0.934464276
1413393298055760384.000000 -0.733332098 -0.780932009 -2.245646238 0.329770297 -0.001138957 -0.131623343 -0.934839904
1413393298105760512.000000 -0.733967245 -0.774469733 -2.233763695 0.329573870 0.001044008 -0.130948961 -0.935003936
1413393298155760384.000000 -0.736451447 -0.768210769 -2.221269369 -0.328925312 -0.004203227 0.129891470 0.935370922
1413393298205760512.000000 -0.737987876 -0.759952426 -2.210372210 -0.328907371 -0.008696922 0.127382010 0.935691297
1413393298255760384.000000 -0.739197135 -0.750860035 -2.199472427 -0.329817623 -0.012643036 0.123369910 0.935863495
1413393298305760512.000000 -0.740449071 -0.740843654 -2.188013077 -0.330359310 -0.017398784 0.118427485 0.936234474
1413393298355760384.000000 -0.740603268 -0.729691386 -2.178094387 0.331237882 0.022143012 -0.112901017 -0.936506569
1413393298405760512.000000 -0.741333365 -0.718697786 -2.166234016 0.332664907 0.025631292 -0.106083930 -0.936708808
1413393298455760384.000000 -0.741349578 -0.707729936 -2.153344154 0.333712250 0.026743621 -0.099029809 -0.937077463
1413393298505760512.000000 -0.740765333 -0.696988404 -2.139353991 0.334434390 0.026491897 -0.093351699 -0.937409937
1413393298555760384.000000 -0.739579797 -0.686716855 -2.124264479 0.334889710 0.024969375 -0.089750178 -0.937640905
1413393298605760512.000000 -0.737847149 -0.677216649 -2.108035088 0.333855182 0.022773990 -0.089623272 -0.938077748
1413393298655760384.000000 -0.734684944 -0.667187929 -2.090103626 -0.331895769 -0.020306149 0.092596345 0.938540816
1413393298705760512.000000 -0.731460512 -0.658869505 -2.072034597 -0.329479039 -0.017178483 0.097834677 0.938923299
1413393298755760384.000000 -0.728041470 -0.650863290 -2.053721905 -0.326916397 -0.014426176 0.103314161 0.939278364
1413393298805760512.000000 -0.724043846 -0.642868876 -2.035564184 -0.325200945 -0.011975007 0.107796058 0.939404666
1413393298855760384.000000 -0.720245600 -0.635759830 -2.015496492 0.323857307 0.010016004 -0.111598596 -0.939447701
1413393298905760512.000000 -0.715289652 -0.627675533 -1.997111797 0.323359847 0.008415530 -0.114487648 -0.939287126
1413393298955760384.000000 -0.710662842 -0.617412329 -1.979636073 -0.323146105 -0.007991126 0.117355086 0.939010441
1413393299005760512.000000 -0.705159962 -0.608510315 -1.961981058 -0.323423624 -0.007076051 0.119536750 0.938646972
1413393299055760384.000000 -0.699337542 -0.599166393 -1.944782972 -0.324729353 -0.007644153 0.119938053 0.938140333
1413393299105760512.000000 -0.693138242 -0.589230478 -1.927994967 -0.326621771 -0.007458999 0.118540511 0.937662423
1413393299155760384.000000 -0.685544550 -0.579225242 -1.910909534 0.329705000 0.007460312 -0.114098169 -0.937134266
1413393299205760512.000000 -0.678395748 -0.568669498 -1.894482136 0.333702356 0.006197927 -0.107725911 -0.936482549
1413393299255760384.000000 -0.675765991 -0.559567332 -1.879010916 -0.337083668 -0.001706473 0.101950586 0.935936868
1413393299305760512.000000 -0.668060005 -0.550212145 -1.862636447 -0.340195775 0.003570135 0.096627265 0.935370147
1413393299355760384.000000 -0.660621524 -0.542050898 -1.846568346 -0.342365682 0.010106036 0.094225258 0.934775531
1413393299405760512.000000 -0.653868616 -0.535221457 -1.830672860 -0.343671471 0.015434528 0.093369439 0.934309304
1413393299455760384.000000 -0.647181630 -0.529290974 -1.816741943 -0.343912929 0.018858956 0.094925307 0.934000790
1413393299505760512.000000 -0.641368270 -0.525179267 -1.802182913 -0.343871832 0.020721951 0.097571917 0.933703721
1413393299555760384.000000 -0.636037946 -0.522473335 -1.788409948 -0.343272984 0.020582754 0.101341829 0.933525562
1413393299605760512.000000 -0.630744338 -0.520945430 -1.775691867 -0.342271626 0.019547684 0.105412200 0.933464646
1413393299655760384.000000 -0.625421643 -0.519033074 -1.764096141 -0.340931147 0.017947322 0.110282972 0.933424652
1413393299705760512.000000 -0.620047808 -0.518954813 -1.753597736 -0.340311617 0.015210543 0.113040455 0.933369398
1413393299755760384.000000 -0.614001632 -0.519390643 -1.744347572 -0.339862078 0.014202041 0.114169262 0.933411717
1413393299805760512.000000 -0.607787848 -0.520273209 -1.736249447 -0.339981884 0.013254218 0.112743922 0.933555305
1413393299855760384.000000 -0.601511002 -0.521932840 -1.729000807 0.340200156 -0.011275862 -0.110887915 -0.933724046
1413393299905760512.000000 -0.595268607 -0.523414433 -1.722399592 0.340575904 -0.006992106 -0.108042873 -0.933962584
1413393299955760384.000000 -0.588898599 -0.524580657 -1.716874599 -0.341561198 0.001736978 0.103602715 0.934130371
1413393300005760512.000000 -0.582323551 -0.527121246 -1.711151600 -0.342662036 -0.002146531 0.098593466 0.934268415
1413393300055760384.000000 -0.575764894 -0.530374050 -1.705132961 -0.343321472 -0.006345414 0.094259508 0.934454560
1413393300105760512.000000 -0.569175959 -0.534258127 -1.698791623 -0.343792826 -0.008886854 0.092134088 0.934472501
1413393300155760384.000000 -0.562098503 -0.539383411 -1.691825390 0.342747360 0.009394408 -0.093107939 -0.934755027
1413393300205760512.000000 -0.555088937 -0.545381069 -1.683943868 0.339969188 0.008972468 -0.097170532 -0.935360014
1413393300255760384.000000 -0.547827423 -0.552289665 -1.675277352 0.335145801 0.007171699 -0.102767192 -0.936517417
1413393300305760512.000000 -0.540484369 -0.559010208 -1.667354465 -0.327401429 -0.005117495 0.108647786 0.938604236
1413393300355760384.000000 -0.532688677 -0.566550195 -1.658439994 -0.318938583 -0.003062028 0.113765731 0.940917730
1413393300405760512.000000 -0.524527907 -0.573754430 -1.649481297 -0.309223533 -0.001741323 0.117847711 0.943657637
1413393300455760384.000000 -0.515318215 -0.581286311 -1.640278101 0.298241377 0.000500509 -0.120975383 -0.946792960
1413393300505760512.000000 -0.507137299 -0.587783277 -1.633597136 -0.287719280 0.000309563 0.120912313 0.950051427
1413393300555760384.000000 -0.498407871 -0.593042195 -1.625732064 -0.276187569 0.000876396 0.119653501 0.953626156
1413393300605760512.000000 -0.490078390 -0.597344577 -1.618655920 -0.264585197 0.000598968 0.116066113 0.957352102
1413393300655760384.000000 -0.482245237 -0.600565493 -1.612323046 -0.253383547 -0.000382859 0.109913394 0.961101353
1413393300705760512.000000 -0.474011302 -0.602784216 -1.605929732 0.241986096 0.002594087 -0.101837918 -0.964917123
1413393300755760384.000000 -0.465651333 -0.605568647 -1.604146957 -0.230654657 -0.004835290 0.093341514 0.968536258
1413393300805760512.000000 -0.458532572 -0.606395185 -1.599242926 -0.221370280 -0.006594217 0.084023975 0.971540928
1413393300855760384.000000 -0.453449875 -0.606749833 -1.594356179 -0.213307425 -0.006695941 0.075112134 0.974070489
1413393300905760512.000000 -0.450796276 -0.606641352 -1.588681936 -0.206618890 -0.005469588 0.066983044 0.976110637
1413393300955760384.000000 -0.451181591 -0.606541872 -1.582884908 0.200810760 0.002970289 -0.060772751 -0.977738678
1413393301005760512.000000 -0.454752743 -0.606299877 -1.575526237 0.195567533 -0.000961218 -0.056093939 -0.979084253
1413393301055760384.000000 -0.460033476 -0.606317699 -1.567259073 0.190530688 -0.005275790 -0.052754063 -0.980248570
1413393301105760512.000000 -0.466857433 -0.606968224 -1.558351755 0.185090289 -0.008489180 -0.050010893 -0.981411457
1413393301155760384.000000 -0.472098738 -0.613647401 -1.554105163 -0.180100068 0.010329857 0.048153181 0.982414663
1413393301205760512.000000 -0.483434379 -0.615950763 -1.544870138 -0.173192292 0.012012282 0.046130154 0.983733773
1413393301255760384.000000 -0.495925725 -0.619321227 -1.536503077 -0.165403411 0.012491503 0.044194959 0.985156119
1413393301305760512.000000 -0.508403957 -0.623872697 -1.529880524 -0.157064542 0.013323329 0.041524418 0.986625075
1413393301355760384.000000 -0.518073618 -0.627297580 -1.520741582 0.147646531 -0.012819359 -0.038450096 -0.988209426
1413393301405760512.000000 -0.530845702 -0.633881986 -1.515951753 0.137281910 -0.012284201 -0.036187522 -0.989794612
1413393301455760384.000000 -0.544453204 -0.643868089 -1.519945741 -0.126607522 0.011744635 0.033726737 0.991309881
1413393301505760512.000000 -0.555516362 -0.651560247 -1.517527580 -0.115268044 0.009037337 0.030541178 0.992823720
1413393301555760384.000000 -0.566206515 -0.659878850 -1.516362548 -0.103935055 0.003862843 0.026733210 0.994217277
1413393301605760512.000000 -0.576208651 -0.669122159 -1.515778184 0.092610709 0.002031049 -0.022137586 -0.995454252
1413393301655760384.000000 -0.583441556 -0.679411054 -1.518807173 -0.081325695 -0.007791237 0.016902506 0.996513844
1413393301705760512.000000 -0.591931462 -0.689217985 -1.519920230 -0.071757041 -0.011455585 0.011756394 0.997287095
1413393301755760384.000000 -0.600057423 -0.699581683 -1.521369576 -0.063147396 -0.015030229 0.007234802 0.997864842
1413393301805760512.000000 -0.608337820 -0.710666537 -1.524054289 0.056013744 0.017189814 -0.002496812 -0.998278975
1413393301855760384.000000 -0.611813128 -0.722515881 -1.525631905 -0.050112549 -0.017600175 -0.000050355 0.998588562
1413393301905760512.000000 -0.618090212 -0.734926522 -1.527469158 -0.045324709 -0.017963577 -0.002780189 0.998806894
1413393301955760384.000000 -0.623584151 -0.748328030 -1.529098868 -0.041496348 -0.018303396 -0.005463015 0.998956084
1413393302005760512.000000 -0.630741298 -0.762096584 -1.531416178 0.038828839 0.017416693 0.007244705 -0.999067843
1413393302055760384.000000 -0.635459960 -0.777149498 -1.533153296 0.036603902 0.016168138 0.008655499 -0.999161541
1413393302105760512.000000 -0.636888981 -0.793377399 -1.531174779 -0.034939941 -0.015323345 -0.007948056 0.999240339
1413393302155760384.000000 -0.639482677 -0.810173452 -1.532357693 -0.033830639 -0.014470076 -0.006822525 0.999299586
1413393302205760512.000000 -0.641207278 -0.828016102 -1.533393621 -0.033550292 -0.014158793 -0.005765934 0.999320090
1413393302255760384.000000 -0.644600034 -0.846104205 -1.533987045 0.033070028 0.014080121 0.003482171 -0.999347806
1413393302305760512.000000 -0.643091798 -0.864024520 -1.533646107 -0.033471387 -0.012627029 -0.001117535 0.999359310
1413393302355760384.000000 -0.643214166 -0.883674264 -1.534507751 -0.033700794 -0.012266460 0.002965044 0.999352336
1413393302405760512.000000 -0.642830372 -0.903748989 -1.535486579 -0.034810811 -0.011978124 0.005488513 0.999307156
1413393302455760384.000000 -0.643050909 -0.924281955 -1.536419272 0.036212914 0.011810002 -0.009244383 -0.999231577
1413393302505760512.000000 -0.641260564 -0.942809522 -1.535604954 -0.037724234 -0.012208760 0.012768356 0.999132037
1413393302555760384.000000 -0.638777256 -0.963206708 -1.536992311 -0.039177120 -0.012086112 0.017517645 0.999005616
1413393302605760512.000000 -0.635406673 -0.983356357 -1.538440108 -0.040442146 -0.012774932 0.022408349 0.998848915
1413393302655760384.000000 -0.631026506 -1.002925873 -1.540101647 0.042308435 0.013868771 -0.025519298 -0.998682380
1413393302705760512.000000 -0.622520328 -1.022639513 -1.538560867 -0.044552714 -0.015081615 0.027237838 0.998521745
1413393302755760384.000000 -0.616441786 -1.041196704 -1.540457606 -0.045884725 -0.015819877 0.029333822 0.998390675
1413393302805760512.000000 -0.609307051 -1.058804393 -1.542416692 -0.047115415 -0.015606657 0.030942855 0.998288155
1413393302855760384.000000 -0.601314008 -1.075914145 -1.544099212 0.047734540 0.016139731 -0.032611560 -0.998197138
1413393302905760512.000000 -0.594434321 -1.090862989 -1.544259667 -0.048162024 -0.016273767 0.033108391 0.998158097
1413393302955760384.000000 -0.585704744 -1.105891824 -1.545654178 -0.048806250 -0.017064793 0.033654846 0.998095214
1413393303005760512.000000 -0.576525986 -1.119942665 -1.546866655 -0.049774788 -0.017162617 0.031753208 0.998108029
1413393303055760384.000000 -0.566144764 -1.133257270 -1.547516108 0.049908310 0.016457066 -0.030071793 -0.998165369
1413393303105760512.000000 -0.559122860 -1.145875096 -1.546578526 -0.050940044 -0.015878297 0.028980704 0.998154879
1413393303155760384.000000 -0.549735487 -1.157691240 -1.547151327 -0.051006515 -0.016022613 0.027789187 0.998183072
1413393303205760512.000000 -0.540086210 -1.168806076 -1.547727704 -0.050739527 -0.015105149 0.027375713 0.998222411
1413393303255760384.000000 -0.529857755 -1.179256916 -1.548349142 0.050839383 0.015288945 -0.026681209 -0.998233318
1413393303305760512.000000 -0.520941794 -1.189692140 -1.547728896 -0.052083239 -0.015875671 0.023096144 0.998249471
1413393303355760384.000000 -0.510472298 -1.198989153 -1.548030853 -0.053994574 -0.016871506 0.017701887 0.998241782
1413393303405760512.000000 -0.499627560 -1.208280087 -1.548132896 -0.055979889 -0.017747028 0.012675644 0.998193741
1413393303455760384.000000 -0.487931043 -1.217342257 -1.548237562 0.057378728 0.018540870 -0.009535247 -0.998134792
1413393303505760512.000000 -0.475595027 -1.227064729 -1.548279405 0.058480360 0.017962104 -0.006733232 -0.998104274
1413393303555760384.000000 -0.463222086 -1.238415241 -1.547231197 -0.060342994 -0.017367242 0.005731781 0.998010159
1413393303605760512.000000 -0.449511975 -1.249279141 -1.546770930 -0.061438590 -0.015611977 0.004822876 0.997977138
1413393303655760384.000000 -0.435346514 -1.260736346 -1.546189070 -0.062069777 -0.013384685 0.005295653 0.997968018
1413393303705760512.000000 -0.421070784 -1.272509694 -1.545829177 -0.063007623 -0.012402673 0.006767282 0.997913063
1413393303755760384.000000 -0.404105455 -1.285130382 -1.545801759 -0.063332021 -0.012607349 0.008532025 0.997876465
1413393303805760512.000000 -0.388822943 -1.297879696 -1.545842409 -0.063478112 -0.011614644 0.009791196 0.997867703
1413393303855760384.000000 -0.373657823 -1.310865760 -1.546074271 -0.063258559 -0.011296798 0.012960359 0.997849107
1413393303905760512.000000 -0.356156111 -1.324273944 -1.546287417 -0.062535740 -0.011194689 0.016057312 0.997850835
1413393303955760384.000000 -0.341740042 -1.337128520 -1.546347857 -0.061259691 -0.010602880 0.020285361 0.997859418
1413393304005760512.000000 -0.329750299 -1.349655032 -1.545756578 -0.060443792 -0.011254271 0.024445307 0.997808814
1413393304055760384.000000 -0.320264578 -1.361771822 -1.543961763 0.059498653 0.011111517 -0.027459165 -0.997788787
1413393304105760512.000000 -0.314839959 -1.372554779 -1.541842580 -0.058912035 -0.013133291 0.029575992 0.997738540
1413393304155760384.000000 -0.312442571 -1.382939458 -1.538584232 -0.059222303 -0.017134534 0.029904846 0.997649670
1413393304205760512.000000 -0.312134504 -1.392549396 -1.534231186 -0.058963619 -0.021073392 0.029255349 0.997608840
1413393304255760384.000000 -0.314277142 -1.400811553 -1.528878331 0.059757762 0.025285095 -0.026006481 -0.997553706
1413393304305760512.000000 -0.317118734 -1.408875465 -1.522287250 0.060561866 0.027994128 -0.022429477 -0.997519732
1413393304355760384.000000 -0.320907891 -1.416476607 -1.515201688 0.060984042 0.030572878 -0.018319981 -0.997502208
1413393304405760512.000000 -0.319810271 -1.422502160 -1.507507205 -0.061155587 -0.032615438 0.015399486 0.997476399
1413393304455760384.000000 -0.321800530 -1.429666638 -1.498833299 -0.061329599 -0.032722339 0.011899527 0.997510135
1413393304505760512.000000 -0.323153257 -1.436675668 -1.489366174 -0.060762320 -0.032067373 0.009869608 0.997588277
1413393304555760384.000000 -0.325911134 -1.443882346 -1.479413509 0.059965190 0.029714501 -0.007362616 -0.997730970
1413393304605760512.000000 -0.326073498 -1.449668527 -1.469262838 -0.060041320 -0.027568759 0.004001882 0.997807145
1413393304655760384.000000 -0.326548964 -1.457098126 -1.458494186 -0.059265207 -0.025457520 0.002237626 0.997915089
1413393304705760512.000000 -0.325962484 -1.464895129 -1.447401166 -0.058612574 -0.022122050 0.000267517 0.998035669
1413393304755760384.000000 -0.325548381 -1.473452806 -1.436027050 0.056892835 0.021847710 -0.001015467 -0.998140752
1413393304805760512.000000 -0.323138654 -1.480418324 -1.421547771 -0.054717928 -0.020588562 0.001523971 0.998288393
1413393304855760384.000000 -0.321136296 -1.489537477 -1.409760952 -0.052158020 -0.020443451 0.004029163 0.998421431
1413393304905760512.000000 -0.318406492 -1.498661399 -1.398007870 -0.050990343 -0.021450959 0.003183369 0.998463690
1413393304955760384.000000 -0.315061927 -1.508429050 -1.386212111 0.049424712 0.021363463 -0.003763738 -0.998542309
1413393305005760512.000000 -0.310398728 -1.517706156 -1.372843862 -0.049156904 -0.022594187 0.002055404 0.998533428
1413393305055760384.000000 -0.306742311 -1.527349353 -1.360732436 -0.048230454 -0.024035692 0.002830429 0.998543024
1413393305105760512.000000 -0.301959783 -1.537017465 -1.348614454 -0.047904447 -0.024424359 0.003410374 0.998547494
1413393305155760384.000000 -0.295510918 -1.546680927 -1.337364912 -0.047642436 -0.025271464 0.005372316 0.998530328
1413393305205760512.000000 -0.288998961 -1.556182504 -1.324428558 -0.048587475 -0.025225556 0.003977077 0.998492479
1413393305255760384.000000 -0.281369686 -1.565849781 -1.311565161 -0.050945874 -0.025881341 -0.000296028 0.998365998
1413393305305760512.000000 -0.272113919 -1.575799823 -1.298594475 0.053286150 0.025166176 0.001453306 -0.998261094
1413393305355760384.000000 -0.263701230 -1.587136030 -1.283098221 -0.056404542 -0.024293644 -0.002009289 0.998110414
1413393305405760512.000000 -0.254145145 -1.598400831 -1.269551516 -0.059190042 -0.024554625 -0.000784662 0.997944415
1413393305455760384.000000 -0.244505674 -1.610482097 -1.255892873 -0.061113480 -0.025223907 0.003024155 0.997807562
1413393305505760512.000000 -0.234242171 -1.623514175 -1.241858006 -0.063166209 -0.024976701 0.005473096 0.997675419
1413393305555760384.000000 -0.227761343 -1.636778831 -1.222245336 -0.065561846 -0.024195284 0.008065949 0.997522533
1413393305605760512.000000 -0.216549918 -1.650813460 -1.207810044 -0.067025624 -0.024530355 0.010510725 0.997394323
1413393305655760384.000000 -0.204537988 -1.664921284 -1.192968488 -0.070242733 -0.024692222 0.011235853 0.997161031
1413393305705760512.000000 -0.191755533 -1.679192185 -1.177163243 0.074710585 0.024410680 -0.011758367 -0.996837139
1413393305755760384.000000 -0.182984889 -1.692677736 -1.159952164 -0.080660447 -0.023274707 0.009423147 0.996425331
1413393305805760512.000000 -0.168797761 -1.707609653 -1.144222617 -0.087346651 -0.022023361 0.007295115 0.995907784
1413393305855760384.000000 -0.154010013 -1.723233819 -1.128254414 -0.094190858 -0.020854184 0.002853587 0.995331705
1413393305905760512.000000 -0.139542326 -1.739720821 -1.111479998 0.100773737 0.021218335 0.001757917 -0.994681537
1413393305955760384.000000 -0.132770419 -1.755981207 -1.091749787 -0.105680220 -0.019479318 -0.002405220 0.994206488
1413393306005760512.000000 -0.117488861 -1.776023030 -1.074371457 -0.108207583 -0.018793954 0.000715862 0.993950427
1413393306055760384.000000 -0.102036215 -1.797678947 -1.056574106 -0.109290704 -0.017123224 0.005199466 0.993848801
1413393306105760512.000000 -0.087094255 -1.820523024 -1.038360238 0.110108808 0.016511617 -0.009192664 -0.993739903
1413393306155760384.000000 -0.075498544 -1.844322085 -1.020361066 -0.110104077 -0.016018532 0.012409757 0.993713498
1413393306205760512.000000 -0.060455117 -1.869444489 -1.001757622 -0.109727770 -0.015799768 0.015667176 0.993712604
1413393306255760384.000000 -0.045493010 -1.895055652 -0.983083665 -0.109570593 -0.016422378 0.018029876 0.993679821
1413393306305760512.000000 -0.037281901 -1.918228030 -0.963281572 -0.109370068 -0.017792387 0.020912567 0.993621826
1413393306355760384.000000 -0.023210263 -1.944388866 -0.944289446 -0.110399030 -0.019937228 0.025049312 0.993371665
1413393306405760512.000000 -0.010082622 -1.970251679 -0.924904943 -0.113220908 -0.022430072 0.029766403 0.992870569
1413393306455760384.000000 -0.000872449 -1.995509028 -0.906225204 -0.118065931 -0.024388606 0.035299677 0.992078424
1413393306505760512.000000 0.008844763 -2.020810604 -0.885406256 -0.124853849 -0.025056159 0.041306376 0.990998328
1413393306555760384.000000 0.016053997 -2.045221090 -0.863641202 -0.133935466 -0.025089363 0.046036452 0.989602208
1413393306605760512.000000 0.021265162 -2.068551779 -0.841553509 0.144301012 0.022628291 -0.050601952 -0.987980127
1413393306655760384.000000 0.019588996 -2.087960005 -0.816754580 -0.155249044 -0.019937677 0.055234674 0.986128509
1413393306705760512.000000 0.021857690 -2.110480309 -0.793101430 -0.164044157 -0.016388647 0.065507337 0.984139144
1413393306755760384.000000 0.024496868 -2.132387877 -0.769490242 -0.172025919 -0.014008413 0.074534379 0.982168794
1413393306805760512.000000 0.027027315 -2.153566837 -0.746942878 0.178504676 0.010236915 -0.083016969 -0.980377257
1413393306855760384.000000 0.031371064 -2.178032398 -0.716205060 -0.186548114 -0.009405615 0.091052502 0.978172243
1413393306905760512.000000 0.035479702 -2.196223497 -0.694537640 -0.193426728 -0.008005593 0.096406795 0.976333857
1413393306955760384.000000 0.040330358 -2.212643147 -0.673757076 -0.200478494 -0.007330648 0.101989128 0.974347472
1413393307005760512.000000 0.045417592 -2.226926088 -0.654031932 0.208790883 0.007372497 -0.105447352 -0.972230911
1413393307055760384.000000 0.049190234 -2.237631798 -0.632953882 -0.218162552 -0.007833956 0.107224502 0.969972551
1413393307105760512.000000 0.054705560 -2.248387337 -0.614882648 -0.228694364 -0.008447806 0.107272953 0.967532992
1413393307155760384.000000 0.060178012 -2.257510185 -0.597289622 -0.239931628 -0.009841340 0.105900764 0.964946151
1413393307205760512.000000 0.065619230 -2.264836550 -0.579696655 0.251428068 0.011288676 -0.105327293 -0.962061703
1413393307255760384.000000 0.069964871 -2.268105745 -0.561271906 -0.262978613 -0.011721924 0.105182208 0.958979428
1413393307305760512.000000 0.076446824 -2.273498297 -0.544993103 -0.274821699 -0.011717444 0.104641661 0.955712259
1413393307355760384.000000 0.082621813 -2.278004885 -0.529014587 -0.286452830 -0.013522857 0.107005507 0.952004135
1413393307405760512.000000 0.089059271 -2.281195641 -0.512601495 0.298852265 0.014310227 -0.108893439 -0.947958171
1413393307455760384.000000 0.096591413 -2.283784389 -0.497224033 0.312191516 0.015114554 -0.111175984 -0.943370521
1413393307505760512.000000 0.104475707 -2.285775423 -0.482106149 0.325320929 0.016420476 -0.114750594 -0.938471675
1413393307555760384.000000 0.112291031 -2.285894871 -0.467144728 -0.338128924 -0.019160917 0.119411878 0.933296561
1413393307605760512.000000 0.120886177 -2.286798239 -0.452112496 -0.350766510 -0.020941624 0.125031188 0.927842379
1413393307655760384.000000 0.129751176 -2.287172318 -0.436764359 -0.362893432 -0.023456899 0.132514849 0.922061861
1413393307705760512.000000 0.138994634 -2.286907196 -0.421202540 -0.374842227 -0.025927966 0.139149711 0.916219592
1413393307755760384.000000 0.149326921 -2.285183668 -0.403779745 0.387809008 0.027046259 -0.142812535 -0.910207272
1413393307805760512.000000 0.160357833 -2.282843351 -0.387285233 0.401614517 0.025496205 -0.141792551 -0.904406250
1413393307855760384.000000 0.171358153 -2.279819727 -0.370297909 0.414697856 0.023394691 -0.141734123 -0.898548782
1413393307905760512.000000 0.180727035 -2.274759769 -0.350915313 -0.427795976 -0.020978570 0.140474573 0.892646372
1413393307955760384.000000 0.192418307 -2.271117210 -0.333064437 -0.440358371 -0.019705774 0.140538320 0.886535525
1413393308005760512.000000 0.204326749 -2.267424583 -0.315017998 -0.452509999 -0.017771585 0.141837403 0.880227864
1413393308055760384.000000 0.216158107 -2.263997316 -0.296422839 -0.464329600 -0.017194979 0.143382668 0.873809934
1413393308105760512.000000 0.229226083 -2.262316704 -0.276980996 0.475816309 0.016524270 -0.145182461 -0.867322266
1413393308155760384.000000 0.241585493 -2.259597063 -0.257073760 0.487003118 0.016778439 -0.148409799 -0.860535383
1413393308205760512.000000 0.252120405 -2.251298428 -0.235536695 -0.497833550 -0.016830334 0.151095524 0.853843510
1413393308255760384.000000 0.265224934 -2.249152422 -0.214470625 -0.508967340 -0.016417099 0.153900996 0.846756935
1413393308305760512.000000 0.278523088 -2.247305155 -0.192854524 -0.520283878 -0.014267803 0.157678261 0.839189351
1413393308355760384.000000 0.291813493 -2.245764256 -0.170780301 -0.530653358 -0.012275536 0.162229344 0.831828117
1413393308405760512.000000 0.306607723 -2.245273352 -0.148123980 0.540695727 0.009662483 -0.167738810 -0.824268520
1413393308455760384.000000 0.314062983 -2.237139702 -0.122265458 -0.550238550 -0.008270320 0.174548581 0.816518247
1413393308505760512.000000 0.325509489 -2.236554384 -0.098939419 -0.559041440 -0.007452794 0.182830453 0.808696628
1413393308555760384.000000 0.334956557 -2.236246586 -0.075146079 -0.568024337 -0.006687051 0.190430477 0.800649762
1413393308605760512.000000 0.341762394 -2.235996246 -0.049652934 0.577281594 0.005213083 -0.197564170 -0.792267084
1413393308655760384.000000 0.346444190 -2.235569715 -0.024978638 0.586244345 0.003913709 -0.206033692 -0.783487380
1413393308705760512.000000 0.344031870 -2.228452682 0.001532674 -0.595255554 -0.001735996 0.214090511 0.774488866
1413393308755760384.000000 0.345840335 -2.226599693 0.025720596 -0.604989290 0.001098105 0.220314831 0.765145898
1413393308805760512.000000 0.345751166 -2.224735498 0.049309969 -0.615245521 0.005149620 0.224044740 0.755811095
1413393308855760384.000000 0.342964143 -2.223060369 0.072298884 -0.626441300 0.007842066 0.224532232 0.746388078
1413393308905760512.000000 0.328473985 -2.210571527 0.099927545 -0.637326062 0.010615442 0.225045368 0.736924291
1413393308955760384.000000 0.323531002 -2.207620144 0.121351004 -0.647754669 0.012144821 0.225425810 0.727632880
1413393309005760512.000000 0.318015695 -2.204560757 0.141822457 -0.658183098 0.012786559 0.225286052 0.718246281
1413393309055760384.000000 0.312235653 -2.201925278 0.161679626 -0.667141438 0.013283661 0.227517977 0.709211826
1413393309105760512.000000 0.302942693 -2.195478678 0.182076931 -0.676638544 0.015597037 0.227231815 0.700201988
1413393309155760384.000000 0.297140479 -2.193682909 0.199888110 -0.684743524 0.015640171 0.229578644 0.691502333
1413393309205760512.000000 0.292345196 -2.192129374 0.216317415 -0.691970587 0.016872166 0.230597213 0.683898449
1413393309255760384.000000 0.288017392 -2.191071272 0.232071400 -0.698085129 0.015776863 0.231303558 0.677441537
1413393309305760512.000000 0.280836582 -2.184558153 0.247709751 -0.703573704 0.014658147 0.229888529 0.672250390
1413393309355760384.000000 0.276918352 -2.183685303 0.262803555 -0.707793772 0.011173025 0.227785885 0.668593109
1413393309405760512.000000 0.273616493 -2.183302164 0.277513504 -0.710674226 0.007687266 0.226401642 0.666052103
1413393309455760384.000000 0.271466315 -2.183255434 0.291234732 0.712945640 -0.004448097 -0.224533647 -0.664284110
1413393309505760512.000000 0.270267278 -2.183427095 0.305576563 0.713373959 -0.000218776 -0.224874794 -0.663723528
1413393309555760384.000000 0.269803911 -2.183591127 0.320128918 0.712512016 0.003311664 -0.226532951 -0.664077282
1413393309605760512.000000 0.269294471 -2.182228804 0.330504417 -0.711102903 -0.008983586 0.229855195 0.664393425
1413393309655760384.000000 0.269779623 -2.182220459 0.345466614 -0.709004223 -0.013251083 0.232400596 0.665678263
1413393309705760512.000000 0.270762563 -2.181265354 0.360199690 -0.706722081 -0.015737902 0.235552624 0.666941643
1413393309755760384.000000 0.272394896 -2.179240704 0.374715447 -0.704723358 -0.014964108 0.238816857 0.667912960
1413393309805760512.000000 0.274152875 -2.175795794 0.390378356 0.702091038 0.011094966 -0.242616981 -0.669389367
1413393309855760384.000000 0.275949061 -2.172131062 0.404376149 0.699789405 0.007777972 -0.246543750 -0.670410693
1413393309905760512.000000 0.280944228 -2.165874958 0.413297296 -0.697968483 -0.004834539 0.249010831 0.671424031
1413393309955760384.000000 0.282530487 -2.160506964 0.425403714 -0.695832968 -0.002301288 0.252348512 0.672407210
1413393310005760512.000000 0.284157157 -2.154204607 0.436053872 -0.693987131 0.001133814 0.255227625 0.673230708
1413393310055760384.000000 0.285937309 -2.146860600 0.445327878 -0.693106830 0.003215760 0.255941987 0.673859358
1413393310105760512.000000 0.286576807 -2.138610363 0.453558445 0.692690313 -0.005556921 -0.254685670 -0.674747825
1413393310155760384.000000 0.288528025 -2.129538774 0.459659696 0.693698764 -0.006387020 -0.250547916 -0.675253391
1413393310205760512.000000 0.290456712 -2.119916439 0.464224815 0.695523977 -0.003890194 -0.243816599 -0.675858617
1413393310255760384.000000 0.292341322 -2.109968185 0.467956185 0.697412848 -0.000516226 -0.236707330 -0.676450133
1413393310305760512.000000 0.293843210 -2.099757671 0.471262097 0.699355423 0.003597817 -0.230622754 -0.676536977
1413393310355760384.000000 0.295264632 -2.089241266 0.474265337 0.700528383 0.007571157 -0.225833029 -0.676906407
1413393310405760512.000000 0.293185413 -2.073913813 0.479187131 -0.701938748 -0.009720278 0.221804753 0.676749706
1413393310455760384.000000 0.294422328 -2.063250542 0.482844472 -0.702681661 -0.010645495 0.220129058 0.676511943
1413393310505760512.000000 0.295669317 -2.052846432 0.486916661 -0.702085257 -0.008327022 0.221625850 0.676674962
1413393310555760384.000000 0.296800375 -2.042353630 0.491263390 -0.701734364 -0.005959941 0.222947329 0.676629901
1413393310605760512.000000 0.295185119 -2.031708956 0.495710850 0.700561345 0.002561141 -0.226443738 -0.676705718
1413393310655760384.000000 0.295488626 -2.021200657 0.500276446 0.699293852 -0.002109901 -0.230497435 -0.676649570
1413393310705760512.000000 0.295679837 -2.010929823 0.504389763 0.698055267 -0.006565111 -0.234509706 -0.676521301
1413393310755760384.000000 0.295265168 -2.000664473 0.507967114 0.696479797 -0.009826513 -0.239082247 -0.676504970
1413393310805760512.000000 0.299572170 -1.988210440 0.510439038 -0.695566893 0.012615987 0.242967024 0.676013708
1413393310855760384.000000 0.299029380 -1.977637172 0.511607647 -0.695215225 0.014056408 0.245797217 0.675323665
1413393310905760512.000000 0.298083216 -1.966758966 0.511594296 -0.696287453 0.011576850 0.245145500 0.674502492
1413393310955760384.000000 0.296392351 -1.955514789 0.510517001 -0.698495209 0.004850992 0.242376789 0.673301220
1413393311005760512.000000 0.292032152 -1.945044518 0.508637786 0.700740337 0.001029300 -0.239816204 -0.671900392
1413393311055760384.000000 0.288742989 -1.933296204 0.506567717 0.702678621 0.006243810 -0.238245308 -0.670405149
1413393311105760512.000000 0.284127235 -1.920716643 0.504610896 0.704072118 0.009924729 -0.238113701 -0.668943942
1413393311155760384.000000 0.278296173 -1.907170773 0.503152847 0.706027448 0.011699547 -0.236297473 -0.667496800
1413393311205760512.000000 0.269725531 -1.893375993 0.502449155 0.706673086 0.010348572 -0.237995654 -0.666231334
1413393311255760384.000000 0.258583367 -1.878726244 0.502424717 0.706741571 0.008103759 -0.240037456 -0.665456831
1413393311305760512.000000 0.245950431 -1.863433361 0.501406670 -0.706976295 -0.008137297 0.241223589 0.664777875
1413393311355760384.000000 0.233664989 -1.847529173 0.501073122 -0.707703114 -0.009974031 0.240688875 0.664173007
1413393311405760512.000000 0.221515715 -1.830902100 0.500320673 -0.708544493 -0.011847691 0.239713997 0.663597465
1413393311455760384.000000 0.209795088 -1.813371420 0.499118805 -0.709213018 -0.014099438 0.238712728 0.663200140
1413393311505760512.000000 0.198352188 -1.794869900 0.497517109 -0.709541082 -0.015691742 0.238725752 0.662808597
1413393311555760384.000000 0.187988967 -1.775405526 0.495955467 -0.710292459 -0.018243881 0.237388358 0.662418723
1413393311605760512.000000 0.178760976 -1.754803896 0.494151115 -0.710863173 -0.019809609 0.236031309 0.662246466
1413393311655760384.000000 0.171153784 -1.733290553 0.492436886 0.711277068 0.019449508 -0.234138668 -0.662484646
1413393311705760512.000000 0.165341586 -1.710720420 0.490409970 0.711995423 0.017468754 -0.231032014 -0.662858665
1413393311755760384.000000 0.160762161 -1.687255144 0.488426566 0.712575853 0.015736384 -0.227650329 -0.663448155
1413393311805760512.000000 0.157061189 -1.663443804 0.486738443 0.712671638 0.013680231 -0.223922670 -0.664658308
1413393311855760384.000000 0.154146045 -1.639540195 0.485377073 0.712109089 0.011066194 -0.221538469 -0.666107297
1413393311905760512.000000 0.153896958 -1.618000269 0.483517051 -0.710758269 -0.010082194 0.219101995 0.668367743
1413393311955760384.000000 0.152031243 -1.594072342 0.483348250 -0.708586574 -0.007870996 0.217959896 0.671071351
1413393312005760512.000000 0.151356876 -1.570253372 0.483363032 -0.707202673 -0.005060397 0.213936254 0.673847198
1413393312055760384.000000 0.151103079 -1.546842337 0.483885646 -0.706157446 -0.003515188 0.208509609 0.676648498
1413393312105760512.000000 0.150676668 -1.524596214 0.485407591 -0.705287755 -0.002016477 0.202910066 0.679258883
1413393312155760384.000000 0.150445402 -1.502226353 0.487583518 -0.703841388 -0.000974667 0.200124979 0.681583762
1413393312205760512.000000 0.150393814 -1.480747938 0.490399361 -0.701910555 -0.000871304 0.199965954 0.683618665
1413393312255760384.000000 0.150439709 -1.460143328 0.493726850 -0.700056732 -0.000903828 0.201920837 0.684943616
1413393312305760512.000000 0.151440591 -1.442811847 0.498018444 -0.697837353 0.003673169 0.206138864 0.685941994
1413393312355760384.000000 0.152483046 -1.423495650 0.502343595 -0.695147038 0.007955479 0.212289721 0.686760783
1413393312405760512.000000 0.153073877 -1.404815555 0.506814122 -0.691888511 0.010891855 0.220336780 0.687476158
1413393312455760384.000000 0.153810859 -1.386600852 0.510965765 -0.688999593 0.014705912 0.226828575 0.688194811
1413393312505760512.000000 0.154075146 -1.370290399 0.515166104 -0.686486781 0.016483851 0.233363479 0.688480794
1413393312555760384.000000 0.155063272 -1.352670908 0.517318428 -0.685873568 0.017595239 0.235449612 0.688354135
1413393312605760512.000000 0.156472862 -1.335249066 0.518176496 -0.687034845 0.015948903 0.232382149 0.688278615
1413393312655760384.000000 0.157387018 -1.318391681 0.518065333 -0.688810408 0.011802838 0.227772087 0.688128591
1413393312705760512.000000 0.158650458 -1.301689148 0.517876863 0.690284967 -0.005868515 -0.223516166 -0.688122749
1413393312755760384.000000 0.159245193 -1.285310268 0.517246366 0.691018105 -0.003251944 -0.221139386 -0.688172162
1413393312805760512.000000 0.160612464 -1.269507170 0.517743886 -0.691430688 0.001741787 0.219325960 0.688343525
1413393312855760384.000000 0.161167443 -1.253476381 0.517089725 -0.690932631 0.001825034 0.218355194 0.689151525
1413393312905760512.000000 0.162245303 -1.237597466 0.516369581 -0.690473139 0.004497925 0.216111571 0.690306067
1413393312955760384.000000 0.163494736 -1.222298503 0.515772283 -0.689068019 0.007724920 0.215652749 0.691823304
1413393313005760512.000000 0.166712567 -1.208087921 0.514961243 -0.688348949 0.014045825 0.211841166 0.693615079
1413393313055760384.000000 0.168447077 -1.194354892 0.514327228 -0.685933530 0.012279585 0.212733924 0.695764899
1413393313105760512.000000 0.171108708 -1.181979418 0.513155162 -0.683999002 0.007216947 0.211879879 0.697997391
1413393313155760384.000000 0.173317641 -1.170205593 0.512243509 -0.681626856 0.000689797 0.212061450 0.700295925
1413393313205760512.000000 0.177137733 -1.159260511 0.511148512 0.678961992 0.004252722 -0.211351499 -0.703081131
1413393313255760384.000000 0.179932997 -1.147876978 0.509480655 -0.676452696 -0.009140348 0.211161911 0.705506086
1413393313305760512.000000 0.185054734 -1.136455774 0.508353233 -0.673256457 -0.008721196 0.212814912 0.708067536
1413393313355760384.000000 0.190127894 -1.125306368 0.507385552 -0.670424998 -0.008049144 0.214309201 0.710307777
1413393313405760512.000000 0.195005909 -1.114621401 0.506102920 -0.668591022 -0.006945221 0.215052992 0.711821675
1413393313455760384.000000 0.196546480 -1.105696678 0.505868077 -0.667196333 -0.003251924 0.215890452 0.712902486
1413393313505760512.000000 0.201412305 -1.093829513 0.504275024 -0.666532755 0.002373376 0.215883613 0.713528454
1413393313555760384.000000 0.205372959 -1.081536174 0.501919270 -0.667016268 0.009510946 0.215288788 0.713196814
1413393313605760512.000000 0.206646860 -1.070634723 0.499378413 -0.667900503 0.017313451 0.215723291 0.712090313
1413393313655760384.000000 0.201089427 -1.061623216 0.498669386 -0.669960380 0.026089841 0.215432093 0.709972858
1413393313705760512.000000 0.198701978 -1.052414417 0.493842781 -0.673616111 0.031118061 0.213402450 0.706917584
1413393313755760384.000000 0.195310310 -1.045161724 0.487649322 -0.678653538 0.032415252 0.209163621 0.703298867
1413393313805760512.000000 0.191756338 -1.040472746 0.480693877 -0.683410883 0.033099521 0.205095083 0.699849963
1413393313855760384.000000 0.191115841 -1.035326481 0.473792374 -0.688181937 0.030269161 0.202530041 0.696039617
1413393313905760512.000000 0.185030013 -1.034871817 0.466248631 -0.691314876 0.021877917 0.206379965 0.692107260
1413393313955760384.000000 0.180423662 -1.035184145 0.457019687 -0.693919897 0.013680138 0.213036016 0.687680006
1413393314005760512.000000 0.174430937 -1.037244558 0.448175311 -0.696550965 0.006689757 0.219627663 0.683034241
1413393314055760384.000000 0.175902665 -1.037792683 0.433747709 0.698826075 -0.001545268 -0.226047441 -0.678632736
1413393314105760512.000000 0.172221750 -1.039113998 0.424475431 0.700144768 0.000886035 -0.231016561 -0.675594509
1413393314155760384.000000 0.169456303 -1.040255427 0.414327502 0.701393247 0.002708524 -0.232542217 -0.673768759
1413393314205760512.000000 0.167097658 -1.040626049 0.404217541 0.701954603 0.004150408 -0.232153490 -0.673310697
1413393314255760384.000000 0.165127933 -1.039965630 0.394105196 0.701441944 0.006453913 -0.229902595 -0.674597979
1413393314305760512.000000 0.163362876 -1.038650751 0.384026289 0.699218988 0.006883882 -0.228187412 -0.677477717
1413393314355760384.000000 0.162978128 -1.040916443 0.373398542 -0.695887864 -0.008476263 0.225329846 0.681831896
1413393314405760512.000000 0.160934538 -1.038998842 0.364371955 -0.690870047 -0.012032893 0.222807914 0.687684834
1413393314455760384.000000 0.158919066 -1.036614418 0.355702043 -0.684583426 -0.014635404 0.220517442 0.694624782
1413393314505760512.000000 0.156761184 -1.033592939 0.348084450 -0.676871598 -0.017193381 0.218255207 0.702790201
1413393314555760384.000000 0.154146731 -1.031927586 0.342372656 0.668097317 0.018289214 -0.214103222 -0.712370276
1413393314605760512.000000 0.153490528 -1.030345201 0.335952222 -0.658566773 -0.020607589 0.210895106 0.722072303
1413393314655760384.000000 0.151790589 -1.025805116 0.331283629 -0.648101687 -0.023025898 0.207519934 0.732372463
1413393314705760512.000000 0.150388509 -1.020523310 0.327311695 -0.637988746 -0.025319539 0.204175755 0.742052317
1413393314755760384.000000 0.148604885 -1.014718056 0.324191958 -0.628529072 -0.027208017 0.202738270 0.750405312
1413393314805760512.000000 0.146023333 -1.007661819 0.323064744 0.619710803 0.028827317 -0.200986236 -0.758110940
1413393314855760384.000000 0.143486306 -1.000043392 0.322278380 0.610776305 0.029142445 -0.200142980 -0.765536308
1413393314905760512.000000 0.143591225 -0.995074689 0.321016133 -0.601851285 -0.030051801 0.199611843 0.772675276
1413393314955760384.000000 0.141171455 -0.985461712 0.322325051 -0.592695415 -0.029960927 0.198181272 0.780088961
1413393315005760512.000000 0.138329715 -0.974553347 0.324536502 -0.583773434 -0.029408941 0.197724238 0.786923647
1413393315055760384.000000 0.135275677 -0.962424517 0.327265829 -0.576583982 -0.028115973 0.197571769 0.792291522
1413393315105760512.000000 0.131920472 -0.949199438 0.331081212 0.570367694 0.026767420 -0.197139665 -0.796931744
1413393315155760384.000000 0.127870783 -0.934620976 0.335060418 0.565877378 0.027984101 -0.195446625 -0.800500095
1413393315205760512.000000 0.130715296 -0.919745445 0.337948978 -0.563451588 -0.027821060 0.191613138 0.803139269
1413393315255760384.000000 0.126064062 -0.902892113 0.342942059 -0.562496543 -0.029403329 0.187098756 0.804814994
1413393315305760512.000000 0.121429138 -0.885354519 0.348534822 -0.563018501 -0.030217145 0.181571230 0.805685401
1413393315355760384.000000 0.117444180 -0.867251158 0.355023593 -0.564911246 -0.030107778 0.174678713 0.805888474
1413393315405760512.000000 0.110903621 -0.849886537 0.362545401 0.567529023 0.030379858 -0.167260811 -0.805612683
1413393315455760384.000000 0.107783474 -0.831565022 0.371403217 0.570793152 0.029335678 -0.159625769 -0.804893911
1413393315505760512.000000 0.104520291 -0.813750863 0.381876260 0.572974980 0.026473749 -0.156657368 -0.804025769
1413393315555760384.000000 0.102745228 -0.796421766 0.394069791 0.575139999 0.023999132 -0.153687924 -0.803130150
1413393315605760512.000000 0.103667267 -0.779594421 0.407842904 0.576277196 0.020131351 -0.153939202 -0.802372813
1413393315655760384.000000 0.118388541 -0.758891702 0.419798642 -0.576561213 -0.014882457 0.155634940 0.801956058
1413393315705760512.000000 0.124260940 -0.744490743 0.434798926 -0.577043653 -0.012039041 0.157257855 0.801339984
1413393315755760384.000000 0.133861989 -0.731027484 0.449813485 -0.576566935 -0.007537691 0.161321670 0.800930142
1413393315805760512.000000 0.146868199 -0.718622506 0.464611083 -0.575316787 -0.005393081 0.166476116 0.800791681
1413393315855760384.000000 0.165397346 -0.705759048 0.478011966 -0.573767006 -0.000045935 0.171909466 0.800773799
1413393315905760512.000000 0.182579637 -0.695576310 0.491860211 -0.572649062 0.000945844 0.176381916 0.800600827
1413393315955760384.000000 0.201448709 -0.685728192 0.505304933 -0.571586549 0.003057176 0.178510666 0.800882936
1413393316005760512.000000 0.219963849 -0.676202834 0.518351138 -0.571569324 0.003266664 0.178886995 0.800810456
1413393316055760384.000000 0.241839647 -0.661457896 0.530400276 -0.571060717 0.003314681 0.179611593 0.801010907
1413393316105760512.000000 0.260803878 -0.652460635 0.543143749 -0.571206331 0.001806747 0.177917674 0.801289856
1413393316155760384.000000 0.280980766 -0.643948674 0.555276513 -0.572240293 0.000975939 0.174560264 0.801292002
1413393316205760512.000000 0.302200764 -0.635972321 0.567082107 -0.573085010 0.000328783 0.171274066 0.801397979
1413393316255760384.000000 0.327527374 -0.625760376 0.578295827 -0.572846115 -0.001180384 0.169286147 0.801990211
1413393316305760512.000000 0.349674463 -0.619080007 0.590201795 -0.572752297 -0.001059479 0.167984396 0.802330971
1413393316355760384.000000 0.371942639 -0.613112092 0.602511048 -0.571416736 -0.000889044 0.168790519 0.803113937
1413393316405760512.000000 0.394720197 -0.607912660 0.614795208 -0.570372105 -0.000739750 0.168937668 0.803825438
1413393316455760384.000000 0.418684810 -0.602162838 0.627791643 0.568756700 0.001288120 -0.171039701 -0.804524422
1413393316505760512.000000 0.442613602 -0.591242015 0.640315473 -0.566930532 -0.001173316 0.173038483 0.805385649
1413393316555760384.000000 0.465550721 -0.587225199 0.653210461 -0.565694630 -0.001871370 0.174099207 0.806024492
1413393316605760512.000000 0.487964034 -0.583404303 0.666339338 -0.564442873 -0.002728171 0.175043285 0.806694925
1413393316655760384.000000 0.509529591 -0.579704642 0.680068374 -0.562853575 -0.004187117 0.176266879 0.807532310
1413393316705760512.000000 0.530621052 -0.571455002 0.694444537 -0.561249077 -0.006152636 0.177276105 0.808415055
1413393316755760384.000000 0.548952222 -0.567800462 0.709425330 -0.559765339 -0.008347026 0.177817255 0.809304714
1413393316805760512.000000 0.564912081 -0.563983321 0.725452185 -0.558214664 -0.009189586 0.178009093 0.810323894
1413393316855760384.000000 0.577567101 -0.559997916 0.742628098 -0.556621194 -0.010729302 0.178049341 0.811391592
1413393316905760512.000000 0.587292433 -0.555185497 0.761004984 0.555293262 0.011505220 -0.177089930 -0.812500000
1413393316955760384.000000 0.594015956 -0.550627053 0.780396223 0.553587496 0.012088293 -0.177383184 -0.813590825
1413393317005760512.000000 0.599499106 -0.545723975 0.800450563 0.552636623 0.011289140 -0.175884455 -0.814573526
1413393317055760384.000000 0.603538275 -0.540777504 0.821303487 0.552519202 0.009607487 -0.173177019 -0.815254569
1413393317105760512.000000 0.605844617 -0.536034465 0.842964590 0.552379251 0.006381938 -0.170163110 -0.816015303
1413393317155760384.000000 0.607415438 -0.531462312 0.864915133 0.552473545 0.003093675 -0.166978568 -0.816628218
1413393317205760512.000000 0.611839771 -0.514925003 0.887357414 -0.553091526 -0.000373636 0.163430139 0.816933513
1413393317255760384.000000 0.614148259 -0.511288047 0.909321010 -0.553536296 0.002191313 0.161637858 0.816985965
1413393317305760512.000000 0.617066979 -0.507963002 0.931373298 -0.554144681 0.004430105 0.159820139 0.816922069
1413393317355760384.000000 0.620230734 -0.505481720 0.953218818 -0.554728746 0.006541934 0.159123182 0.816647470
1413393317405760512.000000 0.623891950 -0.505476296 0.976166248 0.555860519 -0.007221226 -0.158275917 -0.816036642
1413393317455760384.000000 0.627569854 -0.505605400 0.998298168 0.556414366 -0.007301861 -0.157927796 -0.815725744
1413393317505760512.000000 0.630533755 -0.506752372 1.020706534 0.557148159 -0.007661460 -0.157457456 -0.815312505
1413393317555760384.000000 0.631390512 -0.509232104 1.043728828 0.557966769 -0.008864523 -0.157326147 -0.814765692
1413393317605760512.000000 0.629685521 -0.512873352 1.067662477 0.558064997 -0.008258075 -0.158300743 -0.814515948
1413393317655760384.000000 0.625612617 -0.517312586 1.092493176 0.558616102 -0.008786422 -0.159296229 -0.813938320
1413393317705760512.000000 0.621671140 -0.507648289 1.117078662 -0.558409631 0.009485771 0.160857663 0.813765109
1413393317755760384.000000 0.615606129 -0.513603985 1.142242074 -0.558740973 0.009528095 0.161902770 0.813329756
1413393317805760512.000000 0.610402763 -0.520147681 1.167241693 -0.559376001 0.009533546 0.163435131 0.812586427
1413393317855760384.000000 0.606078386 -0.527306378 1.191696048 -0.560243607 0.008088727 0.163981959 0.811893880
1413393317905760512.000000 0.598732829 -0.536478758 1.216530919 0.561808646 -0.005788694 -0.163524881 -0.810923696
1413393317955760384.000000 0.593741953 -0.545816898 1.240659952 0.563082695 -0.003422339 -0.165034741 -0.809746742
1413393318005760512.000000 0.588982046 -0.555847049 1.264789581 0.565052927 -0.001208357 -0.165287107 -0.808327913
1413393318055760384.000000 0.583772719 -0.566478848 1.289409041 0.565999329 0.000705805 -0.168796137 -0.806940079
1413393318105760512.000000 0.578861356 -0.577510834 1.314230204 0.567189813 0.001519711 -0.171675980 -0.805494189
1413393318155760384.000000 0.581988394 -0.582722783 1.336157799 -0.567358732 -0.002813467 0.176260293 0.804380834
1413393318205760512.000000 0.576612890 -0.594044685 1.361580133 -0.567721248 -0.002082140 0.181301489 0.803005695
1413393318255760384.000000 0.571319163 -0.605065584 1.387247801 -0.567610204 0.000491754 0.186241344 0.801955521
1413393318305760512.000000 0.565789223 -0.615936637 1.412516713 -0.567911983 0.003767634 0.189894959 0.800875664
1413393318355760384.000000 0.558320940 -0.626332164 1.438440681 0.568126440 -0.006556587 -0.193438783 -0.799856782
1413393318405760512.000000 0.553211331 -0.634743214 1.462697029 -0.568298042 0.007904476 0.195631653 0.799189091
1413393318455760384.000000 0.545755029 -0.644587159 1.486923456 -0.568487406 0.009846658 0.197210938 0.798644483
1413393318505760512.000000 0.537325561 -0.653933883 1.510385513 -0.569125056 0.010933848 0.198320061 0.797901213
1413393318555760384.000000 0.528250277 -0.663336515 1.533203244 -0.569713950 0.011697574 0.198172003 0.797506750
1413393318605760512.000000 0.522701979 -0.677929878 1.549579263 -0.569607139 0.011460992 0.199104294 0.797354341
1413393318655760384.000000 0.513751149 -0.686418653 1.570427179 -0.570049167 0.012202651 0.199235797 0.796994507
1413393318705760512.000000 0.505439520 -0.694626570 1.590224028 -0.569745064 0.012627320 0.200103715 0.796987951
1413393318755760384.000000 0.498272926 -0.702569246 1.608491898 -0.569487453 0.013569055 0.200255200 0.797118425
1413393318805760512.000000 0.492734164 -0.710364938 1.625189900 0.569852471 -0.013540964 -0.198673382 -0.797253907
1413393318855760384.000000 0.488732040 -0.725268245 1.638077497 -0.570705831 0.014855537 0.195871294 0.797313392
1413393318905760512.000000 0.485454798 -0.732906222 1.651971936 -0.571763933 0.018525315 0.191313267 0.797585189
1413393318955760384.000000 0.482866436 -0.740958929 1.664533377 -0.572661519 0.022063386 0.186708733 0.797942281
1413393319005760512.000000 0.480494082 -0.749877930 1.675829649 -0.573501885 0.024544753 0.183135703 0.798094273
1413393319055760384.000000 0.479258865 -0.758413076 1.685588837 0.573155284 -0.024140807 -0.181974560 -0.798620999
1413393319105760512.000000 0.477627486 -0.768737078 1.694749117 0.571771026 -0.022182416 -0.184609488 -0.799065232
1413393319155760384.000000 0.475105613 -0.791943908 1.703060031 -0.570447326 0.018550752 0.188462868 0.799204290
1413393319205760512.000000 0.475520343 -0.803891420 1.709786415 -0.568592668 0.015936134 0.191634163 0.799828053
1413393319255760384.000000 0.476389825 -0.816339493 1.715394497 -0.566891670 0.011593908 0.195248365 0.800235987
1413393319305760512.000000 0.476657540 -0.829023600 1.720179558 -0.565144837 0.007955118 0.198971435 0.800598800
1413393319355760384.000000 0.476026058 -0.843171716 1.724336147 0.563875198 -0.004636150 -0.202042773 -0.800750971
1413393319405760512.000000 0.473431557 -0.860491991 1.728390813 -0.563087404 0.001309261 0.203766957 0.800880730
1413393319455760384.000000 0.468582451 -0.871849895 1.732978225 -0.562152326 -0.001166122 0.205663428 0.801052988
1413393319505760512.000000 0.462207526 -0.882394910 1.737610221 -0.560355961 -0.004852669 0.209239423 0.801371694
1413393319555760384.000000 0.454014719 -0.891682386 1.742398858 -0.557883620 -0.007611306 0.215196997 0.801497519
1413393319605760512.000000 0.442756712 -0.905260444 1.750133157 -0.555866539 -0.008818060 0.220434189 0.801463366
1413393319655760384.000000 0.432585895 -0.912459850 1.753770113 -0.553424358 -0.010810545 0.225883961 0.801611602
1413393319705760512.000000 0.422270119 -0.918418765 1.756310821 -0.551854551 -0.012240957 0.228884876 0.801822007
1413393319755760384.000000 0.412010103 -0.921909451 1.758334517 -0.552831113 -0.013292854 0.224359006 0.802411437
1413393319805760512.000000 0.397982508 -0.925712585 1.762548685 -0.555141151 -0.016610835 0.216508076 0.802911460
1413393319855760384.000000 0.385245025 -0.925875068 1.764845252 -0.557213545 -0.017640630 0.208056778 0.803687990
1413393319905760512.000000 0.371121079 -0.924983025 1.767569542 -0.559226930 -0.018160658 0.199767873 0.804380715
1413393319955760384.000000 0.355543882 -0.923254251 1.771157384 -0.560948491 -0.017957600 0.192616001 0.804930747
1413393320005760512.000000 0.339078546 -0.915518045 1.778981209 -0.562726259 -0.016688760 0.186468244 0.805164754
1413393320055760384.000000 0.323443711 -0.913105488 1.783406615 -0.563599944 -0.015436002 0.182426661 0.805504441
1413393320105760512.000000 0.307586640 -0.910881877 1.788312316 -0.564536989 -0.012590305 0.178553700 0.805765569
1413393320155760384.000000 0.291753232 -0.908416629 1.794064999 -0.566012204 -0.008202143 0.174245849 0.805730343
1413393320205760512.000000 0.274860024 -0.902874589 1.801760435 -0.567488134 -0.002474396 0.170963481 0.805433214
1413393320255760384.000000 0.260953099 -0.902279735 1.808042049 -0.568697453 0.000500715 0.168999687 0.804998159
1413393320305760512.000000 0.249201834 -0.902370811 1.814255714 -0.569075346 -0.000074722 0.171176553 0.804271042
1413393320355760384.000000 0.240141183 -0.901798606 1.820673943 0.569300771 0.001032543 -0.173746407 -0.803559482
1413393320405760512.000000 0.233430043 -0.895578980 1.828061581 -0.568531930 -0.003448704 0.178621337 0.803028047
1413393320455760384.000000 0.232954293 -0.897292376 1.832660556 -0.568128884 -0.007655471 0.183131337 0.802267969
1413393320505760512.000000 0.235752463 -0.898740172 1.836857557 -0.568386912 -0.011647223 0.185512289 0.801489830
1413393320555760384.000000 0.241987661 -0.900148988 1.839735508 -0.568759501 -0.014360984 0.186443120 0.800965250
1413393320605760512.000000 0.242626652 -0.900474191 1.845729828 -0.569650173 -0.015401288 0.186963081 0.800191402
1413393320655760384.000000 0.238074183 -0.900166392 1.853971243 -0.570827901 -0.018362090 0.186507836 0.799395561
1413393320705760512.000000 0.227350295 -0.897635221 1.864560008 0.571440637 0.019300908 -0.186474934 -0.798943162
1413393320755760384.000000 0.210859612 -0.889740467 1.873553276 -0.571692348 -0.018951949 0.185403243 0.799020946
1413393320805760512.000000 0.187451631 -0.887889028 1.889704943 -0.572034717 -0.015958998 0.184839830 0.798971772
1413393320855760384.000000 0.176453799 -0.893616915 1.900745988 -0.577528536 0.000609266 0.174878225 0.797419667
1413393320905760512.000000 0.191940755 -0.896868110 1.890968800 -0.580480695 0.001134271 0.168309510 0.796688676
1413393320955760384.000000 0.202016190 -0.906630039 1.881051898 -0.579354584 -0.018245088 0.175186709 0.795817256
1413393321005760512.000000 0.202882230 -0.909356236 1.877233744 -0.578442574 -0.033720583 0.177189708 0.795531929
1413393321055760384.000000 0.197238490 -0.911364436 1.876510143 0.577315927 0.036698826 -0.176787615 -0.796307504
1413393321105760512.000000 0.182682246 -0.912630558 1.879719973 0.577285647 0.028066721 -0.175511867 -0.796962440
1413393321155760384.000000 0.169965297 -0.912410498 1.880580425 -0.576514304 0.009126191 0.174845159 0.798108518
1413393321205760512.000000 0.181606367 -0.913908005 1.874624491 -0.581986666 0.013723474 0.161553234 0.796871245
1413393321255760384.000000 0.188572764 -0.916701674 1.873511076 0.584340692 -0.002938412 -0.160709247 -0.795430601
1413393321305760512.000000 0.179648578 -0.914739966 1.877236843 0.585790515 0.009673837 -0.171952099 -0.791952312
1413393321355760384.000000 0.173048943 -0.909062028 1.878746986 0.581735909 -0.001037346 -0.180102155 -0.793186963
1413393321405760512.000000 0.177895576 -0.908712983 1.875474691 0.583774209 -0.003881837 -0.174698085 -0.792889118
1413393321455760384.000000 0.178643629 -0.908262491 1.877494216 0.584486485 -0.007549770 -0.173162788 -0.792674720
1413393321505760512.000000 0.174185723 -0.914306164 1.876952410 -0.585570455 0.003663845 0.170589224 0.792460263
1413393321555760384.000000 0.174972475 -0.912017226 1.876231194 -0.584119916 0.003821653 0.175332770 0.792494655
1413393321605760512.000000 0.174620375 -0.911138058 1.876545191 0.584384680 -0.003738221 -0.174231142 -0.792542875
1413393321655760384.000000 0.175427869 -0.910573840 1.876909256 0.584897637 -0.004846034 -0.172830626 -0.792465091
1413393321705760512.000000 0.175749168 -0.909110904 1.876353025 0.584913969 -0.005472392 -0.172638640 -0.792490780
1413393321755760384.000000 0.175498724 -0.907712936 1.876722813 0.584472001 -0.004346616 -0.174044847 -0.792516232
1413393321805760512.000000 0.175910532 -0.906643629 1.876762986 0.584806800 -0.004868648 -0.173197880 -0.792451739
1413393321855760384.000000 0.175721526 -0.905669808 1.876597285 0.584732592 -0.005383727 -0.173306614 -0.792479455
1413393321905760512.000000 0.175913244 -0.904502869 1.876470804 0.584836364 -0.005451596 -0.173094779 -0.792448699
1413393321955760384.000000 0.175434649 -0.903764963 1.876980901 0.584610641 -0.005007979 -0.173693508 -0.792487144
1413393322005760512.000000 0.173893362 -0.912183285 1.876082540 -0.584832132 0.005461010 0.173074901 0.792456150
1413393322055760384.000000 0.173648447 -0.911858201 1.875934124 -0.584663212 0.005680785 0.173323065 0.792524993
1413393322105760512.000000 0.174385667 -0.911619902 1.876299381 0.584726274 -0.005316359 -0.173286483 -0.792488992
1413393322155760384.000000 0.174618006 -0.911419034 1.876243114 0.584638119 -0.005382050 -0.173445016 -0.792518854
1413393322205760512.000000 0.174809843 -0.911319017 1.876183510 0.584654033 -0.005580768 -0.173245639 -0.792549312
1413393322255760384.000000 0.174772844 -0.911174297 1.876124501 0.584736109 -0.005532256 -0.173373669 -0.792461157
1413393322305760512.000000 0.174685895 -0.911118865 1.876024246 0.584721386 -0.005454519 -0.173443481 -0.792457342
1413393322355760384.000000 0.174294323 -0.911424637 1.876032233 0.584706306 -0.005610899 -0.173329279 -0.792492330
1413393322405760512.000000 0.173882455 -0.911801696 1.875934601 0.584747553 -0.005560974 -0.173397481 -0.792447329
1413393322455760384.000000 0.173722744 -0.912189722 1.875893950 0.584818780 -0.005567984 -0.173389897 -0.792396367
1413393322505760512.000000 0.173771247 -0.912839890 1.876385927 -0.584657848 0.005549542 0.173422679 0.792508006
1413393322555760384.000000 0.173621461 -0.913296819 1.876226902 -0.584637582 0.005587345 0.173314735 0.792546391
1413393322605760512.000000 0.174014926 -0.913437247 1.876232028 0.584659934 -0.005485913 -0.173426762 -0.792506099
1413393322655760384.000000 0.174180686 -0.913750648 1.876089454 0.584683955 -0.005467600 -0.173484892 -0.792475820
1413393322705760512.000000 0.174337268 -0.914116502 1.875971437 0.584623277 -0.005459252 -0.173537672 -0.792509079
1413393322755760384.000000 0.174371988 -0.914433599 1.875889897 0.584584415 -0.005478016 -0.173576728 -0.792529047
1413393322805760512.000000 0.174306750 -0.914730072 1.875865459 0.584641159 -0.005490718 -0.173522621 -0.792498887
1413393322855760384.000000 0.174218774 -0.914945483 1.875860453 0.584645867 -0.005485279 -0.173550859 -0.792489231
1413393322905760512.000000 0.174172252 -0.915056467 1.875883937 0.584646285 -0.005497262 -0.173611253 -0.792475700
1413393322955760384.000000 0.174105316 -0.915122032 1.875849962 0.584688485 -0.005575178 -0.173614115 -0.792443335
1413393323005760512.000000 0.174162626 -0.913823366 1.876130581 -0.584564030 0.005564819 0.173640639 0.792529464
1413393323055760384.000000 0.174054489 -0.913712621 1.876168966 -0.584544539 0.005613447 0.173654929 0.792540312
1413393323105760512.000000 0.174280986 -0.914438844 1.876109838 0.584481418 -0.005571079 -0.173684493 -0.792580664
1413393323155760384.000000 0.174504042 -0.915749907 1.876178980 0.584438741 -0.005596278 -0.173700169 -0.792608619
1413393323205760512.000000 0.174375936 -0.914991617 1.875977755 0.584498823 -0.005636585 -0.173705265 -0.792562842
1413393323255760384.000000 0.174310580 -0.915153265 1.875865579 0.584521949 -0.005618070 -0.173750192 -0.792536020
1413393323305760512.000000 0.174266189 -0.915271163 1.875816345 0.584550500 -0.005650309 -0.173800394 -0.792503834
1413393323355760384.000000 0.174153715 -0.915149927 1.875749946 0.584573150 -0.005629298 -0.173816741 -0.792483687
1413393323405760512.000000 0.174068838 -0.914827108 1.875797987 0.584608674 -0.005620030 -0.173908576 -0.792437375
1413393323455760384.000000 0.173894808 -0.914634228 1.875899792 0.584592760 -0.005683917 -0.173940226 -0.792441726
1413393323505760512.000000 0.174432665 -0.914667845 1.875648737 -0.584431231 0.005719034 0.173925325 0.792563856
1413393323555760384.000000 0.174405873 -0.914433956 1.875755310 -0.584436536 0.005682876 0.173944399 0.792555988
1413393323605760512.000000 0.173852563 -0.914553642 1.876040578 0.584414423 -0.005679202 -0.174029574 -0.792553723
1413393323655760384.000000 0.173685327 -0.914426923 1.876144290 0.584441900 -0.005673860 -0.174065500 -0.792525530
1413393323705760512.000000 0.173678100 -0.914249778 1.876142144 0.584460139 -0.005697242 -0.174054608 -0.792514324
1413393323755760384.000000 0.173780113 -0.914053917 1.876065969 0.584478736 -0.005693042 -0.174112827 -0.792487860
1413393323805760512.000000 0.173999652 -0.913869858 1.875984430 0.584474146 -0.005703272 -0.174150273 -0.792482913
1413393323855760384.000000 0.174246043 -0.913705468 1.875944614 0.584486961 -0.005677681 -0.174110293 -0.792482436
1413393323905760512.000000 0.174411356 -0.913539410 1.875897646 0.584487557 -0.005709814 -0.174190983 -0.792464018
1413393323955760384.000000 0.174520075 -0.913479328 1.875839353 0.584524512 -0.005679476 -0.174141616 -0.792447865
1413393324005760512.000000 0.173761696 -0.914348364 1.875991106 -0.584420860 0.005653291 0.174202904 0.792511046
1413393324055760384.000000 0.173816919 -0.914347410 1.875953674 -0.584448993 0.005618025 0.174167141 0.792498410
1413393324105760512.000000 0.174336582 -0.913867474 1.875743389 0.584404647 -0.005596597 -0.174270660 -0.792508483
1413393324155760384.000000 0.174539357 -0.913661599 1.875674009 0.584418774 -0.005552054 -0.174263030 -0.792500019
1413393324205760512.000000 0.175181568 -0.913117766 1.875578165 0.584333599 -0.005578033 -0.174457699 -0.792519808
1413393324255760384.000000 0.175162047 -0.912675381 1.875628948 0.584342539 -0.005525620 -0.174451008 -0.792515099
1413393324305760512.000000 0.174932450 -0.912611246 1.875708222 0.584333837 -0.005524844 -0.174502760 -0.792510152
1413393324355760384.000000 0.174768001 -0.912604690 1.875802517 0.584342122 -0.005532405 -0.174511611 -0.792501986
1413393324405760512.000000 0.174616128 -0.912683964 1.875848770 0.584330916 -0.005556596 -0.174505204 -0.792511523
1413393324455760384.000000 0.174522534 -0.912782669 1.875876904 0.584347308 -0.005606513 -0.174539790 -0.792491496
1413393324505760512.000000 0.174219698 -0.914409876 1.875948906 -0.584389567 0.005551297 0.174399734 0.792491555
1413393324555760384.000000 0.174134761 -0.914266109 1.875830412 0.584368587 -0.005531767 -0.174449429 -0.792496204
1413393324605760512.000000 0.174049944 -0.914077401 1.875682712 0.584356904 -0.005519412 -0.174436629 -0.792507768
1413393324655760384.000000 0.174023554 -0.913863897 1.875614643 0.584338903 -0.005515147 -0.174452990 -0.792517304
1413393324705760512.000000 0.174020916 -0.913658977 1.875617146 0.584316909 -0.005508209 -0.174462214 -0.792531669
1413393324755760384.000000 0.173987359 -0.913504481 1.875688076 0.584305406 -0.005523683 -0.174454048 -0.792541802
1413393324805760512.000000 0.174002260 -0.913337231 1.875773430 0.584295869 -0.005552108 -0.174465597 -0.792546153
1413393324855760384.000000 0.173942178 -0.913222551 1.875808716 0.584298253 -0.005527653 -0.174480259 -0.792541325
1413393324905760512.000000 0.173868209 -0.913066983 1.875855565 0.584314764 -0.005574152 -0.174496487 -0.792525232
1413393324955760384.000000 0.173869491 -0.913186312 1.875924945 0.584315419 -0.005566030 -0.174515337 -0.792520583
1413393325005760512.000000 0.174888670 -0.914796710 1.875630379 -0.584278882 0.005464487 0.174577579 0.792534590
1413393325055760384.000000 0.174852848 -0.914775372 1.875672460 -0.584296942 0.005511777 0.174578100 0.792520821
1413393325105760512.000000 0.174060196 -0.914024591 1.875828743 0.584107518 -0.005549146 -0.174747914 -0.792622805
1413393325155760384.000000 0.174070969 -0.914337397 1.875685930 0.584202588 -0.005482093 -0.174674556 -0.792569399
1413393325205760512.000000 0.173269331 -0.913358450 1.875892639 0.584121466 -0.005535862 -0.174776107 -0.792606413
1413393325255760384.000000 0.173246264 -0.913143277 1.875864983 0.584125638 -0.005588622 -0.174734801 -0.792612076
1413393325305760512.000000 0.173638940 -0.913472295 1.875679255 0.584035873 -0.005639587 -0.174813747 -0.792660356
1413393325355760384.000000 0.173756629 -0.913143992 1.875775456 0.584047258 -0.005647292 -0.174832255 -0.792647839
1413393325405760512.000000 0.173853934 -0.913119197 1.875799894 0.584050596 -0.005708128 -0.174835145 -0.792644322
1413393325455760384.000000 0.174264058 -0.913715482 1.875599384 0.584319353 -0.005672045 -0.174701706 -0.792475939
1413393325505760512.000000 0.174314588 -0.915287137 1.875923395 -0.584313869 0.005557434 0.174772322 0.792465210
1413393325555760384.000000 0.174396276 -0.915395737 1.875911117 -0.584353268 0.005624941 0.174859747 0.792416394
1413393325605760512.000000 0.174319476 -0.914659381 1.875506163 0.584436536 -0.005547736 -0.174822733 -0.792363763
1413393325655760384.000000 0.174343944 -0.914299607 1.875346899 0.584441543 -0.005587882 -0.174900919 -0.792342484
1413393325705760512.000000 0.174381182 -0.913973331 1.875358701 0.584362090 -0.005588860 -0.174865752 -0.792408824
1413393325755760384.000000 0.174346864 -0.913780808 1.875560999 0.584289253 -0.005650099 -0.174876675 -0.792459726
1413393325805760512.000000 0.174323648 -0.913682461 1.875695467 0.584310710 -0.005644330 -0.174885184 -0.792442024
1413393325855760384.000000 0.174369231 -0.913721323 1.875913143 0.584285855 -0.005671084 -0.174891174 -0.792458832
1413393325905760512.000000 0.174353182 -0.913894534 1.876042604 0.584245145 -0.005705166 -0.174900040 -0.792486727
1413393325955760384.000000 0.174309075 -0.914160609 1.876058102 0.584265053 -0.005728839 -0.174904063 -0.792470932
1413393326005760512.000000 0.174515218 -0.914543509 1.875846505 -0.584221065 0.005678726 0.174982250 0.792486489
1413393326055760384.000000 0.174562812 -0.914813519 1.875824451 -0.584239781 0.005666694 0.174968064 0.792475879
1413393326105760512.000000 0.174856424 -0.914176822 1.875887990 0.584195673 -0.005647652 -0.175033987 -0.792493999
1413393326155760384.000000 0.174930230 -0.914013386 1.875907898 0.584230483 -0.005662196 -0.175052896 -0.792464077
1413393326205760512.000000 0.174876004 -0.913901925 1.875920773 0.584222376 -0.005645232 -0.175101802 -0.792459369
