1413393889605760512.000000 -0.000000251 0.000000022 0.000000314 0.000000017 0.000000008 -0.000000040 1.000000000
1413393889655760384.000000 0.003526390 0.002464377 -0.003314452 -0.001911437 -0.007028823 -0.001528838 0.999972284
1413393889705760512.000000 0.010970178 0.005535891 -0.007139991 -0.004292700 -0.011971420 -0.006167701 0.999900162
1413393889755760384.000000 0.013321350 0.005565312 -0.007692785 -0.006961795 -0.016451148 -0.009349212 0.999796748
1413393889805760512.000000 0.025252264 0.005629907 -0.012722763 -0.009330913 -0.019357065 -0.012747296 0.999687850
1413393889855760384.000000 0.043469138 0.005001227 -0.015930695 -0.012199691 -0.022454107 -0.018673630 0.999499023
1413393889905760512.000000 0.064764962 0.007328814 -0.019539183 -0.014651213 -0.022998579 -0.026280321 0.999282598
1413393889955760384.000000 0.093987584 0.004287178 -0.022751641 -0.017697752 -0.019631729 -0.033246834 0.999097645
1413393890005760512.000000 0.124254704 0.006154418 -0.027761726 -0.018874414 -0.013947049 -0.038972229 0.998964667
1413393890055760384.000000 0.161607832 -0.001408113 -0.031634346 -0.019816885 -0.009332615 -0.040389050 0.998943925
1413393890105760512.000000 0.198157132 -0.010285932 -0.033088490 -0.018692363 -0.005291710 -0.036302797 0.999152064
1413393890155760384.000000 0.230374873 -0.014962498 -0.036991756 -0.016558263 -0.000521391 -0.030559063 0.999395669
1413393890205760512.000000 0.247033894 -0.027430547 -0.033628050 -0.015563743 0.004639044 -0.025633125 0.999539554
1413393890255760384.000000 0.268072337 -0.038059376 -0.030047873 -0.014200476 0.007844729 -0.020905886 0.999649882
1413393890305760512.000000 0.286222965 -0.050001714 -0.025399348 -0.013155791 0.009571795 -0.016518453 0.999731243
1413393890355760384.000000 0.302351356 -0.059336711 -0.022193434 -0.011822934 0.009718715 -0.012885358 0.999799848
1413393890405760512.000000 0.316519588 -0.075028762 -0.010991969 -0.011527793 0.009323626 -0.010912118 0.999830604
1413393890455760384.000000 0.314667076 -0.084393300 -0.004152800 -0.010105305 0.013467965 -0.007391118 0.999831021
1413393890505760512.000000 0.319782943 -0.089149401 -0.002099206 -0.007653682 0.021219188 -0.003896946 0.999738038
1413393890555760384.000000 0.322273135 -0.099870212 0.005649713 -0.006131656 0.032637388 -0.001252685 0.999447703
1413393890605760512.000000 0.326278657 -0.114237033 0.016883699 -0.006644559 0.041743316 -0.001620493 0.999104977
1413393890655760384.000000 0.329448670 -0.124845915 0.019272776 -0.006870302 0.043126352 -0.002754349 0.999042213
1413393890705760512.000000 0.328769535 -0.145070165 0.035970725 -0.008894518 0.038700748 -0.004486496 0.999201179
1413393890755760384.000000 0.329732329 -0.157027736 0.038538385 -0.009553548 0.032735012 -0.006031862 0.999400258
1413393890805760512.000000 0.333071351 -0.166220546 0.038184002 -0.009304672 0.025946500 -0.006628646 0.999598026
1413393890855760384.000000 0.339088202 -0.177225083 0.037138045 -0.009810418 0.019878753 -0.007859768 0.999723375
1413393890905760512.000000 0.343125403 -0.188840732 0.037149981 -0.009851394 0.016228698 -0.008064033 0.999787271
1413393890955760384.000000 0.348566562 -0.206533730 0.041911453 -0.011322530 0.013058360 -0.009997785 0.999800622
1413393891005760512.000000 0.353835315 -0.218084812 0.040839374 -0.011429352 0.010928177 -0.009952113 0.999825418
1413393891055760384.000000 0.363455176 -0.227547958 0.033145294 -0.010632819 0.009094091 -0.011274745 0.999838591
1413393891105760512.000000 0.368900746 -0.241687074 0.033180840 -0.010628910 0.010019205 -0.010899739 0.999834001
1413393891155760384.000000 0.379324257 -0.257789612 0.032177363 -0.010442690 0.008982926 -0.009971412 0.999855459
1413393891205760512.000000 0.390062571 -0.274331778 0.036534224 -0.010556930 0.010013234 -0.010557784 0.999838412
1413393891255760384.000000 0.394945323 -0.288328081 0.036432412 -0.010034489 0.012337054 -0.009820436 0.999825299
1413393891305760512.000000 0.400061548 -0.297530681 0.030021882 -0.008263540 0.020676903 -0.009276715 0.999709070
1413393891355760384.000000 0.397214413 -0.318240166 0.040879715 -0.008600477 0.043050732 -0.008933233 0.998995960
1413393891405760512.000000 0.395203352 -0.339107960 0.044433314 -0.008140610 0.071966022 -0.008934060 0.997333944
1413393891455760384.000000 0.395792007 -0.346916229 0.037813146 -0.004715465 0.102027260 -0.006521686 0.994749129
1413393891505760512.000000 0.385280728 -0.361314505 0.032265101 -0.003434056 0.125527829 -0.005665723 0.992067993
1413393891555760384.000000 0.373825908 -0.377300769 0.026997339 -0.001693097 0.139466181 -0.003803508 0.990218163
1413393891605760512.000000 0.361397088 -0.378214359 -0.008342328 -0.000851105 0.143278927 -0.008686445 0.989643931
1413393891655760384.000000 0.349110425 -0.394200236 -0.031008963 -0.000709120 0.143862277 -0.008686008 0.989559412
1413393891705760512.000000 0.338039756 -0.421167016 -0.051826101 -0.002735362 0.143690690 -0.007185965 0.989592791
1413393891755760384.000000 0.325625151 -0.434978276 -0.093589500 -0.002386071 0.141801983 -0.007675400 0.989862502
1413393891805760512.000000 0.327373773 -0.447267681 -0.132768437 -0.002701196 0.137255058 -0.008029676 0.990499556
1413393891855760384.000000 0.316299021 -0.453469425 -0.186455205 -0.002216145 0.130422175 -0.008886591 0.991416276
1413393891905760512.000000 0.302902281 -0.471466571 -0.237903595 -0.003768140 0.117497973 -0.008395861 0.993030548
1413393891955760384.000000 0.253847152 -0.493267506 -0.312773168 -0.005609484 0.100044169 -0.010247371 0.994914412
1413393892005760512.000000 0.237401843 -0.504480124 -0.383964568 -0.005745031 0.075017802 -0.009615873 0.997119308
1413393892055760384.000000 0.214886144 -0.528400183 -0.452717483 0.007574989 -0.052256372 0.010160486 -0.998553336
1413393892105760512.000000 0.203294128 -0.539072335 -0.519389808 -0.008505818 0.033940721 -0.008683085 0.999349952
1413393892155760384.000000 0.187114105 -0.554536045 -0.595095932 -0.009764215 0.019999733 -0.009466618 0.999707520
1413393892205760512.000000 0.172139004 -0.570295691 -0.670516610 0.010742554 -0.010525804 0.009955550 -0.999837339
1413393892255760384.000000 0.156175733 -0.586351454 -0.745374620 0.012299456 -0.004724978 0.011363413 -0.999848664
1413393892305760512.000000 0.139036313 -0.602683723 -0.818304300 0.013294294 -0.001651277 0.010789033 -0.999852121
1413393892355760384.000000 0.120121703 -0.619239151 -0.888880491 0.014366216 0.002529674 0.010916054 -0.999834120
1413393892405760512.000000 0.085037626 -0.641544223 -0.945032179 -0.015995897 -0.004823310 -0.009460995 0.999815643
1413393892455760384.000000 0.061099917 -0.658400297 -1.010904670 -0.017139541 -0.007922633 -0.009356561 0.999777973
1413393892505760512.000000 0.035151161 -0.675382316 -1.073996663 0.018432247 0.009416673 0.010176422 -0.999734044
1413393892555760384.000000 0.007159958 -0.692908287 -1.134724736 0.019247929 0.012207321 0.009155238 -0.999698281
1413393892605760512.000000 -0.025297061 -0.709513426 -1.192767024 -0.020099910 -0.016469948 -0.009011230 0.999621749
1413393892655760384.000000 -0.056203447 -0.727575600 -1.249139905 -0.020941900 -0.024034418 -0.009114980 0.999450266
1413393892705760512.000000 -0.087077007 -0.745754063 -1.303284883 0.022267189 0.034877528 0.009676083 -0.999096692
1413393892755760384.000000 -0.119031921 -0.765280545 -1.356509924 -0.022768302 -0.048330165 -0.009296172 0.998528659
1413393892805760512.000000 -0.147327527 -0.784348726 -1.405085921 -0.023351885 -0.063100703 -0.010498602 0.997678757
1413393892855760384.000000 -0.173568889 -0.804253995 -1.451834440 0.024081597 0.075513765 0.010818761 -0.996795297
1413393892905760512.000000 -0.196553007 -0.824542463 -1.493385077 0.024043225 0.087749965 0.010681640 -0.995795071
1413393892955760384.000000 -0.216273770 -0.842538953 -1.527395725 -0.023445271 -0.098072886 -0.011005524 0.994842231
1413393893005760512.000000 -0.232483491 -0.864069343 -1.558882117 -0.023577360 -0.106307819 -0.012178039 0.993979156
1413393893055760384.000000 -0.245371968 -0.886227906 -1.585407853 0.022832351 0.110597216 0.012756900 -0.993521154
1413393893105760512.000000 -0.254487723 -0.908920586 -1.605589509 0.022131193 0.112141691 0.012871068 -0.993362367
1413393893155760384.000000 -0.259358585 -0.932057917 -1.620072246 0.021125225 0.108715445 0.012505524 -0.993769765
1413393893205760512.000000 -0.260206312 -0.955450118 -1.629046440 0.020284664 0.102490529 0.013960192 -0.994429231
1413393893255760384.000000 -0.257717878 -0.979272127 -1.632688165 0.019841325 0.096233264 0.013797898 -0.995065451
1413393893305760512.000000 -0.249600157 -1.000656247 -1.626817942 -0.018772002 -0.090174288 -0.010098960 0.995697856
1413393893355760384.000000 -0.241692916 -1.025037646 -1.620816469 -0.017267453 -0.086815424 -0.004421390 0.996064961
1413393893405760512.000000 -0.230997652 -1.049238920 -1.610121846 -0.016024055 -0.082152121 0.001593823 0.996489763
1413393893455760384.000000 -0.218181103 -1.073178530 -1.594306946 0.014459711 0.079043090 -0.007272388 -0.996739805
1413393893505760512.000000 -0.203404352 -1.095434070 -1.574645162 -0.012373825 -0.077487394 0.012401030 0.996839464
1413393893555760384.000000 -0.187276945 -1.118003488 -1.551373720 -0.010639699 -0.075379707 0.016328748 0.996964395
1413393893605760512.000000 -0.169558734 -1.139318705 -1.523530841 0.008790744 0.072883874 -0.020272121 -0.997095644
1413393893655760384.000000 -0.150649235 -1.158423424 -1.493643761 -0.006705907 -0.072960608 0.024630893 0.997008145
1413393893705760512.000000 -0.129886210 -1.176854253 -1.458336592 -0.005186927 -0.072093785 0.029118652 0.996959209
1413393893755760384.000000 -0.106354363 -1.192709327 -1.420977473 -0.003782658 -0.068663642 0.032681312 0.997097313
1413393893805760512.000000 -0.081207491 -1.206925392 -1.378651381 -0.003260091 -0.064682901 0.033727501 0.997330427
1413393893855760384.000000 -0.053356163 -1.219226360 -1.334669471 -0.003801883 -0.055692986 0.034117050 0.997857690
1413393893905760512.000000 -0.024243874 -1.229751706 -1.286635876 -0.004007148 -0.045681540 0.031986583 0.998435795
1413393893955760384.000000 0.005971591 -1.237716913 -1.237963676 -0.004434830 -0.033603184 0.030092360 0.998972356
1413393894005760512.000000 0.036676995 -1.244643331 -1.186071873 -0.005070883 -0.025002027 0.028930603 0.999255836
1413393894055760384.000000 0.068017684 -1.249866366 -1.133199096 0.004785642 0.019239683 -0.027206361 -0.999433279
1413393894105760512.000000 0.097044006 -1.254901767 -1.086871743 -0.004884700 -0.014761722 0.026957741 0.999515712
1413393894155760384.000000 0.129636467 -1.257558942 -1.031966805 -0.004106863 -0.013190316 0.027698403 0.999520898
1413393894205760512.000000 0.162857875 -1.258792639 -0.976374924 -0.003191068 -0.012461040 0.028764019 0.999503493
1413393894255760384.000000 0.195232987 -1.257872343 -0.923259437 -0.003187364 -0.011764648 0.029600564 0.999487579
1413393894305760512.000000 0.227981880 -1.255857229 -0.866379499 -0.002639400 -0.011395119 0.031700652 0.999429047
1413393894355760384.000000 0.258422881 -1.252269149 -0.808216512 -0.002581327 -0.010730861 0.032016959 0.999426425
1413393894405760512.000000 0.276854753 -1.249294877 -0.747398078 -0.003060906 -0.010033760 0.030754056 0.999471962
1413393894455760384.000000 0.298951626 -1.242801070 -0.684922218 -0.003571055 -0.009477369 0.028498521 0.999542534
1413393894505760512.000000 0.314636856 -1.235669613 -0.623109102 -0.004221946 -0.007951020 0.026247496 0.999615014
1413393894555760384.000000 0.331153065 -1.226692080 -0.557697952 -0.005675284 -0.005790739 0.023204723 0.999697864
1413393894605760512.000000 0.345068812 -1.216062069 -0.491863698 0.006772859 0.004956668 -0.020210467 -0.999760568
1413393894655760384.000000 0.354526371 -1.206787229 -0.425288677 -0.007785365 -0.002392883 0.017768616 0.999808967
1413393894705760512.000000 0.368411779 -1.194392085 -0.358251601 -0.008394836 -0.001038319 0.015970692 0.999836683
1413393894755760384.000000 0.382237554 -1.180936098 -0.292053670 0.008245624 -0.000515170 -0.014172089 -0.999865472
1413393894805760512.000000 0.397147119 -1.167027712 -0.225505412 0.007431853 -0.000510492 -0.014454680 -0.999867857
1413393894855760384.000000 0.412721932 -1.152662754 -0.159540266 0.006883236 -0.002161020 -0.014008893 -0.999875903
1413393894905760512.000000 0.423523068 -1.141696811 -0.100376152 -0.006579836 0.005706013 0.012716402 0.999881268
1413393894955760384.000000 0.440175802 -1.126977324 -0.036002621 -0.006223379 0.010629442 0.011257901 0.999860823
1413393895005760512.000000 0.458343178 -1.111176014 0.026173314 0.006137750 -0.016754750 -0.010009035 -0.999790728
1413393895055760384.000000 0.475783050 -1.095273137 0.095848367 -0.005388344 0.022791229 0.009369701 0.999681830
1413393895105760512.000000 0.493934005 -1.079356909 0.156894565 -0.005327656 0.024438815 0.007707817 0.999657452
1413393895155760384.000000 0.512140930 -1.063297629 0.216831073 -0.005138712 0.023234313 0.006316009 0.999696910
1413393895205760512.000000 0.529347122 -1.047311425 0.278564811 -0.004682186 0.020125164 0.006038159 0.999768317
1413393895255760384.000000 0.547582090 -1.030909419 0.335522056 -0.004721776 0.018233828 0.005313800 0.999808490
1413393895305760512.000000 0.564619780 -1.014743209 0.391910881 -0.004189624 0.019171888 0.005096754 0.999794483
1413393895355760384.000000 0.580366194 -0.998653650 0.452857375 -0.004461736 0.021478727 0.004249208 0.999750376
1413393895405760512.000000 0.593413830 -0.982650459 0.507452965 -0.004499207 0.024689915 0.004341750 0.999675691
1413393895455760384.000000 0.602406919 -0.966463387 0.560641706 0.005355122 -0.025898380 -0.003498728 -0.999644160
1413393895505760512.000000 0.611257255 -0.948822618 0.621844769 -0.007411072 0.027715273 0.004220610 0.999579549
1413393895555760384.000000 0.617407739 -0.931877315 0.673336148 -0.011074810 0.027041232 0.005963084 0.999555230
1413393895605760512.000000 0.623928308 -0.914907038 0.723379195 -0.015354827 0.026940497 0.009358766 0.999475300
1413393895655760384.000000 0.631679475 -0.897623718 0.775109231 -0.022061219 0.026490904 0.010195445 0.999353647
1413393895705760512.000000 0.640053630 -0.879993141 0.820955575 -0.030327396 0.030481406 0.010248668 0.999022603
1413393895755760384.000000 0.649053156 -0.862493575 0.868924856 -0.039308399 0.032272913 0.012760378 0.998624325
1413393895805760512.000000 0.658183277 -0.844646573 0.912196159 -0.049824424 0.035637401 0.015778422 0.997997284
1413393895855760384.000000 0.668932319 -0.826681137 0.956571460 -0.062449217 0.037325911 0.019256080 0.997164071
1413393895905760512.000000 0.678234160 -0.808313727 0.995136201 -0.077457845 0.038123887 0.022449771 0.996013522
1413393895955760384.000000 0.691349685 -0.783732653 1.050872207 -0.092781708 0.038438093 0.029016459 0.994521081
1413393896005760512.000000 0.700647414 -0.765836179 1.084548593 -0.111015566 0.036143307 0.032196447 0.992639244
1413393896055760384.000000 0.709049463 -0.748759210 1.117060065 0.130425811 -0.035055559 -0.037216328 -0.990139008
1413393896105760512.000000 0.719184756 -0.731345713 1.152588844 -0.151668787 0.034698069 0.041356675 0.986956120
1413393896155760384.000000 0.728303909 -0.715855002 1.181355357 -0.171678692 0.035955530 0.047531467 0.983348608
1413393896205760512.000000 0.738027692 -0.701272428 1.208929539 0.192914158 -0.038143117 -0.052067462 -0.979090571
1413393896255760384.000000 0.750535548 -0.684263885 1.246639371 -0.214915782 0.044211674 0.055841226 0.974032044
1413393896305760512.000000 0.759772182 -0.672495365 1.269267917 -0.236124948 0.049095951 0.059631776 0.968647897
1413393896355760384.000000 0.769257307 -0.661893249 1.290564775 0.257433265 -0.054076977 -0.064515762 -0.962622225
1413393896405760512.000000 0.780018568 -0.647607327 1.322727799 -0.277923346 0.059599690 0.073335774 0.955943763
1413393896455760384.000000 0.789703667 -0.641762733 1.337424159 -0.295773238 0.065636471 0.088175103 0.948912680
1413393896505760512.000000 0.798643708 -0.638200521 1.349211931 0.313512951 -0.067083701 -0.103249207 -0.941567361
1413393896555760384.000000 0.807137072 -0.636432409 1.356851339 0.330717117 -0.066141240 -0.121063598 -0.933592558
1413393896605760512.000000 0.814902961 -0.635276735 1.362063646 0.347794980 -0.063087597 -0.137260109 -0.925320625
1413393896655760384.000000 0.822824955 -0.634231746 1.364869952 0.364242494 -0.059619807 -0.152449191 -0.916805387
1413393896705760512.000000 0.834952891 -0.625388503 1.392163396 -0.380503416 0.056987282 0.168353930 0.907538712
1413393896755760384.000000 0.842421830 -0.624058783 1.390063167 -0.395251215 0.054765657 0.184938610 0.898095191
1413393896805760512.000000 0.849528611 -0.621911287 1.385127902 -0.409434825 0.053462766 0.200487256 0.888431072
1413393896855760384.000000 0.855569243 -0.615601182 1.379358649 0.423300564 -0.050105825 -0.216624424 -0.878282368
1413393896905760512.000000 0.860326886 -0.609623134 1.368832111 0.436509073 -0.044114713 -0.232742131 -0.867954433
1413393896955760384.000000 0.864138186 -0.601257503 1.355474710 0.449623972 -0.034361552 -0.245721862 -0.858066678
1413393897005760512.000000 0.866177320 -0.590502799 1.340177894 0.461679935 -0.017628573 -0.254569650 -0.849550009
1413393897055760384.000000 0.870958924 -0.570532739 1.343538046 -0.474553734 -0.004831075 0.257375240 0.841744244
1413393897105760512.000000 0.870399654 -0.552729845 1.327764273 -0.487120539 -0.026217638 0.251867145 0.835816503
1413393897155760384.000000 0.868974924 -0.527286768 1.313493490 0.499681145 0.043693282 -0.240788639 -0.830921471
1413393897205760512.000000 0.867526591 -0.499824643 1.300060987 0.512252450 0.056129023 -0.223891318 -0.827236176
1413393897255760384.000000 0.867215633 -0.469190121 1.288720012 0.524603069 0.061920807 -0.201502845 -0.824835777
1413393897305760512.000000 0.872601628 -0.437886238 1.291163564 -0.536042631 -0.061737139 0.176419273 0.823239446
1413393897355760384.000000 0.875615895 -0.404012322 1.286300302 -0.544266164 -0.057393283 0.156532884 0.822178662
1413393897405760512.000000 0.879481554 -0.370376766 1.287524581 0.548613012 0.048629817 -0.147230238 -0.821572959
1413393897455760384.000000 0.884223163 -0.336010695 1.292120218 0.549653530 0.036615342 -0.146407068 -0.821647942
1413393897505760512.000000 0.886307716 -0.273966491 1.318363905 -0.548299491 -0.024217017 0.149162591 0.822515547
1413393897555760384.000000 0.892959177 -0.241012275 1.329529643 -0.546707332 -0.015167125 0.152115300 0.823250949
1413393897605760512.000000 0.900196195 -0.208266973 1.346298337 0.544359386 0.010055387 -0.157847434 -0.823805749
1413393897655760384.000000 0.908281147 -0.176731408 1.363363504 0.541825891 0.007347625 -0.161857367 -0.824725926
1413393897705760512.000000 0.917332351 -0.145606637 1.382048249 0.539370120 0.006743364 -0.165095046 -0.825698495
1413393897755760384.000000 0.927874923 -0.114673793 1.401919007 0.538103163 0.007103038 -0.166229084 -0.826294482
1413393897805760512.000000 0.939659178 -0.084006548 1.422993064 0.536833704 0.008095844 -0.165314823 -0.827293754
1413393897855760384.000000 0.968913913 -0.074796736 1.426894903 -0.538457692 -0.010138555 0.163906306 0.826495767
1413393897905760512.000000 0.982548177 -0.044129491 1.449717522 -0.540913939 -0.011981877 0.162812859 0.825082183
1413393897955760384.000000 0.997248411 -0.013631463 1.473155975 -0.545951188 -0.014802890 0.160054371 0.822253466
1413393898005760512.000000 1.013970613 0.016290665 1.497386932 0.553316355 0.017521469 -0.156978592 -0.817857981
1413393898055760384.000000 1.037172198 0.042564511 1.523443699 -0.563506544 -0.019715296 0.152887866 0.811601460
1413393898105760512.000000 1.056582570 0.071113586 1.550942063 -0.575214446 -0.016261246 0.146506205 0.804611683
1413393898155760384.000000 1.079814315 0.098153353 1.581553698 -0.587906122 -0.005392391 0.141233236 0.796486318
1413393898205760512.000000 1.101688385 0.122322798 1.613044977 -0.600740314 0.010503576 0.138234764 0.787332177
1413393898255760384.000000 1.128001332 0.143305302 1.646335721 -0.612520754 0.029869111 0.134502158 0.778354287
1413393898305760512.000000 1.153139353 0.161892533 1.681890845 -0.621740758 0.050069839 0.132475853 0.770312726
1413393898355760384.000000 1.178596377 0.176325679 1.718734264 -0.628486156 0.073171355 0.133405536 0.762793660
1413393898405760512.000000 1.205443025 0.175522089 1.751283407 -0.633521020 0.096989550 0.133269802 0.755965233
1413393898455760384.000000 1.231657386 0.178340793 1.788174629 -0.636022151 0.121938556 0.134022042 0.750096619
1413393898505760512.000000 1.254806280 0.170457363 1.819573045 -0.636364996 0.140382171 0.139569104 0.745555460
1413393898555760384.000000 1.273904800 0.161514878 1.855775356 -0.631587803 0.145406306 0.158706442 0.744826317
1413393898605760512.000000 1.287078261 0.143548369 1.888492942 -0.626466870 0.133664608 0.182247266 0.745961785
1413393898655760384.000000 1.298384666 0.123767853 1.921324492 -0.620106339 0.117708057 0.209019408 0.746942997
1413393898705760512.000000 1.304325938 0.098265529 1.951232910 -0.613862038 0.095334545 0.234707609 0.747661114
1413393898755760384.000000 1.308295488 0.070939660 1.978937268 -0.606637836 0.069733776 0.261440247 0.747513711
1413393898805760512.000000 1.309554458 0.037069559 2.001645327 -0.598960161 0.040635422 0.287423909 0.746312976
1413393898855760384.000000 1.311004400 0.011095285 2.022411346 -0.591898501 0.011517434 0.310739756 0.743615806
1413393898905760512.000000 1.312625051 -0.010433674 2.038595438 -0.586536765 -0.012994794 0.329330355 0.739829242
1413393898955760384.000000 1.316538095 -0.026519299 2.050999403 -0.582888246 -0.036562070 0.342306703 0.736023605
1413393899005760512.000000 1.322349906 -0.037047625 2.058665037 -0.581211984 -0.058989026 0.349208206 0.732643545
1413393899055760384.000000 1.330365896 -0.036663294 2.063508987 -0.584680974 -0.076761223 0.344428837 0.730496168
1413393899105760512.000000 1.343418479 -0.026455879 2.066089153 0.592742026 0.086161785 -0.327422053 -0.730772078
1413393899155760384.000000 1.360196114 -0.006256104 2.066410780 -0.605742991 -0.079093136 0.299351573 0.732945025
1413393899205760512.000000 1.381993413 0.020884275 2.066895723 -0.621229291 -0.057642300 0.264629930 0.735338449
1413393899255760384.000000 1.407033682 0.043379068 2.066810608 -0.635398269 -0.026435765 0.228670925 0.737075150
1413393899305760512.000000 1.432157397 0.075414181 2.069612265 -0.647183359 0.011944276 0.193503052 0.737270415
1413393899355760384.000000 1.458548784 0.101253986 2.072091818 -0.655029893 0.048898552 0.163178563 0.736150563
1413393899405760512.000000 1.483286381 0.126939297 2.077458620 -0.659031689 0.082057998 0.139484867 0.734498262
1413393899455760384.000000 1.508170128 0.144737840 2.081510067 -0.660648108 0.110429190 0.121569499 0.732509613
1413393899505760512.000000 1.532722592 0.154633999 2.089057446 -0.659238338 0.141528353 0.108452477 0.730488002
1413393899555760384.000000 1.556460977 0.157373786 2.093840599 0.655856431 -0.167803138 -0.099162161 -0.729288220
1413393899605760512.000000 1.577720046 0.150735736 2.097862720 0.651143789 -0.187822253 -0.097113229 -0.728905857
1413393899655760384.000000 1.593194246 0.132091403 2.097608328 -0.643582225 0.198093131 0.105433762 0.731741011
1413393899705760512.000000 1.606350660 0.106270909 2.099302530 -0.635092616 0.195669219 0.122639313 0.737109661
1413393899755760384.000000 1.615159273 0.071953893 2.099165916 0.625178516 -0.179777160 -0.151634276 -0.744203627
1413393899805760512.000000 1.622461677 0.022803545 2.097211361 -0.615095019 0.157946974 0.183071464 0.750463784
1413393899855760384.000000 1.624880433 -0.026497841 2.090782642 -0.602671206 0.132020459 0.219433293 0.755782485
1413393899905760512.000000 1.623130679 -0.078303814 2.081077814 -0.589573681 0.100684285 0.257218689 0.759015262
1413393899955760384.000000 1.611430764 -0.131695986 2.071956158 -0.576169431 0.065740831 0.295151949 0.759336710
1413393900005760512.000000 1.605033636 -0.184842348 2.054084539 -0.565530956 0.034530632 0.326036632 0.756757975
1413393900055760384.000000 1.596021771 -0.234173059 2.032963514 -0.558995247 0.008836856 0.348080367 0.752519965
1413393900105760512.000000 1.587002158 -0.277339458 2.006791592 -0.556331396 -0.012515862 0.361969322 0.747875035
1413393900155760384.000000 1.576859832 -0.312854052 1.976976633 0.557858884 0.032625411 -0.366066933 -0.744126439
1413393900205760512.000000 1.561871767 -0.340215683 1.945081234 -0.561260164 -0.050861742 0.365456969 0.740838349
1413393900255760384.000000 1.549075365 -0.358814001 1.910340071 -0.567643225 -0.067815378 0.356341422 0.739055514
1413393900305760512.000000 1.535396576 -0.368719816 1.875014305 0.576756418 0.081505641 -0.339893460 -0.738363922
1413393900355760384.000000 1.515903592 -0.370183468 1.839747906 -0.587366462 -0.088421620 0.318803936 0.738611102
1413393900405760512.000000 1.502795100 -0.363180161 1.805871844 -0.599958122 -0.084376737 0.292808384 0.739725769
1413393900455760384.000000 1.487845302 -0.350338459 1.774040937 -0.612454176 -0.073798716 0.265986860 0.740746021
1413393900505760512.000000 1.473263264 -0.334110141 1.745467782 -0.624031961 -0.055733807 0.239220798 0.741789281
1413393900555760384.000000 1.457254887 -0.314798594 1.718506813 -0.634817779 -0.032907948 0.212027386 0.742272079
1413393900605760512.000000 1.440269232 -0.294970512 1.695837975 -0.644554138 -0.003004031 0.184023127 0.742075861
1413393900655760384.000000 1.420666933 -0.276394963 1.674063444 -0.651976645 0.027244488 0.158769161 0.740929604
1413393900705760512.000000 1.399681211 -0.260714531 1.656724453 -0.657164156 0.057719104 0.137495309 0.738849759
1413393900755760384.000000 1.376493573 -0.249785781 1.640268683 -0.659616590 0.083267801 0.123141713 0.736755550
1413393900805760512.000000 1.352480054 -0.245344877 1.626717687 -0.659417748 0.103445329 0.117026940 0.735372007
1413393900855760384.000000 1.327285051 -0.249006033 1.613349438 -0.656586409 0.116773903 0.120771527 0.735304296
1413393900905760512.000000 1.301690817 -0.259069204 1.600705504 -0.652057111 0.120154843 0.133095235 0.736661434
1413393900955760384.000000 1.275400400 -0.276525736 1.588412523 -0.644891560 0.115119040 0.154874161 0.739511013
1413393901005760512.000000 1.249346495 -0.299881220 1.574159026 -0.636899114 0.105453990 0.180371404 0.742095172
1413393901055760384.000000 1.224822879 -0.329434752 1.559784532 -0.627916694 0.092154078 0.207245529 0.744498193
1413393901105760512.000000 1.199706554 -0.361538053 1.541181207 -0.621275842 0.068415172 0.229317740 0.746156216
1413393901155760384.000000 1.168218613 -0.392398953 1.521696091 -0.614726603 0.039044108 0.250917107 0.746744514
1413393901205760512.000000 1.144580364 -0.425771236 1.498730183 -0.610536218 0.007485836 0.264270127 0.746559322
1413393901255760384.000000 1.122817516 -0.456866145 1.474045753 -0.607540071 -0.020050284 0.273066282 0.745605707
1413393901305760512.000000 1.101850629 -0.484110832 1.449612856 -0.605490148 -0.042996891 0.279341906 0.743976593
1413393901355760384.000000 1.084244370 -0.506536722 1.424103856 -0.604256153 -0.059391942 0.283068299 0.742441595
1413393901405760512.000000 1.067987204 -0.524436951 1.399421692 -0.602974832 -0.072261237 0.286623448 0.740976870
1413393901455760384.000000 1.053436756 -0.535666823 1.375788093 -0.602040946 -0.082709812 0.290298790 0.739210784
1413393901505760512.000000 1.038005590 -0.537436008 1.352066994 -0.602071464 -0.091642417 0.290470272 0.738064110
1413393901555760384.000000 1.026954651 -0.535298586 1.331192255 -0.602561295 -0.099214345 0.288859785 0.737317145
1413393901605760512.000000 1.016221523 -0.519950032 1.307769060 -0.604255795 -0.103626952 0.282828361 0.737661600
1413393901655760384.000000 1.011302114 -0.502841949 1.290348411 -0.609648228 -0.102514483 0.268413872 0.738765121
1413393901705760512.000000 1.009871125 -0.478479147 1.274855137 -0.617134213 -0.093111031 0.247852385 0.740975618
1413393901755760384.000000 1.011423111 -0.450033426 1.262909174 -0.624796569 -0.079339050 0.227376357 0.742721140
1413393901805760512.000000 1.014697313 -0.416691303 1.253471494 -0.631126225 -0.059724811 0.209855869 0.744360924
1413393901855760384.000000 1.017830968 -0.383546114 1.248422623 -0.635343790 -0.041858528 0.199752107 0.744771957
1413393901905760512.000000 1.020256162 -0.346195102 1.244572759 -0.636633813 -0.028769689 0.197847024 0.744799554
1413393901955760384.000000 1.023118019 -0.311197758 1.245140553 -0.637051105 -0.021665473 0.199189812 0.744325221
1413393902005760512.000000 1.027437329 -0.275935888 1.248099923 0.637051821 0.017970100 -0.201409608 -0.743825436
1413393902055760384.000000 1.032753825 -0.240371943 1.252954245 0.636700511 0.016213376 -0.204156235 -0.743417740
1413393902105760512.000000 1.039327264 -0.204536557 1.259309530 0.636876464 0.016376531 -0.205617845 -0.742860436
1413393902155760384.000000 1.047332764 -0.166175008 1.265561104 -0.637375116 -0.015865386 0.204578638 0.742730737
1413393902205760512.000000 1.055862904 -0.130126953 1.275227785 -0.637697577 -0.016854620 0.204347044 0.742495894
1413393902255760384.000000 1.065590143 -0.093911529 1.286546588 -0.638481677 -0.016853046 0.203443900 0.742069900
1413393902305760512.000000 1.073188424 -0.056212306 1.296394348 -0.638607860 -0.017063389 0.203383729 0.741973042
1413393902355760384.000000 1.083191395 -0.019457221 1.311814070 -0.639103413 -0.017519226 0.202497274 0.741778135
1413393902405760512.000000 1.092258215 0.018747091 1.329116583 0.639968693 0.016054956 -0.200706720 -0.741551876
1413393902455760384.000000 1.098950744 0.055101752 1.347522497 -0.640874147 -0.014153238 0.197989672 0.741539061
1413393902505760512.000000 1.106551170 0.091836095 1.369443893 -0.642067432 -0.010951870 0.194958746 0.741364062
1413393902555760384.000000 1.114834547 0.128125787 1.393292665 -0.642468393 -0.009987642 0.194339141 0.741192937
1413393902605760512.000000 1.122733235 0.164563537 1.417004347 -0.642242491 -0.009610068 0.194830909 0.741264582
1413393902655760384.000000 1.136582613 0.199855566 1.443239927 -0.642271936 -0.010647409 0.196037248 0.740906775
1413393902705760512.000000 1.154891014 0.235283613 1.470094681 -0.642362893 -0.011276260 0.196862906 0.740599632
1413393902755760384.000000 1.174224377 0.268823147 1.493641853 -0.641473770 -0.011315105 0.199145243 0.740759492
1413393902805760512.000000 1.198862553 0.302347302 1.522155523 -0.639297307 -0.009519088 0.207118273 0.740479827
1413393902855760384.000000 1.225882292 0.335919142 1.551486254 -0.635838151 -0.006168877 0.217946708 0.740385830
1413393902905760512.000000 1.251955032 0.370235562 1.579113007 -0.630327404 -0.003587440 0.233921319 0.740240097
1413393902955760384.000000 1.280091643 0.405127048 1.609218121 -0.625390470 -0.002428073 0.248877615 0.739554405
1413393903005760512.000000 1.308306336 0.441415787 1.638730049 -0.620940626 -0.000411715 0.261965543 0.738787293
1413393903055760384.000000 1.335224628 0.480792046 1.664968729 -0.617941022 0.002556684 0.271129817 0.737991214
1413393903105760512.000000 1.364085793 0.521573305 1.691351652 -0.618416667 0.003703226 0.271546006 0.737434685
1413393903155760384.000000 1.393184066 0.564525843 1.715456963 0.620992362 -0.007073745 -0.265644014 -0.737395346
1413393903205760512.000000 1.418312073 0.606035113 1.737984657 -0.624631345 0.008389512 0.257348448 0.737249672
1413393903255760384.000000 1.445811272 0.651847839 1.760164380 -0.629150987 0.010225904 0.249715045 0.736007392
1413393903305760512.000000 1.472053051 0.698461771 1.781340957 -0.634786963 0.011559526 0.243215755 0.733319879
1413393903355760384.000000 1.495462418 0.744639635 1.800993681 -0.641440332 0.010956950 0.239697918 0.728683233
1413393903405760512.000000 1.516171217 0.791624308 1.821307659 -0.650045574 0.012360193 0.238792062 0.721294880
1413393903455760384.000000 1.531474590 0.836477160 1.841578841 -0.659284413 0.015047706 0.241147026 0.712015331
1413393903505760512.000000 1.541988611 0.883443475 1.864152431 -0.669112265 0.019560752 0.245733529 0.701085806
1413393903555760384.000000 1.547055006 0.929659963 1.888055563 -0.679546952 0.025431577 0.250205159 0.689178169
1413393903605760512.000000 1.553355575 0.977643967 1.913449287 -0.690083325 0.035987493 0.252811015 0.677182853
1413393903655760384.000000 1.556098700 1.022033215 1.936275005 -0.700532079 0.047223125 0.254272759 0.665109158
1413393903705760512.000000 1.558380961 1.065212965 1.958244443 -0.709635615 0.056554303 0.257396549 0.653426409
1413393903755760384.000000 1.560673714 1.107647419 1.977986097 -0.718210280 0.064480826 0.260160685 0.642131329
1413393903805760512.000000 1.562857151 1.148510218 1.995985508 -0.724250197 0.069585368 0.265857756 0.632407546
1413393903855760384.000000 1.565461755 1.186630011 2.012822390 -0.728000760 0.074545212 0.274181843 0.623924911
1413393903905760512.000000 1.567389727 1.223099709 2.025939465 -0.730343699 0.079147004 0.282707125 0.616774380
1413393903955760384.000000 1.574921727 1.260344028 2.037135601 0.732356668 -0.083622687 -0.289838731 -0.610454381
1413393904005760512.000000 1.577545285 1.293294907 2.043983221 0.734413564 -0.086565115 -0.294271469 -0.605431795
1413393904055760384.000000 1.578471661 1.324518681 2.048002958 0.735953331 -0.086241312 -0.297839135 -0.601852953
1413393904105760512.000000 1.580089092 1.354975700 2.050292969 0.738819778 -0.084371693 -0.297208160 -0.598910809
1413393904155760384.000000 1.575309873 1.382651091 2.050263882 0.741018414 -0.078177430 -0.296510369 -0.597379029
1413393904205760512.000000 1.567881465 1.408557415 2.048568249 0.742974758 -0.071209162 -0.295496732 -0.596321583
1413393904255760384.000000 1.563432217 1.435208321 2.044953346 0.744529545 -0.063890532 -0.294677883 -0.595616341
1413393904305760512.000000 1.557881951 1.458054304 2.036898613 0.746431887 -0.059026722 -0.291711241 -0.595197320
1413393904355760384.000000 1.556747437 1.490308762 2.024722576 0.747598290 -0.057414539 -0.290048689 -0.594703436
1413393904405760512.000000 1.557550907 1.510194540 2.008806705 0.748944700 -0.055918179 -0.289188296 -0.593569934
1413393904455760384.000000 1.561995983 1.519975185 1.988977551 0.751219153 -0.054469325 -0.288300842 -0.591257572
1413393904505760512.000000 1.570433259 1.543484449 1.966757655 0.754373312 -0.053506292 -0.287910223 -0.587508082
1413393904555760384.000000 1.580259204 1.562128544 1.939054370 0.759442806 -0.049636662 -0.286039352 -0.582206488
1413393904605760512.000000 1.588483930 1.579332113 1.910021424 0.765177727 -0.036231700 -0.286349058 -0.575495064
1413393904655760384.000000 1.593497396 1.606278658 1.881958604 0.770869315 -0.017065506 -0.289487243 -0.567156494
1413393904705760512.000000 1.596783638 1.622984171 1.853105783 0.775747478 0.000166120 -0.295628160 -0.557512283
1413393904755760384.000000 1.596927643 1.639798403 1.825866938 0.780920863 0.016256649 -0.302179307 -0.546430290
1413393904805760512.000000 1.595938206 1.658508778 1.798615098 0.786245227 0.027942313 -0.308076233 -0.534908235
1413393904855760384.000000 1.593765020 1.679337025 1.772072315 0.792630076 0.036468420 -0.311629236 -0.522776186
1413393904905760512.000000 1.590526104 1.702874899 1.746457577 0.800209045 0.039796226 -0.312170118 -0.510521054
1413393904955760384.000000 1.587090492 1.731533051 1.722291470 0.810352862 0.038462989 -0.306728154 -0.497761786
1413393905005760512.000000 1.581797123 1.761319637 1.698151112 0.821498632 0.032691106 -0.298880666 -0.484501392
1413393905055760384.000000 1.574845314 1.793246031 1.675396562 0.832254291 0.026948389 -0.291065425 -0.471070737
1413393905105760512.000000 1.565093756 1.826220036 1.655332685 0.841897726 0.021828370 -0.285694063 -0.457286239
1413393905155760384.000000 1.552109122 1.859738588 1.638224959 0.850725591 0.016303742 -0.282475352 -0.442953676
1413393905205760512.000000 1.536631823 1.894695759 1.625242949 0.858159900 0.009290738 -0.282213956 -0.428754687
1413393905255760384.000000 1.518854380 1.929477453 1.613381386 0.864933968 0.002500882 -0.283273637 -0.414293498
1413393905305760512.000000 1.500389457 1.964209318 1.603418589 0.871045172 -0.004740154 -0.285777539 -0.399486095
1413393905355760384.000000 1.483547807 1.997956753 1.596632361 0.876417935 -0.010877080 -0.289153516 -0.384920269
1413393905405760512.000000 1.467175007 2.032104254 1.589617729 0.881369114 -0.014947002 -0.292549014 -0.370648414
1413393905455760384.000000 1.456922650 2.067513943 1.580467105 0.886295259 -0.018940268 -0.295625180 -0.355988532
1413393905505760512.000000 1.443391323 2.100418568 1.574572206 0.890732944 -0.021856336 -0.299466789 -0.341228455
1413393905555760384.000000 1.431634545 2.132351398 1.569881558 0.894191265 -0.027556488 -0.305443853 -0.326139301
1413393905605760512.000000 1.419727683 2.163134098 1.565546513 0.896795928 -0.034489349 -0.313285261 -0.310515672
1413393905655760384.000000 1.408773780 2.192541599 1.561008692 0.899577498 -0.041548088 -0.319554716 -0.294820309
1413393905705760512.000000 1.399535894 2.223506212 1.552431345 0.902480125 -0.049175605 -0.324332595 -0.279141188
1413393905755760384.000000 1.390713334 2.249053478 1.546599627 0.905702710 -0.057494067 -0.327435821 -0.263026506
1413393905805760512.000000 1.382508039 2.272569418 1.539890051 0.907752514 -0.066052400 -0.332095087 -0.247659907
1413393905855760384.000000 1.374310732 2.293621063 1.532370806 0.907806575 -0.074584946 -0.340717465 -0.232886180
1413393905905760512.000000 1.366247058 2.312036753 1.523088098 0.906795979 -0.080538139 -0.351325810 -0.218643323
1413393905955760384.000000 1.358565450 2.327392101 1.511470556 0.905283153 -0.083445653 -0.362633646 -0.204929620
1413393906005760512.000000 1.348274350 2.345959663 1.491386294 0.904940724 -0.083857536 -0.370795280 -0.191209733
1413393906055760384.000000 1.342521429 2.354857206 1.471954107 0.906318069 -0.075082533 -0.375652730 -0.178424418
1413393906105760512.000000 1.337336183 2.361883879 1.449009776 0.909804821 -0.060896490 -0.375422746 -0.166146263
1413393906155760384.000000 1.331386328 2.366583586 1.423901200 0.914638042 -0.047024131 -0.370539367 -0.154682472
1413393906205760512.000000 1.323557377 2.370310307 1.397700667 0.920619667 -0.032383557 -0.361586958 -0.143755987
1413393906255760384.000000 1.313688755 2.373706579 1.371023178 0.926980555 -0.020456426 -0.349915981 -0.133594751
1413393906305760512.000000 1.301293850 2.377534628 1.343836069 0.932499886 -0.010763900 -0.338984370 -0.124168478
1413393906355760384.000000 1.285698891 2.382069588 1.317371488 0.936585069 -0.003542877 -0.330889523 -0.115360506
1413393906405760512.000000 1.259376526 2.391039133 1.287611008 0.939245880 0.000208164 -0.326031744 -0.107333533
1413393906455760384.000000 1.238649607 2.396760941 1.265791893 0.941828191 0.002209749 -0.320983917 -0.099620268
1413393906505760512.000000 1.214974523 2.403149128 1.246213317 0.943537235 0.001835105 -0.318369091 -0.091517068
1413393906555760384.000000 1.189054251 2.411075115 1.227824926 0.945015967 -0.001512266 -0.316071600 -0.083913110
1413393906605760512.000000 1.160358667 2.419118404 1.212155342 0.945924282 -0.008345271 -0.315247357 -0.076005198
1413393906655760384.000000 1.130186796 2.427201509 1.198616266 0.946699858 -0.017811909 -0.314426631 -0.067662433
1413393906705760512.000000 1.099641442 2.435440540 1.186426282 0.946519911 -0.031577405 -0.315284014 -0.060818925
1413393906755760384.000000 1.070348620 2.442903996 1.175190210 0.946219683 -0.045552187 -0.315486252 -0.055333160
1413393906805760512.000000 1.042610168 2.448958397 1.164462805 0.946619630 -0.057414282 -0.313122988 -0.050684340
1413393906855760384.000000 1.016442180 2.452769995 1.154602885 0.947290659 -0.062925018 -0.310651004 -0.046656083
1413393906905760512.000000 0.986191630 2.455213308 1.136434197 0.948481500 -0.065169662 -0.306939960 -0.043861117
1413393906955760384.000000 0.962057710 2.454516649 1.128264666 0.949765027 -0.065295100 -0.303246617 -0.041527674
1413393907005760512.000000 0.938871861 2.451725721 1.120801687 0.950648904 -0.063362367 -0.301064163 -0.040154550
1413393907055760384.000000 0.915158987 2.446770430 1.118101358 0.951250374 -0.052517775 -0.301351219 -0.039397191
1413393907105760512.000000 0.893031776 2.440131187 1.115348577 0.951426387 -0.040940054 -0.302654535 -0.038885050
1413393907155760384.000000 0.871862769 2.432306290 1.114121914 0.950989783 -0.030490104 -0.305288136 -0.038575199
1413393907205760512.000000 0.851878405 2.423671246 1.113931894 0.950704753 -0.017999427 -0.307229400 -0.038035884
1413393907255760384.000000 0.833589494 2.415110588 1.114391327 0.950311184 -0.001410716 -0.308999836 -0.037760459
1413393907305760512.000000 0.816122413 2.407351732 1.116089225 0.949471354 0.018357173 -0.311070204 -0.037450619
1413393907355760384.000000 0.798957944 2.392053127 1.117605567 0.948675632 0.036977001 -0.311920702 -0.036781739
1413393907405760512.000000 0.784413338 2.388946533 1.120720148 0.947312057 0.046607573 -0.314895153 -0.035619635
1413393907455760384.000000 0.772438228 2.389186382 1.123448610 0.946338236 0.042492062 -0.318437338 -0.035157375
1413393907505760512.000000 0.762510777 2.393413782 1.126313448 0.945930302 0.033418085 -0.320757180 -0.034842297
1413393907555760384.000000 0.758775592 2.400272846 1.127601862 0.946004272 0.015889872 -0.321941882 -0.034305699
1413393907605760512.000000 0.759631395 2.408611059 1.127519131 0.946442068 0.003271030 -0.321026176 -0.034336131
1413393907655760384.000000 0.760459542 2.417414427 1.127910972 0.945935428 -0.006792091 -0.322491974 -0.034044813
1413393907705760512.000000 0.759756923 2.425485373 1.129535079 0.944722772 -0.014004564 -0.325823694 -0.033790220
1413393907755760384.000000 0.755953074 2.433277607 1.132027268 0.943847835 -0.018515004 -0.328133583 -0.033717018
1413393907805760512.000000 0.748230398 2.440891266 1.136292458 0.944135904 -0.021725247 -0.327121675 -0.033568274
1413393907855760384.000000 0.735697925 2.443046570 1.149747729 0.944890499 -0.024103846 -0.324760467 -0.033640895
1413393907905760512.000000 0.717142522 2.449534416 1.159202337 0.946079314 -0.026535373 -0.321093231 -0.033600576
1413393907955760384.000000 0.694698095 2.455766439 1.170515060 0.947345972 -0.023997892 -0.317575812 -0.033248831
1413393908005760512.000000 0.671747029 2.463076591 1.180872083 0.948381782 -0.020357834 -0.314820141 -0.032340020
1413393908055760384.000000 0.648586154 2.468531847 1.193659186 0.949059486 -0.015337471 -0.313105792 -0.031869229
1413393908105760512.000000 0.627138317 2.473784685 1.208058834 0.948489666 -0.011575248 -0.315053046 -0.031225981
1413393908155760384.000000 0.583730578 2.500565290 1.208064556 0.946877062 -0.009258032 -0.320033908 -0.030274710
1413393908205760512.000000 0.568271160 2.506021261 1.223440409 0.945689321 -0.006251471 -0.323651046 -0.029711997
1413393908255760384.000000 0.556824505 2.511831522 1.238239765 0.945268750 -0.005596476 -0.324931294 -0.029248746
1413393908305760512.000000 0.548010826 2.517538786 1.254811168 0.946692467 -0.004951305 -0.320796281 -0.028960979
1413393908355760384.000000 0.541974664 2.523938656 1.270254135 0.949571431 -0.006421458 -0.312177122 -0.028607253
1413393908405760512.000000 0.536369383 2.530838490 1.286717176 0.950659215 -0.007194760 -0.308868408 -0.028209217
1413393908455760384.000000 0.531050563 2.538079500 1.304420590 0.950528145 -0.008869817 -0.309281766 -0.027610464
1413393908505760512.000000 0.526480734 2.545511246 1.322673440 0.949566126 -0.010060355 -0.312256068 -0.026818540
1413393908555760384.000000 0.529048443 2.557118177 1.333905220 0.947919369 -0.009843094 -0.317332685 -0.025535811
1413393908605760512.000000 0.525744259 2.565072775 1.353790522 0.946505427 -0.013218951 -0.321472287 -0.024665793
1413393908655760384.000000 0.523067713 2.573126316 1.373652101 0.944642127 -0.018793283 -0.326713562 -0.023588788
1413393908705760512.000000 0.518362880 2.580002785 1.395818233 0.943054318 -0.037202597 -0.329784364 -0.022515506
1413393908755760384.000000 0.516783297 2.586257219 1.416229486 0.942198277 -0.056845937 -0.329494089 -0.021554952
1413393908805760512.000000 0.518085122 2.590086222 1.435683727 0.942759216 -0.072557651 -0.324848205 -0.020349367
1413393908855760384.000000 0.524062574 2.593928814 1.453244567 0.945212185 -0.079228245 -0.316134721 -0.018862324
1413393908905760512.000000 0.535488784 2.590101957 1.469371438 0.948328435 -0.072196230 -0.308454722 -0.017796636
1413393908955760384.000000 0.548900247 2.583151102 1.484099269 0.949786305 -0.055542126 -0.307452798 -0.017143989
1413393909005760512.000000 0.565988481 2.573023558 1.498084903 0.949591100 -0.040015452 -0.310496688 -0.016353657
1413393909055760384.000000 0.584582508 2.562391281 1.512860537 0.948816419 -0.024566330 -0.314495087 -0.015391134
1413393909105760512.000000 0.605969429 2.548923731 1.525124192 0.947587371 -0.013266332 -0.318901390 -0.014288844
1413393909155760384.000000 0.626666665 2.538245916 1.541288495 0.946700037 -0.004995799 -0.321824878 -0.012765011
1413393909205760512.000000 0.646718144 2.528547287 1.558310747 0.946181953 0.000177067 -0.323449910 -0.010953579
1413393909255760384.000000 0.661422491 2.525487661 1.589109898 0.946817815 0.003106851 -0.321636379 -0.008745222
1413393909305760512.000000 0.678161383 2.517818213 1.609447122 0.947145104 0.006231663 -0.320670396 -0.006921620
1413393909355760384.000000 0.692317009 2.511395216 1.630889654 0.947252274 0.008628159 -0.320332468 -0.005090186
1413393909405760512.000000 0.704244852 2.505636454 1.653725743 0.947120726 0.009765264 -0.320713133 -0.003184700
1413393909455760384.000000 0.713403642 2.501520634 1.678382516 0.946797013 0.009779018 -0.321678907 -0.001620812
1413393909505760512.000000 0.720533729 2.498738289 1.704623222 0.946570754 0.009070169 -0.322368532 -0.000306491
1413393909555760384.000000 0.724803329 2.497118711 1.732802749 0.945456684 0.008614317 -0.325632542 0.000960256
1413393909605760512.000000 0.726195872 2.496572733 1.762874007 0.943216801 0.008401840 -0.332061887 0.002539676
1413393909655760384.000000 0.724961936 2.494730949 1.797708154 0.939760268 0.008449114 -0.341702372 0.004325428
1413393909705760512.000000 0.721669137 2.496216297 1.828971386 0.935811281 0.008588573 -0.352333039 0.006706941
1413393909755760384.000000 0.716302872 2.498850822 1.860198855 0.931454301 0.008955250 -0.363628089 0.009343917
1413393909805760512.000000 0.709259570 2.501833200 1.890400529 0.928002954 0.008296426 -0.372280687 0.012200471
1413393909855760384.000000 0.699589789 2.506890297 1.919553995 0.924809992 0.008537625 -0.380034924 0.015069838
1413393909905760512.000000 0.687291265 2.513023853 1.947245598 0.921677589 0.008439264 -0.387438625 0.018180944
1413393909955760384.000000 0.673148274 2.520661354 1.974783659 0.919351995 0.008505641 -0.392783314 0.020997839
1413393910005760512.000000 0.655506134 2.525139570 1.992636681 0.916930676 0.008703907 -0.398255467 0.023559825
1413393910055760384.000000 0.638771653 2.535086632 2.013669968 0.914676428 0.008560316 -0.403256714 0.026036110
1413393910105760512.000000 0.624081016 2.546201229 2.029287815 0.912964642 0.006343330 -0.406970531 0.028816132
1413393910155760384.000000 0.610049605 2.558916330 2.041220903 0.910898387 0.003318739 -0.411415845 0.031467516
1413393910205760512.000000 0.599431634 2.572109699 2.045993805 0.909786046 0.001644471 -0.413702846 0.033715293
1413393910255760384.000000 0.589520335 2.581996202 2.035124302 0.908148885 0.000780653 -0.417152733 0.035336707
1413393910305760512.000000 0.583536506 2.596089840 2.026716232 0.906821311 -0.000971325 -0.419851989 0.037396338
1413393910355760384.000000 0.578839898 2.610678434 2.011236429 0.903698564 -0.005761606 -0.426322371 0.039307266
1413393910405760512.000000 0.574197531 2.625661135 1.991827250 0.900194705 -0.014367539 -0.433311522 0.041040644
1413393910455760384.000000 0.571715236 2.640141010 1.965217829 0.897956014 -0.024887282 -0.437341958 0.042282511
1413393910505760512.000000 0.568037033 2.653834343 1.932951927 0.895844042 -0.032879528 -0.441132873 0.042241432
1413393910555760384.000000 0.561120987 2.666188240 1.895777822 0.894743502 -0.038808249 -0.442972511 0.041271687
1413393910605760512.000000 0.545172930 2.673704863 1.846932411 0.895763278 -0.041609801 -0.440858930 0.038990635
1413393910655760384.000000 0.531270266 2.682771206 1.801587462 0.898640692 -0.042398114 -0.435130149 0.036182120
1413393910705760512.000000 0.512991548 2.690223217 1.752932191 0.902124703 -0.045844272 -0.427742958 0.033246033
1413393910755760384.000000 0.490876913 2.696164846 1.701297879 0.906376362 -0.047475073 -0.418744892 0.029678080
1413393910805760512.000000 0.462976694 2.699871540 1.644202352 0.910219610 -0.046258762 -0.410764009 0.025164809
1413393910855760384.000000 0.433908939 2.702813148 1.587837338 0.913779140 -0.043939859 -0.403333306 0.019983992
1413393910905760512.000000 0.402164221 2.704391241 1.529377103 0.917812228 -0.040896192 -0.394639075 0.014435185
1413393910955760384.000000 0.366576135 2.704766035 1.468490958 0.923343718 -0.036492486 -0.382142961 0.008456208
1413393911005760512.000000 0.329710782 2.704437971 1.406889319 0.928292751 -0.033406936 -0.370341092 0.002032067
1413393911055760384.000000 0.290435851 2.703699350 1.345192671 0.932350934 -0.030763635 -0.360210001 -0.004918938
1413393911105760512.000000 0.247899294 2.703403950 1.280140281 0.935479879 -0.029800184 -0.351933211 -0.011504680
1413393911155760384.000000 0.207314789 2.701387882 1.218391895 0.937292695 -0.029112427 -0.346869022 -0.017801933
1413393911205760512.000000 0.166918874 2.698882818 1.156542659 0.939012468 -0.027011331 -0.342033565 -0.023220083
1413393911255760384.000000 0.126177609 2.695748806 1.095240355 0.940000713 -0.025239035 -0.339130789 -0.027420854
1413393911305760512.000000 0.086533964 2.693077564 1.032527089 0.941155195 -0.024144581 -0.335712224 -0.030679675
1413393911355760384.000000 0.048168600 2.689111471 0.971479535 0.944360375 -0.021276023 -0.326588392 -0.032723028
1413393911405760512.000000 0.010561943 2.684968948 0.911354363 0.947752774 -0.017501192 -0.316759765 -0.033492967
1413393911455760384.000000 -0.024797142 2.681123495 0.852322340 0.951246202 -0.014015064 -0.306254119 -0.033805709
1413393911505760512.000000 -0.059677958 2.677936792 0.783106863 0.953288972 -0.010071899 -0.300025463 -0.033518597
1413393911555760384.000000 -0.091294229 2.674591541 0.728675961 0.954550505 -0.006274763 -0.296233892 -0.032241341
1413393911605760512.000000 -0.116720051 2.672012806 0.676373780 0.955948532 -0.004361114 -0.291875958 -0.030851178
1413393911655760384.000000 -0.136566520 2.670446873 0.619545817 0.957724452 -0.003160806 -0.286181003 -0.029230330
1413393911705760512.000000 -0.152501464 2.669568300 0.570787787 0.958696604 -0.000874208 -0.283129781 -0.027161216
1413393911755760384.000000 -0.164264783 2.669799805 0.526335180 0.956934988 -0.000718022 -0.289262921 -0.024533980
1413393911805760512.000000 -0.175117239 2.670335531 0.470799387 0.953607678 0.000220527 -0.300231248 -0.022217620
1413393911855760384.000000 -0.177808344 2.672787428 0.430428267 0.949765086 0.000070054 -0.312318981 -0.020083128
1413393911905760512.000000 -0.176165417 2.676860332 0.390412152 0.945178390 -0.008564009 -0.325951397 -0.017896727
1413393911955760384.000000 -0.175832525 2.680199385 0.345716298 0.938812852 -0.022150101 -0.343364298 -0.015519629
1413393912005760512.000000 -0.168304503 2.684814215 0.303398192 0.931248009 -0.034544002 -0.362506568 -0.013149912
1413393912055760384.000000 -0.157192111 2.688701868 0.258492589 0.923120737 -0.044589315 -0.381765008 -0.010743521
1413393912105760512.000000 -0.149953395 2.690154791 0.203159109 0.916653931 -0.051168345 -0.396304041 -0.008400313
1413393912155760384.000000 -0.135941803 2.690811396 0.150107473 0.910985529 -0.055768158 -0.408611506 -0.005664445
1413393912205760512.000000 -0.122619599 2.689524889 0.093433492 0.906620085 -0.058262758 -0.417893559 -0.003239872
1413393912255760384.000000 -0.115523040 2.686262608 0.031127274 0.903928816 -0.058679763 -0.423637003 -0.001065390
1413393912305760512.000000 -0.104546607 2.680871487 -0.035052404 0.902364075 -0.059290469 -0.426875025 0.001237279
1413393912355760384.000000 -0.094404489 2.673350811 -0.106400415 0.903108120 -0.058906648 -0.425341070 0.003278333
1413393912405760512.000000 -0.089052483 2.664106607 -0.182733387 0.906859815 -0.058504004 -0.417321801 0.005012959
1413393912455760384.000000 -0.080208316 2.652497530 -0.264091790 0.912845552 -0.057207707 -0.404221386 0.006741047
1413393912505760512.000000 -0.072600543 2.639061928 -0.348484844 0.919818163 -0.054937113 -0.388407737 0.007483738
1413393912555760384.000000 -0.071124643 2.624872446 -0.433522493 0.925506711 -0.054250430 -0.374744564 0.007800138
1413393912605760512.000000 -0.069808796 2.608721495 -0.519137144 0.929761589 -0.052637570 -0.364301234 0.007574536
1413393912655760384.000000 -0.071580611 2.591568708 -0.603497744 0.933649004 -0.049395632 -0.354707211 0.006517822
1413393912705760512.000000 -0.082337245 2.577326298 -0.678433299 0.937379479 -0.045455657 -0.345284581 0.005667656
1413393912755760384.000000 -0.090416536 2.558295488 -0.760994256 0.940724969 -0.041195590 -0.336628288 0.004578750
1413393912805760512.000000 -0.101483732 2.538175583 -0.842589080 0.943428040 -0.036304820 -0.329545528 0.005019268
1413393912855760384.000000 -0.115815282 2.517738581 -0.922890246 0.945518672 -0.031701405 -0.323935241 0.007452546
1413393912905760512.000000 -0.136381179 2.498624802 -0.992919087 0.946833849 -0.027901402 -0.320279330 0.012182497
1413393912955760384.000000 -0.155592501 2.476268530 -1.068032503 0.947161794 -0.026315039 -0.319116324 0.018893449
1413393913005760512.000000 -0.176726669 2.453144312 -1.141097546 0.947123230 -0.029563313 -0.318272263 0.028044421
1413393913055760384.000000 -0.199479222 2.429517031 -1.212285399 0.946784377 -0.035194531 -0.317622334 0.038428795
1413393913105760512.000000 -0.223747849 2.405590057 -1.282847404 0.946986616 -0.041648455 -0.314538360 0.050471686
1413393913155760384.000000 -0.248632818 2.380009413 -1.350472212 -0.947716832 0.049224280 0.308649361 -0.064385124
1413393913205760512.000000 -0.274944484 2.353138447 -1.415213108 -0.947939336 0.056005310 0.303315073 -0.079211615
1413393913255760384.000000 -0.308581889 2.331886768 -1.455193281 0.947537065 -0.063699052 -0.298413336 0.095212787
1413393913305760512.000000 -0.337651461 2.301693439 -1.512998343 0.945823491 -0.069407314 -0.296588868 0.112408482
1413393913355760384.000000 -0.367649496 2.269599199 -1.567310452 0.942890227 -0.073582627 -0.297615469 0.130264074
1413393913405760512.000000 -0.397606432 2.235784292 -1.618953466 -0.940008521 0.079263955 0.296580434 -0.148799673
1413393913455760384.000000 -0.425477803 2.198426485 -1.668929458 -0.937026262 0.084999256 0.293942362 -0.168389082
1413393913505760512.000000 -0.450737119 2.157752275 -1.716762304 -0.934454083 0.087823793 0.289038718 -0.188518837
1413393913555760384.000000 -0.475680351 2.124961615 -1.739018321 0.932497144 -0.087395445 -0.280540258 0.210019931
1413393913605760512.000000 -0.494635284 2.077381372 -1.782510757 0.929893374 -0.084534869 -0.273510754 0.230963394
1413393913655760384.000000 -0.511137366 2.027265549 -1.822849274 0.927255511 -0.079787411 -0.265105873 0.252091587
1413393913705760512.000000 -0.521709144 1.974041224 -1.857916355 -0.923910975 0.073782347 0.257931083 -0.272793502
1413393913755760384.000000 -0.528967381 1.918916464 -1.891543508 -0.919986725 0.069021121 0.250701696 -0.293273479
1413393913805760512.000000 -0.542732298 1.880452394 -1.898368478 0.915465236 -0.064860031 -0.243980050 0.313353509
1413393913855760384.000000 -0.545810819 1.823640347 -1.923202395 -0.910005212 0.061227042 0.239435315 -0.332885206
1413393913905760512.000000 -0.546780348 1.767413616 -1.942863941 -0.903913379 0.060137231 0.235755071 -0.351772279
1413393913955760384.000000 -0.540563941 1.710725307 -1.956775904 0.897456348 -0.055726133 -0.233284771 0.370195985
1413393914005760512.000000 -0.541524887 1.665989876 -1.953564167 0.890789866 -0.046165805 -0.229951009 0.389210463
1413393914055760384.000000 -0.532113016 1.609938383 -1.960067868 0.883840919 -0.035726063 -0.226207525 0.407896012
1413393914105760512.000000 -0.521342516 1.555255175 -1.962166786 0.875059664 -0.023310000 -0.226692766 0.427010238
1413393914155760384.000000 -0.513170779 1.511320829 -1.950473547 0.864503980 -0.011301524 -0.231220812 0.446141392
1413393914205760512.000000 -0.500391603 1.460982800 -1.944197536 0.851061940 -0.003807620 -0.243364692 0.465244919
1413393914255760384.000000 -0.485868484 1.413227797 -1.935559869 0.837856174 0.000539632 -0.253080875 0.483680576
1413393914305760512.000000 -0.474282473 1.374590635 -1.919645309 0.824822366 0.002551994 -0.260766566 0.501659751
1413393914355760384.000000 -0.457542986 1.331599474 -1.908292770 0.812474132 0.003436747 -0.265799433 0.518868625
1413393914405760512.000000 -0.440029442 1.290184975 -1.896769762 0.800461769 0.003028179 -0.269018620 0.535612643
1413393914455760384.000000 -0.424143970 1.255300164 -1.882313728 0.789426565 -0.001695708 -0.268991411 0.551766753
1413393914505760512.000000 -0.406192005 1.217463613 -1.869819164 0.778806090 -0.006436827 -0.268686414 0.566769183
1413393914555760384.000000 -0.387425214 1.180477619 -1.857490063 0.769826710 -0.010905828 -0.263590872 0.581177890
1413393914605760512.000000 -0.368466318 1.144950628 -1.843140125 0.761329353 -0.014611245 -0.257758379 0.594747663
1413393914655760384.000000 -0.349702507 1.111490130 -1.832750082 0.752991080 -0.017477794 -0.252307236 0.607486725
1413393914705760512.000000 -0.330394894 1.076466560 -1.818215370 0.743974507 -0.022334324 -0.246665090 0.620612204
1413393914755760384.000000 -0.310720623 1.041900158 -1.802792430 0.735284150 -0.028962223 -0.239923865 0.633210063
1413393914805760512.000000 -0.291825503 1.008557558 -1.786457777 0.725764155 -0.035164721 -0.235617384 0.645379186
1413393914855760384.000000 -0.268261522 0.968764544 -1.771856308 0.715541959 -0.040736403 -0.232771069 0.657387257
1413393914905760512.000000 -0.247927904 0.934494257 -1.752328992 0.705692947 -0.041456789 -0.233956769 0.667490065
1413393914955760384.000000 -0.226985306 0.899792194 -1.731515646 0.695901513 -0.039255016 -0.239881679 0.675749183
1413393915005760512.000000 -0.205673218 0.864158332 -1.709658384 0.686252892 -0.038099069 -0.248022199 0.682708204
1413393915055760384.000000 -0.185378313 0.832849622 -1.692160606 0.678703427 -0.036171913 -0.254666626 0.687893987
1413393915105760512.000000 -0.163872153 0.795485914 -1.669757605 0.672766328 -0.035144761 -0.260234088 0.691685379
1413393915155760384.000000 -0.142533094 0.756714642 -1.647582293 0.667784154 -0.034329861 -0.265100241 0.694699764
1413393915205760512.000000 -0.120942146 0.716271818 -1.626782417 0.664378405 -0.034062833 -0.268296033 0.696748435
1413393915255760384.000000 -0.100821704 0.671575248 -1.609288454 0.661954582 -0.032467578 -0.270372242 0.698327243
1413393915305760512.000000 -0.084124535 0.628346920 -1.587534189 0.661839545 -0.030617639 -0.270905972 0.698312998
1413393915355760384.000000 -0.070054263 0.583753049 -1.565974832 0.664260864 -0.024647919 -0.271589041 0.695980906
1413393915405760512.000000 -0.056966394 0.532242894 -1.547343254 0.668174684 -0.015108278 -0.273163199 0.691878796
1413393915455760384.000000 -0.045510143 0.484890103 -1.527173042 0.673291922 -0.001339817 -0.275803536 0.686009288
1413393915505760512.000000 -0.034390248 0.436476111 -1.508527040 0.678502560 0.011315341 -0.277659386 0.680008471
1413393915555760384.000000 -0.024313092 0.388210177 -1.497030735 0.683256626 0.018866416 -0.278696656 0.674635231
1413393915605760512.000000 -0.014550747 0.339089632 -1.482361913 0.689195335 0.022491666 -0.276459485 0.669383407
1413393915655760384.000000 -0.005474465 0.290536046 -1.469611287 0.694391847 0.022161819 -0.273959547 0.665037692
1413393915705760512.000000 0.003132932 0.241632819 -1.458707452 0.698287904 0.023150630 -0.273315847 0.661178172
1413393915755760384.000000 0.011686306 0.195901155 -1.454815030 0.701614499 0.025117017 -0.273397714 0.657540917
1413393915805760512.000000 0.019262195 0.149501085 -1.447286844 0.703888774 0.027935434 -0.274988353 0.654325366
1413393915855760384.000000 0.025892645 0.104201555 -1.441588879 0.705529273 0.029580632 -0.277575254 0.651387393
1413393915905760512.000000 0.031310454 0.059856296 -1.437653422 0.706747830 0.030222675 -0.280058563 0.648969471
1413393915955760384.000000 0.036793783 0.016390920 -1.435918093 0.708216429 0.032048844 -0.280958563 0.646888435
1413393916005760512.000000 0.044155404 -0.023377895 -1.443615556 0.709359586 0.035741370 -0.281734586 0.645102501
1413393916055760384.000000 0.048722208 -0.065032482 -1.447433710 0.710622728 0.038961805 -0.282102227 0.643362820
1413393916105760512.000000 0.052868083 -0.105689883 -1.453776121 0.711204708 0.043499839 -0.282711267 0.642160535
1413393916155760384.000000 0.056489795 -0.145488501 -1.462084651 0.711486995 0.047429238 -0.282447398 0.641685426
1413393916205760512.000000 0.059667826 -0.183461547 -1.473407745 0.711238980 0.050457504 -0.280722409 0.642485917
1413393916255760384.000000 0.063392997 -0.211769104 -1.490176916 0.711408198 0.046770640 -0.273735166 0.645584941
1413393916305760512.000000 0.064192206 -0.246944070 -1.505532146 0.709855735 0.041399036 -0.266766906 0.650558591
1413393916355760384.000000 0.065145403 -0.281611204 -1.522726059 0.706188083 0.034262277 -0.260723144 0.657379568
1413393916405760512.000000 0.066683710 -0.314904690 -1.542647839 0.700142026 0.026489960 -0.256076455 0.665976286
1413393916455760384.000000 0.069039032 -0.348082542 -1.562864065 0.692126334 0.020970823 -0.252197057 0.675957203
1413393916505760512.000000 0.071129486 -0.369419813 -1.580703497 0.682871699 0.015310084 -0.247844413 0.687040746
1413393916555760384.000000 0.074084803 -0.398315310 -1.601643324 0.671387374 0.011749681 -0.244303152 0.699583411
1413393916605760512.000000 0.076775625 -0.426210403 -1.622798324 0.657121301 0.007388978 -0.243029505 0.713494062
1413393916655760384.000000 0.081034943 -0.448949099 -1.643795371 0.641863704 0.002329399 -0.241236120 0.727880955
1413393916705760512.000000 0.085067272 -0.475079536 -1.666459799 0.624683261 -0.003875108 -0.239512101 0.743229330
1413393916755760384.000000 0.088252462 -0.499530315 -1.689265728 0.607204616 -0.008318918 -0.236682430 0.758429170
1413393916805760512.000000 0.090143293 -0.521825671 -1.710741282 0.590336919 -0.009852287 -0.230509609 0.773479581
1413393916855760384.000000 0.092259020 -0.545304418 -1.733064532 0.572823286 -0.008411403 -0.223499477 0.788575172
1413393916905760512.000000 0.094324090 -0.568700790 -1.755646586 0.556296229 -0.008208712 -0.213523328 0.803041041
1413393916955760384.000000 0.100002274 -0.595090985 -1.778906345 0.540160060 -0.009087890 -0.201403886 0.817056298
1413393917005760512.000000 0.102893800 -0.618012071 -1.801316619 0.524852872 -0.009627714 -0.184274733 0.830951035
1413393917055760384.000000 0.106108204 -0.640471101 -1.823218584 0.509278893 -0.010600972 -0.167440802 0.844089031
1413393917105760512.000000 0.113650113 -0.666146576 -1.845815182 0.493006617 -0.011100437 -0.152314097 0.856517255
1413393917155760384.000000 0.118294723 -0.686536014 -1.865626216 0.475583583 -0.010261289 -0.139050722 0.868550479
1413393917205760512.000000 0.123849899 -0.705431104 -1.884270072 0.457668930 -0.010088264 -0.127182767 0.879921556
1413393917255760384.000000 0.132988900 -0.729503095 -1.903955460 0.439846456 -0.013276251 -0.116115317 0.890435874
1413393917305760512.000000 0.138977751 -0.744242251 -1.919877887 0.420329660 -0.017721152 -0.109486990 0.900567353
1413393917355760384.000000 0.144861266 -0.756859004 -1.934051633 0.400150955 -0.022681665 -0.103505000 0.910302997
1413393917405760512.000000 0.150410011 -0.768796623 -1.946492076 0.379825234 -0.027475826 -0.094908006 0.919766486
1413393917455760384.000000 0.157980338 -0.786111772 -1.956991673 0.357690394 -0.031722907 -0.087755792 0.929166436
1413393917505760512.000000 0.159998447 -0.793936849 -1.963749886 0.335201263 -0.034740947 -0.080877654 0.938025594
1413393917555760384.000000 0.160313904 -0.799905539 -1.968038917 0.312212318 -0.039005227 -0.072275400 0.946455657
1413393917605760512.000000 0.160294652 -0.806275070 -1.969328880 0.286932617 -0.041225392 -0.067596219 0.954673290
1413393917655760384.000000 0.162066013 -0.817186534 -1.967787266 0.260529548 -0.042721715 -0.064206332 0.962380826
1413393917705760512.000000 0.159363657 -0.819785953 -1.963425398 0.233742759 -0.040679861 -0.061460268 0.969501019
1413393917755760384.000000 0.155864805 -0.821279049 -1.956797481 0.207343295 -0.035013132 -0.057351489 0.975957870
1413393917805760512.000000 0.153053343 -0.823348105 -1.948216081 -0.181209669 0.025648527 0.052868079 -0.981687486
1413393917855760384.000000 0.156696275 -0.830768943 -1.938833237 0.156198949 -0.016465910 -0.044153862 0.986600816
1413393917905760512.000000 0.155231193 -0.830558717 -1.928619742 0.132735521 -0.009949869 -0.032740042 0.990560710
1413393917955760384.000000 0.154071763 -0.829745531 -1.917957425 0.109859727 -0.007039988 -0.021164693 0.993696809
1413393918005760512.000000 0.154641554 -0.828148127 -1.906011462 -0.087593362 0.004581312 0.008478612 -0.996109724
1413393918055760384.000000 0.155409887 -0.824961901 -1.894652247 -0.065873101 0.003187504 -0.004068044 -0.997814655
1413393918105760512.000000 0.164023146 -0.829377234 -1.885283113 0.044508044 -0.002592413 0.016271973 0.998873174
1413393918155760384.000000 0.165779203 -0.823730230 -1.873932242 0.023303481 -0.003525250 0.027607072 0.999341011
1413393918205760512.000000 0.168070570 -0.816214263 -1.862420559 0.003161967 -0.005581852 0.041558899 0.999115527
1413393918255760384.000000 0.170303389 -0.809443414 -1.847422838 0.018571002 0.007143465 -0.051061191 -0.998497307
1413393918305760512.000000 0.173759192 -0.798508942 -1.834036827 0.039315730 0.008067923 -0.062582023 -0.997232556
1413393918355760384.000000 0.178324044 -0.785138547 -1.820134282 0.060511701 0.008326923 -0.072816290 -0.995473206
1413393918405760512.000000 0.183622390 -0.769244075 -1.806056261 0.082090065 0.008754032 -0.082156323 -0.993194342
1413393918455760384.000000 0.200787038 -0.753631949 -1.800893068 -0.104764275 -0.009860006 0.091021441 0.990273893
1413393918505760512.000000 0.207715407 -0.731958807 -1.786363840 -0.127609536 -0.010091700 0.100428611 0.986675262
1413393918555760384.000000 0.215656385 -0.707344174 -1.771726966 -0.150655508 -0.010276249 0.110563830 0.982330382
1413393918605760512.000000 0.224478796 -0.679949045 -1.755275846 0.175243884 0.007444276 -0.119434811 -0.977225423
1413393918655760384.000000 0.233579397 -0.649523675 -1.739936233 0.201165631 0.002249930 -0.126112372 -0.971402586
1413393918705760512.000000 0.250736028 -0.618086398 -1.737008691 -0.226576865 0.004887087 0.135814279 0.964465380
1413393918755760384.000000 0.259583265 -0.582338989 -1.722658753 -0.252241492 0.010278987 0.148253977 0.956184804
1413393918805760512.000000 0.268104613 -0.544051051 -1.709553003 -0.278365076 0.018545762 0.161569908 0.946606696
1413393918855760384.000000 0.277572304 -0.503741741 -1.697512865 0.304422021 -0.028981015 -0.176652491 -0.935564637
1413393918905760512.000000 0.290628642 -0.461316109 -1.697348595 -0.334459960 0.041590732 0.184957996 0.923145354
1413393918955760384.000000 0.297996461 -0.416208386 -1.690127492 -0.365452677 0.052163348 0.189768896 0.909786344
1413393919005760512.000000 0.304632783 -0.369764775 -1.686123610 -0.397164047 0.060400460 0.191617012 0.895486116
1413393919055760384.000000 0.310669839 -0.323161423 -1.687035561 0.428575903 -0.067158937 -0.194020048 -0.879868567
1413393919105760512.000000 0.319187015 -0.275737345 -1.695843697 -0.458986431 0.072331764 0.195909888 0.863550246
1413393919155760384.000000 0.322602242 -0.229467958 -1.700902343 -0.487201840 0.076503433 0.200772196 0.846446812
1413393919205760512.000000 0.326942116 -0.184046924 -1.712050676 -0.514171660 0.083243184 0.204567775 0.828764200
1413393919255760384.000000 0.328866601 -0.140413225 -1.722882509 -0.539915979 0.090436906 0.208189562 0.810536325
1413393919305760512.000000 0.329752505 -0.098784685 -1.736579299 -0.564701676 0.101297364 0.210298121 0.791596830
1413393919355760384.000000 0.329354465 -0.059732080 -1.757442713 -0.586919129 0.112293027 0.212721363 0.773088515
1413393919405760512.000000 0.324888825 -0.025547981 -1.776693106 -0.606010616 0.123981930 0.216817200 0.755228400
1413393919455760384.000000 0.316257209 0.005710840 -1.797265410 -0.621022105 0.131661981 0.225195378 0.739110112
1413393919505760512.000000 0.304768443 0.034421802 -1.820002675 0.634142995 -0.134820133 -0.234324858 -0.724415720
1413393919555760384.000000 0.286112010 0.062708735 -1.845435023 -0.645817995 0.136870071 0.243993849 0.710389197
1413393919605760512.000000 0.267223835 0.083784580 -1.873344660 -0.656889260 0.136697978 0.252412170 0.697207510
1413393919655760384.000000 0.245426953 0.101690650 -1.904002070 -0.668127596 0.136012018 0.256400347 0.685102284
1413393919705760512.000000 0.221225828 0.116924047 -1.937872648 0.678302824 -0.134939119 -0.256662369 -0.675145388
1413393919755760384.000000 0.188922763 0.133813262 -1.973252892 -0.689731002 0.130754128 0.249209791 0.667135000
1413393919805760512.000000 0.160966814 0.142624617 -2.011645317 -0.700948417 0.124986745 0.237287775 0.660866261
1413393919855760384.000000 0.130493134 0.147650480 -2.051107407 -0.711188316 0.116971783 0.223617494 0.656143367
1413393919905760512.000000 0.091318846 0.152785063 -2.090420961 0.718943954 -0.107448369 -0.211740211 -0.653253913
1413393919955760384.000000 0.054803163 0.148811579 -2.129043341 0.724282503 -0.096627839 -0.203954965 -0.651521564
1413393920005760512.000000 0.015487581 0.141410828 -2.166188240 0.726733983 -0.085887410 -0.201289147 -0.651125014
1413393920055760384.000000 -0.025294453 0.131300211 -2.201516628 0.727433980 -0.077686697 -0.200922459 -0.651486635
1413393920105760512.000000 -0.067813158 0.117197752 -2.235456467 0.727114141 -0.071746290 -0.201389119 -0.652380288
1413393920155760384.000000 -0.122206360 0.107698202 -2.269575596 -0.726153731 0.065667115 0.202265531 0.653817475
1413393920205760512.000000 -0.167577609 0.088052750 -2.300309658 -0.724755764 0.061809849 0.203692302 0.655300081
1413393920255760384.000000 -0.213538423 0.065675974 -2.329772472 -0.723669410 0.058660127 0.204278812 0.656606257
1413393920305760512.000000 -0.259856045 0.039675474 -2.357161999 0.721926153 -0.056370642 -0.205699757 -0.658280134
1413393920355760384.000000 -0.311696023 0.017451286 -2.388074875 -0.720509589 0.052655093 0.206600830 0.659855723
1413393920405760512.000000 -0.355511189 -0.013292074 -2.414266348 -0.718023062 0.046406299 0.211550191 0.661464930
1413393920455760384.000000 -0.398410916 -0.045909882 -2.439781189 -0.714708030 0.038921379 0.218858093 0.663158178
1413393920505760512.000000 -0.445530057 -0.076223612 -2.467350960 -0.711609483 0.031131422 0.224557772 0.664993763
1413393920555760384.000000 -0.485651672 -0.110501528 -2.491934538 -0.709027827 0.025474422 0.229291841 0.666375220
1413393920605760512.000000 -0.524223387 -0.145002842 -2.515990019 -0.706900418 0.020380840 0.231637374 0.667997420
1413393920655760384.000000 -0.565575480 -0.178690672 -2.541377544 -0.705000043 0.016693085 0.233106524 0.669595122
1413393920705760512.000000 -0.602184176 -0.212353468 -2.564483404 -0.703905106 0.013748786 0.233296588 0.670746863
1413393920755760384.000000 -0.637764037 -0.245857477 -2.586715460 -0.703102112 0.012133986 0.232129440 0.672023892
1413393920805760512.000000 -0.673514545 -0.278655052 -2.608180046 0.701835632 -0.011027250 -0.232957259 -0.673079610
1413393920855760384.000000 -0.708002567 -0.311323404 -2.628600597 0.701625466 -0.008322378 -0.231685400 -0.673776209
1413393920905760512.000000 -0.747687519 -0.342217922 -2.648489952 -0.700219929 0.002401801 0.233376220 0.674701273
1413393920955760384.000000 -0.781440854 -0.374058247 -2.666554689 -0.698492885 -0.004085231 0.236039206 0.675556421
1413393921005760512.000000 -0.815204322 -0.405099869 -2.683496237 -0.696319580 -0.012512839 0.242174745 0.675524890
1413393921055760384.000000 -0.848577142 -0.434759140 -2.698939800 -0.693464696 -0.022254394 0.248524189 0.675904810
1413393921105760512.000000 -0.883475840 -0.463190079 -2.713701725 -0.690423906 -0.030724524 0.254375666 0.676508605
1413393921155760384.000000 -0.913686395 -0.488324165 -2.727546453 -0.688681662 -0.036501441 0.258542150 0.676418006
1413393921205760512.000000 -0.942119360 -0.510611534 -2.740355492 -0.687669039 -0.042678162 0.260365367 0.676387310
1413393921255760384.000000 -0.968880296 -0.529587269 -2.752041817 0.686833203 0.046191182 -0.261680245 -0.676498353
1413393921305760512.000000 -0.993822813 -0.545003176 -2.762387276 0.686571658 0.047911949 -0.262715310 -0.676242888
1413393921355760384.000000 -1.017154932 -0.556877375 -2.771371126 0.685535610 0.047814365 -0.264970392 -0.676420987
1413393921405760512.000000 -1.038262129 -0.565102816 -2.779465437 0.685607135 0.044784479 -0.264983773 -0.676550746
1413393921455760384.000000 -1.059127688 -0.570044756 -2.786713123 -0.687227309 -0.037847351 0.261501461 0.676685572
1413393921505760512.000000 -1.075930119 -0.571577787 -2.793226004 -0.689420402 -0.029268073 0.255295932 0.677249491
1413393921555760384.000000 -1.091762304 -0.570819616 -2.798906565 -0.692204833 -0.018844809 0.248178676 0.677425146
1413393921605760512.000000 -1.107370257 -0.568616629 -2.802284479 0.695392191 0.011509153 -0.240992248 -0.676919520
1413393921655760384.000000 -1.123532891 -0.564898252 -2.804974556 0.696991980 0.005665879 -0.237272993 -0.676662207
1413393921705760512.000000 -1.142247915 -0.561055183 -2.805710077 0.698708534 0.002080730 -0.234151557 -0.675999343
1413393921755760384.000000 -1.163604975 -0.557269812 -2.804245710 0.700121343 -0.001132355 -0.232104018 -0.675245643
1413393921805760512.000000 -1.187012196 -0.553238153 -2.801095486 0.701536298 -0.003971755 -0.229174986 -0.674766600
1413393921855760384.000000 -1.211814046 -0.548996687 -2.796475649 0.703271091 -0.007375613 -0.225406483 -0.674201250
1413393921905760512.000000 -1.237253666 -0.544672966 -2.790697575 0.705785811 -0.013968957 -0.219851986 -0.673302591
1413393921955760384.000000 -1.265349388 -0.539263010 -2.783922434 -0.708481312 0.020104665 0.212791473 0.672584474
1413393922005760512.000000 -1.290723443 -0.536266565 -2.775929689 -0.710070610 0.024606220 0.209204838 0.671883702
1413393922055760384.000000 -1.316593766 -0.534768343 -2.766609669 -0.710218370 0.022810029 0.211137533 0.671185911
1413393922105760512.000000 -1.341233969 -0.534853458 -2.755347252 0.709800124 -0.019151306 -0.215075359 -0.670492113
1413393922155760384.000000 -1.368904948 -0.533741236 -2.743266582 -0.708222806 0.011745052 0.222216025 0.670001924
1413393922205760512.000000 -1.394984365 -0.535320997 -2.729971886 -0.704854548 0.000125640 0.235057443 0.669274271
1413393922255760384.000000 -1.420670033 -0.536947012 -2.715940714 -0.701945484 -0.011161109 0.246295959 0.668196321
1413393922305760512.000000 -1.446238518 -0.538080454 -2.701474667 0.698149800 0.021298653 -0.259070545 -0.667094946
1413393922355760384.000000 -1.470619798 -0.537001371 -2.686218262 0.694574416 0.030530525 -0.270394355 -0.665973961
1413393922405760512.000000 -1.493431926 -0.533071995 -2.670892477 0.691811323 0.037456702 -0.279574782 -0.664704502
1413393922455760384.000000 -1.515599132 -0.520954609 -2.654066563 -0.689167559 -0.037135083 0.288947552 0.663459480
1413393922505760512.000000 -1.535192847 -0.509119034 -2.639079571 -0.687521517 -0.030191867 0.295363873 0.662693560
1413393922555760384.000000 -1.553155184 -0.492710590 -2.625307798 -0.687526703 -0.017991129 0.298107117 0.661902964
1413393922605760512.000000 -1.571045756 -0.473380089 -2.612697840 0.688176155 0.003012458 -0.298383653 -0.661340833
1413393922655760384.000000 -1.587816715 -0.450682878 -2.601794243 0.688371420 -0.009369183 -0.298594415 -0.660982966
1413393922705760512.000000 -1.602992058 -0.424325466 -2.591888905 0.689371526 -0.018952213 -0.296836823 -0.660526872
1413393922755760384.000000 -1.619728327 -0.397018671 -2.585202932 0.689114749 -0.024236418 -0.296164244 -0.660923779
1413393922805760512.000000 -1.636586666 -0.367923260 -2.580881119 0.689132988 -0.024915183 -0.295216888 -0.661303222
1413393922855760384.000000 -1.653532267 -0.337580681 -2.578791380 0.689249218 -0.018710710 -0.294558078 -0.661680400
1413393922905760512.000000 -1.669257879 -0.303493261 -2.577890396 0.689093888 -0.010262249 -0.294799179 -0.661919773
1413393922955760384.000000 -1.682508469 -0.269144058 -2.581194878 0.689568758 0.000995654 -0.293087155 -0.662264228
1413393923005760512.000000 -1.692753315 -0.232970715 -2.587105274 0.690970898 0.014932014 -0.289739966 -0.662108064
1413393923055760384.000000 -1.699187994 -0.194897652 -2.595402241 -0.692578256 -0.026894646 0.286293566 0.661549747
1413393923105760512.000000 -1.703329563 -0.152563572 -2.604473829 -0.693712711 -0.034511141 0.284189761 0.660914421
1413393923155760384.000000 -1.704211593 -0.106553078 -2.613868237 -0.694344759 -0.041093167 0.283212990 0.660293221
1413393923205760512.000000 -1.701852083 -0.057588816 -2.624614239 0.695198715 0.044358805 -0.282238126 -0.659600377
1413393923255760384.000000 -1.696956158 -0.002003670 -2.633787155 -0.696496189 -0.044355247 0.280555397 0.658949494
1413393923305760512.000000 -1.691880703 0.054658413 -2.643188238 -0.696834326 -0.037216488 0.281236976 0.658743262
1413393923355760384.000000 -1.686084747 0.114845514 -2.652051926 -0.695470035 -0.023240233 0.284169972 0.659567118
1413393923405760512.000000 -1.682196498 0.177828789 -2.660638094 -0.691275477 -0.006656732 0.289821506 0.661889315
1413393923455760384.000000 -1.675687432 0.242817879 -2.669755936 -0.684974968 0.009783304 0.292836249 0.667053640
1413393923505760512.000000 -1.669234991 0.309556007 -2.680277824 -0.677332997 0.024765156 0.292723268 0.674477458
1413393923555760384.000000 -1.664987326 0.377255917 -2.692402601 -0.668324232 0.037047591 0.288822412 0.684508502
1413393923605760512.000000 -1.658756018 0.445410728 -2.706743240 -0.656765580 0.044468157 0.283729911 0.697265327
1413393923655760384.000000 -1.652952671 0.513852358 -2.723649979 -0.645505011 0.043966774 0.273383945 0.711794496
1413393923705760512.000000 -1.650532961 0.580949306 -2.742168665 -0.633552730 0.039176624 0.260100901 0.727615058
1413393923755760384.000000 -1.646217942 0.648697615 -2.762879848 -0.619673312 0.028463056 0.247448981 0.744287491
1413393923805760512.000000 -1.643241286 0.716498613 -2.784291506 -0.603950083 0.018403957 0.236892536 0.760780871
1413393923855760384.000000 -1.642516613 0.786207914 -2.805831432 -0.587382138 0.010449973 0.226894945 0.776782930
1413393923905760512.000000 -1.639935493 0.853854418 -2.828986168 -0.570254266 0.003571079 0.217270911 0.792206228
1413393923955760384.000000 -1.637667418 0.921212673 -2.852344513 -0.552264512 -0.001142788 0.209752887 0.806849658
1413393924005760512.000000 -1.636363983 0.991240978 -2.874446630 -0.534276664 -0.006423239 0.203596726 0.820399642
1413393924055760384.000000 -1.634698749 1.059201717 -2.897929668 -0.517214417 -0.011169581 0.197263330 0.832737446
1413393924105760512.000000 -1.632747531 1.128118515 -2.920978069 -0.501408041 -0.018015191 0.188188970 0.844304681
1413393924155760384.000000 -1.629917383 1.201160192 -2.940109015 -0.488319665 -0.025708439 0.174402490 0.854673564
1413393924205760512.000000 -1.626285553 1.272111416 -2.961004257 -0.476945788 -0.033154704 0.155658558 0.864403844
1413393924255760384.000000 -1.621314049 1.343034029 -2.979904413 -0.466885090 -0.039771147 0.132858709 0.873375773
1413393924305760512.000000 -1.614052176 1.415347576 -2.992526293 -0.457736582 -0.045841061 0.112197913 0.880788028
1413393924355760384.000000 -1.606873155 1.484581590 -3.005823851 -0.449937701 -0.052227613 0.092143744 0.886756957
1413393924405760512.000000 -1.597733259 1.552052736 -3.015576124 -0.443907112 -0.057791710 0.072678879 0.891248822
1413393924455760384.000000 -1.584802389 1.618799448 -3.017405033 -0.440020829 -0.064141341 0.054398049 0.894040585
1413393924505760512.000000 -1.570457935 1.681044459 -3.017672777 -0.436869234 -0.067743175 0.038870182 0.896127939
1413393924555760384.000000 -1.553159475 1.738749981 -3.013320446 -0.434344590 -0.069473438 0.025512079 0.897701204
1413393924605760512.000000 -1.530510783 1.795180440 -2.999619484 -0.433475107 -0.067027092 0.011792569 0.898592055
1413393924655760384.000000 -1.506089926 1.842336655 -2.984613657 -0.433598310 -0.062709413 -0.001252159 0.898920774
1413393924705760512.000000 -1.476490259 1.883369684 -2.963422060 -0.434657484 -0.056477055 -0.014107429 0.898712516
1413393924755760384.000000 -1.442351460 1.923901796 -2.931958199 -0.435863227 -0.048636924 -0.023737669 0.898384273
1413393924805760512.000000 -1.401456833 1.949631214 -2.899950981 -0.438352197 -0.044193011 -0.027996277 0.897279561
1413393924855760384.000000 -1.355067730 1.967178226 -2.862588167 -0.438615650 -0.038586054 -0.019827945 0.897627056
1413393924905760512.000000 -1.305963993 1.984020233 -2.815910101 -0.436633855 -0.033383615 -0.002469531 0.899016380
1413393924955760384.000000 -1.247300386 1.987426162 -2.768018961 -0.431312293 -0.029149834 0.025045475 0.901383817
1413393925005760512.000000 -1.183161378 1.983915091 -2.717481852 -0.424132973 -0.024013758 0.051224303 0.903831124
1413393925055760384.000000 -1.115358591 1.979139924 -2.663223982 -0.416026741 -0.019960696 0.074383765 0.906085193
1413393925105760512.000000 -1.042670965 1.968094945 -2.607776165 -0.406488240 -0.016290752 0.094631813 0.908596039
1413393925155760384.000000 -0.966929078 1.955792785 -2.550351620 -0.394470304 -0.013727208 0.114148065 0.911687970
1413393925205760512.000000 -0.900494456 1.953665018 -2.491370440 -0.378972381 -0.012222474 0.133971632 0.915577531
1413393925255760384.000000 -0.823392272 1.941303015 -2.431140661 -0.362257928 -0.012782723 0.150411904 0.919772863
1413393925305760512.000000 -0.751348197 1.935392380 -2.370952368 -0.345779002 -0.013095322 0.161849469 0.924159169
1413393925355760384.000000 -0.672778904 1.927884579 -2.310580969 -0.332455963 -0.014887824 0.165055320 0.928443968
1413393925405760512.000000 -0.593411684 1.923744202 -2.250946045 -0.323575526 -0.015832804 0.160362378 0.932379782
1413393925455760384.000000 -0.524243593 1.929219723 -2.193069696 -0.316557467 -0.013809121 0.154676497 0.935775578
1413393925505760512.000000 -0.444783032 1.930734158 -2.134876013 -0.311735749 -0.011245172 0.146870062 0.938681841
1413393925555760384.000000 -0.366332948 1.934556484 -2.076610088 -0.307131261 -0.009241849 0.141228929 0.941084146
1413393925605760512.000000 -0.299794912 1.947570682 -2.017835617 -0.302556545 -0.006460235 0.138372108 0.943011701
1413393925655760384.000000 -0.226412475 1.956335425 -1.957341433 -0.299189746 -0.004506503 0.135075912 0.944573879
1413393925705760512.000000 -0.159268603 1.966911435 -1.894531012 -0.296760768 -0.004065330 0.131446391 0.945853293
1413393925755760384.000000 -0.100132361 1.980470419 -1.828132868 0.295437187 0.002683371 -0.127387956 -0.946827352
1413393925805760512.000000 -0.059370104 1.999673367 -1.762750506 -0.294356972 -0.000462409 0.124124877 0.947600603
1413393925855760384.000000 -0.013595198 2.014629126 -1.692455053 -0.294078410 0.002574764 0.120991431 0.948088825
1413393925905760512.000000 0.026565684 2.030695200 -1.620631218 -0.294604033 0.006970016 0.116554990 0.948459208
1413393925955760384.000000 0.059627667 2.049077988 -1.547417879 0.294732481 -0.014474953 -0.113175124 -0.948743761
1413393926005760512.000000 0.079772644 2.069111109 -1.477446198 -0.295650005 0.023114717 0.109525502 0.948715448
1413393926055760384.000000 0.107428186 2.087203503 -1.403375626 -0.296054602 0.034999225 0.107513495 0.948455453
1413393926105760512.000000 0.133811146 2.105079174 -1.330791235 -0.296071410 0.046271577 0.106525481 0.948078632
1413393926155760384.000000 0.154155210 2.122722149 -1.264142871 -0.295761913 0.053935964 0.106802739 0.947738945
1413393926205760512.000000 0.178070188 2.139936924 -1.196668029 -0.295333177 0.057885356 0.108844765 0.947407186
1413393926255760384.000000 0.201379657 2.156805992 -1.132040858 -0.295163393 0.058600955 0.111250438 0.947136641
1413393926305760512.000000 0.218924582 2.174386978 -1.073277950 -0.294665337 0.055914212 0.114872552 0.947021782
1413393926355760384.000000 0.241166592 2.190813065 -1.014464974 -0.294003963 0.050478827 0.118600838 0.947073162
1413393926405760512.000000 0.263532251 2.207137108 -0.958162904 -0.292590529 0.043610234 0.120088376 0.947664380
1413393926455760384.000000 0.285629064 2.223012447 -0.904497802 -0.290656477 0.041255977 0.118972033 0.948505402
1413393926505760512.000000 0.306856096 2.239190102 -0.852814972 -0.287818372 0.043184064 0.116147362 0.949634433
1413393926555760384.000000 0.324410766 2.255516529 -0.801571965 -0.284617960 0.046435561 0.110425442 0.951126993
1413393926605760512.000000 0.336898297 2.272066116 -0.749490321 -0.280392259 0.050108168 0.103819758 0.952937961
1413393926655760384.000000 0.346186936 2.288428545 -0.698116779 -0.274536699 0.052089781 0.097719893 0.955179095
1413393926705760512.000000 0.354578197 2.304310799 -0.648528934 -0.267837048 0.052047405 0.090351284 0.957805395
1413393926755760384.000000 0.367610544 2.320019722 -0.604879677 -0.259052485 0.050786383 0.085723534 0.960710227
1413393926805760512.000000 0.379283875 2.334040165 -0.560832381 -0.249447063 0.048684712 0.081614986 0.963714242
1413393926855760384.000000 0.394205034 2.347425222 -0.519736469 -0.238335595 0.045299131 0.077899896 0.966993153
1413393926905760512.000000 0.412562728 2.360689402 -0.483437330 -0.226589814 0.038457636 0.075242557 0.970317900
1413393926955760384.000000 0.432548851 2.372209311 -0.448503852 -0.214142948 0.031339344 0.074185111 0.973476946
1413393927005760512.000000 0.455149740 2.383331299 -0.416833520 -0.202721968 0.021802863 0.073364660 0.976240814
1413393927055760384.000000 0.481872439 2.396391869 -0.388551027 -0.191710576 0.011986607 0.076145403 0.978419781
1413393927105760512.000000 0.509739876 2.408782244 -0.360290676 -0.181695297 0.005195446 0.079699509 0.980106056
1413393927155760384.000000 0.538737655 2.422241926 -0.332495749 -0.171876445 0.000913462 0.085686073 0.981384516
1413393927205760512.000000 0.574208736 2.425552130 -0.311148942 -0.164945036 -0.001767950 0.091788001 0.982020915
1413393927255760384.000000 0.603507817 2.443334818 -0.284027725 -0.157154456 -0.006250903 0.098478757 0.982631862
1413393927305760512.000000 0.632929385 2.463328600 -0.256682426 -0.150568098 -0.013694806 0.101804979 0.983248413
1413393927355760384.000000 0.667746484 2.483790159 -0.231811970 -0.145381063 -0.022349481 0.098903820 0.984166145
1413393927405760512.000000 0.699387610 2.509481668 -0.203533709 -0.141781732 -0.028428165 0.090764761 0.985318005
1413393927455760384.000000 0.732982635 2.537569761 -0.174293920 -0.140221924 -0.030068232 0.075432763 0.986784577
1413393927505760512.000000 0.770172954 2.564519882 -0.144793719 -0.140153676 -0.028572641 0.057699010 0.988034129
1413393927555760384.000000 0.806948483 2.594990492 -0.112629965 -0.139866546 -0.026876578 0.040321961 0.988983929
1413393927605760512.000000 0.844987988 2.625004053 -0.078846902 -0.138191119 -0.024690483 0.022337962 0.989845812
1413393927655760384.000000 0.885840297 2.650681257 -0.043903045 -0.135591626 -0.020980135 0.004651221 0.990531802
1413393927705760512.000000 0.926430821 2.677514076 -0.007574494 -0.131763801 -0.014346744 -0.012699260 0.991095960
1413393927755760384.000000 0.968451321 2.701650143 0.029746799 -0.128973588 -0.006757578 -0.030597325 0.991152883
1413393927805760512.000000 1.017352700 2.718128920 0.059461161 -0.127135381 0.001292958 -0.046428297 0.990797400
1413393927855760384.000000 1.061396241 2.734387398 0.097551838 -0.124784313 0.008801186 -0.057286225 0.990489662
1413393927905760512.000000 1.106168032 2.745326281 0.136387840 0.121647306 -0.014906879 0.061910562 -0.990528584
1413393927955760384.000000 1.150811434 2.750906229 0.172831982 -0.119563900 0.019200832 -0.065474868 0.990479112
1413393928005760512.000000 1.193952322 2.753028631 0.211457774 -0.118169777 0.023150364 -0.067648791 0.990415871
1413393928055760384.000000 1.235079288 2.750598669 0.250964135 0.117805570 -0.025408249 0.070543841 -0.990201950
1413393928105760512.000000 1.272636533 2.742897749 0.285299748 -0.117883869 0.028283542 -0.072615229 0.989964902
1413393928155760384.000000 1.308781147 2.731397152 0.324397206 -0.117836609 0.030462170 -0.073528729 0.989838481
1413393928205760512.000000 1.342597604 2.715373755 0.363449186 -0.118279614 0.030737251 -0.073494665 0.989779651
1413393928255760384.000000 1.382121921 2.693152189 0.399717659 -0.117297880 0.028772384 -0.068193235 0.990334868
1413393928305760512.000000 1.410180449 2.668508053 0.439147949 -0.113542736 0.025839642 -0.054943763 0.991676152
1413393928355760384.000000 1.436625123 2.639999390 0.478294075 -0.107663296 0.026893077 -0.036754947 0.993143797
1413393928405760512.000000 1.461846948 2.607808590 0.513528407 -0.102191791 0.030591995 -0.019251926 0.994107842
1413393928455760384.000000 1.482216239 2.574146032 0.551334381 -0.097446971 0.033684060 -0.003197302 0.994665444
1413393928505760512.000000 1.501312494 2.539234400 0.588847399 -0.093602732 0.038145393 0.010306754 0.994825304
1413393928555760384.000000 1.518485069 2.504092932 0.625749409 -0.091317765 0.044607814 0.020183872 0.994617522
1413393928605760512.000000 1.534683585 2.468281031 0.661439359 -0.090083919 0.054819174 0.026318531 0.994076014
1413393928655760384.000000 1.548119187 2.433248758 0.694734752 0.089592509 -0.062806994 -0.031210624 -0.993506134
1413393928705760512.000000 1.562201262 2.396071196 0.728793800 -0.091230512 0.066973150 0.032102834 0.993056417
1413393928755760384.000000 1.574359536 2.361672640 0.756367505 0.093179047 -0.067879923 -0.032071177 -0.992814958
1413393928805760512.000000 1.587111115 2.327303886 0.781259656 -0.098066822 0.067799836 0.025754627 0.992533505
1413393928855760384.000000 1.598456621 2.292979956 0.802615404 0.102853820 -0.066330425 -0.019737309 -0.992286205
1413393928905760512.000000 1.610935211 2.257903337 0.822626173 -0.109503821 0.065657698 0.011478176 0.991749167
1413393928955760384.000000 1.621172071 2.223170042 0.838294268 -0.118112519 0.064144142 0.003969836 0.990918398
1413393929005760512.000000 1.636672616 2.181701183 0.849998593 -0.128178477 0.061849479 -0.001356174 0.989819705
1413393929055760384.000000 1.645650864 2.144507647 0.860571861 -0.138795137 0.059069749 -0.002060195 0.988555789
1413393929105760512.000000 1.654779792 2.105659008 0.868966222 0.150925174 -0.056922261 0.002466237 -0.986901939
1413393929155760384.000000 1.663765311 2.064725876 0.874845624 0.163371071 -0.055534195 0.001115446 -0.984999776
1413393929205760512.000000 1.672143698 2.021947861 0.878917694 0.176758155 -0.051512808 -0.002232393 -0.982902825
1413393929255760384.000000 1.680185437 1.977304459 0.880923986 0.190775320 -0.047417134 -0.009034503 -0.980446219
1413393929305760512.000000 1.687966824 1.927150607 0.882076800 -0.204495847 0.042889576 0.018916661 0.977744401
1413393929355760384.000000 1.695761442 1.878453612 0.881433487 -0.218815997 0.038684044 0.031165367 0.974500895
1413393929405760512.000000 1.706797004 1.824999571 0.880755663 -0.233420461 0.035540812 0.044485994 0.970707417
1413393929455760384.000000 1.721780181 1.768034220 0.874119163 -0.248785406 0.033094138 0.056110136 0.966365457
1413393929505760512.000000 1.730801463 1.714873791 0.870846629 0.265799493 -0.029232025 -0.066160135 -0.961311102
1413393929555760384.000000 1.740975380 1.660621166 0.865738273 -0.282800764 0.025623862 0.075906254 0.955827117
1413393929605760512.000000 1.750743747 1.605987430 0.861147523 -0.300876826 0.022774670 0.083843440 0.949697256
1413393929655760384.000000 1.761075258 1.550469160 0.856498480 0.319310844 -0.019717792 -0.091131285 -0.943051934
1413393929705760512.000000 1.771795273 1.494751692 0.851695776 0.337153316 -0.018439917 -0.098076113 -0.936145723
1413393929755760384.000000 1.782747388 1.438585877 0.847011805 0.354464829 -0.017273583 -0.106509455 -0.928822994
1413393929805760512.000000 1.793851614 1.382273436 0.842477679 0.370264292 -0.017944029 -0.117837541 -0.921247363
1413393929855760384.000000 1.804823518 1.325985551 0.838002443 0.384418219 -0.020303136 -0.132652462 -0.913353086
1413393929905760512.000000 1.816279650 1.270081043 0.833183467 0.397007376 -0.025452325 -0.149679422 -0.905170381
1413393929955760384.000000 1.827733397 1.214899659 0.827824771 0.408750176 -0.030320011 -0.166229829 -0.896867752
1413393930005760512.000000 1.838604331 1.161016464 0.821475327 0.420537382 -0.034693770 -0.180870041 -0.888386607
1413393930055760384.000000 1.847173214 1.106331587 0.806907117 -0.432072520 0.038080804 0.193809092 0.879943907
1413393930105760512.000000 1.853711367 1.055769444 0.798947871 -0.442930281 0.040696945 0.204633191 0.871941447
1413393930155760384.000000 1.857998967 1.006986618 0.790051937 -0.452815682 0.042809665 0.211629212 0.865065515
1413393930205760512.000000 1.861464977 0.959167957 0.781290293 0.461235940 -0.044425495 -0.216449976 -0.859323740
1413393930255760384.000000 1.861277103 0.913830876 0.771257520 0.468617469 -0.043984756 -0.217715234 -0.855022252
1413393930305760512.000000 1.858135223 0.870417118 0.760353565 0.475684702 -0.042021032 -0.215706795 -0.851721108
1413393930355760384.000000 1.852335334 0.828771234 0.748482823 0.484093249 -0.035164025 -0.206078887 -0.849675655
1413393930405760512.000000 1.843739867 0.788270593 0.736265421 0.490690380 -0.027928060 -0.196263388 -0.848483205
1413393930455760384.000000 1.831515670 0.748894095 0.724714935 0.496396333 -0.020361222 -0.186289430 -0.847627521
1413393930505760512.000000 1.814427614 0.710467041 0.714816451 0.500445366 -0.014367487 -0.178375289 -0.847071648
1413393930555760384.000000 1.783939838 0.670920014 0.703184724 -0.501635373 0.013320710 0.174618214 0.847167611
1413393930605760512.000000 1.756052136 0.633371890 0.698013902 -0.501082480 0.016217282 0.175002873 0.847365022
1413393930655760384.000000 1.723125219 0.596497416 0.694880247 -0.499367237 0.021373155 0.176824182 0.847884893
1413393930705760512.000000 1.686556220 0.558638871 0.692180037 0.497253686 -0.027697366 -0.178650185 -0.848560989
1413393930755760384.000000 1.647598863 0.522537112 0.690678775 0.494972438 -0.034725387 -0.180270389 -0.849293292
1413393930805760512.000000 1.605103493 0.485881150 0.689797044 -0.492777139 0.039951719 0.180189982 0.850356519
1413393930855760384.000000 1.566678882 0.451081187 0.686725438 -0.490407258 0.043973114 0.180813104 0.851395190
1413393930905760512.000000 1.530602574 0.416727394 0.681518793 -0.488825113 0.044358917 0.180177301 0.852419138
1413393930955760384.000000 1.494293690 0.380982399 0.675026059 -0.486962885 0.042018861 0.178687796 0.853915811
1413393931005760512.000000 1.464561343 0.347394913 0.664819479 -0.484624892 0.041268580 0.179295391 0.855154335
1413393931055760384.000000 1.438627958 0.314282000 0.651937604 -0.483527094 0.038059633 0.178552210 0.856079578
1413393931105760512.000000 1.416472077 0.280705869 0.636814594 0.481344849 -0.038361456 -0.179140523 -0.857172191
1413393931155760384.000000 1.397402644 0.247799560 0.619454086 0.479431331 -0.035437915 -0.180866376 -0.858007610
1413393931205760512.000000 1.381227493 0.215515777 0.600305796 0.477720052 -0.032721303 -0.182747781 -0.858671188
1413393931255760384.000000 1.362589955 0.178651452 0.581388533 -0.475001723 0.030789001 0.185969159 0.859558582
1413393931305760512.000000 1.346302986 0.148040742 0.561339796 -0.472667694 0.029317889 0.189642802 0.860093832
1413393931355760384.000000 1.327549338 0.118437380 0.541601300 -0.470216632 0.028999534 0.193696663 0.860544622
1413393931405760512.000000 1.305296421 0.088925481 0.522126377 0.466852427 -0.029218301 -0.199083462 -0.861139297
1413393931455760384.000000 1.281173348 0.061774015 0.502717972 0.464310795 -0.030459153 -0.203727022 -0.861384392
1413393931505760512.000000 1.255160809 0.035996646 0.482810766 0.461691767 -0.031823944 -0.208123192 -0.861691833
1413393931555760384.000000 1.224236488 0.007467866 0.460753113 -0.459826380 0.032997612 0.210800394 0.861994267
1413393931605760512.000000 1.191341162 -0.016207159 0.440092564 -0.457897335 0.032562416 0.213305101 0.862421453
1413393931655760384.000000 1.156572461 -0.037851721 0.418496192 -0.456823140 0.033468373 0.213549137 0.862895846
1413393931705760512.000000 1.118340969 -0.057716906 0.396333635 0.456013709 -0.033678625 -0.213578165 -0.863308549
1413393931755760384.000000 1.079847574 -0.073830664 0.374686301 -0.455097675 0.033623647 0.212875143 0.863967478
1413393931805760512.000000 1.038687229 -0.088692129 0.351752907 -0.454777807 0.033225425 0.211757347 0.864425898
1413393931855760384.000000 0.996402323 -0.101534396 0.327724159 -0.454493582 0.032536231 0.210520178 0.864903688
1413393931905760512.000000 0.957854807 -0.115665287 0.298895359 -0.454135358 0.031666115 0.209888905 0.865277469
1413393931955760384.000000 0.916539550 -0.123559237 0.271908075 -0.454079449 0.031209793 0.208178356 0.865736544
1413393932005760512.000000 0.876185596 -0.129218131 0.243180811 -0.454405487 0.030000605 0.206064135 0.866113901
1413393932055760384.000000 0.838186860 -0.135914415 0.210653871 -0.454893857 0.027127132 0.203078851 0.866657257
1413393932105760512.000000 0.800060153 -0.137334615 0.179083496 -0.455806553 0.023594659 0.199581981 0.867093325
1413393932155760384.000000 0.762868762 -0.136984482 0.146352947 -0.457485676 0.018704450 0.194357738 0.867514849
1413393932205760512.000000 0.727087498 -0.139335543 0.109974533 -0.459708989 0.013641076 0.188129470 0.867806971
1413393932255760384.000000 0.691799462 -0.135717377 0.076157242 -0.462519735 0.008290207 0.180258170 0.868051708
1413393932305760512.000000 0.657519102 -0.130903944 0.042381808 -0.464829892 0.003227992 0.173810422 0.868166268
1413393932355760384.000000 0.627443075 -0.126937509 0.003825859 -0.466901660 -0.001203468 0.168420896 0.868122041
1413393932405760512.000000 0.595671594 -0.120925732 -0.028816266 -0.468537092 -0.004491593 0.164822802 0.867920697
1413393932455760384.000000 0.564816952 -0.114196748 -0.060336962 -0.470270574 -0.007566434 0.161850050 0.867521107
1413393932505760512.000000 0.535376430 -0.108406469 -0.092188254 -0.472057611 -0.009727006 0.159606472 0.866944551
1413393932555760384.000000 0.507149398 -0.100862242 -0.121200979 -0.473886490 -0.010446040 0.156905219 0.866431355
1413393932605760512.000000 0.480616540 -0.092873439 -0.148920536 -0.475820839 -0.008751075 0.154352188 0.865848362
1413393932655760384.000000 0.456067115 -0.083717972 -0.175298050 -0.477831244 -0.005942184 0.151954487 0.865188897
1413393932705760512.000000 0.432323098 -0.075982660 -0.200106472 -0.479269058 -0.003478020 0.150755897 0.864616573
1413393932755760384.000000 0.409959674 -0.067710727 -0.224187747 0.480838150 0.000920495 -0.149941027 -0.863893270
1413393932805760512.000000 0.390789390 -0.060721599 -0.247776002 -0.482335418 0.001653032 0.148607150 0.863287747
1413393932855760384.000000 0.370837212 -0.053230662 -0.269422382 -0.484288096 0.001639043 0.146464899 0.862560451
1413393932905760512.000000 0.352555752 -0.046265077 -0.289952010 -0.486463517 0.002391603 0.143931821 0.861760557
1413393932955760384.000000 0.336855471 -0.038900394 -0.309084713 -0.489069521 0.007794111 0.139663562 0.860955536
1413393933005760512.000000 0.322473288 -0.033540331 -0.327708781 -0.491079181 0.017079379 0.133681297 0.860626996
1413393933055760384.000000 0.308991432 -0.029864848 -0.345403582 -0.492204249 0.025517831 0.127890676 0.860655487
1413393933105760512.000000 0.296672732 -0.026540548 -0.361037046 -0.492913932 0.035077505 0.122612603 0.860680878
1413393933155760384.000000 0.284989029 -0.027850375 -0.377410769 -0.492886901 0.041788105 0.120741114 0.860661328
1413393933205760512.000000 0.274356812 -0.031936102 -0.393886536 -0.492055207 0.047501300 0.121879093 0.860680461
1413393933255760384.000000 0.264070690 -0.038579330 -0.410984218 0.489427626 -0.052462958 -0.127455533 -0.861082673
1413393933305760512.000000 0.255114645 -0.048040792 -0.428358227 0.485997200 -0.059055224 -0.136191964 -0.861261249
1413393933355760384.000000 0.246730059 -0.059991546 -0.446592122 0.482343793 -0.064356096 -0.144923091 -0.861510336
1413393933405760512.000000 0.238715127 -0.073939435 -0.466452599 0.477888584 -0.068610385 -0.156305313 -0.861674964
1413393933455760384.000000 0.228862762 -0.083710216 -0.484214038 -0.473055422 0.069697611 0.169869766 0.861687303
1413393933505760512.000000 0.219818354 -0.100352138 -0.507398784 -0.467264086 0.068246312 0.184635207 0.861926079
1413393933555760384.000000 0.209439307 -0.116887569 -0.532590330 -0.462250620 0.065387942 0.197979748 0.861889124
1413393933605760512.000000 0.197346449 -0.131587401 -0.558732092 0.458837330 -0.061464570 -0.208337456 -0.861560225
1413393933655760384.000000 0.180558234 -0.145920813 -0.585522532 -0.457960695 0.056848742 0.212784633 0.861256599
1413393933705760512.000000 0.164556414 -0.158750892 -0.615854740 -0.459442049 0.049854875 0.210604757 0.861436665
1413393933755760384.000000 0.146639034 -0.170417562 -0.647825241 -0.463259608 0.041326206 0.203193605 0.861623526
1413393933805760512.000000 0.122834742 -0.177020773 -0.676256955 -0.467382014 0.032813232 0.194265157 0.861822784
1413393933855760384.000000 0.100446373 -0.187199354 -0.708861172 -0.470153093 0.025593940 0.187685192 0.862018168
1413393933905760512.000000 0.076314837 -0.196686223 -0.740994275 -0.472352237 0.021027755 0.182622209 0.862026930
1413393933955760384.000000 0.052623332 -0.206580788 -0.773052514 0.475086898 -0.019608764 -0.176347077 -0.861864090
1413393934005760512.000000 0.028891057 -0.210021585 -0.803317666 -0.478745997 0.024296431 0.164837971 0.861997962
1413393934055760384.000000 0.010947831 -0.219313234 -0.837065518 -0.482583553 0.029582312 0.153943643 0.861707270
1413393934105760512.000000 -0.003374591 -0.229622290 -0.871683240 -0.485108048 0.035625216 0.144504294 0.861695766
1413393934155760384.000000 -0.014645725 -0.242561698 -0.906537533 0.486626089 -0.037586667 -0.138376951 -0.861762226
1413393934205760512.000000 -0.027200144 -0.248898000 -0.937496662 -0.487348288 0.038674857 0.134267196 0.861956060
1413393934255760384.000000 -0.036631480 -0.265714586 -0.972583532 -0.485369891 0.038621675 0.136662215 0.862698078
1413393934305760512.000000 -0.046545498 -0.283977538 -1.007085323 -0.482853293 0.038115073 0.141082406 0.863420963
1413393934355760384.000000 -0.059746891 -0.302094549 -1.038403630 0.478841722 -0.035945844 -0.149766892 -0.864284933
1413393934405760512.000000 -0.075774588 -0.321474105 -1.069754362 0.474375755 -0.033906516 -0.160201892 -0.864958644
1413393934455760384.000000 -0.095272943 -0.332836807 -1.099840164 -0.470366627 0.032249968 0.169158414 0.865506053
1413393934505760512.000000 -0.118122950 -0.352419913 -1.129391909 -0.466896027 0.031047149 0.177471235 0.865764558
1413393934555760384.000000 -0.143885523 -0.371770829 -1.158586860 -0.463456482 0.030956473 0.185385630 0.865957260
1413393934605760512.000000 -0.171895161 -0.388663441 -1.187053084 0.460680306 -0.031464942 -0.192031711 -0.865972042
1413393934655760384.000000 -0.201944783 -0.402070463 -1.214596987 -0.457858473 0.034112141 0.199009120 0.865792871
1413393934705760512.000000 -0.234205425 -0.418246537 -1.244069338 -0.455119342 0.036801528 0.205557510 0.865597069
1413393934755760384.000000 -0.269356519 -0.432992697 -1.273277283 -0.449396610 0.039693408 0.214914605 0.866186321
1413393934805760512.000000 -0.307001054 -0.445561260 -1.302286625 0.441091239 -0.041925609 -0.225594774 -0.867633462
1413393934855760384.000000 -0.346278906 -0.455726355 -1.331955433 -0.431264043 0.041178096 0.233685270 0.870463669
1413393934905760512.000000 -0.388402194 -0.464376539 -1.363422990 -0.420321077 0.036044892 0.238371506 0.874762833
1413393934955760384.000000 -0.432047725 -0.469810098 -1.396193266 -0.409687579 0.026162148 0.236282885 0.880705476
1413393935005760512.000000 -0.477549493 -0.470068574 -1.428396463 -0.401166677 0.012476759 0.223031938 0.888350427
1413393935055760384.000000 -0.523968041 -0.468432486 -1.462580919 -0.392569959 -0.003397729 0.203052521 0.897021115
1413393935105760512.000000 -0.569957495 -0.463713348 -1.496271729 -0.381994992 -0.017424095 0.182585880 0.905780673
1413393935155760384.000000 -0.614418030 -0.457874835 -1.528199553 -0.368984193 -0.028509093 0.164173126 0.914376915
1413393935205760512.000000 -0.653366625 -0.448114663 -1.560010433 -0.353290111 -0.036867499 0.148276538 0.922952294
1413393935255760384.000000 -0.686873198 -0.436141074 -1.590537071 -0.335758150 -0.042235158 0.135448083 0.931201696
1413393935305760512.000000 -0.716057777 -0.424832463 -1.618312120 -0.317439198 -0.045810100 0.124533914 0.938948929
1413393935355760384.000000 -0.739603341 -0.409667015 -1.644864321 -0.298009723 -0.046847664 0.116746061 0.946237803
1413393935405760512.000000 -0.757825375 -0.393356383 -1.669612885 -0.279332250 -0.047104441 0.105295993 0.953240454
1413393935455760384.000000 -0.774167359 -0.377620250 -1.691693068 -0.261353731 -0.046104357 0.092710055 0.959673703
1413393935505760512.000000 -0.782515287 -0.360162854 -1.712966561 -0.243446440 -0.043877136 0.078504644 0.965735853
1413393935555760384.000000 -0.786916852 -0.343090385 -1.731957078 -0.225173160 -0.043872282 0.065245174 0.971141338
1413393935605760512.000000 -0.788143277 -0.326662511 -1.747915506 -0.209934875 -0.044316031 0.049222697 0.975469410
1413393935655760384.000000 -0.786904395 -0.310049474 -1.762544751 -0.196799874 -0.046494935 0.034545820 0.978731155
1413393935705760512.000000 -0.783948302 -0.294357687 -1.774269462 -0.186501175 -0.047885239 0.017402649 0.981132746
1413393935755760384.000000 -0.780434847 -0.280348182 -1.783106208 0.178284466 0.048855472 -0.000631668 -0.982765198
1413393935805760512.000000 -0.773753881 -0.268545955 -1.784777284 -0.171223313 -0.048833650 -0.017979059 0.983857095
1413393935855760384.000000 -0.766505659 -0.260441273 -1.786665559 -0.163577333 -0.047539994 -0.035860885 0.984731734
1413393935905760512.000000 -0.758243799 -0.256746173 -1.784809947 -0.153548062 -0.045511007 -0.047556698 0.985946298
1413393935955760384.000000 -0.748166859 -0.256646007 -1.776793242 -0.137874186 -0.041891851 -0.045287654 0.988526642
1413393936005760512.000000 -0.738012969 -0.262515217 -1.768370986 -0.118385494 -0.036752924 -0.036159784 0.991628230
1413393936055760384.000000 -0.726420343 -0.272166878 -1.757458806 -0.097364634 -0.032120831 -0.026965206 0.994364798
1413393936105760512.000000 -0.712388575 -0.284114867 -1.742362022 -0.074212343 -0.026867921 -0.017440494 0.996727943
1413393936155760384.000000 -0.698309720 -0.299142241 -1.727226377 -0.049784545 -0.021794420 -0.008354071 0.998487294
1413393936205760512.000000 -0.683041871 -0.315273643 -1.710433602 -0.023804544 -0.018882351 0.001123635 0.999537706
1413393936255760384.000000 -0.666686773 -0.331566423 -1.692419767 0.002007229 -0.017268699 0.007029462 0.999824166
1413393936305760512.000000 -0.649399757 -0.347509474 -1.672608256 0.027766259 -0.017380998 0.011080690 0.999401987
1413393936355760384.000000 -0.631864011 -0.362603366 -1.651654363 0.053468678 -0.018145552 0.011996059 0.998332620
1413393936405760512.000000 -0.613470733 -0.376730055 -1.631589293 0.077846318 -0.018699827 0.009811101 0.996741772
1413393936455760384.000000 -0.594145060 -0.388392270 -1.608737946 0.100958630 -0.018774519 0.004081522 0.994705081
1413393936505760512.000000 -0.573024452 -0.398154885 -1.584978938 0.122414634 -0.014577343 -0.007162074 0.992346168
1413393936555760384.000000 -0.550573170 -0.406751484 -1.562745333 0.142460465 -0.008163916 -0.019964378 0.989565492
1413393936605760512.000000 -0.527857125 -0.412859887 -1.537419915 -0.161836311 -0.000634204 0.031796977 -0.986305058
1413393936655760384.000000 -0.504342735 -0.417587161 -1.511959910 -0.180625498 -0.011438250 0.042078629 -0.982584894
1413393936705760512.000000 -0.479996502 -0.422193587 -1.489159822 0.198122144 0.022024840 -0.050961349 0.978603899
1413393936755760384.000000 -0.456750751 -0.424380839 -1.464737415 0.214990139 0.030363850 -0.058632337 0.974381685
1413393936805760512.000000 -0.433870673 -0.425289214 -1.441436410 0.231064290 0.036776319 -0.066324852 0.969978333
1413393936855760384.000000 -0.409392565 -0.428140908 -1.421747208 0.247032061 0.041956976 -0.074157618 0.965254128
1413393936905760512.000000 -0.386334181 -0.426610172 -1.402102113 0.262756377 0.047644906 -0.082902163 0.960112691
1413393936955760384.000000 -0.363790065 -0.424143672 -1.384507775 0.279245853 0.051373161 -0.091825686 0.954437375
1413393937005760512.000000 -0.340531588 -0.420182824 -1.370097280 0.295253605 0.056996424 -0.102546535 0.948188305
1413393937055760384.000000 -0.317681849 -0.420514077 -1.359687448 0.311700284 0.061161485 -0.113137938 0.941436172
1413393937105760512.000000 -0.295871705 -0.415150613 -1.350986004 0.328778774 0.064291440 -0.122656271 0.934198380
1413393937155760384.000000 -0.274637163 -0.408750862 -1.345591784 0.345893830 0.066427574 -0.130525887 0.926772833
1413393937205760512.000000 -0.253726363 -0.402724653 -1.344150901 0.363057792 0.068679050 -0.137414709 0.919015527
1413393937255760384.000000 -0.233515531 -0.394818604 -1.345716715 0.379542917 0.069434159 -0.143861264 0.911279380
1413393937305760512.000000 -0.212601662 -0.389825970 -1.353578329 0.395542383 0.069325931 -0.148746535 0.903667390
1413393937355760384.000000 -0.193384171 -0.379719138 -1.361665010 0.409933925 0.067748018 -0.154066518 0.896453023
1413393937405760512.000000 -0.174568847 -0.368401706 -1.372516990 0.421953708 0.065872595 -0.158164516 0.890280783
1413393937455760384.000000 -0.157815412 -0.355554402 -1.385032535 0.431229144 0.060349472 -0.163303658 0.885285974
1413393937505760512.000000 -0.147241890 -0.341612518 -1.398071289 0.437695801 0.048419926 -0.168900922 0.881788135
1413393937555760384.000000 -0.140521482 -0.326769650 -1.411068916 0.443742841 0.035459593 -0.170685157 0.879034460
1413393937605760512.000000 -0.139322132 -0.311515331 -1.423146367 0.448252827 0.024160914 -0.171789989 0.876911640
1413393937655760384.000000 -0.142923981 -0.296425104 -1.434213638 0.452483714 0.012532568 -0.170828477 0.875168085
1413393937705760512.000000 -0.149484009 -0.281052351 -1.444586635 0.454883516 0.001757829 -0.170698702 0.874036610
1413393937755760384.000000 -0.157220215 -0.265860498 -1.454398036 0.455644101 -0.009041981 -0.172364280 0.873268127
1413393937805760512.000000 -0.163044944 -0.253829360 -1.468917012 0.455549955 -0.019690951 -0.174179167 0.872781873
1413393937855760384.000000 -0.167939514 -0.240569532 -1.477790117 0.455329597 -0.027899584 -0.174484581 0.872612000
1413393937905760512.000000 -0.169831708 -0.228830934 -1.486344457 0.454798460 -0.029235754 -0.175888166 0.872563481
1413393937955760384.000000 -0.170242861 -0.217820644 -1.494432926 0.454310507 -0.023616951 -0.177645639 0.872631788
1413393938005760512.000000 -0.169554412 -0.207787275 -1.501173019 0.452956915 -0.016716557 -0.180424988 0.872924685
1413393938055760384.000000 -0.167643532 -0.199570596 -1.508513093 0.451121926 -0.007337463 -0.185046434 0.873036742
1413393938105760512.000000 -0.165039316 -0.192814112 -1.516626358 0.449422956 0.004934127 -0.191514552 0.872534811
1413393938155760384.000000 -0.161593378 -0.187496305 -1.526150942 0.448306113 0.020261521 -0.199563518 0.871083021
1413393938205760512.000000 -0.158104450 -0.183704972 -1.538119197 0.448701620 0.036567532 -0.208820984 0.868172586
1413393938255760384.000000 -0.155065566 -0.181157708 -1.552908182 0.451000094 0.050059255 -0.216144189 0.864508390
1413393938305760512.000000 -0.150364950 -0.176628709 -1.572393775 0.455785275 0.058384024 -0.219162583 0.860708416
1413393938355760384.000000 -0.149049193 -0.176189363 -1.594401836 0.464630663 0.061489392 -0.216858760 0.856335044
1413393938405760512.000000 -0.148952663 -0.176623106 -1.620253801 0.476225644 0.059199579 -0.210659847 0.851661325
1413393938455760384.000000 -0.149535969 -0.176794708 -1.649761081 0.490857571 0.052534830 -0.200211853 0.846294343
1413393938505760512.000000 -0.151617184 -0.177162290 -1.681901932 0.505418122 0.044817440 -0.192225426 0.839996040
1413393938555760384.000000 -0.154302329 -0.176789522 -1.715835094 0.519243300 0.037442490 -0.186708942 0.833141208
1413393938605760512.000000 -0.153068423 -0.176075697 -1.746661901 0.532794058 0.031124813 -0.183821619 0.825452268
1413393938655760384.000000 -0.160554126 -0.173516273 -1.781263947 0.545606971 0.024299022 -0.182146132 0.817646325
1413393938705760512.000000 -0.171413437 -0.169519544 -1.814928293 0.557165980 0.017013935 -0.182097360 0.810010672
1413393938755760384.000000 -0.184906974 -0.163891435 -1.847520113 0.568855464 0.012822554 -0.181908235 0.801965415
1413393938805760512.000000 -0.194692448 -0.157191515 -1.877397418 0.580025554 0.012911806 -0.182338834 0.793823838
1413393938855760384.000000 -0.210185021 -0.147835612 -1.908811331 0.590028465 0.017080573 -0.184732348 0.785779059
1413393938905760512.000000 -0.225062534 -0.136980057 -1.939959288 0.599503279 0.020372946 -0.188390866 0.777618051
1413393938955760384.000000 -0.239858106 -0.123894930 -1.970718622 0.608445525 0.022198426 -0.193493530 0.769325435
1413393939005760512.000000 -0.251078814 -0.109574676 -2.000961304 0.617152989 0.022465467 -0.198576957 0.761041939
1413393939055760384.000000 -0.262986988 -0.093442082 -2.032570839 0.625430882 0.024920685 -0.202437699 0.753149569
1413393939105760512.000000 -0.271655172 -0.075909972 -2.065439224 0.636448741 0.035216216 -0.197978571 0.744645774
1413393939155760384.000000 -0.277153313 -0.058930039 -2.097432852 0.647248447 0.046339665 -0.193814635 0.735770285
1413393939205760512.000000 -0.285578638 -0.036580801 -2.130326748 0.655574739 0.048368484 -0.194914743 0.727935791
1413393939255760384.000000 -0.295621276 -0.010915279 -2.162395477 0.660078228 0.042453431 -0.203200012 0.721944809
1413393939305760512.000000 -0.306479752 0.017357111 -2.194473982 0.661813617 0.029922295 -0.215568691 0.717382431
1413393939355760384.000000 -0.321109384 0.046758413 -2.223637581 0.659847438 0.011220723 -0.233560890 0.714090228
1413393939405760512.000000 -0.335774094 0.078692913 -2.253286362 0.656005442 -0.014898258 -0.251612276 0.711425424
1413393939455760384.000000 -0.352454424 0.110225201 -2.281707048 0.650727212 -0.044343073 -0.268313348 0.708939910
1413393939505760512.000000 -0.374302536 0.140734434 -2.307423353 0.644731283 -0.074099511 -0.281799674 0.706696391
1413393939555760384.000000 -0.393798709 0.166693211 -2.333057165 -0.638828814 0.100576736 0.291844070 -0.704705000
1413393939605760512.000000 -0.414243668 0.187874079 -2.356497049 -0.632533431 0.123069234 0.300060749 -0.703362703
1413393939655760384.000000 -0.436927855 0.200801134 -2.377624512 0.626261711 -0.141352057 -0.307331979 0.702398062
1413393939705760512.000000 -0.457011461 0.208131075 -2.395910263 0.620540738 -0.148608416 -0.316393942 0.701954246
1413393939755760384.000000 -0.475846350 0.206691027 -2.411855459 0.617606997 -0.145416945 -0.322021097 0.702650726
1413393939805760512.000000 -0.492998302 0.194626808 -2.426610708 -0.619578958 0.129338905 0.319721788 -0.705103755
1413393939855760384.000000 -0.509074330 0.173601627 -2.441134930 0.627324700 -0.101952754 -0.304715186 0.709378719
1413393939905760512.000000 -0.521005750 0.147588968 -2.454283953 -0.638501763 0.067963056 0.278283656 -0.714321136
1413393939955760384.000000 -0.530605912 0.118296862 -2.467504978 -0.650552928 0.029367063 0.246650860 -0.717692077
1413393940005760512.000000 -0.539376676 0.088516235 -2.482082844 0.660874665 0.005848134 -0.214643851 0.719123483
1413393940055760384.000000 -0.547873616 0.060948610 -2.495059013 0.670629859 0.035121463 -0.180993423 0.718514800
1413393940105760512.000000 -0.556120217 0.037544727 -2.507442951 0.678124368 0.058679830 -0.152067900 0.716644526
1413393940155760384.000000 -0.564741611 0.020110607 -2.518934727 0.684362054 0.073342845 -0.127542317 0.714144468
1413393940205760512.000000 -0.571538687 0.012190580 -2.529731750 -0.688943803 -0.085758537 0.109022975 -0.711418331
1413393940255760384.000000 -0.579439282 0.011165142 -2.538458347 -0.691175640 -0.089128077 0.100246690 -0.710128903
1413393940305760512.000000 -0.587411523 0.017953634 -2.545304060 -0.690514624 -0.081197768 0.105172694 -0.711009979
1413393940355760384.000000 -0.595574498 0.034430742 -2.550364017 0.686030567 0.064848088 -0.124710798 0.713865578
1413393940405760512.000000 -0.600812793 0.055635214 -2.556049824 0.678613961 0.043168385 -0.151575714 0.717387259
1413393940455760384.000000 -0.607216239 0.084455967 -2.557611942 0.669391990 0.014801423 -0.180702820 0.720445514
1413393940505760512.000000 -0.613930941 0.116482019 -2.557529449 0.657828629 -0.020097004 -0.212262824 0.722358823
1413393940555760384.000000 -0.616643488 0.145890713 -2.559133053 0.646479964 -0.056384929 -0.237720832 0.722753942
1413393940605760512.000000 -0.619562447 0.176749229 -2.557334661 0.636217475 -0.089226842 -0.255228132 0.722581804
1413393940655760384.000000 -0.619270802 0.203537464 -2.555078030 -0.627783358 0.114998572 0.265927374 -0.722458363
1413393940705760512.000000 -0.615162551 0.220564604 -2.551220179 0.621863127 -0.136215687 -0.269637018 0.722514689
1413393940755760384.000000 -0.609130263 0.233739376 -2.544134855 0.617976904 -0.154540002 -0.266413331 0.723357379
1413393940805760512.000000 -0.598588407 0.238442659 -2.533870935 0.617356002 -0.160685569 -0.259191364 0.725170076
1413393940855760384.000000 -0.582492173 0.233404160 -2.519849539 -0.620251298 0.147508919 0.250255138 -0.728630185
1413393940905760512.000000 -0.562690258 0.222858191 -2.502164125 -0.624598742 0.122351743 0.242995739 -0.732024312
1413393940955760384.000000 -0.540319443 0.207314014 -2.481974602 0.630873084 -0.091866553 -0.232077211 0.734642744
1413393941005760512.000000 -0.515859485 0.188632250 -2.459630013 0.638184428 -0.057342287 -0.217247322 0.736366868
1413393941055760384.000000 -0.490211487 0.170296192 -2.435543537 0.646569908 -0.023457136 -0.196356833 0.736777544
1413393941105760512.000000 -0.462872893 0.151189566 -2.411104441 0.654071808 0.009377134 -0.176426575 0.735510647
1413393941155760384.000000 -0.435488701 0.134911299 -2.387429237 0.660167336 0.035457224 -0.159128904 0.733212113
1413393941205760512.000000 -0.411434352 0.121385574 -2.357819319 0.665517569 0.056153744 -0.144652620 0.730074525
1413393941255760384.000000 -0.386355758 0.114702702 -2.330429077 0.668219924 0.066685639 -0.139058188 0.727803588
1413393941305760512.000000 -0.363759875 0.113787889 -2.301575899 0.667983294 0.062827386 -0.146386355 0.726926565
1413393941355760384.000000 -0.340624750 0.117667675 -2.272988796 0.665989697 0.049147233 -0.160792485 0.726765454
1413393941405760512.000000 -0.324233711 0.128437161 -2.240002394 0.662227988 0.029052878 -0.180185243 0.726734757
1413393941455760384.000000 -0.303502977 0.140764832 -2.210121870 0.656980097 0.006080440 -0.201436147 0.726473451
1413393941505760512.000000 -0.283173621 0.155061841 -2.179506302 0.649902046 -0.019314555 -0.225540653 0.725524426
1413393941555760384.000000 -0.262580663 0.169905424 -2.148125648 0.642499387 -0.043071259 -0.247615844 0.723896265
1413393941605760512.000000 -0.247265935 0.184239626 -2.113788366 0.635423839 -0.063983902 -0.266899735 0.721738994
1413393941655760384.000000 -0.224095792 0.193562984 -2.082398415 0.629472792 -0.080012508 -0.281922609 0.719640017
1413393941705760512.000000 -0.201514274 0.198570132 -2.049727678 -0.623506486 0.092469655 0.293225706 -0.718823910
1413393941755760384.000000 -0.181580782 0.198354483 -2.013783932 0.617546856 -0.101301640 -0.302307189 0.719016194
1413393941805760512.000000 -0.161982775 0.192768574 -1.978730798 0.612312615 -0.106408596 -0.308936417 0.719936669
1413393941855760384.000000 -0.143237323 0.180317521 -1.942929268 0.610208452 -0.103926741 -0.308842838 0.722122610
1413393941905760512.000000 -0.126457483 0.162610412 -1.904567003 0.613561153 -0.090934552 -0.298694462 0.725296736
1413393941955760384.000000 -0.108034819 0.137462616 -1.868007183 -0.618742466 0.072114505 0.283786535 -0.728987336
1413393942005760512.000000 -0.088832229 0.107777953 -1.831738234 -0.625916481 0.047901902 0.263546437 -0.732446134
1413393942055760384.000000 -0.070331313 0.077063441 -1.795565248 0.633961737 -0.018559558 -0.239152536 0.735223949
1413393942105760512.000000 -0.049331076 0.044255733 -1.759938955 0.640791655 0.010627531 -0.215204656 0.736858308
1413393942155760384.000000 -0.028727850 0.013064504 -1.724853039 0.646009088 0.036839981 -0.193852484 0.737384856
1413393942205760512.000000 -0.008089356 -0.015385151 -1.690441132 0.649700284 0.059379306 -0.175860316 0.737181664
1413393942255760384.000000 0.011858344 -0.039196610 -1.656861901 0.651063740 0.075752608 -0.165321857 0.736916780
1413393942305760512.000000 0.025245398 -0.051262140 -1.623389363 0.652023852 0.086576924 -0.157249734 0.736642301
1413393942355760384.000000 0.045094401 -0.063623428 -1.592464328 0.651792526 0.091469146 -0.154857725 0.736762583
1413393942405760512.000000 0.064031571 -0.069550037 -1.562818885 0.650231063 0.089398049 -0.159126520 0.737486482
1413393942455760384.000000 0.081759125 -0.067002773 -1.533940554 0.646967411 0.080088496 -0.169184983 0.739185750
1413393942505760512.000000 0.099490806 -0.060712695 -1.507119536 0.643101394 0.066553555 -0.183211982 0.740556955
1413393942555760384.000000 0.111568965 -0.046420932 -1.480796456 0.637653708 0.047544032 -0.201483846 0.741984904
1413393942605760512.000000 0.125938758 -0.032955408 -1.455431461 0.630591273 0.023558449 -0.222311392 0.743220925
1413393942655760384.000000 0.138278052 -0.017987251 -1.430641055 0.623426735 -0.001218103 -0.241758555 0.743566036
1413393942705760512.000000 0.148722157 -0.002362490 -1.406795621 0.616130292 -0.022749528 -0.260415018 0.743000686
1413393942755760384.000000 0.153633952 0.010927200 -1.385018945 0.609790087 -0.042017326 -0.275509208 0.741946995
1413393942805760512.000000 0.161305174 0.020889163 -1.361011267 0.604298532 -0.056824058 -0.288926601 0.740348399
1413393942855760384.000000 0.165447503 0.027702332 -1.336351633 -0.600245953 0.068042181 0.298601508 -0.738858700
1413393942905760512.000000 0.168118462 0.030357778 -1.312052011 0.597373366 -0.076120675 -0.305928320 0.737399936
1413393942955760384.000000 0.168779224 0.028165162 -1.286891699 0.595846295 -0.082505934 -0.310160398 0.736179709
1413393943005760512.000000 0.168428689 0.020259261 -1.261480331 0.596870601 -0.080720462 -0.309689999 0.735745728
1413393943055760384.000000 0.168020770 0.006277919 -1.236268997 -0.603421807 0.066934489 0.298808545 -0.736284912
1413393943105760512.000000 0.170356929 -0.017482936 -1.213372350 0.611938655 -0.045417719 -0.283288449 0.737031877
1413393943155760384.000000 0.173349380 -0.040501535 -1.190790892 0.622294366 -0.019928731 -0.261354536 0.737595081
1413393943205760512.000000 0.176738098 -0.064979613 -1.169461012 0.631972075 0.006328596 -0.239646971 0.736980736
1413393943255760384.000000 0.181038350 -0.091805220 -1.149887204 0.639692128 0.032325882 -0.218763441 0.736132920
1413393943305760512.000000 0.183872223 -0.113915205 -1.130462766 0.646133959 0.051707435 -0.199180320 0.734958827
1413393943355760384.000000 0.187064499 -0.132511556 -1.112635851 0.652109742 0.069492310 -0.181697533 0.732741296
1413393943405760512.000000 0.192127481 -0.148229778 -1.097433567 0.655730128 0.081510171 -0.168589041 0.731404006
1413393943455760384.000000 0.194846272 -0.157016337 -1.081857085 0.657822490 0.088947833 -0.160401344 0.730499387
1413393943505760512.000000 0.196075216 -0.161076188 -1.067077756 0.656589389 0.086292379 -0.163978577 0.731132805
1413393943555760384.000000 0.194977030 -0.158307135 -1.052420616 0.651467919 0.072791204 -0.178660184 0.733738065
1413393943605760512.000000 0.193669081 -0.150932670 -1.039009809 0.645571470 0.056972478 -0.195683300 0.736002445
1413393943655760384.000000 0.191614479 -0.144136727 -1.026433825 0.637710631 0.034203880 -0.217393905 0.738170147
1413393943705760512.000000 0.189404532 -0.131545782 -1.015192509 0.629036605 0.011119420 -0.238676563 0.739745080
1413393943755760384.000000 0.187631592 -0.118898213 -1.005542040 0.620680749 -0.012302163 -0.257310897 0.740537167
1413393943805760512.000000 0.189874113 -0.107332885 -0.998765111 0.612080395 -0.032907829 -0.274725288 0.740810871
1413393943855760384.000000 0.190080643 -0.099151909 -0.990916550 0.603756309 -0.047689918 -0.286233574 0.742478549
1413393943905760512.000000 0.192177564 -0.095319688 -0.983950436 0.595824897 -0.058323294 -0.292645097 0.745620549
1413393943955760384.000000 0.197903842 -0.096745908 -0.977891922 0.589035213 -0.061230365 -0.295123011 0.749793947
1413393944005760512.000000 0.205625534 -0.104794264 -0.973103106 0.585675657 -0.057083216 -0.286840945 0.755941749
1413393944055760384.000000 0.213835806 -0.116872132 -0.968705654 0.583852887 -0.047533222 -0.272871971 0.763149619
1413393944105760512.000000 0.224781737 -0.131585419 -0.964932084 0.583683908 -0.037014905 -0.252866030 0.770715117
1413393944155760384.000000 0.234853864 -0.150176048 -0.961114824 0.584258735 -0.026194394 -0.227537021 0.778577268
1413393944205760512.000000 0.245938644 -0.169558287 -0.957022429 0.584481776 -0.014056111 -0.200586408 0.786097050
1413393944255760384.000000 0.258725405 -0.186875999 -0.953687131 0.583401680 0.002114511 -0.175830975 0.792919636
1413393944305760512.000000 0.271723032 -0.203528941 -0.948325813 0.581027865 0.018242747 -0.152902052 0.799183905
1413393944355760384.000000 0.284637362 -0.217263281 -0.941896856 0.576661527 0.033989634 -0.134619772 0.805098653
1413393944405760512.000000 0.297932416 -0.227102220 -0.936163723 0.570620000 0.047174890 -0.122670658 0.810629010
1413393944455760384.000000 0.310122102 -0.232582271 -0.929025412 0.564635098 0.054514192 -0.114312753 0.815566123
1413393944505760512.000000 0.322013170 -0.232780516 -0.921925485 0.555880249 0.058191121 -0.117574371 0.820845485
1413393944555760384.000000 0.329435259 -0.230733633 -0.914578736 0.545273006 0.053256903 -0.130634844 0.826302350
1413393944605760512.000000 0.338613033 -0.222212315 -0.907554150 0.533378363 0.042449497 -0.149134099 0.831543565
1413393944655760384.000000 0.346819907 -0.210814059 -0.901142955 0.522229671 0.024764515 -0.167877451 0.835751235
1413393944705760512.000000 0.354871243 -0.198380530 -0.896209180 0.511563599 0.003656757 -0.186798617 0.838686883
1413393944755760384.000000 0.363202661 -0.185543627 -0.891627550 0.501743019 -0.016606182 -0.203222096 0.840641975
1413393944805760512.000000 0.372365862 -0.174041986 -0.887599885 0.493731499 -0.035928026 -0.216350630 0.841505110
1413393944855760384.000000 0.382725865 -0.165022761 -0.883632004 0.486954689 -0.051538248 -0.226622477 0.841938972
1413393944905760512.000000 0.394555390 -0.159501255 -0.879391372 0.481730640 -0.063823953 -0.233994797 0.842085838
1413393944955760384.000000 0.402029335 -0.162898213 -0.874349594 0.477634370 -0.073405564 -0.237050876 0.842783511
1413393945005760512.000000 0.418362558 -0.166935891 -0.868707061 0.474968404 -0.074872844 -0.235833794 0.844500721
1413393945055760384.000000 0.437822670 -0.176056713 -0.861941457 -0.474735975 0.062883921 0.228288934 -0.847676575
1413393945105760512.000000 0.458146185 -0.189852536 -0.853077769 0.475762367 -0.040880285 -0.215294480 0.851837575
1413393945155760384.000000 0.477942497 -0.204659790 -0.843943298 0.476516217 -0.013863097 -0.198583722 0.856332123
1413393945205760512.000000 0.496185124 -0.220521033 -0.833641231 0.476101577 0.016386986 -0.179895625 0.860637188
1413393945255760384.000000 0.509452164 -0.237484753 -0.823665261 0.473930806 0.045614704 -0.160863876 0.864541352
1413393945305760512.000000 0.519607425 -0.249857843 -0.813517153 0.469925255 0.069639526 -0.143873483 0.868113577
1413393945355760384.000000 0.525001764 -0.259194613 -0.803677142 0.462823719 0.085858248 -0.131774336 0.872386396
1413393945405760512.000000 0.521406353 -0.266309202 -0.795767725 0.453608215 0.093102895 -0.123642780 0.877658248
1413393945455760384.000000 0.516792595 -0.268349677 -0.787977755 0.443330497 0.092225701 -0.118792586 0.883651972
1413393945505760512.000000 0.507143199 -0.266995758 -0.781093419 0.432137370 0.080766387 -0.116122201 0.890645742
1413393945555760384.000000 0.493655026 -0.263068765 -0.775268614 0.419222862 0.064219728 -0.117121570 0.898003638
1413393945605760512.000000 0.480000675 -0.255575240 -0.771590233 0.405390590 0.047494963 -0.120897800 0.904868186
1413393945655760384.000000 0.466005176 -0.245248809 -0.769784749 0.390409768 0.031653203 -0.126069739 0.911419094
1413393945705760512.000000 0.452193230 -0.233335406 -0.769259155 0.374843180 0.015138613 -0.132200018 0.917489290
1413393945755760384.000000 0.440862834 -0.222088948 -0.773294330 0.358236670 -0.001931591 -0.138156757 0.923350096
1413393945805760512.000000 0.427704096 -0.210124955 -0.773731053 0.341823339 -0.019366825 -0.143885523 0.928481936
1413393945855760384.000000 0.415529102 -0.199435502 -0.773785114 0.325439990 -0.035639327 -0.147743240 0.933268785
1413393945905760512.000000 0.405172437 -0.191309497 -0.772957385 -0.309798300 0.046287742 0.150787860 -0.937627614
1413393945955760384.000000 0.402136981 -0.185443312 -0.774149060 0.297768086 -0.044840898 -0.145887867 0.942358911
1413393946005760512.000000 0.399076760 -0.183146253 -0.771266997 0.286784798 -0.031806212 -0.139293477 0.947280467
1413393946055760384.000000 0.398329586 -0.183331221 -0.767626584 -0.277554840 0.011517314 0.129661426 -0.951850176
1413393946105760512.000000 0.398841560 -0.183752507 -0.764691710 0.268366516 0.012252018 -0.118902273 0.955872178
1413393946155760384.000000 0.399338245 -0.185579479 -0.762000263 0.259111732 0.037683126 -0.107177034 0.959142447
1413393946205760512.000000 0.399370611 -0.187488079 -0.760936856 0.248939872 0.061947908 -0.095470577 0.961809158
1413393946255760384.000000 0.397181600 -0.188744381 -0.761890292 0.237667620 0.079071395 -0.085212491 0.964365482
1413393946305760512.000000 0.392426670 -0.188891739 -0.765255570 0.224337637 0.085997283 -0.078273140 0.967548728
1413393946355760384.000000 0.385518610 -0.188091189 -0.771798551 0.212246627 0.083837062 -0.067653768 0.971259892
1413393946405760512.000000 0.375823438 -0.185849726 -0.781115055 0.198544860 0.071992531 -0.058524262 0.975690484
1413393946455760384.000000 0.370474070 -0.180613264 -0.799443483 0.184838846 0.056220066 -0.048373356 0.979966342
1413393946505760512.000000 0.359558016 -0.175883740 -0.813140035 0.168657377 0.039583102 -0.041206121 0.984017253
1413393946555760384.000000 0.348505050 -0.169342786 -0.828298569 0.150910094 0.019872911 -0.036073104 0.987689257
1413393946605760512.000000 0.335514247 -0.159868896 -0.845424235 0.131469071 -0.001279723 -0.034468144 0.990720093
1413393946655760384.000000 0.325453311 -0.152001530 -0.859745324 0.110024504 -0.023089860 -0.034262177 0.993069768
1413393946705760512.000000 0.317220777 -0.143933460 -0.872201383 0.087044887 -0.042699344 -0.035965420 0.994638920
1413393946755760384.000000 0.305366307 -0.131570861 -0.888613820 0.063985221 -0.057178549 -0.037291106 0.995613337
1413393946805760512.000000 0.303923368 -0.124597080 -0.896764815 0.041841246 -0.063861810 -0.036063142 0.996428847
1413393946855760384.000000 0.305787206 -0.119171880 -0.901966095 0.021121893 -0.063741721 -0.033069562 0.997194767
1413393946905760512.000000 0.310200036 -0.114388391 -0.905599952 -0.002482145 0.052975655 0.029149152 -0.998167217
1413393946955760384.000000 0.314324319 -0.108423166 -0.909512281 -0.014404288 -0.032072589 -0.023851028 0.999097109
1413393947005760512.000000 0.324197531 -0.107622802 -0.907535851 -0.030209402 -0.002873507 -0.017985454 0.999377668
1413393947055760384.000000 0.332153231 -0.107816577 -0.904193401 -0.045841176 0.025933638 -0.012210994 0.998537421
1413393947105760512.000000 0.330643386 -0.106058173 -0.902829111 -0.061250251 0.050868373 -0.006633077 0.996803343
1413393947155760384.000000 0.329624414 -0.107981309 -0.898867011 -0.077334702 0.067705907 -0.000280180 0.994703591
1413393947205760512.000000 0.322805196 -0.110452190 -0.896031499 0.093626022 -0.075101741 -0.006360059 -0.992750466
1413393947255760384.000000 0.311677694 -0.114599615 -0.894920290 0.109974049 -0.078157648 -0.012906749 -0.990772724
1413393947305760512.000000 0.296512276 -0.119908690 -0.895274639 0.126667351 -0.078042865 -0.019994548 -0.988668263
1413393947355760384.000000 0.273654968 -0.124178514 -0.901973367 -0.143280119 0.077901438 0.027815057 0.986219287
1413393947405760512.000000 0.251375556 -0.131759971 -0.905425668 -0.158953324 0.075373545 0.038785033 0.983640432
1413393947455760384.000000 0.224238083 -0.139897838 -0.911830544 0.171935022 -0.069170035 -0.057188824 -0.981011450
1413393947505760512.000000 0.194633812 -0.146661550 -0.916530252 -0.184238866 0.061146829 0.077896550 0.977880001
1413393947555760384.000000 0.165203184 -0.155400962 -0.926029801 -0.196361914 0.053987227 0.098399773 0.974086761
1413393947605760512.000000 0.135708585 -0.163122952 -0.937771797 -0.208939433 0.046481762 0.118788846 0.969573617
1413393947655760384.000000 0.104893088 -0.168454632 -0.950125873 -0.221663192 0.035822865 0.138246149 0.964608848
1413393947705760512.000000 0.075498126 -0.172164798 -0.965905428 -0.235782951 0.020489071 0.152477011 0.959550619
1413393947755760384.000000 0.047006324 -0.172670126 -0.983157635 0.253136069 -0.003771580 -0.159073308 -0.954255521
1413393947805760512.000000 0.022108942 -0.167552501 -1.000052452 -0.272605658 -0.012397231 0.158218026 0.948946595
1413393947855760384.000000 -0.001288906 -0.161252111 -1.019283175 -0.293359160 -0.024414949 0.152194962 0.943494081
1413393947905760512.000000 -0.021664977 -0.152145892 -1.037992239 -0.313542247 -0.031238627 0.145487785 0.937842667
1413393947955760384.000000 -0.038986973 -0.140120164 -1.055149078 0.332695365 0.032084838 -0.137681350 -0.932377756
1413393948005760512.000000 -0.052370526 -0.124330081 -1.068814993 -0.353068411 -0.026993064 0.120866075 0.927364886
1413393948055760384.000000 -0.063876748 -0.110889971 -1.082159996 -0.371615648 -0.019873429 0.104178101 0.922308981
1413393948105760512.000000 -0.074116409 -0.098308608 -1.092898130 -0.387511343 -0.013113455 0.091394588 0.917229593
1413393948155760384.000000 -0.083431765 -0.086464167 -1.101341367 0.400585175 0.004468537 -0.085321896 -0.912267447
1413393948205760512.000000 -0.086474918 -0.070529610 -1.107656837 -0.410745829 0.006413542 0.083746292 0.907872975
1413393948255760384.000000 -0.092964776 -0.064084694 -1.112466216 -0.419415653 0.019665698 0.084328942 0.903655052
1413393948305760512.000000 -0.098484978 -0.060659409 -1.116457105 -0.425980270 0.034952804 0.088542119 0.899710774
1413393948355760384.000000 -0.103649274 -0.060244650 -1.120307207 0.432363302 -0.051506933 -0.091907598 -0.895523310
1413393948405760512.000000 -0.108091883 -0.063309193 -1.124785900 0.439298868 -0.066525273 -0.093653448 -0.890965760
1413393948455760384.000000 -0.112847634 -0.069989860 -1.129953265 0.445524365 -0.077332310 -0.096865267 -0.886648178
1413393948505760512.000000 -0.117962874 -0.080138773 -1.136141181 0.451747328 -0.082861543 -0.101418935 -0.882480979
1413393948555760384.000000 -0.124183677 -0.093658388 -1.143479109 0.456271142 -0.080246814 -0.111148223 -0.879217386
1413393948605760512.000000 -0.132128850 -0.109669596 -1.151481152 0.461027145 -0.067576416 -0.121894091 -0.876372874
1413393948655760384.000000 -0.140953630 -0.127218127 -1.159855843 0.465860754 -0.047445618 -0.134709209 -0.873256087
1413393948705760512.000000 -0.147235751 -0.145108700 -1.170487881 -0.470571816 0.025631845 0.147436082 0.869579136
1413393948755760384.000000 -0.155336708 -0.165513098 -1.179876685 -0.475842446 0.004990876 0.159642935 0.864906490
1413393948805760512.000000 -0.162962720 -0.185855448 -1.189230561 -0.481115937 -0.012931601 0.172303483 0.859460175
1413393948855760384.000000 -0.169359788 -0.204663426 -1.197773933 -0.486273199 -0.026691338 0.185918406 0.853381693
1413393948905760512.000000 -0.174398735 -0.222417563 -1.206129313 0.492784590 0.034516055 -0.196993530 -0.846856296
1413393948955760384.000000 -0.176013857 -0.237062156 -1.213549852 0.500958562 0.036452107 -0.205393225 -0.839955628
1413393949005760512.000000 -0.175426751 -0.249129415 -1.220505476 0.512286186 0.029495822 -0.207550794 -0.832835853
1413393949055760384.000000 -0.173223302 -0.259062797 -1.227111220 0.525633633 0.020485941 -0.203821361 -0.825679481
1413393949105760512.000000 -0.168470457 -0.266097039 -1.233229876 0.539850235 0.008285094 -0.198353052 -0.818015337
1413393949155760384.000000 -0.161876559 -0.272075057 -1.239299774 0.554248214 -0.004105339 -0.190926075 -0.810147762
1413393949205760512.000000 -0.154727340 -0.276646614 -1.245555997 -0.567800343 0.017537612 0.183734238 0.802207530
1413393949255760384.000000 -0.147931069 -0.283725977 -1.250578284 -0.580491364 0.029802823 0.178060070 0.794000149
1413393949305760512.000000 -0.139847815 -0.291501284 -1.255842686 -0.593245149 0.042635120 0.170386687 0.785627723
1413393949355760384.000000 -0.131967172 -0.301447451 -1.260759354 -0.604656518 0.054274373 0.165202752 0.777272761
1413393949405760512.000000 -0.125479430 -0.316973686 -1.267216206 0.615509629 -0.066851385 -0.160285592 -0.768757045
1413393949455760384.000000 -0.118427165 -0.334009409 -1.271998167 0.624459445 -0.079033904 -0.158701420 -0.760669470
1413393949505760512.000000 -0.112960592 -0.354362190 -1.277544022 -0.629774630 0.087953806 0.165091112 0.753918469
1413393949555760384.000000 -0.109966934 -0.378961802 -1.281382918 -0.630988061 0.088839181 0.181413189 0.749033332
1413393949605760512.000000 -0.108329833 -0.407070339 -1.285533190 -0.630036831 0.086038753 0.200592354 0.745260894
1413393949655760384.000000 -0.107550137 -0.437627137 -1.290716171 -0.627456188 0.082049392 0.219619676 0.742518544
1413393949705760512.000000 -0.110258386 -0.470964909 -1.298960328 0.623747647 -0.079966724 -0.239656642 -0.739668131
1413393949755760384.000000 -0.111503877 -0.504952967 -1.309386849 0.620709658 -0.080371737 -0.258738279 -0.735740721
1413393949805760512.000000 -0.113309458 -0.539637208 -1.323486567 0.618167639 -0.082933821 -0.276930630 -0.730958462
1413393949855760384.000000 -0.115713537 -0.574174106 -1.342084408 0.616077721 -0.088791661 -0.294907808 -0.724978447
1413393949905760512.000000 -0.118085891 -0.596951306 -1.358186245 -0.614993334 0.092934318 0.311164856 0.718556166
1413393949955760384.000000 -0.122269139 -0.629343629 -1.386961460 -0.613196135 0.096711226 0.324314743 0.713762939
1413393950005760512.000000 -0.127226472 -0.658626378 -1.422675729 -0.613634586 0.095821507 0.332172722 0.709881783
1413393950055760384.000000 -0.132997498 -0.684814632 -1.465604544 -0.618124187 0.084532194 0.329914659 0.708472431
1413393950105760512.000000 -0.145261064 -0.704266489 -1.511779070 -0.626315296 0.063879289 0.317205101 0.709245741
1413393950155760384.000000 -0.153501987 -0.728715301 -1.565189123 -0.633007050 0.039321620 0.306688339 0.709717035
1413393950205760512.000000 -0.161893725 -0.750708103 -1.621767282 -0.638916790 0.014799190 0.295055270 0.710287869
1413393950255760384.000000 -0.174624175 -0.763117790 -1.677603602 -0.643585563 -0.008735868 0.283741444 0.710782766
1413393950305760512.000000 -0.183320493 -0.779120564 -1.736385942 -0.646996021 -0.026394226 0.276112080 0.710254669
1413393950355760384.000000 -0.193459243 -0.792099476 -1.793735862 -0.648049355 -0.036117449 0.274991006 0.709300756
1413393950405760512.000000 -0.206087053 -0.801828265 -1.849735498 0.648434103 0.040652163 -0.276031464 -0.708298862
1413393950455760384.000000 -0.222723603 -0.799774885 -1.901693940 -0.648835957 -0.041275721 0.276393205 0.707753539
1413393950505760512.000000 -0.236786574 -0.802732229 -1.954331160 -0.650358856 -0.036300980 0.275667042 0.706911087
1413393950555760384.000000 -0.252337873 -0.801713228 -2.005577564 -0.652882278 -0.028797472 0.272620946 0.706111372
1413393950605760512.000000 -0.269506484 -0.795504093 -2.054834843 0.656327963 0.019611293 -0.266608864 -0.705527365
1413393950655760384.000000 -0.290136874 -0.783096194 -2.100769520 -0.660181642 -0.008927650 0.259105027 0.704943419
1413393950705760512.000000 -0.310437977 -0.773268580 -2.147601604 -0.663946688 0.000851720 0.251288772 0.704292655
1413393950755760384.000000 -0.333078921 -0.762344837 -2.192705154 -0.666987956 0.006968867 0.244610548 0.703735948
1413393950805760512.000000 -0.358546495 -0.750596642 -2.235795736 0.669999778 -0.011042162 -0.239005789 -0.702748001
1413393950855760384.000000 -0.387666792 -0.735746622 -2.276306868 -0.672137439 0.013676435 0.234780148 0.702084422
1413393950905760512.000000 -0.418391109 -0.723399401 -2.315797091 -0.674369037 0.011876728 0.230389103 0.701431572
1413393950955760384.000000 -0.450083375 -0.710912347 -2.353901386 -0.677627325 0.005613140 0.223902375 0.700469434
1413393951005760512.000000 -0.482114375 -0.697872400 -2.389364481 0.680071235 0.002830037 -0.218406811 -0.699852645
1413393951055760384.000000 -0.512598693 -0.684985042 -2.423542500 0.681709170 0.009685210 -0.215159461 -0.699203312
1413393951105760512.000000 -0.541365862 -0.670126200 -2.457178354 -0.681383014 -0.011505534 0.217713892 0.698702693
1413393951155760384.000000 -0.568055391 -0.656203389 -2.487674236 -0.680735707 -0.008128768 0.220605075 0.698474228
1413393951205760512.000000 -0.593080819 -0.641746044 -2.516483307 -0.680370271 -0.004020109 0.223592147 0.697915971
1413393951255760384.000000 -0.616328776 -0.626806498 -2.543921471 -0.680211544 0.000256495 0.226217493 0.697235882
1413393951305760512.000000 -0.638020813 -0.609973669 -2.569227695 0.680482090 -0.002983231 -0.228630453 -0.696177661
1413393951355760384.000000 -0.657891273 -0.594256163 -2.594545841 0.680914700 -0.004146184 -0.231128648 -0.694922686
1413393951405760512.000000 -0.676326990 -0.578353882 -2.619002104 0.681280613 -0.002874417 -0.234283835 -0.693512499
1413393951455760384.000000 -0.694024622 -0.562151432 -2.642539024 0.681442440 0.001226405 -0.238015428 -0.692086279
1413393951505760512.000000 -0.709959865 -0.549826860 -2.667677164 -0.680865288 -0.005792152 0.241996303 0.691250205
1413393951555760384.000000 -0.729480624 -0.531942129 -2.688054085 -0.680988133 -0.010042640 0.244928375 0.690046728
1413393951605760512.000000 -0.750550091 -0.512440205 -2.706654072 -0.681678593 -0.013310213 0.246248305 0.688838840
1413393951655760384.000000 -0.772664666 -0.491779566 -2.723497391 -0.683201849 -0.014018527 0.245596543 0.687547147
1413393951705760512.000000 -0.797070265 -0.470621586 -2.737931252 0.685335100 0.013763562 -0.242705584 -0.686454952
1413393951755760384.000000 -0.821470618 -0.448711157 -2.750913620 0.687849939 0.013449462 -0.239233613 -0.685163498
1413393951805760512.000000 -0.845743656 -0.425485373 -2.762219667 0.690101624 0.010655473 -0.237152234 -0.683670282
1413393951855760384.000000 -0.868449867 -0.401137352 -2.772300959 0.692221820 0.006715156 -0.235778660 -0.682050049
1413393951905760512.000000 -0.889956474 -0.375942230 -2.781099796 0.694189787 0.003826992 -0.235171750 -0.680279493
1413393951955760384.000000 -0.910057664 -0.349939346 -2.788825989 0.695851147 0.001483838 -0.235563621 -0.678453267
1413393952005760512.000000 -0.919839561 -0.329423428 -2.797681570 -0.697613299 -0.000195105 0.235759288 0.676574707
1413393952055760384.000000 -0.936291337 -0.303051233 -2.803927183 -0.699521661 0.001369218 0.235572159 0.674665451
1413393952105760512.000000 -0.949491560 -0.276616096 -2.809707403 -0.700747609 0.004487645 0.236381292 0.673094749
1413393952155760384.000000 -0.959271312 -0.250182629 -2.815502882 -0.702603340 0.005381416 0.235790387 0.671358705
1413393952205760512.000000 -0.967712998 -0.219247580 -2.819931507 0.703595459 -0.007888368 -0.237557963 -0.669669628
1413393952255760384.000000 -0.971313536 -0.192191839 -2.825308800 0.704455972 -0.010812495 -0.239076540 -0.668182075
1413393952305760512.000000 -0.971650720 -0.165753365 -2.830840349 0.704574585 -0.012646125 -0.240358517 -0.667564631
1413393952355760384.000000 -0.968970895 -0.140006065 -2.836220026 0.703263104 -0.014657202 -0.240537927 -0.668840647
1413393952405760512.000000 -0.957814991 -0.120073557 -2.845812321 -0.700641155 0.015149747 0.239547178 0.671929777
1413393952455760384.000000 -0.953205824 -0.094044447 -2.850246906 -0.697731793 0.014446507 0.235983565 0.676220000
1413393952505760512.000000 -0.948612869 -0.068088770 -2.853802919 -0.693136752 0.012967722 0.233008862 0.681982577
1413393952555760384.000000 -0.945087314 -0.042345285 -2.856108427 0.687653065 -0.010999499 -0.229995683 -0.688559651
1413393952605760512.000000 -0.940141559 -0.016651154 -2.858132362 0.681861281 -0.009188369 -0.225560814 -0.695775211
1413393952655760384.000000 -0.934869051 0.009240389 -2.859260321 0.674740255 -0.007770243 -0.222279668 -0.703745008
1413393952705760512.000000 -0.921067595 0.033058643 -2.861213923 -0.667274117 0.006640574 0.218952805 0.711871386
1413393952755760384.000000 -0.915252805 0.058639288 -2.860071898 -0.659023702 0.006439099 0.216742992 0.720186651
1413393952805760512.000000 -0.909336329 0.083687305 -2.858345985 -0.651541948 0.006385258 0.214649796 0.727583587
1413393952855760384.000000 -0.903755307 0.108868361 -2.856522083 0.644626319 -0.006553052 -0.213916153 -0.733930528
1413393952905760512.000000 -0.895428240 0.131466150 -2.852970362 -0.637859404 0.010311321 0.216200665 0.739111900
1413393952955760384.000000 -0.888537526 0.155911922 -2.850242138 -0.630966961 0.014801670 0.220337272 0.743715823
1413393953005760512.000000 -0.880971551 0.180474997 -2.847640991 -0.625011981 0.019345356 0.225015745 0.747230709
1413393953055760384.000000 -0.872644424 0.204743862 -2.845847845 0.619801164 -0.023029381 -0.229481384 -0.750102997
1413393953105760512.000000 -0.862445056 0.227260590 -2.843290806 -0.615589321 0.026138522 0.233389169 0.752260685
1413393953155760384.000000 -0.859094203 0.252783298 -2.841221571 -0.612409770 0.028592687 0.236516103 0.753788412
1413393953205760512.000000 -0.860544324 0.278693676 -2.838287115 -0.609765232 0.030879563 0.238843799 0.755106986
1413393953255760384.000000 -0.866507113 0.305225849 -2.834803820 -0.607740700 0.033525843 0.241218358 0.755871058
1413393953305760512.000000 -0.876360238 0.328820229 -2.829809427 -0.605366111 0.037628409 0.245361298 0.756249905
1413393953355760384.000000 -0.883414209 0.356629133 -2.829001904 -0.603788316 0.042126030 0.247988418 0.756417155
1413393953405760512.000000 -0.888769567 0.384643078 -2.831092596 -0.603579998 0.047153991 0.248267815 0.756195009
1413393953455760384.000000 -0.890400529 0.413407803 -2.837945938 0.604333639 -0.051442090 -0.247095451 -0.755697370
1413393953505760512.000000 -0.892280221 0.434711218 -2.845718145 -0.607185304 0.053118676 0.241133779 0.755221188
1413393953555760384.000000 -0.888673067 0.462625265 -2.859470129 -0.611477733 0.051790375 0.232347876 0.754604042
1413393953605760512.000000 -0.884017885 0.489385843 -2.875258446 -0.617337584 0.046829630 0.219921052 0.753880620
1413393953655760384.000000 -0.881037891 0.511434078 -2.891227245 -0.622321665 0.042605348 0.209345922 0.753043771
1413393953705760512.000000 -0.875449181 0.535612345 -2.909053326 -0.626904368 0.039445475 0.199622601 0.752054453
1413393953755760384.000000 -0.871258199 0.558494568 -2.926106215 -0.630549967 0.038177408 0.191992879 0.751057863
1413393953805760512.000000 -0.870125353 0.578941107 -2.941435575 0.632347226 -0.037611675 -0.187080950 -0.750815034
1413393953855760384.000000 -0.873332500 0.594270468 -2.953933954 -0.632347286 0.037341103 0.183245718 0.751773715
1413393953905760512.000000 -0.876704276 0.610716105 -2.965978146 -0.630197883 0.038126096 0.180934086 0.754095495
1413393953955760384.000000 -0.882501185 0.625098944 -2.976215363 -0.626413882 0.035478413 0.180791453 0.757404387
1413393954005760512.000000 -0.890102983 0.637368679 -2.985157728 -0.620679915 0.028124928 0.184599057 0.761504292
1413393954055760384.000000 -0.896207392 0.646867514 -2.994174242 0.614122093 -0.021373572 -0.187510312 -0.766314030
1413393954105760512.000000 -0.902547479 0.655650854 -3.001614332 0.606094360 -0.013790913 -0.193823144 -0.771292508
1413393954155760384.000000 -0.911231756 0.662680864 -3.007155895 -0.597599447 0.003798850 0.199736983 0.776508629
1413393954205760512.000000 -0.915715754 0.670380354 -3.013215542 -0.587866604 -0.006464466 0.206438869 0.782147110
1413393954255760384.000000 -0.918607771 0.678452492 -3.018497229 -0.577135801 -0.016178509 0.212652385 0.788309276
1413393954305760512.000000 -0.919215202 0.687581778 -3.023011684 -0.566187024 -0.024151037 0.216543004 0.794957995
1413393954355760384.000000 -0.917504907 0.697178364 -3.027244568 0.555056393 0.030493166 -0.218776405 -0.801947296
1413393954405760512.000000 -0.915097475 0.710217953 -3.029939413 0.543713570 0.035782397 -0.218620852 -0.809506118
1413393954455760384.000000 -0.912371278 0.731234550 -3.030318499 -0.531857550 -0.039453603 0.216651395 0.817699909
1413393954505760512.000000 -0.907395601 0.748809099 -3.030581951 -0.520144522 -0.042315628 0.212805882 0.826058567
1413393954555760384.000000 -0.901233017 0.769247532 -3.029298067 -0.507877111 -0.045618039 0.208818257 0.834490776
1413393954605760512.000000 -0.893895686 0.792005062 -3.026752710 -0.495987654 -0.047537874 0.205081254 0.842423916
1413393954655760384.000000 -0.885994077 0.820450425 -3.022079945 -0.485237539 -0.048519004 0.200172529 0.849777281
1413393954705760512.000000 -0.877304316 0.849266887 -3.016377926 -0.475652128 -0.050696518 0.196252659 0.855961382
1413393954755760384.000000 -0.867747366 0.880962491 -3.009439468 -0.467753083 -0.052364964 0.193269163 0.860878646
1413393954805760512.000000 -0.857553184 0.919911981 -2.998729944 -0.460707754 -0.053762734 0.190984473 0.865091324
1413393954855760384.000000 -0.846997857 0.957049012 -2.988326073 -0.455286205 -0.055132002 0.188705623 0.868369281
1413393954905760512.000000 -0.835418224 0.997136712 -2.976068258 -0.451034755 -0.056287795 0.186282039 0.871032953
1413393954955760384.000000 -0.822690725 1.039889336 -2.962063074 -0.448469430 -0.054835834 0.182691410 0.873207927
1413393955005760512.000000 -0.807743073 1.088181257 -2.944803953 -0.447306633 -0.049111765 0.177461311 0.875221372
1413393955055760384.000000 -0.791093588 1.135563493 -2.927067757 -0.446645677 -0.039735068 0.169283837 0.877651334
1413393955105760512.000000 -0.774275959 1.184160352 -2.907204628 -0.445106477 -0.031432338 0.161912903 0.880157113
1413393955155760384.000000 -0.757153511 1.233887315 -2.885390282 -0.442995727 -0.023986753 0.154368967 0.882807851
1413393955205760512.000000 -0.740468681 1.287795067 -2.857837677 -0.438942164 -0.015893359 0.151494294 0.885509253
1413393955255760384.000000 -0.722854912 1.338052273 -2.832747936 -0.432885140 -0.008694406 0.151442319 0.888594449
1413393955305760512.000000 -0.704743326 1.388500690 -2.806876183 -0.426211238 -0.001508926 0.152436629 0.891686499
1413393955355760384.000000 -0.686982512 1.438945055 -2.779849052 0.418445736 -0.002078925 -0.152183488 -0.895398855
1413393955405760512.000000 -0.670955718 1.492481112 -2.750579119 -0.409895748 0.004417550 0.150030553 0.899698257
1413393955455760384.000000 -0.651055753 1.542753935 -2.723704100 -0.400568873 0.009059075 0.143337250 0.904940367
1413393955505760512.000000 -0.630254149 1.592573404 -2.696941376 -0.389300168 0.015801314 0.134409025 0.911114693
1413393955555760384.000000 -0.609854877 1.641518593 -2.670189381 0.376363546 -0.023612028 -0.123781241 -0.917862296
1413393955605760512.000000 -0.593390882 1.690579176 -2.642390728 -0.362910509 0.031024683 0.108912133 0.924917102
1413393955655760384.000000 -0.578315258 1.736659527 -2.615479469 -0.349411577 0.035529945 0.092505679 0.931714535
1413393955705760512.000000 -0.566071391 1.781303525 -2.588294983 -0.338258594 0.033810064 0.074193761 0.937514424
1413393955755760384.000000 -0.556863844 1.823770761 -2.561262131 -0.329557478 0.028740007 0.054512698 0.942122221
1413393955805760512.000000 -0.554242313 1.865757465 -2.529814005 -0.322112173 0.022322409 0.036234748 0.945744395
1413393955855760384.000000 -0.550724387 1.902076721 -2.501735926 -0.315450400 0.012717929 0.022779083 0.948583424
1413393955905760512.000000 -0.548726439 1.934394121 -2.472495794 -0.307098299 0.002662631 0.019263711 0.951479137
1413393955955760384.000000 -0.547163069 1.962129831 -2.441959858 0.295634657 0.003588547 -0.027745249 -0.954891384
1413393956005760512.000000 -0.543642163 1.986403823 -2.410174608 0.283440202 0.007871401 -0.040685005 -0.958094239
1413393956055760384.000000 -0.537955284 2.007979155 -2.377365828 0.271073639 0.009121119 -0.053689931 -0.961016834
1413393956105760512.000000 -0.528577209 2.030898333 -2.337891102 -0.259340316 -0.008444280 0.064726532 0.963577628
1413393956155760384.000000 -0.519351304 2.049142599 -2.303094387 -0.247449234 -0.007471247 0.072380275 0.966164708
1413393956205760512.000000 -0.508782983 2.066718578 -2.267656088 -0.235287786 -0.005842062 0.076256484 0.968912065
1413393956255760384.000000 -0.497023642 2.084592342 -2.230451584 0.223660216 -0.000338969 -0.074460529 -0.971818745
1413393956305760512.000000 -0.482389569 2.101478338 -2.195657253 -0.211907700 0.008100729 0.068794616 0.974831760
1413393956355760384.000000 -0.467682719 2.117977858 -2.159330845 -0.198979989 0.017339345 0.061882917 0.977894127
1413393956405760512.000000 -0.452511877 2.133687973 -2.123655796 -0.185394451 0.025986683 0.054030173 0.980833530
1413393956455760384.000000 -0.437196642 2.148459673 -2.088200092 0.170893088 -0.033397794 -0.045892347 -0.983653486
1413393956505760512.000000 -0.421877265 2.161568642 -2.054656267 -0.154763773 0.036964443 0.039044391 0.986487448
1413393956555760384.000000 -0.408866674 2.174016953 -2.020624876 -0.137369767 0.036458645 0.033493284 0.989281833
1413393956605760512.000000 -0.396671444 2.185463190 -1.987320065 -0.118950278 0.033727452 0.028695719 0.991912246
1413393956655760384.000000 -0.384071797 2.195430279 -1.957417488 -0.099700592 0.028158655 0.023627972 0.994338334
1413393956705760512.000000 -0.373648763 2.205232382 -1.925282717 -0.080650128 0.020596970 0.018948017 0.996349514
1413393956755760384.000000 -0.364001811 2.214314699 -1.893966675 -0.061776023 0.011883296 0.014359863 0.997915983
1413393956805760512.000000 -0.353837103 2.222447395 -1.863684058 0.042604946 -0.005511215 -0.009893164 -0.999027789
1413393956855760384.000000 -0.339951187 2.228118896 -1.836277723 -0.023494840 0.000700373 0.007680538 0.999694288
1413393956905760512.000000 -0.328983843 2.236002207 -1.805786014 -0.003923198 -0.001884071 0.005880435 0.999973297
1413393956955760384.000000 -0.317964643 2.244045019 -1.775298357 0.015322975 -0.003446604 0.004564404 0.999866307
1413393957005760512.000000 -0.306587040 2.252459049 -1.744726539 0.033319302 -0.004628495 0.000891892 0.999433696
1413393957055760384.000000 -0.294991314 2.262544870 -1.714144588 -0.051413536 0.006264602 0.003639724 -0.998651206
1413393957105760512.000000 -0.278919846 2.268489838 -1.688883424 0.068599910 -0.007541550 -0.012501235 0.997537494
1413393957155760384.000000 -0.266318858 2.278225183 -1.656786203 0.086215690 -0.008156192 -0.022205753 0.995995641
1413393957205760512.000000 -0.252818227 2.287588120 -1.623773217 0.105024457 -0.007899951 -0.031666797 0.993934035
1413393957255760384.000000 -0.238745317 2.297157764 -1.591134787 -0.124639906 0.008257484 0.040961668 -0.991321862
1413393957305760512.000000 -0.223249406 2.305528879 -1.564736485 0.144865364 -0.009285493 -0.050102852 0.988138378
1413393957355760384.000000 -0.208446190 2.314855099 -1.531155705 0.165238574 -0.008891877 -0.058694962 0.984465361
1413393957405760512.000000 -0.193754822 2.324214458 -1.497100234 -0.184623286 0.008159288 0.066817529 -0.980501413
1413393957455760384.000000 -0.178439647 2.335354567 -1.469846606 0.203937978 -0.005708016 -0.074296713 0.976143837
1413393957505760512.000000 -0.164869100 2.344158411 -1.434310079 0.221836954 -0.002673943 -0.081346259 0.971680999
1413393957555760384.000000 -0.153652802 2.352832794 -1.398310900 0.239664242 0.000408890 -0.087341204 0.966919065
1413393957605760512.000000 -0.145890087 2.363117695 -1.364832878 0.257792085 0.004268510 -0.093065262 0.961698472
1413393957655760384.000000 -0.140043169 2.371885777 -1.328396559 0.276517034 0.010181976 -0.097370312 0.956009328
1413393957705760512.000000 -0.136705637 2.380649567 -1.291821599 0.295254886 0.018634208 -0.102099434 0.949764669
1413393957755760384.000000 -0.136909917 2.394697189 -1.261554718 0.313700110 0.025380867 -0.107519701 0.943073452
1413393957805760512.000000 -0.139685065 2.404978991 -1.225469708 0.330258191 0.031489845 -0.117162868 0.936061323
1413393957855760384.000000 -0.144821674 2.415590286 -1.190228581 0.345536143 0.035383135 -0.128998235 0.928823113
1413393957905760512.000000 -0.150279492 2.429869413 -1.158100605 0.358563602 0.037738834 -0.142697051 0.921762168
1413393957955760384.000000 -0.156861246 2.442003012 -1.126708031 0.369752556 0.038723771 -0.158580676 0.914677918
1413393958005760512.000000 -0.162373334 2.454247713 -1.098318577 0.378680438 0.036457073 -0.173343286 0.908418477
1413393958055760384.000000 -0.166087896 2.465947866 -1.072974801 0.386167020 0.032422479 -0.185603708 0.902981281
1413393958105760512.000000 -0.166035861 2.476233006 -1.051988959 0.393122584 0.028359568 -0.193009689 0.898553133
1413393958155760384.000000 -0.162624449 2.484104633 -1.034458399 0.399858892 0.023734443 -0.196355537 0.894982696
1413393958205760512.000000 -0.150805980 2.498051643 -1.032624483 0.405547202 0.020346072 -0.198138371 0.892109156
1413393958255760384.000000 -0.140753537 2.499509335 -1.020908713 0.411835432 0.017167531 -0.194432557 0.890108347
1413393958305760512.000000 -0.128639340 2.498702526 -1.011790514 0.417543948 0.011646892 -0.188291863 0.888857484
1413393958355760384.000000 -0.114208102 2.496699810 -1.002823234 0.423077047 0.005198591 -0.179313898 0.888158381
1413393958405760512.000000 -0.101576030 2.493443489 -0.995475173 0.426549822 -0.001829686 -0.173048496 0.887753427
1413393958455760384.000000 -0.091244757 2.489659548 -0.987958431 0.428584486 -0.007602453 -0.169130549 0.887497842
1413393958505760512.000000 -0.083272427 2.485300303 -0.979505777 0.429135472 -0.014870327 -0.167546943 0.887439966
1413393958555760384.000000 -0.078499347 2.480855227 -0.969940901 0.428495377 -0.023067480 -0.168250188 0.887440979
1413393958605760512.000000 -0.076778859 2.476532936 -0.959334612 0.427143842 -0.031084998 -0.169967368 0.887520671
1413393958655760384.000000 -0.077074140 2.476188898 -0.953161836 0.425200909 -0.037493143 -0.172203347 0.887775004
1413393958705760512.000000 -0.070924550 2.473861694 -0.945331097 0.423268408 -0.042391118 -0.174035326 0.888120890
1413393958755760384.000000 -0.074391335 2.468807220 -0.932814300 0.422219604 -0.041314289 -0.173298448 0.888814628
1413393958805760512.000000 -0.078262269 2.462577105 -0.919107735 0.421644509 -0.035245273 -0.171154037 0.889764071
1413393958855760384.000000 -0.086387843 2.452893972 -0.898557901 0.421468765 -0.027113914 -0.168171659 0.890700459
1413393958905760512.000000 -0.095291704 2.443799257 -0.880395293 0.420981377 -0.018892935 -0.165623009 0.891620278
1413393958955760384.000000 -0.106875777 2.433874846 -0.860902548 0.420658499 -0.012688060 -0.162237242 0.892504632
1413393959005760512.000000 -0.119706005 2.422909737 -0.841066480 0.421060085 -0.007599105 -0.156813487 0.893342197
1413393959055760384.000000 -0.126568586 2.399013996 -0.813206613 0.422473639 -0.005147676 -0.147657782 0.894252062
1413393959105760512.000000 -0.142254084 2.388487577 -0.792543948 0.424661517 -0.002725224 -0.136857510 0.894944251
1413393959155760384.000000 -0.155704081 2.378347158 -0.771942258 0.426663190 0.001273614 -0.126868710 0.895467103
1413393959205760512.000000 -0.169849813 2.367197990 -0.748454452 0.427240938 0.006675618 -0.121901520 0.895857513
1413393959255760384.000000 -0.183061123 2.360923767 -0.728189111 0.425305068 0.013256454 -0.123151727 0.896534204
1413393959305760512.000000 -0.195985317 2.356237411 -0.708171129 0.422449291 0.014547332 -0.127237052 0.897293627
1413393959355760384.000000 -0.207413465 2.352069855 -0.687844515 0.419391066 0.012727886 -0.132934868 0.897929549
1413393959405760512.000000 -0.218165636 2.349487543 -0.668712556 0.416701823 0.010968468 -0.138055891 0.898431957
1413393959455760384.000000 -0.226764828 2.330921173 -0.641111135 0.414492637 0.008777153 -0.141978264 0.898866594
1413393959505760512.000000 -0.234547913 2.329756260 -0.623965204 0.412656039 0.010427568 -0.144806653 0.899242699
1413393959555760384.000000 -0.241399437 2.328819513 -0.607770681 0.412044585 0.013328764 -0.145448521 0.899381101
1413393959605760512.000000 -0.245947003 2.324319601 -0.590078473 0.413056850 0.025393264 -0.141999200 0.899208307
1413393959655760384.000000 -0.248588800 2.324509144 -0.577319026 0.414660424 0.042267248 -0.136640891 0.898665428
1413393959705760512.000000 -0.251410395 2.326483965 -0.566649914 0.416459471 0.055545203 -0.130662888 0.897999763
1413393959755760384.000000 -0.254632860 2.329589605 -0.557299674 0.417355061 0.065798745 -0.126597956 0.897473276
1413393959805760512.000000 -0.268186271 2.327255964 -0.545478523 0.416337609 0.066367619 -0.127265796 0.897809446
1413393959855760384.000000 -0.275216103 2.335827112 -0.540697634 0.414248019 0.054001622 -0.132233873 0.898886383
1413393959905760512.000000 -0.281984180 2.346431494 -0.538176954 0.411266625 0.040990964 -0.138839677 0.899946153
1413393959955760384.000000 -0.287525594 2.357749224 -0.537747979 0.408174217 0.027686995 -0.146240398 0.900689185
1413393960005760512.000000 -0.291305602 2.367262840 -0.533864200 0.405797482 0.014348658 -0.152533412 0.901030600
1413393960055760384.000000 -0.295962155 2.379549026 -0.536423981 0.403426230 0.003601460 -0.157592565 0.901331723
1413393960105760512.000000 -0.299543172 2.391039610 -0.539927840 0.401392251 -0.005203749 -0.162143171 0.901424885
1413393960155760384.000000 -0.302958965 2.401075363 -0.543019474 0.399443448 -0.014686640 -0.166479409 0.901395500
1413393960205760512.000000 -0.305739701 2.410274744 -0.546610832 0.397237599 -0.024531951 -0.170738399 0.901359499
1413393960255760384.000000 -0.327150315 2.411604404 -0.542751789 0.394867241 -0.035606254 -0.174925804 0.901228607
1413393960305760512.000000 -0.329008698 2.416473627 -0.545308590 0.393375605 -0.043424569 -0.178189665 0.900898635
1413393960355760384.000000 -0.329237372 2.418209791 -0.546913326 0.393362015 -0.045496039 -0.178922012 0.900657237
1413393960405760512.000000 -0.327953249 2.416663647 -0.547185421 0.396278352 -0.038448971 -0.176863283 0.900113642
1413393960455760384.000000 -0.325895131 2.412475348 -0.547301173 0.401222795 -0.029069351 -0.174268723 0.898780167
1413393960505760512.000000 -0.325513899 2.406089067 -0.546237111 0.408189267 -0.019365467 -0.172244534 0.896291435
1413393960555760384.000000 -0.329627126 2.398469925 -0.543698251 0.416714221 -0.012746649 -0.172516242 0.892426431
1413393960605760512.000000 -0.339333147 2.389715195 -0.539268911 0.427476227 -0.007261713 -0.173767045 0.887139440
1413393960655760384.000000 -0.355266720 2.380075932 -0.532853663 0.439701825 -0.003371698 -0.176016763 0.880720794
1413393960705760512.000000 -0.376641542 2.370233059 -0.525520802 0.452716172 -0.001345851 -0.179739296 0.873349905
1413393960755760384.000000 -0.404463649 2.358624697 -0.512333035 0.466342628 -0.000732458 -0.184158966 0.865222275
1413393960805760512.000000 -0.434507132 2.348142147 -0.502641916 0.479816347 -0.002140348 -0.189326137 0.856695592
1413393960855760384.000000 -0.467415750 2.337397337 -0.492163181 0.490466803 -0.008788090 -0.196731701 0.848918021
1413393960905760512.000000 -0.499328375 2.327846766 -0.484683275 0.498810828 -0.018371344 -0.205027759 0.841910899
1413393960955760384.000000 -0.524028540 2.313504219 -0.474816680 0.507047176 -0.028284820 -0.208897531 0.835742235
1413393961005760512.000000 -0.550784409 2.300011873 -0.466395497 0.513264716 -0.037252802 -0.211801812 0.830849946
1413393961055760384.000000 -0.573746264 2.284967661 -0.458069086 0.518633246 -0.040607158 -0.213681906 0.826867998
1413393961105760512.000000 -0.598165274 2.261537075 -0.443805099 0.523687780 -0.035193373 -0.213356271 0.824009478
1413393961155760384.000000 -0.612249911 2.242153883 -0.435850263 0.527829111 -0.026779855 -0.210965633 0.822297275
1413393961205760512.000000 -0.621880114 2.221217632 -0.428633571 0.532770753 -0.016185669 -0.203603938 0.821242273
1413393961255760384.000000 -0.620320022 2.202885866 -0.426543117 0.540321827 -0.000442186 -0.185540974 0.820747674
1413393961305760512.000000 -0.621381879 2.182613134 -0.421852708 0.548397720 0.017458348 -0.163532376 0.819885492
1413393961355760384.000000 -0.617774725 2.163979053 -0.418508291 0.556646645 0.036084101 -0.139027387 0.818238258
1413393961405760512.000000 -0.599922001 2.148855448 -0.419076085 0.561885357 0.052038103 -0.122544631 0.816431105
1413393961455760384.000000 -0.590613902 2.136520386 -0.416414022 0.563913047 0.063366078 -0.115304910 0.815286219
1413393961505760512.000000 -0.578881264 2.128741264 -0.414564729 0.561932027 0.063518830 -0.121324234 0.815768480
1413393961555760384.000000 -0.565496206 2.127414227 -0.413707137 0.556613386 0.058743790 -0.136311814 0.817404389
1413393961605760512.000000 -0.548589349 2.131383657 -0.416544080 0.551553428 0.049500469 -0.151402533 0.818789244
1413393961655760384.000000 -0.528119147 2.137347460 -0.420957923 0.545321643 0.037603755 -0.168668389 0.820220232
1413393961705760512.000000 -0.503003955 2.145683050 -0.427800775 0.541252792 0.030089596 -0.179423138 0.820942998
1413393961755760384.000000 -0.471969455 2.155082703 -0.438145757 0.539163470 0.029591974 -0.184537888 0.821202040
1413393961805760512.000000 -0.438256294 2.165799141 -0.450733662 0.537181318 0.024962369 -0.188856035 0.821673036
1413393961855760384.000000 -0.400401473 2.180081129 -0.468167424 0.535460413 0.020584542 -0.192660511 0.822034359
1413393961905760512.000000 -0.353635252 2.211722136 -0.496871471 0.533072770 0.013328569 -0.197726741 0.822532654
1413393961955760384.000000 -0.311186075 2.226291656 -0.517378449 0.531713784 0.008515427 -0.201369226 0.822592437
1413393962005760512.000000 -0.266514897 2.240209103 -0.539320588 0.530143201 0.002953078 -0.205013901 0.822744727
1413393962055760384.000000 -0.217971027 2.255534649 -0.564241290 0.529227793 -0.003181672 -0.207759678 0.822644353
1413393962105760512.000000 -0.167397559 2.256521225 -0.583698988 0.528362691 -0.007987395 -0.211451843 0.822227001
1413393962155760384.000000 -0.115333438 2.274953127 -0.613335967 0.527223170 -0.013817664 -0.213987231 0.822225273
1413393962205760512.000000 -0.057597876 2.280954838 -0.640785575 0.526822388 -0.018840324 -0.216264516 0.821786404
1413393962255760384.000000 0.001739025 2.286622763 -0.669667840 0.526426196 -0.022416962 -0.218458459 0.821370125
1413393962305760512.000000 0.062940717 2.290108204 -0.698814273 0.525452971 -0.026702121 -0.220842853 0.821227551
1413393962355760384.000000 0.122077107 2.299870491 -0.731427431 0.523544371 -0.032553647 -0.225139260 0.821068823
1413393962405760512.000000 0.179420948 2.299685478 -0.758278966 0.520893574 -0.040460099 -0.231003925 0.820774078
1413393962455760384.000000 0.231285006 2.297989130 -0.782844901 0.516126692 -0.051356494 -0.238401636 0.821060538
1413393962505760512.000000 0.280648053 2.294188023 -0.805376768 0.510148168 -0.061243754 -0.244334430 0.822373927
1413393962555760384.000000 0.317789525 2.294900894 -0.825424194 0.502365112 -0.070251107 -0.249191493 0.824983418
1413393962605760512.000000 0.355783612 2.285452843 -0.841424942 0.493526667 -0.074809380 -0.252198219 0.828994036
1413393962655760384.000000 0.390011877 2.273135185 -0.854641557 0.483271539 -0.073817603 -0.253833085 0.834606767
1413393962705760512.000000 0.424315661 2.257164001 -0.867379189 -0.471892774 0.067201830 0.253250360 -0.841822684
1413393962755760384.000000 0.451048523 2.240704536 -0.877008080 0.459865540 -0.056089446 -0.250016600 0.850217283
1413393962805760512.000000 0.481614590 2.215948105 -0.885944605 -0.446257919 0.041428454 0.246292606 -0.859347165
1413393962855760384.000000 0.509938657 2.187628508 -0.893996775 -0.430608749 0.026386540 0.242302299 -0.869004905
1413393962905760512.000000 0.532428026 2.158839464 -0.902096033 0.414487928 -0.009914524 -0.236944884 0.878611803
1413393962955760384.000000 0.555059314 2.124929190 -0.910295188 0.396714032 0.003754168 -0.230787247 0.888448775
1413393963005760512.000000 0.573269963 2.088832855 -0.918985784 0.378183395 0.014204332 -0.223250672 0.898295403
1413393963055760384.000000 0.588316262 2.049399614 -0.928921640 0.359528840 0.023252992 -0.214095011 0.907943726
1413393963105760512.000000 0.596785963 2.011924744 -0.940879941 0.340216428 0.032373466 -0.204982251 0.917162478
1413393963155760384.000000 0.605067492 1.968412757 -0.953458071 0.321926355 0.038954239 -0.193200096 0.926023662
1413393963205760512.000000 0.609402597 1.923110127 -0.967690229 0.305382818 0.042569712 -0.177461252 0.934578359
1413393963255760384.000000 0.607152224 1.878059506 -0.983949721 0.289662719 0.045988772 -0.160061210 0.942529082
1413393963305760512.000000 0.604513347 1.830193520 -1.002098560 0.273731470 0.047490939 -0.144116744 0.949761093
1413393963355760384.000000 0.598791838 1.781461716 -1.021227717 0.256739825 0.048554674 -0.130147189 0.956445932
1413393963405760512.000000 0.586260498 1.733267188 -1.039245129 0.239364535 0.048029672 -0.118756846 0.962441981
1413393963455760384.000000 0.574305475 1.683775663 -1.060453057 0.221066460 0.046811819 -0.109621160 0.967947066
1413393963505760512.000000 0.559585690 1.633770108 -1.082594633 0.204008937 0.045713346 -0.099635452 0.972812176
1413393963555760384.000000 0.538095951 1.583875895 -1.102241516 0.187670901 0.044624340 -0.090727881 0.977014244
1413393963605760512.000000 0.518706501 1.533049822 -1.125497222 0.171829239 0.045205038 -0.082196765 0.980650306
1413393963655760384.000000 0.496355206 1.482481718 -1.149525762 0.156366363 0.046351321 -0.075383767 0.983726859
1413393963705760512.000000 0.467289329 1.431209922 -1.171064496 0.141296372 0.048053708 -0.069192782 0.986376464
1413393963755760384.000000 0.439655721 1.380498528 -1.196828842 0.125851378 0.049380537 -0.064623810 0.988709629
1413393963805760512.000000 0.409959972 1.329698443 -1.223944068 0.110243075 0.050325423 -0.061295915 0.990735412
1413393963855760384.000000 0.374459505 1.277277112 -1.247203112 0.094793156 0.049470954 -0.058447674 0.992547691
1413393963905760512.000000 0.338579744 1.226402640 -1.276585102 0.079144344 0.047191188 -0.055992976 0.994170070
1413393963955760384.000000 0.300022990 1.175379038 -1.306805253 0.063119262 0.043437861 -0.054034155 0.995595038
1413393964005760512.000000 0.256933331 1.121520877 -1.331425309 0.047527935 0.039342780 -0.051437628 0.996768534
1413393964055760384.000000 0.213599905 1.068726778 -1.362477422 0.032272391 0.036413044 -0.047940284 0.997664452
1413393964105760512.000000 0.168233961 1.014882207 -1.394253969 0.017411215 0.034722082 -0.042870946 0.998325288
1413393964155760384.000000 0.120300412 0.958465576 -1.419575453 0.003764238 0.033212058 -0.034383725 0.998849690
1413393964205760512.000000 0.071644410 0.902659595 -1.451220036 -0.008923850 0.032828134 -0.023998626 0.999133050
1413393964255760384.000000 0.022898979 0.846367180 -1.483620763 -0.021304255 0.031767365 -0.011968570 0.999196529
1413393964305760512.000000 -0.026265180 0.789253712 -1.510354638 -0.033125345 0.029368300 0.000554128 0.999019504
1413393964355760384.000000 -0.073814839 0.732268035 -1.544015050 -0.045123242 0.027158096 0.010311341 0.998558998
1413393964405760512.000000 -0.120172463 0.675587833 -1.578780532 -0.056984182 0.025181253 0.021026833 0.997835994
1413393964455760384.000000 -0.166081309 0.620615900 -1.609255075 -0.068563804 0.023734219 0.030282263 0.996904612
1413393964505760512.000000 -0.210085645 0.565439105 -1.645760655 -0.079811074 0.022136951 0.038944304 0.995802939
1413393964555760384.000000 -0.252566010 0.511241853 -1.683183908 -0.090582669 0.022528017 0.048459712 0.994454145
1413393964605760512.000000 -0.294189751 0.459897071 -1.714879751 -0.100881211 0.022428991 0.058373131 0.992931306
1413393964655760384.000000 -0.334686309 0.408863991 -1.753682017 -0.110669181 0.023508977 0.068275027 0.991230726
1413393964705760512.000000 -0.373426914 0.360095114 -1.793340921 -0.121352777 0.025903825 0.076133929 0.989346385
1413393964755760384.000000 -0.413159668 0.315310329 -1.828417778 -0.131152645 0.025994329 0.085603215 0.987317264
1413393964805760512.000000 -0.450596571 0.271114409 -1.869667888 -0.140703067 0.023839554 0.095470071 0.985149622
1413393964855760384.000000 -0.487416029 0.229633659 -1.912017941 -0.150321677 0.019390073 0.103776410 0.982984185
1413393964905760512.000000 -0.523888350 0.191022158 -1.954863071 0.160283536 -0.012348108 -0.113403447 -0.980457246
1413393964955760384.000000 -0.560678363 0.159584343 -1.993227363 -0.168656349 0.001960376 0.125132322 0.977697909
1413393965005760512.000000 -0.595521510 0.127804309 -2.037287712 -0.175617576 -0.008550054 0.140769079 0.974304616
1413393965055760384.000000 -0.628637493 0.100601405 -2.080898762 -0.182196364 -0.018139023 0.157745361 0.970356643
1413393965105760512.000000 -0.661189616 0.079044446 -2.121420622 0.188056096 0.027692508 -0.176133245 -0.965839148
1413393965155760384.000000 -0.690688848 0.063434273 -2.163323879 0.194822013 0.035611503 -0.192703977 -0.961062670
1413393965205760512.000000 -0.719191432 0.059031352 -2.204010963 -0.202906698 -0.043932293 0.204821289 0.956528664
1413393965255760384.000000 -0.743405879 0.058755949 -2.243789434 -0.212722465 -0.056009132 0.210469440 0.952530742
1413393965305760512.000000 -0.764434397 0.065950841 -2.283504963 -0.222870886 -0.067847006 0.209820941 0.949579179
1413393965355760384.000000 -0.781859875 0.081916943 -2.319954395 -0.234097928 -0.080760583 0.201471254 0.947673619
1413393965405760512.000000 -0.795986772 0.104425639 -2.354609013 -0.246263981 -0.091499157 0.183306411 0.947301865
1413393965455760384.000000 -0.805901170 0.133338511 -2.385569811 -0.258299053 -0.099769495 0.159465417 0.947575092
1413393965505760512.000000 -0.812059641 0.167184204 -2.414048433 0.270542204 0.104371056 -0.127813965 -0.948460400
1413393965555760384.000000 -0.812411427 0.204586804 -2.432981253 -0.281673670 -0.107856169 0.095127590 0.948671639
1413393965605760512.000000 -0.811975121 0.242556930 -2.448833704 -0.289829969 -0.107730858 0.068530597 0.948523223
1413393965655760384.000000 -0.808575153 0.280478656 -2.458127975 -0.295625746 -0.105679050 0.047435660 0.948254883
1413393965705760512.000000 -0.802370846 0.317570001 -2.459082365 0.298543572 0.097726002 -0.037280664 -0.948647261
1413393965755760384.000000 -0.791164219 0.353364438 -2.456401348 -0.297912300 -0.084519543 0.039806612 0.950010657
1413393965805760512.000000 -0.778905392 0.386366338 -2.446845055 -0.296454489 -0.065488078 0.043627456 0.951799750
1413393965855760384.000000 -0.764491856 0.417780429 -2.432893753 -0.294694960 -0.044124026 0.047480095 0.953390598
1413393965905760512.000000 -0.750822723 0.448881149 -2.413494110 0.294192165 0.030372445 -0.047988828 -0.954057455
1413393965955760384.000000 -0.739171803 0.477623284 -2.391659498 0.296166450 0.022698456 -0.041392729 -0.953969002
1413393966005760512.000000 -0.728943050 0.504608154 -2.366706133 0.298672020 0.018773012 -0.033037871 -0.953599036
1413393966055760384.000000 -0.717784286 0.529143333 -2.339066982 0.300610840 0.017351285 -0.026771763 -0.953213215
1413393966105760512.000000 -0.704334080 0.550282478 -2.309604645 0.299648315 0.015068262 -0.028777117 -0.953496635
1413393966155760384.000000 -0.687924027 0.567924500 -2.279185772 0.298014313 0.014419391 -0.034464121 -0.953830063
1413393966205760512.000000 -0.667193472 0.582628548 -2.247663498 0.296961844 0.013517970 -0.038231786 -0.954027891
1413393966255760384.000000 -0.640425622 0.589812160 -2.222752094 -0.295684606 -0.013803978 0.040821560 0.954313219
1413393966305760512.000000 -0.611579120 0.599341989 -2.189250231 -0.297263086 -0.016159831 0.035891607 0.953983963
1413393966355760384.000000 -0.578170776 0.605814993 -2.154724598 -0.299684703 -0.016278807 0.026724730 0.953525066
1413393966405760512.000000 -0.538155198 0.608042300 -2.118280172 0.302457452 0.011510427 -0.014916521 -0.952976704
1413393966455760384.000000 -0.496002495 0.605848014 -2.083673716 -0.303348333 -0.002627668 0.008536391 0.952837944
1413393966505760512.000000 -0.452785552 0.600186706 -2.045697689 -0.302399486 0.010517020 0.007072126 0.953097045
1413393966555760384.000000 -0.410860866 0.590620041 -2.006251574 -0.299760073 0.025420776 0.009030857 0.953633189
1413393966605760512.000000 -0.371662945 0.576827466 -1.966040492 0.297183007 -0.038517859 -0.011520503 -0.953973770
1413393966655760384.000000 -0.336404562 0.558500648 -1.922683358 -0.295231491 0.049077392 0.014255341 0.954057992
1413393966705760512.000000 -0.304229647 0.537719607 -1.881361246 -0.293604404 0.058109824 0.016720243 0.954012692
1413393966755760384.000000 -0.275207341 0.513331532 -1.840345025 -0.292438775 0.064933188 0.019096171 0.953886092
1413393966805760512.000000 -0.249413371 0.485335529 -1.799863338 -0.291752070 0.069434941 0.020431913 0.953751624
1413393966855760384.000000 -0.227822036 0.451757729 -1.760669708 -0.290743917 0.069638990 0.024855388 0.953939497
1413393966905760512.000000 -0.209588245 0.417037249 -1.721503377 -0.288789928 0.064132877 0.033897154 0.954640508
1413393966955760384.000000 -0.194539964 0.379371047 -1.683428288 -0.286072046 0.058120944 0.047862187 0.955245554
1413393967005760512.000000 -0.182035357 0.339658886 -1.646304250 0.284005582 -0.050402626 -0.065812834 -0.955232501
1413393967055760384.000000 -0.175158471 0.301956028 -1.600410342 -0.283617347 0.045520827 0.081141017 0.954413533
1413393967105760512.000000 -0.166583627 0.260195792 -1.564529538 -0.283553988 0.040613417 0.094159387 0.953457773
1413393967155760384.000000 -0.159519285 0.218371525 -1.529826880 -0.285400599 0.037256256 0.103174485 0.952110052
1413393967205760512.000000 -0.154126853 0.175886348 -1.496328831 0.287968904 -0.035209581 -0.110780068 -0.950558841
1413393967255760384.000000 -0.152197391 0.137457654 -1.461519361 -0.293103069 0.036360152 0.114569776 0.948494852
1413393967305760512.000000 -0.150173247 0.097121447 -1.430274606 -0.299894094 0.037851613 0.117516734 0.945949614
1413393967355760384.000000 -0.150088251 0.057909116 -1.400017381 -0.309375763 0.040072359 0.118064083 0.942730963
1413393967405760512.000000 -0.152440399 0.019173384 -1.371280551 0.320503563 -0.043598738 -0.119062521 -0.938722968
1413393967455760384.000000 -0.157939762 -0.012184888 -1.340096116 -0.332545608 0.048196580 0.122095235 0.933907509
1413393967505760512.000000 -0.164509937 -0.050035983 -1.312783003 -0.343943894 0.052181933 0.128215805 0.928730547
1413393967555760384.000000 -0.172054976 -0.087721691 -1.287333369 -0.357056588 0.053460743 0.132814303 0.923045516
1413393967605760512.000000 -0.180054247 -0.125434324 -1.263753653 -0.369648069 0.053852368 0.140022591 0.916980863
1413393967655760384.000000 -0.187586367 -0.161563352 -1.243062854 0.382704467 -0.053712718 -0.146760345 -0.910556793
1413393967705760512.000000 -0.191723704 -0.202248812 -1.242300749 0.395289838 -0.050707795 -0.150611147 -0.904704928
1413393967755760384.000000 -0.198530048 -0.238833368 -1.226168513 0.409485102 -0.048707999 -0.155416816 -0.897660911
1413393967805760512.000000 -0.204032004 -0.275929362 -1.213074207 0.423416197 -0.046495512 -0.159893975 -0.890500307
1413393967855760384.000000 -0.208169445 -0.313252032 -1.202578068 0.436150998 -0.042358018 -0.165062979 -0.883590579
1413393967905760512.000000 -0.208663240 -0.335992843 -1.184250593 -0.447439313 0.032975800 0.174516678 0.876501381
1413393967955760384.000000 -0.207307965 -0.371870577 -1.177758932 -0.454948902 0.020354645 0.184148356 0.871031940
1413393968005760512.000000 -0.202323809 -0.406502128 -1.172996402 -0.460386038 0.007388417 0.194118693 0.866203308
1413393968055760384.000000 -0.191057533 -0.435547322 -1.170112610 -0.466961026 -0.001518639 0.197464257 0.861947238
1413393968105760512.000000 -0.176822618 -0.464446306 -1.172136903 -0.472100466 -0.006444396 0.199290708 0.858698368
1413393968155760384.000000 -0.158182710 -0.491992980 -1.172596455 -0.476352155 -0.007192113 0.200714812 0.856008410
1413393968205760512.000000 -0.137618154 -0.517237127 -1.173148513 -0.478887767 -0.005380332 0.204601407 0.853683710
1413393968255760384.000000 -0.118241146 -0.540040851 -1.172974586 0.479271144 0.004455524 -0.210131779 -0.852129042
1413393968305760512.000000 -0.099274620 -0.561002314 -1.172598720 0.479629964 0.005817846 -0.213008597 -0.851204216
1413393968355760384.000000 -0.081584901 -0.579067826 -1.171753883 0.481945544 0.012082716 -0.208923027 -0.850843012
1413393968405760512.000000 -0.065090671 -0.594521284 -1.169872403 0.484866977 0.020574637 -0.200690836 -0.851001680
1413393968455760384.000000 -0.049921468 -0.607619643 -1.166582346 0.487592727 0.027256576 -0.192017227 -0.851257801
1413393968505760512.000000 -0.039430588 -0.615198612 -1.161610842 -0.490082502 -0.028581839 0.182025611 0.851979375
1413393968555760384.000000 -0.027111039 -0.624812603 -1.154226303 -0.492312968 -0.027848989 0.173493519 0.852497697
1413393968605760512.000000 -0.016863137 -0.632675231 -1.143805981 -0.494094223 -0.028823446 0.167815521 0.852571428
1413393968655760384.000000 -0.008989781 -0.639097691 -1.130815029 -0.495828092 -0.030131996 0.165744960 0.851924419
1413393968705760512.000000 -0.001000300 -0.645086944 -1.115048051 0.497640431 0.031408329 -0.167550027 -0.850467265
1413393968755760384.000000 0.004175887 -0.649893045 -1.097109079 0.499985099 0.031833947 -0.169967175 -0.848594606
1413393968805760512.000000 0.000417545 -0.653800786 -1.077440977 -0.504385769 -0.027567364 0.170656964 0.845997214
1413393968855760384.000000 0.001949891 -0.656057715 -1.054834485 -0.510780036 -0.019931627 0.170069724 0.842486143
1413393968905760512.000000 0.001848429 -0.657015562 -1.030422091 -0.518601060 -0.008740604 0.169856742 0.837929130
1413393968955760384.000000 -0.001542285 -0.657387614 -1.004119635 -0.526258647 0.004392299 0.173815295 0.832358599
1413393969005760512.000000 -0.004553080 -0.658709168 -0.976943016 -0.534174979 0.017103609 0.180039078 0.825802982
1413393969055760384.000000 -0.011900589 -0.659484982 -0.948551416 -0.543440580 0.027797857 0.185369372 0.818252921
1413393969105760512.000000 -0.020218641 -0.661106527 -0.920308530 -0.553925216 0.036333065 0.189131513 0.809985280
1413393969155760384.000000 -0.029710039 -0.663190544 -0.892571986 -0.566315830 0.040564664 0.189734429 0.801025450
1413393969205760512.000000 -0.038505852 -0.674095273 -0.868096054 -0.579017699 0.041769039 0.190765098 0.791582406
1413393969255760384.000000 -0.047155157 -0.677984178 -0.842619479 -0.591860294 0.042172030 0.192286015 0.781632304
1413393969305760512.000000 -0.055913657 -0.682487130 -0.817534387 -0.603678882 0.040202819 0.197493941 0.771331131
1413393969355760384.000000 -0.064252093 -0.687855124 -0.793501318 0.614440799 -0.039711792 -0.204038426 -0.761087298
1413393969405760512.000000 -0.071795404 -0.696542144 -0.770593345 -0.623751640 0.041410040 0.213231146 0.750834048
1413393969455760384.000000 -0.078469366 -0.703884721 -0.747777760 -0.631364703 0.047044646 0.224452838 0.740801275
1413393969505760512.000000 -0.085091248 -0.712005854 -0.726092637 -0.637144804 0.056495793 0.238104865 0.730863094
1413393969555760384.000000 -0.091503054 -0.720656872 -0.706567228 0.643875480 -0.063603014 -0.249003753 -0.720677614
1413393969605760512.000000 -0.096148878 -0.744511545 -0.692211092 -0.649472356 0.066618651 0.261222333 0.710992634
1413393969655760384.000000 -0.102596670 -0.753770351 -0.678363621 -0.656319320 0.067789249 0.270914733 0.700895786
1413393969705760512.000000 -0.107069507 -0.762139797 -0.668915272 -0.662800252 0.066888630 0.279102266 0.691609442
1413393969755760384.000000 -0.110129327 -0.770700634 -0.663233578 -0.667802930 0.065674745 0.287015587 0.683628678
1413393969805760512.000000 -0.106847987 -0.780486763 -0.661639094 0.672214925 -0.064998776 -0.294223726 -0.676265240
1413393969855760384.000000 -0.103268012 -0.788284123 -0.666773975 0.676007628 -0.065048307 -0.298616558 -0.670530081
1413393969905760512.000000 -0.096872509 -0.795593083 -0.677319527 0.680080593 -0.064400636 -0.299765050 -0.665945888
1413393969955760384.000000 -0.087117255 -0.803453386 -0.693564475 0.685587287 -0.061023340 -0.295867801 -0.662350774
1413393970005760512.000000 -0.074548274 -0.811917424 -0.713215053 0.690906584 -0.051316205 -0.290336311 -0.660090625
1413393970055760384.000000 -0.058044881 -0.825567484 -0.739787757 0.697335541 -0.036739219 -0.279338360 -0.659047365
1413393970105760512.000000 -0.043786407 -0.831942201 -0.766197205 0.702756763 -0.019944718 -0.269504935 -0.658105075
1413393970155760384.000000 -0.030911088 -0.837596357 -0.792500675 0.706426859 -0.005719148 -0.262551665 -0.657263279
1413393970205760512.000000 -0.020236880 -0.842737377 -0.817672551 0.708163917 0.004814854 -0.258897871 -0.656850576
1413393970255760384.000000 -0.007450193 -0.853873134 -0.842183173 -0.708877683 -0.011180916 0.256622165 0.656896174
1413393970305760512.000000 -0.001508176 -0.857762218 -0.863501132 -0.709195673 -0.014660001 0.255235165 0.657024920
1413393970355760384.000000 0.002422690 -0.860116124 -0.882844090 -0.708817363 -0.016751869 0.255227715 0.657385886
1413393970405760512.000000 0.006092638 -0.861239731 -0.900681555 -0.708456814 -0.018443061 0.254630595 0.657960534
1413393970455760384.000000 0.010551423 -0.863255858 -0.917591631 0.708443701 0.018857891 -0.252556115 -0.658762038
1413393970505760512.000000 0.016190380 -0.861576915 -0.933587551 0.709765851 0.015585757 -0.247188836 -0.659459770
1413393970555760384.000000 0.020826697 -0.858671308 -0.950254440 -0.710874140 -0.009907166 0.241417438 0.660513043
1413393970605760512.000000 0.027975157 -0.854631782 -0.963846087 -0.712363362 -0.006769379 0.234837607 0.661319792
1413393970655760384.000000 0.035240620 -0.849824429 -0.976005733 -0.714875281 -0.004599929 0.225902781 0.661740303
1413393970705760512.000000 0.040169075 -0.844512522 -0.985952556 -0.717832804 -0.005193557 0.216123521 0.661800444
1413393970755760384.000000 0.041005999 -0.838953257 -0.992333770 0.721481204 0.011430419 -0.205131009 -0.661252975
1413393970805760512.000000 0.040138960 -0.834264159 -0.995791972 0.724897981 0.022213470 -0.194357246 -0.660495877
1413393970855760384.000000 0.042254969 -0.820710063 -0.995582998 -0.727892220 -0.033731051 0.186197102 0.659064353
1413393970905760512.000000 0.038957477 -0.816575885 -0.990314066 -0.730102360 -0.042735521 0.179317057 0.658004344
1413393970955760384.000000 0.037677571 -0.811741114 -0.980492175 -0.731427431 -0.046702348 0.174967170 0.657433927
1413393971005760512.000000 0.038987830 -0.805933595 -0.965781987 -0.731670201 -0.044767935 0.173788801 0.657610893
1413393971055760384.000000 0.036124691 -0.804624796 -0.946350574 0.730492771 0.034795150 -0.176333606 -0.658844531
1413393971105760512.000000 0.044088885 -0.799238682 -0.923017502 0.728618026 0.019540412 -0.178975672 -0.660834134
1413393971155760384.000000 0.055914328 -0.795609474 -0.896976888 0.728132963 0.002946776 -0.175438344 -0.662597299
1413393971205760512.000000 0.075154312 -0.781565309 -0.868097305 -0.727911949 0.014691896 0.170891002 0.663870931
1413393971255760384.000000 0.095884524 -0.782379270 -0.837894261 -0.728029966 0.031135472 0.163236156 0.665099263
1413393971305760512.000000 0.119553924 -0.786965907 -0.805837035 -0.728579164 0.046298817 0.153143555 0.666014910
1413393971355760384.000000 0.142613649 -0.795464396 -0.771099627 -0.729278326 0.058496907 0.143357053 0.666468322
1413393971405760512.000000 0.161476642 -0.804423451 -0.732563674 -0.729553580 0.067136370 0.136943132 0.666701555
1413393971455760384.000000 0.178443581 -0.821819186 -0.691288233 -0.727450371 0.071174197 0.139788345 0.667989194
1413393971505760512.000000 0.191485628 -0.843647301 -0.646912873 -0.723311305 0.070280232 0.151895806 0.669932246
1413393971555760384.000000 0.202132180 -0.869154811 -0.600092113 0.717298210 -0.067730591 -0.171527177 -0.671918452
1413393971605760512.000000 0.204594240 -0.888604760 -0.553808749 -0.708951294 0.071030498 0.196869284 0.673487484
1413393971655760384.000000 0.214809030 -0.921920538 -0.506182849 -0.699651420 0.078385592 0.222994715 0.674252868
1413393971705760512.000000 0.226436093 -0.958039165 -0.460836887 -0.691372156 0.090671234 0.245993212 0.673253834
1413393971755760384.000000 0.237920895 -0.995942593 -0.419554114 0.683197796 -0.105687708 -0.267972410 -0.671015441
1413393971805760512.000000 0.244196162 -1.029361248 -0.383040190 0.676778734 -0.117933877 -0.286146522 -0.667968810
1413393971855760384.000000 0.256775618 -1.071371436 -0.352153301 0.672496021 -0.125644997 -0.299850106 -0.664870203
1413393971905760512.000000 0.269602031 -1.114782810 -0.328472137 0.672293603 -0.125463873 -0.305422306 -0.662568867
1413393971955760384.000000 0.282400787 -1.159250617 -0.311684608 0.675449133 -0.117265597 -0.305125386 -0.660996079
1413393972005760512.000000 0.295037031 -1.203291416 -0.300336957 0.680227280 -0.107019469 -0.301926702 -0.659301162
1413393972055760384.000000 0.307347745 -1.248588085 -0.295143843 0.685426116 -0.094225511 -0.296768069 -0.658210754
1413393972105760512.000000 0.317279100 -1.294183969 -0.293297648 0.688358665 -0.084865868 -0.296079427 -0.656732261
1413393972155760384.000000 0.309687674 -1.330538511 -0.292277932 0.688214600 -0.076837204 -0.301720649 -0.655302584
1413393972205760512.000000 0.308105886 -1.375827551 -0.292407393 0.686676085 -0.067882232 -0.309499800 -0.654276609
1413393972255760384.000000 0.301834792 -1.419668913 -0.293762684 0.686151922 -0.057609025 -0.313996792 -0.653668761
1413393972305760512.000000 0.292683542 -1.461455107 -0.298147440 0.691041112 -0.044427358 -0.305821836 -0.653422832
1413393972355760384.000000 0.283291757 -1.501803160 -0.305037618 0.697875798 -0.032448124 -0.290615857 -0.653803527
1413393972405760512.000000 0.273655921 -1.541349173 -0.313408375 0.703412056 -0.021264507 -0.277062267 -0.654213905
1413393972455760384.000000 0.259621352 -1.572243333 -0.328157663 -0.707882643 0.012180249 0.264411807 0.654858947
1413393972505760512.000000 0.249676168 -1.609637260 -0.336996436 -0.709865510 -0.000121121 0.257649601 0.655520976
1413393972555760384.000000 0.239653915 -1.645383120 -0.345124245 -0.709545791 -0.013628698 0.257830173 0.655654371
1413393972605760512.000000 0.231133014 -1.678788543 -0.352562547 -0.708985090 -0.023583151 0.259051770 0.655496895
1413393972655760384.000000 0.223272771 -1.712044954 -0.359130502 0.708936393 0.028381918 -0.259826958 -0.655052483
1413393972705760512.000000 0.216452777 -1.734635472 -0.362407088 -0.709496439 -0.030960122 0.259411871 0.654493570
1413393972755760384.000000 0.209245205 -1.761643529 -0.365609169 -0.710304141 -0.032093860 0.258877575 0.653774023
1413393972805760512.000000 0.202502191 -1.786147118 -0.367213845 -0.711999893 -0.031042978 0.256430060 0.652944326
1413393972855760384.000000 0.194698453 -1.807994723 -0.366825461 0.714041948 0.029609973 -0.254086912 -0.651695669
1413393972905760512.000000 0.187481463 -1.827962160 -0.364827037 0.715980053 0.029682772 -0.251385242 -0.650612772
1413393972955760384.000000 0.180877566 -1.845228910 -0.361257792 0.718578637 0.029966792 -0.248077229 -0.649002671
1413393973005760512.000000 0.175423801 -1.859991312 -0.355945230 0.721035779 0.031520650 -0.244041517 -0.647732735
1413393973055760384.000000 0.171450973 -1.872893572 -0.348472834 0.723510206 0.029612301 -0.238520995 -0.647119761
1413393973105760512.000000 0.168103695 -1.884193420 -0.338466883 0.725967646 0.025461296 -0.232718647 -0.646656632
1413393973155760384.000000 0.166213721 -1.893839717 -0.326459646 0.728228867 0.019464236 -0.225974619 -0.646714270
1413393973205760512.000000 0.172122478 -1.890389919 -0.313670397 -0.730418444 -0.012921293 0.218579680 0.646950483
1413393973255760384.000000 0.172227174 -1.899586678 -0.297085762 -0.732895315 -0.003999409 0.209039554 0.647418737
1413393973305760512.000000 0.173227549 -1.909174919 -0.277601242 -0.735298634 0.006733032 0.198576093 0.647964597
1413393973355760384.000000 0.174855798 -1.919934273 -0.255956411 -0.737091780 0.016655929 0.189147562 0.648568809
1413393973405760512.000000 0.177666843 -1.930820584 -0.230024815 0.738577604 -0.027037827 -0.179879069 -0.649165392
1413393973455760384.000000 0.180604041 -1.942516565 -0.207232475 -0.739467919 0.035363406 0.171196744 0.650098681
1413393973505760512.000000 0.185696781 -1.959483624 -0.177874088 -0.740773320 0.043187365 0.161680460 0.650576055
1413393973555760384.000000 0.190486118 -1.980328202 -0.145799160 -0.741041124 0.049302243 0.156259283 0.651160836
1413393973605760512.000000 0.195621401 -2.003992558 -0.111231565 0.740247130 -0.054722350 -0.154460609 -0.652059555
1413393973655760384.000000 0.200606033 -2.035277843 -0.079211712 -0.737215877 0.062655605 0.159502402 0.653564215
1413393973705760512.000000 0.206517428 -2.068068504 -0.040017366 -0.731154680 0.070642084 0.174415916 0.655745149
1413393973755760384.000000 0.212356001 -2.105132341 0.000614405 -0.722477794 0.077932149 0.196365178 0.658326089
1413393973805760512.000000 0.218939126 -2.145432472 0.040641308 0.712451935 -0.084957711 -0.221228480 -0.660494149
1413393973855760384.000000 0.225072563 -2.190671206 0.073248386 0.700008094 -0.093837433 -0.251562625 -0.661739826
1413393973905760512.000000 0.231012762 -2.236865759 0.109343052 0.686567903 -0.103219666 -0.281626612 -0.662311673
1413393973955760384.000000 0.236118078 -2.284683943 0.140712023 0.673633575 -0.106126763 -0.310760736 -0.662104845
1413393974005760512.000000 0.238843679 -2.334319353 0.165581703 0.661152899 -0.095878780 -0.338624835 -0.662583947
1413393974055760384.000000 0.243386745 -2.382598400 0.178763151 0.650155067 -0.078584604 -0.364823997 -0.661835551
1413393974105760512.000000 0.244008422 -2.430887461 0.189774990 0.639512718 -0.055739280 -0.388754159 -0.660898507
1413393974155760384.000000 0.243916988 -2.475024700 0.192189693 0.630834281 -0.030043170 -0.408038437 -0.659280002
1413393974205760512.000000 0.243922353 -2.514154434 0.185006380 0.626463175 0.001495907 -0.416649610 -0.658744931
1413393974255760384.000000 0.245128274 -2.544302702 0.169425011 0.626751900 0.036221541 -0.413942218 -0.659182847
1413393974305760512.000000 0.250665069 -2.560478210 0.140902758 0.629626989 0.067941509 -0.405238628 -0.659344792
1413393974355760384.000000 0.254946113 -2.569934368 0.113504648 0.632246733 0.094963081 -0.395425647 -0.659457922
1413393974405760512.000000 0.259868264 -2.567820072 0.083176374 0.635500371 0.117980585 -0.383858144 -0.659448862
1413393974455760384.000000 0.265357137 -2.552870035 0.049901962 0.640114665 0.137369514 -0.367417276 -0.660596251
1413393974505760512.000000 0.274779797 -2.526961803 0.017359257 0.645793557 0.152102247 -0.346693963 -0.663037658
1413393974555760384.000000 0.286955178 -2.489773035 -0.013845921 0.652668357 0.160967603 -0.322720230 -0.666307092
1413393974605760512.000000 0.302139521 -2.442009926 -0.042257309 0.660199106 0.161510587 -0.298518240 -0.670028627
1413393974655760384.000000 0.324881434 -2.379984856 -0.068587542 -0.668001771 -0.154792160 0.273451179 0.674564719
1413393974705760512.000000 0.344863892 -2.316235781 -0.087918282 -0.676639378 -0.141988158 0.247298837 0.678853333
1413393974755760384.000000 0.366357118 -2.247375965 -0.102191687 -0.684012771 -0.125929013 0.224934042 0.682402492
1413393974805760512.000000 0.388561338 -2.172661304 -0.111823082 0.690286219 0.109731309 -0.205283672 -0.685071290
1413393974855760384.000000 0.410443187 -2.094961166 -0.113941431 -0.694661200 -0.087840244 0.193739638 0.687164426
1413393974905760512.000000 0.428887874 -2.018465757 -0.110749006 -0.697012067 -0.063849278 0.189295977 0.688668728
1413393974955760384.000000 0.445217252 -1.941394925 -0.102634549 -0.699039280 -0.041517340 0.186141148 0.689182103
1413393975005760512.000000 0.460103214 -1.865358472 -0.089637995 0.700209260 0.020087957 -0.185063720 -0.689242363
1413393975055760384.000000 0.470150739 -1.788475513 -0.072494030 -0.700264215 -0.001751375 0.187086001 0.688930929
1413393975105760512.000000 0.478786588 -1.714925885 -0.052132607 -0.699988782 0.013375131 0.189819083 0.688335299
1413393975155760384.000000 0.485215247 -1.643436790 -0.029148459 -0.698512733 0.026183972 0.195650101 0.687833846
1413393975205760512.000000 0.490560651 -1.573423982 -0.004911423 0.697174132 -0.032922249 -0.201750129 -0.687139928
1413393975255760384.000000 0.489004374 -1.500927687 0.017775893 -0.695386887 0.037573326 0.207546070 0.686986148
1413393975305760512.000000 0.495586097 -1.436248183 0.043373108 -0.694068432 0.039019339 0.212433606 0.686744928
1413393975355760384.000000 0.505267084 -1.373720407 0.068300009 -0.695232093 0.038747985 0.209777310 0.686399698
1413393975405760512.000000 0.510317624 -1.310460091 0.094532847 -0.697077751 0.038758475 0.204607621 0.686087608
1413393975455760384.000000 0.522267938 -1.253588438 0.119793653 -0.699377835 0.036950316 0.196718097 0.686154068
1413393975505760512.000000 0.535241842 -1.199395180 0.145912528 -0.701382458 0.036941640 0.189508483 0.686137497
1413393975555760384.000000 0.548441172 -1.148851633 0.174247026 0.703373373 -0.036593217 -0.182939425 -0.685900927
1413393975605760512.000000 0.559253454 -1.096714258 0.203033924 -0.704478204 0.037456747 0.178551406 0.685876727
1413393975655760384.000000 0.574012935 -1.053115487 0.233655751 -0.704498947 0.039535180 0.177344635 0.686051846
1413393975705760512.000000 0.588512063 -1.013134718 0.265945077 -0.702694595 0.044712525 0.182765022 0.686161876
1413393975755760384.000000 0.602264166 -0.976733446 0.300464511 0.700511158 -0.050798904 -0.190840527 -0.685772181
1413393975805760512.000000 0.615213513 -0.940732598 0.333417475 -0.698767185 0.056356791 0.199052125 0.684782207
1413393975855760384.000000 0.630794883 -0.910832345 0.367817461 -0.697478890 0.064489782 0.206261083 0.683242738
1413393975905760512.000000 0.646361530 -0.884197593 0.401873797 -0.696408808 0.072458088 0.213907495 0.681181490
1413393975955760384.000000 0.658520579 -0.855163455 0.432400733 -0.696479142 0.073702626 0.219180867 0.679297090
1413393976005760512.000000 0.673006594 -0.833519936 0.464273393 -0.697175264 0.070334524 0.224464670 0.677211523
1413393976055760384.000000 0.684789956 -0.814257741 0.495999873 -0.698722839 0.063022293 0.227967411 0.675163269
1413393976105760512.000000 0.692378879 -0.795524001 0.525870681 -0.700370431 0.055879243 0.231086567 0.673021495
1413393976155760384.000000 0.699601173 -0.779638469 0.557394445 -0.701753676 0.051731072 0.233624071 0.671033204
1413393976205760512.000000 0.703921795 -0.765375793 0.589555025 -0.702277839 0.049741503 0.237927288 0.669120550
1413393976255760384.000000 0.704855084 -0.751331389 0.620375574 -0.702192962 0.051512323 0.242091060 0.667580307
1413393976305760512.000000 0.705237269 -0.738957465 0.652330637 -0.701968014 0.055984516 0.245596811 0.666174889
1413393976355760384.000000 0.705635786 -0.727834344 0.682908058 -0.702052832 0.063276879 0.246813700 0.664981842
1413393976405760512.000000 0.702844024 -0.722557068 0.709625840 0.701609433 -0.070200704 -0.246233284 -0.664970100
1413393976455760384.000000 0.706624150 -0.714871228 0.735721529 0.699352622 -0.075417034 -0.246744707 -0.666584790
1413393976505760512.000000 0.711906612 -0.709809303 0.759402275 0.694999039 -0.076230727 -0.249466315 -0.670023799
1413393976555760384.000000 0.717026591 -0.705824971 0.778517187 0.690015018 -0.074312471 -0.250856340 -0.674854100
1413393976605760512.000000 0.723503649 -0.703100562 0.796666801 0.684941292 -0.070917256 -0.252720296 -0.679675460
1413393976655760384.000000 0.727771640 -0.701572776 0.813293219 0.680037081 -0.068048082 -0.254251689 -0.684306324
1413393976705760512.000000 0.728173375 -0.700591683 0.828471184 0.674672782 -0.069568276 -0.256355077 -0.688664615
1413393976755760384.000000 0.720847249 -0.709118843 0.844240546 -0.669681489 0.070826225 0.258190572 0.692710698
1413393976805760512.000000 0.716068864 -0.709092140 0.856919169 -0.664859712 0.070266336 0.261740535 0.696071923
1413393976855760384.000000 0.708964705 -0.709492326 0.867433965 -0.660447121 0.064546570 0.266376257 0.699061632
1413393976905760512.000000 0.695668459 -0.715479732 0.877033174 -0.656268895 0.053509653 0.271493375 0.701953888
1413393976955760384.000000 0.687906861 -0.716405272 0.881697595 -0.653367102 0.042505655 0.275327802 0.703917146
1413393977005760512.000000 0.680435658 -0.717504740 0.883608758 -0.652302265 0.028497567 0.275465310 0.705555499
1413393977055760384.000000 0.673601031 -0.717326164 0.882387340 0.653436363 -0.016238980 -0.271198064 -0.706547141
1413393977105760512.000000 0.668479323 -0.714773178 0.879682660 0.655512571 -0.006183810 -0.265263498 -0.707036316
1413393977155760384.000000 0.667297482 -0.709474325 0.875118494 0.657844484 -0.001667194 -0.257986337 -0.707588077
1413393977205760512.000000 0.669969141 -0.701827526 0.869158983 0.660861731 0.000992332 -0.250061750 -0.707622766
1413393977255760384.000000 0.676158786 -0.692601085 0.862535596 0.663381219 0.000537158 -0.243346691 -0.707606912
1413393977305760512.000000 0.684715390 -0.682503939 0.856020510 0.665655136 -0.001073409 -0.237150148 -0.707574725
1413393977355760384.000000 0.695095658 -0.673328638 0.849532068 0.667814314 -0.002240059 -0.232794061 -0.706983685
1413393977405760512.000000 0.702862918 -0.681752324 0.846790254 -0.670515120 0.003542094 0.227312803 0.706205308
1413393977455760384.000000 0.718492866 -0.670607924 0.840016961 -0.671997666 0.004237038 0.225559741 0.705353856
1413393977505760512.000000 0.733396351 -0.661058426 0.834978998 -0.674052298 0.002110390 0.222934932 0.704236507
1413393977555760384.000000 0.755503535 -0.645996809 0.829873145 0.675649583 -0.000842112 -0.222302839 -0.702907145
1413393977605760512.000000 0.770963013 -0.638388157 0.827577829 -0.676919103 -0.000212926 0.222268388 0.701695979
1413393977655760384.000000 0.784608245 -0.626017451 0.827121794 -0.678074300 -0.000939789 0.222448274 0.700522065
1413393977705760512.000000 0.795301437 -0.613058805 0.828880191 -0.679436445 -0.001686663 0.222429797 0.699205577
1413393977755760384.000000 0.808198154 -0.605297089 0.831373096 -0.680455327 -0.001821465 0.223611429 0.697836101
1413393977805760512.000000 0.815422654 -0.591336250 0.837436020 -0.681687891 -0.001112730 0.224198774 0.696444750
1413393977855760384.000000 0.822126508 -0.577187657 0.845077217 -0.683042288 -0.001192745 0.224126831 0.695139587
1413393977905760512.000000 0.828735352 -0.564486027 0.854309142 0.684393287 0.000583745 -0.224320740 -0.693747640
1413393977955760384.000000 0.836480856 -0.550678372 0.864469349 0.685653090 0.000022184 -0.225394949 -0.692153871
1413393978005760512.000000 0.849840939 -0.539687991 0.874147892 -0.686592758 0.000876439 0.227526188 0.690522671
1413393978055760384.000000 0.859325469 -0.525596023 0.886217475 -0.687532842 0.002474570 0.230535448 0.688582540
1413393978105760512.000000 0.869608998 -0.511333346 0.899165392 -0.688226640 0.004571198 0.234016016 0.686702132
1413393978155760384.000000 0.892884493 -0.485914350 0.903190017 -0.688188612 0.007226303 0.238394305 0.685209811
1413393978205760512.000000 0.904172838 -0.471382141 0.917463899 -0.689101636 0.011060745 0.241369456 0.683196545
1413393978255760384.000000 0.915744543 -0.456724763 0.931653321 -0.690932453 0.015539236 0.244091272 0.680287004
1413393978305760512.000000 0.930787325 -0.442372441 0.945091724 -0.693608344 0.019765181 0.246619657 0.676532030
1413393978355760384.000000 0.942767024 -0.427873373 0.958429337 -0.697534502 0.026589535 0.248831719 0.671432376
1413393978405760512.000000 0.954709351 -0.413629413 0.970984578 -0.702204287 0.031589702 0.251030952 0.665503442
1413393978455760384.000000 0.971510053 -0.397079587 0.982086360 0.708155811 -0.038357433 -0.253109455 -0.658011913
1413393978505760512.000000 0.983415186 -0.384369969 0.992574871 0.714737952 -0.044125926 -0.255486161 -0.649560988
1413393978555760384.000000 0.995497763 -0.372726202 1.001576781 0.722721577 -0.049163699 -0.256255478 -0.639991879
1413393978605760512.000000 1.015413404 -0.357648730 1.007968068 0.730715036 -0.050649878 -0.260400057 -0.629032552
1413393978655760384.000000 1.026228428 -0.349239111 1.014649272 0.739038169 -0.051923223 -0.264186978 -0.617520750
1413393978705760512.000000 1.036292195 -0.342007399 1.020363331 0.747160792 -0.051276062 -0.269435734 -0.605413854
1413393978755760384.000000 1.047071457 -0.334903598 1.025122166 0.755224884 -0.049891405 -0.276131958 -0.592365921
1413393978805760512.000000 1.061585784 -0.325336337 1.025992990 0.762564003 -0.048921987 -0.282356769 -0.579980612
1413393978855760384.000000 1.071953297 -0.320902467 1.028294921 0.770454466 -0.049638793 -0.287937671 -0.566593230
1413393978905760512.000000 1.082554102 -0.317254066 1.029149413 0.778757989 -0.050531089 -0.291702718 -0.553075194
1413393978955760384.000000 1.093617916 -0.312274098 1.028541803 0.786747634 -0.052509513 -0.295590967 -0.539348662
1413393979005760512.000000 1.103635430 -0.309596419 1.026662350 0.794104099 -0.055714298 -0.300399035 -0.525409460
1413393979055760384.000000 1.113001108 -0.308046937 1.023160696 0.801635802 -0.058556840 -0.304494053 -0.511111081
1413393979105760512.000000 1.121794224 -0.307720661 1.017867208 0.809166908 -0.062033720 -0.308306187 -0.496334642
1413393979155760384.000000 1.132716179 -0.303030968 1.003790379 0.817279160 -0.062974833 -0.311845213 -0.480459809
1413393979205760512.000000 1.138843060 -0.305703640 0.995444775 0.825814247 -0.062815025 -0.313865572 -0.464299023
1413393979255760384.000000 1.142195821 -0.309479237 0.986507475 0.833833694 -0.063074119 -0.315957874 -0.448234051
1413393979305760512.000000 1.141986966 -0.314812899 0.977427065 0.841604471 -0.064441316 -0.318068117 -0.431719840
1413393979355760384.000000 1.137932420 -0.318826795 0.967471659 0.848847330 -0.067274019 -0.320234746 -0.415189385
1413393979405760512.000000 1.130741835 -0.327055454 0.958154976 0.855393112 -0.070823833 -0.323169023 -0.398557931
1413393979455760384.000000 1.120264530 -0.337496042 0.948773921 0.861775219 -0.074601971 -0.325474858 -0.381895572
1413393979505760512.000000 1.107038260 -0.345000863 0.932570517 0.867284596 -0.079541788 -0.328564912 -0.365425259
1413393979555760384.000000 1.091499209 -0.359469771 0.921877146 0.872714996 -0.083834432 -0.331326216 -0.348659128
1413393979605760512.000000 1.073565245 -0.375678778 0.909418583 0.878124893 -0.086197421 -0.333861619 -0.331667364
1413393979655760384.000000 1.052583814 -0.395721912 0.893045306 0.883855462 -0.085594453 -0.335336715 -0.314678490
1413393979705760512.000000 1.033128262 -0.417843878 0.876501560 0.889949441 -0.083674185 -0.335427076 -0.297451347
1413393979755760384.000000 1.014590383 -0.435306430 0.862814665 0.895451128 -0.080479085 -0.335964203 -0.280746341
1413393979805760512.000000 0.997002661 -0.462604910 0.842462778 0.901153743 -0.074029498 -0.335525066 -0.264318973
1413393979855760384.000000 0.980336666 -0.492231369 0.820571423 0.905880928 -0.066724747 -0.336915761 -0.247821331
1413393979905760512.000000 0.964663625 -0.523831725 0.797205091 0.909835517 -0.060410894 -0.338998973 -0.231580719
1413393979955760384.000000 0.949196100 -0.550993621 0.776804566 0.913165569 -0.054612409 -0.341866791 -0.215112388
1413393980005760512.000000 0.934821904 -0.585316777 0.751461267 0.915911257 -0.050223179 -0.345076650 -0.198762283
1413393980055760384.000000 0.920192897 -0.620763540 0.725561619 0.917621195 -0.043005165 -0.350383759 -0.182628706
1413393980105760512.000000 0.904473722 -0.652304351 0.701126695 0.918720484 -0.034094248 -0.356349438 -0.166749716
1413393980155760384.000000 0.890057087 -0.688163459 0.673249960 0.919509530 -0.022802487 -0.361901015 -0.151690811
1413393980205760512.000000 0.875259280 -0.723191500 0.644329309 0.919092536 -0.011721614 -0.368987083 -0.137768731
1413393980255760384.000000 0.859587848 -0.755807579 0.614372611 0.918522894 -0.002087303 -0.374767512 -0.125939235
1413393980305760512.000000 0.843592525 -0.784106731 0.583835602 0.917725086 0.005425457 -0.379682809 -0.116585709
1413393980355760384.000000 0.828029215 -0.813658476 0.550545812 0.917255938 0.010678588 -0.382876724 -0.109238118
1413393980405760512.000000 0.812149942 -0.840774894 0.514805436 0.917889416 0.014843469 -0.382717818 -0.103854798
1413393980455760384.000000 0.796124220 -0.864988327 0.477534056 0.919316471 0.016495988 -0.380312860 -0.099736296
1413393980505760512.000000 0.779719532 -0.886831522 0.438233376 0.922244847 0.017678468 -0.373823136 -0.096995622
1413393980555760384.000000 0.762568474 -0.903275013 0.398132443 0.926165998 0.017140565 -0.364459932 -0.095351189
1413393980605760512.000000 0.745846629 -0.920537889 0.356182098 0.930482805 0.017393082 -0.353548318 -0.094355710
1413393980655760384.000000 0.728851914 -0.935384035 0.313405037 0.933790863 0.017989080 -0.344785154 -0.093991034
1413393980705760512.000000 0.711611867 -0.947776854 0.271605492 0.935853243 0.017473696 -0.339184284 -0.093955167
1413393980755760384.000000 0.692136168 -0.957703054 0.224225819 0.935931265 0.017818695 -0.338845521 -0.094333857
1413393980805760512.000000 0.675521970 -0.965917289 0.182138741 0.934309065 0.015957473 -0.343299091 -0.094645478
1413393980855760384.000000 0.659249306 -0.972201407 0.140606642 0.931924403 0.012676753 -0.349774152 -0.094943836
1413393980905760512.000000 0.642976642 -0.974723279 0.099993289 0.928395510 0.008573554 -0.359144360 -0.094993182
1413393980955760384.000000 0.627564669 -0.976742566 0.057648122 0.925649762 0.002029011 -0.366205156 -0.095195949
1413393981005760512.000000 0.612407684 -0.977639019 0.013901889 0.923339665 -0.006284304 -0.371993273 -0.095002390
1413393981055760384.000000 0.598169386 -0.977544606 -0.032062292 0.922288239 -0.014431769 -0.374326527 -0.095162019
1413393981105760512.000000 0.581438422 -0.981201470 -0.091433704 0.922112048 -0.022817181 -0.374279082 -0.095414616
1413393981155760384.000000 0.570815802 -0.981186926 -0.142605960 0.923460007 -0.029411642 -0.370542735 -0.095156252
1413393981205760512.000000 0.562856555 -0.981640100 -0.196497947 0.925183892 -0.035529282 -0.365687162 -0.095107451
1413393981255760384.000000 0.557820916 -0.983045340 -0.253373355 0.925980687 -0.039518710 -0.363124222 -0.095597424
1413393981305760512.000000 0.553375483 -0.984087467 -0.314821959 0.925756752 -0.041348767 -0.363186985 -0.096747190
1413393981355760384.000000 0.551019847 -0.987239718 -0.376104951 0.924910605 -0.043231614 -0.364886940 -0.097616583
1413393981405760512.000000 0.548471212 -0.991556525 -0.438249737 0.923952281 -0.041863676 -0.367093712 -0.099004544
1413393981455760384.000000 0.544798493 -0.997218609 -0.500725091 0.923525631 -0.036489666 -0.368371814 -0.100355200
1413393981505760512.000000 0.539015532 -1.003761172 -0.563582659 0.923658311 -0.029376835 -0.368255883 -0.101882406
1413393981555760384.000000 0.530138433 -1.010695934 -0.626329660 0.924036801 -0.020686250 -0.367404908 -0.103642523
1413393981605760512.000000 0.510191917 -1.018481016 -0.699381709 0.924210072 -0.014639094 -0.366551399 -0.106120624
1413393981655760384.000000 0.494145036 -1.024171352 -0.761893511 0.924147546 -0.009588123 -0.366446525 -0.107593283
1413393981705760512.000000 0.475093722 -1.028875113 -0.824783802 0.924109757 -0.005387156 -0.366164953 -0.109157786
1413393981755760384.000000 0.452988982 -1.032358408 -0.888339698 0.924392462 -0.000575766 -0.365091264 -0.110484160
1413393981805760512.000000 0.431911528 -1.037177444 -0.950099587 0.925336778 0.003370117 -0.362190783 -0.112064227
1413393981855760384.000000 0.405957460 -1.038275599 -1.012803316 0.926054418 0.008146500 -0.359154016 -0.115608670
1413393981905760512.000000 0.377710074 -1.037154794 -1.075484753 0.926869392 0.012401460 -0.355131269 -0.121000551
1413393981955760384.000000 0.348799646 -1.033604860 -1.138720393 0.927681267 0.015911715 -0.350246161 -0.128382340
1413393982005760512.000000 0.320181221 -1.027708411 -1.201655149 0.928285420 0.017659845 -0.345049590 -0.137532115
1413393982055760384.000000 0.291782200 -1.019459844 -1.264175773 0.927893519 0.018790828 -0.341566324 -0.148300663
1413393982105760512.000000 0.243271649 -1.002572775 -1.341842890 0.927395880 0.019530661 -0.336800665 -0.161619574
1413393982155760384.000000 0.216129422 -0.989162683 -1.404487014 0.926400483 0.019152895 -0.332160562 -0.176308990
1413393982205760512.000000 0.189385533 -0.973298907 -1.466473103 0.924246013 0.017917842 -0.329073370 -0.192766860
1413393982255760384.000000 0.163953483 -0.954689384 -1.528299928 0.921504378 0.015929000 -0.325427651 -0.211359560
1413393982305760512.000000 0.136979580 -0.933306932 -1.594823956 0.917917132 0.014570723 -0.322042525 -0.231310576
1413393982355760384.000000 0.113757730 -0.910996556 -1.653490067 0.912493050 0.013558740 -0.321412563 -0.252718329
1413393982405760512.000000 0.091822833 -0.887124062 -1.710903525 0.906078577 0.013702347 -0.320950180 -0.275363296
1413393982455760384.000000 0.069004774 -0.861583233 -1.767629266 0.898793638 0.014115206 -0.319989979 -0.299294591
1413393982505760512.000000 0.047532231 -0.834219694 -1.827180147 0.890491366 0.014857361 -0.318807274 -0.324293524
1413393982555760384.000000 0.027499884 -0.805876970 -1.880126715 0.881430209 0.014997964 -0.316641480 -0.350134581
1413393982605760512.000000 0.008290857 -0.775585175 -1.932142258 0.871611536 0.016005957 -0.312959611 -0.376952767
1413393982655760384.000000 -0.010985523 -0.743294954 -1.983389616 0.860937297 0.017602989 -0.307761818 -0.404672563
1413393982705760512.000000 -0.029460669 -0.708503485 -2.040505886 0.849513948 0.020423833 -0.301451087 -0.432476848
1413393982755760384.000000 -0.047894433 -0.673078775 -2.088805437 0.837124884 0.023492338 -0.293607444 -0.460939020
1413393982805760512.000000 -0.065536886 -0.636003494 -2.135704994 0.824255347 0.027036222 -0.284320891 -0.488910973
1413393982855760384.000000 -0.082436725 -0.597351551 -2.180987597 0.810687959 0.030036891 -0.273997843 -0.516534567
1413393982905760512.000000 -0.094863236 -0.556854725 -2.228280544 0.795548856 0.033415958 -0.263836414 -0.544404089
1413393982955760384.000000 -0.111098297 -0.515717745 -2.268474340 0.779784083 0.036296993 -0.254769981 -0.570711553
1413393983005760512.000000 -0.126887038 -0.473670244 -2.305692196 0.763287783 0.038097113 -0.246284932 -0.596057236
1413393983055760384.000000 -0.141647160 -0.430560350 -2.339975595 0.746115625 0.040689304 -0.237108350 -0.620834589
1413393983105760512.000000 -0.150103673 -0.387746572 -2.372729301 -0.728567302 -0.043028470 0.227339089 0.644713342
1413393983155760384.000000 -0.162695199 -0.342440367 -2.400990486 -0.710957468 -0.046707354 0.216547579 0.667431712
1413393983205760512.000000 -0.174208701 -0.296361923 -2.425595284 -0.693031669 -0.050176583 0.205382556 0.689207852
1413393983255760384.000000 -0.184333116 -0.249756098 -2.446376562 -0.675021768 -0.052856516 0.193564311 0.709989309
1413393983305760512.000000 -0.186895341 -0.204578400 -2.462746143 -0.655920863 -0.055568133 0.182475254 0.730330646
1413393983355760384.000000 -0.193489373 -0.157536983 -2.475214958 -0.637574792 -0.056902315 0.169354975 0.749386072
1413393983405760512.000000 -0.197685003 -0.110588908 -2.483196020 -0.618959427 -0.056505546 0.155928761 0.767712593
1413393983455760384.000000 -0.198050797 -0.065379500 -2.486338615 0.599777281 0.055026609 -0.143692121 -0.785233676
1413393983505760512.000000 -0.193022937 -0.020029902 -2.485335350 -0.580878675 -0.051198758 0.130305558 0.801859856
1413393983555760384.000000 -0.188959494 0.023767352 -2.479162931 -0.561335921 -0.047527663 0.118031263 0.817748010
1413393983605760512.000000 -0.182053342 0.065642118 -2.468401194 -0.541716218 -0.043202702 0.105036139 0.832853258
1413393983655760384.000000 -0.172982991 0.105214238 -2.453208208 -0.521811783 -0.039650604 0.093578801 0.846984863
1413393983705760512.000000 -0.160491869 0.142183542 -2.434122562 0.501431167 0.034421608 -0.083482280 -0.860472381
1413393983755760384.000000 -0.145135894 0.174280286 -2.410936832 -0.480836242 -0.030832591 0.074907154 0.873060584
1413393983805760512.000000 -0.130087912 0.204927564 -2.383874893 -0.460061044 -0.026971616 0.068742611 0.884811223
1413393983855760384.000000 -0.112933330 0.232198715 -2.353345156 -0.439296216 -0.023054946 0.062879719 0.895842373
1413393983905760512.000000 -0.094019249 0.256222069 -2.319833279 -0.419202507 -0.019324563 0.057556674 0.905860424
1413393983955760384.000000 -0.072763778 0.275139213 -2.283082724 0.400452793 0.016411820 -0.048871562 -0.914865971
1413393984005760512.000000 -0.048791833 0.289503992 -2.248529911 -0.381659597 -0.014004107 0.041194130 0.923278391
1413393984055760384.000000 -0.025319636 0.302594244 -2.206699848 -0.363015115 -0.011530443 0.031802747 0.931168973
1413393984105760512.000000 -0.000298642 0.311829716 -2.162406445 -0.343996465 -0.008799784 0.022181118 0.938667715
1413393984155760384.000000 0.026095580 0.316794395 -2.115832806 -0.324874729 -0.006441034 0.012332319 0.945654750
1413393984205760512.000000 0.055963166 0.311858684 -2.072253704 -0.305745006 -0.004030136 0.002720594 0.952101111
1413393984255760384.000000 0.084747776 0.307753205 -2.021824837 -0.286278576 -0.001499377 -0.006161916 0.958125412
1413393984305760512.000000 0.114500560 0.299081206 -1.969771147 -0.266497254 0.001482966 -0.011841591 0.963761806
1413393984355760384.000000 0.144883513 0.285923064 -1.916481137 -0.247467950 0.004462260 -0.016228076 0.968749940
1413393984405760512.000000 0.178010866 0.260303438 -1.869233727 -0.230244800 0.008153835 -0.021230429 0.972867012
1413393984455760384.000000 0.210064620 0.238636255 -1.814898133 -0.213959292 0.010966195 -0.026438093 0.976423204
1413393984505760512.000000 0.242683709 0.212505072 -1.760345936 -0.199180782 0.014723258 -0.031061733 0.979359746
1413393984555760384.000000 0.275523931 0.182181150 -1.705757022 -0.185354248 0.018868148 -0.036036462 0.981829524
1413393984605760512.000000 0.305974543 0.143480033 -1.655813932 -0.172144115 0.020268764 -0.037380412 0.984153688
1413393984655760384.000000 0.335480988 0.104849502 -1.601064920 -0.157970279 0.020046007 -0.032149706 0.986716747
1413393984705760512.000000 0.362125129 0.063291647 -1.546096087 -0.143835112 0.020243334 -0.020422665 0.989183784
1413393984755760384.000000 0.386217475 0.019591089 -1.490552902 -0.132440075 0.020788990 -0.009511414 0.990927398
1413393984805760512.000000 0.411621332 -0.035317257 -1.441527367 -0.123993814 0.021245277 0.001120511 0.992054939
1413393984855760384.000000 0.429597110 -0.081383064 -1.384987593 -0.116356246 0.018495234 0.015522150 0.992914021
1413393984905760512.000000 0.444138616 -0.127099052 -1.328390002 -0.112207107 0.013923435 0.032287482 0.993062615
1413393984955760384.000000 0.455885768 -0.172391102 -1.272603273 0.111554116 -0.009402629 -0.049329493 -0.992488742
1413393985005760512.000000 0.466298848 -0.216738582 -1.216368079 -0.115103029 0.006246026 0.064291947 0.991251171
1413393985055760384.000000 0.474274039 -0.258035123 -1.160242677 -0.123806961 0.003796134 0.074202418 0.989520848
1413393985105760512.000000 0.480977446 -0.296940088 -1.103942633 -0.136256665 0.004463868 0.080277339 0.987405598
1413393985155760384.000000 0.486847788 -0.333260506 -1.047529340 -0.152670503 0.007536482 0.080850899 0.984935582
1413393985205760512.000000 0.492964268 -0.374016821 -0.992293596 -0.171149895 0.011874850 0.080252826 0.981899321
1413393985255760384.000000 0.494938612 -0.406868458 -0.936520040 -0.190547183 0.015449348 0.079033628 0.978369474
1413393985305760512.000000 0.496209025 -0.438675046 -0.881483555 -0.210967049 0.018581297 0.077225789 0.974260688
1413393985355760384.000000 0.496890992 -0.469714403 -0.828203321 0.231855810 -0.019719144 -0.075583048 -0.969608784
1413393985405760512.000000 0.499626160 -0.502971888 -0.774510086 -0.252418727 0.021117290 0.075494252 0.964437366
1413393985455760384.000000 0.501048684 -0.534687996 -0.722530007 -0.272649378 0.021378428 0.077709235 0.958731771
1413393985505760512.000000 0.503120303 -0.567069292 -0.671375334 -0.292283058 0.022411188 0.080506742 0.952673674
1413393985555760384.000000 0.505171061 -0.600392580 -0.620752633 -0.310110271 0.021874305 0.087638490 0.946399868
1413393985605760512.000000 0.498811126 -0.638727367 -0.563848913 -0.326658100 0.019739181 0.098227829 0.939817131
1413393985655760384.000000 0.500965774 -0.673624814 -0.513419330 -0.341405571 0.015087625 0.111413166 0.933167577
1413393985705760512.000000 0.503408730 -0.708789110 -0.463474631 -0.354877710 0.010070253 0.126476660 0.926263571
1413393985755760384.000000 0.506130695 -0.743580580 -0.413990259 -0.368429750 0.004008589 0.140784085 0.918925107
1413393985805760512.000000 0.501501977 -0.779757380 -0.361927569 -0.381590664 -0.000971323 0.153954700 0.911419570
1413393985855760384.000000 0.507025063 -0.812062085 -0.313531935 -0.394239664 -0.005395743 0.167092025 0.903673828
1413393985905760512.000000 0.514462590 -0.841792583 -0.265539527 -0.406644613 -0.007327307 0.180584371 0.895530999
1413393985955760384.000000 0.523540318 -0.868353128 -0.218797147 0.419399023 0.008796639 -0.192144826 -0.887190819
1413393986005760512.000000 0.527937770 -0.893251777 -0.170298785 -0.432516903 -0.007643440 0.202558070 0.878544807
1413393986055760384.000000 0.541211784 -0.912959337 -0.124858290 -0.445570290 -0.006383807 0.211146593 0.869967520
1413393986105760512.000000 0.554982901 -0.930319190 -0.081159264 -0.458456457 -0.003408742 0.221096918 0.860768378
1413393986155760384.000000 0.571716428 -0.944852233 -0.040669203 0.470911294 -0.000730547 -0.230079323 -0.851648808
1413393986205760512.000000 0.587548316 -0.956085920 -0.001044840 0.482527822 -0.006411442 -0.241415486 -0.841929018
1413393986255760384.000000 0.579671621 -0.971971750 0.051322311 -0.494767070 0.014478901 0.251713306 0.831646800
1413393986305760512.000000 0.594940424 -0.976168394 0.086428881 -0.506793737 0.020454805 0.262417793 0.820901155
1413393986355760384.000000 0.610255361 -0.977002621 0.118547708 -0.519092023 0.025928464 0.271651000 0.809985816
1413393986405760512.000000 0.623325586 -0.973665357 0.148371816 -0.532141685 0.031755108 0.280258447 0.798293293
1413393986455760384.000000 0.627978921 -0.972138584 0.178930134 -0.545520663 0.036486525 0.286389023 0.786801994
1413393986505760512.000000 0.642025411 -0.963119805 0.199217796 -0.560655475 0.038080584 0.287521571 0.775594413
1413393986555760384.000000 0.655931711 -0.952029765 0.214925617 -0.578738570 0.036676165 0.281391799 0.764549077
1413393986605760512.000000 0.668738544 -0.938041985 0.227943569 -0.598180056 0.032401122 0.270043671 0.753795266
1413393986655760384.000000 0.672481060 -0.929804146 0.246913522 -0.617805958 0.027226835 0.256469160 0.742831111
1413393986705760512.000000 0.685264468 -0.912480712 0.255694479 -0.636075914 0.025101809 0.244946033 0.731285751
1413393986755760384.000000 0.697303534 -0.894891739 0.264073610 -0.653187156 0.023058446 0.234645218 0.719553053
1413393986805760512.000000 0.710850537 -0.877132535 0.271511436 -0.669730008 0.022176249 0.224332765 0.707562625
1413393986855760384.000000 0.732762694 -0.859769225 0.291820824 -0.685340762 0.021832610 0.215291321 0.695328116
1413393986905760512.000000 0.745940804 -0.844570518 0.301632822 -0.697287142 0.020826817 0.209145859 0.685284674
1413393986955760384.000000 0.758410394 -0.830731630 0.313205540 -0.705731452 0.019254988 0.209071517 0.676654696
1413393987005760512.000000 0.769759417 -0.818338156 0.327353537 -0.711000502 0.016633110 0.214475900 0.669478834
1413393987055760384.000000 0.778854787 -0.808571160 0.344465315 0.715208888 -0.014623380 -0.219551876 -0.663369775
1413393987105760512.000000 0.787302077 -0.798275769 0.362948716 0.717851281 -0.011939919 -0.225329280 -0.658615053
1413393987155760384.000000 0.792642117 -0.792951107 0.385787606 -0.719733298 0.009795013 0.230239525 0.654887676
1413393987205760512.000000 0.797525167 -0.783318460 0.408231020 -0.721213639 0.008401874 0.234589770 0.651726961
1413393987255760384.000000 0.802596092 -0.773179114 0.432109654 -0.721768498 0.005994667 0.238764092 0.649619937
1413393987305760512.000000 0.808792710 -0.762848735 0.456534863 -0.722303450 0.004617966 0.241885602 0.647879481
1413393987355760384.000000 0.815389276 -0.754778743 0.481861621 0.722191513 -0.003825977 -0.244254276 -0.647120237
1413393987405760512.000000 0.829559565 -0.744235694 0.505123973 -0.721968532 0.002504624 0.245952889 0.646732152
1413393987455760384.000000 0.840040207 -0.733456790 0.531184614 -0.721234858 0.002956920 0.247110799 0.647107244
1413393987505760512.000000 0.851564705 -0.722373724 0.557626009 -0.721244395 0.002983921 0.247404486 0.646984279
1413393987555760384.000000 0.864307642 -0.711018264 0.584015667 -0.722519696 0.003381483 0.245500147 0.646284401
1413393987605760512.000000 0.884127021 -0.693507016 0.606167316 -0.724600196 0.003043113 0.244079933 0.644492269
1413393987655760384.000000 0.897216856 -0.681876183 0.633639932 -0.727598071 0.003579496 0.242641285 0.641649067
1413393987705760512.000000 0.910698712 -0.670143068 0.661651313 -0.730954766 0.004041342 0.242788821 0.637763619
1413393987755760384.000000 0.924309611 -0.658401847 0.690372586 -0.734569430 0.006306968 0.243625164 0.633257329
1413393987805760512.000000 0.937924623 -0.646921337 0.719848752 -0.737089396 0.007665321 0.246167466 0.629318714
1413393987855760384.000000 0.947547436 -0.636191130 0.750030220 0.738602579 -0.010866911 -0.250199318 -0.625898123
1413393987905760512.000000 0.968710840 -0.620635748 0.774679005 0.739410758 -0.012993868 -0.254727125 -0.623070717
1413393987955760384.000000 0.976181984 -0.609247923 0.807581961 0.740861237 -0.014925982 -0.256895900 -0.620408297
1413393988005760512.000000 0.980725467 -0.597355723 0.841729760 0.742421806 -0.016685413 -0.258006305 -0.618032575
1413393988055760384.000000 0.982816219 -0.585282803 0.877188325 0.743853688 -0.017351815 -0.259036124 -0.615857899
1413393988105760512.000000 0.978948355 -0.573248386 0.914196968 0.745667756 -0.017229794 -0.258764863 -0.613778055
1413393988155760384.000000 0.982260466 -0.553455353 0.946614623 0.748048961 -0.017114749 -0.256001294 -0.612040281
1413393988205760512.000000 0.976990223 -0.541384220 0.985082746 0.750817299 -0.016283706 -0.252151728 -0.610268652
1413393988255760384.000000 0.969816685 -0.529958606 1.024783492 0.753441155 -0.015314259 -0.247541234 -0.608946085
1413393988305760512.000000 0.962689638 -0.518441796 1.065206647 0.755516231 -0.014191544 -0.243681669 -0.607958078
1413393988355760384.000000 0.962351799 -0.502458692 1.099397540 0.757269859 -0.012401941 -0.240106806 -0.607237518
1413393988405760512.000000 0.955548286 -0.491283655 1.141934514 0.759364486 -0.008866846 -0.235477701 -0.606495976
1413393988455760384.000000 0.950263858 -0.480472326 1.185258508 0.761622012 -0.001995731 -0.230140895 -0.605774760
1413393988505760512.000000 0.946462274 -0.469996095 1.229831338 0.763999164 0.008432114 -0.224853024 -0.604710996
1413393988555760384.000000 0.946199417 -0.454540849 1.271128893 0.765852988 0.017970616 -0.220374346 -0.603805900
1413393988605760512.000000 0.945909679 -0.443750978 1.319849849 0.767854273 0.024474811 -0.215179920 -0.602908373
1413393988655760384.000000 0.947165132 -0.432906747 1.371440411 0.767736018 0.022362694 -0.217469901 -0.602319062
1413393988705760512.000000 0.949921787 -0.421941876 1.425586939 0.766742110 0.019137776 -0.222933367 -0.601698458
1413393988755760384.000000 0.956308722 -0.410003066 1.475225329 0.764274240 0.009849521 -0.234049618 -0.600840032
1413393988805760512.000000 0.961869836 -0.398453712 1.532641053 0.762045324 0.000917453 -0.247673467 -0.598284245
1413393988855760384.000000 0.969392180 -0.386464119 1.590208292 0.758302867 -0.009563682 -0.267578781 -0.594379485
1413393988905760512.000000 0.981579483 -0.372977972 1.644382954 0.754524767 -0.020962667 -0.289051920 -0.588814139
1413393988955760384.000000 0.995351315 -0.361359596 1.694334745 0.752384841 -0.029910460 -0.308062673 -0.581480801
1413393989005760512.000000 1.012966394 -0.346883774 1.742362022 0.750811279 -0.038033694 -0.325728536 -0.573355794
1413393989055760384.000000 1.033273458 -0.331995964 1.785589099 0.749546111 -0.044066813 -0.341896474 -0.565106750
1413393989105760512.000000 1.056528330 -0.316004276 1.821694970 0.747821331 -0.049848389 -0.357887864 -0.556951284
1413393989155760384.000000 1.080455303 -0.302399397 1.851768851 0.746766090 -0.052708134 -0.371757656 -0.548961461
1413393989205760512.000000 1.108251214 -0.283795834 1.873721838 0.747067094 -0.052073669 -0.381954253 -0.541562617
1413393989255760384.000000 1.137760878 -0.263136864 1.887453198 0.750161648 -0.047232382 -0.385385633 -0.535261273
1413393989305760512.000000 1.169976234 -0.240532875 1.892646194 0.762182176 -0.034888990 -0.368269742 -0.531261206
1413393989355760384.000000 1.201737642 -0.218601942 1.893719077 0.776444077 -0.024066405 -0.343095213 -0.528054178
1413393989405760512.000000 1.234738350 -0.192779303 1.890612721 0.790619791 -0.017187120 -0.315455556 -0.524511933
1413393989455760384.000000 1.266035080 -0.165816545 1.886824489 0.803365111 -0.013552363 -0.288080454 -0.520989954
1413393989505760512.000000 1.294619083 -0.138374090 1.884348392 0.812715173 -0.012319927 -0.265990764 -0.518257976
1413393989555760384.000000 1.320237875 -0.113029242 1.887664676 0.819219351 -0.013143776 -0.249819651 -0.516039848
1413393989605760512.000000 1.341250539 -0.086643219 1.891067743 0.822776854 -0.012939834 -0.241672859 -0.514261782
1413393989655760384.000000 1.359362245 -0.061114311 1.897392035 0.824791193 -0.012037410 -0.237777039 -0.512871146
1413393989705760512.000000 1.374970794 -0.037205935 1.907307506 0.825675666 -0.010563471 -0.239812151 -0.510527432
1413393989755760384.000000 1.387732387 -0.013298750 1.919252753 0.826412559 -0.010141961 -0.244033694 -0.507333338
1413393989805760512.000000 1.398344398 0.009753466 1.933724761 0.827217400 -0.011828074 -0.249970093 -0.503076971
1413393989855760384.000000 1.407101631 0.031861544 1.950207710 0.828406990 -0.018330144 -0.256695896 -0.497506976
1413393989905760512.000000 1.415384293 0.051862240 1.968394279 0.829953492 -0.026227994 -0.264239103 -0.490578294
1413393989955760384.000000 1.420335770 0.072209358 1.987891912 0.832312167 -0.036807839 -0.270849854 -0.482226193
1413393990005760512.000000 1.423215508 0.090733051 2.008491039 0.835714161 -0.048741933 -0.277259260 -0.471522480
1413393990055760384.000000 1.424296498 0.107315063 2.029166460 0.841330051 -0.055868573 -0.280739069 -0.458506346
1413393990105760512.000000 1.425105333 0.121018410 2.048760891 0.848085582 -0.060158953 -0.283363998 -0.443662882
1413393990155760384.000000 1.422053576 0.132686615 2.070023060 0.855600119 -0.062586471 -0.285790622 -0.427030623
1413393990205760512.000000 1.416785240 0.142280340 2.091710091 0.863224387 -0.064209320 -0.288656712 -0.409143209
1413393990255760384.000000 1.410367131 0.149612427 2.111612797 0.870360136 -0.064876661 -0.293058872 -0.390359938
1413393990305760512.000000 1.400351167 0.153684378 2.134734869 0.876578271 -0.066137262 -0.299699306 -0.370697707
1413393990355760384.000000 1.389623284 0.155315161 2.157969236 0.881728232 -0.067035533 -0.308385313 -0.350656748
1413393990405760512.000000 1.379011154 0.155969620 2.179803371 0.886749327 -0.068447873 -0.316256553 -0.330109715
1413393990455760384.000000 1.373421431 0.152341127 2.198236942 0.891135633 -0.072473153 -0.323841244 -0.309437990
1413393990505760512.000000 1.364584327 0.147277117 2.217883825 0.894465327 -0.076371662 -0.332302004 -0.289265811
1413393990555760384.000000 1.356198311 0.139955759 2.236005783 0.896267951 -0.079500005 -0.342770934 -0.269984692
1413393990605760512.000000 1.348635197 0.129883289 2.252025127 0.895575583 -0.079939201 -0.358208239 -0.251477867
1413393990655760384.000000 1.343970656 0.117777824 2.262428284 0.892970741 -0.075609639 -0.376714528 -0.234462738
1413393990705760512.000000 1.334757328 0.104062080 2.273204327 0.888254106 -0.062242828 -0.398454428 -0.219919562
1413393990755760384.000000 1.325900674 0.089108229 2.278913021 0.884518325 -0.042059433 -0.415656716 -0.207576215
1413393990805760512.000000 1.316904306 0.074709177 2.279870033 0.880839884 -0.020459225 -0.429792732 -0.197435603
1413393990855760384.000000 1.307558537 0.061532378 2.274761677 0.877457023 0.000564682 -0.440686315 -0.189379379
1413393990905760512.000000 1.306098580 0.046436906 2.256674290 0.876380742 0.017914442 -0.444955349 -0.183441460
1413393990955760384.000000 1.298199415 0.039417028 2.238075733 0.880663395 0.034230050 -0.437125415 -0.179392308
1413393991005760512.000000 1.291195154 0.036889911 2.213361979 0.889304101 0.045651980 -0.418786108 -0.177967370
1413393991055760384.000000 1.284815311 0.039296150 2.183241844 0.900328457 0.052448165 -0.393828452 -0.177643165
1413393991105760512.000000 1.281913280 0.045391440 2.148805857 0.912766099 0.052246381 -0.363784254 -0.178295895
1413393991155760384.000000 1.274269581 0.058172703 2.110064745 0.925554395 0.046836860 -0.329864204 -0.179846987
1413393991205760512.000000 1.270610094 0.072778225 2.076165676 0.937050939 0.035723351 -0.296397805 -0.181129426
1413393991255760384.000000 1.268081665 0.089701533 2.044947863 0.946794152 0.023872228 -0.263570070 -0.183144182
1413393991305760512.000000 1.266337872 0.107619524 2.018073320 0.954463780 0.012042336 -0.233715847 -0.185015872
1413393991355760384.000000 1.256493330 0.126768112 1.993511677 0.958232224 -0.003492550 -0.215655133 -0.187807575
1413393991405760512.000000 1.255854487 0.144861579 1.977627158 0.959377766 -0.017558759 -0.207526252 -0.190312639
1413393991455760384.000000 1.254768491 0.161904573 1.968082309 0.956140101 -0.029272556 -0.218012139 -0.193416670
1413393991505760512.000000 1.254413247 0.177222133 1.964489579 0.949611545 -0.040446680 -0.240761697 -0.196560398
1413393991555760384.000000 1.255829692 0.190290809 1.963568211 0.941867411 -0.052734662 -0.265077412 -0.199596837
1413393991605760512.000000 1.258310676 0.200845361 1.967023611 0.932327151 -0.064140186 -0.292874426 -0.202180043
1413393991655760384.000000 1.261930466 0.208276749 1.971939921 0.921874702 -0.073686324 -0.321078688 -0.204024196
1413393991705760512.000000 1.257676125 0.215305090 1.972333193 0.912341237 -0.078478180 -0.345759511 -0.204756215
1413393991755760384.000000 1.263881207 0.216595411 1.974665284 0.904866159 -0.080846064 -0.364443541 -0.204602480
1413393991805760512.000000 1.271108627 0.214618325 1.973421216 0.900198400 -0.079403415 -0.376652926 -0.203643471
1413393991855760384.000000 1.280688524 0.209840775 1.966623068 0.902091205 -0.073306970 -0.374072969 -0.202304050
1413393991905760512.000000 1.290986776 0.201511979 1.957196712 0.909330547 -0.058738872 -0.359398812 -0.201246604
1413393991955760384.000000 1.301589012 0.194835782 1.939199567 0.919733047 -0.042113766 -0.335037917 -0.200168163
1413393992005760512.000000 1.314261913 0.185021639 1.924904823 0.929540217 -0.031027341 -0.308439642 -0.199643195
1413393992055760384.000000 1.326530457 0.174855709 1.912078381 0.937451601 -0.021862619 -0.284586996 -0.199290812
1413393992105760512.000000 1.337116241 0.163733959 1.901144385 0.942904770 -0.015643086 -0.266853362 -0.198683903
1413393992155760384.000000 1.348144889 0.156428099 1.892181516 0.944118083 -0.011862008 -0.262828410 -0.198548660
1413393992205760512.000000 1.355696082 0.145306468 1.890040398 0.940493703 -0.006172492 -0.275792658 -0.198423877
1413393992255760384.000000 1.363014936 0.134376526 1.891162157 0.934630096 -0.000948371 -0.295244277 -0.198233590
1413393992305760512.000000 1.371402740 0.124594569 1.893750072 0.927667797 0.001131074 -0.316732138 -0.197767511
1413393992355760384.000000 1.376454115 0.116133928 1.890720010 0.919496596 -0.007203747 -0.340346217 -0.196566969
1413393992405760512.000000 1.384457946 0.107961655 1.894177794 0.911831915 -0.019072477 -0.360229105 -0.196045369
1413393992455760384.000000 1.391181469 0.100368142 1.896753669 0.905921936 -0.033584528 -0.374253929 -0.195222005
1413393992505760512.000000 1.395745277 0.092996478 1.895462990 0.903321087 -0.045602914 -0.379802734 -0.194116980
1413393992555760384.000000 1.404518723 0.086338997 1.894504070 0.904717207 -0.053414848 -0.375770330 -0.193469346
1413393992605760512.000000 1.404985666 0.077521324 1.889327526 0.909291267 -0.056442294 -0.364401579 -0.192912191
1413393992655760384.000000 1.404513478 0.067281008 1.881937742 0.917708814 -0.051503610 -0.343586743 -0.192629740
1413393992705760512.000000 1.402686357 0.056035995 1.872129440 0.927534521 -0.043858755 -0.317183644 -0.192745432
1413393992755760384.000000 1.404247761 0.045699596 1.862711430 0.936599314 -0.035075430 -0.290432572 -0.192874417
1413393992805760512.000000 1.402624369 0.032730460 1.856502891 0.943525612 -0.026576879 -0.267924160 -0.193053842
1413393992855760384.000000 1.401491165 0.019115925 1.853367448 0.947469115 -0.017946169 -0.254158705 -0.193348423
1413393992905760512.000000 1.400716901 0.005005717 1.854179859 0.948196471 -0.011275387 -0.251482725 -0.193785593
1413393992955760384.000000 1.398941636 -0.010552406 1.860054374 0.945607722 -0.004941174 -0.261395007 -0.193583041
1413393993005760512.000000 1.399308443 -0.025323868 1.868822336 0.940950096 0.001311154 -0.277786434 -0.193509758
1413393993055760384.000000 1.401228547 -0.039735079 1.880282521 0.935419381 0.007143085 -0.295771569 -0.193542808
1413393993105760512.000000 1.404816151 -0.052924037 1.893241167 0.930281937 0.009225436 -0.311833471 -0.193003654
1413393993155760384.000000 1.408677101 -0.064905286 1.907453299 0.923097908 0.008334037 -0.332690448 -0.192711920
1413393993205760512.000000 1.422035217 -0.073864102 1.925525069 0.914326131 0.005278854 -0.356537074 -0.191992611
1413393993255760384.000000 1.425730348 -0.082415581 1.937942505 0.904211223 0.004889654 -0.382060349 -0.190809414
1413393993305760512.000000 1.429458380 -0.089001417 1.948013902 0.893858492 0.004747801 -0.406099290 -0.189941898
1413393993355760384.000000 1.433254361 -0.093527079 1.953697324 0.886098027 0.007135536 -0.423116535 -0.189081699
1413393993405760512.000000 1.438933015 -0.097841859 1.954450607 0.881422997 0.012560801 -0.432902783 -0.188496560
1413393993455760384.000000 1.443004489 -0.097411513 1.947722077 0.880626857 0.018785790 -0.434208572 -0.188696727
1413393993505760512.000000 1.447268009 -0.093765855 1.934176922 0.884950936 0.022103878 -0.424956858 -0.189169362
1413393993555760384.000000 1.452334166 -0.087141991 1.914493203 0.893569112 0.022158803 -0.406287163 -0.189668566
1413393993605760512.000000 1.464712858 -0.080772042 1.901556969 0.904729784 0.019604763 -0.380426139 -0.190671742
1413393993655760384.000000 1.470784664 -0.068330288 1.875475764 0.917082012 0.015529980 -0.349251747 -0.191683784
1413393993705760512.000000 1.476902962 -0.054092765 1.849079251 0.928778172 0.010561458 -0.316815913 -0.192060962
1413393993755760384.000000 1.483129978 -0.037787676 1.824961543 0.939007223 0.005773161 -0.285113186 -0.192204878
1413393993805760512.000000 1.480816841 -0.024093747 1.802084804 0.946612358 0.001630605 -0.258882612 -0.192099631
1413393993855760384.000000 1.477046013 -0.007851481 1.786416769 0.952416718 -0.001578520 -0.236998841 -0.191654697
1413393993905760512.000000 1.468939304 0.008180618 1.776272416 0.956708848 -0.004463356 -0.219432399 -0.191148326
1413393993955760384.000000 1.459082007 0.022849917 1.772609711 0.960316360 -0.008137865 -0.203422114 -0.190645710
1413393994005760512.000000 1.449017048 0.028926730 1.797241092 0.962733567 -0.013442322 -0.191494867 -0.190507963
1413393994055760384.000000 1.442312837 0.042405367 1.805878878 0.963931859 -0.022773717 -0.184244573 -0.190710902
1413393994105760512.000000 1.441915512 0.053543448 1.821170688 0.963657737 -0.032572135 -0.184316441 -0.190605000
1413393994155760384.000000 1.449310541 0.060970664 1.843605995 0.962258399 -0.043313812 -0.188512832 -0.191430688
1413393994205760512.000000 1.463023782 0.065975666 1.872106433 0.959845662 -0.054133836 -0.197037518 -0.192203090
1413393994255760384.000000 1.480200768 0.066676855 1.911796927 0.956236899 -0.061568029 -0.211470529 -0.192615166
1413393994305760512.000000 1.505235910 0.065277815 1.948195338 0.950312138 -0.068098307 -0.233808532 -0.193915084
1413393994355760384.000000 1.534471393 0.059859514 1.987402439 0.942977846 -0.064989015 -0.262282401 -0.194363683
1413393994405760512.000000 1.564763784 0.050647259 2.030844688 0.933914065 -0.061034888 -0.293395251 -0.194932252
1413393994455760384.000000 1.584254622 0.033704996 2.092527390 0.921980262 -0.053833343 -0.330031902 -0.195277974
1413393994505760512.000000 1.604083180 0.021593571 2.139646292 0.908794284 -0.045461897 -0.366267323 -0.194613740
1413393994555760384.000000 1.616624832 0.008462310 2.189313650 0.894710600 -0.037262172 -0.400957197 -0.193230316
1413393994605760512.000000 1.626738191 -0.004849315 2.236999512 0.881584227 -0.029811688 -0.430582851 -0.191099629
1413393994655760384.000000 1.625988960 -0.014499784 2.282238245 0.869252861 -0.024216440 -0.456706852 -0.187701911
1413393994705760512.000000 1.623647690 -0.026176214 2.322929382 0.858436584 -0.018681748 -0.478309274 -0.184276685
1413393994755760384.000000 1.617139816 -0.036316752 2.356539011 0.852026224 -0.010753425 -0.491153747 -0.180841833
1413393994805760512.000000 1.612204075 -0.044290423 2.380832672 0.853356421 0.000208738 -0.489772409 -0.178621858
1413393994855760384.000000 1.604316950 -0.052847862 2.393791914 0.862479389 0.008987375 -0.473824680 -0.177591711
1413393994905760512.000000 1.597862959 -0.053956628 2.397608280 0.875380874 0.014675976 -0.449690819 -0.176836699
1413393994955760384.000000 1.589441299 -0.051821828 2.396175146 0.888091505 0.014715266 -0.424301237 -0.176197365
1413393995005760512.000000 1.579411745 -0.047655940 2.392390013 0.899152935 0.010240071 -0.400970846 -0.175047696
1413393995055760384.000000 1.567350984 -0.041073680 2.385716677 0.908106744 0.001696304 -0.380889803 -0.173960567
1413393995105760512.000000 1.553452492 -0.033202887 2.378013134 0.915204823 -0.010231300 -0.363520116 -0.173633665
1413393995155760384.000000 1.537642956 -0.024293780 2.369981766 0.919372439 -0.021971410 -0.351580292 -0.175108626
1413393995205760512.000000 1.519506931 -0.014867783 2.362481833 0.920825243 -0.039142326 -0.344349027 -0.178809077
1413393995255760384.000000 1.505868912 -0.003523588 2.363841057 0.920803368 -0.053334963 -0.339001328 -0.185350299
1413393995305760512.000000 1.484341860 0.001411200 2.355691671 0.918837130 -0.063588500 -0.337502599 -0.194388449
1413393995355760384.000000 1.452918768 0.014579773 2.316908836 0.915760458 -0.071592547 -0.337331563 -0.206069991
1413393995405760512.000000 1.432047725 0.018743515 2.307730198 0.912393630 -0.076306023 -0.336770892 -0.219774321
1413393995455760384.000000 1.412155628 0.020662785 2.296594143 0.908866942 -0.079086147 -0.335325420 -0.235081315
1413393995505760512.000000 1.392206192 0.021140814 2.283584833 0.905001163 -0.078496754 -0.333721280 -0.251875728
1413393995555760384.000000 1.371697068 0.018230200 2.266062260 0.901392996 -0.076197952 -0.329975396 -0.269816220
1413393995605760512.000000 1.353121042 0.012601376 2.251701832 0.897786736 -0.071791239 -0.324619412 -0.288872600
1413393995655760384.000000 1.335039020 0.004817247 2.236515999 0.893814921 -0.065701634 -0.317751318 -0.309535623
1413393995705760512.000000 1.318195581 -0.003979445 2.219528675 0.890146673 -0.057941929 -0.307878286 -0.330896914
1413393995755760384.000000 1.301669955 -0.012010813 2.193567276 0.885650516 -0.050930429 -0.297313601 -0.353035361
1413393995805760512.000000 1.286448717 -0.024235725 2.177663326 0.879888177 -0.045853183 -0.287153780 -0.375815153
1413393995855760384.000000 1.271946192 -0.037882090 2.162608147 0.873031139 -0.043790542 -0.277489185 -0.398621172
1413393995905760512.000000 1.256953120 -0.051237583 2.142181396 0.864746213 -0.043714624 -0.269567192 -0.421469569
1413393995955760384.000000 1.243256807 -0.068024874 2.128522396 0.856465459 -0.043487065 -0.261220396 -0.443102300
1413393996005760512.000000 1.229604483 -0.087102652 2.116196871 0.848065376 -0.044175107 -0.254059941 -0.462911695
1413393996055760384.000000 1.216387510 -0.107579470 2.101532936 0.839885652 -0.044955086 -0.248632610 -0.480367601
1413393996105760512.000000 1.202975631 -0.131009340 2.091159105 0.832812726 -0.046669740 -0.244071245 -0.494645417
1413393996155760384.000000 1.189927340 -0.156591415 2.081852436 0.825831413 -0.051280048 -0.242399573 -0.506572247
1413393996205760512.000000 1.178440690 -0.180490494 2.071637869 0.818151355 -0.055300437 -0.245357886 -0.517078102
1413393996255760384.000000 1.163969040 -0.210752487 2.064325094 0.810281992 -0.054587957 -0.253355384 -0.525618076
1413393996305760512.000000 1.149467230 -0.243361235 2.057221174 0.803855479 -0.050947815 -0.260406733 -0.532361746
1413393996355760384.000000 1.135189414 -0.275869608 2.048394203 0.798233926 -0.044806655 -0.267635196 -0.537760615
1413393996405760512.000000 1.118019581 -0.311087608 2.041567802 0.794427454 -0.037775826 -0.272307932 -0.541577756
1413393996455760384.000000 1.098244905 -0.346956015 2.035588741 0.791093886 -0.031027839 -0.277133226 -0.544430852
1413393996505760512.000000 1.078233957 -0.381529331 2.030037403 0.788333595 -0.025366686 -0.282050788 -0.546199679
1413393996555760384.000000 1.053421259 -0.417604208 2.025493383 0.786053240 -0.019482048 -0.287317932 -0.546981990
1413393996605760512.000000 1.026892185 -0.453227997 2.021477461 0.784176171 -0.014168549 -0.291839629 -0.547445595
1413393996655760384.000000 1.000714898 -0.486601114 2.016783476 0.781920493 -0.009754322 -0.295809358 -0.548636496
1413393996705760512.000000 0.976326942 -0.518646717 2.011710167 0.779778302 -0.006607995 -0.297971964 -0.550558805
1413393996755760384.000000 0.952102900 -0.549605131 2.006308556 0.777564108 -0.004597246 -0.298609823 -0.553358018
1413393996805760512.000000 0.929401875 -0.578727245 1.999988556 0.775915742 -0.002524873 -0.295583814 -0.557295859
1413393996855760384.000000 0.908337772 -0.605424643 1.992786527 0.773757219 -0.000614302 -0.292064965 -0.562136590
1413393996905760512.000000 0.890032053 -0.629473209 1.985857964 0.771200180 0.001207472 -0.288337857 -0.567547560
1413393996955760384.000000 0.871293068 -0.653246641 1.978722334 0.767848134 0.003705890 -0.285044849 -0.573711634
1413393997005760512.000000 0.853924453 -0.675393820 1.971436262 0.764234364 0.005637265 -0.282208651 -0.579890013
1413393997055760384.000000 0.836671352 -0.695425034 1.964132071 0.760440052 0.006664055 -0.281001031 -0.585427225
1413393997105760512.000000 0.823514342 -0.714046955 1.956259370 0.757355809 0.008758565 -0.279053628 -0.590308905
1413393997155760384.000000 0.809275508 -0.730886459 1.948560357 0.754803956 0.008569850 -0.277223617 -0.594428062
1413393997205760512.000000 0.796764255 -0.745811939 1.940754771 0.753351688 0.006361212 -0.273593515 -0.597969413
1413393997255760384.000000 0.786126494 -0.760480881 1.932526946 0.752297580 0.003880132 -0.269594610 -0.601125777
1413393997305760512.000000 0.775352597 -0.773093462 1.925032377 0.751477897 0.001960235 -0.265364528 -0.604035497
1413393997355760384.000000 0.765157342 -0.783558846 1.918231130 0.750853002 0.000024648 -0.261642814 -0.606434464
1413393997405760512.000000 0.750385106 -0.794119358 1.913459539 0.750126064 -0.001978854 -0.259231716 -0.608363390
1413393997455760384.000000 0.731640518 -0.803935051 1.910777688 0.749494672 -0.002904949 -0.257370383 -0.609926164
1413393997505760512.000000 0.709580779 -0.813308477 1.909821987 0.748835504 -0.003827082 -0.256485790 -0.611102104
1413393997555760384.000000 0.685338497 -0.820637703 1.910865784 0.748950779 -0.004999714 -0.254279882 -0.611873746
1413393997605760512.000000 0.662585616 -0.829688072 1.911890984 0.748758078 -0.006715096 -0.252657682 -0.612764597
1413393997655760384.000000 0.641633928 -0.838447094 1.913221121 0.749337196 -0.008136811 -0.250277877 -0.613016009
1413393997705760512.000000 0.623068452 -0.845897675 1.915806055 0.749119699 -0.008696798 -0.250494838 -0.613185465
1413393997755760384.000000 0.606198967 -0.854242563 1.917784214 0.748813987 -0.008208168 -0.251069665 -0.613330543
1413393997805760512.000000 0.591331780 -0.862424612 1.919921279 0.748885393 -0.006612318 -0.252198607 -0.612799168
1413393997855760384.000000 0.578284383 -0.869984150 1.922855854 0.748862088 -0.005259679 -0.253340930 -0.612369537
1413393997905760512.000000 0.564707935 -0.876770258 1.927831888 0.749043822 -0.003862278 -0.254315645 -0.611753225
1413393997955760384.000000 0.554571688 -0.883660555 1.931676388 0.749439001 -0.002627981 -0.255312502 -0.610859990
1413393998005760512.000000 0.545794368 -0.889961243 1.936079383 0.749826252 -0.001588583 -0.255710632 -0.610221505
1413393998055760384.000000 0.537781596 -0.895629406 1.941170573 0.750154614 -0.000052085 -0.256926686 -0.609308481
1413393998105760512.000000 0.529253542 -0.899933100 1.947935104 0.750938714 0.000902958 -0.257596374 -0.608057857
1413393998155760384.000000 0.523079395 -0.904166698 1.954224825 0.752065897 0.001374526 -0.258103222 -0.606446922
1413393998205760512.000000 0.517824531 -0.907827377 1.961213350 0.753699601 0.001156730 -0.257535577 -0.604657829
1413393998255760384.000000 0.514348090 -0.909943581 1.968384862 0.755070150 0.001057008 -0.257825762 -0.602821529
1413393998305760512.000000 0.511507213 -0.912310362 1.976681590 0.756462634 -0.000486752 -0.257821858 -0.601075709
1413393998355760384.000000 0.508744955 -0.914357424 1.987193584 0.757486641 -0.001435236 -0.258387536 -0.599539757
1413393998405760512.000000 0.508234859 -0.915349245 1.996925831 0.757306576 -0.000625891 -0.262159497 -0.598129392
1413393998455760384.000000 0.509331405 -0.915426970 2.007067442 0.756275833 -0.001100533 -0.268011510 -0.596837997
1413393998505760512.000000 0.513399005 -0.914711952 2.016288519 0.755271316 -0.004597521 -0.273961037 -0.595390260
1413393998555760384.000000 0.515654325 -0.911055565 2.027425528 0.754622221 -0.008576635 -0.278309464 -0.594151199
1413393998605760512.000000 0.519733191 -0.908740282 2.037889004 0.753774524 -0.016482491 -0.282395601 -0.593131602
1413393998655760384.000000 0.522828937 -0.905963898 2.048357725 0.753286958 -0.024597755 -0.284806728 -0.592316568
1413393998705760512.000000 0.524993658 -0.902781963 2.058282137 0.752334177 -0.033222880 -0.287566453 -0.591772914
1413393998755760384.000000 0.525615811 -0.897582531 2.067828178 0.751267552 -0.040320482 -0.290035844 -0.591481745
1413393998805760512.000000 0.525843322 -0.894595146 2.076065063 0.750858843 -0.045568798 -0.290303677 -0.591488242
1413393998855760384.000000 0.524793267 -0.891908884 2.083214283 0.751016796 -0.047144715 -0.289291978 -0.591659904
1413393998905760512.000000 0.522342265 -0.890429258 2.088622332 0.751584411 -0.045184556 -0.287391663 -0.592018008
1413393998955760384.000000 0.519332290 -0.884950876 2.092413902 0.753516197 -0.039425489 -0.282366335 -0.592392027
1413393999005760512.000000 0.516250551 -0.883661509 2.096198797 0.756259859 -0.033130445 -0.275075018 -0.592711747
1413393999055760384.000000 0.512567520 -0.882559776 2.099712610 0.759291053 -0.026463963 -0.267139912 -0.592800975
1413393999105760512.000000 0.507422924 -0.881793499 2.102667809 0.761574686 -0.017844141 -0.261048913 -0.592907369
1413393999155760384.000000 0.501795650 -0.881274700 2.107469559 0.762207687 -0.009418230 -0.259593666 -0.592926502
1413393999205760512.000000 0.496313035 -0.878396034 2.110991716 0.762075603 -0.003302532 -0.260695845 -0.592678249
1413393999255760384.000000 0.490096748 -0.876939297 2.117415190 0.760894597 0.000087972 -0.264309376 -0.592604458
1413393999305760512.000000 0.483931243 -0.874517202 2.124586821 0.758563221 -0.001063390 -0.271163076 -0.592495859
1413393999355760384.000000 0.477269024 -0.870258808 2.130571365 0.756077051 -0.006671258 -0.278317809 -0.592319310
1413393999405760512.000000 0.471414447 -0.866129398 2.138552427 0.753846407 -0.012743886 -0.284458399 -0.592145860
1413393999455760384.000000 0.465527892 -0.861428738 2.146215677 0.751994550 -0.016922552 -0.289557636 -0.591924250
1413393999505760512.000000 0.460324734 -0.855340004 2.150830984 0.751094103 -0.021877641 -0.292378455 -0.591518283
1413393999555760384.000000 0.455456138 -0.849096298 2.156205654 0.750457823 -0.026836058 -0.294684768 -0.590977013
1413393999605760512.000000 0.450500816 -0.841310501 2.159818649 0.750459135 -0.032898579 -0.295217276 -0.590402961
1413393999655760384.000000 0.444805413 -0.833106279 2.161600590 0.750424683 -0.036845032 -0.295315653 -0.590164363
1413393999705760512.000000 0.439221412 -0.825063467 2.162228584 0.750397205 -0.040260408 -0.295490742 -0.589888394
1413393999755760384.000000 0.431573898 -0.817118883 2.161812544 0.750109673 -0.042815719 -0.295845926 -0.589896202
1413393999805760512.000000 0.419681638 -0.808717251 2.162940025 0.750006676 -0.045118351 -0.295182943 -0.590187609
1413393999855760384.000000 0.406878322 -0.800426006 2.161279917 0.749293923 -0.046349876 -0.296385527 -0.590394795
1413393999905760512.000000 0.392052650 -0.792382240 2.158868551 0.748845875 -0.047389641 -0.296422184 -0.590862155
1413393999955760384.000000 0.375403494 -0.783430099 2.154912949 0.749719679 -0.044852205 -0.293447077 -0.591436863
1413394000005760512.000000 0.359176457 -0.776357174 2.149839640 0.754196525 -0.037802763 -0.282477081 -0.591578603
1413394000055760384.000000 0.352538586 -0.773112774 2.147375584 0.762644827 -0.023683816 -0.264605224 -0.589742422
1413394000105760512.000000 0.360223681 -0.773344994 2.146842480 0.760200143 -0.029433506 -0.269944251 -0.590219975
1413394000155760384.000000 0.369688094 -0.775637150 2.146251440 0.765835166 -0.025374085 -0.257452816 -0.588702559
1413394000205760512.000000 0.375696659 -0.776884556 2.145555258 0.770593882 -0.018447990 -0.247671470 -0.586944401
1413394000255760384.000000 0.372854292 -0.780112982 2.150319815 0.773759305 -0.008760589 -0.242392555 -0.585205734
1413394000305760512.000000 0.361110508 -0.781514645 2.155683279 0.775971949 -0.009339909 -0.246398181 -0.580575943
1413394000355760384.000000 0.352475435 -0.784689903 2.154467821 0.770904303 -0.038925335 -0.264191657 -0.578268290
1413394000405760512.000000 0.358015835 -0.785600901 2.148461819 0.773105145 -0.030469164 -0.256162286 -0.579448998
1413394000455760384.000000 0.357547045 -0.785320282 2.150190830 0.772739530 -0.027331537 -0.257489204 -0.579504967
1413394000505760512.000000 0.352545202 -0.784025669 2.152163506 0.772003591 -0.026716556 -0.260180652 -0.579312384
1413394000555760384.000000 0.353930622 -0.785497904 2.150490046 0.772541046 -0.028888719 -0.258250266 -0.579355478
1413394000605760512.000000 0.354482442 -0.785067797 2.150506496 0.772188425 -0.033361498 -0.259114712 -0.579199076
1413394000655760384.000000 0.352879465 -0.784030437 2.150983572 0.772970736 -0.027919512 -0.257011682 -0.579380512
1413394000705760512.000000 0.353224814 -0.782989740 2.150781155 0.772065163 -0.030759303 -0.259656727 -0.579264820
1413394000755760384.000000 0.353096008 -0.784717798 2.150780916 0.772434831 -0.028894784 -0.258448422 -0.579408348
1413394000805760512.000000 0.353150725 -0.784265995 2.151090860 0.772401035 -0.031481933 -0.258621365 -0.579241216
1413394000855760384.000000 0.353192180 -0.784054518 2.150695324 0.772645295 -0.029609907 -0.257855952 -0.579355597
1413394000905760512.000000 0.352732658 -0.783655643 2.150437117 0.772211909 -0.030967869 -0.259233236 -0.579247773
1413394000955760384.000000 0.352782667 -0.783437729 2.150185108 0.772457242 -0.030019101 -0.258460522 -0.579315901
1413394001005760512.000000 0.352308273 -0.782386065 2.149981737 0.772323608 -0.031143913 -0.258831710 -0.579268992
1413394001055760384.000000 0.352712810 -0.783229828 2.150004387 0.772436976 -0.030406626 -0.258535594 -0.579289258
1413394001105760512.000000 0.352921039 -0.784041643 2.150941133 0.772201419 -0.030859681 -0.259233803 -0.579267263
1413394001155760384.000000 0.353085756 -0.784309626 2.150994062 0.772431552 -0.030589418 -0.258482069 -0.579310715
1413394001205760512.000000 0.352843553 -0.784610033 2.150946140 0.772312105 -0.031079229 -0.259059727 -0.579185843
1413394001255760384.000000 0.352993190 -0.784248352 2.150811911 0.772285521 -0.030609306 -0.258865148 -0.579333186
1413394001305760512.000000 0.353071511 -0.784322262 2.150820017 0.772247374 -0.031009449 -0.259026587 -0.579290688
1413394001355760384.000000 0.353070885 -0.784450531 2.150784969 0.772356033 -0.030765735 -0.258822978 -0.579249859
1413394001405760512.000000 0.353078127 -0.784482718 2.150890589 0.772198021 -0.031033803 -0.259020716 -0.579357624
1413394001455760384.000000 0.353024751 -0.784612656 2.150902033 0.772281647 -0.030793108 -0.258938551 -0.579295874
1413394001505760512.000000 0.353063792 -0.784592152 2.150926113 0.772263587 -0.031065425 -0.259001285 -0.579277337
1413394001555760384.000000 0.353075594 -0.784620762 2.150934696 0.772235274 -0.030840956 -0.259100258 -0.579282820
1413394001605760512.000000 0.352747768 -0.784299850 2.150659561 0.772242546 -0.031051911 -0.259113759 -0.579255879
1413394001655760384.000000 0.352887094 -0.784420490 2.150815248 0.772250354 -0.031040980 -0.259040326 -0.579278767
1413394001705760512.000000 0.353025824 -0.784823895 2.150751829 0.772177875 -0.031112237 -0.259153247 -0.579321146
1413394001755760384.000000 0.353147358 -0.785062790 2.150782347 0.772157013 -0.031150253 -0.259142369 -0.579351842
1413394001805760512.000000 0.353224486 -0.785321951 2.150839090 0.772095203 -0.031205650 -0.259214401 -0.579398990
1413394001855760384.000000 0.353210360 -0.785486937 2.150804281 0.772057891 -0.031206990 -0.259281069 -0.579418719
1413394001905760512.000000 0.353211939 -0.785527229 2.150749922 0.772028685 -0.031275257 -0.259372383 -0.579413176
1413394001955760384.000000 0.353481799 -0.785847664 2.151038170 0.772011161 -0.031317104 -0.259489179 -0.579381943
1413394002005760512.000000 0.352997243 -0.784855604 2.150501490 0.772044241 -0.031308085 -0.259492934 -0.579336703
1413394002055760384.000000 0.352915615 -0.784427643 2.150301218 0.772083104 -0.031305160 -0.259469628 -0.579295516
1413394002105760512.000000 0.352833927 -0.785557508 2.151315212 0.772167146 -0.031399306 -0.259354651 -0.579229712
1413394002155760384.000000 0.352769524 -0.785308361 2.151234150 0.772115529 -0.031409260 -0.259445995 -0.579257190
1413394002205760512.000000 0.353276014 -0.785272598 2.150849581 0.772097170 -0.031442359 -0.259520322 -0.579246521
1413394002255760384.000000 0.353392571 -0.785092831 2.150625706 0.772094488 -0.031483144 -0.259467334 -0.579271674
1413394002305760512.000000 0.353349090 -0.784888983 2.150471449 0.772044897 -0.031456277 -0.259557605 -0.579298913
1413394002355760384.000000 0.353134155 -0.784754038 2.150499821 0.772042096 -0.031539943 -0.259603351 -0.579277515
1413394002405760512.000000 0.352911472 -0.784669399 2.150534868 0.772029877 -0.031513594 -0.259599239 -0.579297066
1413394002455760384.000000 0.352759838 -0.784650803 2.150609255 0.771999359 -0.031552590 -0.259649873 -0.579312921
1413394002505760512.000000 0.352668047 -0.784686804 2.150625229 0.771990836 -0.031555664 -0.259658068 -0.579320371
1413394002555760384.000000 0.352641732 -0.784756184 2.150709629 0.771995425 -0.031540401 -0.259660423 -0.579314053
1413394002605760512.000000 0.352996379 -0.785366058 2.151112318 0.772028744 -0.031681709 -0.259638667 -0.579271615
1413394002655760384.000000 0.353018165 -0.785491705 2.151174068 0.772032619 -0.031628542 -0.259646922 -0.579265773
1413394002705760512.000000 0.353050828 -0.785546064 2.151219368 0.772022784 -0.031715438 -0.259690791 -0.579254389
1413394002755760384.000000 0.353059828 -0.784974575 2.150781155 0.771995246 -0.031638272 -0.259765774 -0.579261780
1413394002805760512.000000 0.352999330 -0.784856558 2.150735140 0.771998048 -0.031784385 -0.259756118 -0.579254270
1413394002855760384.000000 0.352880806 -0.784738064 2.150764465 0.771934688 -0.031649638 -0.259921253 -0.579271972
1413394002905760512.000000 0.352837980 -0.784801722 2.150811911 0.771943569 -0.031655051 -0.259921432 -0.579259813
1413394002955760384.000000 0.352861345 -0.784928560 2.150887012 0.771964669 -0.031761270 -0.259892434 -0.579238892
1413394003005760512.000000 0.352882594 -0.785072565 2.150938988 0.771913648 -0.031706147 -0.260001093 -0.579261243
1413394003055760384.000000 0.352926940 -0.785269737 2.151024103 0.771922052 -0.031843774 -0.259993136 -0.579245985
1413394003105760512.000000 0.352919936 -0.785017967 2.150898457 0.771925569 -0.031763416 -0.260045141 -0.579222441
1413394003155760384.000000 0.352978200 -0.785188675 2.150958538 0.771897078 -0.031887043 -0.260143727 -0.579209268
1413394003205760512.000000 0.353046894 -0.785612345 2.151213169 0.771935463 -0.031811409 -0.259962827 -0.579243600
1413394003255760384.000000 0.352548629 -0.784746647 2.150731325 0.771842778 -0.031920440 -0.260228395 -0.579241872
1413394003305760512.000000 0.352600217 -0.784670830 2.150654793 0.771864712 -0.031907659 -0.260165572 -0.579241455
1413394003355760384.000000 0.352697968 -0.784644604 2.150556087 0.771852732 -0.032051429 -0.260216415 -0.579226732
