#Frame Timestamp[ns],Image Rect[ms],Image Resize[ms],ORB ext[ms],Stereo match[ms],IMU preint[ms],Pose pred[ms],LM track[ms],KF dec[ms],Total[ms]
1403715273262142976.000000,0.000000,0.000000,11.662030,4.879954,0.002232,7.073738,5.891749,0.001434,19.156612
1403715273312143104.000000,0.000000,0.000000,12.270872,5.080200,0.071822,5.865953,6.001559,0.000478,20.170549
1403715273362142976.000000,0.000000,0.000000,12.166030,4.814636,0.072327,4.322690,5.151364,0.000884,19.815938
1403715273412143104.000000,0.000000,0.000000,10.753752,6.543702,0.054742,4.793729,4.562632,0.000647,20.191726
1403715273462142976.000000,0.000000,0.000000,11.034959,9.946766,0.076845,6.892244,6.229519,4.192470,23.837004
1403715273512143104.000000,0.000000,0.000000,10.750007,9.804487,0.071644,5.585654,5.590043,0.000660,23.368764
1403715273562142976.000000,0.000000,0.000000,11.255871,11.248426,0.078972,4.661756,7.057156,0.000724,25.490395
1403715273612143104.000000,0.000000,0.000000,10.902513,10.753532,0.079318,4.161843,8.002863,0.000509,25.051234
1403715273662142976.000000,0.000000,0.000000,12.741058,9.150029,0.075613,4.746841,6.650096,0.000636,24.888815
1403715273712143104.000000,0.000000,0.000000,11.131510,4.808610,0.045912,8.633999,6.564547,3.677256,18.558112
1403715273762142976.000000,0.000000,0.000000,14.476064,4.709081,0.052381,6.874444,5.828144,0.000781,22.169732
1403715273812143104.000000,0.000000,0.000000,12.581413,4.760372,0.053030,4.811616,8.226549,0.001243,20.260623
1403715273862142976.000000,0.000000,0.000000,11.053240,5.652041,0.055910,5.089177,7.134587,0.000774,19.152895
1403715273912143104.000000,0.000000,0.000000,12.274955,12.392340,0.071120,3.853511,5.815963,0.000628,27.864513
1403715273962142976.000000,0.000000,0.000000,11.483005,8.815299,0.098964,4.697382,7.851202,2.632126,23.540334
1403715274012143104.000000,0.000000,0.000000,12.293685,7.684363,0.059640,5.051562,5.832481,0.000769,22.544230
1403715274062142976.000000,0.000000,0.000000,10.986764,8.416223,0.068213,4.162985,5.807776,0.000502,22.331104
1403715274112143104.000000,0.000000,0.000000,12.330764,4.995905,0.050154,5.945560,7.481460,0.000911,20.169846
1403715274162142976.000000,0.000000,0.000000,11.284539,6.117160,0.055290,5.705919,5.259039,0.000831,20.347568
1403715274212143104.000000,0.000000,0.000000,11.528507,5.222985,0.050443,5.649837,7.495329,3.233228,19.206355
1403715274262142976.000000,0.000000,0.000000,10.950043,11.452547,0.081739,6.032667,6.051481,0.000722,25.197009
1403715274312143104.000000,0.000000,0.000000,10.583293,5.168344,0.038222,4.883613,6.792924,0.000536,18.359578
1403715274362142976.000000,0.000000,0.000000,12.904156,5.775823,0.063078,5.198119,6.083005,0.000545,21.257267
1403715274412143104.000000,0.000000,0.000000,10.708465,5.522379,0.052398,5.014728,5.928026,0.000478,18.627130
1403715274462142976.000000,0.000000,0.000000,11.060685,4.949507,0.053391,4.713755,5.996419,2.207891,18.623980
1403715274512143104.000000,0.000000,0.000000,11.435481,11.759884,0.082211,5.278807,5.142804,0.000466,26.111786
1403715274562142976.000000,0.000000,0.000000,12.317578,5.205965,0.047019,4.553712,6.753119,0.000479,20.115148
1403715274612143104.000000,0.000000,0.000000,11.349995,12.200013,0.142747,4.779050,5.912423,0.000843,27.156135
1403715274662142976.000000,0.000000,0.000000,11.337616,13.015328,0.083781,4.322845,5.444311,0.001001,27.104469
1403715274712143104.000000,0.000000,0.000000,13.219861,4.422353,0.052247,6.040578,6.724849,2.513989,20.288910
1403715274762142976.000000,0.000000,0.000000,14.598597,12.100769,0.087741,5.043260,5.761045,0.000728,29.550618
1403715274812143104.000000,0.000000,0.000000,11.184883,11.293051,0.073839,4.965374,5.637476,0.000560,25.571743
1403715274862142976.000000,0.000000,0.000000,12.917270,5.909878,0.110331,4.458437,6.806005,0.000450,21.785139
1403715274912143104.000000,0.000000,0.000000,11.119695,13.121280,0.146593,4.662886,5.959413,0.000886,27.710972
1403715274962142976.000000,0.000000,0.000000,10.760771,5.411000,0.049527,6.041903,7.566235,3.664024,18.911586
1403715275012143104.000000,0.000000,0.000000,10.642122,13.382634,0.083696,6.784150,6.093934,0.000731,26.944859
1403715275062142976.000000,0.000000,0.000000,11.240305,10.601022,0.071201,5.751817,8.099112,0.000870,24.711485
1403715275112143104.000000,0.000000,0.000000,10.875849,10.839141,0.046210,5.250580,6.270988,0.000578,24.710736
1403715275162142976.000000,0.000000,0.000000,11.892173,5.277671,0.043708,4.501360,7.034054,0.000765,19.799176
1403715275212143104.000000,0.000000,0.000000,12.120762,5.448162,0.043264,4.455205,6.512328,2.965728,20.486977
1403715275262142976.000000,0.000000,0.000000,11.470150,4.906125,0.042513,7.153804,7.765696,0.000837,18.896241
1403715275312143104.000000,0.000000,0.000000,11.064571,6.205541,0.042070,5.254621,8.394940,0.001010,19.994426
1403715275362142976.000000,0.000000,0.000000,11.033283,10.810669,0.090792,3.930648,5.973178,0.001247,25.155566
1403715275412143104.000000,0.000000,0.000000,10.346098,12.987169,0.091967,4.453481,7.673986,0.000628,26.593655
1403715275462142976.000000,0.000000,0.000000,11.547539,4.603907,0.060770,4.477836,8.913269,3.733196,18.825285
1403715275512143104.000000,0.000000,0.000000,11.167341,11.856099,0.087128,4.108766,6.489411,0.001019,25.891887
1403715275562142976.000000,0.000000,0.000000,11.176292,11.746652,0.065953,0.057818,7.545641,0.060765,25.814803
1403715275612143104.000000,0.000000,0.000000,11.973945,9.615138,0.096338,0.032584,10.648823,4.666503,25.121467
1403715275662142976.000000,0.000000,0.000000,11.012543,11.877677,0.096131,0.069839,11.074326,0.101233,25.854537
1403715275712143104.000000,0.000000,0.000000,12.773524,4.859084,0.052559,0.048758,8.631529,3.327200,20.107369
1403715275762142976.000000,0.000000,0.000000,10.619116,12.173296,0.080945,0.084237,10.166508,0.105439,25.544145
1403715275812143104.000000,0.000000,0.000000,11.810149,12.200379,0.087730,0.054536,9.335221,0.075507,27.000939
1403715275862142976.000000,0.000000,0.000000,11.468819,5.238803,0.057719,0.058442,10.242944,0.057149,19.468884
1403715275912143104.000000,0.000000,0.000000,13.051248,12.915971,0.091660,0.045078,10.203671,0.117216,29.486965
1403715275962142976.000000,0.000000,0.000000,11.624994,4.699838,0.067947,0.043627,9.647489,0.071250,18.959725
1403715276012143104.000000,0.000000,0.000000,11.183924,11.767667,0.088018,0.051656,10.117349,0.063056,25.876755
1403715276062142976.000000,0.000000,0.000000,11.366563,5.427924,0.059182,0.050794,10.020526,0.133044,19.534236
1403715276112143104.000000,0.000000,0.000000,11.924509,12.894447,0.095618,0.045376,12.193776,0.077899,27.646162
1403715276162142976.000000,0.000000,0.000000,11.103348,11.739009,0.045780,0.045711,8.802815,0.059097,25.354234
1403715276212143104.000000,0.000000,0.000000,12.122210,4.997555,0.050862,0.038819,8.750530,3.920500,19.622356
1403715276262142976.000000,0.000000,0.000000,12.888338,12.544737,0.088274,0.045521,10.391985,0.092858,28.633942
1403715276312143104.000000,0.000000,0.000000,11.281871,7.084791,0.067071,0.051576,13.189447,0.070330,21.175563
1403715276362142976.000000,0.000000,0.000000,10.528720,10.759925,0.052552,0.057841,11.404951,0.066236,24.223493
1403715276412143104.000000,0.000000,0.000000,10.967801,11.886960,0.099991,0.049887,13.260845,0.081113,25.840448
1403715276462142976.000000,0.000000,0.000000,10.700052,5.189788,0.039365,0.063328,11.530277,0.067210,18.467956
1403715276512143104.000000,0.000000,0.000000,11.232771,11.452138,0.084183,0.051634,13.189945,0.156025,25.744414
1403715276562142976.000000,0.000000,0.000000,11.719637,4.911132,0.055590,0.042332,9.525792,4.995182,19.632264
1403715276612143104.000000,0.000000,0.000000,11.408720,5.085198,0.042723,0.053269,12.940263,0.084823,19.177060
1403715276662142976.000000,0.000000,0.000000,11.673316,7.826521,0.060107,0.055458,12.033753,0.113175,22.181558
1403715276712143104.000000,0.000000,0.000000,11.047519,12.832695,0.044684,0.055589,13.434407,0.104335,26.484191
1403715276762142976.000000,0.000000,0.000000,12.325987,4.833433,0.055235,0.069276,13.380726,0.075984,19.987774
1403715276812143104.000000,0.000000,0.000000,11.708862,10.734101,0.075129,0.057071,13.013343,0.082327,25.457096
1403715276862142976.000000,0.000000,0.000000,13.600333,4.937985,0.043895,0.056280,13.493301,0.097670,21.276495
1403715276912143104.000000,0.000000,0.000000,11.112168,5.511126,0.042439,0.059933,13.485281,0.072625,19.583524
1403715276962142976.000000,0.000000,0.000000,11.610645,9.481602,0.086690,0.061515,13.657330,0.079256,23.904681
1403715277012143104.000000,0.000000,0.000000,10.796204,8.660395,0.048400,0.050049,14.408607,0.088284,22.021228
1403715277062142976.000000,0.000000,0.000000,11.273277,6.534260,0.045886,0.050306,11.335745,4.916146,20.309966
1403715277112143104.000000,0.000000,0.000000,12.138375,12.181671,0.086924,0.100014,13.412103,0.107812,27.557675
1403715277162142976.000000,0.000000,0.000000,11.204602,10.755907,0.047118,0.068971,11.548984,0.095665,24.563221
1403715277212143104.000000,0.000000,0.000000,12.867779,9.106401,0.077623,0.053944,12.490487,0.092733,24.895611
1403715277262142976.000000,0.000000,0.000000,11.868139,12.327830,0.083534,0.072523,12.715984,0.078181,27.655664
1403715277312143104.000000,0.000000,0.000000,11.070283,5.455736,0.077123,0.058156,13.474621,0.117338,19.549103
1403715277362142976.000000,0.000000,0.000000,11.096982,6.538682,0.048378,0.056504,12.416418,0.089616,20.246733
1403715277412143104.000000,0.000000,0.000000,12.879084,8.129142,0.087458,0.053855,12.156835,0.078121,23.922030
1403715277462142976.000000,0.000000,0.000000,11.392009,4.539736,0.054867,0.044077,10.345431,0.083973,18.441058
1403715277512143104.000000,0.000000,0.000000,12.530220,5.313492,0.046477,0.044884,11.609405,0.111974,20.598842
1403715277562142976.000000,0.000000,0.000000,11.229898,4.583600,0.055973,0.051970,10.517922,4.997987,18.661990
1403715277612143104.000000,0.000000,0.000000,11.264150,9.135256,0.075250,0.043585,11.782419,0.132584,23.033711
1403715277662142976.000000,0.000000,0.000000,10.911169,8.341687,0.076060,0.062892,12.290811,0.101490,22.645480
1403715277712143104.000000,0.000000,0.000000,10.966681,12.209284,0.086868,0.064654,11.002152,0.077695,26.695205
1403715277762142976.000000,0.000000,0.000000,12.172344,5.131424,0.051945,0.085196,11.706007,0.104933,20.396406
1403715277812143104.000000,0.000000,0.000000,11.926867,5.340063,0.045565,0.048781,11.765390,0.211886,20.462468
1403715277862142976.000000,0.000000,0.000000,10.823739,4.582857,0.052433,0.048967,11.612948,4.549818,17.978783
1403715277912143104.000000,0.000000,0.000000,11.383145,5.403236,0.044531,0.085754,14.352610,0.139173,19.527636
1403715277962142976.000000,0.000000,0.000000,12.327314,5.172450,0.059837,0.035892,12.290202,0.083693,20.341152
1403715278012143104.000000,0.000000,0.000000,12.210798,5.845641,0.055133,0.090667,16.186306,0.096202,20.733794
1403715278062142976.000000,0.000000,0.000000,10.781730,6.198109,0.074373,0.061068,12.528236,0.106914,20.260153
1403715278112143104.000000,0.000000,0.000000,11.003406,9.879803,0.079716,0.057444,13.620049,0.103970,24.315828
1403715278162142976.000000,0.000000,0.000000,12.065505,13.935222,0.091102,0.057881,12.791267,0.084713,29.034676
1403715278212143104.000000,0.000000,0.000000,10.738910,11.985506,0.045974,0.053254,14.440124,0.097776,25.195895
1403715278262142976.000000,0.000000,0.000000,10.645905,14.581509,0.068982,0.058401,10.324227,5.195804,28.528837
1403715278312143104.000000,0.000000,0.000000,11.449491,4.912616,0.051122,0.074001,13.356536,0.092209,19.424542
1403715278362142976.000000,0.000000,0.000000,10.806826,12.223256,0.100389,0.072758,12.503282,0.157633,25.922138
1403715278412143104.000000,0.000000,0.000000,11.417605,9.966970,0.087846,0.063575,14.644900,0.106756,39.121015
1403715278462142976.000000,0.000000,0.000000,12.275780,5.197013,0.047654,0.067152,12.133097,0.107729,33.317800
1403715278512143104.000000,0.000000,0.000000,11.251879,6.758410,0.080702,0.059534,11.570117,0.128396,32.965854
1403715278562142976.000000,0.000000,0.000000,12.397101,5.429273,0.045036,0.057415,11.842807,0.143119,29.915830
1403715278612143104.000000,0.000000,0.000000,11.353488,4.811811,0.054579,0.059519,13.034686,0.178357,28.460544
1403715278662142976.000000,0.000000,0.000000,10.241168,7.417859,0.065054,0.053567,11.814022,0.120655,38.402322
1403715278712143104.000000,0.000000,0.000000,11.932973,4.882691,0.051018,0.079544,12.609653,0.110455,30.596035
1403715278762142976.000000,0.000000,0.000000,11.537242,4.825369,0.062376,0.058418,15.300537,4.198895,30.826077
1403715278812143104.000000,0.000000,0.000000,10.352542,5.602074,0.066247,0.087717,13.055702,0.259706,31.122371
1403715278862142976.000000,0.000000,0.000000,11.199173,4.724175,0.063215,0.069750,14.164406,0.117716,29.927130
1403715278912143104.000000,0.000000,0.000000,10.628862,5.697708,0.107346,0.098915,12.602869,0.071698,38.408555
1403715278962142976.000000,0.000000,0.000000,10.131105,10.061128,0.073090,0.067674,12.518324,0.106003,35.739153
1403715279012143104.000000,0.000000,0.000000,11.647112,6.485741,0.069794,0.065942,14.112869,0.106933,33.837648
1403715279062142976.000000,0.000000,0.000000,10.590780,6.117281,0.077638,0.073417,13.552270,0.089765,31.679595
1403715279112143104.000000,0.000000,0.000000,10.054424,5.349281,0.076812,0.057877,11.822023,0.094837,27.899852
1403715279162142976.000000,0.000000,0.000000,10.394582,6.455164,0.079108,0.062031,13.633030,0.081552,34.625560
1403715279212143104.000000,0.000000,0.000000,10.448540,4.893570,0.074441,0.064992,16.976853,3.997600,29.225153
1403715279262142976.000000,0.000000,0.000000,10.546939,4.886066,0.074220,0.068196,13.932337,0.106671,28.223625
1403715279312143104.000000,0.000000,0.000000,10.543389,7.052977,0.071013,0.067171,14.334323,0.137612,33.678053
1403715279362142976.000000,0.000000,0.000000,10.461888,7.583806,0.078245,0.083936,13.432121,0.080733,31.816408
1403715279412143104.000000,0.000000,0.000000,10.224888,7.869904,0.071116,0.101793,14.874426,0.121523,37.767621
1403715279462142976.000000,0.000000,0.000000,11.087893,6.152516,0.061857,0.067459,14.326536,0.101022,32.065235
1403715279512143104.000000,0.000000,0.000000,11.169931,4.629451,0.068358,0.101853,14.176907,0.089168,30.091725
1403715279562142976.000000,0.000000,0.000000,10.382455,4.808635,0.080357,0.062346,11.959817,3.234691,29.344122
1403715279612143104.000000,0.000000,0.000000,10.605359,5.126991,0.063197,0.049641,13.408257,0.149374,29.222397
1403715279662142976.000000,0.000000,0.000000,12.036640,5.272494,0.046194,0.085469,13.000574,0.139079,33.047076
1403715279712143104.000000,0.000000,0.000000,10.640403,5.108329,0.070804,0.090701,12.441633,0.070569,30.041779
1403715279762142976.000000,0.000000,0.000000,10.008626,4.723992,0.068917,0.078188,13.299209,0.095501,28.614685
1403715279812143104.000000,0.000000,0.000000,10.576134,4.825762,0.060129,0.063367,13.469430,0.090394,28.683191
1403715279862142976.000000,0.000000,0.000000,10.025833,5.322767,0.075663,0.071747,13.511788,3.812804,27.838339
1403715279912143104.000000,0.000000,0.000000,10.854135,5.047800,0.066900,0.047167,13.087793,0.101220,34.095669
1403715279962142976.000000,0.000000,0.000000,9.959082,4.699738,0.068029,0.072579,13.349010,0.114962,28.163182
1403715280012143104.000000,0.000000,0.000000,10.546166,5.033128,0.072881,0.201873,13.698901,4.698111,29.390319
1403715280062142976.000000,0.000000,0.000000,10.232939,5.215351,0.076513,0.135381,17.224406,0.132689,29.692658
1403715280112143104.000000,0.000000,0.000000,10.567981,4.885738,0.101715,0.076675,14.848727,0.117295,28.980176
1403715280162142976.000000,0.000000,0.000000,11.247495,6.909509,0.108478,0.080253,13.169539,0.079633,38.216070
1403715280212143104.000000,0.000000,0.000000,10.114829,7.343984,0.084394,0.066331,13.508988,3.378613,33.659081
1403715280262142976.000000,0.000000,0.000000,10.480215,8.368511,0.073515,0.084393,14.745973,0.122057,35.807381
1403715280312143104.000000,0.000000,0.000000,11.360514,4.930275,0.076721,0.094656,14.498616,0.139619,30.632152
1403715280362142976.000000,0.000000,0.000000,13.438023,5.417914,0.070827,0.070025,11.551656,0.115183,33.675114
1403715280412143104.000000,0.000000,0.000000,10.633754,5.831292,0.069623,0.072953,17.176331,0.109251,33.003165
1403715280462142976.000000,0.000000,0.000000,10.933832,7.986347,0.091991,0.079982,12.032223,0.075913,36.754556
1403715280512143104.000000,0.000000,0.000000,11.889685,6.235068,0.074035,0.082159,15.331127,0.124049,34.469400
1403715280562142976.000000,0.000000,0.000000,9.284976,4.635927,0.060964,0.061084,12.219461,0.096732,26.417304
1403715280612143104.000000,0.000000,0.000000,9.849400,6.792536,0.087957,0.079478,12.663807,4.015497,32.044141
1403715280662142976.000000,0.000000,0.000000,9.900419,6.939639,0.093046,0.070615,13.039477,0.089539,36.750776
1403715280712143104.000000,0.000000,0.000000,10.826418,4.412501,0.070561,0.109524,17.440046,0.122318,28.454222
1403715280762142976.000000,0.000000,0.000000,9.027280,4.993198,0.069572,0.041974,11.711916,0.085562,24.613090
1403715280812143104.000000,0.000000,0.000000,10.430027,7.311299,0.082236,0.098803,13.153320,0.074904,35.938580
1403715280862142976.000000,0.000000,0.000000,11.248666,4.060400,0.082758,0.065609,12.965094,0.098647,29.472611
1403715280912143104.000000,0.000000,0.000000,9.906696,6.505353,0.106156,0.066954,13.540885,0.091087,31.556431
1403715280962142976.000000,0.000000,0.000000,9.555609,5.061645,0.082574,0.066608,13.770133,0.082159,28.701002
1403715281012143104.000000,0.000000,0.000000,9.757457,4.637462,0.082150,0.060222,13.035779,4.187012,27.332243
1403715281062142976.000000,0.000000,0.000000,9.992142,5.124019,0.102958,0.054859,13.270417,0.113561,28.882941
1403715281112143104.000000,0.000000,0.000000,10.816781,4.670365,0.096893,0.084253,13.296633,0.125711,29.144149
1403715281162142976.000000,0.000000,0.000000,10.591552,4.723101,0.081203,0.070559,12.013010,0.088809,27.999448
1403715281212143104.000000,0.000000,0.000000,10.301162,4.940624,0.120928,0.065737,13.359789,0.113632,28.578914
1403715281262142976.000000,0.000000,0.000000,10.674006,5.121234,0.106837,0.085928,17.622139,0.097492,29.453893
1403715281312143104.000000,0.000000,0.000000,10.679420,6.689098,0.101033,0.060899,12.688739,0.101701,32.650567
1403715281362142976.000000,0.000000,0.000000,11.442109,4.479648,0.094756,0.087632,12.024399,0.090150,27.907195
1403715281412143104.000000,0.000000,0.000000,11.639626,4.855898,0.086501,0.060093,13.110897,0.082552,32.181124
1403715281462142976.000000,0.000000,0.000000,12.724060,4.605224,0.089069,0.063211,12.690615,0.078443,30.942278
1403715281512143104.000000,0.000000,0.000000,11.310865,8.065710,0.135680,0.053000,11.071619,4.854494,35.824795
1403715281562142976.000000,0.000000,0.000000,10.548379,8.339982,0.097424,0.101904,13.980916,0.129656,33.556757
1403715281612143104.000000,0.000000,0.000000,11.784626,7.081281,0.086967,0.070647,12.479449,0.126369,35.301384
1403715281662142976.000000,0.000000,0.000000,12.720260,7.940402,0.108677,0.060852,12.167248,0.100397,35.352136
1403715281712143104.000000,0.000000,0.000000,10.178304,8.772931,0.103539,0.063270,13.367959,0.087825,35.934129
1403715281762142976.000000,0.000000,0.000000,11.460394,5.756809,0.091200,0.070229,11.709451,0.074296,34.836985
1403715281812143104.000000,0.000000,0.000000,11.543965,5.950623,0.097278,0.058882,12.511794,0.109945,33.783645
1403715281862142976.000000,0.000000,0.000000,11.198793,6.404488,0.101632,0.065485,13.370992,0.087330,33.796022
1403715281912143104.000000,0.000000,0.000000,10.525571,7.812533,0.098220,0.075193,12.183024,0.089407,34.895127
1403715281962142976.000000,0.000000,0.000000,12.044516,7.842136,0.127962,0.055467,11.856324,0.112056,36.542245
1403715282012143104.000000,0.000000,0.000000,11.708434,6.950508,0.101025,0.055181,10.975317,4.420978,35.129865
1403715282062142976.000000,0.000000,0.000000,12.829919,7.698846,0.104974,0.056449,12.150618,0.107540,37.055583
1403715282112143104.000000,0.000000,0.000000,12.520619,7.885260,0.117202,0.070868,13.810824,0.136296,39.307816
1403715282162142976.000000,0.000000,0.000000,10.975185,7.940834,0.113587,0.077074,11.335790,0.098899,35.838246
1403715282212143104.000000,0.000000,0.000000,12.930338,10.194088,0.105111,0.122403,12.213427,0.069408,40.983595
1403715282262142976.000000,0.000000,0.000000,10.923533,6.039047,0.094703,0.066826,11.456656,0.074341,36.174966
1403715282312143104.000000,0.000000,0.000000,11.864612,7.440282,0.114033,0.055370,12.291880,0.120644,36.155970
1403715282362142976.000000,0.000000,0.000000,13.459484,6.859088,0.125815,0.078342,11.673913,0.090243,35.707039
1403715282412143104.000000,0.000000,0.000000,11.915004,6.105543,0.064448,0.054436,10.748581,0.073837,33.626435
1403715282462142976.000000,0.000000,0.000000,10.839208,5.725364,0.143457,0.054094,14.491640,0.103136,32.735790
1403715282512143104.000000,0.000000,0.000000,11.854770,7.536245,0.116743,0.052854,10.798760,4.302703,36.580820
1403715282562142976.000000,0.000000,0.000000,12.585311,8.829037,0.108547,0.093760,12.243069,0.099302,37.296877
1403715282612143104.000000,0.000000,0.000000,12.593277,7.091231,0.152751,0.072773,15.197042,0.168809,35.338844
1403715282662142976.000000,0.000000,0.000000,12.253528,5.463084,0.103131,0.053624,11.771753,0.081717,31.317827
1403715282712143104.000000,0.000000,0.000000,10.689607,6.288316,0.097072,0.060818,10.802879,0.066884,31.915093
1403715282762142976.000000,0.000000,0.000000,12.683013,5.678400,0.129255,0.058518,11.714850,4.483051,37.106425
1403715282812143104.000000,0.000000,0.000000,12.189429,6.186492,0.091239,0.049351,13.552447,0.107241,33.683336
1403715282862142976.000000,0.000000,0.000000,13.550415,7.118309,0.111972,0.075742,12.500398,0.114354,36.414959
1403715282912143104.000000,0.000000,0.000000,11.220070,5.264946,0.145196,0.041780,10.662483,0.112062,31.238225
1403715282962142976.000000,0.000000,0.000000,11.965706,7.341213,0.163755,0.065687,13.257436,0.079632,34.289931
1403715283012143104.000000,0.000000,0.000000,13.680354,5.169465,0.116627,0.058436,12.974179,0.115670,34.497691
1403715283062142976.000000,0.000000,0.000000,12.018239,5.953646,0.107452,0.055441,11.020336,0.094579,37.618842
1403715283112143104.000000,0.000000,0.000000,13.012319,10.817012,0.115618,0.082608,11.702857,0.088804,41.947094
1403715283162142976.000000,0.000000,0.000000,11.238739,6.397626,0.086046,0.050685,10.328507,0.071736,34.382726
1403715283212143104.000000,0.000000,0.000000,11.689517,6.185172,0.140890,0.049978,9.633329,0.134999,37.743751
1403715283262142976.000000,0.000000,0.000000,11.074445,6.830602,0.113991,0.056127,13.519893,7.697547,33.717390
1403715283312143104.000000,0.000000,0.000000,12.939695,6.002623,0.102370,0.070159,11.788941,0.090808,36.148718
1403715283362142976.000000,0.000000,0.000000,10.976617,7.668952,0.124420,0.082138,13.355413,0.133352,34.686512
1403715283412143104.000000,0.000000,0.000000,12.543280,8.080125,0.116257,0.124733,13.901594,0.107426,38.377175
1403715283462142976.000000,0.000000,0.000000,12.975217,6.470057,0.199553,0.134456,12.082376,0.081547,38.394759
1403715283512143104.000000,0.000000,0.000000,11.877389,6.316213,0.117408,0.092264,13.791772,0.103715,35.228982
1403715283562142976.000000,0.000000,0.000000,12.455861,5.833780,0.121818,0.076615,12.830937,0.088458,34.382437
1403715283612143104.000000,0.000000,0.000000,11.413690,5.386312,0.131231,0.098199,11.499503,0.064225,34.869218
1403715283662142976.000000,0.000000,0.000000,11.723025,5.727041,0.122764,0.073177,12.179955,0.097345,33.028942
1403715283712143104.000000,0.000000,0.000000,11.806031,6.219229,0.115700,0.067093,13.517249,0.101404,32.976313
1403715283762142976.000000,0.000000,0.000000,12.119863,6.090742,0.135931,0.072109,12.298148,4.015001,33.431578
1403715283812143104.000000,0.000000,0.000000,12.261796,8.796319,0.124139,0.052501,12.095727,0.107837,37.618506
1403715283862142976.000000,0.000000,0.000000,11.835186,7.023353,0.121157,0.074261,13.109906,0.135516,34.149837
1403715283912143104.000000,0.000000,0.000000,13.820647,5.226170,0.158857,0.083218,12.359683,0.112427,35.212624
1403715283962142976.000000,0.000000,0.000000,11.708711,5.387755,0.131805,0.073551,11.516788,0.098273,40.302460
1403715284012143104.000000,0.000000,0.000000,10.862063,6.797103,0.159221,0.066724,12.666805,0.158317,34.901109
1403715284062142976.000000,0.000000,0.000000,13.076465,6.825548,0.125505,0.092810,12.754708,0.079547,37.508868
1403715284112143104.000000,0.000000,0.000000,12.047220,7.441476,0.156699,0.070973,11.558552,0.078682,35.336673
1403715284162142976.000000,0.000000,0.000000,11.889115,5.785681,0.120943,0.064454,13.281959,4.643654,34.619672
1403715284212143104.000000,0.000000,0.000000,14.618093,6.823701,0.122828,0.054891,12.527030,0.087387,38.782556
1403715284262142976.000000,0.000000,0.000000,12.332434,6.975341,0.129876,0.069037,11.792168,0.158073,36.239264
1403715284312143104.000000,0.000000,0.000000,11.006966,7.053740,0.131760,0.066034,11.227237,0.136350,33.262292
1403715284362142976.000000,0.000000,0.000000,14.238449,9.443128,0.138882,0.071815,10.577458,0.080357,40.739589
1403715284412143104.000000,0.000000,0.000000,10.817796,7.575770,0.085263,0.063265,10.418825,0.081513,42.865533
1403715284462142976.000000,0.000000,0.000000,12.294815,6.188865,0.112778,0.058556,10.381722,4.158419,35.930549
1403715284512143104.000000,0.000000,0.000000,11.132743,6.445998,0.124224,0.063360,11.850673,0.094506,35.873274
1403715284562142976.000000,0.000000,0.000000,13.763009,6.901639,0.139011,0.070568,12.391113,0.131187,37.324742
1403715284612143104.000000,0.000000,0.000000,12.007570,5.391140,0.128402,0.076598,13.140404,0.092906,35.956453
1403715284662142976.000000,0.000000,0.000000,13.319246,7.031143,0.120805,0.072515,11.896489,0.104276,37.873502
1403715284712143104.000000,0.000000,0.000000,12.503269,5.792847,0.162364,0.078644,11.503302,0.111387,35.871738
1403715284762142976.000000,0.000000,0.000000,12.030314,5.497548,0.120678,0.104969,13.174689,0.082426,36.165791
1403715284812143104.000000,0.000000,0.000000,11.766047,5.793512,0.111033,0.070821,10.623768,0.066553,34.559617
1403715284862142976.000000,0.000000,0.000000,9.134677,5.799907,0.177583,0.065051,13.425173,0.112670,30.682151
1403715284912143104.000000,0.000000,0.000000,11.868701,6.565941,0.146027,0.074968,13.235241,0.079291,34.220248
1403715284962142976.000000,0.000000,0.000000,11.635383,6.298927,0.112387,0.120276,14.439517,3.182238,34.884991
1403715285012143104.000000,0.000000,0.000000,12.248292,5.563092,0.116838,0.055841,13.096561,0.100227,34.469702
1403715285062142976.000000,0.000000,0.000000,12.798777,7.380874,0.123577,0.086330,12.433776,0.150091,40.600322
1403715285112143104.000000,0.000000,0.000000,11.217765,6.400543,0.106705,0.073930,11.608759,0.110254,34.053067
1403715285162142976.000000,0.000000,0.000000,11.979170,7.612562,0.127236,0.078573,12.249254,0.078430,36.696333
1403715285212143104.000000,0.000000,0.000000,10.758880,6.756660,0.226021,0.084945,12.027820,0.068187,40.047534
1403715285262142976.000000,0.000000,0.000000,10.829359,9.009024,0.165851,0.081107,14.605815,0.139612,40.712521
1403715285312143104.000000,0.000000,0.000000,11.981610,6.982998,0.107438,0.080972,13.448838,0.081444,37.754788
1403715285362142976.000000,0.000000,0.000000,10.880540,5.964753,0.140248,0.068969,11.095941,0.065669,33.437076
1403715285412143104.000000,0.000000,0.000000,12.287116,6.597702,0.122691,0.067590,11.043765,0.080434,39.115345
1403715285462142976.000000,0.000000,0.000000,12.172988,6.884093,0.151579,0.103400,13.543451,4.294297,37.182327
1403715285512143104.000000,0.000000,0.000000,13.129430,6.098709,0.080938,0.079269,11.474961,0.078265,37.456127
1403715285562142976.000000,0.000000,0.000000,12.894489,5.361853,0.094389,0.071761,11.919796,0.119901,33.761967
1403715285612143104.000000,0.000000,0.000000,11.854381,6.771013,0.127377,0.069812,11.784903,0.086298,39.540386
1403715285662142976.000000,0.000000,0.000000,12.870259,5.779063,0.126757,0.078787,13.501435,0.080516,34.079126
1403715285712143104.000000,0.000000,0.000000,11.379345,8.080559,0.134469,0.075505,13.421162,0.096588,38.260755
1403715285762142976.000000,0.000000,0.000000,12.489144,5.560015,0.121622,0.069726,11.873045,0.078195,33.616521
1403715285812143104.000000,0.000000,0.000000,12.931677,5.706736,0.124039,0.084655,10.577525,3.866390,38.489515
1403715285862142976.000000,0.000000,0.000000,12.440445,6.243012,0.124124,0.066911,11.680879,0.133028,35.563356
1403715285912143104.000000,0.000000,0.000000,12.894915,6.250222,0.247201,0.077036,13.271502,0.132583,40.476444
1403715285962142976.000000,0.000000,0.000000,13.513939,6.066134,0.124664,0.089957,11.693144,0.112312,34.346558
1403715286012143104.000000,0.000000,0.000000,12.284535,6.862599,0.162085,0.066912,11.773007,0.092237,36.057338
1403715286062142976.000000,0.000000,0.000000,11.655665,7.102454,0.042592,0.106786,12.792276,4.554427,34.257573
1403715286112143104.000000,0.000000,0.000000,11.075877,5.780913,0.118408,0.059174,13.516240,0.119600,33.749880
1403715286162142976.000000,0.000000,0.000000,11.352316,7.277009,0.151500,0.071843,13.758253,0.152736,36.045887
1403715286212143104.000000,0.000000,0.000000,11.578475,6.525375,0.112587,0.065773,12.150322,0.123444,39.005635
1403715286262142976.000000,0.000000,0.000000,11.490136,6.737783,0.113988,0.090375,11.437176,0.063439,35.210196
1403715286312143104.000000,0.000000,0.000000,12.653103,8.401806,0.135477,0.072216,11.769603,0.098183,38.299926
1403715286362142976.000000,0.000000,0.000000,12.906591,7.186406,0.127503,0.074104,11.331369,0.081685,35.800898
1403715286412143104.000000,0.000000,0.000000,11.002006,7.161497,0.130272,0.070776,11.617168,0.066722,34.910900
1403715286462142976.000000,0.000000,0.000000,12.061792,7.696375,0.124194,0.067569,13.525704,4.202071,41.764160
1403715286512143104.000000,0.000000,0.000000,11.707337,10.355192,0.114011,0.070681,11.957020,0.086788,38.259784
1403715286562142976.000000,0.000000,0.000000,13.802584,6.295285,0.243852,0.077560,12.201365,0.119739,35.711588
1403715286612143104.000000,0.000000,0.000000,11.543472,6.497486,0.112020,0.067394,13.607956,0.121789,35.109234
1403715286662142976.000000,0.000000,0.000000,12.653523,7.197345,0.114492,0.039925,11.502282,0.147397,36.067593
1403715286712143104.000000,0.000000,0.000000,11.721347,6.010741,0.120748,0.063998,10.132015,4.989775,36.802653
1403715286762142976.000000,0.000000,0.000000,12.673054,7.220430,0.112612,0.060872,12.553506,0.112706,37.350803
1403715286812143104.000000,0.000000,0.000000,10.621530,6.242385,0.114701,0.071452,11.452861,0.122397,32.934798
1403715286862142976.000000,0.000000,0.000000,11.628921,5.975908,0.129269,0.075749,12.389983,0.120446,33.099926
1403715286912143104.000000,0.000000,0.000000,12.415129,5.637996,0.115885,0.069361,10.663908,0.089792,34.654079
1403715286962142976.000000,0.000000,0.000000,11.731333,5.521104,0.117009,0.083228,15.218168,0.114803,32.304006
1403715287012143104.000000,0.000000,0.000000,12.042574,6.174993,0.105385,0.082556,12.154638,0.078383,34.112540
1403715287062142976.000000,0.000000,0.000000,11.995782,7.520981,0.132690,0.076228,12.521707,0.083378,36.063824
1403715287112143104.000000,0.000000,0.000000,11.839269,6.196496,0.116443,0.079176,11.716568,0.067777,34.015716
1403715287162142976.000000,0.000000,0.000000,13.131689,6.134192,0.105456,0.065094,10.604354,0.081809,34.832652
1403715287212143104.000000,0.000000,0.000000,12.722981,5.338716,0.117191,0.065853,10.981999,4.528698,36.501317
1403715287262142976.000000,0.000000,0.000000,11.796801,5.333206,0.132206,0.072471,13.013141,0.117813,33.180343
1403715287312143104.000000,0.000000,0.000000,12.437496,8.162745,0.111265,0.065756,11.756689,0.113003,38.133923
1403715287362142976.000000,0.000000,0.000000,12.942249,5.496777,0.115998,0.083524,10.924722,0.075684,33.068288
1403715287412143104.000000,0.000000,0.000000,11.842829,5.323833,0.204181,0.059078,9.015000,3.997128,32.663575
1403715287462142976.000000,0.000000,0.000000,11.442591,5.883523,0.111026,0.062767,10.354874,0.123296,32.230258
1403715287512143104.000000,0.000000,0.000000,12.304023,5.564477,0.111935,0.057376,11.218951,0.132979,33.293702
1403715287562142976.000000,0.000000,0.000000,13.077350,5.377969,0.163926,0.063282,11.282640,0.088105,33.432424
1403715287612143104.000000,0.000000,0.000000,11.452222,6.999213,0.116233,0.057297,10.588508,4.781749,32.675289
1403715287662142976.000000,0.000000,0.000000,11.820450,7.169831,0.123837,0.094975,12.655343,0.096385,36.945389
1403715287712143104.000000,0.000000,0.000000,11.323034,5.463196,0.113499,0.061827,13.449593,0.129810,34.879651
1403715287762142976.000000,0.000000,0.000000,11.543024,6.785721,0.063720,0.052591,10.170431,0.141886,34.095405
1403715287812143104.000000,0.000000,0.000000,11.286392,6.722401,0.133256,0.073926,11.439511,5.466349,36.605296
1403715287862142976.000000,0.000000,0.000000,11.680958,8.567209,0.121443,0.059544,12.172852,0.124979,35.731912
1403715287912143104.000000,0.000000,0.000000,11.574658,5.732720,0.118386,0.063572,11.751946,0.135994,31.420422
1403715287962142976.000000,0.000000,0.000000,10.884684,5.942371,0.149068,0.076507,12.938625,0.106582,36.517694
1403715288012143104.000000,0.000000,0.000000,12.532847,5.501387,0.111818,0.070482,11.455956,0.102992,34.860506
1403715288062142976.000000,0.000000,0.000000,13.221212,6.398128,0.125082,0.056273,12.418371,0.099970,35.735586
1403715288112143104.000000,0.000000,0.000000,12.306261,6.572559,0.108175,0.072222,11.093781,5.263517,34.327453
1403715288162142976.000000,0.000000,0.000000,12.787789,8.420971,0.140326,0.071517,13.408662,0.103598,38.199928
1403715288212143104.000000,0.000000,0.000000,11.325023,7.527604,0.136573,0.076162,12.970221,0.134290,35.329675
1403715288262142976.000000,0.000000,0.000000,11.701632,5.972962,0.104490,0.089049,13.544800,0.120600,32.259058
1403715288312143104.000000,0.000000,0.000000,11.217525,6.941497,0.128224,0.054059,12.579187,0.123415,33.304313
1403715288362142976.000000,0.000000,0.000000,12.464479,6.287995,0.100946,0.088351,12.025555,0.119117,32.245999
1403715288412143104.000000,0.000000,0.000000,11.901404,7.776518,0.112316,0.067388,11.088988,0.094449,32.665904
1403715288462142976.000000,0.000000,0.000000,12.540322,6.574812,0.133682,0.054343,11.116149,0.087880,43.506777
1403715288512143104.000000,0.000000,0.000000,12.059226,5.884332,0.117685,0.055929,11.114331,4.851087,33.142579
1403715288562142976.000000,0.000000,0.000000,12.705053,7.156179,0.129650,0.055668,13.336500,0.082207,36.787774
1403715288612143104.000000,0.000000,0.000000,11.500636,6.718680,0.209053,0.076957,12.462217,0.129082,35.625983
1403715288662142976.000000,0.000000,0.000000,11.341449,6.292394,0.282845,0.068146,14.271365,0.150449,33.593697
1403715288712143104.000000,0.000000,0.000000,11.111608,6.965167,0.138471,0.054077,10.522513,0.119896,35.334900
1403715288762142976.000000,0.000000,0.000000,12.038450,6.742815,0.131080,0.072429,11.919378,0.095137,34.804051
1403715288812143104.000000,0.000000,0.000000,11.322387,6.209761,0.145688,0.069684,9.751791,0.131138,32.314078
1403715288862142976.000000,0.000000,0.000000,11.791865,9.175504,0.126278,0.070445,10.449771,0.127426,36.341124
1403715288912143104.000000,0.000000,0.000000,12.896071,5.549711,0.115944,0.063398,9.817291,0.095076,35.508258
1403715288962142976.000000,0.000000,0.000000,11.518174,8.317998,0.128152,0.066433,9.092106,0.130223,39.737802
1403715289012143104.000000,0.000000,0.000000,10.586239,6.770872,0.115357,0.062585,8.959855,5.602429,32.666272
1403715289062142976.000000,0.000000,0.000000,10.990129,6.564903,0.123598,0.059306,10.796278,0.106339,33.707854
1403715289112143104.000000,0.000000,0.000000,11.343350,6.707610,0.126040,0.083775,11.410131,0.142638,33.882363
1403715289162142976.000000,0.000000,0.000000,9.830204,7.246582,0.126495,0.078592,11.370877,0.133799,31.772239
1403715289212143104.000000,0.000000,0.000000,13.662520,5.340170,0.115978,0.101852,12.395531,0.106113,35.241069
1403715289262142976.000000,0.000000,0.000000,11.986645,6.797986,0.132442,0.084374,13.851342,0.147259,34.887304
1403715289312143104.000000,0.000000,0.000000,10.906030,6.649670,0.125140,0.098043,13.298390,0.131741,32.509136
1403715289362142976.000000,0.000000,0.000000,14.256521,5.936174,0.128031,0.085439,10.505493,0.085179,41.227795
1403715289412143104.000000,0.000000,0.000000,11.870436,5.653235,0.140143,0.078260,13.410369,0.122948,33.696791
1403715289462142976.000000,0.000000,0.000000,11.577449,7.287847,0.124134,0.071697,10.304473,0.130755,34.493756
1403715289512143104.000000,0.000000,0.000000,10.816208,6.040312,0.152138,0.062984,13.206814,5.317400,31.434577
1403715289562142976.000000,0.000000,0.000000,11.723379,6.203876,0.135356,0.068210,10.857243,0.106112,32.134577
1403715289612143104.000000,0.000000,0.000000,10.171954,5.844477,0.117722,0.089628,11.641206,0.092303,29.741718
1403715289662142976.000000,0.000000,0.000000,11.360136,5.145296,0.128483,0.066944,10.270213,0.159125,34.280998
1403715289712143104.000000,0.000000,0.000000,12.313427,5.969800,0.118840,0.056285,10.168657,0.097991,33.767923
1403715289762142976.000000,0.000000,0.000000,10.975515,6.271641,0.117500,0.082232,9.698349,0.076267,33.197887
1403715289812143104.000000,0.000000,0.000000,12.544356,6.872898,0.130641,0.063468,11.095299,0.132493,35.950636
1403715289862142976.000000,0.000000,0.000000,11.573691,10.956617,0.137842,0.062398,9.995349,0.119990,37.855040
1403715289912143104.000000,0.000000,0.000000,10.595709,5.999234,0.124429,0.065204,11.255541,6.062880,31.381850
1403715289962142976.000000,0.000000,0.000000,9.572492,7.431162,0.150585,0.079622,11.075557,0.142516,32.868954
1403715290012143104.000000,0.000000,0.000000,10.092269,5.554682,0.121165,0.083613,13.112134,0.128092,28.877385
1403715290062142976.000000,0.000000,0.000000,10.693654,5.063894,0.129487,0.091090,12.717094,0.100352,32.470401
1403715290112143104.000000,0.000000,0.000000,10.350229,7.157884,0.149681,0.059621,10.749730,0.101610,34.049266
1403715290162142976.000000,0.000000,0.000000,11.294335,8.634501,0.199722,0.076228,12.351001,0.114706,41.006683
1403715290212143104.000000,0.000000,0.000000,12.909007,6.403588,0.127357,0.077686,12.149973,0.120666,35.911829
1403715290262142976.000000,0.000000,0.000000,10.787142,7.267297,0.135714,0.084394,11.193644,0.112468,34.438955
1403715290312143104.000000,0.000000,0.000000,11.232086,5.792668,0.132619,0.071698,10.965305,0.094775,32.275543
1403715290362142976.000000,0.000000,0.000000,11.164692,6.475367,0.144582,0.068780,10.963962,0.111069,33.410191
1403715290412143104.000000,0.000000,0.000000,12.343286,6.149583,0.128815,0.068158,11.737632,5.190181,34.621933
1403715290462142976.000000,0.000000,0.000000,12.530291,6.464948,0.157576,0.068511,11.999829,0.159570,37.207139
1403715290512143104.000000,0.000000,0.000000,11.493199,8.710299,0.146361,0.083415,12.616291,0.174024,37.107653
1403715290562142976.000000,0.000000,0.000000,10.456835,6.039293,0.134007,0.079150,13.311531,0.134754,30.855595
1403715290612143104.000000,0.000000,0.000000,11.010260,5.360716,0.123463,0.090345,11.585325,0.084011,30.677527
1403715290662142976.000000,0.000000,0.000000,11.225441,6.487926,0.138099,0.078703,12.130143,0.121922,38.848305
1403715290712143104.000000,0.000000,0.000000,11.681189,5.315739,0.132679,0.064453,10.031745,0.167938,31.923715
1403715290762142976.000000,0.000000,0.000000,11.658269,6.869285,0.121877,0.067953,10.144413,0.084283,33.993818
1403715290812143104.000000,0.000000,0.000000,11.753247,6.418677,0.115204,0.074475,11.758668,4.990848,33.481222
1403715290862142976.000000,0.000000,0.000000,9.382685,5.448224,0.153132,0.056626,11.324561,0.084137,31.692093
1403715290912143104.000000,0.000000,0.000000,11.019692,8.741043,0.146571,0.083008,11.978652,0.154890,36.252703
1403715290962142976.000000,0.000000,0.000000,11.138117,6.246928,0.123549,0.071794,11.686358,0.146097,32.476739
1403715291012143104.000000,0.000000,0.000000,11.364477,5.424306,0.131374,0.083441,10.848709,0.094878,35.344084
1403715291062142976.000000,0.000000,0.000000,11.611746,5.665082,0.072534,0.071240,11.540548,5.605880,32.769365
1403715291112143104.000000,0.000000,0.000000,11.703856,7.400839,0.085382,0.117714,12.577197,0.119496,36.137456
1403715291162142976.000000,0.000000,0.000000,11.751143,6.096726,0.151186,0.075502,11.625577,0.127370,33.021108
1403715291212143104.000000,0.000000,0.000000,10.931812,7.097894,0.122587,0.072394,12.037556,0.143577,33.155808
1403715291262142976.000000,0.000000,0.000000,12.581931,6.283296,0.143174,0.064777,11.057945,0.114640,39.555627
1403715291312143104.000000,0.000000,0.000000,10.295553,11.506481,0.111597,0.070244,11.618663,5.065480,39.216904
1403715291362142976.000000,0.000000,0.000000,11.058344,6.561499,0.124222,0.062480,12.296844,0.160286,34.980916
1403715291412143104.000000,0.000000,0.000000,10.979731,5.672710,0.114575,0.077723,13.002778,0.126139,32.301778
1403715291462142976.000000,0.000000,0.000000,10.162023,6.415108,0.143416,0.089677,15.785391,0.151147,31.336032
1403715291512143104.000000,0.000000,0.000000,11.318814,6.746741,0.114410,0.071563,11.750248,0.129621,33.837871
1403715291562142976.000000,0.000000,0.000000,11.997876,8.656409,0.119146,0.081086,14.454116,0.112338,35.775514
1403715291612143104.000000,0.000000,0.000000,11.101325,6.938897,0.127039,0.075017,13.268287,0.111829,32.994159
1403715291662142976.000000,0.000000,0.000000,12.041193,6.717174,0.113814,0.075076,13.800181,0.120020,39.587306
1403715291712143104.000000,0.000000,0.000000,10.793565,6.288125,0.115604,0.073578,13.007546,0.099399,32.126737
1403715291762142976.000000,0.000000,0.000000,9.838419,6.715632,0.117482,0.089923,11.527397,0.084744,33.145805
1403715291812143104.000000,0.000000,0.000000,11.739514,6.053665,0.111418,0.068314,11.237750,3.527812,35.124491
1403715291862142976.000000,0.000000,0.000000,10.462593,5.558290,0.107053,0.067312,12.649954,0.117044,31.119771
1403715291912143104.000000,0.000000,0.000000,11.124041,6.109804,0.105583,0.087408,12.846600,0.100456,35.423377
1403715291962142976.000000,0.000000,0.000000,10.832070,7.495079,0.069268,0.074826,12.011576,0.154216,34.325193
1403715292012143104.000000,0.000000,0.000000,10.910661,5.457856,0.073387,0.038494,10.775967,3.987787,31.263207
1403715292062142976.000000,0.000000,0.000000,10.142076,7.400720,0.126129,0.119794,12.178507,0.120245,33.509264
1403715292112143104.000000,0.000000,0.000000,10.857440,6.370914,0.147501,0.071476,12.236586,0.143062,31.331936
1403715292162142976.000000,0.000000,0.000000,12.057562,7.595939,0.132967,0.067288,11.447800,0.132345,38.315691
1403715292212143104.000000,0.000000,0.000000,9.531016,7.385023,0.117882,0.091643,10.895609,4.373842,32.565084
1403715292262142976.000000,0.000000,0.000000,11.590279,7.472983,0.121059,0.103475,12.766142,0.122612,35.236033
1403715292312143104.000000,0.000000,0.000000,11.069069,7.605316,0.129670,0.104482,13.404345,0.113452,33.671241
1403715292362142976.000000,0.000000,0.000000,10.793868,5.772460,0.114552,0.083330,11.623958,0.103361,30.318434
1403715292412143104.000000,0.000000,0.000000,10.289042,5.797219,0.106595,0.068290,11.679083,0.117600,35.136494
1403715292462142976.000000,0.000000,0.000000,10.723697,7.111088,0.128467,0.105168,15.725456,0.159984,34.275468
1403715292512143104.000000,0.000000,0.000000,11.090426,6.398311,0.129061,0.066226,12.767030,0.089577,33.173596
1403715292562142976.000000,0.000000,0.000000,11.624555,7.139005,0.113858,0.102611,11.587396,3.950491,33.164708
1403715292612143104.000000,0.000000,0.000000,12.042697,5.146237,0.123222,0.069707,14.811666,0.095772,33.417171
1403715292662142976.000000,0.000000,0.000000,10.604414,5.569790,0.072697,0.080621,12.199953,0.154249,30.113969
1403715292712143104.000000,0.000000,0.000000,10.493839,5.569954,0.067391,0.090815,11.303675,0.151665,30.623149
1403715292762142976.000000,0.000000,0.000000,9.634299,7.216970,0.130298,0.064720,8.713323,4.119070,32.474048
1403715292812143104.000000,0.000000,0.000000,10.287395,7.133961,0.141210,0.086482,10.904173,0.128850,36.123847
1403715292862142976.000000,0.000000,0.000000,14.015302,6.739252,0.131208,0.069691,13.721420,0.101459,37.169080
1403715292912143104.000000,0.000000,0.000000,12.131096,6.313327,0.117333,0.079528,11.813898,0.086759,35.725517
1403715292962142976.000000,0.000000,0.000000,11.389164,5.391539,0.110030,0.060200,11.008151,4.394192,30.285337
1403715293012143104.000000,0.000000,0.000000,10.725814,7.948746,0.165165,0.058299,12.535491,0.111915,39.323755
1403715293062142976.000000,0.000000,0.000000,10.886020,7.041559,0.080529,0.073798,13.074453,0.124868,33.614971
1403715293112143104.000000,0.000000,0.000000,10.160763,5.928075,0.072729,0.061349,12.289300,0.149354,31.509093
1403715293162142976.000000,0.000000,0.000000,10.808044,7.670117,0.145006,0.049035,10.361675,0.081922,35.034318
1403715293212143104.000000,0.000000,0.000000,10.939708,8.009504,0.123449,0.076528,12.319064,0.078593,33.957944
1403715293262142976.000000,0.000000,0.000000,10.578992,7.913154,0.114672,0.068096,10.647370,0.106121,34.241667
1403715293312143104.000000,0.000000,0.000000,10.967965,7.517102,0.115834,0.076081,13.304626,4.099186,38.401983
1403715293362142976.000000,0.000000,0.000000,11.300182,7.158126,0.102838,0.062363,12.284256,0.092097,35.276647
1403715293412143104.000000,0.000000,0.000000,12.026010,6.505439,0.130180,0.068577,11.560777,0.172875,35.021807
1403715293462142976.000000,0.000000,0.000000,10.460053,7.437832,0.140413,0.090848,12.503049,0.083656,34.972361
1403715293512143104.000000,0.000000,0.000000,10.562560,6.508493,0.110436,0.089270,11.375415,0.079632,33.286150
1403715293562142976.000000,0.000000,0.000000,11.931305,5.588089,0.111593,0.062934,10.717589,0.098824,32.934767
1403715293612143104.000000,0.000000,0.000000,11.324568,6.185788,0.132962,0.062840,12.634169,0.109155,31.845405
1403715293662142976.000000,0.000000,0.000000,11.378771,5.967629,0.110814,0.077341,14.721083,0.108214,31.634279
1403715293712143104.000000,0.000000,0.000000,10.864021,5.795537,0.105465,0.074673,11.940689,0.109301,35.771717
1403715293762142976.000000,0.000000,0.000000,10.712272,6.595812,0.113037,0.067171,11.962571,0.085586,34.164128
1403715293812143104.000000,0.000000,0.000000,11.350560,5.730086,0.130877,0.069531,11.992994,3.526333,33.994465
1403715293862142976.000000,0.000000,0.000000,10.809574,6.563796,0.110402,0.072937,13.450400,0.134119,35.260051
1403715293912143104.000000,0.000000,0.000000,10.409137,6.717210,0.118445,0.079102,12.949041,0.121200,35.373909
1403715293962142976.000000,0.000000,0.000000,9.728795,7.884691,0.126687,0.072130,11.850765,0.109219,33.512663
1403715294012143104.000000,0.000000,0.000000,11.432424,6.089972,0.139298,0.065857,12.775994,5.964754,30.810729
1403715294062142976.000000,0.000000,0.000000,11.439302,6.240316,0.120972,0.067732,11.659523,0.099238,31.507235
1403715294112143104.000000,0.000000,0.000000,11.183187,6.591757,0.114393,0.107811,16.153839,0.133000,31.339280
1403715294162142976.000000,0.000000,0.000000,10.757486,6.607002,0.112368,0.096326,13.918672,0.121375,29.735427
1403715294212143104.000000,0.000000,0.000000,11.860568,5.718210,0.123510,0.039640,10.543958,0.079235,35.382855
1403715294262142976.000000,0.000000,0.000000,10.181545,9.015417,0.064324,0.082209,11.117134,0.082850,34.198613
1403715294312143104.000000,0.000000,0.000000,10.631594,5.608342,0.064726,0.074165,12.941296,4.043724,31.862526
1403715294362142976.000000,0.000000,0.000000,11.448153,5.430947,0.112451,0.052224,10.861315,0.089547,31.925980
1403715294412143104.000000,0.000000,0.000000,10.246662,6.769456,0.131351,0.083024,11.565838,0.097160,33.015415
1403715294462142976.000000,0.000000,0.000000,11.364659,6.506744,0.106111,0.066374,11.351967,0.139826,35.153812
1403715294512143104.000000,0.000000,0.000000,11.154817,7.509166,0.116793,0.059736,9.624108,0.089709,35.433859
1403715294562142976.000000,0.000000,0.000000,10.711498,5.862706,0.128005,0.074901,10.200035,4.629722,30.637726
1403715294612143104.000000,0.000000,0.000000,11.045038,8.367291,0.128195,0.060288,10.691964,0.117239,36.156550
1403715294662142976.000000,0.000000,0.000000,10.991404,5.767196,0.131723,0.110819,11.561479,0.128928,30.395420
1403715294712143104.000000,0.000000,0.000000,10.888024,5.988945,0.109006,0.067686,10.888639,0.131319,38.660877
1403715294762142976.000000,0.000000,0.000000,12.228887,7.608044,0.136184,0.056711,9.352522,4.672959,34.174163
1403715294812143104.000000,0.000000,0.000000,11.005704,5.925694,0.187271,0.086928,11.690518,0.146463,32.352888
1403715294862142976.000000,0.000000,0.000000,11.977935,5.931282,0.137893,0.163280,12.679515,0.138763,31.715804
1403715294912143104.000000,0.000000,0.000000,10.377609,5.833472,0.131394,0.100318,12.652895,0.106819,29.827409
1403715294962142976.000000,0.000000,0.000000,11.115858,6.435357,0.152588,0.062365,12.060237,0.125705,30.974683
1403715295012143104.000000,0.000000,0.000000,9.820107,8.817152,0.139383,0.058535,9.510309,0.109302,33.642134
1403715295062142976.000000,0.000000,0.000000,11.515522,6.504306,0.128484,0.053641,9.135739,0.068357,30.626248
1403715295112143104.000000,0.000000,0.000000,10.288199,8.864202,0.154605,0.054622,9.738983,0.113745,40.265045
1403715295162142976.000000,0.000000,0.000000,10.437603,6.452942,0.082385,0.059556,9.795903,5.841031,31.246882
1403715295212143104.000000,0.000000,0.000000,11.167572,7.527031,0.138629,0.073608,11.451570,0.110618,35.345425
1403715295262142976.000000,0.000000,0.000000,11.521216,8.510046,0.155080,0.081810,11.660871,0.145943,36.886968
1403715295312143104.000000,0.000000,0.000000,10.528928,6.812084,0.126065,0.073353,11.052583,0.132863,31.860678
1403715295362142976.000000,0.000000,0.000000,10.703267,7.043487,0.126511,0.069477,9.894288,0.106681,33.583997
1403715295412143104.000000,0.000000,0.000000,12.420200,8.450952,0.136180,0.068831,11.164344,0.112376,36.394170
1403715295462142976.000000,0.000000,0.000000,12.673361,8.221402,0.142735,0.086424,12.290090,0.077093,35.462123
1403715295512143104.000000,0.000000,0.000000,10.685016,7.390083,0.135219,0.070293,10.723189,0.099075,32.449983
1403715295562142976.000000,0.000000,0.000000,11.211588,9.060349,0.147516,0.122444,13.534186,0.092735,35.077323
1403715295612143104.000000,0.000000,0.000000,11.562351,8.641655,0.137248,0.085336,14.450941,0.107731,40.377053
1403715295662142976.000000,0.000000,0.000000,9.998800,8.045499,0.120164,0.079553,10.643252,3.991312,33.760523
1403715295712143104.000000,0.000000,0.000000,9.219853,7.425327,0.153767,0.059124,12.220324,0.116610,32.917368
1403715295762142976.000000,0.000000,0.000000,10.082116,7.307192,0.131701,0.087553,13.369471,0.089918,34.363807
1403715295812143104.000000,0.000000,0.000000,9.971764,5.705328,0.123966,0.088781,12.626614,0.140239,30.743905
1403715295862142976.000000,0.000000,0.000000,11.090934,7.014370,0.133326,0.076616,11.350669,0.091201,33.614854
1403715295912143104.000000,0.000000,0.000000,10.462806,5.661576,0.113220,0.096351,12.490322,0.084461,29.397580
1403715295962142976.000000,0.000000,0.000000,10.362114,6.324042,0.126893,0.112655,14.475909,0.117187,30.467175
1403715296012143104.000000,0.000000,0.000000,9.561630,8.378863,0.123264,0.074697,12.736931,0.112222,37.839710
1403715296062142976.000000,0.000000,0.000000,9.931570,7.302651,0.123892,0.095202,12.083446,0.071664,31.918390
1403715296112143104.000000,0.000000,0.000000,11.886879,9.233709,0.139285,0.085672,11.204977,0.079166,36.797316
1403715296162142976.000000,0.000000,0.000000,11.435390,8.158816,0.131425,0.072767,11.697354,3.717933,34.758803
1403715296212143104.000000,0.000000,0.000000,11.023277,8.311446,0.143879,0.091338,13.063146,0.153064,33.617973
1403715296262142976.000000,0.000000,0.000000,11.194058,8.830913,0.157352,0.093431,12.355152,0.152916,39.836937
1403715296312143104.000000,0.000000,0.000000,11.718480,8.682923,0.233861,0.078345,13.305780,0.140758,36.840210
1403715296362142976.000000,0.000000,0.000000,10.284244,7.474185,0.156287,0.053226,11.750593,0.174298,33.282954
1403715296412143104.000000,0.000000,0.000000,11.989637,8.660872,0.146474,0.058488,11.383983,0.073786,36.432500
1403715296462142976.000000,0.000000,0.000000,10.516010,7.552545,0.096276,0.081203,14.092555,0.140451,32.467852
1403715296512143104.000000,0.000000,0.000000,11.012393,6.726267,0.177254,0.076117,11.992696,0.100373,37.957443
1403715296562142976.000000,0.000000,0.000000,10.720103,7.587133,0.148170,0.081402,11.998288,3.636662,34.370220
1403715296612143104.000000,0.000000,0.000000,11.963543,6.207061,0.234561,0.064472,12.651803,0.118438,34.815655
1403715296662142976.000000,0.000000,0.000000,10.885095,6.818142,0.251020,0.074410,11.661493,0.141361,38.167253
1403715296712143104.000000,0.000000,0.000000,11.236458,7.105787,0.152664,0.090290,16.329149,0.251605,33.724092
1403715296762142976.000000,0.000000,0.000000,10.545310,5.464146,0.150285,0.094920,11.475542,0.114087,34.088890
1403715296812143104.000000,0.000000,0.000000,11.660776,7.274029,0.179152,0.057135,12.810619,0.106420,35.999294
1403715296862142976.000000,0.000000,0.000000,11.627569,8.266336,0.156742,0.094751,12.277257,0.083030,37.285758
1403715296912143104.000000,0.000000,0.000000,11.285702,5.944663,0.143280,0.075093,11.918605,0.083627,33.721110
1403715296962142976.000000,0.000000,0.000000,12.592505,5.760582,0.185440,0.079570,15.863884,0.099802,33.481621
1403715297012143104.000000,0.000000,0.000000,12.242550,5.628409,0.149374,0.150311,14.776669,0.083886,36.039438
1403715297062142976.000000,0.000000,0.000000,12.207594,6.104419,0.219415,0.072037,11.776143,2.898863,34.679123
1403715297112143104.000000,0.000000,0.000000,11.018418,6.346251,0.175051,0.053507,11.681937,0.156959,34.090479
1403715297162142976.000000,0.000000,0.000000,11.226580,6.192797,0.150533,0.084846,15.628759,0.131715,33.236944
1403715297212143104.000000,0.000000,0.000000,10.749180,6.643072,0.153373,0.098808,12.818796,0.147123,35.582117
1403715297262142976.000000,0.000000,0.000000,10.986323,6.309909,0.157116,0.065255,11.325954,0.093576,33.286909
1403715297312143104.000000,0.000000,0.000000,12.412999,6.867677,0.148033,0.083995,14.290194,0.101121,35.326039
1403715297362142976.000000,0.000000,0.000000,11.028340,5.384794,0.146473,0.093781,13.353257,0.072992,31.411292
1403715297412143104.000000,0.000000,0.000000,10.512500,6.669684,0.173316,0.086719,12.051332,0.103049,36.667608
1403715297462142976.000000,0.000000,0.000000,11.120244,7.208331,0.097896,0.077471,14.107091,0.128056,34.833087
1403715297512143104.000000,0.000000,0.000000,12.291285,7.345692,0.215835,0.073385,12.068754,0.101982,36.971463
1403715297562142976.000000,0.000000,0.000000,11.203994,5.721954,0.153244,0.074609,14.563236,3.512542,32.652872
1403715297612143104.000000,0.000000,0.000000,11.384930,7.191353,0.155524,0.079869,13.315272,0.094266,33.796706
1403715297662142976.000000,0.000000,0.000000,11.121852,8.090876,0.401784,0.135336,12.893813,0.082798,39.548942
1403715297712143104.000000,0.000000,0.000000,10.414491,7.600319,0.147149,0.073442,12.063422,0.147358,34.519753
1403715297762142976.000000,0.000000,0.000000,11.298672,7.225605,0.271287,0.079588,11.966939,0.108957,38.001264
1403715297812143104.000000,0.000000,0.000000,11.247896,5.591456,0.158014,0.073820,11.525172,0.091620,35.226497
1403715297862142976.000000,0.000000,0.000000,12.752583,6.544154,0.141329,0.085753,12.525922,4.088764,35.422837
1403715297912143104.000000,0.000000,0.000000,11.193309,5.379126,0.163803,0.046595,12.584587,0.124923,31.631810
1403715297962142976.000000,0.000000,0.000000,11.408872,6.729055,0.171197,0.094258,17.582914,0.116860,34.505897
1403715298012143104.000000,0.000000,0.000000,11.311905,5.880702,0.130199,0.081621,13.287272,0.125690,32.191714
1403715298062142976.000000,0.000000,0.000000,11.629694,7.785905,0.164436,0.068524,10.541749,0.096951,37.362844
1403715298112143104.000000,0.000000,0.000000,12.106428,7.839512,0.149826,0.061758,10.520588,4.458569,35.436251
1403715298162142976.000000,0.000000,0.000000,11.002428,8.035000,0.147793,0.088698,11.620768,0.091229,37.910963
1403715298212143104.000000,0.000000,0.000000,12.024520,7.057412,0.131832,0.068915,13.352746,0.173206,35.205964
1403715298262142976.000000,0.000000,0.000000,10.552276,6.929047,0.146107,0.062894,10.392972,0.150419,34.449749
1403715298312143104.000000,0.000000,0.000000,11.211728,5.329054,0.126749,0.052511,9.262231,4.828043,32.853875
1403715298362142976.000000,0.000000,0.000000,12.890617,5.423905,0.139739,0.092036,10.774717,0.080345,32.382773
1403715298412143104.000000,0.000000,0.000000,11.452288,7.045875,0.154147,0.074582,13.235182,0.152992,34.758299
1403715298462142976.000000,0.000000,0.000000,11.138935,7.561800,0.120374,0.060258,9.685593,0.129482,32.769733
1403715298512143104.000000,0.000000,0.000000,12.531064,7.931753,0.157758,0.065577,9.288159,4.327780,40.993812
1403715298562142976.000000,0.000000,0.000000,11.276365,7.505321,0.139375,0.088633,10.571084,0.124400,34.592539
1403715298612143104.000000,0.000000,0.000000,11.062837,6.279778,0.135774,0.066785,8.916952,0.085862,32.670774
1403715298662142976.000000,0.000000,0.000000,11.426724,10.087039,0.158780,0.058141,7.697354,0.090017,37.375024
1403715298712143104.000000,0.000000,0.000000,11.149172,6.734448,0.187881,0.030720,6.950852,5.780720,33.343148
1403715298762142976.000000,0.000000,0.000000,12.208435,5.373363,0.141805,0.107338,10.332976,0.104270,31.866280
1403715298812143104.000000,0.000000,0.000000,11.393529,5.749188,0.121308,0.062779,11.121787,0.162618,33.095438
1403715298862142976.000000,0.000000,0.000000,13.716039,5.746290,0.043911,0.063592,11.216720,0.117847,37.985426
1403715298912143104.000000,0.000000,0.000000,12.376166,6.974977,0.132042,0.038359,9.208646,0.106575,35.166386
1403715298962142976.000000,0.000000,0.000000,11.596351,6.680735,0.141988,0.084795,12.654795,0.096046,33.589345
1403715299012143104.000000,0.000000,0.000000,11.717615,6.527453,0.137136,0.053908,7.726732,0.062875,37.282111
1403715299062142976.000000,0.000000,0.000000,11.725235,7.682838,0.144676,0.088010,7.466531,0.064272,36.615306
1403715299112143104.000000,0.000000,0.000000,11.753240,6.647759,0.143806,0.064828,9.446155,0.073811,35.464398
1403715299162142976.000000,0.000000,0.000000,13.941026,7.019794,0.146094,0.056300,9.995749,0.095843,36.650834
1403715299212143104.000000,0.000000,0.000000,11.616364,5.228313,0.183193,0.053727,9.241161,4.511643,38.972934
1403715299262142976.000000,0.000000,0.000000,12.889205,5.472941,0.154124,0.057445,9.956038,0.083405,33.445597
1403715299312143104.000000,0.000000,0.000000,11.105143,7.345338,0.159935,0.069027,9.850600,0.096660,39.277122
1403715299362142976.000000,0.000000,0.000000,11.714342,7.223439,0.139637,0.068712,9.985465,0.114787,37.213269
1403715299412143104.000000,0.000000,0.000000,11.120173,5.035520,0.129917,0.046866,8.456989,0.094882,30.116291
1403715299462142976.000000,0.000000,0.000000,11.670144,6.729279,0.138216,0.063061,9.313952,0.071999,32.910537
1403715299512143104.000000,0.000000,0.000000,11.337226,7.606239,0.149608,0.058335,9.493362,0.117574,38.704705
1403715299562142976.000000,0.000000,0.000000,12.685904,5.270587,0.130177,0.057906,8.643720,0.087063,32.215909
1403715299612143104.000000,0.000000,0.000000,11.462244,6.648369,0.201678,0.054955,10.399143,0.116077,33.608384
1403715299662142976.000000,0.000000,0.000000,12.102604,8.658948,0.154935,0.091022,9.618645,0.100012,35.679849
1403715299712143104.000000,0.000000,0.000000,12.376091,5.119727,0.155134,0.065435,9.747110,3.537663,30.575762
1403715299762142976.000000,0.000000,0.000000,12.244505,6.993210,0.148003,0.054529,11.537073,0.145268,37.820184
1403715299812143104.000000,0.000000,0.000000,12.589036,5.665766,0.139488,0.096483,14.683154,0.092618,32.577521
1403715299862142976.000000,0.000000,0.000000,11.775155,6.316585,0.134687,0.074908,11.448553,0.125616,34.087674
1403715299912143104.000000,0.000000,0.000000,10.496983,5.658202,0.128804,0.050131,11.236465,0.101605,30.545085
1403715299962142976.000000,0.000000,0.000000,12.339260,5.865113,0.141570,0.101752,11.104273,0.082751,35.746099
1403715300012143104.000000,0.000000,0.000000,10.808714,7.161365,0.148962,0.076870,9.903459,0.100319,33.270638
1403715300062142976.000000,0.000000,0.000000,12.209078,7.808716,0.177778,0.070701,12.981625,0.178472,36.614463
1403715300112143104.000000,0.000000,0.000000,11.691773,7.399730,0.230211,0.066168,9.909239,0.111468,36.333302
1403715300162142976.000000,0.000000,0.000000,10.440647,6.720732,0.130582,0.065833,10.519696,0.074935,32.698782
1403715300212143104.000000,0.000000,0.000000,10.423618,5.575006,0.122074,0.064323,11.132503,3.065988,28.757542
1403715300262142976.000000,0.000000,0.000000,10.742088,7.054713,0.118052,0.089525,11.990596,0.087937,30.102482
1403715300312143104.000000,0.000000,0.000000,11.114803,6.344151,0.113299,0.074371,10.253432,0.167518,30.473741
1403715300362142976.000000,0.000000,0.000000,10.549949,5.601455,0.125239,0.070494,9.673233,0.112777,35.501926
1403715300412143104.000000,0.000000,0.000000,12.702781,6.299836,0.129643,0.099119,10.702164,0.081208,34.123631
1403715300462142976.000000,0.000000,0.000000,11.303249,7.561612,0.133024,0.071420,11.127622,4.025131,34.101646
1403715300512143104.000000,0.000000,0.000000,10.920058,5.920291,0.128036,0.105309,12.383766,0.126720,31.765404
1403715300562142976.000000,0.000000,0.000000,11.933282,6.245435,0.135701,0.072059,9.953022,0.103838,31.658978
1403715300612143104.000000,0.000000,0.000000,10.293421,5.726328,0.134042,0.069005,10.608085,0.141252,30.532553
1403715300662142976.000000,0.000000,0.000000,11.609392,6.819238,0.131489,0.047810,8.232952,0.094771,34.793881
1403715300712143104.000000,0.000000,0.000000,11.398716,8.055786,0.120945,0.064890,10.979994,4.213992,33.659927
1403715300762142976.000000,0.000000,0.000000,11.819700,7.901344,0.157153,0.048932,9.870539,0.106738,37.374935
1403715300812143104.000000,0.000000,0.000000,12.495673,6.400284,0.135193,0.075414,10.424068,0.106503,36.805999
1403715300862142976.000000,0.000000,0.000000,13.350331,7.543702,0.126573,0.066308,11.984720,0.111291,38.995467
1403715300912143104.000000,0.000000,0.000000,11.603878,7.195603,0.138078,0.062834,8.590495,0.122772,34.683166
1403715300962142976.000000,0.000000,0.000000,11.946772,7.649063,0.166025,0.097257,12.450401,0.101422,36.608025
1403715301012143104.000000,0.000000,0.000000,12.210975,9.165242,0.136650,0.062995,10.123331,0.150808,38.092875
1403715301062142976.000000,0.000000,0.000000,12.572540,6.149737,0.122856,0.075166,11.516804,0.083872,33.537886
1403715301112143104.000000,0.000000,0.000000,11.668307,7.691655,0.144166,0.065009,11.051318,0.155188,35.645079
1403715301162142976.000000,0.000000,0.000000,11.153234,7.600597,0.160136,0.065502,11.537980,4.692326,36.921068
1403715301212143104.000000,0.000000,0.000000,11.507791,5.474204,0.128194,0.071505,12.090567,0.084046,33.398988
1403715301262142976.000000,0.000000,0.000000,12.217403,5.958922,0.149754,0.070238,10.182510,0.128797,33.685974
1403715301312143104.000000,0.000000,0.000000,11.513275,5.579795,0.125611,0.153381,11.938315,0.096897,32.097604
1403715301362142976.000000,0.000000,0.000000,11.514719,7.165524,0.121605,0.069460,10.774067,0.088988,37.134755
1403715301412143104.000000,0.000000,0.000000,14.487711,8.802885,0.082046,0.078396,11.361594,0.138848,39.899996
1403715301462142976.000000,0.000000,0.000000,10.840956,8.626326,0.075629,0.066125,10.810526,5.360216,36.088678
1403715301512143104.000000,0.000000,0.000000,9.965992,5.814663,0.125865,0.063925,12.013060,0.142806,32.816932
1403715301562142976.000000,0.000000,0.000000,11.589734,6.136303,0.129107,0.064605,10.116579,0.137592,32.990986
1403715301612143104.000000,0.000000,0.000000,11.830379,5.674952,0.166772,0.076131,11.570579,0.107655,32.499443
1403715301662142976.000000,0.000000,0.000000,10.101559,7.199709,0.129791,0.057217,10.105515,4.866620,34.970507
1403715301712143104.000000,0.000000,0.000000,12.466666,7.081107,0.139019,0.058976,12.046752,0.125123,34.964029
1403715301762142976.000000,0.000000,0.000000,11.736900,7.531468,0.187140,0.072272,11.076865,0.114483,38.925987
1403715301812143104.000000,0.000000,0.000000,11.574516,7.160844,0.134531,0.061956,11.006328,0.097474,34.993568
1403715301862142976.000000,0.000000,0.000000,9.830107,5.307070,0.158305,0.048025,10.735674,0.074626,30.511070
1403715301912143104.000000,0.000000,0.000000,11.242486,5.680901,0.159624,0.066324,14.177052,0.103553,37.810251
1403715301962142976.000000,0.000000,0.000000,10.131200,5.468852,0.162404,0.062327,13.787460,0.113768,30.714209
1403715302012143104.000000,0.000000,0.000000,11.389542,6.835357,0.149152,0.078995,13.213196,0.080844,34.678185
1403715302062142976.000000,0.000000,0.000000,12.585588,7.476882,0.179594,0.084169,13.911229,0.087979,36.105331
1403715302112143104.000000,0.000000,0.000000,11.452319,5.790312,0.148255,0.070518,13.560996,0.106020,33.093869
1403715302162142976.000000,0.000000,0.000000,11.606043,7.432365,0.160971,0.068908,13.724252,4.213704,38.709578
1403715302212143104.000000,0.000000,0.000000,12.148452,5.914748,0.284219,0.067192,14.771311,0.086326,37.154799
1403715302262142976.000000,0.000000,0.000000,12.076436,5.037803,0.165551,0.081597,12.934715,0.147710,35.427370
1403715302312143104.000000,0.000000,0.000000,12.381878,6.156117,0.151229,0.120367,14.180315,0.139203,34.345631
1403715302362142976.000000,0.000000,0.000000,11.951603,6.092026,0.141211,0.107932,13.541432,0.082024,37.400565
1403715302412143104.000000,0.000000,0.000000,11.498490,5.157841,0.164957,0.058180,11.848074,0.083123,33.431661
1403715302462142976.000000,0.000000,0.000000,12.020177,6.016628,0.150926,0.081429,12.312750,4.259453,32.929679
1403715302512143104.000000,0.000000,0.000000,12.252702,7.030297,0.170245,0.056069,13.612820,0.092834,37.270109
1403715302562142976.000000,0.000000,0.000000,11.570394,5.600879,0.186200,0.082079,13.153943,0.109267,34.687462
1403715302612143104.000000,0.000000,0.000000,11.555640,6.873342,0.163452,0.075605,12.790351,0.157349,33.934075
1403715302662142976.000000,0.000000,0.000000,13.019826,6.718254,0.163735,0.048981,11.958383,4.284321,37.574229
1403715302712143104.000000,0.000000,0.000000,11.859380,4.955521,0.152542,0.072186,15.115082,0.150553,32.317931
1403715302762142976.000000,0.000000,0.000000,12.003134,6.566243,0.175828,0.078192,12.977115,0.134469,40.614647
1403715302812143104.000000,0.000000,0.000000,11.710813,6.316118,0.157851,0.075352,14.855890,0.134153,35.145716
1403715302862142976.000000,0.000000,0.000000,13.096522,7.465658,0.272445,0.069212,12.568490,0.072727,37.095994
1403715302912143104.000000,0.000000,0.000000,12.129237,8.234526,0.147870,0.075148,12.407072,0.108977,36.304720
1403715302962142976.000000,0.000000,0.000000,11.848292,6.725177,0.166967,0.073158,12.541338,3.708368,34.251659
1403715303012143104.000000,0.000000,0.000000,11.876739,5.015751,0.155504,0.077074,13.981140,0.085523,31.766546
1403715303062142976.000000,0.000000,0.000000,11.523508,5.800298,0.170456,0.109338,13.656469,0.147158,37.514746
1403715303112143104.000000,0.000000,0.000000,11.949853,5.338828,0.146804,0.070589,13.279630,0.145880,33.655965
1403715303162142976.000000,0.000000,0.000000,11.491884,6.122656,0.170111,0.056834,12.413673,0.081031,38.964602
1403715303212143104.000000,0.000000,0.000000,11.124462,5.526595,0.193618,0.077005,12.167023,0.075468,34.154791
1403715303262142976.000000,0.000000,0.000000,11.303269,6.600763,0.170177,0.067018,14.082090,4.590551,32.153286
1403715303312143104.000000,0.000000,0.000000,11.531004,6.500964,0.173517,0.061724,14.860962,0.102796,36.459998
1403715303362142976.000000,0.000000,0.000000,11.423307,6.565260,0.181280,0.087643,12.927903,0.170617,33.436222
1403715303412143104.000000,0.000000,0.000000,11.102546,5.966610,0.164836,0.071691,12.790780,0.144596,34.528331
1403715303462142976.000000,0.000000,0.000000,10.916710,5.339690,0.145340,0.071674,15.027330,0.086143,30.355104
1403715303512143104.000000,0.000000,0.000000,11.711206,7.318952,0.175118,0.089445,14.449870,0.079176,37.184575
1403715303562142976.000000,0.000000,0.000000,10.981343,5.683935,0.149141,0.075190,12.959866,0.116486,30.953935
1403715303612143104.000000,0.000000,0.000000,11.250994,7.909725,0.171386,0.074964,13.188536,0.114423,36.487137
1403715303662142976.000000,0.000000,0.000000,10.710042,6.698409,0.141026,0.082486,14.986659,0.140520,30.539333
1403715303712143104.000000,0.000000,0.000000,10.550726,6.687973,0.175651,0.124361,13.899587,0.124876,34.387747
1403715303762142976.000000,0.000000,0.000000,11.158339,6.573937,0.160169,0.076418,14.344094,3.241642,32.403324
1403715303812143104.000000,0.000000,0.000000,12.010223,5.120174,0.130862,0.078953,13.680887,0.090120,29.615962
1403715303862142976.000000,0.000000,0.000000,11.561947,4.623086,0.141583,0.080575,14.844405,0.134584,27.418438
1403715303912143104.000000,0.000000,0.000000,11.763789,6.675517,0.136225,0.083184,15.088371,0.146867,34.435605
1403715303962142976.000000,0.000000,0.000000,12.257932,6.763996,0.075207,0.050503,13.866231,0.093599,33.334851
1403715304012143104.000000,0.000000,0.000000,12.443633,7.774195,0.144908,0.095753,14.538631,0.120387,35.253328
1403715304062142976.000000,0.000000,0.000000,12.100106,7.224700,0.154675,0.080973,13.596491,3.618231,34.175150
1403715304112143104.000000,0.000000,0.000000,14.456663,5.195702,0.153623,0.073818,13.662695,0.090403,32.730079
1403715304162142976.000000,0.000000,0.000000,13.535047,8.578087,0.235931,0.084852,17.729094,0.261909,38.562789
1403715304212143104.000000,0.000000,0.000000,13.532709,7.231715,0.146828,0.082352,15.848586,0.145130,31.920337
1403715304262142976.000000,0.000000,0.000000,12.338178,4.851203,0.132542,0.058822,12.752100,0.071904,28.314020
1403715304312143104.000000,0.000000,0.000000,12.924276,8.556677,0.150050,0.143596,14.099272,0.089491,34.910029
1403715304362142976.000000,0.000000,0.000000,12.048446,7.765725,0.137388,0.077001,14.753422,0.120061,33.655030
1403715304412143104.000000,0.000000,0.000000,12.295207,5.181732,0.128998,0.083884,14.153481,3.847966,34.309013
1403715304462142976.000000,0.000000,0.000000,13.554645,7.234515,0.085887,0.066923,14.200044,0.107535,34.155300
1403715304512143104.000000,0.000000,0.000000,13.432208,6.836484,0.084280,0.088150,13.752398,0.133600,33.929100
1403715304562142976.000000,0.000000,0.000000,13.137614,5.098996,0.072401,0.088546,14.773724,0.103613,31.823667
1403715304612143104.000000,0.000000,0.000000,12.564779,4.741641,0.071626,0.084163,13.753992,0.075074,29.132788
1403715304662142976.000000,0.000000,0.000000,11.934582,4.616000,0.088210,0.081851,13.976624,0.121455,28.980751
1403715304712143104.000000,0.000000,0.000000,12.092351,4.925417,0.071644,0.083367,13.852457,0.107626,30.506941
1403715304762142976.000000,0.000000,0.000000,11.294696,4.587531,0.128835,0.092697,13.993916,0.082026,27.756703
1403715304812143104.000000,0.000000,0.000000,14.548444,5.343155,0.123275,0.087142,13.350782,0.085070,33.813356
1403715304862142976.000000,0.000000,0.000000,13.366357,4.699336,0.131697,0.078704,13.424986,0.098548,31.012593
1403715304912143104.000000,0.000000,0.000000,13.270614,4.574852,0.151860,0.080424,16.074874,4.471050,34.407899
1403715304962142976.000000,0.000000,0.000000,12.176254,8.339323,0.086233,0.062420,13.110625,0.107401,35.822951
1403715305012143104.000000,0.000000,0.000000,14.913877,6.170821,0.192841,0.072944,13.025146,0.110995,39.635325
1403715305062142976.000000,0.000000,0.000000,14.592667,5.888659,0.136240,0.078123,12.704614,0.117825,35.615319
1403715305112143104.000000,0.000000,0.000000,13.012110,7.289557,0.178107,0.053880,11.072187,4.101388,35.183416
1403715305162142976.000000,0.000000,0.000000,12.655461,11.506031,0.144882,0.071768,11.911894,0.106229,38.665833
1403715305212143104.000000,0.000000,0.000000,13.453755,4.435164,0.145888,0.070283,12.077885,0.127489,31.433362
1403715305262142976.000000,0.000000,0.000000,14.914468,5.060227,0.125460,0.069413,11.041379,0.073257,36.829516
1403715305312143104.000000,0.000000,0.000000,12.823355,4.853261,0.138369,0.057741,9.647626,3.026611,30.934073
1403715305362142976.000000,0.000000,0.000000,13.929176,6.560348,0.136506,0.092362,11.076430,0.098881,34.392830
1403715305412143104.000000,0.000000,0.000000,12.566260,4.875421,0.163533,0.065433,11.900384,0.098650,35.072038
1403715305462142976.000000,0.000000,0.000000,12.875179,4.897679,0.127853,0.056886,12.396890,0.088590,33.864922
1403715305512143104.000000,0.000000,0.000000,12.620900,5.659869,0.197040,0.058923,10.981466,4.573408,33.045558
1403715305562142976.000000,0.000000,0.000000,13.235898,5.305865,0.136484,0.076448,12.400758,0.153987,32.290614
1403715305612143104.000000,0.000000,0.000000,13.222475,4.761060,0.131360,0.060717,12.654101,0.106692,32.468922
1403715305662142976.000000,0.000000,0.000000,13.236613,7.048963,0.144915,0.071383,12.525781,0.201413,38.812490
1403715305712143104.000000,0.000000,0.000000,12.715648,7.610527,0.180071,0.056880,12.115097,0.087371,36.371165
1403715305762142976.000000,0.000000,0.000000,13.448811,5.167366,0.152667,0.062609,11.729573,0.061321,32.525435
1403715305812143104.000000,0.000000,0.000000,14.244868,7.308891,0.140095,0.059007,13.020173,0.090738,36.213404
1403715305862142976.000000,0.000000,0.000000,12.392755,4.816290,0.130317,0.057544,12.230117,0.087707,28.766287
1403715305912143104.000000,0.000000,0.000000,13.980489,7.279754,0.136519,0.064961,12.439399,4.823900,39.943764
1403715305962142976.000000,0.000000,0.000000,13.790455,5.006434,0.139199,0.064488,12.974274,0.100815,32.316433
1403715306012143104.000000,0.000000,0.000000,14.519854,4.842431,0.164423,0.073107,12.207473,0.124022,33.359533
1403715306062142976.000000,0.000000,0.000000,13.737686,5.210524,0.132377,0.076007,13.638611,0.121575,34.470386
1403715306112143104.000000,0.000000,0.000000,12.768085,4.709847,0.151001,0.057102,12.537998,0.145392,29.688552
1403715306162142976.000000,0.000000,0.000000,13.018882,7.512030,0.253074,0.058801,12.891544,0.090908,36.999988
1403715306212143104.000000,0.000000,0.000000,13.948355,5.405322,0.140409,0.078598,11.980537,0.076699,33.093735
1403715306262142976.000000,0.000000,0.000000,13.173779,8.708077,0.165405,0.059533,14.276253,0.150978,36.950356
1403715306312143104.000000,0.000000,0.000000,13.370015,7.192230,0.146428,0.060229,12.731382,4.253778,35.642430
1403715306362142976.000000,0.000000,0.000000,13.158012,7.022163,0.181043,0.061359,12.914823,0.083462,39.878290
1403715306412143104.000000,0.000000,0.000000,12.075772,6.883892,0.164954,0.069678,13.837934,0.133848,34.831679
1403715306462142976.000000,0.000000,0.000000,12.979168,5.483094,0.129177,0.065436,13.416873,0.136758,32.343411
1403715306512143104.000000,0.000000,0.000000,13.055329,7.020228,0.282321,0.068554,12.365572,3.723310,35.999695
1403715306562142976.000000,0.000000,0.000000,11.718219,7.935940,0.149217,0.082805,12.580832,0.137748,34.572190
1403715306612143104.000000,0.000000,0.000000,12.569277,5.937802,0.131547,0.078685,13.166854,0.118152,33.319547
1403715306662142976.000000,0.000000,0.000000,11.567192,7.347698,0.160076,0.078767,12.675072,0.079472,38.563653
1403715306712143104.000000,0.000000,0.000000,13.593550,7.659305,0.171089,0.060085,10.705153,4.288778,37.079240
1403715306762142976.000000,0.000000,0.000000,13.557566,5.429592,0.163106,0.056559,11.537417,0.144759,32.864602
1403715306812143104.000000,0.000000,0.000000,11.080385,6.890271,0.176556,0.081834,14.199857,0.133352,33.172739
1403715306862142976.000000,0.000000,0.000000,10.373205,7.148767,0.162163,0.066268,11.512569,0.122441,36.184104
1403715306912143104.000000,0.000000,0.000000,9.522974,6.673389,0.170839,0.050192,10.606761,4.422127,31.938035
1403715306962142976.000000,0.000000,0.000000,10.249860,7.770094,0.163324,0.080764,12.779095,0.079516,33.239890
1403715307012143104.000000,0.000000,0.000000,10.391963,5.835410,0.162758,0.078192,12.529015,0.128516,31.259306
1403715307062142976.000000,0.000000,0.000000,11.458755,6.229761,0.169858,0.061261,11.808795,0.130064,32.380126
1403715307112143104.000000,0.000000,0.000000,11.248329,7.876999,0.188097,0.052616,11.076704,5.408972,37.239545
1403715307162142976.000000,0.000000,0.000000,11.016262,6.968780,0.162169,0.074826,12.014886,0.072703,35.403621
1403715307212143104.000000,0.000000,0.000000,13.019513,7.539868,0.218483,0.066699,12.471195,0.135985,37.307488
1403715307262142976.000000,0.000000,0.000000,10.379345,7.975096,0.225162,0.053911,10.996271,0.108903,36.881423
1403715307312143104.000000,0.000000,0.000000,11.840541,7.435530,0.196813,0.048437,10.093376,4.990002,36.664121
1403715307362142976.000000,0.000000,0.000000,11.217158,7.142458,0.167432,0.075942,10.868580,0.153756,39.780893
1403715307412143104.000000,0.000000,0.000000,9.994664,5.558844,0.199241,0.059256,11.833910,0.110505,34.281456
1403715307462142976.000000,0.000000,0.000000,10.005606,8.477641,0.181556,0.060762,10.453116,0.087652,35.301007
1403715307512143104.000000,0.000000,0.000000,12.173679,6.706143,0.283421,0.069663,8.706366,4.180143,37.644937
1403715307562142976.000000,0.000000,0.000000,12.558305,6.935900,0.209838,0.065692,9.943486,0.104612,37.360188
1403715307612143104.000000,0.000000,0.000000,11.990437,6.349544,0.185026,0.056394,11.305790,0.100957,33.997279
1403715307662142976.000000,0.000000,0.000000,11.850199,5.808125,0.170049,0.094804,11.253057,0.091713,37.662839
1403715307712143104.000000,0.000000,0.000000,13.094503,6.046874,0.213840,0.041901,8.775374,4.731161,36.498770
1403715307762142976.000000,0.000000,0.000000,11.463209,6.126005,0.175266,0.074759,11.636634,0.087521,35.006570
1403715307812143104.000000,0.000000,0.000000,11.880835,5.580422,0.174478,0.061839,9.048788,0.126935,34.054262
1403715307862142976.000000,0.000000,0.000000,12.212418,6.433647,0.184685,0.068358,9.493376,0.100504,38.659444
1403715307912143104.000000,0.000000,0.000000,12.360513,6.523071,0.093042,0.039469,8.417513,4.810955,39.008433
1403715307962142976.000000,0.000000,0.000000,12.139387,6.028395,0.163221,0.128448,11.336865,0.092813,35.079449
1403715308012143104.000000,0.000000,0.000000,11.966748,7.117162,0.180986,0.051610,10.392084,0.078259,37.745798
1403715308062142976.000000,0.000000,0.000000,11.696358,7.143730,0.190976,0.073810,11.499743,0.122821,35.127610
1403715308112143104.000000,0.000000,0.000000,12.297431,6.952332,0.176959,0.024584,7.501994,6.864210,35.663271
1403715308162142976.000000,0.000000,0.000000,11.016692,5.115639,0.164816,0.097116,9.372665,0.076822,36.434096
1403715308212143104.000000,0.000000,0.000000,12.772745,5.663263,0.226264,0.055950,11.112971,0.105341,36.814830
1403715308262142976.000000,0.000000,0.000000,11.323489,8.585128,0.287078,0.049832,9.590418,0.130335,37.929391
1403715308312143104.000000,0.000000,0.000000,12.445398,5.987915,0.172052,0.042090,10.515495,5.456692,35.529689
1403715308362142976.000000,0.000000,0.000000,13.361510,5.936085,0.249682,0.098744,9.963429,0.088006,35.536231
1403715308412143104.000000,0.000000,0.000000,11.335727,5.326811,0.191161,0.058086,12.388283,0.101210,32.558216
1403715308462142976.000000,0.000000,0.000000,10.907705,7.333285,0.186025,0.057070,11.416552,0.084101,40.588906
1403715308512143104.000000,0.000000,0.000000,11.936255,6.433434,0.197057,0.042857,8.234510,4.347535,37.011323
1403715308562142976.000000,0.000000,0.000000,12.098319,5.261438,0.198584,0.096036,10.915774,0.136317,35.258135
1403715308612143104.000000,0.000000,0.000000,12.773725,5.433247,0.180248,0.053226,9.187795,0.128194,34.810822
1403715308662142976.000000,0.000000,0.000000,12.253771,5.715970,0.187310,0.055378,9.274643,0.073357,36.651331
1403715308712143104.000000,0.000000,0.000000,11.705294,6.274184,0.213680,0.057883,7.707534,4.535288,36.292603
1403715308762142976.000000,0.000000,0.000000,11.692047,5.297536,0.196041,0.087513,9.396751,0.102333,33.816425
1403715308812143104.000000,0.000000,0.000000,11.011207,5.395889,0.187111,0.084556,10.635785,0.089326,33.344518
1403715308862142976.000000,0.000000,0.000000,13.366553,7.047667,0.206569,0.058223,9.120561,0.093830,39.537242
1403715308912143104.000000,0.000000,0.000000,12.497222,5.769569,0.196483,0.049416,9.411781,4.963833,36.609015
1403715308962142976.000000,0.000000,0.000000,10.962608,5.576136,0.182961,0.066335,9.016890,0.112861,37.729984
1403715309012143104.000000,0.000000,0.000000,12.090687,7.813794,0.196305,0.059544,9.265459,0.101528,37.907270
1403715309062142976.000000,0.000000,0.000000,12.560456,8.510470,0.200985,0.065534,10.026540,0.069744,40.069040
1403715309112143104.000000,0.000000,0.000000,13.681015,6.660448,0.200413,0.051339,8.161728,5.496078,39.418853
1403715309162142976.000000,0.000000,0.000000,11.451981,5.815877,0.212201,0.093245,10.824345,0.110290,35.003146
1403715309212143104.000000,0.000000,0.000000,11.398249,6.870735,0.213924,0.064084,9.451434,0.102437,36.768974
1403715309262142976.000000,0.000000,0.000000,12.176174,5.811133,0.194710,0.053395,10.213252,0.089856,39.310314
1403715309312143104.000000,0.000000,0.000000,11.244185,6.074083,0.206021,0.060569,10.219370,4.502667,35.032479
1403715309362142976.000000,0.000000,0.000000,11.330547,5.510212,0.184954,0.069320,9.758385,0.102390,39.093532
1403715309412143104.000000,0.000000,0.000000,12.150476,6.179644,0.193940,0.058348,9.745983,0.110206,38.577188
1403715309462142976.000000,0.000000,0.000000,11.559541,8.138468,0.210410,0.055757,8.564002,0.055964,36.732123
1403715309512143104.000000,0.000000,0.000000,11.364411,6.272932,0.284011,0.056082,8.265648,4.235249,36.846881
1403715309562142976.000000,0.000000,0.000000,11.267092,6.253478,0.189164,0.080244,8.996289,0.086931,36.130971
1403715309612143104.000000,0.000000,0.000000,11.606107,5.707357,0.177835,0.068890,10.821955,0.096013,38.809368
1403715309662142976.000000,0.000000,0.000000,11.552298,8.193490,0.183159,0.084593,10.480205,0.078923,38.173093
1403715309712143104.000000,0.000000,0.000000,12.388510,5.670789,0.226161,0.049882,7.067815,3.732828,36.179656
1403715309762142976.000000,0.000000,0.000000,10.628418,5.738598,0.188306,0.086191,9.102395,0.093836,35.029691
1403715309812143104.000000,0.000000,0.000000,11.738251,5.930706,0.194681,0.058817,10.985468,0.092485,35.283540
1403715309862142976.000000,0.000000,0.000000,11.368529,5.692151,0.169959,0.050685,7.670816,0.051720,35.125538
1403715309912143104.000000,0.000000,0.000000,11.439840,5.654527,0.217811,0.076254,9.387085,4.299064,34.900974
1403715309962142976.000000,0.000000,0.000000,10.062078,6.663694,0.212671,0.063196,8.780714,0.079256,34.725181
1403715310012143104.000000,0.000000,0.000000,9.520223,5.288911,0.201959,0.073889,8.296248,0.073572,31.925413
1403715310062142976.000000,0.000000,0.000000,11.559951,5.205376,0.180149,0.046815,7.731224,0.079643,34.412716
1403715310112143104.000000,0.000000,0.000000,10.671569,5.841888,0.191553,0.028881,6.681622,4.110504,40.703559
1403715310162142976.000000,0.000000,0.000000,9.632732,7.425612,0.097802,0.088957,9.532775,0.065466,33.882183
1403715310212143104.000000,0.000000,0.000000,10.789461,9.647062,0.099871,0.050184,10.566702,0.107713,37.155109
1403715310262142976.000000,0.000000,0.000000,11.235783,5.868308,0.172348,0.054477,10.034255,0.140802,33.331198
1403715310312143104.000000,0.000000,0.000000,10.769697,7.186955,0.173338,0.043439,11.182259,4.738124,36.658475
1403715310362142976.000000,0.000000,0.000000,11.793027,5.685763,0.139653,0.082517,9.337780,0.094560,33.195835
1403715310412143104.000000,0.000000,0.000000,9.903468,4.877352,0.146463,0.050984,9.397328,0.098384,30.469147
1403715310462142976.000000,0.000000,0.000000,9.915802,4.866049,0.155037,0.050395,11.117792,0.080956,29.664224
1403715310512143104.000000,0.000000,0.000000,11.287506,4.790854,0.169869,0.029437,7.088644,3.340447,32.624344
1403715310562142976.000000,0.000000,0.000000,10.170828,8.740720,0.184097,0.076883,8.309872,0.059019,33.855420
1403715310612143104.000000,0.000000,0.000000,9.797233,5.865273,0.190033,0.040159,9.854155,0.178780,31.375336
1403715310662142976.000000,0.000000,0.000000,9.353045,5.835117,0.172110,0.046719,10.223147,0.090919,31.548663
1403715310712143104.000000,0.000000,0.000000,10.857926,7.016782,0.214314,0.031573,9.145792,4.006126,37.345846
1403715310762142976.000000,0.000000,0.000000,10.236113,6.687348,0.164261,0.080571,7.819954,0.056701,33.729524
1403715310812143104.000000,0.000000,0.000000,11.547434,5.502344,0.195005,0.041792,8.572545,0.106362,33.460608
1403715310862142976.000000,0.000000,0.000000,9.852307,7.567008,0.192515,0.051679,9.650054,0.053914,34.935642
1403715310912143104.000000,0.000000,0.000000,10.646596,6.843970,0.174289,0.057434,9.733665,4.316003,33.716271
1403715310962142976.000000,0.000000,0.000000,11.109583,5.500734,0.171748,0.078193,11.149834,0.087744,32.234472
1403715311012143104.000000,0.000000,0.000000,10.677114,6.195344,0.209039,0.043335,7.878144,0.079817,34.460433
1403715311062142976.000000,0.000000,0.000000,11.002678,8.702393,0.181155,0.049651,6.019169,0.040348,35.616964
1403715311112143104.000000,0.000000,0.000000,12.102665,6.741196,0.194596,0.041501,7.207587,3.126572,40.262958
1403715311162142976.000000,0.000000,0.000000,9.685724,10.656199,0.197998,0.071674,7.538390,0.076881,36.984277
1403715311212143104.000000,0.000000,0.000000,11.501947,5.756462,0.174115,0.045695,7.554994,0.062168,33.185420
1403715311262142976.000000,0.000000,0.000000,10.886264,7.107314,0.191973,0.037254,5.855190,0.044923,36.138817
1403715311312143104.000000,0.000000,0.000000,11.337232,7.426909,0.173420,0.062727,6.928150,3.140884,35.327543
1403715311362142976.000000,0.000000,0.000000,10.833658,5.974857,0.171284,0.071081,7.977456,0.069906,33.575312
1403715311412143104.000000,0.000000,0.000000,10.641653,5.924261,0.188438,0.049335,7.588808,0.063675,32.235306
1403715311462142976.000000,0.000000,0.000000,10.454186,8.570638,0.171314,0.023620,6.598817,0.057970,36.821936
1403715311512143104.000000,0.000000,0.000000,12.899168,7.402400,0.196619,0.034965,8.103720,0.073378,41.034858
1403715311562142976.000000,0.000000,0.000000,10.966419,6.789946,0.177136,0.046189,7.408065,0.041387,34.530745
1403715311612143104.000000,0.000000,0.000000,11.017119,6.965685,0.176342,0.054042,10.347643,0.064306,35.787740
1403715311662142976.000000,0.000000,0.000000,11.030602,7.065115,0.170250,0.067190,12.075900,0.057020,35.191134
1403715311712143104.000000,0.000000,0.000000,10.627803,5.692083,0.187039,0.053932,9.298693,0.052964,36.031108
1403715311762142976.000000,0.000000,0.000000,11.156039,7.864738,0.176781,0.041637,6.960097,2.873278,35.369460
1403715311812143104.000000,0.000000,0.000000,9.873090,7.115375,0.175682,0.038046,7.634043,0.068124,33.821411
1403715311862142976.000000,0.000000,0.000000,10.504696,7.967412,0.232883,0.058403,8.211161,0.045247,35.334963
1403715311912143104.000000,0.000000,0.000000,10.761603,6.364489,0.170775,0.050814,8.906717,0.063849,36.165707
1403715311962142976.000000,0.000000,0.000000,10.808516,5.992774,0.162709,0.039627,8.502805,0.055617,31.691264
1403715312012143104.000000,0.000000,0.000000,10.016645,7.305935,0.096297,0.063625,10.758739,0.054762,35.120331
1403715312062142976.000000,0.000000,0.000000,10.806061,8.356648,0.173842,0.047389,10.920383,0.075500,34.690969
1403715312112143104.000000,0.000000,0.000000,10.582792,8.478709,0.166916,0.050907,10.694949,6.673255,37.448314
1403715312162142976.000000,0.000000,0.000000,10.148412,7.958978,0.175332,0.062811,7.971807,0.052786,34.451083
1403715312212143104.000000,0.000000,0.000000,9.381002,8.003806,0.170451,0.074246,11.035529,0.063275,33.739300
1403715312262142976.000000,0.000000,0.000000,9.482033,8.618570,0.149318,0.067789,8.550430,0.051922,33.477723
1403715312312143104.000000,0.000000,0.000000,10.380776,8.359538,0.156580,0.035911,6.816181,0.066864,38.503968
1403715312362142976.000000,0.000000,0.000000,9.797138,7.879361,0.169129,0.058410,9.547436,0.104051,33.307639
1403715312412143104.000000,0.000000,0.000000,9.766242,7.899997,0.154573,0.051120,9.107186,0.061189,34.241272
1403715312462142976.000000,0.000000,0.000000,10.121506,6.776540,0.139870,0.048334,9.233125,0.131866,31.234676
1403715312512143104.000000,0.000000,0.000000,10.861355,6.978869,0.150000,0.046802,9.547433,0.078300,36.738393
1403715312562142976.000000,0.000000,0.000000,9.329109,9.569755,0.089502,0.049327,7.572398,0.059950,33.495427
1403715312612143104.000000,0.000000,0.000000,11.478787,8.225811,0.109345,0.050451,8.217649,7.050089,35.043013
1403715312662142976.000000,0.000000,0.000000,10.606001,6.298184,0.111226,0.066116,13.123277,0.118184,30.780845
1403715312712143104.000000,0.000000,0.000000,9.866760,11.884265,0.153529,0.083427,10.691647,0.126473,38.000488
1403715312762142976.000000,0.000000,0.000000,12.013691,7.562047,0.130260,0.070705,12.245958,0.131062,32.908335
1403715312812143104.000000,0.000000,0.000000,10.681182,7.854777,0.119912,0.041708,10.564123,0.121116,33.036938
1403715312862142976.000000,0.000000,0.000000,10.279143,8.349663,0.224313,0.067493,9.894005,0.071434,33.465776
1403715312912143104.000000,0.000000,0.000000,9.449217,9.717264,0.126328,0.078048,13.395963,0.154395,35.929224
1403715312962142976.000000,0.000000,0.000000,10.543629,8.035485,0.113174,0.066200,10.708172,0.123930,33.203373
1403715313012143104.000000,0.000000,0.000000,10.428694,8.060752,0.106485,0.078604,9.852946,0.089883,30.975939
1403715313062142976.000000,0.000000,0.000000,9.374868,8.714634,0.093821,0.068515,9.663208,0.096341,30.760170
1403715313112143104.000000,0.000000,0.000000,10.113265,6.018582,0.084639,0.078136,14.927491,5.791502,32.266720
1403715313162142976.000000,0.000000,0.000000,9.813971,6.020623,0.147938,0.081047,15.506465,0.166669,30.634483
1403715313212143104.000000,0.000000,0.000000,9.829750,10.665613,0.111774,0.082725,10.911434,0.119753,34.285480
1403715313262142976.000000,0.000000,0.000000,8.827363,8.748077,0.110750,0.092325,12.641489,0.129698,32.481963
1403715313312143104.000000,0.000000,0.000000,9.924369,8.165541,0.096852,0.086124,11.577822,0.090035,35.797477
1403715313362142976.000000,0.000000,0.000000,10.061778,6.732155,0.069016,0.039948,12.215255,0.136327,29.529095
1403715313412143104.000000,0.000000,0.000000,9.961470,7.939616,0.107529,0.070359,12.506198,0.105710,32.426988
1403715313462142976.000000,0.000000,0.000000,9.983206,6.988674,0.103364,0.066107,11.533706,0.074534,29.822718
1403715313512143104.000000,0.000000,0.000000,9.410032,8.332945,0.115879,0.074356,11.818240,0.136865,36.828179
1403715313562142976.000000,0.000000,0.000000,9.357698,8.665854,0.069268,0.066937,11.672889,4.821697,31.584861
1403715313612143104.000000,0.000000,0.000000,11.410556,8.264084,0.110845,0.079177,12.638570,0.183103,35.457902
1403715313662142976.000000,0.000000,0.000000,9.855838,8.557505,0.108255,0.076983,13.898519,0.128258,32.924130
1403715313712143104.000000,0.000000,0.000000,9.390879,6.193990,0.123473,0.074440,10.339651,0.118153,31.047593
1403715313762142976.000000,0.000000,0.000000,9.866930,8.547560,0.105895,0.064629,10.077210,0.095181,32.679947
1403715313812143104.000000,0.000000,0.000000,9.271730,6.440673,0.081017,0.064764,11.810154,0.107678,28.291128
1403715313862142976.000000,0.000000,0.000000,10.231674,6.859033,0.099036,0.080682,11.973427,0.079990,29.539620
1403715313912143104.000000,0.000000,0.000000,9.906769,6.223617,0.129934,0.080208,11.000859,0.093388,31.465441
1403715313962142976.000000,0.000000,0.000000,10.780855,6.575596,0.092941,0.071076,9.068561,0.113231,29.887811
1403715314012143104.000000,0.000000,0.000000,12.103891,8.538266,0.108354,0.083406,9.368497,0.079800,34.504126
1403715314062142976.000000,0.000000,0.000000,9.434350,6.211880,0.104365,0.058237,8.764009,5.402641,27.815731
1403715314112143104.000000,0.000000,0.000000,9.903040,9.538981,0.106042,0.073425,10.885973,0.102351,37.554407
1403715314162142976.000000,0.000000,0.000000,11.761165,6.302841,0.098001,0.098749,13.270645,0.127583,30.425807
1403715314212143104.000000,0.000000,0.000000,9.713151,7.902363,0.099503,0.072097,11.909262,0.164818,30.122309
1403715314262142976.000000,0.000000,0.000000,10.007844,8.977365,0.101419,0.052703,10.528106,0.109688,32.289603
1403715314312143104.000000,0.000000,0.000000,9.947230,6.260583,0.077557,0.070957,11.873169,0.107527,33.001121
1403715314362142976.000000,0.000000,0.000000,10.154567,8.134237,0.058390,0.069647,8.512213,0.076571,32.275761
1403715314412143104.000000,0.000000,0.000000,10.268364,6.812262,0.094058,0.059489,10.946997,0.265988,29.970784
1403715314462142976.000000,0.000000,0.000000,8.931608,10.561668,0.090558,0.055598,8.376528,4.426257,32.911190
1403715314512143104.000000,0.000000,0.000000,8.774581,9.630046,0.103719,0.095054,11.468130,0.088511,36.090083
1403715314562142976.000000,0.000000,0.000000,8.350351,6.675580,0.127799,0.060160,9.743020,0.117230,28.035215
1403715314612143104.000000,0.000000,0.000000,9.257521,7.428277,0.126837,0.084963,12.751876,0.100588,29.916323
1403715314662142976.000000,0.000000,0.000000,9.932043,6.236583,0.089743,0.066443,9.083936,0.092385,27.902087
1403715314712143104.000000,0.000000,0.000000,10.464753,6.805153,0.085728,0.069576,13.024694,0.126252,33.094073
1403715314762142976.000000,0.000000,0.000000,9.937837,7.068697,0.098414,0.062724,12.962962,0.066683,29.383134
1403715314812143104.000000,0.000000,0.000000,9.897791,8.205919,0.114693,0.058394,14.343171,0.144115,32.173299
1403715314862142976.000000,0.000000,0.000000,9.538667,8.895738,0.104734,0.079656,12.190135,0.077481,31.857599
1403715314912143104.000000,0.000000,0.000000,8.642375,6.681299,0.095115,0.147715,10.108336,0.069843,28.825204
1403715314962142976.000000,0.000000,0.000000,9.017289,6.359571,0.087938,0.086008,10.896248,4.569399,27.570611
1403715315012143104.000000,0.000000,0.000000,9.911224,10.221073,0.110733,0.075249,11.369303,0.097400,34.475623
1403715315062142976.000000,0.000000,0.000000,8.838566,7.830225,0.095298,0.085525,13.307824,0.116156,27.409835
1403715315112143104.000000,0.000000,0.000000,9.680485,8.525743,0.108117,0.085700,10.186095,0.122564,34.937348
1403715315162142976.000000,0.000000,0.000000,10.338807,6.247204,0.062212,0.062750,10.756553,0.127578,28.486775
1403715315212143104.000000,0.000000,0.000000,9.763541,6.357415,0.118076,0.061499,11.805643,0.091557,27.750775
1403715315262142976.000000,0.000000,0.000000,10.908097,6.119683,0.091266,0.085089,9.469686,0.085902,27.779393
1403715315312143104.000000,0.000000,0.000000,9.343042,5.941349,0.103020,0.059559,10.409339,0.131237,29.168893
1403715315362142976.000000,0.000000,0.000000,9.392311,9.963742,0.092489,0.066094,10.831169,5.544380,32.090362
1403715315412143104.000000,0.000000,0.000000,9.532217,6.765556,0.087730,0.054800,11.016752,0.136336,30.292018
1403715315462142976.000000,0.000000,0.000000,10.091516,6.210875,0.081286,0.079090,10.575045,0.150055,29.543622
1403715315512143104.000000,0.000000,0.000000,9.906792,6.030440,0.089909,0.065872,13.176635,0.106928,34.995536
1403715315562142976.000000,0.000000,0.000000,8.974732,10.543114,0.089004,0.055308,11.427373,0.089358,32.054674
1403715315612143104.000000,0.000000,0.000000,9.062822,6.756660,0.093401,0.068281,11.942543,0.131083,28.276533
1403715315662142976.000000,0.000000,0.000000,9.372592,8.103929,0.108711,0.071183,12.616582,0.088523,31.868127
1403715315712143104.000000,0.000000,0.000000,9.860910,5.737053,0.096566,0.056785,12.398278,0.120911,28.974902
1403715315762142976.000000,0.000000,0.000000,8.705572,5.092063,0.064659,0.055534,9.704853,0.146269,25.171041
1403715315812143104.000000,0.000000,0.000000,9.058993,6.523252,0.092042,0.056564,9.993602,0.121032,28.788644
1403715315862142976.000000,0.000000,0.000000,8.917370,5.383969,0.111870,0.061994,10.572797,4.445972,27.758518
1403715315912143104.000000,0.000000,0.000000,9.658890,4.387290,0.097717,0.074695,11.690341,0.094334,30.260560
1403715315962142976.000000,0.000000,0.000000,9.221536,5.611093,0.085250,0.067818,12.536448,0.137673,25.904544
1403715316012143104.000000,0.000000,0.000000,8.974921,5.269375,0.092375,0.088164,12.607280,0.132638,25.897974
1403715316062142976.000000,0.000000,0.000000,9.628851,7.697760,0.118790,0.051089,10.995426,0.105618,30.268530
1403715316112143104.000000,0.000000,0.000000,8.842572,6.743506,0.111502,0.117431,11.827356,0.128675,32.665933
1403715316162142976.000000,0.000000,0.000000,9.055852,6.389560,0.095247,0.068953,10.462102,0.123247,30.136716
1403715316212143104.000000,0.000000,0.000000,8.749757,4.488408,0.092067,0.067779,10.639922,0.076361,24.809346
1403715316262142976.000000,0.000000,0.000000,8.475898,3.886645,0.091574,0.065819,10.833393,0.085675,21.671745
1403715316312143104.000000,0.000000,0.000000,8.974070,3.778057,0.086683,0.064036,12.841516,0.174366,25.536700
1403715316362142976.000000,0.000000,0.000000,9.166455,3.150200,0.143436,0.090116,12.352471,3.575636,23.111047
1403715316412143104.000000,0.000000,0.000000,9.497603,3.620147,0.143133,0.078346,13.062623,0.094076,23.978845
1403715316462142976.000000,0.000000,0.000000,10.497583,3.853343,0.097351,0.161215,14.838543,0.107304,23.101411
1403715316512143104.000000,0.000000,0.000000,8.634905,3.679196,0.114963,0.068955,10.770642,0.133111,25.617247
1403715316562142976.000000,0.000000,0.000000,8.610451,4.149323,0.104681,0.055561,10.788905,0.111167,23.799119
1403715316612143104.000000,0.000000,0.000000,8.915891,3.674035,0.105168,0.071939,12.085269,5.738479,23.270885
1403715316662142976.000000,0.000000,0.000000,9.347452,3.478580,0.108580,0.073614,10.564003,0.111041,22.490672
1403715316712143104.000000,0.000000,0.000000,9.481364,3.441149,0.109033,0.085076,12.791311,0.160975,24.093449
1403715316762142976.000000,0.000000,0.000000,10.312079,6.532230,0.128099,0.087684,12.343688,0.122332,27.490704
1403715316812143104.000000,0.000000,0.000000,8.402923,6.191537,0.132143,0.058540,11.058845,4.929882,28.366094
1403715316862142976.000000,0.000000,0.000000,9.631204,4.234743,0.152335,0.076668,12.215992,0.190787,29.280620
1403715316912143104.000000,0.000000,0.000000,8.924762,5.158172,0.120276,0.070018,11.248555,0.144424,26.543546
1403715316962142976.000000,0.000000,0.000000,8.218189,3.646585,0.092614,0.060710,12.922345,0.116232,24.786814
1403715317012143104.000000,0.000000,0.000000,9.514361,3.487994,0.099010,0.050215,10.875459,0.121384,24.365540
1403715317062142976.000000,0.000000,0.000000,8.692392,3.736731,0.116033,0.057242,12.633237,6.325723,24.095363
1403715317112143104.000000,0.000000,0.000000,8.360995,4.204357,0.107215,0.085600,10.479289,0.080522,24.512312
1403715317162142976.000000,0.000000,0.000000,9.052468,5.706172,0.121436,0.067425,11.935407,0.176512,26.314543
1403715317212143104.000000,0.000000,0.000000,10.125028,3.857972,0.149403,0.064687,10.660545,0.121892,28.080940
1403715317262142976.000000,0.000000,0.000000,10.405094,6.426880,0.127291,0.053402,10.225604,4.402123,31.178787
1403715317312143104.000000,0.000000,0.000000,11.341615,7.562810,0.160455,0.070520,9.651280,0.082148,39.584258
1403715317362142976.000000,0.000000,0.000000,10.135162,4.896617,0.083511,0.059839,9.400370,0.095510,25.931568
1403715317412143104.000000,0.000000,0.000000,9.364565,6.417438,0.152523,0.043676,9.112185,0.100910,30.248907
1403715317462142976.000000,0.000000,0.000000,10.267841,7.133078,0.109937,0.054675,8.577378,3.930762,29.365974
1403715317512143104.000000,0.000000,0.000000,10.706818,4.464685,0.108281,0.080212,9.545943,0.081073,25.082446
1403715317562142976.000000,0.000000,0.000000,9.873038,4.668155,0.096580,0.086138,9.980608,0.174674,27.413978
1403715317612143104.000000,0.000000,0.000000,10.270758,7.066688,0.097476,0.081280,10.065945,4.380684,29.516987
1403715317662142976.000000,0.000000,0.000000,10.960042,5.090365,0.094794,0.083229,9.636444,0.137954,28.687454
1403715317712143104.000000,0.000000,0.000000,10.820552,5.655388,0.091776,0.053342,9.253401,0.110797,29.431507
1403715317762142976.000000,0.000000,0.000000,10.431017,5.463257,0.087839,0.086253,12.693481,0.090833,26.769777
1403715317812143104.000000,0.000000,0.000000,10.532930,5.925743,0.092332,0.054049,8.944563,0.069715,34.820172
1403715317862142976.000000,0.000000,0.000000,9.979488,9.277958,0.053417,0.088509,12.476818,4.685907,36.179340
1403715317912143104.000000,0.000000,0.000000,10.681245,5.883108,0.065482,0.054575,10.410117,0.077129,31.287962
1403715317962142976.000000,0.000000,0.000000,12.699968,7.010012,0.115463,0.059487,11.676045,0.114135,35.338609
1403715318012143104.000000,0.000000,0.000000,9.851410,5.221008,0.117140,0.066434,9.217094,0.067066,28.934563
1403715318062142976.000000,0.000000,0.000000,11.187330,5.901077,0.103790,0.049109,7.723683,0.058130,30.161845
1403715318112143104.000000,0.000000,0.000000,11.646429,5.433338,0.113039,0.049434,8.437530,4.838114,34.162499
1403715318162142976.000000,0.000000,0.000000,10.488896,5.846117,0.111214,0.060982,9.434554,0.106442,30.284803
1403715318212143104.000000,0.000000,0.000000,9.245494,5.474935,0.133374,0.075782,11.532477,0.099804,28.082969
1403715318262142976.000000,0.000000,0.000000,10.292876,5.881371,0.125169,0.039804,10.323165,0.110810,29.937891
1403715318312143104.000000,0.000000,0.000000,11.098528,8.550169,0.129077,0.058381,10.030182,3.834355,43.882919
1403715318362142976.000000,0.000000,0.000000,10.929025,6.055924,0.124640,0.130589,9.201225,0.072352,36.439086
1403715318412143104.000000,0.000000,0.000000,9.608969,5.803679,0.135672,0.052660,7.712965,0.077373,30.099564
1403715318462142976.000000,0.000000,0.000000,10.607246,6.616666,0.141242,0.028100,7.003010,0.209015,33.332862
1403715318512143104.000000,0.000000,0.000000,10.988614,6.719307,0.150646,0.036707,9.186319,4.076238,32.816448
1403715318562142976.000000,0.000000,0.000000,12.195077,5.574147,0.115279,0.068151,9.087605,0.083240,33.695215
1403715318612143104.000000,0.000000,0.000000,11.177537,5.694800,0.119866,0.044220,8.283524,0.103244,32.712600
1403715318662142976.000000,0.000000,0.000000,11.089914,5.215660,0.134035,0.050913,6.687728,3.127692,31.185717
1403715318712143104.000000,0.000000,0.000000,10.751519,7.215791,0.146673,0.058256,7.525954,0.066817,33.316537
1403715318762142976.000000,0.000000,0.000000,11.140942,5.418652,0.133882,0.051322,8.054945,0.051570,36.237730
1403715318812143104.000000,0.000000,0.000000,12.300705,7.466913,0.119990,0.035282,6.971043,0.048120,36.960482
1403715318862142976.000000,0.000000,0.000000,12.582862,5.778712,0.152585,0.041076,7.779629,5.251204,35.826997
1403715318912143104.000000,0.000000,0.000000,10.939908,5.646426,0.130323,0.130853,12.005614,0.147696,30.362028
1403715318962142976.000000,0.000000,0.000000,10.787671,7.016718,0.149243,0.059813,9.701663,0.148873,31.729364
1403715319012143104.000000,0.000000,0.000000,10.269149,5.526206,0.128032,0.065560,8.935067,0.063853,31.184990
1403715319062142976.000000,0.000000,0.000000,14.259456,5.755838,0.159007,0.076381,10.243869,0.078559,35.389880
1403715319112143104.000000,0.000000,0.000000,11.411943,7.642715,0.142903,0.057071,9.182442,0.082235,34.042829
1403715319162142976.000000,0.000000,0.000000,11.874383,6.011361,0.125226,0.072480,10.154088,0.074738,30.357705
1403715319212143104.000000,0.000000,0.000000,11.327227,7.955642,0.168735,0.049425,7.937903,0.066887,32.234120
1403715319262142976.000000,0.000000,0.000000,10.887439,7.515968,0.124891,0.055350,9.515976,0.096972,36.099474
1403715319312143104.000000,0.000000,0.000000,11.425406,5.718581,0.075203,0.047443,8.805650,0.067689,31.508827
1403715319362142976.000000,0.000000,0.000000,11.354697,7.326024,0.210577,0.046793,7.791683,3.652530,36.311612
1403715319412143104.000000,0.000000,0.000000,11.651710,7.247886,0.143079,0.045296,10.575394,0.076496,34.835733
1403715319462142976.000000,0.000000,0.000000,10.694203,6.775511,0.158904,0.147792,11.043901,0.112207,31.416533
1403715319512143104.000000,0.000000,0.000000,11.280042,6.771451,0.144585,0.059877,10.777980,0.110077,33.120624
1403715319562142976.000000,0.000000,0.000000,10.702674,7.509592,0.146915,0.041180,9.057737,0.095207,30.095134
1403715319612143104.000000,0.000000,0.000000,10.815188,5.426591,0.147863,0.069115,9.984597,0.057276,31.219985
1403715319662142976.000000,0.000000,0.000000,11.382501,5.678252,0.141839,0.069963,12.083791,0.097536,33.113120
1403715319712143104.000000,0.000000,0.000000,11.057316,6.060822,0.135624,0.064179,9.613774,0.100431,32.632296
1403715319762142976.000000,0.000000,0.000000,13.443017,4.589383,0.123306,0.093928,11.693222,0.089091,31.153866
1403715319812143104.000000,0.000000,0.000000,11.717440,5.440078,0.177461,0.057344,9.208328,0.058903,33.803257
1403715319862142976.000000,0.000000,0.000000,11.204008,4.938210,0.142975,0.051934,9.880516,3.906303,28.639015
1403715319912143104.000000,0.000000,0.000000,11.383243,7.554514,0.156135,0.101653,11.197500,0.072514,35.434260
1403715319962142976.000000,0.000000,0.000000,11.395627,4.923866,0.133179,0.080916,10.814202,0.105635,32.824100
1403715320012143104.000000,0.000000,0.000000,12.370012,5.327507,0.145857,0.064425,12.931243,0.125969,35.861110
1403715320062142976.000000,0.000000,0.000000,15.457696,6.937685,0.150678,0.045467,9.790433,0.082633,38.906713
1403715320112143104.000000,0.000000,0.000000,12.185896,5.409653,0.263321,0.088894,12.674869,0.070848,31.648612
1403715320162142976.000000,0.000000,0.000000,12.171102,5.547832,0.131464,0.071531,13.251902,0.108305,36.807000
1403715320212143104.000000,0.000000,0.000000,11.730466,4.607413,0.136535,0.063751,10.480637,0.086016,31.234107
1403715320262142976.000000,0.000000,0.000000,11.736360,6.294817,0.142337,0.077510,10.992537,0.072456,34.782517
1403715320312143104.000000,0.000000,0.000000,12.833781,5.164651,0.134904,0.066217,11.784070,0.102523,32.085966
1403715320362142976.000000,0.000000,0.000000,11.748440,6.804288,0.143891,0.069330,11.847299,3.392244,32.851480
1403715320412143104.000000,0.000000,0.000000,13.001163,4.534746,0.116373,0.063747,10.467981,0.079077,32.337971
1403715320462142976.000000,0.000000,0.000000,11.594711,8.273663,0.112043,0.077217,11.874147,0.122730,32.943920
1403715320512143104.000000,0.000000,0.000000,11.901418,5.041383,0.112936,0.080034,11.908706,0.091251,30.789051
1403715320562142976.000000,0.000000,0.000000,12.530611,6.445783,0.140797,0.064561,13.149507,0.135443,39.305918
1403715320612143104.000000,0.000000,0.000000,13.136831,5.583716,0.106864,0.060687,12.288563,0.103799,33.541015
1403715320662142976.000000,0.000000,0.000000,11.658235,5.092701,0.110259,0.067329,10.484077,0.088016,31.133869
1403715320712143104.000000,0.000000,0.000000,11.344190,4.849916,0.126791,0.071052,11.115633,0.070214,32.804850
1403715320762142976.000000,0.000000,0.000000,11.133656,6.845133,0.151923,0.067258,10.603223,0.086492,32.898744
1403715320812143104.000000,0.000000,0.000000,12.384970,5.769023,0.135022,0.060225,9.903396,3.538362,33.708252
1403715320862142976.000000,0.000000,0.000000,12.688516,6.834631,0.144922,0.072768,11.118388,0.102771,36.027909
1403715320912143104.000000,0.000000,0.000000,13.238222,4.778075,0.115281,0.065907,10.561456,0.149137,34.235799
1403715320962142976.000000,0.000000,0.000000,12.089618,4.945909,0.124709,0.047724,8.894231,0.100942,30.744044
1403715321012143104.000000,0.000000,0.000000,11.951621,4.821524,0.117116,0.075683,12.079207,4.355694,30.535249
1403715321062142976.000000,0.000000,0.000000,13.092828,7.844747,0.136238,0.061538,10.589351,0.097774,39.715575
1403715321112143104.000000,0.000000,0.000000,13.631321,4.724127,0.080976,0.069000,13.499527,0.115752,33.491662
1403715321162142976.000000,0.000000,0.000000,11.565218,5.354875,0.079423,0.078538,11.212576,0.081485,33.111625
1403715321212143104.000000,0.000000,0.000000,11.322594,6.687155,0.154962,0.048528,9.527176,3.303892,34.219074
1403715321262142976.000000,0.000000,0.000000,11.162069,6.540933,0.143345,0.083283,13.806472,0.119152,32.674438
1403715321312143104.000000,0.000000,0.000000,11.268153,6.656494,0.147918,0.141663,11.372885,0.066667,33.473568
1403715321362142976.000000,0.000000,0.000000,11.399947,4.289732,0.175012,0.057361,8.996351,0.082659,29.566211
1403715321412143104.000000,0.000000,0.000000,12.430499,6.593078,0.129194,0.064654,11.030715,0.112229,33.116342
1403715321462142976.000000,0.000000,0.000000,10.912186,5.512325,0.124188,0.074655,12.467823,0.089391,30.957606
1403715321512143104.000000,0.000000,0.000000,12.175316,5.440613,0.117608,0.056353,12.623984,4.570754,34.473041
1403715321562142976.000000,0.000000,0.000000,11.528965,4.937871,0.178814,0.097938,10.649232,0.088999,35.931778
1403715321612143104.000000,0.000000,0.000000,11.107473,6.173197,0.090845,0.069594,11.826392,0.119371,34.226950
1403715321662142976.000000,0.000000,0.000000,12.392142,8.484323,0.131303,0.069895,11.231513,0.087060,39.658191
1403715321712143104.000000,0.000000,0.000000,11.504694,5.082815,0.140574,0.046135,8.144208,2.903370,31.015778
1403715321762142976.000000,0.000000,0.000000,10.584960,6.734319,0.153958,0.086496,9.845315,0.094274,32.069941
1403715321812143104.000000,0.000000,0.000000,10.225779,7.336887,0.147047,0.070026,11.663241,0.109326,38.872744
1403715321862142976.000000,0.000000,0.000000,11.710463,5.265471,0.120653,0.055815,8.375998,0.073435,31.141267
1403715321912143104.000000,0.000000,0.000000,11.527529,6.084359,0.147920,0.051119,9.203837,3.044717,34.384794
1403715321962142976.000000,0.000000,0.000000,11.831893,8.427391,0.137262,0.105376,11.322289,0.079987,38.669469
1403715322012143104.000000,0.000000,0.000000,11.037919,5.369765,0.136056,0.060789,12.218921,0.133468,35.867123
1403715322062142976.000000,0.000000,0.000000,9.806988,6.862361,0.148617,0.065404,11.304744,4.181330,33.493586
1403715322112143104.000000,0.000000,0.000000,10.604162,5.242743,0.156948,0.084933,12.384854,0.132344,30.929162
1403715322162142976.000000,0.000000,0.000000,11.049766,5.357580,0.168822,0.065217,12.955726,0.113079,34.473438
1403715322212143104.000000,0.000000,0.000000,11.117009,5.693926,0.133134,0.070845,11.325416,0.076527,31.655749
1403715322262142976.000000,0.000000,0.000000,9.613048,5.255238,0.131303,0.072572,9.562347,0.061655,37.008949
1403715322312143104.000000,0.000000,0.000000,12.248164,6.210216,0.150603,0.051665,10.895896,0.096842,32.446047
1403715322362142976.000000,0.000000,0.000000,10.148153,6.533153,0.155191,0.052156,11.211468,4.244424,32.083556
1403715322412143104.000000,0.000000,0.000000,10.452266,6.412936,0.147149,0.089376,12.423708,0.115213,31.240503
1403715322462142976.000000,0.000000,0.000000,9.697243,5.985323,0.206722,0.061818,10.086815,0.104196,33.649376
1403715322512143104.000000,0.000000,0.000000,10.981938,4.883672,0.089205,0.067979,12.079092,0.073449,29.079996
1403715322562142976.000000,0.000000,0.000000,10.307352,4.950986,0.135734,0.062107,10.421099,0.085295,28.139373
1403715322612143104.000000,0.000000,0.000000,10.432612,7.224704,0.098615,0.053979,9.665256,0.095783,30.224896
1403715322662142976.000000,0.000000,0.000000,10.155429,6.374685,0.160310,0.091253,10.184436,0.060842,32.252500
1403715322712143104.000000,0.000000,0.000000,10.654297,4.987613,0.145999,0.059478,9.771634,0.084048,28.669804
1403715322762142976.000000,0.000000,0.000000,12.110708,4.526325,0.213832,0.049527,16.521673,0.138764,30.619969
1403715322812143104.000000,0.000000,0.000000,10.973479,6.815749,0.164735,0.063302,10.273359,4.348065,35.801710
1403715322862142976.000000,0.000000,0.000000,11.241021,4.673855,0.137302,0.054820,11.230057,0.120197,29.758094
1403715322912143104.000000,0.000000,0.000000,11.130832,4.374575,0.145084,0.060632,11.961947,0.123108,28.062103
1403715322962142976.000000,0.000000,0.000000,10.645007,6.958740,0.169980,0.061875,12.852803,0.091824,34.274243
1403715323012143104.000000,0.000000,0.000000,10.669453,4.460045,0.129382,0.068358,13.520669,0.107622,27.434989
1403715323062142976.000000,0.000000,0.000000,10.159842,8.514243,0.230998,0.053911,10.140319,0.093979,39.603285
1403715323112143104.000000,0.000000,0.000000,12.390675,5.197593,0.130696,0.052835,11.458052,0.092666,31.592122
1403715323162142976.000000,0.000000,0.000000,12.685756,6.820887,0.146500,0.060599,9.862428,3.373650,34.861398
1403715323212143104.000000,0.000000,0.000000,11.115012,6.709953,0.145037,0.044723,10.135661,0.109486,30.780893
1403715323262142976.000000,0.000000,0.000000,8.831994,9.208063,0.209196,0.071169,13.491342,0.115961,29.438512
1403715323312143104.000000,0.000000,0.000000,11.587100,4.829862,0.126064,0.060051,12.675379,0.138617,32.834856
1403715323362142976.000000,0.000000,0.000000,9.850375,4.279544,0.131213,0.034086,9.055463,2.806956,27.714931
1403715323412143104.000000,0.000000,0.000000,9.143156,4.816088,0.153840,0.096480,12.594384,0.074832,29.121937
1403715323462142976.000000,0.000000,0.000000,11.458438,7.008628,0.139738,0.077050,10.544443,0.074074,32.327500
1403715323512143104.000000,0.000000,0.000000,11.102436,6.002985,0.153495,0.038200,10.870428,0.101980,34.215129
1403715323562142976.000000,0.000000,0.000000,10.646331,4.317632,0.083719,0.069497,13.189971,0.067910,27.579859
1403715323612143104.000000,0.000000,0.000000,9.408651,4.275948,0.111702,0.072350,10.141508,2.781680,24.699798
1403715323662142976.000000,0.000000,0.000000,9.161704,3.693511,0.098731,0.049380,11.008571,0.086605,23.325267
1403715323712143104.000000,0.000000,0.000000,9.045939,5.421385,0.135597,0.073621,12.948620,0.095465,30.965043
1403715323762142976.000000,0.000000,0.000000,10.033521,4.695756,0.114472,0.078292,12.022178,0.104990,27.141486
1403715323812143104.000000,0.000000,0.000000,10.658187,4.080679,0.096354,0.060167,12.820988,2.820376,26.442962
1403715323862142976.000000,0.000000,0.000000,9.481020,5.896992,0.126409,0.064224,10.287342,0.116820,28.205351
1403715323912143104.000000,0.000000,0.000000,9.772301,3.913453,0.093440,0.053096,11.138079,0.111415,24.629316
1403715323962142976.000000,0.000000,0.000000,9.335391,4.620161,0.118630,0.058732,9.347890,0.082525,25.263490
1403715324012143104.000000,0.000000,0.000000,9.924904,4.748920,0.085669,0.056484,10.113859,2.844817,24.683652
1403715324062142976.000000,0.000000,0.000000,9.641819,5.104692,0.095139,0.058889,11.413089,0.096407,31.089000
1403715324112143104.000000,0.000000,0.000000,9.551760,7.144058,0.071112,0.061162,11.483328,0.108223,32.449305
1403715324162142976.000000,0.000000,0.000000,10.670851,6.038772,0.076912,0.065992,13.079115,0.089317,29.938643
1403715324212143104.000000,0.000000,0.000000,10.823588,4.844631,0.123501,0.056555,10.905621,0.089272,28.017206
1403715324262142976.000000,0.000000,0.000000,11.063474,6.982231,0.130937,0.061678,10.932498,0.072629,31.534655
1403715324312143104.000000,0.000000,0.000000,11.537210,4.736552,0.112125,0.060609,11.046767,0.057480,28.598889
1403715324362142976.000000,0.000000,0.000000,10.832541,5.614833,0.107725,0.056558,10.503260,4.323407,29.882872
1403715324412143104.000000,0.000000,0.000000,10.430347,4.471752,0.112837,0.053197,14.297632,0.079889,25.865567
1403715324462142976.000000,0.000000,0.000000,11.568875,4.275458,0.056460,0.087234,12.135711,0.122517,29.003165
1403715324512143104.000000,0.000000,0.000000,10.783316,5.295056,0.102360,0.068097,13.540791,0.134687,28.402945
1403715324562142976.000000,0.000000,0.000000,10.018441,4.432041,0.107682,0.050714,10.649789,0.084527,29.368067
1403715324612143104.000000,0.000000,0.000000,11.636054,4.796443,0.115530,0.078445,13.842288,0.071770,30.436366
1403715324662142976.000000,0.000000,0.000000,11.110597,8.059330,0.172192,0.071926,12.749772,0.123522,34.214896
1403715324712143104.000000,0.000000,0.000000,11.584004,5.961096,0.121664,0.058710,11.724898,0.101719,31.720664
1403715324762142976.000000,0.000000,0.000000,9.910602,4.874125,0.120673,0.063488,13.186045,0.128386,27.249026
1403715324812143104.000000,0.000000,0.000000,10.710847,7.097448,0.171704,0.059988,13.257761,0.108046,31.475450
1403715324862142976.000000,0.000000,0.000000,9.776786,6.751615,0.141272,0.074669,12.944486,3.498993,32.016936
1403715324912143104.000000,0.000000,0.000000,10.949224,4.650054,0.112401,0.056285,12.102363,0.086418,28.559886
1403715324962142976.000000,0.000000,0.000000,10.591072,5.056166,0.296443,0.077297,13.445234,0.144770,31.197600
1403715325012143104.000000,0.000000,0.000000,10.297620,7.167694,0.147460,0.065635,12.188888,0.144279,30.039341
1403715325062142976.000000,0.000000,0.000000,11.061890,5.243508,0.117217,0.054458,12.876588,0.080725,33.301483
1403715325112143104.000000,0.000000,0.000000,10.417710,8.840683,0.131830,0.097314,15.195619,0.113415,34.269659
1403715325162142976.000000,0.000000,0.000000,10.497203,6.841472,0.154882,0.064478,12.587372,0.111243,31.647199
1403715325212143104.000000,0.000000,0.000000,10.184203,6.841645,0.128023,0.064476,13.055544,0.077771,33.462120
1403715325262142976.000000,0.000000,0.000000,11.583750,5.780611,0.121342,0.061442,11.380553,3.650169,30.269227
1403715325312143104.000000,0.000000,0.000000,10.061886,5.965693,0.127710,0.052910,11.957561,0.111683,32.850543
1403715325362142976.000000,0.000000,0.000000,10.778521,6.908118,0.148715,0.068403,12.790514,0.119305,34.518818
1403715325412143104.000000,0.000000,0.000000,10.470728,4.775860,0.122274,0.082492,12.472040,0.084655,29.125102
1403715325462142976.000000,0.000000,0.000000,11.131615,6.374430,0.154697,0.042954,11.999256,0.113275,32.063547
1403715325512143104.000000,0.000000,0.000000,10.688742,6.844151,0.136799,0.067601,12.401105,0.097331,32.814210
1403715325562142976.000000,0.000000,0.000000,11.046658,5.194685,0.115600,0.114897,16.996185,0.114156,34.908319
1403715325612143104.000000,0.000000,0.000000,10.503565,5.295857,0.140699,0.070140,12.664774,0.106670,29.769361
1403715325662142976.000000,0.000000,0.000000,11.359486,5.937902,0.153008,0.073868,12.877433,0.092890,32.968189
1403715325712143104.000000,0.000000,0.000000,11.917295,7.112517,0.157671,0.080771,14.924304,0.086745,34.775366
1403715325762142976.000000,0.000000,0.000000,10.421469,7.062283,0.152317,0.116706,13.809731,3.739732,34.545006
1403715325812143104.000000,0.000000,0.000000,10.007617,4.685681,0.118143,0.073045,13.170966,0.107926,31.220618
1403715325862142976.000000,0.000000,0.000000,9.861087,5.962822,0.150079,0.077811,16.309198,0.193197,30.089623
1403715325912143104.000000,0.000000,0.000000,10.773110,5.537768,0.146699,0.102705,13.345780,0.097984,31.166546
1403715325962142976.000000,0.000000,0.000000,11.945497,5.548943,0.121687,0.108067,14.752851,0.096718,31.465191
1403715326012143104.000000,0.000000,0.000000,10.388675,4.597878,0.135840,0.068455,13.385976,0.084826,31.808635
1403715326062142976.000000,0.000000,0.000000,9.763628,5.189252,0.080807,0.094092,12.097169,0.073538,29.501557
1403715326112143104.000000,0.000000,0.000000,12.051385,6.697233,0.148605,0.065185,12.465332,2.349011,33.468757
1403715326162142976.000000,0.000000,0.000000,9.848622,5.269221,0.116130,0.047032,12.815279,0.095228,28.610847
1403715326212143104.000000,0.000000,0.000000,11.262186,7.319153,0.173521,0.076850,12.829227,0.102054,38.550922
1403715326262142976.000000,0.000000,0.000000,9.540174,5.022587,0.132794,0.070959,14.624326,0.118276,29.038390
1403715326312143104.000000,0.000000,0.000000,12.157898,6.191453,0.132029,0.041923,12.178404,0.086774,35.733584
1403715326362142976.000000,0.000000,0.000000,11.082009,5.682876,0.156162,0.069855,14.228400,0.075744,31.581026
1403715326412143104.000000,0.000000,0.000000,10.565907,6.774742,0.155617,0.065925,13.666850,0.116768,33.436149
1403715326462142976.000000,0.000000,0.000000,10.600329,8.657267,0.182598,0.066154,13.895089,0.072272,36.765579
1403715326512143104.000000,0.000000,0.000000,9.986171,6.452612,0.267108,0.075378,13.569497,0.063599,31.942128
1403715326562142976.000000,0.000000,0.000000,10.452998,5.120541,0.142039,0.063406,13.407343,3.162321,30.595299
1403715326612143104.000000,0.000000,0.000000,9.286946,6.658567,0.130054,0.058797,14.351642,0.105547,30.196660
1403715326662142976.000000,0.000000,0.000000,10.213194,6.764950,0.152376,0.081759,14.686500,0.142166,32.821514
1403715326712143104.000000,0.000000,0.000000,12.775083,7.863810,0.133010,0.078893,14.428563,0.173930,41.269778
1403715326762142976.000000,0.000000,0.000000,9.891641,8.822845,0.233861,0.068257,13.708112,0.085302,33.092051
1403715326812143104.000000,0.000000,0.000000,10.670123,5.199896,0.137290,0.045645,14.008881,0.067199,31.194757
1403715326862142976.000000,0.000000,0.000000,9.810342,5.682857,0.147643,0.076105,14.072047,0.108008,30.350284
1403715326912143104.000000,0.000000,0.000000,10.860236,4.245412,0.124889,0.073109,14.194207,0.107854,29.326303
1403715326962142976.000000,0.000000,0.000000,10.647419,4.545141,0.135496,0.086330,13.174157,0.075052,28.379592
1403715327012143104.000000,0.000000,0.000000,10.968367,6.160895,0.152035,0.089847,14.112102,0.075065,32.518900
1403715327062142976.000000,0.000000,0.000000,9.686616,4.334840,0.131156,0.073821,14.684913,4.043654,25.680195
1403715327112143104.000000,0.000000,0.000000,9.499281,4.679595,0.129661,0.057446,15.085768,0.086803,29.996096
1403715327162142976.000000,0.000000,0.000000,10.195916,4.385777,0.174245,0.106358,14.510623,0.140061,29.812558
1403715327212143104.000000,0.000000,0.000000,10.969418,6.499213,0.147615,0.106554,14.320528,0.192820,33.320374
1403715327262142976.000000,0.000000,0.000000,10.503065,7.623345,0.171952,0.048386,13.622559,0.083594,37.062862
1403715327312143104.000000,0.000000,0.000000,10.756809,9.159896,0.098486,0.063452,15.983296,0.074129,36.361136
1403715327362142976.000000,0.000000,0.000000,11.719207,7.431983,0.151578,0.078898,15.692334,0.119651,35.959341
1403715327412143104.000000,0.000000,0.000000,10.778612,6.950032,0.153080,0.086869,15.182374,0.092356,32.670188
1403715327462142976.000000,0.000000,0.000000,10.159713,5.772955,0.152355,0.089674,14.554802,0.084572,29.042346
1403715327512143104.000000,0.000000,0.000000,10.496692,5.168984,0.137712,0.077152,12.979120,0.106904,30.329623
1403715327562142976.000000,0.000000,0.000000,9.783661,4.531103,0.150844,0.074871,13.746694,3.751220,33.183249
1403715327612143104.000000,0.000000,0.000000,9.310734,6.862183,0.172865,0.067490,14.733629,0.094175,32.801469
1403715327662142976.000000,0.000000,0.000000,10.457909,5.138631,0.142653,0.086770,14.479585,0.136544,29.473735
1403715327712143104.000000,0.000000,0.000000,10.272061,5.800487,0.157270,0.075181,13.963584,0.141192,31.600241
1403715327762142976.000000,0.000000,0.000000,11.792208,7.690769,0.186091,0.042404,13.039347,3.396093,33.863768
1403715327812143104.000000,0.000000,0.000000,10.301468,4.504781,0.144477,0.077557,13.114318,0.093741,27.890715
1403715327862142976.000000,0.000000,0.000000,11.426608,5.036401,0.183222,0.091915,15.155626,0.148030,30.197552
1403715327912143104.000000,0.000000,0.000000,10.007115,4.601161,0.164832,0.101298,14.401267,0.088517,28.347916
1403715327962142976.000000,0.000000,0.000000,12.250862,5.413740,0.129137,0.056111,12.357249,0.099738,38.106366
1403715328012143104.000000,0.000000,0.000000,10.546774,7.006265,0.161063,0.073037,12.841656,4.368146,35.885738
1403715328062142976.000000,0.000000,0.000000,11.416574,5.892634,0.085749,0.077596,15.402477,0.097093,32.431056
1403715328112143104.000000,0.000000,0.000000,10.525647,5.885862,0.156652,0.109672,15.849242,0.124748,32.207296
1403715328162142976.000000,0.000000,0.000000,9.501285,4.908142,0.145731,0.105021,16.178837,0.137472,30.988111
1403715328212143104.000000,0.000000,0.000000,10.693983,6.121788,0.171966,0.078074,15.211143,0.109679,34.403053
1403715328262142976.000000,0.000000,0.000000,11.768881,4.721000,0.147010,0.079257,15.064871,0.113017,30.170473
1403715328312143104.000000,0.000000,0.000000,10.345553,4.688000,0.155954,0.094175,14.184400,0.080771,30.470128
1403715328362142976.000000,0.000000,0.000000,10.751959,4.621452,0.151343,0.081357,13.111700,0.115719,32.307084
1403715328412143104.000000,0.000000,0.000000,10.160412,5.547101,0.157473,0.117209,16.081364,0.074687,29.338319
1403715328462142976.000000,0.000000,0.000000,9.799039,5.806781,0.186360,0.090495,13.244072,0.083864,33.370294
1403715328512143104.000000,0.000000,0.000000,10.176902,5.706671,0.144883,0.080184,13.996251,3.432015,32.650551
1403715328562142976.000000,0.000000,0.000000,10.753267,4.518470,0.160070,0.059310,13.031634,0.094245,30.393806
1403715328612143104.000000,0.000000,0.000000,10.511740,6.549164,0.206538,0.073201,13.856722,0.134208,33.599704
1403715328662142976.000000,0.000000,0.000000,10.571119,4.685135,0.155516,0.074258,13.032897,0.160567,29.817328
1403715328712143104.000000,0.000000,0.000000,10.852099,6.595967,0.168230,0.043683,13.351034,0.086175,31.927249
1403715328762142976.000000,0.000000,0.000000,11.162522,7.265296,0.194222,0.048878,13.679757,0.101371,35.244514
1403715328812143104.000000,0.000000,0.000000,10.154996,4.936735,0.162509,0.072472,13.269345,0.065514,31.926065
1403715328862142976.000000,0.000000,0.000000,10.441505,6.518987,0.145626,0.066970,12.927449,0.117775,32.245349
1403715328912143104.000000,0.000000,0.000000,10.600186,6.058862,0.159778,0.077881,12.342471,0.103067,33.296805
1403715328962142976.000000,0.000000,0.000000,10.480755,4.829617,0.155288,0.065784,12.524361,3.449041,30.910283
1403715329012143104.000000,0.000000,0.000000,10.798778,6.661649,0.161438,0.060840,13.150149,0.090245,36.508976
1403715329062142976.000000,0.000000,0.000000,10.173420,4.046516,0.138321,0.077970,14.422581,0.127454,28.013764
1403715329112143104.000000,0.000000,0.000000,10.799111,5.996804,0.157258,0.078140,14.340597,0.103767,31.909539
1403715329162142976.000000,0.000000,0.000000,10.621892,4.186653,0.144338,0.063000,12.285831,0.117635,27.822030
1403715329212143104.000000,0.000000,0.000000,11.302326,5.507110,0.170826,0.072055,12.991740,0.123968,33.594996
1403715329262142976.000000,0.000000,0.000000,10.030291,4.950437,0.169331,0.068602,13.205282,0.096690,30.237183
1403715329312143104.000000,0.000000,0.000000,10.607360,5.295958,0.156650,0.094847,12.920826,0.077679,31.073094
1403715329362142976.000000,0.000000,0.000000,10.374879,7.063896,0.228503,0.095612,12.643891,0.093361,35.059449
1403715329412143104.000000,0.000000,0.000000,11.212255,5.154994,0.155651,0.060418,14.349582,3.573127,31.693854
1403715329462142976.000000,0.000000,0.000000,10.840615,4.589496,0.172451,0.053982,15.947253,0.193423,30.591996
1403715329512143104.000000,0.000000,0.000000,9.902819,6.516458,0.182810,0.072154,12.634774,0.150894,31.376195
1403715329562142976.000000,0.000000,0.000000,10.043981,5.058966,0.176710,0.081864,14.281704,0.118970,33.893566
1403715329612143104.000000,0.000000,0.000000,11.353388,6.556699,0.106759,0.055096,12.907310,0.079862,36.019440
1403715329662142976.000000,0.000000,0.000000,10.842745,4.877937,0.232942,0.068667,13.315270,0.144128,32.107549
1403715329712143104.000000,0.000000,0.000000,11.690847,6.573562,0.198918,0.069991,13.928901,0.098159,35.665609
1403715329762142976.000000,0.000000,0.000000,10.511188,4.648527,0.182447,0.068875,13.015379,3.263911,29.898754
1403715329812143104.000000,0.000000,0.000000,10.090398,6.741691,0.241150,0.060107,13.845112,0.095158,34.583905
1403715329862142976.000000,0.000000,0.000000,10.598256,6.214243,0.186368,0.091264,13.230796,0.125414,33.588314
1403715329912143104.000000,0.000000,0.000000,10.844803,5.147797,0.189338,0.076405,13.739975,0.105484,31.470508
1403715329962142976.000000,0.000000,0.000000,12.600162,7.001238,0.211548,0.046050,10.565073,0.078764,36.932916
1403715330012143104.000000,0.000000,0.000000,12.036355,5.534553,0.178109,0.060564,15.355347,0.093281,34.752791
1403715330062142976.000000,0.000000,0.000000,12.674377,6.233687,0.198043,0.066020,12.584404,0.072720,38.958267
1403715330112143104.000000,0.000000,0.000000,12.704948,4.863565,0.111155,0.062604,14.075555,4.242983,33.979526
1403715330162142976.000000,0.000000,0.000000,12.436285,5.476463,0.109408,0.060206,14.189082,0.096668,35.718499
1403715330212143104.000000,0.000000,0.000000,11.292861,4.849730,0.187137,0.083837,15.238520,0.114942,32.262661
1403715330262142976.000000,0.000000,0.000000,10.976867,5.932019,0.243178,0.068298,14.666699,0.153580,33.458395
1403715330312143104.000000,0.000000,0.000000,10.501036,4.955535,0.428344,0.038242,12.973359,0.114117,35.057072
1403715330362142976.000000,0.000000,0.000000,10.360244,5.432738,0.196019,0.047800,13.353927,0.086295,32.467328
1403715330412143104.000000,0.000000,0.000000,11.906824,4.660137,0.236296,0.098848,13.038382,0.116781,33.557045
1403715330462142976.000000,0.000000,0.000000,11.376944,4.966671,0.193536,0.068999,12.000084,0.104028,35.926053
1403715330512143104.000000,0.000000,0.000000,11.242275,5.172711,0.193366,0.068223,12.859382,0.067681,32.339054
1403715330562142976.000000,0.000000,0.000000,11.537804,5.117280,0.197917,0.071662,13.444101,0.122194,33.672254
1403715330612143104.000000,0.000000,0.000000,11.388530,6.625315,0.209528,0.064799,16.437834,3.021951,34.641413
1403715330662142976.000000,0.000000,0.000000,10.776421,5.733461,0.199744,0.056233,14.441023,0.090604,32.356493
1403715330712143104.000000,0.000000,0.000000,11.470932,5.733175,0.202901,0.064024,12.872298,0.143389,33.840408
1403715330762142976.000000,0.000000,0.000000,10.316161,5.880584,0.516005,0.064240,13.762735,0.119332,38.258844
1403715330812143104.000000,0.000000,0.000000,14.461356,6.979063,0.185584,0.055287,13.880761,0.082796,38.082269
1403715330862142976.000000,0.000000,0.000000,11.711203,6.406660,0.209130,0.039234,13.307001,0.084619,34.989379
1403715330912143104.000000,0.000000,0.000000,10.896064,5.359536,0.199983,0.055683,11.618401,3.559911,34.967857
1403715330962142976.000000,0.000000,0.000000,12.408764,4.999856,0.242114,0.062945,14.847087,0.094053,38.808720
1403715331012143104.000000,0.000000,0.000000,11.439753,5.952390,0.184174,0.091268,14.554506,0.132935,34.485648
1403715331062142976.000000,0.000000,0.000000,10.941976,5.758445,0.210749,0.076907,12.178807,0.169428,37.645283
1403715331112143104.000000,0.000000,0.000000,11.390166,5.455979,0.232685,0.053729,12.192487,0.074516,34.494938
1403715331162142976.000000,0.000000,0.000000,10.354902,5.515197,0.276173,0.065528,12.432950,0.087747,35.504995
1403715331212143104.000000,0.000000,0.000000,10.999608,5.062865,0.181804,0.084591,12.694903,0.089386,33.304754
1403715331262142976.000000,0.000000,0.000000,11.286444,5.637441,0.238345,0.062708,13.814956,0.066467,33.467511
1403715331312143104.000000,0.000000,0.000000,10.453217,5.381476,0.205563,0.058554,12.875709,3.000909,34.437022
1403715331362142976.000000,0.000000,0.000000,10.469257,4.564299,0.192148,0.046856,10.849738,0.075764,31.970115
1403715331412143104.000000,0.000000,0.000000,11.605487,5.047960,0.194838,0.058686,12.315934,0.090020,34.269140
1403715331462142976.000000,0.000000,0.000000,13.033602,6.026302,0.207531,0.065204,14.293566,0.110522,37.726810
1403715331512143104.000000,0.000000,0.000000,12.793440,5.425638,0.187659,0.042963,10.669544,0.089195,34.426439
1403715331562142976.000000,0.000000,0.000000,10.511586,5.943111,0.254953,0.061314,13.860945,0.067098,34.552671
1403715331612143104.000000,0.000000,0.000000,11.383890,5.363509,0.213562,0.061534,11.082637,0.053852,34.799785
1403715331662142976.000000,0.000000,0.000000,11.718420,6.702234,0.233116,0.082652,11.244859,4.003428,36.256061
1403715331712143104.000000,0.000000,0.000000,11.510581,7.090293,0.231664,0.048490,12.539072,0.091282,36.244233
1403715331762142976.000000,0.000000,0.000000,11.843414,6.117619,0.214266,0.104684,13.725654,0.106263,38.405761
1403715331812143104.000000,0.000000,0.000000,11.232171,6.035135,0.113483,0.072262,13.655253,0.101679,35.912112
1403715331862142976.000000,0.000000,0.000000,10.615947,6.544876,0.119919,0.048452,13.013307,0.070612,36.221322
1403715331912143104.000000,0.000000,0.000000,11.565480,7.178960,0.238555,0.069597,12.879890,0.074558,37.270233
1403715331962142976.000000,0.000000,0.000000,10.437802,7.425530,0.213686,0.060098,13.440355,0.082125,35.865168
1403715332012143104.000000,0.000000,0.000000,11.602848,5.895361,0.233995,0.078275,14.136367,0.075995,35.341155
1403715332062142976.000000,0.000000,0.000000,11.060220,7.566479,0.211654,0.061424,12.445831,0.086161,36.777843
1403715332112143104.000000,0.000000,0.000000,11.555015,6.800982,0.212633,0.056012,13.266791,0.083483,36.874044
1403715332162142976.000000,0.000000,0.000000,13.152159,5.363478,0.236966,0.054440,12.797049,2.938091,36.002892
1403715332212143104.000000,0.000000,0.000000,10.397000,6.382960,0.220492,0.056037,11.838573,0.073192,35.158785
1403715332262142976.000000,0.000000,0.000000,13.968231,7.476081,0.219354,0.065290,14.709790,0.086113,44.051481
1403715332312143104.000000,0.000000,0.000000,11.583169,5.660801,0.139728,0.061295,14.877837,0.098053,36.337437
1403715332362142976.000000,0.000000,0.000000,10.759515,5.463253,0.233315,0.046974,10.811841,0.066357,35.605932
1403715332412143104.000000,0.000000,0.000000,11.145987,5.901761,0.213330,0.055092,13.766945,0.089980,35.930356
1403715332462142976.000000,0.000000,0.000000,11.872586,5.777174,0.241002,0.062386,12.802523,3.992771,35.274352
1403715332512143104.000000,0.000000,0.000000,10.676055,5.075645,0.215444,0.057606,12.713086,0.100719,35.521170
1403715332562142976.000000,0.000000,0.000000,11.362981,6.323223,0.224806,0.069371,12.059360,0.123261,37.509406
1403715332612143104.000000,0.000000,0.000000,10.763078,7.336429,0.228468,0.083682,13.972344,0.084823,37.124526
1403715332662142976.000000,0.000000,0.000000,12.297572,5.679660,0.235912,0.061927,10.304908,0.063164,36.526805
1403715332712143104.000000,0.000000,0.000000,12.071007,5.339165,0.239529,0.058363,13.627678,0.092658,34.402235
1403715332762142976.000000,0.000000,0.000000,10.705744,5.135677,0.213725,0.059615,12.227507,0.089268,37.441811
1403715332812143104.000000,0.000000,0.000000,12.327240,5.458837,0.229616,0.064435,12.271630,0.088086,36.791018
1403715332862142976.000000,0.000000,0.000000,12.138544,7.153826,0.208842,0.058853,11.389657,4.354828,38.636459
1403715332912143104.000000,0.000000,0.000000,11.408021,6.995437,0.196616,0.109374,13.585471,0.068897,36.296544
1403715332962142976.000000,0.000000,0.000000,11.384741,5.642647,0.225444,0.066410,12.816596,0.106364,37.188704
1403715333012143104.000000,0.000000,0.000000,10.190986,5.711707,0.210130,0.065123,12.452844,0.112298,33.141312
1403715333062142976.000000,0.000000,0.000000,10.155118,6.058627,0.199130,0.039257,12.614810,0.077888,35.774541
1403715333112143104.000000,0.000000,0.000000,11.381298,8.912990,0.237656,0.061872,11.911097,0.071924,38.815531
1403715333162142976.000000,0.000000,0.000000,10.883070,4.921640,0.252659,0.065126,12.863369,0.091130,32.389681
1403715333212143104.000000,0.000000,0.000000,10.651012,7.778741,0.201646,0.066344,15.539009,0.070273,39.555320
1403715333262142976.000000,0.000000,0.000000,12.092928,11.092211,0.220326,0.092178,13.334998,0.070211,42.673217
1403715333312143104.000000,0.000000,0.000000,10.936004,5.570170,0.201117,0.064394,12.869754,0.092858,36.041384
1403715333362142976.000000,0.000000,0.000000,11.650447,5.991977,0.224514,0.073301,11.873382,6.975919,38.061352
1403715333412143104.000000,0.000000,0.000000,11.599149,6.757855,0.198161,0.065503,13.050074,0.077309,37.439688
1403715333462142976.000000,0.000000,0.000000,10.573617,6.035313,0.203295,0.083587,12.598001,0.139558,35.590363
1403715333512143104.000000,0.000000,0.000000,11.384999,5.238294,0.218505,0.073658,14.188154,0.112391,35.138595
1403715333562142976.000000,0.000000,0.000000,13.284797,5.140755,0.223557,0.065536,12.613718,0.090575,35.555805
1403715333612143104.000000,0.000000,0.000000,10.849198,5.915769,0.277518,0.073006,14.000065,4.174835,37.444898
1403715333662142976.000000,0.000000,0.000000,12.045856,5.012751,0.250750,0.062084,13.763918,0.105650,34.417869
1403715333712143104.000000,0.000000,0.000000,10.655929,6.627678,0.223052,0.091421,14.355660,0.130764,38.878846
1403715333762142976.000000,0.000000,0.000000,11.019302,5.153033,0.118297,0.084741,14.317089,0.144277,33.182422
1403715333812143104.000000,0.000000,0.000000,12.058399,5.255913,0.217245,0.073889,11.762804,0.102064,35.325333
1403715333862142976.000000,0.000000,0.000000,11.957129,5.231700,0.191077,0.071490,14.953758,0.103531,35.006888
1403715333912143104.000000,0.000000,0.000000,14.965439,5.243499,0.217533,0.095583,13.258821,0.096345,41.446023
1403715333962142976.000000,0.000000,0.000000,11.967732,4.845379,0.208439,0.086717,13.415661,0.111072,34.271384
1403715334012143104.000000,0.000000,0.000000,10.881465,4.550157,0.239842,0.089823,14.335998,0.106565,32.444258
1403715334062142976.000000,0.000000,0.000000,11.893127,4.964401,0.201369,0.076013,14.201749,4.539312,34.501381
1403715334112143104.000000,0.000000,0.000000,11.942417,4.875998,0.206453,0.058455,13.986902,0.109098,33.007397
1403715334162142976.000000,0.000000,0.000000,11.092934,4.777345,0.204821,0.087483,14.500305,0.152116,35.417092
1403715334212143104.000000,0.000000,0.000000,11.185147,4.764038,0.248193,0.070940,14.567460,0.111436,33.391178
1403715334262142976.000000,0.000000,0.000000,11.667584,5.259568,0.216931,0.141760,13.399247,0.169137,35.665006
1403715334312143104.000000,0.000000,0.000000,11.409401,9.076691,0.218679,0.053550,12.967781,0.109599,38.715246
1403715334362142976.000000,0.000000,0.000000,10.565784,5.356952,0.215402,0.072143,13.091362,0.126744,35.999190
1403715334412143104.000000,0.000000,0.000000,11.637825,4.992263,0.193082,0.066775,12.253964,4.922049,33.505599
1403715334462142976.000000,0.000000,0.000000,12.169570,5.112883,0.196871,0.067237,13.513467,0.090676,34.348125
1403715334512143104.000000,0.000000,0.000000,9.653022,4.541326,0.223470,0.073851,15.416601,0.125766,31.072882
1403715334562142976.000000,0.000000,0.000000,10.662052,5.201547,0.272394,0.099812,14.575877,0.103945,32.629875
1403715334612143104.000000,0.000000,0.000000,11.468860,4.559809,0.199963,0.071933,13.667156,0.098375,38.315943
1403715334662142976.000000,0.000000,0.000000,10.258679,6.793737,0.109884,0.070519,12.434455,0.086173,37.350386
1403715334712143104.000000,0.000000,0.000000,10.672843,4.785572,0.191421,0.069107,12.872747,5.287519,32.335221
1403715334762142976.000000,0.000000,0.000000,10.480598,5.849514,0.218050,0.071225,14.671667,0.087481,34.669973
1403715334812143104.000000,0.000000,0.000000,10.919962,5.608951,0.231422,0.093904,14.803438,0.140667,33.605310
1403715334862142976.000000,0.000000,0.000000,11.063915,4.961491,0.197933,0.075552,16.552039,0.133979,33.469712
1403715334912143104.000000,0.000000,0.000000,11.948272,5.593634,0.222556,0.052761,14.477941,0.131949,35.194476
1403715334962142976.000000,0.000000,0.000000,11.202182,5.543130,0.280111,0.041792,16.404219,0.092332,37.285161
1403715335012143104.000000,0.000000,0.000000,12.350966,5.327894,0.185512,0.082684,13.319044,0.080129,35.691631
1403715335062142976.000000,0.000000,0.000000,9.723545,4.617888,0.180064,0.066423,14.633195,4.014954,31.809458
1403715335112143104.000000,0.000000,0.000000,9.770018,5.246087,0.237152,0.068828,12.066731,0.108238,32.768512
1403715335162142976.000000,0.000000,0.000000,11.571662,5.073878,0.184255,0.066071,14.015036,0.152049,31.162077
1403715335212143104.000000,0.000000,0.000000,11.422324,4.762832,0.182876,0.054880,13.256138,0.137422,35.368545
1403715335262142976.000000,0.000000,0.000000,10.959240,4.599324,0.186390,0.033830,11.298393,5.034583,32.010861
1403715335312143104.000000,0.000000,0.000000,11.876795,6.108517,0.190831,0.048572,12.898722,0.084104,40.141758
1403715335362142976.000000,0.000000,0.000000,10.595813,6.897260,0.169374,0.062805,16.053721,0.118939,35.673209
1403715335412143104.000000,0.000000,0.000000,10.695138,5.564628,0.213159,0.062776,14.960563,0.117203,35.517753
1403715335462142976.000000,0.000000,0.000000,11.501237,4.978218,0.188765,0.054888,13.627140,0.081917,35.101794
1403715335512143104.000000,0.000000,0.000000,10.626449,5.095240,0.175050,0.066401,13.090847,0.064844,35.065464
1403715335562142976.000000,0.000000,0.000000,10.407185,4.587761,0.177396,0.055464,12.330430,0.093958,32.250417
1403715335612143104.000000,0.000000,0.000000,9.965998,5.156271,0.191913,0.065628,16.450187,0.060332,32.311769
1403715335662142976.000000,0.000000,0.000000,10.727575,4.342377,0.179685,0.079418,12.413495,0.061736,30.635244
1403715335712143104.000000,0.000000,0.000000,10.355613,4.290081,0.198127,0.058557,12.432065,5.184029,31.858406
1403715335762142976.000000,0.000000,0.000000,11.850294,5.638769,0.189360,0.061173,16.429881,0.088354,35.019457
1403715335812143104.000000,0.000000,0.000000,11.089828,5.578771,0.193258,0.070676,16.403909,0.110510,39.764640
1403715335862142976.000000,0.000000,0.000000,9.911994,6.843176,0.117712,0.091130,13.474021,0.113420,35.107515
1403715335912143104.000000,0.000000,0.000000,11.961246,5.082470,0.190573,0.067115,12.333934,0.093984,34.769216
1403715335962142976.000000,0.000000,0.000000,10.674000,5.091869,0.203678,0.053449,13.266568,0.079058,33.846071
1403715336012143104.000000,0.000000,0.000000,10.955990,5.514358,0.108871,0.068880,14.021165,0.076186,34.227901
1403715336062142976.000000,0.000000,0.000000,11.174108,5.425670,0.229606,0.072669,13.665603,0.078151,33.700733
1403715336112143104.000000,0.000000,0.000000,11.618646,4.560514,0.178591,0.062949,13.080436,0.123520,35.554896
1403715336162142976.000000,0.000000,0.000000,10.732767,4.093266,0.256764,0.061958,12.768376,0.096574,33.975753
1403715336212143104.000000,0.000000,0.000000,10.549197,5.900595,0.213058,0.070877,12.961083,4.819742,35.900841
1403715336262142976.000000,0.000000,0.000000,10.441059,4.822320,0.184913,0.052136,12.921791,0.083734,31.271499
1403715336312143104.000000,0.000000,0.000000,13.385516,8.092766,0.206177,0.071415,14.107925,0.139559,37.325825
1403715336362142976.000000,0.000000,0.000000,9.691275,4.171347,0.201682,0.083740,14.238730,0.116152,29.991723
1403715336412143104.000000,0.000000,0.000000,11.750680,5.837898,0.183039,0.081232,13.548541,0.098263,34.535814
1403715336462142976.000000,0.000000,0.000000,12.944218,4.979933,0.186822,0.112068,13.409166,0.086871,35.373693
1403715336512143104.000000,0.000000,0.000000,10.351421,4.406105,0.197860,0.065125,13.262132,0.113528,34.900649
1403715336562142976.000000,0.000000,0.000000,12.251884,7.605283,0.188639,0.063785,13.693399,0.075840,34.396043
1403715336612143104.000000,0.000000,0.000000,10.982713,5.125966,0.172854,0.067455,13.029133,0.111960,32.068351
1403715336662142976.000000,0.000000,0.000000,12.089123,5.016170,0.213748,0.079274,13.713978,0.234948,35.699644
1403715336712143104.000000,0.000000,0.000000,10.797220,6.407984,0.180515,0.058927,12.760646,4.569955,31.631790
1403715336762142976.000000,0.000000,0.000000,10.504585,7.501171,0.219252,0.054536,16.119832,0.087152,35.452353
1403715336812143104.000000,0.000000,0.000000,10.410289,5.876716,0.217272,0.119584,14.040086,0.149688,31.228936
1403715336862142976.000000,0.000000,0.000000,10.353495,4.835291,0.189123,0.145894,17.362613,0.122787,34.785193
1403715336912143104.000000,0.000000,0.000000,11.376489,4.475787,0.103315,0.052923,14.279129,0.082402,32.092051
1403715336962142976.000000,0.000000,0.000000,10.847646,6.741017,0.286782,0.069118,13.692337,0.075195,35.544046
1403715337012143104.000000,0.000000,0.000000,11.703237,6.815707,0.199735,0.067906,13.539102,0.138872,35.674512
1403715337062142976.000000,0.000000,0.000000,11.391570,6.394961,0.185634,0.065147,13.471433,0.104679,34.441947
1403715337112143104.000000,0.000000,0.000000,9.306122,6.220976,0.194634,0.080066,13.450579,0.071883,32.603548
1403715337162142976.000000,0.000000,0.000000,11.045361,6.737782,0.178444,0.067600,12.546388,0.134600,34.897548
1403715337212143104.000000,0.000000,0.000000,10.713652,6.567421,0.202382,0.064341,12.475612,4.113086,35.302951
1403715337262142976.000000,0.000000,0.000000,12.162688,7.121890,0.191454,0.054621,13.149194,0.089912,35.978195
1403715337312143104.000000,0.000000,0.000000,10.935452,6.125614,0.174228,0.076114,13.387808,0.097453,33.909946
1403715337362142976.000000,0.000000,0.000000,10.888508,4.649426,0.180853,0.081134,14.161249,0.135320,34.985441
1403715337412143104.000000,0.000000,0.000000,9.851727,6.029456,0.100013,0.052287,12.429303,0.083773,31.753145
1403715337462142976.000000,0.000000,0.000000,10.826838,5.879722,0.218287,0.065282,13.539911,0.096425,35.722601
1403715337512143104.000000,0.000000,0.000000,10.812513,4.700978,0.184359,0.062657,12.567471,4.980176,34.364657
1403715337562142976.000000,0.000000,0.000000,11.573353,4.671624,0.168962,0.066873,14.077221,0.127186,31.075099
1403715337612143104.000000,0.000000,0.000000,10.242713,5.084229,0.166637,0.072278,13.905968,0.133771,32.901469
1403715337662142976.000000,0.000000,0.000000,11.426377,5.316900,0.191361,0.088149,15.493946,0.089938,37.256016
1403715337712143104.000000,0.000000,0.000000,10.162940,7.975452,0.176284,0.062226,11.170398,0.083673,35.084734
1403715337762142976.000000,0.000000,0.000000,10.601040,4.646595,0.179536,0.063844,11.510130,0.089278,31.074416
1403715337812143104.000000,0.000000,0.000000,11.656099,5.782309,0.250809,0.069738,13.229599,5.154065,35.352330
1403715337862142976.000000,0.000000,0.000000,10.506904,4.910314,0.169642,0.073736,13.882818,0.097228,29.635759
1403715337912143104.000000,0.000000,0.000000,11.300552,5.044432,0.184279,0.078578,16.612916,0.241964,33.995259
1403715337962142976.000000,0.000000,0.000000,10.360288,4.978456,0.159126,0.073379,13.913475,0.121281,31.058534
1403715338012143104.000000,0.000000,0.000000,10.248744,5.737576,0.186754,0.045383,13.543972,0.081218,32.474829
1403715338062142976.000000,0.000000,0.000000,11.619154,5.491263,0.165653,0.047203,14.660689,0.105130,36.194606
1403715338112143104.000000,0.000000,0.000000,10.170986,5.790466,0.157419,0.064150,13.110948,0.101203,33.476418
1403715338162142976.000000,0.000000,0.000000,9.440920,6.515848,0.088489,0.126543,14.450924,0.070388,32.617005
1403715338212143104.000000,0.000000,0.000000,10.904563,5.817719,0.158804,0.072802,12.629122,0.075907,32.816398
1403715338262142976.000000,0.000000,0.000000,9.769453,6.165947,0.157005,0.066499,13.195576,0.101263,32.106778
1403715338312143104.000000,0.000000,0.000000,10.063749,5.910119,0.183270,0.086708,11.837624,4.400524,31.371520
1403715338362142976.000000,0.000000,0.000000,10.509182,6.553678,0.166130,0.066707,13.561700,0.078984,33.579997
1403715338412143104.000000,0.000000,0.000000,10.556227,5.422103,0.153834,0.077249,13.776668,0.122973,35.037281
1403715338462142976.000000,0.000000,0.000000,10.669379,6.781056,0.198785,0.081724,14.081817,0.119354,34.393503
1403715338512143104.000000,0.000000,0.000000,12.382343,7.708543,0.150847,0.072121,13.496461,0.113789,36.525418
1403715338562142976.000000,0.000000,0.000000,9.349568,6.506262,0.166510,0.073851,15.660250,0.100903,38.198973
1403715338612143104.000000,0.000000,0.000000,11.056334,5.113133,0.104021,0.076499,13.687031,0.072369,32.925372
1403715338662142976.000000,0.000000,0.000000,10.581545,5.235884,0.211093,0.067803,13.401088,0.117605,32.887846
1403715338712143104.000000,0.000000,0.000000,10.656658,6.723378,0.176879,0.065378,12.271666,0.105003,35.280760
1403715338762142976.000000,0.000000,0.000000,10.895162,5.269733,0.175111,0.125517,15.737132,0.071880,32.358063
1403715338812143104.000000,0.000000,0.000000,10.384276,7.240198,0.182263,0.062479,12.042886,5.465868,39.465553
1403715338862142976.000000,0.000000,0.000000,10.100597,6.515596,0.173858,0.049866,11.843194,0.101592,34.805230
1403715338912143104.000000,0.000000,0.000000,12.216954,6.320314,0.190243,0.083826,13.615898,0.117314,37.266854
1403715338962142976.000000,0.000000,0.000000,12.188742,6.310325,0.184358,0.073802,11.830620,0.120172,36.881018
1403715339012143104.000000,0.000000,0.000000,8.424579,5.470024,0.170976,0.064987,13.853787,0.098801,28.478280
1403715339062142976.000000,0.000000,0.000000,10.186743,7.139893,0.179461,0.042703,12.804401,0.071371,35.881615
1403715339112143104.000000,0.000000,0.000000,10.932696,5.626114,0.198222,0.060312,13.332660,0.120603,33.554539
1403715339162142976.000000,0.000000,0.000000,10.122719,5.988607,0.183768,0.057998,11.204786,4.810369,33.484658
1403715339212143104.000000,0.000000,0.000000,11.526748,7.139696,0.170831,0.058227,13.091343,0.094476,36.760239
1403715339262142976.000000,0.000000,0.000000,10.261844,7.093265,0.188575,0.064301,11.579271,0.119272,39.738217
1403715339312143104.000000,0.000000,0.000000,10.481370,6.159285,0.168453,0.096601,11.287949,0.131801,35.148391
1403715339362142976.000000,0.000000,0.000000,10.106941,6.161682,0.167767,0.062039,10.999940,0.066614,34.881139
1403715339412143104.000000,0.000000,0.000000,11.757342,7.084676,0.162059,0.064451,11.302427,4.690071,37.086778
1403715339462142976.000000,0.000000,0.000000,10.436020,8.077112,0.271206,0.117936,13.762285,0.077880,36.447549
1403715339512143104.000000,0.000000,0.000000,9.715288,6.139507,0.167715,0.075166,11.596498,0.106264,32.898341
1403715339562142976.000000,0.000000,0.000000,10.220611,6.203300,0.161368,0.063798,11.826388,0.096599,33.212642
1403715339612143104.000000,0.000000,0.000000,9.686628,5.773748,0.147781,0.050139,9.563295,4.190843,35.917779
1403715339662142976.000000,0.000000,0.000000,10.406266,6.172355,0.159028,0.054285,14.405644,0.087137,33.787657
1403715339712143104.000000,0.000000,0.000000,10.938583,7.358511,0.179256,0.061326,13.572108,0.197909,37.812986
1403715339762142976.000000,0.000000,0.000000,10.424536,7.230063,0.162952,0.060464,12.647939,0.106885,35.953592
1403715339812143104.000000,0.000000,0.000000,9.539791,6.315812,0.168328,0.070723,11.869239,3.500293,33.140855
1403715339862142976.000000,0.000000,0.000000,10.341439,5.891050,0.195065,0.065711,12.393880,0.094604,32.830300
1403715339912143104.000000,0.000000,0.000000,9.899748,7.339945,0.160735,0.061947,12.008779,0.175239,38.850342
1403715339962142976.000000,0.000000,0.000000,11.369681,7.434537,0.166219,0.058456,15.535922,0.082763,37.198445
1403715340012143104.000000,0.000000,0.000000,10.357814,8.328405,0.185716,0.049419,11.366109,4.025539,37.715443
1403715340062142976.000000,0.000000,0.000000,12.399357,6.318075,0.193908,0.051736,12.690717,0.111142,39.404415
1403715340112143104.000000,0.000000,0.000000,11.233185,7.230964,0.162910,0.121876,15.118385,0.107638,36.599381
1403715340162142976.000000,0.000000,0.000000,9.458125,6.302778,0.197201,0.065185,12.413054,0.114441,34.971201
1403715340212143104.000000,0.000000,0.000000,10.696760,6.528744,0.183793,0.043394,11.268628,3.808647,34.324502
1403715340262142976.000000,0.000000,0.000000,10.538216,6.534078,0.162673,0.063104,13.588805,0.080680,40.004786
1403715340312143104.000000,0.000000,0.000000,9.572218,4.808560,0.158059,0.077072,13.306782,0.130876,30.449834
1403715340362142976.000000,0.000000,0.000000,10.545546,5.771094,0.173691,0.063675,12.100024,0.138250,34.395715
1403715340412143104.000000,0.000000,0.000000,9.544887,5.119452,0.169919,0.059607,10.249219,3.741836,32.354997
1403715340462142976.000000,0.000000,0.000000,10.013163,6.487551,0.176526,0.089164,13.008675,0.079671,36.355406
1403715340512143104.000000,0.000000,0.000000,9.213918,4.862264,0.170475,0.077460,13.151827,0.119496,31.239290
1403715340562142976.000000,0.000000,0.000000,10.352206,6.757990,0.170319,0.062990,13.415427,0.068917,37.310989
1403715340612143104.000000,0.000000,0.000000,9.839556,5.891046,0.184177,0.062752,11.700570,4.348272,34.465535
1403715340662142976.000000,0.000000,0.000000,10.074600,6.856250,0.192474,0.075486,13.358606,0.128360,34.136301
1403715340712143104.000000,0.000000,0.000000,10.665504,5.531639,0.260267,0.062951,12.888790,0.107087,33.608589
1403715340762142976.000000,0.000000,0.000000,10.940989,5.339597,0.174221,0.085963,13.078365,0.111505,32.461582
1403715340812143104.000000,0.000000,0.000000,10.170243,6.807426,0.199563,0.040805,11.723151,4.749622,37.774345
1403715340862142976.000000,0.000000,0.000000,10.854153,6.094500,0.206610,0.048758,12.670709,0.119938,33.271137
1403715340912143104.000000,0.000000,0.000000,10.098303,7.603378,0.188995,0.092400,14.948499,0.117744,38.984231
1403715340962142976.000000,0.000000,0.000000,10.020144,6.382609,0.175195,0.069930,14.765648,0.200223,36.654792
1403715341012143104.000000,0.000000,0.000000,10.304610,5.256756,0.233693,0.051909,13.312339,0.083345,36.001753
1403715341062142976.000000,0.000000,0.000000,12.611503,5.199331,0.191677,0.076447,14.369180,4.214261,36.067224
1403715341112143104.000000,0.000000,0.000000,10.858976,5.457332,0.183628,0.061100,13.134457,0.107528,32.706247
1403715341162142976.000000,0.000000,0.000000,9.887485,5.049546,0.203793,0.104974,15.229989,0.136251,31.950478
1403715341212143104.000000,0.000000,0.000000,11.236762,4.723944,0.218549,0.104464,15.280574,0.114870,33.797225
1403715341262142976.000000,0.000000,0.000000,10.835675,5.241326,0.217032,0.068250,11.852287,0.083662,33.804193
1403715341312143104.000000,0.000000,0.000000,10.304537,5.685151,0.194516,0.083405,14.148833,4.275991,32.955490
1403715341362142976.000000,0.000000,0.000000,9.597953,5.594959,0.187378,0.052960,12.169805,0.091900,31.690064
1403715341412143104.000000,0.000000,0.000000,11.769825,6.370128,0.229989,0.098261,12.846168,0.116941,40.073784
1403715341462142976.000000,0.000000,0.000000,11.457479,4.923663,0.203068,0.063334,12.337969,0.181836,33.229471
1403715341512143104.000000,0.000000,0.000000,11.090583,5.052042,0.172703,0.058462,11.957521,0.076734,34.203562
1403715341562142976.000000,0.000000,0.000000,9.588275,6.483981,0.180347,0.061199,12.117414,4.801490,34.105078
1403715341612143104.000000,0.000000,0.000000,9.422936,5.549518,0.187771,0.064012,11.838362,0.096174,32.223608
1403715341662142976.000000,0.000000,0.000000,9.900965,4.897189,0.271860,0.059342,12.613484,0.130364,31.960123
1403715341712143104.000000,0.000000,0.000000,10.700740,4.909791,0.197763,0.068570,12.906183,0.108365,32.762150
1403715341762142976.000000,0.000000,0.000000,10.944399,4.615797,0.180620,0.059620,12.252407,0.088007,32.820993
1403715341812143104.000000,0.000000,0.000000,11.671248,6.254486,0.175196,0.064101,11.616603,4.609526,34.871141
1403715341862142976.000000,0.000000,0.000000,11.002813,6.033376,0.171442,0.052325,13.753174,0.089312,35.575893
1403715341912143104.000000,0.000000,0.000000,10.344959,5.161241,0.151161,0.062756,13.488025,0.132979,36.447258
1403715341962142976.000000,0.000000,0.000000,10.058999,5.462722,0.188930,0.076831,14.890838,0.126694,35.622425
1403715342012143104.000000,0.000000,0.000000,10.748146,7.451075,0.240255,0.040047,12.676412,4.676133,36.491760
1403715342062142976.000000,0.000000,0.000000,10.140471,7.295369,0.171592,0.074955,12.102129,0.124158,38.636220
1403715342112143104.000000,0.000000,0.000000,11.554467,5.284074,0.169033,0.081583,12.870640,0.114961,34.945670
1403715342162142976.000000,0.000000,0.000000,9.235810,5.272967,0.195389,0.063745,12.657412,0.162117,31.969071
1403715342212143104.000000,0.000000,0.000000,11.126997,5.042527,0.166309,0.057595,11.596969,0.084469,33.518736
1403715342262142976.000000,0.000000,0.000000,10.537013,4.960937,0.167673,0.051324,12.278397,6.574316,32.835558
1403715342312143104.000000,0.000000,0.000000,11.073751,4.645452,0.188578,0.051407,10.873456,0.067986,32.827484
1403715342362142976.000000,0.000000,0.000000,11.129094,6.790398,0.224924,0.088093,11.239086,0.071352,34.669068
1403715342412143104.000000,0.000000,0.000000,10.908575,5.065872,0.194636,0.047321,11.430256,0.144503,36.395187
1403715342462142976.000000,0.000000,0.000000,11.138219,5.309838,0.172832,0.028992,8.364263,0.096381,33.361818
1403715342512143104.000000,0.000000,0.000000,9.955566,6.023860,0.194214,0.046057,9.771863,4.208741,33.419095
1403715342562142976.000000,0.000000,0.000000,11.439293,6.482269,0.241807,0.037559,8.496746,0.054290,35.935416
1403715342612143104.000000,0.000000,0.000000,11.723265,5.808939,0.402774,0.049064,10.866499,0.075432,34.335353
1403715342662142976.000000,0.000000,0.000000,9.432876,6.390161,0.199496,0.032218,8.598247,0.053566,33.209259
1403715342712143104.000000,0.000000,0.000000,11.018179,5.206570,0.170863,0.026241,7.982152,2.665556,37.319623
1403715342762142976.000000,0.000000,0.000000,12.317077,6.530565,0.199630,0.070876,11.084067,0.087690,36.975202
1403715342812143104.000000,0.000000,0.000000,11.104454,6.946178,0.196961,0.035076,8.153723,0.072641,36.080883
1403715342862142976.000000,0.000000,0.000000,10.821741,6.598487,0.199416,0.040027,8.630425,0.053928,36.643333
1403715342912143104.000000,0.000000,0.000000,11.060494,5.331249,0.282036,0.035928,10.068192,3.310169,31.903200
1403715342962142976.000000,0.000000,0.000000,11.003079,5.607824,0.169449,0.065847,13.325328,0.065942,31.804693
1403715343012143104.000000,0.000000,0.000000,12.333292,5.676952,0.201039,0.047180,12.498128,0.081873,39.945196
1403715343062142976.000000,0.000000,0.000000,10.170748,7.058421,0.230013,0.031031,11.379330,0.059695,35.183925
1403715343112143104.000000,0.000000,0.000000,10.962602,5.770981,0.185761,0.053198,8.522510,0.043385,38.482645
1403715343162142976.000000,0.000000,0.000000,9.715237,5.610156,0.170599,0.046682,10.351459,0.123061,32.967196
1403715343212143104.000000,0.000000,0.000000,10.405503,5.181932,0.171133,0.041213,9.284339,0.052520,33.057511
1403715343262142976.000000,0.000000,0.000000,11.112771,7.261474,0.169363,0.042330,8.926611,0.041506,36.962384
1403715343312143104.000000,0.000000,0.000000,12.247919,5.328144,0.188264,0.043667,10.477994,0.068718,34.704341
1403715343362142976.000000,0.000000,0.000000,11.391090,5.260579,0.322826,0.052283,9.682473,0.042740,35.203316
1403715343412143104.000000,0.000000,0.000000,10.724793,6.408431,0.202672,0.040715,12.747476,10.126715,33.614690
1403715343462142976.000000,0.000000,0.000000,12.247588,5.695765,0.166775,0.061343,13.457848,0.091698,35.099909
1403715343512143104.000000,0.000000,0.000000,11.551632,8.390649,0.282643,0.151602,13.377331,0.123324,39.795048
1403715343562142976.000000,0.000000,0.000000,10.707747,4.881344,0.101698,0.063420,12.599050,0.288892,33.232514
1403715343612143104.000000,0.000000,0.000000,9.759771,6.766653,0.195314,0.046737,10.211636,0.159485,35.149910
1403715343662142976.000000,0.000000,0.000000,11.252710,5.771532,0.197727,0.045585,12.915564,0.090392,35.703846
1403715343712143104.000000,0.000000,0.000000,12.657373,7.361412,0.180167,0.065061,15.084371,0.130760,37.587456
1403715343762142976.000000,0.000000,0.000000,10.924703,7.254586,0.192095,0.059198,12.462257,0.075123,37.596801
1403715343812143104.000000,0.000000,0.000000,10.452227,6.179236,0.195460,0.065488,12.255998,0.096855,34.013193
1403715343862142976.000000,0.000000,0.000000,11.633193,7.250030,0.189431,0.056890,12.283437,0.126256,36.498139
1403715343912143104.000000,0.000000,0.000000,10.319365,6.671259,0.198253,0.066008,11.408339,3.567397,33.889475
1403715343962142976.000000,0.000000,0.000000,11.311255,5.239652,0.308959,0.054104,15.012602,0.094548,36.098970
1403715344012143104.000000,0.000000,0.000000,9.995092,6.712660,0.176639,0.071223,12.551563,0.129673,37.827382
1403715344062142976.000000,0.000000,0.000000,10.914426,4.822541,0.098552,0.082782,13.692212,0.119105,31.302475
1403715344112143104.000000,0.000000,0.000000,10.623329,5.652414,0.186836,0.082098,12.699318,0.090468,33.641374
1403715344162142976.000000,0.000000,0.000000,11.279799,5.148385,0.188350,0.051037,11.273877,0.095742,32.130615
1403715344212143104.000000,0.000000,0.000000,10.485565,6.445342,0.178846,0.067010,13.496436,0.091094,34.423205
1403715344262142976.000000,0.000000,0.000000,10.115007,4.970807,0.205994,0.064875,13.284128,0.125790,31.587318
1403715344312143104.000000,0.000000,0.000000,10.900936,6.479438,0.178759,0.079351,13.324609,0.087854,34.565398
1403715344362142976.000000,0.000000,0.000000,10.862270,5.010905,0.168552,0.069861,13.525059,0.169683,35.316950
1403715344412143104.000000,0.000000,0.000000,10.762714,5.848725,0.193001,0.072243,11.511330,3.216886,33.822904
1403715344462142976.000000,0.000000,0.000000,9.920798,5.142920,0.181788,0.057789,12.598287,0.112449,31.031158
1403715344512143104.000000,0.000000,0.000000,10.050189,5.281390,0.179179,0.099837,13.678544,0.094555,30.651374
1403715344562142976.000000,0.000000,0.000000,10.017981,5.555311,0.212610,0.068235,13.523614,0.151701,31.323046
1403715344612143104.000000,0.000000,0.000000,11.157100,4.938751,0.184969,0.057697,14.190755,0.111306,35.680049
1403715344662142976.000000,0.000000,0.000000,11.548310,6.555840,0.292978,0.050928,11.389981,0.078334,36.288700
1403715344712143104.000000,0.000000,0.000000,11.106130,5.496429,0.235984,0.069789,13.160507,0.180115,32.177578
1403715344762142976.000000,0.000000,0.000000,9.054978,6.149842,0.184516,0.075773,12.600894,3.048674,31.810168
1403715344812143104.000000,0.000000,0.000000,9.754692,5.267992,0.182782,0.045395,12.058293,0.086185,32.115477
1403715344862142976.000000,0.000000,0.000000,10.240434,4.997641,0.102452,0.069934,14.312420,0.139873,33.335798
1403715344912143104.000000,0.000000,0.000000,10.253150,6.133631,0.094471,0.092961,14.584320,0.124297,34.372037
1403715344962142976.000000,0.000000,0.000000,12.603626,5.668602,0.182098,0.072987,12.407852,0.106033,34.606060
1403715345012143104.000000,0.000000,0.000000,8.796426,8.056649,0.229482,0.070825,13.979005,0.106365,35.717260
1403715345062142976.000000,0.000000,0.000000,9.528728,5.528818,0.105732,0.081899,13.831022,0.075490,31.793847
1403715345112143104.000000,0.000000,0.000000,9.856140,5.030753,0.191440,0.067842,12.315489,0.093539,30.915990
1403715345162142976.000000,0.000000,0.000000,9.513271,4.806827,0.109198,0.099126,14.487533,0.108086,33.509624
1403715345212143104.000000,0.000000,0.000000,10.454305,6.471307,0.211915,0.089601,13.715031,4.458771,36.062976
1403715345262142976.000000,0.000000,0.000000,9.140368,6.071646,0.185356,0.060333,13.429168,0.088131,32.115657
1403715345312143104.000000,0.000000,0.000000,9.949096,6.526231,0.342442,0.112061,14.082352,0.138068,36.180378
1403715345362142976.000000,0.000000,0.000000,9.753019,8.629029,0.197986,0.080419,14.715744,0.149943,34.722367
1403715345412143104.000000,0.000000,0.000000,10.769220,6.302055,0.208059,0.097737,13.706340,0.269944,35.899566
1403715345462142976.000000,0.000000,0.000000,10.396184,5.289232,0.235154,0.076937,12.612193,0.091348,33.041963
1403715345512143104.000000,0.000000,0.000000,8.930775,6.683796,0.209802,0.100438,17.360509,0.103556,33.318746
1403715345562142976.000000,0.000000,0.000000,8.985805,5.811797,0.190695,0.076678,12.188210,0.101478,30.686105
1403715345612143104.000000,0.000000,0.000000,10.228101,5.629372,0.181640,0.098123,12.473760,0.119511,33.286639
1403715345662142976.000000,0.000000,0.000000,10.789862,5.128188,0.187379,0.071312,13.990396,0.069912,33.210162
1403715345712143104.000000,0.000000,0.000000,9.789462,6.769654,0.196313,0.091226,14.549352,3.041352,33.442945
1403715345762142976.000000,0.000000,0.000000,11.278981,5.864232,0.172759,0.062421,13.702312,0.104775,34.136376
1403715345812143104.000000,0.000000,0.000000,10.432459,6.605314,0.206042,0.075674,13.163335,0.123372,37.024293
1403715345862142976.000000,0.000000,0.000000,10.066751,6.718060,0.169419,0.109974,15.634795,0.093447,34.280415
1403715345912143104.000000,0.000000,0.000000,10.851364,6.487706,0.165891,0.075394,14.410720,0.144521,34.100489
1403715345962142976.000000,0.000000,0.000000,9.525691,6.731416,0.197443,0.056170,12.873727,0.115495,33.049445
1403715346012143104.000000,0.000000,0.000000,10.291470,6.880451,0.175976,0.072955,14.980481,0.079154,37.056939
1403715346062142976.000000,0.000000,0.000000,9.219775,6.558394,0.164333,0.079752,12.994323,0.109595,32.609966
1403715346112143104.000000,0.000000,0.000000,10.084818,7.655031,0.223343,0.077616,13.053226,0.102189,36.568911
1403715346162142976.000000,0.000000,0.000000,10.676418,6.953405,0.184252,0.078504,14.525094,3.390959,36.771800
1403715346212143104.000000,0.000000,0.000000,10.960758,9.754020,0.214318,0.067684,14.128196,0.158185,37.643563
1403715346262142976.000000,0.000000,0.000000,11.061058,7.072717,0.208479,0.069369,13.543221,0.137977,40.269292
1403715346312143104.000000,0.000000,0.000000,10.819888,6.775044,0.187356,0.072036,13.677174,0.153957,35.111175
1403715346362142976.000000,0.000000,0.000000,11.249454,8.180494,0.362162,0.052520,13.484720,0.086002,38.827515
1403715346412143104.000000,0.000000,0.000000,10.585462,7.663338,0.242927,0.058112,11.289401,3.401845,37.373835
1403715346462142976.000000,0.000000,0.000000,12.717610,6.766205,0.110105,0.046609,11.998459,0.123944,35.337669
1403715346512143104.000000,0.000000,0.000000,11.277713,7.334905,0.178362,0.086935,12.802844,0.097496,40.444575
1403715346562142976.000000,0.000000,0.000000,10.617007,6.540722,0.188234,0.069916,14.957180,0.148056,33.551236
1403715346612143104.000000,0.000000,0.000000,10.802348,7.103362,0.216800,0.042507,11.523830,3.402093,35.264364
1403715346662142976.000000,0.000000,0.000000,11.921250,8.079202,0.199717,0.051540,11.324920,0.088936,36.514066
1403715346712143104.000000,0.000000,0.000000,11.605395,7.886790,0.171803,0.074425,13.036539,0.149056,35.101201
1403715346762142976.000000,0.000000,0.000000,10.080998,6.370319,0.188314,0.067809,12.123036,0.122273,36.864597
1403715346812143104.000000,0.000000,0.000000,10.387523,7.914840,0.162381,0.068224,12.609842,0.086146,33.968267
1403715346862142976.000000,0.000000,0.000000,11.519017,6.771838,0.150858,0.063746,13.319085,4.411837,34.605994
1403715346912143104.000000,0.000000,0.000000,10.037694,7.791996,0.178048,0.051253,12.528896,0.091185,34.441579
1403715346962142976.000000,0.000000,0.000000,10.933359,7.839760,0.167106,0.076876,12.756941,0.128236,35.470980
1403715347012143104.000000,0.000000,0.000000,10.513032,6.356246,0.157004,0.072232,13.172228,0.144524,36.484628
1403715347062142976.000000,0.000000,0.000000,10.072651,7.353265,0.098939,0.071004,10.872925,0.128603,35.212940
1403715347112143104.000000,0.000000,0.000000,10.542747,7.476279,0.163895,0.049851,11.289722,3.163123,35.574331
1403715347162142976.000000,0.000000,0.000000,10.376007,8.296778,0.176030,0.054282,12.876286,0.138058,37.371040
1403715347212143104.000000,0.000000,0.000000,9.800881,7.400497,0.184436,0.085927,13.633985,0.117467,37.936920
1403715347262142976.000000,0.000000,0.000000,10.089130,8.842760,0.156290,0.076227,13.642541,0.132283,35.245450
1403715347312143104.000000,0.000000,0.000000,11.072929,6.351541,0.159454,0.067613,14.596197,0.097879,33.880447
1403715347362142976.000000,0.000000,0.000000,10.676869,6.661998,0.163583,0.051839,12.033305,0.109550,33.993058
1403715347412143104.000000,0.000000,0.000000,10.480090,6.014903,0.158164,0.064403,12.299401,0.069090,31.703457
1403715347462142976.000000,0.000000,0.000000,9.775810,5.415174,0.159689,0.062309,11.360604,3.910726,37.346806
1403715347512143104.000000,0.000000,0.000000,9.472857,5.304074,0.157795,0.052930,12.652815,0.091547,29.421501
1403715347562142976.000000,0.000000,0.000000,9.476708,4.989075,0.172100,0.070328,13.379888,0.126770,29.691284
1403715347612143104.000000,0.000000,0.000000,8.961794,7.110298,0.167830,0.073447,13.673892,0.142821,31.093578
1403715347662142976.000000,0.000000,0.000000,9.008934,4.797104,0.148182,0.042798,14.243239,0.127998,25.929209
1403715347712143104.000000,0.000000,0.000000,10.509501,5.110774,0.175885,0.045723,12.311856,0.089129,32.980440
1403715347762142976.000000,0.000000,0.000000,9.299887,4.351179,0.132054,0.072985,14.185703,0.096213,25.447276
1403715347812143104.000000,0.000000,0.000000,10.481870,3.812016,0.152075,0.067642,12.918879,3.686814,28.789799
1403715347862142976.000000,0.000000,0.000000,8.828217,3.363799,0.126122,0.061450,13.146697,0.120764,24.288417
1403715347912143104.000000,0.000000,0.000000,8.477922,3.091189,0.117648,0.082103,14.351719,0.137788,25.513851
1403715347962142976.000000,0.000000,0.000000,7.944197,4.865922,0.155914,0.079528,13.359737,0.098829,27.446699
1403715348012143104.000000,0.000000,0.000000,9.667864,3.427216,0.120398,0.066991,13.342258,0.129064,24.648026
1403715348062142976.000000,0.000000,0.000000,8.712286,3.289192,0.141181,0.064135,12.181118,0.118803,27.922497
1403715348112143104.000000,0.000000,0.000000,8.237043,4.055092,0.148045,0.067072,12.213515,3.590566,29.226138
1403715348162142976.000000,0.000000,0.000000,8.709527,3.321801,0.130129,0.056869,12.872568,0.085578,29.339606
1403715348212143104.000000,0.000000,0.000000,9.488222,5.675851,0.154105,0.075192,13.446210,0.137149,31.638065
1403715348262142976.000000,0.000000,0.000000,9.102844,6.593853,0.149791,0.068637,13.370660,0.161561,30.684108
1403715348312143104.000000,0.000000,0.000000,10.222292,7.014543,0.212554,0.075065,13.049439,0.124438,29.657187
1403715348362142976.000000,0.000000,0.000000,10.065964,5.743748,0.128520,0.077416,13.264949,3.898046,30.797268
1403715348412143104.000000,0.000000,0.000000,10.292964,5.865025,0.146107,0.054246,14.026819,0.111294,28.737695
1403715348462142976.000000,0.000000,0.000000,10.831563,6.049907,0.080151,0.089914,16.091803,0.128218,29.170461
1403715348512143104.000000,0.000000,0.000000,10.719977,8.028133,0.086015,0.093761,13.608973,0.156773,32.641394
1403715348562142976.000000,0.000000,0.000000,10.342380,6.427177,0.080896,0.074250,13.135983,0.082121,29.992181
1403715348612143104.000000,0.000000,0.000000,11.728238,6.441719,0.074575,0.074009,14.527824,0.137473,44.462857
1403715348662142976.000000,0.000000,0.000000,9.928433,5.116763,0.080353,0.082874,12.553743,0.071501,32.097902
1403715348712143104.000000,0.000000,0.000000,10.740698,6.341383,0.176345,0.072683,12.703535,0.107642,34.291944
1403715348762142976.000000,0.000000,0.000000,10.784414,6.477442,0.157821,0.107298,15.673228,0.075342,33.967832
1403715348812143104.000000,0.000000,0.000000,10.905062,5.120720,0.154333,0.081829,12.933436,0.073994,30.440996
1403715348862142976.000000,0.000000,0.000000,9.920590,6.481270,0.171847,0.074399,13.676689,3.769308,33.038900
1403715348912143104.000000,0.000000,0.000000,10.408405,7.002148,0.179012,0.069391,14.171937,0.098603,36.053568
1403715348962142976.000000,0.000000,0.000000,10.744059,6.387602,0.180544,0.085054,14.055121,0.096400,33.089723
1403715349012143104.000000,0.000000,0.000000,10.852164,6.884549,0.206094,0.121188,14.339250,0.130011,33.971866
1403715349062142976.000000,0.000000,0.000000,10.647645,6.015009,0.159272,0.077988,12.726599,0.092688,32.638779
1403715349112143104.000000,0.000000,0.000000,13.297898,6.829185,0.180536,0.044999,12.563584,3.686583,38.783452
1403715349162142976.000000,0.000000,0.000000,11.323186,8.528779,0.156053,0.056941,13.250983,0.090947,38.555363
1403715349212143104.000000,0.000000,0.000000,11.320443,6.149069,0.155006,0.076021,13.613524,0.172631,33.831654
1403715349262142976.000000,0.000000,0.000000,12.870735,5.796302,0.094282,0.078554,16.324717,0.115657,36.339428
1403715349312143104.000000,0.000000,0.000000,10.528430,5.305705,0.185194,0.072781,14.029284,0.180611,33.253908
1403715349362142976.000000,0.000000,0.000000,12.249734,5.069370,0.096620,0.098293,12.855066,0.073336,32.151827
1403715349412143104.000000,0.000000,0.000000,11.219889,4.991100,0.153942,0.083824,13.113374,0.103751,33.697910
1403715349462142976.000000,0.000000,0.000000,11.685470,6.515589,0.167510,0.073754,12.911678,0.099925,35.237000
1403715349512143104.000000,0.000000,0.000000,11.961276,10.363754,0.211352,0.082587,14.499972,0.083304,39.324652
1403715349562142976.000000,0.000000,0.000000,11.659327,7.315649,0.163076,0.079389,15.379556,0.136036,36.649613
1403715349612143104.000000,0.000000,0.000000,10.178610,5.015455,0.201128,0.086402,14.758459,3.010524,33.863672
1403715349662142976.000000,0.000000,0.000000,10.697585,5.043373,0.148950,0.067118,14.654567,0.090114,32.034329
1403715349712143104.000000,0.000000,0.000000,11.233777,5.716605,0.188696,0.063453,13.214362,0.101735,34.262211
1403715349762142976.000000,0.000000,0.000000,10.782046,6.270960,0.168727,0.081458,13.465503,0.134905,34.779449
1403715349812143104.000000,0.000000,0.000000,11.442839,6.994378,0.179768,0.075741,13.994646,0.155105,36.713923
1403715349862142976.000000,0.000000,0.000000,11.100772,4.994798,0.180023,0.094723,14.542849,0.077469,31.144458
1403715349912143104.000000,0.000000,0.000000,11.598161,5.830286,0.156302,0.075735,12.737756,3.518107,34.664299
1403715349962142976.000000,0.000000,0.000000,11.669530,6.051214,0.188281,0.049490,12.304784,0.093406,36.709375
1403715350012143104.000000,0.000000,0.000000,11.095367,5.973625,0.160180,0.061848,12.535687,0.131924,32.954928
1403715350062142976.000000,0.000000,0.000000,12.690228,6.054030,0.170686,0.072977,14.439339,0.102816,36.895286
1403715350112143104.000000,0.000000,0.000000,12.762802,7.278175,0.235058,0.067109,11.962922,0.105624,38.839556
1403715350162142976.000000,0.000000,0.000000,11.128783,6.031775,0.159995,0.036642,11.134911,4.314278,33.990314
1403715350212143104.000000,0.000000,0.000000,12.206491,6.507881,0.170289,0.062494,12.840333,0.087957,36.362692
1403715350262142976.000000,0.000000,0.000000,11.973784,6.771186,0.192161,0.059837,11.379121,0.128302,36.292060
1403715350312143104.000000,0.000000,0.000000,11.256651,6.436003,0.182509,0.055730,9.787909,0.093318,34.219160
1403715350362142976.000000,0.000000,0.000000,11.497454,6.744157,0.188190,0.050131,9.203778,0.121530,36.542879
1403715350412143104.000000,0.000000,0.000000,11.394635,5.133309,0.180477,0.052820,11.343039,4.931932,38.680029
1403715350462142976.000000,0.000000,0.000000,12.126464,5.335929,0.199313,0.057598,10.309499,0.076637,35.224127
1403715350512143104.000000,0.000000,0.000000,12.024857,5.366480,0.196816,0.058860,10.170184,0.101394,35.491781
1403715350562142976.000000,0.000000,0.000000,12.188746,6.474393,0.207823,0.054473,10.385184,0.096068,37.352456
1403715350612143104.000000,0.000000,0.000000,10.801199,5.036765,0.203881,0.078151,9.242774,0.052251,34.072923
1403715350662142976.000000,0.000000,0.000000,11.221136,5.855610,0.184096,0.046008,8.753607,4.254748,33.614615
1403715350712143104.000000,0.000000,0.000000,11.235250,4.818752,0.188526,0.058013,10.020346,0.093190,37.096023
1403715350762142976.000000,0.000000,0.000000,12.101419,6.255667,0.183975,0.069102,9.671711,0.062833,34.485281
1403715350812143104.000000,0.000000,0.000000,11.932408,4.732954,0.173608,0.077349,9.218783,0.083238,33.268192
1403715350862142976.000000,0.000000,0.000000,15.253660,4.858127,0.184175,0.056829,11.922900,0.072965,38.075650
1403715350912143104.000000,0.000000,0.000000,12.165661,6.402871,0.201441,0.063056,9.433192,0.091206,39.945188
1403715350962142976.000000,0.000000,0.000000,13.009336,5.826285,0.100162,0.052150,9.110925,0.059118,36.948203
1403715351012143104.000000,0.000000,0.000000,11.790123,5.676188,0.098374,0.056587,10.267431,3.917142,34.435464
1403715351062142976.000000,0.000000,0.000000,11.662464,5.857502,0.210873,0.063968,12.712785,0.076927,37.482087
1403715351112143104.000000,0.000000,0.000000,11.506864,5.389173,0.169151,0.059005,9.933151,0.078841,35.920870
1403715351162142976.000000,0.000000,0.000000,11.047589,5.691611,0.196983,0.051664,9.266233,0.090967,33.393614
1403715351212143104.000000,0.000000,0.000000,11.659666,4.666392,0.155889,0.056203,11.745220,0.080036,34.697389
1403715351262142976.000000,0.000000,0.000000,12.192209,5.372219,0.157046,0.035763,10.509727,0.051083,34.825732
1403715351312143104.000000,0.000000,0.000000,11.743219,7.061899,0.186985,0.060595,10.994673,0.061352,35.724602
1403715351362142976.000000,0.000000,0.000000,12.632305,6.122237,0.172632,0.052575,9.284952,0.079107,40.504527
1403715351412143104.000000,0.000000,0.000000,11.799256,6.481218,0.178045,0.061994,11.711614,4.499211,36.857201
1403715351462142976.000000,0.000000,0.000000,12.513814,5.205461,0.156880,0.076929,9.527063,0.065524,35.097846
1403715351512143104.000000,0.000000,0.000000,11.837683,5.643064,0.169073,0.050162,9.206565,0.086646,35.134898
1403715351562142976.000000,0.000000,0.000000,11.125376,6.360779,0.175987,0.053276,9.899605,0.076579,34.684082
1403715351612143104.000000,0.000000,0.000000,10.925386,6.591844,0.158236,0.058637,10.221725,0.050822,35.592265
1403715351662142976.000000,0.000000,0.000000,12.513685,5.717195,0.084578,0.029913,8.419140,3.634417,33.818747
1403715351712143104.000000,0.000000,0.000000,11.600893,6.041654,0.095858,0.062055,9.109763,0.069959,34.222462
1403715351762142976.000000,0.000000,0.000000,11.776360,7.281070,0.183477,0.062213,8.182278,0.054798,37.787600
1403715351812143104.000000,0.000000,0.000000,11.532623,6.736923,0.237645,0.060481,11.053567,0.104033,37.174757
1403715351862142976.000000,0.000000,0.000000,12.885030,7.028503,0.162528,0.037534,9.765632,5.352783,35.799099
1403715351912143104.000000,0.000000,0.000000,11.672481,6.481191,0.161847,0.045446,8.725963,0.066036,34.961194
1403715351962142976.000000,0.000000,0.000000,10.500358,5.861262,0.172383,0.050590,11.137450,0.109829,32.114954
1403715352012143104.000000,0.000000,0.000000,11.259901,6.770549,0.180790,0.039036,10.524617,0.112429,34.237078
1403715352062142976.000000,0.000000,0.000000,12.204066,7.091817,0.174951,0.046891,9.114958,0.042947,40.335946
1403715352112143104.000000,0.000000,0.000000,12.650893,6.089775,0.085644,0.047809,8.384805,3.580501,34.917070
1403715352162142976.000000,0.000000,0.000000,11.710476,5.234287,0.095677,0.077969,8.941215,0.047601,33.654907
1403715352212143104.000000,0.000000,0.000000,11.918870,6.678031,0.161824,0.051996,11.096384,0.082931,35.606475
1403715352262142976.000000,0.000000,0.000000,12.498749,4.783855,0.156906,0.058998,8.450975,0.067730,32.377889
1403715352312143104.000000,0.000000,0.000000,10.524084,6.992020,0.162156,0.030983,7.103472,0.099742,35.297722
1403715352362142976.000000,0.000000,0.000000,12.707326,5.935772,0.097286,0.058837,8.090184,0.042569,35.339753
1403715352412143104.000000,0.000000,0.000000,11.296065,6.179532,0.098789,0.048178,8.200543,0.049344,34.950884
1403715352462142976.000000,0.000000,0.000000,11.978120,6.912517,0.181072,0.045876,8.146674,0.060035,36.464810
1403715352512143104.000000,0.000000,0.000000,12.770817,8.548069,0.168405,0.051546,9.138971,0.063146,39.959438
1403715352562142976.000000,0.000000,0.000000,10.301234,5.587261,0.152503,0.048616,7.883106,0.046946,31.395377
1403715352612143104.000000,0.000000,0.000000,11.103695,5.818179,0.158203,0.056538,11.011074,4.883180,32.589040
1403715352662142976.000000,0.000000,0.000000,12.432499,6.853274,0.163248,0.078404,11.221167,0.076135,38.867576
1403715352712143104.000000,0.000000,0.000000,11.553501,7.817670,0.088989,0.056869,11.449560,0.102192,35.720408
1403715352762142976.000000,0.000000,0.000000,12.568547,7.486407,0.096520,0.060400,11.090254,0.088981,37.101793
1403715352812143104.000000,0.000000,0.000000,11.237731,6.086013,0.177705,0.076017,7.602348,0.051382,34.845534
1403715352862142976.000000,0.000000,0.000000,9.960942,6.136295,0.166190,0.054893,12.746087,0.086611,34.686420
1403715352912143104.000000,0.000000,0.000000,12.266050,7.714921,0.215215,0.060060,8.775434,0.048482,36.122865
1403715352962142976.000000,0.000000,0.000000,11.667184,6.502775,0.199492,0.051079,7.458710,0.045060,36.203602
1403715353012143104.000000,0.000000,0.000000,11.047846,8.017506,0.170787,0.043364,8.615604,0.064832,39.963549
1403715353062142976.000000,0.000000,0.000000,11.532757,5.766056,0.160390,0.046479,11.464394,0.076335,34.266838
1403715353112143104.000000,0.000000,0.000000,12.685271,7.388214,0.190814,0.067962,11.210902,3.171266,38.356967
1403715353162142976.000000,0.000000,0.000000,10.885675,6.544561,0.183737,0.047794,8.159574,0.049988,35.060860
1403715353212143104.000000,0.000000,0.000000,11.694539,5.671428,0.172640,0.054338,7.767099,0.053076,34.986760
1403715353262142976.000000,0.000000,0.000000,10.282002,5.283303,0.182757,0.052017,7.332579,0.062202,31.360178
1403715353312143104.000000,0.000000,0.000000,9.853455,5.039761,0.171239,0.041795,7.260795,0.081994,34.793632
1403715353362142976.000000,0.000000,0.000000,11.277585,6.037974,0.174507,0.066442,8.375118,3.333903,33.971716
1403715353412143104.000000,0.000000,0.000000,12.214314,6.106349,0.171591,0.063889,8.820354,0.062539,35.659193
1403715353462142976.000000,0.000000,0.000000,11.784538,5.401434,0.158476,0.044977,9.789404,0.067036,34.663085
1403715353512143104.000000,0.000000,0.000000,11.801081,6.604785,0.214920,0.034857,7.163049,0.037197,37.361684
1403715353562142976.000000,0.000000,0.000000,11.003958,5.373762,0.178454,0.023874,5.878689,2.419960,37.575296
1403715353612143104.000000,0.000000,0.000000,11.242953,6.589811,0.165447,0.061667,9.735732,0.058015,35.729342
1403715353662142976.000000,0.000000,0.000000,12.125664,6.830589,0.197146,0.046311,10.341967,0.068035,38.900000
1403715353712143104.000000,0.000000,0.000000,10.249162,5.681813,0.176509,0.039077,8.607270,0.054325,33.538863
1403715353762142976.000000,0.000000,0.000000,11.056974,8.175216,0.190371,0.032186,6.420420,2.714272,36.307660
1403715353812143104.000000,0.000000,0.000000,10.792730,5.613528,0.191655,0.055852,7.002773,0.047321,34.791017
1403715353862142976.000000,0.000000,0.000000,11.873368,5.351109,0.193316,0.045954,9.989836,0.082950,33.778419
1403715353912143104.000000,0.000000,0.000000,12.349474,6.299067,0.168422,0.028468,5.354170,0.034216,35.015419
1403715353962142976.000000,0.000000,0.000000,10.616117,6.877814,0.172765,0.044258,10.406366,3.915663,36.700439
1403715354012143104.000000,0.000000,0.000000,11.121365,5.374445,0.221120,0.075584,6.844163,0.038296,33.066738
1403715354062142976.000000,0.000000,0.000000,11.148650,6.299421,0.168705,0.041821,9.528444,0.072297,38.555389
1403715354112143104.000000,0.000000,0.000000,12.058568,6.471785,0.171793,0.038964,8.938120,0.065408,36.478703
1403715354162142976.000000,0.000000,0.000000,11.156432,6.941555,0.196046,0.031642,6.216325,0.064236,35.995749
1403715354212143104.000000,0.000000,0.000000,11.335950,7.028681,0.177879,0.040989,6.091454,2.538108,37.066411
1403715354262142976.000000,0.000000,0.000000,12.192039,6.676202,0.165418,0.063416,6.899246,0.041222,35.689605
1403715354312143104.000000,0.000000,0.000000,11.871828,6.290895,0.185478,0.044444,6.457088,0.062669,37.938717
1403715354362142976.000000,0.000000,0.000000,11.324679,9.095311,0.100280,0.033914,5.445216,0.031538,37.448080
1403715354412143104.000000,0.000000,0.000000,11.063879,5.508630,0.179493,0.039427,8.512631,3.031149,34.358155
1403715354462142976.000000,0.000000,0.000000,11.574366,7.106750,0.099657,0.057902,10.697160,0.070133,39.175661
1403715354512143104.000000,0.000000,0.000000,11.715509,8.322971,0.202968,0.035422,6.256325,0.065517,38.831358
1403715354562142976.000000,0.000000,0.000000,11.596377,5.230855,0.197090,0.031076,4.749395,0.028319,33.879875
1403715354612143104.000000,0.000000,0.000000,11.960499,7.609416,0.171920,0.031103,5.617972,1.868385,36.498343
1403715354662142976.000000,0.000000,0.000000,11.785002,5.209386,0.169569,0.045959,6.418074,0.060301,33.532636
1403715354712143104.000000,0.000000,0.000000,10.692006,6.321522,0.204219,0.038245,9.037445,0.106887,35.608093
1403715354762142976.000000,0.000000,0.000000,11.636906,7.096131,0.191053,0.031001,7.406473,2.556060,38.996866
1403715354812143104.000000,0.000000,0.000000,10.322607,7.133557,0.205513,0.053248,9.834179,0.061158,38.945097
1403715354862142976.000000,0.000000,0.000000,11.071026,6.516897,0.103696,0.043396,9.783128,0.051806,36.052609
1403715354912143104.000000,0.000000,0.000000,10.978920,6.010593,0.100673,0.020729,4.349414,1.862742,34.059719
1403715354962142976.000000,0.000000,0.000000,11.750596,7.422303,0.187606,0.047648,6.228677,0.042870,36.560238
1403715355012143104.000000,0.000000,0.000000,12.826278,7.055735,0.170720,0.030994,5.664818,0.040084,38.026434
1403715355062142976.000000,0.000000,0.000000,10.610010,6.996459,0.106663,0.033087,7.637445,0.041367,35.956677
1403715355112143104.000000,0.000000,0.000000,10.428799,7.113763,0.165588,0.030702,4.982593,1.877938,37.692992
1403715355162142976.000000,0.000000,0.000000,11.425346,8.038690,0.161578,0.043550,5.608321,0.030848,35.534364
1403715355212143104.000000,0.000000,0.000000,10.990821,5.772230,0.171781,0.042813,6.305135,0.031479,33.220829
1403715355262142976.000000,0.000000,0.000000,10.774261,5.411727,0.193115,0.041922,6.936143,2.652274,34.624933
1403715355312143104.000000,0.000000,0.000000,11.142773,7.166748,0.164323,0.042316,5.777221,0.041369,34.149888
1403715355362142976.000000,0.000000,0.000000,10.517956,5.839851,0.145240,0.056738,8.655658,0.054805,35.481545
1403715355412143104.000000,0.000000,0.000000,10.605213,5.843372,0.159214,0.031337,6.332296,1.516536,33.283567
1403715355462142976.000000,0.000000,0.000000,10.170779,12.218570,0.160302,0.042106,5.603530,0.030765,38.060801
1403715355512143104.000000,0.000000,0.000000,10.294249,5.362055,0.166319,0.027760,5.477701,0.041615,29.245869
1403715355562142976.000000,0.000000,0.000000,10.665514,5.113501,0.133721,0.023446,6.142253,1.879957,28.448581
1403715355612143104.000000,0.000000,0.000000,9.733252,5.534020,0.126905,0.038156,5.479305,0.027481,35.686658
1403715355662142976.000000,0.000000,0.000000,8.738590,5.978602,0.138061,0.047055,9.758774,0.050272,28.412371
1403715355712143104.000000,0.000000,0.000000,10.568939,5.901385,0.150658,0.039572,8.037722,0.034270,30.554421
1403715355762142976.000000,0.000000,0.000000,10.826455,5.278011,0.074340,0.032797,6.494748,1.600667,30.297295
1403715355812143104.000000,0.000000,0.000000,9.667700,7.004016,0.179785,0.042348,6.199408,0.031310,29.799685
1403715355862142976.000000,0.000000,0.000000,10.146922,4.583900,0.119763,0.038051,8.560922,0.052967,30.895127
1403715355912143104.000000,0.000000,0.000000,9.165341,4.657840,0.127624,0.027872,4.834526,0.024269,27.065994
1403715355962142976.000000,0.000000,0.000000,9.571636,4.876800,0.135950,0.039908,9.540264,3.169358,27.576446
1403715356012143104.000000,0.000000,0.000000,10.207718,4.547037,0.131820,0.050054,7.822599,0.042886,27.463500
1403715356062142976.000000,0.000000,0.000000,9.598995,7.254195,0.133933,0.036479,6.513775,0.046342,32.237027
1403715356112143104.000000,0.000000,0.000000,9.234705,4.768173,0.108225,0.018312,5.413578,0.045604,26.804844
1403715356162142976.000000,0.000000,0.000000,11.703589,4.468630,0.110838,0.041040,6.306263,0.028692,28.426496
1403715356212143104.000000,0.000000,0.000000,9.148986,6.999034,0.131884,0.034871,6.410213,2.065993,33.651908
1403715356262142976.000000,0.000000,0.000000,10.086446,6.179461,0.128936,0.042303,6.089306,0.043164,32.415933
1403715356312143104.000000,0.000000,0.000000,9.299113,4.444595,0.142578,0.030966,7.309793,0.032142,27.698169
1403715356362142976.000000,0.000000,0.000000,9.345013,4.156222,0.123854,0.026701,4.636104,0.031408,26.105671
1403715356412143104.000000,0.000000,0.000000,9.547626,6.032752,0.122527,0.033930,5.932724,0.025215,30.719982
1403715356462142976.000000,0.000000,0.000000,9.841874,4.228190,0.118633,0.034690,6.253164,1.393063,28.043457
1403715356512143104.000000,0.000000,0.000000,10.473591,5.626575,0.120224,0.047527,9.385930,0.061315,30.804464
1403715356562142976.000000,0.000000,0.000000,9.215430,4.224195,0.119990,0.030224,6.098074,0.041975,26.339364
1403715356612143104.000000,0.000000,0.000000,9.165799,5.978668,0.143605,0.034547,8.610049,0.045773,34.671630
1403715356662142976.000000,0.000000,0.000000,8.975166,4.877295,0.110387,0.037870,11.489426,0.050922,26.683942
1403715356712143104.000000,0.000000,0.000000,12.034401,4.415276,0.102296,0.026543,5.449755,1.108468,28.974710
1403715356762142976.000000,0.000000,0.000000,9.605754,4.437698,0.113600,0.061876,10.065302,0.039611,27.757987
1403715356812143104.000000,0.000000,0.000000,9.492318,4.524985,0.129176,0.027058,5.711037,0.023612,27.476975
1403715356862142976.000000,0.000000,0.000000,10.431077,4.250628,0.116950,0.035680,8.629419,2.228561,30.154442
1403715356912143104.000000,0.000000,0.000000,9.406320,4.341180,0.096662,0.037192,6.068786,0.033954,26.445567
1403715356962142976.000000,0.000000,0.000000,10.063094,5.854542,0.116770,0.033060,7.183502,0.040567,28.405632
1403715357012143104.000000,0.000000,0.000000,9.175411,6.862380,0.114445,0.043081,9.180464,0.042442,30.374753
1403715357062142976.000000,0.000000,0.000000,9.940636,6.883874,0.117167,0.032683,8.619493,0.064196,35.048215
1403715357112143104.000000,0.000000,0.000000,8.784597,4.377626,0.080636,0.037235,6.378161,0.023727,24.959380
1403715357162142976.000000,0.000000,0.000000,9.884277,4.394928,0.098640,0.027595,6.052064,0.022886,28.854310
1403715357212143104.000000,0.000000,0.000000,9.099332,4.628191,0.076969,0.027243,5.996439,1.461366,27.329702
1403715357262142976.000000,0.000000,0.000000,11.726521,7.663430,0.112252,0.034835,6.457676,0.026824,32.280622
1403715357312143104.000000,0.000000,0.000000,8.467946,5.358065,0.087053,0.027577,6.091536,0.040858,28.783885
1403715357362142976.000000,0.000000,0.000000,11.133186,8.057812,0.089344,0.020091,5.343139,0.028637,31.132742
1403715357412143104.000000,0.000000,0.000000,9.715184,6.825484,0.087157,0.029679,5.665694,0.023581,30.681130
1403715357462142976.000000,0.000000,0.000000,9.640635,4.711926,0.081234,0.042861,11.203747,0.048001,25.669282
1403715357512143104.000000,0.000000,0.000000,9.516100,4.623488,0.082303,0.025029,5.577976,1.734226,24.636487
1403715357562142976.000000,0.000000,0.000000,10.055255,5.375267,0.095726,0.046990,6.182593,0.041316,26.780609
1403715357612143104.000000,0.000000,0.000000,10.775608,5.640262,0.081037,0.034967,6.862792,0.041171,27.236637
1403715357662142976.000000,0.000000,0.000000,10.113968,4.672889,0.099558,0.040297,9.205769,0.055126,26.082028
1403715357712143104.000000,0.000000,0.000000,10.276522,6.783975,0.093868,0.042876,9.658270,0.028966,29.666399
1403715357762142976.000000,0.000000,0.000000,9.697956,5.552346,0.074417,0.030138,6.185570,0.027172,26.286217
1403715357812143104.000000,0.000000,0.000000,8.997483,7.864084,0.111134,0.031129,7.273930,0.030454,35.982665
1403715357862142976.000000,0.000000,0.000000,9.237465,6.803438,0.097236,0.038225,9.108986,3.655088,30.985435
1403715357912143104.000000,0.000000,0.000000,9.034255,7.109099,0.099488,0.051901,7.934873,0.068312,30.746235
1403715357962142976.000000,0.000000,0.000000,10.617497,6.259943,0.094098,0.045554,10.947191,0.101602,31.177888
1403715358012143104.000000,0.000000,0.000000,9.255797,4.614305,0.084830,0.038383,8.957783,0.040106,24.366274
1403715358062142976.000000,0.000000,0.000000,9.387370,6.929363,0.112121,0.037040,7.380740,0.055674,32.287673
1403715358112143104.000000,0.000000,0.000000,9.274331,4.528065,0.084440,0.035769,7.609034,0.058881,26.405565
1403715358162142976.000000,0.000000,0.000000,9.958300,4.261432,0.092369,0.048820,7.504326,0.035784,24.685957
1403715358212143104.000000,0.000000,0.000000,10.099990,4.022732,0.095895,0.034959,7.689435,0.041819,25.774293
1403715358262142976.000000,0.000000,0.000000,9.287895,4.728380,0.082492,0.042297,10.551729,0.053124,28.567545
1403715358312143104.000000,0.000000,0.000000,9.193629,4.441938,0.098018,0.032508,7.410534,0.041463,30.914268
1403715358362142976.000000,0.000000,0.000000,9.723285,4.055700,0.086293,0.032871,10.435714,5.011288,25.206826
1403715358412143104.000000,0.000000,0.000000,10.871683,4.117901,0.087385,0.060320,8.962987,0.066309,25.631670
1403715358462142976.000000,0.000000,0.000000,9.362775,3.785436,0.085221,0.047764,9.489327,0.086932,23.619592
1403715358512143104.000000,0.000000,0.000000,9.104092,3.749938,0.108603,0.040795,9.520206,0.044164,23.226468
1403715358562142976.000000,0.000000,0.000000,8.351676,5.449191,0.152457,0.052137,9.051274,0.057914,28.830218
1403715358612143104.000000,0.000000,0.000000,9.265302,5.090694,0.101923,0.050380,9.028813,0.097164,26.316028
1403715358662142976.000000,0.000000,0.000000,9.150400,5.687059,0.103926,0.041051,8.822216,0.082922,27.712777
1403715358712143104.000000,0.000000,0.000000,8.998355,5.565458,0.108846,0.040783,10.849792,0.088537,25.309269
1403715358762142976.000000,0.000000,0.000000,8.614880,2.737447,0.078093,0.033898,9.523808,0.069236,22.610306
1403715358812143104.000000,0.000000,0.000000,9.631077,6.383079,0.097754,0.043343,13.199280,0.056744,29.085926
1403715358862142976.000000,0.000000,0.000000,9.903956,6.791857,0.076681,0.039406,10.828256,7.634424,30.449201
1403715358912143104.000000,0.000000,0.000000,8.415315,5.518868,0.100840,0.073975,13.924588,0.094908,25.744691
1403715358962142976.000000,0.000000,0.000000,9.010811,3.371905,0.068762,0.067687,11.928596,0.120713,24.608285
1403715359012143104.000000,0.000000,0.000000,8.941680,3.380705,0.073676,0.059135,12.578553,0.143367,22.663370
1403715359062142976.000000,0.000000,0.000000,8.966788,6.260595,0.121747,0.038681,10.846108,0.097347,28.422020
1403715359112143104.000000,0.000000,0.000000,9.042219,3.292572,0.076596,0.091096,13.916224,0.076123,20.804748
1403715359162142976.000000,0.000000,0.000000,9.324778,5.874764,0.110329,0.078058,11.781634,0.078472,32.353503
1403715359212143104.000000,0.000000,0.000000,8.498495,3.252567,0.078374,0.065448,11.522623,0.122530,22.133232
1403715359262142976.000000,0.000000,0.000000,9.581791,5.343519,0.101488,0.064772,11.671736,0.101942,27.700259
1403715359312143104.000000,0.000000,0.000000,9.208223,6.113827,0.116854,0.068948,12.055046,0.074405,27.763656
1403715359362142976.000000,0.000000,0.000000,8.912422,2.722729,0.069794,0.064019,14.076467,4.730178,20.759981
1403715359412143104.000000,0.000000,0.000000,8.982626,3.026571,0.072933,0.080257,13.572848,0.133935,23.307107
1403715359462142976.000000,0.000000,0.000000,8.615201,3.072411,0.075385,0.090354,14.427569,0.120997,21.521849
1403715359512143104.000000,0.000000,0.000000,8.875023,2.641877,0.086742,0.082940,15.197880,0.160580,21.513631
1403715359562142976.000000,0.000000,0.000000,8.724599,2.649980,0.068590,0.075524,12.487531,0.115524,19.496037
1403715359612143104.000000,0.000000,0.000000,8.716180,4.837457,0.115360,0.078894,13.472730,0.099686,28.386700
1403715359662142976.000000,0.000000,0.000000,8.963572,5.347059,0.109880,0.087495,12.764209,0.087279,28.201588
1403715359712143104.000000,0.000000,0.000000,8.352434,3.210125,0.089310,0.074898,12.611433,0.126882,21.299449
1403715359762142976.000000,0.000000,0.000000,8.156141,4.607353,0.068724,0.072945,13.144516,0.112479,20.237163
1403715359812143104.000000,0.000000,0.000000,7.796603,2.492590,0.045924,0.086332,14.066438,0.102393,20.071656
1403715359862142976.000000,0.000000,0.000000,8.346283,2.430411,0.062108,0.068977,12.886136,4.311659,20.893778
1403715359912143104.000000,0.000000,0.000000,8.131978,4.907940,0.087858,0.050592,14.601954,0.088510,26.071106
1403715359962142976.000000,0.000000,0.000000,7.498287,4.422502,0.094556,0.086011,14.521953,0.163984,25.230016
1403715360012143104.000000,0.000000,0.000000,8.906210,5.403888,0.103891,0.078413,13.252082,0.123238,27.681524
1403715360062142976.000000,0.000000,0.000000,8.677619,5.409509,0.106896,0.114355,20.691213,0.121722,27.413841
1403715360112143104.000000,0.000000,0.000000,8.952618,2.317064,0.066418,0.077555,15.750315,0.079944,20.590269
1403715360162142976.000000,0.000000,0.000000,8.824397,2.629616,0.062128,0.089617,14.065309,3.963151,21.048964
1403715360212143104.000000,0.000000,0.000000,9.275810,2.438788,0.060537,0.060343,15.116239,0.120356,20.094083
1403715360262142976.000000,0.000000,0.000000,9.647659,4.613162,0.135819,0.084168,16.969689,0.126354,25.448434
1403715360312143104.000000,0.000000,0.000000,8.174540,2.223006,0.070350,0.080986,15.831051,0.112297,20.105351
1403715360362142976.000000,0.000000,0.000000,8.017673,2.306882,0.069718,0.083635,14.066672,0.128116,18.746629
1403715360412143104.000000,0.000000,0.000000,8.187469,5.205980,0.091794,0.075874,14.512163,3.292577,22.953104
1403715360462142976.000000,0.000000,0.000000,10.134453,3.878602,0.087172,0.062396,16.102582,0.098849,26.424306
1403715360512143104.000000,0.000000,0.000000,8.603257,2.069783,0.059052,0.096212,15.966303,0.171728,20.182545
1403715360562142976.000000,0.000000,0.000000,7.299887,1.851087,0.118018,0.053530,14.486022,0.082319,20.971165
1403715360612143104.000000,0.000000,0.000000,8.686787,2.902528,0.064774,0.086083,15.664217,3.775206,22.036080
1403715360662142976.000000,0.000000,0.000000,8.913310,1.978916,0.058545,0.048340,15.425708,0.124850,19.458706
1403715360712143104.000000,0.000000,0.000000,7.522277,1.823167,0.057739,0.082124,15.911999,0.150696,17.709409
1403715360762142976.000000,0.000000,0.000000,7.874383,3.547362,0.079160,0.061239,15.233587,0.077981,22.117515
1403715360812143104.000000,0.000000,0.000000,8.839744,1.886767,0.065331,0.085021,15.809765,0.085526,18.810598
1403715360862142976.000000,0.000000,0.000000,7.131408,4.367949,0.101035,0.078387,14.615278,0.126985,24.338683
1403715360912143104.000000,0.000000,0.000000,9.402671,5.012930,0.119619,0.068490,15.444865,3.527112,25.405543
1403715360962142976.000000,0.000000,0.000000,8.475635,2.005642,0.062310,0.074872,16.087711,0.093149,21.212628
1403715361012143104.000000,0.000000,0.000000,8.829766,2.222806,0.057555,0.081349,15.508384,0.183205,19.925464
1403715361062142976.000000,0.000000,0.000000,8.136034,4.211824,0.111573,0.079343,16.454862,0.096639,24.455622
1403715361112143104.000000,0.000000,0.000000,9.927524,2.329470,0.063187,0.045876,16.790569,0.074395,19.745223
1403715361162142976.000000,0.000000,0.000000,8.929864,4.896628,0.103862,0.101784,15.358659,0.129618,29.500712
1403715361212143104.000000,0.000000,0.000000,9.425029,2.646705,0.068793,0.075237,14.908878,0.128229,22.866768
1403715361262142976.000000,0.000000,0.000000,9.206641,2.609174,0.095082,0.077207,16.384018,0.099644,21.357263
1403715361312143104.000000,0.000000,0.000000,9.107996,2.146646,0.071138,0.088937,16.745352,0.085049,20.490267
1403715361362142976.000000,0.000000,0.000000,8.851885,2.697591,0.137445,0.069592,14.598280,3.205249,20.691589
1403715361412143104.000000,0.000000,0.000000,8.121048,2.740683,0.086516,0.064316,15.302679,0.104439,22.444366
1403715361462142976.000000,0.000000,0.000000,10.062859,1.920403,0.068767,0.104360,17.905686,0.147312,21.304397
1403715361512143104.000000,0.000000,0.000000,7.743969,1.913580,0.071901,0.081598,15.058713,0.105776,19.831603
1403715361562142976.000000,0.000000,0.000000,8.435494,3.271983,0.078539,0.055201,15.749408,2.603793,19.025502
1403715361612143104.000000,0.000000,0.000000,8.365996,2.130671,0.066434,0.043942,14.700272,0.090682,19.128189
1403715361662142976.000000,0.000000,0.000000,8.755355,4.465122,0.076422,0.078171,18.069601,0.171618,23.610280
1403715361712143104.000000,0.000000,0.000000,9.190462,4.247204,0.108091,0.070914,15.017679,0.155916,26.058717
1403715361762142976.000000,0.000000,0.000000,8.946873,2.065430,0.070257,0.070054,13.969168,0.089278,20.104926
1403715361812143104.000000,0.000000,0.000000,8.708362,4.213698,0.112634,0.069677,16.151516,2.569665,24.462423
1403715361862142976.000000,0.000000,0.000000,8.489030,4.386104,0.121244,0.046180,14.836513,0.102900,27.829607
1403715361912143104.000000,0.000000,0.000000,9.112873,1.727096,0.070247,0.076615,15.951128,0.153777,20.091329
1403715361962142976.000000,0.000000,0.000000,9.730921,4.582096,0.113237,0.074310,16.854628,0.082585,28.672813
1403715362012143104.000000,0.000000,0.000000,8.439856,2.047816,0.062191,0.061964,15.527359,0.068065,19.282850
1403715362062142976.000000,0.000000,0.000000,8.096358,4.292757,0.123632,0.076572,15.492369,0.103519,26.304453
1403715362112143104.000000,0.000000,0.000000,8.247439,2.107601,0.071386,0.076776,15.392101,2.509720,19.317620
1403715362162142976.000000,0.000000,0.000000,8.248512,2.880290,0.075793,0.053450,16.596129,0.127588,21.604094
1403715362212143104.000000,0.000000,0.000000,8.453745,3.756192,0.122240,0.073217,15.608979,0.170033,24.363200
1403715362262142976.000000,0.000000,0.000000,8.291017,3.334040,0.081050,0.069618,15.731917,0.085476,23.833744
1403715362312143104.000000,0.000000,0.000000,8.717642,1.998997,0.075444,0.060943,16.311318,0.069528,19.926939
1403715362362142976.000000,0.000000,0.000000,8.090625,1.898139,0.069477,0.074573,17.276233,0.101971,18.756390
1403715362412143104.000000,0.000000,0.000000,9.412822,1.956461,0.068803,0.072283,15.397750,0.107067,21.750179
1403715362462142976.000000,0.000000,0.000000,8.612298,1.752609,0.073293,0.140374,15.949265,2.970541,19.610712
1403715362512143104.000000,0.000000,0.000000,8.212844,1.851413,0.065689,0.062856,16.531011,0.086498,18.919043
1403715362562142976.000000,0.000000,0.000000,8.909500,1.709929,0.085544,0.093070,15.529756,0.180247,19.366391
1403715362612143104.000000,0.000000,0.000000,8.972645,1.977434,0.076802,0.072140,15.575651,0.096640,19.391599
1403715362662142976.000000,0.000000,0.000000,9.976781,4.587526,0.146694,0.063040,14.419321,0.083706,29.198549
1403715362712143104.000000,0.000000,0.000000,9.542519,2.124646,0.070733,0.086367,15.867880,0.090753,21.928974
1403715362762142976.000000,0.000000,0.000000,9.178482,2.144299,0.085577,0.068143,14.544125,0.108885,20.525078
1403715362812143104.000000,0.000000,0.000000,8.120965,4.226762,0.092875,0.092238,16.714210,0.074851,22.219471
1403715362862142976.000000,0.000000,0.000000,9.239976,4.596278,0.128066,0.080036,14.944379,3.840608,26.432159
1403715362912143104.000000,0.000000,0.000000,8.013479,5.759760,0.128452,0.062066,16.716665,0.106275,26.862714
1403715362962142976.000000,0.000000,0.000000,10.123271,2.767500,0.126731,0.081429,16.524191,0.147250,22.222686
1403715363012143104.000000,0.000000,0.000000,8.725765,3.239584,0.083271,0.079511,17.580136,0.155758,22.260267
1403715363062142976.000000,0.000000,0.000000,9.028297,5.868362,0.123835,0.064870,14.219849,0.131107,31.227826
1403715363112143104.000000,0.000000,0.000000,10.242741,3.166965,0.101818,0.075585,15.230719,0.116222,24.578351
1403715363162142976.000000,0.000000,0.000000,10.900981,6.108841,0.142976,0.072581,16.713009,0.091424,31.888032
1403715363212143104.000000,0.000000,0.000000,10.372849,5.627709,0.147291,0.095666,14.923010,0.118513,28.287221
1403715363262142976.000000,0.000000,0.000000,9.182343,3.482164,0.090909,0.072189,16.012480,0.096630,22.974274
1403715363312143104.000000,0.000000,0.000000,9.373062,3.454194,0.106749,0.072055,16.748270,3.239030,23.751847
1403715363362142976.000000,0.000000,0.000000,9.533150,3.354930,0.102808,0.059447,15.250539,0.118170,23.418807
1403715363412143104.000000,0.000000,0.000000,10.011458,3.788323,0.093191,0.077973,16.080354,0.155894,24.473241
1403715363462142976.000000,0.000000,0.000000,13.453618,6.713069,0.142649,0.083732,17.320788,0.117351,34.951560
1403715363512143104.000000,0.000000,0.000000,11.140259,3.774583,0.067832,0.053538,15.103895,0.072095,25.610976
1403715363562142976.000000,0.000000,0.000000,9.294231,3.392659,0.119027,0.077508,15.520280,3.297758,31.224005
1403715363612143104.000000,0.000000,0.000000,10.621539,5.056530,0.091329,0.070315,16.227752,0.113618,27.833412
1403715363662142976.000000,0.000000,0.000000,9.807599,3.965726,0.065811,0.088266,16.021546,0.157710,26.927022
1403715363712143104.000000,0.000000,0.000000,9.869103,6.387684,0.150524,0.102670,16.903501,0.147152,29.191176
1403715363762142976.000000,0.000000,0.000000,10.591945,6.129016,0.133798,0.062277,15.771836,0.077323,29.630247
1403715363812143104.000000,0.000000,0.000000,10.122612,4.631015,0.121900,0.096756,17.208844,0.086442,27.576817
1403715363862142976.000000,0.000000,0.000000,9.162673,5.493247,0.151277,0.087259,15.076054,0.112020,26.693481
1403715363912143104.000000,0.000000,0.000000,10.567389,7.353284,0.148668,0.084158,15.386260,0.113709,32.637766
1403715363962142976.000000,0.000000,0.000000,10.257060,4.621890,0.119173,0.080840,16.430164,0.072703,27.561689
1403715364012143104.000000,0.000000,0.000000,10.831768,8.478747,0.142025,0.088219,15.067228,3.463232,36.042848
1403715364062142976.000000,0.000000,0.000000,10.413747,10.587676,0.136407,0.075713,14.831690,0.133569,42.783593
1403715364112143104.000000,0.000000,0.000000,12.234967,6.478333,0.077333,0.074569,16.201304,0.135390,36.501297
1403715364162142976.000000,0.000000,0.000000,10.747027,6.554039,0.147345,0.101970,17.309808,0.152074,33.378630
1403715364212143104.000000,0.000000,0.000000,12.241013,6.384260,0.137247,0.074912,14.709034,0.100175,34.832010
1403715364262142976.000000,0.000000,0.000000,10.629632,5.970985,0.155013,0.098818,17.897972,3.564834,30.853975
1403715364312143104.000000,0.000000,0.000000,10.400827,7.010217,0.172179,0.087475,17.373212,0.104770,34.904447
1403715364362142976.000000,0.000000,0.000000,10.530566,6.185581,0.150502,0.095668,17.791027,0.161485,32.039517
1403715364412143104.000000,0.000000,0.000000,10.735739,7.042013,0.183730,0.083931,16.441719,0.153504,32.856411
1403715364462142976.000000,0.000000,0.000000,10.351702,6.079766,0.143440,0.096402,18.224180,0.105364,31.644533
1403715364512143104.000000,0.000000,0.000000,10.514129,5.736867,0.190934,0.089414,17.194927,3.428112,32.114258
1403715364562142976.000000,0.000000,0.000000,11.195528,6.668343,0.143665,0.063743,16.577138,0.093604,39.970088
1403715364612143104.000000,0.000000,0.000000,11.576225,5.889676,0.087689,0.095198,18.144505,0.138885,34.847371
1403715364662142976.000000,0.000000,0.000000,9.614754,9.039545,0.092858,0.099340,20.600009,0.180905,37.210269
1403715364712143104.000000,0.000000,0.000000,11.304180,7.531393,0.169421,0.081545,15.568997,0.098831,38.089403
1403715364762142976.000000,0.000000,0.000000,11.295746,5.816223,0.163334,0.084713,16.251653,0.098672,33.385776
1403715364812143104.000000,0.000000,0.000000,10.261362,5.440604,0.173796,0.110247,16.960274,3.426199,32.644637
1403715364862142976.000000,0.000000,0.000000,10.770014,5.828369,0.199360,0.057498,16.068274,0.117921,33.224474
1403715364912143104.000000,0.000000,0.000000,11.528417,5.802820,0.172891,0.081715,19.811199,0.162118,33.651027
1403715364962142976.000000,0.000000,0.000000,10.446043,5.625490,0.184102,0.082281,21.168540,0.141848,32.755024
1403715365012143104.000000,0.000000,0.000000,9.947305,6.432470,0.209405,0.051508,17.845526,0.098090,34.159195
1403715365062142976.000000,0.000000,0.000000,10.915028,6.230134,0.169960,0.071570,15.013909,0.131369,37.926106
1403715365112143104.000000,0.000000,0.000000,11.058402,6.330397,0.169994,0.077198,17.001501,0.099215,36.352854
1403715365162142976.000000,0.000000,0.000000,12.765193,6.394862,0.205468,0.077727,17.391216,3.486276,37.989210
1403715365212143104.000000,0.000000,0.000000,12.425755,6.729511,0.186015,0.052742,17.573686,0.110741,36.819620
1403715365262142976.000000,0.000000,0.000000,11.241315,9.375248,0.216034,0.094571,20.601821,0.227433,45.378276
1403715365312143104.000000,0.000000,0.000000,11.061833,6.471664,0.233652,0.082398,18.730512,0.124847,37.008225
1403715365362142976.000000,0.000000,0.000000,10.404422,6.042408,0.237286,0.077352,16.444480,0.111357,38.653615
1403715365412143104.000000,0.000000,0.000000,10.348939,5.836587,0.209170,0.068734,18.235877,0.128902,35.603929
1403715365462142976.000000,0.000000,0.000000,11.095559,6.471904,0.214339,0.082970,17.035673,0.093144,39.097107
1403715365512143104.000000,0.000000,0.000000,10.830024,6.284680,0.230933,0.088030,16.823179,0.093799,36.982567
1403715365562142976.000000,0.000000,0.000000,12.075031,6.546688,0.219900,0.080234,16.084559,5.785825,36.999002
1403715365612143104.000000,0.000000,0.000000,10.853581,6.048862,0.225835,0.054479,15.943268,0.120876,38.546431
1403715365662142976.000000,0.000000,0.000000,11.867949,6.104597,0.273978,0.084613,17.105052,0.148090,38.475280
1403715365712143104.000000,0.000000,0.000000,12.318581,7.578126,0.211166,0.092478,20.628820,0.171282,40.144454
1403715365762142976.000000,0.000000,0.000000,12.191444,6.177110,0.212625,0.066132,16.869881,0.121428,36.807180
1403715365812143104.000000,0.000000,0.000000,11.053944,6.401636,0.235224,0.078319,18.234417,0.089603,40.690138
1403715365862142976.000000,0.000000,0.000000,11.066118,8.479151,0.207248,0.091619,16.286194,3.851748,38.962745
1403715365912143104.000000,0.000000,0.000000,10.858110,6.662611,0.229275,0.064947,16.513511,0.106118,37.669674
1403715365962142976.000000,0.000000,0.000000,10.767191,6.065599,0.226880,0.090433,17.105105,0.151431,36.254109
1403715366012143104.000000,0.000000,0.000000,9.915753,6.264031,0.290272,0.088120,17.239996,0.194432,36.845950
1403715366062142976.000000,0.000000,0.000000,11.605221,5.842978,0.227345,0.097584,18.071194,0.144114,35.961278
1403715366112143104.000000,0.000000,0.000000,11.015622,6.951079,0.236240,0.056531,14.472186,0.098608,41.167404
1403715366162142976.000000,0.000000,0.000000,11.449885,6.724852,0.266597,0.088120,16.795619,0.090750,38.740960
1403715366212143104.000000,0.000000,0.000000,10.058953,5.959707,0.237976,0.080187,17.865499,3.635798,36.799890
1403715366262142976.000000,0.000000,0.000000,12.841550,7.023113,0.243006,0.055001,16.989539,0.105237,40.238387
1403715366312143104.000000,0.000000,0.000000,10.881838,5.644592,0.232492,0.101717,16.615125,0.170713,37.118639
1403715366362142976.000000,0.000000,0.000000,12.773262,6.653217,0.245356,0.080099,17.200638,0.153003,39.490736
1403715366412143104.000000,0.000000,0.000000,10.739786,6.060320,0.227187,0.097957,16.013827,0.155881,35.801663
1403715366462142976.000000,0.000000,0.000000,12.221841,6.659899,0.244854,0.054268,14.166771,3.591521,39.817095
1403715366512143104.000000,0.000000,0.000000,11.283057,6.012568,0.288444,0.056860,16.470213,0.093128,38.755431
1403715366562142976.000000,0.000000,0.000000,10.276727,7.367284,0.226996,0.081612,15.740675,0.152567,40.181702
1403715366612143104.000000,0.000000,0.000000,11.577601,5.997694,0.129493,0.081982,15.486704,0.154088,36.836987
1403715366662142976.000000,0.000000,0.000000,11.264012,5.673287,0.264303,0.147220,18.772808,0.185667,39.604348
1403715366712143104.000000,0.000000,0.000000,10.982408,6.169545,0.282228,0.057654,13.687979,0.093084,37.379426
1403715366762142976.000000,0.000000,0.000000,11.939716,6.031544,0.257116,0.079093,15.185282,3.821892,40.246837
1403715366812143104.000000,0.000000,0.000000,11.313729,5.084881,0.234909,0.073424,15.938668,0.095418,35.183153
1403715366862142976.000000,0.000000,0.000000,13.240358,5.179142,0.271240,0.083476,16.072741,0.161585,41.494119
1403715366912143104.000000,0.000000,0.000000,11.955274,5.505399,0.241508,0.080152,15.223793,0.148089,37.988789
1403715366962142976.000000,0.000000,0.000000,12.148033,5.340981,0.241454,0.079841,15.410579,0.099012,35.544298
1403715367012143104.000000,0.000000,0.000000,11.263114,5.258548,0.264302,0.065838,13.918739,4.220047,39.027645
1403715367062142976.000000,0.000000,0.000000,13.953006,5.311761,0.231830,0.068924,14.307383,0.131086,38.468360
1403715367112143104.000000,0.000000,0.000000,11.234884,5.750337,0.253769,0.077133,17.256071,0.132218,37.456619
1403715367162142976.000000,0.000000,0.000000,10.493919,5.331083,0.246804,0.085586,15.051730,0.140991,36.640673
1403715367212143104.000000,0.000000,0.000000,10.872711,4.964717,0.285168,0.072834,14.509830,0.147225,35.455174
1403715367262142976.000000,0.000000,0.000000,10.741987,5.844883,0.263615,0.051666,13.693022,4.571090,36.625275
1403715367312143104.000000,0.000000,0.000000,12.123599,5.710095,0.261424,0.060308,15.566698,0.092969,39.854913
1403715367362142976.000000,0.000000,0.000000,10.684592,5.364165,0.240310,0.079097,15.086976,0.154850,36.853820
1403715367412143104.000000,0.000000,0.000000,11.399879,5.685200,0.252914,0.077390,15.126779,0.149880,38.153720
1403715367462142976.000000,0.000000,0.000000,11.371076,5.579555,0.243576,0.073093,14.872123,0.158264,37.037181
1403715367512143104.000000,0.000000,0.000000,11.408844,5.488804,0.264358,0.049114,13.449465,4.840351,37.551495
1403715367562142976.000000,0.000000,0.000000,10.929015,5.734651,0.314223,0.062305,14.813328,0.089885,38.378641
1403715367612143104.000000,0.000000,0.000000,12.367424,6.349853,0.239316,0.098009,15.886167,0.138893,38.745179
1403715367662142976.000000,0.000000,0.000000,10.778874,5.411937,0.257605,0.081035,14.964619,0.185696,39.092478
1403715367712143104.000000,0.000000,0.000000,12.501597,5.295387,0.274934,0.077519,14.652300,0.141945,38.296398
1403715367762142976.000000,0.000000,0.000000,10.867175,5.396166,0.272326,0.083293,14.984549,0.078816,36.818574
1403715367812143104.000000,0.000000,0.000000,11.807353,6.158829,0.241685,0.091084,14.387010,5.198405,37.969656
1403715367862142976.000000,0.000000,0.000000,9.784786,5.814398,0.245696,0.067753,14.320134,0.125368,34.112952
1403715367912143104.000000,0.000000,0.000000,11.198281,6.264303,0.276290,0.076070,14.238015,0.130667,37.997798
1403715367962142976.000000,0.000000,0.000000,11.930271,5.980461,0.235537,0.091639,14.477918,0.122248,36.613400
1403715368012143104.000000,0.000000,0.000000,12.753826,6.213918,0.262746,0.071829,13.144911,0.154133,40.287048
1403715368062142976.000000,0.000000,0.000000,10.783638,5.823910,0.250910,0.047891,12.530481,0.114566,39.797151
1403715368112143104.000000,0.000000,0.000000,11.494114,5.986105,0.135232,0.068017,12.629833,4.551603,38.921030
1403715368162142976.000000,0.000000,0.000000,11.205803,6.014414,0.267141,0.064351,13.441755,0.089097,38.525345
1403715368212143104.000000,0.000000,0.000000,11.009539,6.401791,0.296764,0.074398,13.950037,0.129392,39.494315
1403715368262142976.000000,0.000000,0.000000,12.261516,6.041278,0.142968,0.079331,14.109584,0.111375,36.931556
1403715368312143104.000000,0.000000,0.000000,9.914064,5.866659,0.257481,0.066552,13.912512,0.075611,35.220386
1403715368362142976.000000,0.000000,0.000000,11.571818,5.662184,0.257736,0.048490,11.820839,0.077873,37.925665
1403715368412143104.000000,0.000000,0.000000,10.144291,8.415882,0.267825,0.066085,13.009177,4.574435,38.027311
1403715368462142976.000000,0.000000,0.000000,11.672674,6.880762,0.132031,0.060697,13.688484,0.075583,38.632692
1403715368512143104.000000,0.000000,0.000000,11.310308,6.822224,0.234568,0.069383,13.219937,0.155742,42.208958
1403715368562142976.000000,0.000000,0.000000,10.969511,6.114132,0.132852,0.067410,12.835352,0.122701,37.120380
1403715368612143104.000000,0.000000,0.000000,11.850608,6.382353,0.246077,0.084194,13.904304,0.090760,38.887003
1403715368662142976.000000,0.000000,0.000000,11.304752,5.933179,0.242082,0.053201,11.009069,4.301944,38.474260
1403715368712143104.000000,0.000000,0.000000,11.491424,5.540812,0.247444,0.062669,12.363469,0.094570,36.264895
1403715368762142976.000000,0.000000,0.000000,11.218655,5.829716,0.229325,0.059125,12.957228,0.104170,39.768060
1403715368812143104.000000,0.000000,0.000000,11.486656,6.779608,0.230049,0.085656,11.312449,0.107410,38.400990
1403715368862142976.000000,0.000000,0.000000,13.560022,5.982458,0.247738,0.054742,11.317137,0.113612,40.357025
1403715368912143104.000000,0.000000,0.000000,12.116183,6.069582,0.232972,0.035437,10.117033,5.481821,39.433453
1403715368962142976.000000,0.000000,0.000000,11.483465,5.828915,0.238265,0.072515,10.773794,0.067322,37.526034
1403715369012143104.000000,0.000000,0.000000,11.890002,5.812807,0.283734,0.055923,11.034871,0.130329,39.396574
1403715369062142976.000000,0.000000,0.000000,10.064963,6.081667,0.225919,0.052746,11.278445,0.113854,35.500159
1403715369112143104.000000,0.000000,0.000000,11.306922,6.037964,0.235591,0.062129,11.748208,0.073505,36.820210
1403715369162142976.000000,0.000000,0.000000,11.362689,6.118078,0.269503,0.064092,9.222359,6.459802,37.736331
1403715369212143104.000000,0.000000,0.000000,11.354690,6.118733,0.274875,0.093303,12.118586,0.112194,40.208357
1403715369262142976.000000,0.000000,0.000000,10.584444,6.057975,0.222775,0.083905,13.098592,0.086049,35.787846
1403715369312143104.000000,0.000000,0.000000,10.934334,6.066651,0.231091,0.082844,13.340984,0.153087,37.351746
1403715369362142976.000000,0.000000,0.000000,15.918117,6.274628,0.298804,0.045934,12.377499,0.106649,44.316526
1403715369412143104.000000,0.000000,0.000000,12.063201,6.398030,0.234785,0.064530,11.007573,5.499368,37.396539
1403715369462142976.000000,0.000000,0.000000,11.488365,6.182837,0.254442,0.066178,12.238755,0.088609,43.330301
1403715369512143104.000000,0.000000,0.000000,12.125428,6.178570,0.315799,0.068064,14.309420,0.128234,40.008279
1403715369562142976.000000,0.000000,0.000000,10.722036,6.147333,0.268854,0.073165,13.211509,0.139084,39.197492
1403715369612143104.000000,0.000000,0.000000,12.092504,6.021458,0.243235,0.068537,13.643897,0.099563,38.880298
1403715369662142976.000000,0.000000,0.000000,11.541974,5.645798,0.544165,0.057324,10.981831,4.946200,40.976410
1403715369712143104.000000,0.000000,0.000000,10.849481,7.719325,0.246151,0.049992,11.938073,0.109533,43.405143
1403715369762142976.000000,0.000000,0.000000,14.763228,5.934791,0.255264,0.070647,13.096535,0.121180,41.942575
1403715369812143104.000000,0.000000,0.000000,12.278101,5.905541,0.271177,0.083599,11.755133,0.078455,40.643913
1403715369862142976.000000,0.000000,0.000000,11.766197,6.294868,0.351723,0.061197,13.858696,0.143952,43.768857
1403715369912143104.000000,0.000000,0.000000,11.457360,5.981209,0.257808,0.037955,9.623753,0.113105,37.538553
1403715369962142976.000000,0.000000,0.000000,10.523282,5.921779,0.278493,0.064555,11.173118,5.875453,36.829087
1403715370012143104.000000,0.000000,0.000000,12.338724,5.858405,0.302161,0.057906,11.021226,0.065680,43.592913
1403715370062142976.000000,0.000000,0.000000,11.020115,5.911247,0.291927,0.058765,10.878950,0.111180,38.256956
1403715370112143104.000000,0.000000,0.000000,11.214421,6.001143,0.258003,0.052751,11.429417,0.143850,41.567115
1403715370162142976.000000,0.000000,0.000000,11.300407,5.762576,0.272163,0.066773,11.283269,0.090291,43.580320
1403715370212143104.000000,0.000000,0.000000,10.724224,5.922731,0.278174,0.043011,10.582084,5.541913,38.593356
1403715370262142976.000000,0.000000,0.000000,11.467192,5.738045,0.270066,0.061669,11.225241,0.101377,36.909379
1403715370312143104.000000,0.000000,0.000000,12.369053,6.062199,0.245099,0.061977,11.531012,0.067727,39.654715
1403715370362142976.000000,0.000000,0.000000,10.429494,6.058528,0.252382,0.086077,12.153651,0.137351,41.906069
1403715370412143104.000000,0.000000,0.000000,10.957461,5.700979,0.261361,0.036078,9.856463,0.106397,38.959138
1403715370462142976.000000,0.000000,0.000000,12.020942,7.148024,0.250381,0.064397,13.713073,8.300196,44.432385
1403715370512143104.000000,0.000000,0.000000,11.709488,5.751175,0.251251,0.068274,9.192640,0.056862,40.448995
1403715370562142976.000000,0.000000,0.000000,12.721938,6.019998,0.262931,0.054439,12.251735,0.143031,39.818081
1403715370612143104.000000,0.000000,0.000000,11.311388,6.074011,0.261012,0.053358,12.196721,0.087282,40.294051
1403715370662142976.000000,0.000000,0.000000,12.931174,5.696021,0.239292,0.045946,7.694883,0.063619,39.907378
1403715370712143104.000000,0.000000,0.000000,12.640218,5.993201,0.283078,0.070727,9.058292,5.843475,40.008422
1403715370762142976.000000,0.000000,0.000000,11.146839,6.366544,0.237154,0.053906,9.797443,0.073247,43.543137
1403715370812143104.000000,0.000000,0.000000,10.130810,5.989198,0.137187,0.066890,10.822586,0.058754,36.345632
1403715370862142976.000000,0.000000,0.000000,9.639098,6.358959,0.246852,0.057507,10.146572,0.106819,37.482568
1403715370912143104.000000,0.000000,0.000000,10.668519,6.422006,0.255214,0.031420,9.393591,0.101050,42.266273
1403715370962142976.000000,0.000000,0.000000,11.848147,9.131541,0.257542,0.034552,9.837354,5.626233,47.148898
1403715371012143104.000000,0.000000,0.000000,10.930042,5.975375,0.241025,0.109914,10.108859,0.080242,39.065274
1403715371062142976.000000,0.000000,0.000000,11.189952,5.712887,0.264190,0.053976,9.376944,0.115201,41.165220
1403715371112143104.000000,0.000000,0.000000,12.395960,6.821353,0.238161,0.043282,9.864610,0.114579,40.689898
1403715371162142976.000000,0.000000,0.000000,12.183049,6.000813,0.250126,0.048906,9.028947,0.093336,39.528431
1403715371212143104.000000,0.000000,0.000000,11.705809,5.886619,0.267448,0.040907,9.458241,5.967716,39.327037
1403715371262142976.000000,0.000000,0.000000,10.956204,6.282442,0.254799,0.063512,10.245590,0.089404,40.128592
1403715371312143104.000000,0.000000,0.000000,11.689821,6.086998,0.244254,0.076370,11.069314,0.067743,36.363173
1403715371362142976.000000,0.000000,0.000000,11.574990,6.032577,0.248090,0.064438,11.216792,0.148619,38.411231
1403715371412143104.000000,0.000000,0.000000,11.601685,6.041035,0.258441,0.058061,7.828605,0.065185,43.459309
1403715371462142976.000000,0.000000,0.000000,11.429838,5.876374,0.127219,0.050979,9.071226,0.087035,38.713650
1403715371512143104.000000,0.000000,0.000000,12.829365,8.465439,0.290719,0.064946,9.127411,4.629434,43.026411
1403715371562142976.000000,0.000000,0.000000,10.128300,9.376099,0.235463,0.055649,9.792698,0.076363,41.282457
1403715371612143104.000000,0.000000,0.000000,12.323595,5.974335,0.227508,0.058659,10.608858,0.127531,39.045322
1403715371662142976.000000,0.000000,0.000000,10.558031,5.993466,0.279932,0.074350,11.035440,0.111211,38.170848
1403715371712143104.000000,0.000000,0.000000,10.567408,6.179961,0.243913,0.053902,11.051578,0.087398,37.715971
1403715371762142976.000000,0.000000,0.000000,9.408890,6.168078,0.233617,0.048689,9.757387,5.181451,35.955326
1403715371812143104.000000,0.000000,0.000000,11.119706,6.107323,0.222589,0.052295,8.863897,0.122705,36.850684
1403715371862142976.000000,0.000000,0.000000,10.491347,5.788635,0.295276,0.036034,9.004255,0.083170,39.688364
1403715371912143104.000000,0.000000,0.000000,10.056906,6.342889,0.231758,0.043926,8.823857,0.114500,34.654121
1403715371962142976.000000,0.000000,0.000000,11.894104,5.833107,0.231239,0.028136,9.887303,0.071867,40.552850
1403715372012143104.000000,0.000000,0.000000,10.093023,9.504712,0.264243,0.047420,11.418321,5.214256,40.324854
1403715372062142976.000000,0.000000,0.000000,11.790413,6.166699,0.218834,0.053869,11.988258,0.083667,39.185045
1403715372112143104.000000,0.000000,0.000000,11.407201,6.830405,0.215402,0.053399,8.663129,0.088907,37.590946
1403715372162142976.000000,0.000000,0.000000,10.287109,6.274283,0.223028,0.047667,10.391854,0.108275,36.042238
1403715372212143104.000000,0.000000,0.000000,10.455725,6.263612,0.246318,0.046052,9.463719,0.083057,39.164548
1403715372262142976.000000,0.000000,0.000000,10.758605,6.107278,0.198708,0.051613,10.359273,5.078464,35.404273
1403715372312143104.000000,0.000000,0.000000,11.498640,6.702065,0.195170,0.066990,10.853524,0.112487,39.690700
1403715372362142976.000000,0.000000,0.000000,10.843095,5.899270,0.216192,0.052599,11.290690,0.107806,36.147372
1403715372412143104.000000,0.000000,0.000000,11.024491,6.415197,0.221587,0.055259,10.386384,0.073743,36.669281
1403715372462142976.000000,0.000000,0.000000,10.855468,6.541264,0.237655,0.036762,7.607207,3.910216,39.247414
1403715372512143104.000000,0.000000,0.000000,11.285954,6.314012,0.205507,0.068804,12.118310,0.105272,37.047869
1403715372562142976.000000,0.000000,0.000000,10.171100,6.388180,0.192526,0.076312,8.458559,0.054701,36.636454
1403715372612143104.000000,0.000000,0.000000,12.602729,7.147262,0.206908,0.034806,9.149326,0.074197,38.856388
1403715372662142976.000000,0.000000,0.000000,10.842080,6.887585,0.180868,0.022971,7.698326,3.309523,36.520024
1403715372712143104.000000,0.000000,0.000000,11.983849,7.369503,0.181862,0.064072,8.269963,0.058976,41.745343
1403715372762142976.000000,0.000000,0.000000,10.210432,7.099510,0.179787,0.037982,10.448322,0.099921,36.054416
1403715372812143104.000000,0.000000,0.000000,11.940314,8.920486,0.213236,0.031903,9.742418,0.064855,40.741189
1403715372862142976.000000,0.000000,0.000000,12.102980,7.567562,0.185119,0.045613,6.885455,3.724814,39.515011
1403715372912143104.000000,0.000000,0.000000,9.789957,6.828247,0.201352,0.058849,10.912618,0.072111,35.688948
1403715372962142976.000000,0.000000,0.000000,10.389156,6.738101,0.176283,0.037791,11.084704,0.060790,35.854083
1403715373012143104.000000,0.000000,0.000000,11.151653,7.248607,0.224936,0.029232,7.602243,0.064390,41.975872
1403715373062142976.000000,0.000000,0.000000,10.302388,8.384417,0.187219,0.015613,6.646932,4.362747,37.262570
1403715373112143104.000000,0.000000,0.000000,10.057315,6.777093,0.180896,0.054104,9.097795,0.052644,35.033439
1403715373162142976.000000,0.000000,0.000000,10.324116,6.706770,0.196627,0.034103,10.964495,0.114399,35.393048
1403715373212143104.000000,0.000000,0.000000,10.278093,8.639122,0.179617,0.017880,7.917311,0.069142,36.191746
1403715373262142976.000000,0.000000,0.000000,10.965008,6.390000,0.171082,0.028369,7.886159,2.458283,33.531482
1403715373312143104.000000,0.000000,0.000000,9.620740,5.582033,0.170387,0.048294,10.559648,0.054718,36.157386
1403715373362142976.000000,0.000000,0.000000,9.872435,6.313952,0.188348,0.034824,13.334191,0.055952,33.577706
1403715373412143104.000000,0.000000,0.000000,9.557716,7.041275,0.195456,0.033798,9.408692,0.043939,34.377095
1403715373462142976.000000,0.000000,0.000000,11.406324,6.838305,0.193089,0.035076,9.849924,0.072387,35.971334
1403715373512143104.000000,0.000000,0.000000,10.061103,5.333858,0.245732,0.040835,11.585103,2.797048,32.961162
1403715373562142976.000000,0.000000,0.000000,9.880249,6.570715,0.176622,0.059196,10.403584,0.046231,31.989145
1403715373612143104.000000,0.000000,0.000000,9.040878,7.198678,0.189972,0.043722,12.061071,0.066956,37.260043
1403715373662142976.000000,0.000000,0.000000,10.979969,6.139975,0.186974,0.048549,14.119362,0.069354,34.546178
1403715373712143104.000000,0.000000,0.000000,9.708636,6.527737,0.189329,0.039768,9.088884,3.456109,33.935456
1403715373762142976.000000,0.000000,0.000000,9.224888,6.430805,0.200741,0.043404,10.175442,0.082593,32.804014
1403715373812143104.000000,0.000000,0.000000,9.822653,7.871730,0.169121,0.075874,10.840598,0.076126,35.177041
1403715373862142976.000000,0.000000,0.000000,10.192274,5.810181,0.181453,0.055572,11.942330,0.122201,35.456985
1403715373912143104.000000,0.000000,0.000000,10.631756,5.915873,0.159800,0.038801,9.585261,0.067744,32.723506
1403715373962142976.000000,0.000000,0.000000,9.950299,6.664858,0.158894,0.057140,10.549842,3.242280,33.585504
1403715374012143104.000000,0.000000,0.000000,10.457562,5.441302,0.186695,0.036756,9.620049,0.048834,31.469152
1403715374062142976.000000,0.000000,0.000000,10.857369,5.459088,0.160772,0.051384,12.748252,0.069896,31.768871
1403715374112143104.000000,0.000000,0.000000,9.662944,6.444119,0.159735,0.055113,13.138226,0.084675,35.277068
1403715374162142976.000000,0.000000,0.000000,10.619795,6.401033,0.092053,0.041805,11.878580,3.045163,31.750378
1403715374212143104.000000,0.000000,0.000000,10.898822,5.913517,0.153340,0.055292,9.188152,0.045504,31.585034
1403715374262142976.000000,0.000000,0.000000,10.240715,5.979395,0.150049,0.039741,9.272400,0.061802,31.155931
1403715374312143104.000000,0.000000,0.000000,11.649941,6.266317,0.185100,0.042192,11.087811,0.060607,33.255199
1403715374362142976.000000,0.000000,0.000000,9.171027,6.706805,0.164257,0.048883,12.733276,2.765598,35.172976
1403715374412143104.000000,0.000000,0.000000,10.611268,8.194599,0.143744,0.045793,14.167981,0.063026,34.570941
1403715374462142976.000000,0.000000,0.000000,11.009629,7.707496,0.176233,0.046252,12.248485,0.075475,35.984645
1403715374512143104.000000,0.000000,0.000000,10.962533,10.083017,0.173687,0.037865,9.936031,0.050416,38.304892
1403715374562142976.000000,0.000000,0.000000,9.735357,7.615983,0.093128,0.044305,10.145928,2.408768,33.344802
1403715374612143104.000000,0.000000,0.000000,11.171772,6.683845,0.155042,0.046327,9.679790,0.047900,37.555877
1403715374662142976.000000,0.000000,0.000000,10.106264,8.567657,0.172786,0.045389,12.398428,0.073273,34.921627
1403715374712143104.000000,0.000000,0.000000,10.159613,7.331037,0.167394,0.041446,9.851010,0.057165,36.169288
1403715374762142976.000000,0.000000,0.000000,10.892318,6.933323,0.186082,0.045681,12.405322,2.849555,35.132470
1403715374812143104.000000,0.000000,0.000000,10.156290,7.345174,0.183706,0.060039,12.322577,0.054536,34.868082
1403715374862142976.000000,0.000000,0.000000,11.072497,7.415879,0.169172,0.044197,9.222028,0.048010,37.905608
1403715374912143104.000000,0.000000,0.000000,10.051655,7.098769,0.159639,0.033994,10.313196,0.046120,32.592689
1403715374962142976.000000,0.000000,0.000000,10.307974,7.582024,0.177588,0.039386,8.282810,0.042751,35.089706
1403715375012143104.000000,0.000000,0.000000,10.879063,6.624345,0.173711,0.054157,11.822025,0.048492,32.793623
1403715375062142976.000000,0.000000,0.000000,11.845125,6.164521,0.160386,0.039946,10.479889,0.064236,35.381948
1403715375112143104.000000,0.000000,0.000000,8.958649,7.009964,0.136754,0.040776,9.908477,0.052181,28.915864
1403715375162142976.000000,0.000000,0.000000,9.829041,6.703203,0.142261,0.043996,13.243162,0.070410,36.512939
1403715375212143104.000000,0.000000,0.000000,11.058041,6.948336,0.136835,0.038635,9.344870,3.751749,32.717214
1403715375262142976.000000,0.000000,0.000000,9.498288,6.218230,0.171872,0.047515,12.092779,0.066075,30.078909
1403715375312143104.000000,0.000000,0.000000,9.757431,6.499062,0.126866,0.056225,13.251589,0.096593,31.179020
1403715375362142976.000000,0.000000,0.000000,9.952620,8.185710,0.155307,0.067009,11.990731,0.058532,32.861862
1403715375412143104.000000,0.000000,0.000000,9.921400,7.737053,0.120031,0.034770,11.652443,0.093244,36.947971
1403715375462142976.000000,0.000000,0.000000,9.557396,5.515291,0.077332,0.067114,13.539591,0.065543,29.911935
1403715375512143104.000000,0.000000,0.000000,11.547470,7.879475,0.093931,0.061348,11.531132,0.057957,34.478144
1403715375562142976.000000,0.000000,0.000000,10.125774,7.990052,0.161513,0.057320,11.649239,0.059608,33.620770
1403715375612143104.000000,0.000000,0.000000,11.018776,5.620685,0.117592,0.060788,12.427999,0.049613,29.686360
1403715375662142976.000000,0.000000,0.000000,9.485459,8.217136,0.045575,0.057719,13.083866,0.077201,43.363758
1403715375712143104.000000,0.000000,0.000000,10.266596,6.521967,0.070429,0.066702,11.625743,4.744144,29.523814
1403715375762142976.000000,0.000000,0.000000,10.033450,6.001433,0.109559,0.066049,13.058746,0.086045,31.662255
1403715375812143104.000000,0.000000,0.000000,9.298463,5.431879,0.099868,0.068654,13.467094,0.132635,30.035755
1403715375862142976.000000,0.000000,0.000000,9.085995,7.322738,0.097548,0.071295,14.345983,0.106577,29.446654
1403715375912143104.000000,0.000000,0.000000,9.871807,6.727181,0.106589,0.053121,12.674816,0.092492,34.606845
1403715375962142976.000000,0.000000,0.000000,9.537061,6.408405,0.076542,0.072482,13.492971,0.116916,28.713046
1403715376012143104.000000,0.000000,0.000000,9.295945,6.873219,0.099745,0.065359,14.093631,0.109064,30.714341
1403715376062142976.000000,0.000000,0.000000,8.992875,7.354630,0.086807,0.080737,14.095678,0.071567,29.776116
1403715376112143104.000000,0.000000,0.000000,10.750217,8.040153,0.101125,0.065962,12.600333,0.088566,31.170004
1403715376162142976.000000,0.000000,0.000000,9.866562,6.949415,0.096379,0.066336,12.461912,0.109573,35.134533
1403715376212143104.000000,0.000000,0.000000,9.419854,9.773054,0.130988,0.066012,13.556412,3.975211,32.894789
1403715376262142976.000000,0.000000,0.000000,9.311273,7.992230,0.101434,0.059636,13.714308,0.101903,30.365161
1403715376312143104.000000,0.000000,0.000000,9.126360,7.513336,0.112639,0.063894,14.633370,0.145157,30.073101
1403715376362142976.000000,0.000000,0.000000,9.970004,9.159527,0.118284,0.070349,15.817738,0.126034,34.278800
1403715376412143104.000000,0.000000,0.000000,10.188912,9.285940,0.116201,0.083311,12.864118,0.092092,38.685838
1403715376462142976.000000,0.000000,0.000000,9.602573,7.494889,0.101263,0.064464,13.941489,0.128294,30.556962
1403715376512143104.000000,0.000000,0.000000,10.112332,8.895431,0.141110,0.075976,13.309645,0.118543,33.757273
1403715376562142976.000000,0.000000,0.000000,10.512762,6.159051,0.108551,0.075353,15.354694,0.075647,31.365202
1403715376612143104.000000,0.000000,0.000000,9.259669,6.566416,0.109903,0.072197,13.996838,0.122187,26.844573
1403715376662142976.000000,0.000000,0.000000,8.716204,6.109042,0.149866,0.069333,13.331585,3.403588,27.258102
1403715376712143104.000000,0.000000,0.000000,10.683635,8.936540,0.113828,0.060996,16.871067,0.098719,36.522124
1403715376762142976.000000,0.000000,0.000000,8.894459,5.768207,0.071195,0.088652,14.422059,0.160405,28.105409
1403715376812143104.000000,0.000000,0.000000,9.214491,8.164651,0.113083,0.083955,14.686686,0.145639,31.478618
1403715376862142976.000000,0.000000,0.000000,11.792409,9.143130,0.099367,0.075110,19.896654,4.836364,35.294728
1403715376912143104.000000,0.000000,0.000000,9.229236,8.215960,0.113734,0.053709,14.651309,0.128646,32.126001
1403715376962142976.000000,0.000000,0.000000,9.503649,8.487340,0.110273,0.085026,14.056075,0.150992,35.891822
1403715377012143104.000000,0.000000,0.000000,9.140497,5.932302,0.099418,0.073141,17.952550,0.155210,27.228134
1403715377062142976.000000,0.000000,0.000000,8.543804,4.687411,0.109944,0.053069,14.336492,0.098439,25.813855
1403715377112143104.000000,0.000000,0.000000,11.507989,5.908611,0.095565,0.076642,14.338251,0.116474,29.575961
1403715377162142976.000000,0.000000,0.000000,9.130510,8.640358,0.123637,0.073807,14.357987,0.116142,30.869743
1403715377212143104.000000,0.000000,0.000000,9.568175,8.534547,0.110680,0.093058,14.645042,3.418385,37.917836
1403715377262142976.000000,0.000000,0.000000,10.431181,8.025880,0.104731,0.053041,14.841640,0.124596,33.668620
1403715377312143104.000000,0.000000,0.000000,9.508457,6.449467,0.079813,0.080297,15.645021,0.156501,27.753137
1403715377362142976.000000,0.000000,0.000000,9.694014,7.760612,0.111351,0.077388,17.292779,0.169817,31.156300
1403715377412143104.000000,0.000000,0.000000,9.715961,8.244744,0.125692,0.051537,15.353392,0.098934,30.838383
1403715377462142976.000000,0.000000,0.000000,8.808435,8.960685,0.121715,0.084203,14.688633,3.167661,36.236688
1403715377512143104.000000,0.000000,0.000000,9.656026,8.547931,0.103605,0.072322,17.814250,0.100380,32.940974
1403715377562142976.000000,0.000000,0.000000,10.029098,8.574418,0.126744,0.084556,16.333395,0.128055,33.644358
1403715377612143104.000000,0.000000,0.000000,10.610241,8.783619,0.141117,0.092841,14.668752,0.154900,33.532668
1403715377662142976.000000,0.000000,0.000000,9.140242,5.983966,0.092042,0.065226,14.483646,0.132930,29.892143
1403715377712143104.000000,0.000000,0.000000,9.818549,7.761226,0.080217,0.100991,17.015047,0.080715,32.998753
1403715377762142976.000000,0.000000,0.000000,9.801375,5.426096,0.170860,0.136934,15.366105,0.086036,26.975102
1403715377812143104.000000,0.000000,0.000000,15.451465,8.367518,0.120445,0.077181,15.098969,0.128254,36.071015
1403715377862142976.000000,0.000000,0.000000,9.656673,4.729843,0.105594,0.079182,15.912477,3.135952,28.465388
1403715377912143104.000000,0.000000,0.000000,9.819368,5.710874,0.095419,0.059806,15.564166,0.102461,27.072339
1403715377962142976.000000,0.000000,0.000000,9.364427,7.146808,0.140570,0.096668,14.908997,0.150836,30.249232
1403715378012143104.000000,0.000000,0.000000,9.780680,8.684567,0.141271,0.076844,15.055640,0.164890,31.513858
1403715378062142976.000000,0.000000,0.000000,10.646042,4.800470,0.104380,0.080629,16.653677,0.089682,29.253837
1403715378112143104.000000,0.000000,0.000000,11.199302,5.876970,0.111680,0.102099,13.683282,3.259204,31.667216
1403715378162142976.000000,0.000000,0.000000,9.180833,7.750860,0.079112,0.067358,16.258204,0.099355,31.328487
1403715378212143104.000000,0.000000,0.000000,9.525486,7.154554,0.108196,0.079989,16.020465,0.124310,27.454288
1403715378262142976.000000,0.000000,0.000000,9.927105,4.480727,0.105591,0.082524,16.129471,0.147518,28.473333
1403715378312143104.000000,0.000000,0.000000,8.358432,6.049174,0.122550,0.050460,14.347486,0.089334,27.818904
1403715378362142976.000000,0.000000,0.000000,10.246631,5.581729,0.115179,0.098650,14.678667,3.319462,30.283958
1403715378412143104.000000,0.000000,0.000000,9.149935,3.447100,0.105822,0.059658,15.535948,0.100254,23.814008
1403715378462142976.000000,0.000000,0.000000,9.210835,3.373363,0.129135,0.077326,15.794257,0.174504,26.292271
1403715378512143104.000000,0.000000,0.000000,9.344867,3.857523,0.112292,0.073601,14.051841,0.149862,27.226763
1403715378562142976.000000,0.000000,0.000000,8.320634,4.911292,0.142340,0.056252,13.834255,3.868465,30.049214
1403715378612143104.000000,0.000000,0.000000,8.083995,6.024403,0.144274,0.062150,15.321810,0.103403,27.041431
1403715378662142976.000000,0.000000,0.000000,9.867883,5.013741,0.144571,0.079477,16.232848,0.165329,28.114882
1403715378712143104.000000,0.000000,0.000000,9.646152,5.159130,0.166008,0.080788,15.229848,0.141947,32.572394
1403715378762142976.000000,0.000000,0.000000,8.779354,4.012386,0.123613,0.052679,13.990130,0.071961,26.623225
1403715378812143104.000000,0.000000,0.000000,9.603831,5.653036,0.148037,0.081393,14.349436,0.112597,30.926777
1403715378862142976.000000,0.000000,0.000000,8.541082,7.363668,0.158660,0.091470,15.054812,3.727089,33.644984
1403715378912143104.000000,0.000000,0.000000,9.439484,3.768703,0.151421,0.055867,16.400522,0.102481,29.590136
1403715378962142976.000000,0.000000,0.000000,9.736541,3.813962,0.137994,0.090447,16.333826,0.158086,27.326475
1403715379012143104.000000,0.000000,0.000000,10.047301,3.719191,0.163954,0.076170,14.939374,0.150535,28.148605
1403715379062142976.000000,0.000000,0.000000,9.243739,6.989116,0.157721,0.074040,14.281972,0.082094,32.094534
1403715379112143104.000000,0.000000,0.000000,8.600850,5.180560,0.159509,0.085234,14.774590,3.382442,26.747792
1403715379162142976.000000,0.000000,0.000000,8.895569,4.006806,0.157737,0.051219,14.158937,0.120903,30.030124
1403715379212143104.000000,0.000000,0.000000,9.030085,3.469928,0.124243,0.078622,16.807497,0.147267,25.608983
1403715379262142976.000000,0.000000,0.000000,9.458997,4.661781,0.163943,0.078986,16.817100,0.101845,30.440944
1403715379312143104.000000,0.000000,0.000000,9.103373,5.220749,0.177694,0.053652,13.500517,3.433288,31.078619
1403715379362142976.000000,0.000000,0.000000,9.517241,4.829364,0.174792,0.053069,14.593824,0.129596,32.991871
1403715379412143104.000000,0.000000,0.000000,8.953961,4.459635,0.137392,0.073157,15.399681,0.145188,25.969736
1403715379462142976.000000,0.000000,0.000000,9.715808,2.908576,0.132655,0.078740,15.482560,0.120522,25.224148
1403715379512143104.000000,0.000000,0.000000,9.313740,4.213718,0.140009,0.060316,13.210806,0.107764,32.198751
1403715379562142976.000000,0.000000,0.000000,8.718572,4.864033,0.184100,0.062776,15.074340,0.067520,32.451324
1403715379612143104.000000,0.000000,0.000000,9.457519,4.789705,0.195950,0.067540,14.161470,5.231968,32.200104
1403715379662142976.000000,0.000000,0.000000,9.228650,6.731378,0.172005,0.055980,15.713345,0.120278,32.261886
1403715379712143104.000000,0.000000,0.000000,9.519546,2.772156,0.141760,0.085360,15.243169,0.153921,25.986002
1403715379762142976.000000,0.000000,0.000000,7.928274,2.850335,0.177551,0.096610,16.713457,0.142654,26.913889
1403715379812143104.000000,0.000000,0.000000,9.371857,2.814361,0.136915,0.078327,14.751885,0.145358,25.302846
1403715379862142976.000000,0.000000,0.000000,9.868561,3.565510,0.196702,0.041339,14.797430,0.247391,29.800970
1403715379912143104.000000,0.000000,0.000000,9.486546,3.488967,0.159848,0.073319,15.061738,0.112891,26.990990
1403715379962142976.000000,0.000000,0.000000,9.178561,4.538043,0.215108,0.120831,18.644565,0.158751,33.015547
1403715380012143104.000000,0.000000,0.000000,9.053306,4.335047,0.154470,0.080032,14.663144,0.089358,29.680447
1403715380062142976.000000,0.000000,0.000000,8.574562,2.913200,0.153821,0.068638,14.655605,0.124058,24.002189
1403715380112143104.000000,0.000000,0.000000,9.518460,3.108388,0.151873,0.067368,20.025526,3.810500,26.908181
1403715380162142976.000000,0.000000,0.000000,9.316616,2.885985,0.144157,0.059571,15.161882,0.094380,24.180047
1403715380212143104.000000,0.000000,0.000000,9.577613,5.243903,0.208067,0.082442,15.651573,0.152345,30.795615
1403715380262142976.000000,0.000000,0.000000,10.970499,3.932381,0.132998,0.122865,22.200182,0.130800,29.092999
1403715380312143104.000000,0.000000,0.000000,9.612142,3.394023,0.142150,0.065096,15.115950,0.103546,26.908780
1403715380362142976.000000,0.000000,0.000000,9.478105,5.606667,0.184066,0.059667,15.364147,0.086894,32.050463
1403715380412143104.000000,0.000000,0.000000,9.557632,4.367021,0.122387,0.083870,16.380637,0.133483,30.330796
1403715380462142976.000000,0.000000,0.000000,10.157006,6.051323,0.154710,0.078112,15.393023,0.113768,32.600455
1403715380512143104.000000,0.000000,0.000000,9.274457,5.995188,0.172001,0.116578,15.265460,0.076169,32.259665
1403715380562142976.000000,0.000000,0.000000,10.361034,5.294084,0.176312,0.081795,18.156271,0.156298,31.205830
1403715380612143104.000000,0.000000,0.000000,10.838020,5.974478,0.095318,0.082145,13.923817,6.494591,32.120325
1403715380662142976.000000,0.000000,0.000000,10.775207,7.894818,0.170461,0.069475,15.331605,0.093424,35.867999
1403715380712143104.000000,0.000000,0.000000,9.053799,5.338569,0.087164,0.105175,17.745741,0.144364,29.393906
1403715380762142976.000000,0.000000,0.000000,9.342314,7.219350,0.161617,0.099340,15.898107,0.169245,31.499052
1403715380812143104.000000,0.000000,0.000000,9.746398,6.909120,0.184739,0.076263,13.698858,0.097949,33.080806
1403715380862142976.000000,0.000000,0.000000,10.119426,7.774922,0.101765,0.072863,13.510722,0.104273,35.284921
1403715380912143104.000000,0.000000,0.000000,11.548067,6.000015,0.158473,0.086605,14.795803,4.567614,37.331825
1403715380962142976.000000,0.000000,0.000000,11.748058,7.062335,0.083584,0.063182,14.846608,0.127028,35.938837
1403715381012143104.000000,0.000000,0.000000,9.547318,8.442087,0.096550,0.080944,15.511126,0.166940,35.384082
1403715381062142976.000000,0.000000,0.000000,10.172590,7.210209,0.184730,0.096454,15.747794,0.124380,35.423915
1403715381112143104.000000,0.000000,0.000000,12.606032,7.289301,0.166584,0.108903,14.944244,0.092096,36.136706
1403715381162142976.000000,0.000000,0.000000,12.025154,8.491428,0.164364,0.081964,14.506343,0.127342,37.900427
1403715381212143104.000000,0.000000,0.000000,10.212298,7.373499,0.167355,0.087796,15.968265,0.123878,35.305900
1403715381262142976.000000,0.000000,0.000000,10.692661,6.415073,0.182418,0.125921,17.526658,0.129401,34.910469
1403715381312143104.000000,0.000000,0.000000,10.446051,5.948358,0.155776,0.089557,14.343183,0.085820,32.909978
1403715381362142976.000000,0.000000,0.000000,10.448724,6.440072,0.159710,0.084466,14.689863,0.101299,33.108446
1403715381412143104.000000,0.000000,0.000000,11.518428,5.923441,0.189287,0.079565,14.865804,4.226344,39.002295
1403715381462142976.000000,0.000000,0.000000,12.048693,6.087876,0.095661,0.078718,15.143481,0.106288,36.290650
1403715381512143104.000000,0.000000,0.000000,10.663688,6.479235,0.181500,0.098955,15.510337,0.133675,36.071529
1403715381562142976.000000,0.000000,0.000000,11.471802,6.278673,0.169645,0.088833,17.180645,0.128908,37.219748
1403715381612143104.000000,0.000000,0.000000,11.974367,8.252265,0.165631,0.132923,15.029574,0.132994,37.137820
1403715381662142976.000000,0.000000,0.000000,11.257858,6.568490,0.161423,0.071144,15.128764,0.094423,36.118396
1403715381712143104.000000,0.000000,0.000000,11.585441,6.177652,0.170936,0.085215,15.454662,0.109301,34.820323
1403715381762142976.000000,0.000000,0.000000,10.441735,6.530992,0.183662,0.086630,17.175182,0.087891,35.871531
1403715381812143104.000000,0.000000,0.000000,10.908616,6.638105,0.183892,0.091069,15.161818,0.101131,35.807475
1403715381862142976.000000,0.000000,0.000000,10.442646,5.811952,0.197179,0.104756,14.882240,0.136600,37.015412
1403715381912143104.000000,0.000000,0.000000,10.808594,5.971983,0.179002,0.134244,15.913450,3.452860,37.501969
1403715381962142976.000000,0.000000,0.000000,10.228443,5.910332,0.226162,0.071084,15.347229,0.102798,34.807826
1403715382012143104.000000,0.000000,0.000000,11.256445,6.476091,0.193155,0.075798,17.239847,0.242221,36.637285
1403715382062142976.000000,0.000000,0.000000,10.686538,6.187958,0.214941,0.083961,18.274133,0.140819,45.603335
1403715382112143104.000000,0.000000,0.000000,10.150975,5.844032,0.213388,0.086163,17.674969,0.124753,35.291494
1403715382162142976.000000,0.000000,0.000000,12.103882,5.828470,0.191199,0.068980,14.304864,0.114049,36.040964
1403715382212143104.000000,0.000000,0.000000,9.974498,9.983691,0.255389,0.081509,16.229721,3.531099,42.636439
1403715382262142976.000000,0.000000,0.000000,11.838884,6.371095,0.284624,0.058726,16.162602,0.097481,37.009690
1403715382312143104.000000,0.000000,0.000000,10.146973,5.764350,0.196165,0.094921,16.808120,0.174830,34.263553
1403715382362142976.000000,0.000000,0.000000,10.816299,6.146204,0.191710,0.081358,15.194090,0.167952,35.258830
1403715382412143104.000000,0.000000,0.000000,10.987909,6.119524,0.217829,0.078311,16.378147,0.138778,39.053327
1403715382462142976.000000,0.000000,0.000000,10.216198,6.733157,0.206082,0.058405,14.884813,3.320129,35.973885
1403715382512143104.000000,0.000000,0.000000,10.936724,7.100875,0.201693,0.060751,15.516728,0.112595,38.092830
1403715382562142976.000000,0.000000,0.000000,10.363331,6.907613,0.192704,0.087002,16.300616,0.150078,38.699751
1403715382612143104.000000,0.000000,0.000000,10.759429,6.525540,0.246797,0.083917,17.073425,0.146348,36.659016
1403715382662142976.000000,0.000000,0.000000,10.751290,6.464718,0.199160,0.053672,15.618375,0.116211,38.836358
1403715382712143104.000000,0.000000,0.000000,11.675159,6.236515,0.113183,0.061088,14.095825,0.159669,39.998236
1403715382762142976.000000,0.000000,0.000000,10.533938,6.536874,0.221438,0.084463,15.534951,0.100696,37.412557
1403715382812143104.000000,0.000000,0.000000,10.967071,6.523232,0.117924,0.086070,17.383868,3.386593,36.625453
1403715382862142976.000000,0.000000,0.000000,11.631690,6.732789,0.209425,0.055632,18.089232,0.105845,36.702326
1403715382912143104.000000,0.000000,0.000000,11.185752,7.562127,0.248077,0.090015,16.431507,0.162223,39.862108
1403715382962142976.000000,0.000000,0.000000,10.291995,6.358527,0.500949,0.088126,16.995156,0.163109,36.458839
1403715383012143104.000000,0.000000,0.000000,11.318460,8.540791,0.215788,0.088698,19.596445,0.160396,39.169637
1403715383062142976.000000,0.000000,0.000000,11.250530,5.770023,0.217911,0.090090,15.270993,0.112779,39.798608
1403715383112143104.000000,0.000000,0.000000,10.702984,6.078521,0.238364,0.082489,17.361941,0.116535,36.930713
1403715383162142976.000000,0.000000,0.000000,9.950487,6.792028,0.252200,0.111541,15.956617,0.118654,36.948531
1403715383212143104.000000,0.000000,0.000000,11.658383,6.577452,0.211095,0.085644,16.749866,0.129910,37.566097
1403715383262142976.000000,0.000000,0.000000,11.449936,6.436363,0.209352,0.093016,16.424019,3.616898,38.798322
1403715383312143104.000000,0.000000,0.000000,11.094129,7.165004,0.239154,0.078604,17.108234,0.101638,39.547634
1403715383362142976.000000,0.000000,0.000000,11.355945,7.194222,0.198323,0.128000,15.610816,0.282969,39.295063
1403715383412143104.000000,0.000000,0.000000,13.610396,6.519549,0.208078,0.085885,15.861022,0.160136,40.444780
1403715383462142976.000000,0.000000,0.000000,10.881661,6.412285,0.213478,0.112851,17.209479,0.144995,37.417616
1403715383512143104.000000,0.000000,0.000000,11.051228,6.266149,0.222044,0.092715,16.391375,0.080937,35.943589
1403715383562142976.000000,0.000000,0.000000,11.255225,5.814145,0.127849,0.081031,15.630605,0.152719,38.745717
1403715383612143104.000000,0.000000,0.000000,12.585843,6.434893,0.219536,0.081945,15.129944,0.128698,39.122042
1403715383662142976.000000,0.000000,0.000000,10.603309,8.447348,0.194283,0.099157,16.169321,3.283192,39.200931
1403715383712143104.000000,0.000000,0.000000,11.175813,6.475415,0.194897,0.056433,17.228297,0.142457,35.578385
1403715383762142976.000000,0.000000,0.000000,10.733610,6.652813,0.184058,0.083532,16.335682,0.150159,38.656972
1403715383812143104.000000,0.000000,0.000000,10.622234,6.356929,0.229514,0.130660,17.302913,0.155794,36.111941
1403715383862142976.000000,0.000000,0.000000,11.235900,7.241855,0.181280,0.085928,16.249233,0.131391,38.684094
1403715383912143104.000000,0.000000,0.000000,10.272959,7.155440,0.201205,0.056479,14.032935,0.135954,36.526260
1403715383962142976.000000,0.000000,0.000000,9.903786,5.753692,0.201631,0.094637,15.249701,0.096514,33.289115
1403715384012143104.000000,0.000000,0.000000,10.819468,5.966167,0.200213,0.101473,17.594757,4.133827,35.680797
1403715384062142976.000000,0.000000,0.000000,11.020115,7.207340,0.180751,0.061078,16.132007,0.120167,40.656248
1403715384112143104.000000,0.000000,0.000000,10.855062,6.492042,0.186120,0.087301,17.210475,0.099122,37.562096
1403715384162142976.000000,0.000000,0.000000,10.476089,6.238911,0.235206,0.100548,16.764966,0.158052,37.434659
1403715384212143104.000000,0.000000,0.000000,9.646853,6.104850,0.215370,0.087923,15.349544,0.205826,34.935552
1403715384262142976.000000,0.000000,0.000000,10.967587,6.147654,0.205778,0.085087,14.487838,0.105712,35.314789
1403715384312143104.000000,0.000000,0.000000,11.905664,6.021272,0.255904,0.080423,19.402437,4.604933,40.433287
1403715384362142976.000000,0.000000,0.000000,10.642713,5.694233,0.113469,0.059779,15.355879,0.101186,34.735624
1403715384412143104.000000,0.000000,0.000000,11.620697,5.621951,0.218013,0.083688,16.930196,0.156977,38.359677
1403715384462142976.000000,0.000000,0.000000,10.548960,5.502371,0.218135,0.079738,16.331874,0.152728,36.801813
1403715384512143104.000000,0.000000,0.000000,10.508234,5.268923,0.262279,0.084151,16.522212,0.168754,36.690092
1403715384562142976.000000,0.000000,0.000000,11.904681,5.699369,0.210236,0.093100,14.901560,0.126918,36.405578
1403715384612143104.000000,0.000000,0.000000,11.078418,5.702032,0.212440,0.043576,15.650185,0.100175,37.013904
1403715384662142976.000000,0.000000,0.000000,11.045855,5.602922,0.258952,0.081511,16.093968,0.091938,36.593493
1403715384712143104.000000,0.000000,0.000000,12.100509,5.997646,0.235830,0.093158,16.856310,0.125803,35.759804
1403715384762142976.000000,0.000000,0.000000,12.979585,6.388962,0.248716,0.081792,15.495992,0.111605,38.272456
1403715384812143104.000000,0.000000,0.000000,11.407963,5.949552,0.266163,0.078902,16.946949,3.612922,40.556013
1403715384862142976.000000,0.000000,0.000000,12.491800,5.942632,0.111324,0.065752,15.856971,0.108808,38.861149
1403715384912143104.000000,0.000000,0.000000,12.053521,5.721791,0.235957,0.078661,16.714003,0.149010,37.417939
1403715384962142976.000000,0.000000,0.000000,11.343392,7.595749,0.122581,0.084397,16.932144,0.147927,39.842764
1403715385012143104.000000,0.000000,0.000000,12.226693,7.789195,0.258691,0.082079,16.453096,0.123668,39.202096
1403715385062142976.000000,0.000000,0.000000,10.888831,7.121027,0.122901,0.080037,14.205624,0.130950,37.084865
1403715385112143104.000000,0.000000,0.000000,11.276585,5.864971,0.248494,0.068914,15.524969,0.105861,36.444295
1403715385162142976.000000,0.000000,0.000000,12.750462,6.313335,0.578048,0.091646,15.733713,3.771440,42.594786
1403715385212143104.000000,0.000000,0.000000,11.799504,5.286703,0.261979,0.058020,19.342975,0.126295,35.981644
1403715385262142976.000000,0.000000,0.000000,11.551886,5.957784,0.231396,0.079708,17.882678,0.150215,37.160128
1403715385312143104.000000,0.000000,0.000000,12.360099,6.835191,0.249256,0.084829,17.124389,0.137431,47.398086
1403715385362142976.000000,0.000000,0.000000,11.749317,6.310661,0.267766,0.098177,16.184930,0.183621,38.262315
1403715385412143104.000000,0.000000,0.000000,11.291315,7.100673,0.130719,0.075696,14.653578,0.120895,39.627905
1403715385462142976.000000,0.000000,0.000000,11.514451,5.856390,0.284510,0.042547,15.015755,0.104473,43.872920
1403715385512143104.000000,0.000000,0.000000,13.544130,5.490117,0.242970,0.087073,16.467717,4.026591,40.144181
1403715385562142976.000000,0.000000,0.000000,10.841363,6.041403,0.254114,0.054989,15.537496,0.101559,36.940000
1403715385612143104.000000,0.000000,0.000000,11.010511,5.618357,0.163334,0.076650,15.819380,0.142276,37.256164
1403715385662142976.000000,0.000000,0.000000,11.235180,6.004700,0.120536,0.081732,16.427380,0.151608,36.720322
1403715385712143104.000000,0.000000,0.000000,13.738545,6.431847,0.275589,0.081643,17.203666,0.170710,39.485764
1403715385762142976.000000,0.000000,0.000000,10.927622,5.836031,0.242634,0.046481,14.999243,0.155892,39.324408
1403715385812143104.000000,0.000000,0.000000,10.502831,6.128208,0.246548,0.046051,14.792165,3.501957,41.458049
1403715385862142976.000000,0.000000,0.000000,11.079198,6.292343,0.216368,0.058418,17.883113,0.103184,36.948657
1403715385912143104.000000,0.000000,0.000000,10.966189,6.175393,0.274335,0.080866,15.896657,0.158776,39.125352
1403715385962142976.000000,0.000000,0.000000,10.189157,6.136904,0.254318,0.080353,15.638085,0.162781,37.035203
1403715386012143104.000000,0.000000,0.000000,10.667705,6.696019,0.205511,0.080440,16.293992,0.164309,35.535221
1403715386062142976.000000,0.000000,0.000000,10.369344,5.907088,0.214848,0.086793,15.661443,0.154364,33.735936
1403715386112143104.000000,0.000000,0.000000,11.094301,6.571974,0.247581,0.060219,15.346910,4.314297,40.224015
1403715386162142976.000000,0.000000,0.000000,11.105166,6.455373,0.210419,0.061066,16.243334,0.107316,36.934077
1403715386212143104.000000,0.000000,0.000000,11.093150,7.373973,0.207626,0.105597,16.530246,0.204599,37.976620
1403715386262142976.000000,0.000000,0.000000,13.228766,5.977433,0.220725,0.086070,16.361140,0.155379,38.945454
1403715386312143104.000000,0.000000,0.000000,11.517211,6.929916,0.214656,0.079987,16.864025,0.158929,38.019577
1403715386362142976.000000,0.000000,0.000000,10.991111,6.099468,0.231354,0.085372,16.603766,0.084425,35.952235
1403715386412143104.000000,0.000000,0.000000,10.398003,7.344180,0.198547,0.059974,14.549611,4.239578,37.548499
1403715386462142976.000000,0.000000,0.000000,11.514569,7.293733,0.454698,0.059894,15.352416,0.106417,41.064865
1403715386512143104.000000,0.000000,0.000000,10.405793,6.155971,0.211002,0.130994,16.738811,0.156957,34.806896
1403715386562142976.000000,0.000000,0.000000,11.901618,7.102763,0.201017,0.115882,16.377829,0.166964,37.523302
1403715386612143104.000000,0.000000,0.000000,11.262122,6.951676,0.187012,0.072943,17.011089,0.153327,40.806306
1403715386662142976.000000,0.000000,0.000000,11.031981,6.936339,0.187462,0.076244,15.521169,0.084079,37.176732
1403715386712143104.000000,0.000000,0.000000,10.739701,6.715346,0.184817,0.064954,18.049984,4.407791,37.078924
1403715386762142976.000000,0.000000,0.000000,11.801939,7.453758,0.205749,0.081540,17.250031,0.112296,40.286119
1403715386812143104.000000,0.000000,0.000000,11.708810,6.582898,0.217011,0.083015,14.990273,0.134394,40.084485
1403715386862142976.000000,0.000000,0.000000,10.426062,6.048542,0.204736,0.079185,15.724380,0.156081,35.642265
1403715386912143104.000000,0.000000,0.000000,11.465593,6.627312,0.205246,0.068527,17.492262,0.163488,37.665173
1403715386962142976.000000,0.000000,0.000000,11.094283,6.045711,0.220076,0.058456,13.839327,0.131191,38.799473
1403715387012143104.000000,0.000000,0.000000,12.206116,6.737725,0.219803,0.065949,14.571901,4.322145,38.412848
1403715387062142976.000000,0.000000,0.000000,10.949434,6.663814,0.208025,0.058642,14.287132,0.099453,37.740700
1403715387112143104.000000,0.000000,0.000000,11.404545,10.679933,0.430447,0.072635,14.826661,0.138723,46.124630
1403715387162142976.000000,0.000000,0.000000,10.512152,8.899292,0.117868,0.070416,15.304354,0.149240,39.155425
1403715387212143104.000000,0.000000,0.000000,10.200287,6.239783,0.122499,0.091393,12.415263,0.119557,38.517597
1403715387262142976.000000,0.000000,0.000000,10.577362,6.697643,0.110441,0.044412,11.693567,0.129875,39.607452
1403715387312143104.000000,0.000000,0.000000,13.098537,6.034414,0.136060,0.040501,12.529811,6.561320,40.802350
1403715387362142976.000000,0.000000,0.000000,12.463030,6.366936,0.229889,0.061256,13.906698,0.086969,37.239998
1403715387412143104.000000,0.000000,0.000000,12.190915,6.457272,0.213968,0.063640,12.470663,0.193177,42.673302
1403715387462142976.000000,0.000000,0.000000,11.267208,6.111507,0.207839,0.064243,12.426044,0.150906,37.496521
1403715387512143104.000000,0.000000,0.000000,10.964565,5.670772,0.236029,0.072890,12.680396,0.090184,37.869002
1403715387562142976.000000,0.000000,0.000000,11.102888,6.087196,0.217411,0.035212,12.053850,0.102086,37.135778
1403715387612143104.000000,0.000000,0.000000,10.264293,6.412328,0.215582,0.042922,11.382017,0.106356,37.441743
1403715387662142976.000000,0.000000,0.000000,11.677436,5.636944,0.210408,0.062218,15.588025,8.071688,39.492011
1403715387712143104.000000,0.000000,0.000000,11.159437,5.962889,0.137132,0.071007,12.413177,0.083798,37.807993
1403715387762142976.000000,0.000000,0.000000,11.693769,6.067467,0.212390,0.066349,11.888542,0.135951,38.467415
1403715387812143104.000000,0.000000,0.000000,10.515298,6.295654,0.215701,0.108618,12.754434,0.073472,37.971035
1403715387862142976.000000,0.000000,0.000000,12.331251,6.007561,0.249831,0.075356,13.043712,0.108771,38.465471
1403715387912143104.000000,0.000000,0.000000,11.448308,6.335930,0.220642,0.062460,12.963464,0.127082,36.243377
1403715387962142976.000000,0.000000,0.000000,11.412513,6.383793,0.218169,0.029722,11.093085,0.083138,37.346799
1403715388012143104.000000,0.000000,0.000000,12.265943,6.493393,0.248072,0.066619,11.950784,5.838285,44.031675
1403715388062142976.000000,0.000000,0.000000,10.733592,5.724997,0.246861,0.057011,11.341009,0.079648,38.687574
1403715388112143104.000000,0.000000,0.000000,11.294849,6.322732,0.222619,0.058949,15.189728,0.126602,38.629731
1403715388162142976.000000,0.000000,0.000000,11.591065,6.219645,0.221258,0.066394,12.525767,0.072559,39.566793
1403715388212143104.000000,0.000000,0.000000,11.362410,6.161025,0.262480,0.056644,12.165668,0.110045,41.600432
1403715388262142976.000000,0.000000,0.000000,10.797373,6.089977,0.236850,0.050469,11.719155,0.095529,36.560914
1403715388312143104.000000,0.000000,0.000000,10.532303,6.403764,0.242727,0.048206,11.642969,4.964796,38.360721
1403715388362142976.000000,0.000000,0.000000,11.301492,9.229428,0.281099,0.067570,11.635693,0.061002,40.882278
1403715388412143104.000000,0.000000,0.000000,12.704271,5.935797,0.224513,0.060486,11.823972,0.124908,39.867095
1403715388462142976.000000,0.000000,0.000000,12.789090,8.413814,0.229823,0.061748,13.231900,0.062523,45.966578
1403715388512143104.000000,0.000000,0.000000,11.879090,5.693127,0.221233,0.057221,12.813497,0.103811,38.660996
1403715388562142976.000000,0.000000,0.000000,12.252442,6.116229,0.287605,0.049970,10.554288,0.105010,39.214964
1403715388612143104.000000,0.000000,0.000000,11.719425,6.117963,0.231475,0.050750,11.563600,5.181206,38.341732
1403715388662142976.000000,0.000000,0.000000,11.600485,7.235048,0.244550,0.087495,12.597747,0.090964,40.376407
1403715388712143104.000000,0.000000,0.000000,12.689122,5.617954,0.269553,0.056593,13.611887,0.101733,38.792427
1403715388762142976.000000,0.000000,0.000000,11.114639,6.043216,0.239669,0.067677,14.136772,0.074316,37.357310
1403715388812143104.000000,0.000000,0.000000,11.199916,5.856215,0.244736,0.066430,11.792648,0.076264,36.318572
1403715388862142976.000000,0.000000,0.000000,12.387183,5.419452,0.274170,0.048886,12.943322,0.102358,41.593030
1403715388912143104.000000,0.000000,0.000000,11.059471,5.499740,0.285754,0.066460,14.932810,0.097285,38.493638
1403715388962142976.000000,0.000000,0.000000,11.763413,6.427615,0.262662,0.086466,13.128496,0.081521,39.565619
1403715389012143104.000000,0.000000,0.000000,14.456964,6.407268,0.306195,0.071236,13.360464,0.078823,42.890381
1403715389062142976.000000,0.000000,0.000000,11.504156,5.757063,0.253511,0.083783,14.821527,5.399240,37.727103
1403715389112143104.000000,0.000000,0.000000,11.904893,6.822512,0.247468,0.062786,14.468942,0.125265,37.162797
1403715389162142976.000000,0.000000,0.000000,11.354612,7.882634,0.253983,0.077086,15.589982,0.129517,38.629957
1403715389212143104.000000,0.000000,0.000000,11.625646,5.857942,0.234925,0.088340,15.304181,0.113083,43.267019
1403715389262142976.000000,0.000000,0.000000,11.989086,5.687381,0.247668,0.096108,14.570422,0.162914,38.757909
1403715389312143104.000000,0.000000,0.000000,10.954929,11.365536,0.255238,0.122941,16.584782,0.085565,43.962777
1403715389362142976.000000,0.000000,0.000000,11.496785,5.988476,0.262099,0.056199,14.351542,0.074782,39.203791
1403715389412143104.000000,0.000000,0.000000,10.969737,5.852821,0.308803,0.085003,13.201527,0.086370,37.132698
1403715389462142976.000000,0.000000,0.000000,11.814888,5.872184,0.255265,0.073647,13.437300,0.113511,36.755037
1403715389512143104.000000,0.000000,0.000000,11.131215,6.089630,0.243010,0.074473,13.557749,0.087419,45.827882
1403715389562142976.000000,0.000000,0.000000,11.070311,10.787272,0.240622,0.073878,13.350799,4.399454,42.058491
1403715389612143104.000000,0.000000,0.000000,15.388144,6.119893,0.258299,0.063939,14.777123,0.097364,43.034712
1403715389662142976.000000,0.000000,0.000000,11.549233,6.557316,0.248817,0.060952,15.394334,0.093826,38.858607
1403715389712143104.000000,0.000000,0.000000,11.467752,6.201261,0.237312,0.126111,17.146055,0.152009,38.613064
1403715389762142976.000000,0.000000,0.000000,11.582695,5.861380,0.288472,0.077954,14.635510,0.167839,37.186545
1403715389812143104.000000,0.000000,0.000000,13.195857,6.280866,0.238493,0.076303,14.903146,0.149993,39.123987
1403715389862142976.000000,0.000000,0.000000,10.022756,5.466298,0.259097,0.050687,12.364042,0.106865,35.697601
1403715389912143104.000000,0.000000,0.000000,11.055868,5.841454,0.265211,0.052597,12.980956,4.114506,38.612908
1403715389962142976.000000,0.000000,0.000000,11.630477,5.778381,0.263461,0.065432,14.388118,0.086722,37.774555
1403715390012143104.000000,0.000000,0.000000,11.353375,6.543761,0.243270,0.080097,14.359557,0.149081,42.826507
1403715390062142976.000000,0.000000,0.000000,12.519453,5.577256,0.290605,0.074994,13.166435,0.135970,38.648361
1403715390112143104.000000,0.000000,0.000000,12.165005,6.244425,0.243428,0.085006,13.660449,0.119877,39.428171
1403715390162142976.000000,0.000000,0.000000,10.983580,6.483693,0.268641,0.073010,10.925282,0.090364,38.794746
1403715390212143104.000000,0.000000,0.000000,11.524245,5.795713,0.305878,0.069401,11.088320,3.688527,39.112916
1403715390262142976.000000,0.000000,0.000000,11.207482,6.319618,0.274345,0.071921,12.268655,0.073149,39.895847
1403715390312143104.000000,0.000000,0.000000,11.889792,6.754325,0.245417,0.073561,12.461229,0.138955,38.541378
1403715390362142976.000000,0.000000,0.000000,11.214605,5.654954,0.242515,0.077040,13.361626,0.134140,40.485130
1403715390412143104.000000,0.000000,0.000000,11.269865,5.668143,0.299414,0.082816,12.413403,0.169803,40.895658
1403715390462142976.000000,0.000000,0.000000,11.027655,6.456188,0.250884,0.049983,10.898822,0.126524,39.982870
1403715390512143104.000000,0.000000,0.000000,11.159214,6.030984,0.242449,0.069291,10.555888,0.101903,38.690108
1403715390562142976.000000,0.000000,0.000000,11.556780,6.111754,0.298028,0.081348,10.432129,0.070477,38.625841
1403715390612143104.000000,0.000000,0.000000,11.611445,9.052018,0.258475,0.072455,11.115354,4.296803,39.649162
1403715390662142976.000000,0.000000,0.000000,12.143791,6.152266,0.250109,0.047782,10.474721,0.074415,37.526658
1403715390712143104.000000,0.000000,0.000000,12.906899,6.204449,0.409244,0.077282,11.047395,0.120614,44.011820
1403715390762142976.000000,0.000000,0.000000,12.788582,7.087923,0.254226,0.074570,11.164277,0.118550,40.531557
1403715390812143104.000000,0.000000,0.000000,11.224068,6.568349,0.240037,0.087758,11.234836,0.086183,38.056910
1403715390862142976.000000,0.000000,0.000000,13.211556,5.940268,0.246416,0.043203,10.187338,0.086183,40.342460
1403715390912143104.000000,0.000000,0.000000,10.984345,5.952136,0.277001,0.073648,12.023218,0.077127,39.002059
1403715390962142976.000000,0.000000,0.000000,11.022405,6.447829,0.253499,0.082031,10.036736,0.059186,36.899593
1403715391012143104.000000,0.000000,0.000000,12.170144,5.757533,0.246333,0.062587,9.842323,0.085137,40.297714
1403715391062142976.000000,0.000000,0.000000,10.839344,5.621148,0.250564,0.107034,9.997045,0.077878,38.637131
1403715391112143104.000000,0.000000,0.000000,11.352635,8.082273,0.241780,0.069316,10.185683,3.557931,40.456943
1403715391162142976.000000,0.000000,0.000000,11.803338,5.731885,0.234512,0.059850,12.325535,0.111826,37.530698
1403715391212143104.000000,0.000000,0.000000,11.751341,5.970067,0.240967,0.085160,12.497226,0.113219,38.604708
1403715391262142976.000000,0.000000,0.000000,11.341629,6.461219,0.259113,0.076370,11.504347,0.113186,38.502490
1403715391312143104.000000,0.000000,0.000000,11.735734,6.516862,0.229181,0.077985,12.417777,0.121882,42.589078
1403715391362142976.000000,0.000000,0.000000,11.518620,5.879381,0.245248,0.051459,9.351764,0.066823,38.232595
1403715391412143104.000000,0.000000,0.000000,11.289700,6.029279,0.283284,0.073021,11.123710,0.118274,38.557204
1403715391462142976.000000,0.000000,0.000000,11.455280,5.907628,0.233461,0.072521,10.762613,0.104247,38.224863
1403715391512143104.000000,0.000000,0.000000,12.004120,6.163288,0.243344,0.085459,10.078828,0.074119,39.318559
1403715391562142976.000000,0.000000,0.000000,12.517703,5.732052,0.229556,0.071928,13.144892,0.119612,39.034989
1403715391612143104.000000,0.000000,0.000000,11.085766,6.252880,0.272335,0.068996,9.672833,3.645046,40.600691
1403715391662142976.000000,0.000000,0.000000,10.859384,7.752817,0.226686,0.057490,11.107031,0.070193,37.930733
1403715391712143104.000000,0.000000,0.000000,11.885787,6.182616,0.235580,0.088407,11.419611,0.122740,39.433446
1403715391762142976.000000,0.000000,0.000000,11.872954,5.993611,0.257124,0.103650,11.797393,0.126722,38.774471
1403715391812143104.000000,0.000000,0.000000,10.578795,6.198902,0.223798,0.075645,12.384689,0.132913,38.105449
1403715391862142976.000000,0.000000,0.000000,11.708911,8.439805,0.241442,0.073040,9.532998,0.122656,39.634968
1403715391912143104.000000,0.000000,0.000000,11.856414,10.103589,0.206598,0.074224,12.110566,0.113078,48.137854
1403715391962142976.000000,0.000000,0.000000,11.625168,6.436881,0.206262,0.068368,11.032827,0.120981,39.684561
1403715392012143104.000000,0.000000,0.000000,10.858003,6.277604,0.238619,0.091563,11.753580,0.078487,36.340104
1403715392062142976.000000,0.000000,0.000000,11.898746,6.088911,0.235034,0.064089,11.764057,0.091718,37.980652
1403715392112143104.000000,0.000000,0.000000,12.149995,6.350782,0.208948,0.069072,10.843780,4.912596,40.427836
1403715392162142976.000000,0.000000,0.000000,11.219636,6.935220,0.210586,0.050109,10.457611,0.081809,36.241162
1403715392212143104.000000,0.000000,0.000000,10.806766,6.892584,0.207979,0.071842,10.220752,0.123420,40.384951
1403715392262142976.000000,0.000000,0.000000,10.616220,6.950818,0.202313,0.085186,10.632347,0.116017,36.918220
1403715392312143104.000000,0.000000,0.000000,11.039011,6.990376,0.192541,0.071131,10.301269,0.105804,36.744253
1403715392362142976.000000,0.000000,0.000000,11.035312,6.677687,0.186014,0.074214,9.022673,0.092376,36.997458
1403715392412143104.000000,0.000000,0.000000,11.467211,7.560971,0.209233,0.071010,10.055618,0.101642,35.745914
1403715392462142976.000000,0.000000,0.000000,12.376849,7.047454,0.172439,0.077964,9.513881,0.066923,36.123702
1403715392512143104.000000,0.000000,0.000000,12.572327,7.215076,0.162114,0.068036,10.025926,0.126354,42.960401
1403715392562142976.000000,0.000000,0.000000,9.612560,6.126150,0.167619,0.069018,10.172094,0.101611,33.522248
1403715392612143104.000000,0.000000,0.000000,10.536463,8.473470,0.102004,0.071604,10.876246,3.948142,35.440328
1403715392662142976.000000,0.000000,0.000000,10.616663,7.670442,0.176725,0.074695,11.967231,0.086853,34.984184
1403715392712143104.000000,0.000000,0.000000,9.793533,7.429284,0.160732,0.155042,11.390917,0.089856,33.435198
1403715392762142976.000000,0.000000,0.000000,10.429370,8.236800,0.167295,0.073631,11.453926,0.186209,34.378735
1403715392812143104.000000,0.000000,0.000000,11.098843,8.471694,0.173569,0.091241,12.978499,0.129916,34.657319
1403715392862142976.000000,0.000000,0.000000,10.212597,6.420201,0.228435,0.076829,8.926294,0.106074,44.114863
1403715392912143104.000000,0.000000,0.000000,9.699212,7.255346,0.109712,0.081838,11.089257,3.984878,33.218530
1403715392962142976.000000,0.000000,0.000000,9.795442,6.814834,0.169026,0.065422,12.089776,0.098683,32.132784
1403715393012143104.000000,0.000000,0.000000,10.212428,7.518057,0.253422,0.075526,10.367651,0.150179,34.861101
1403715393062142976.000000,0.000000,0.000000,9.941765,6.390654,0.103026,0.081363,11.842664,0.117916,33.108226
1403715393112143104.000000,0.000000,0.000000,9.891891,7.079025,0.157655,0.095446,12.328252,0.122240,33.661216
1403715393162142976.000000,0.000000,0.000000,10.140910,7.107152,0.157544,0.050472,10.794320,0.092106,31.670556
1403715393212143104.000000,0.000000,0.000000,9.321442,6.920835,0.206880,0.084371,11.601911,0.073989,37.973302
1403715393262142976.000000,0.000000,0.000000,7.729112,9.193435,0.170070,0.068073,9.677767,0.078007,30.975110
1403715393312143104.000000,0.000000,0.000000,9.763702,8.733905,0.171907,0.069294,11.522468,0.095993,37.718075
1403715393362142976.000000,0.000000,0.000000,10.127174,6.417225,0.113235,0.073548,12.530822,0.081258,33.224352
1403715393412143104.000000,0.000000,0.000000,10.352043,7.414058,0.167749,0.074095,11.767061,4.403871,33.720116
1403715393462142976.000000,0.000000,0.000000,10.563916,7.318201,0.156217,0.060675,11.064088,0.104383,33.243181
1403715393512143104.000000,0.000000,0.000000,10.257059,7.125077,0.170030,0.095601,11.281562,0.122553,37.949137
1403715393562142976.000000,0.000000,0.000000,9.861297,6.910918,0.093846,0.076475,12.514606,0.169739,32.424096
1403715393612143104.000000,0.000000,0.000000,9.483942,5.494267,0.165542,0.070505,10.457883,0.137413,30.749270
1403715393662142976.000000,0.000000,0.000000,10.419676,7.340000,0.214824,0.046748,9.266001,0.105250,34.657320
1403715393712143104.000000,0.000000,0.000000,9.820251,8.393279,0.193519,0.090230,11.539756,5.238174,35.308921
1403715393762142976.000000,0.000000,0.000000,9.156321,6.660545,0.166197,0.061554,11.997059,0.102311,30.492407
1403715393812143104.000000,0.000000,0.000000,9.804510,5.637399,0.160431,0.091794,11.662761,0.115547,36.243794
1403715393862142976.000000,0.000000,0.000000,10.254545,6.613140,0.158889,0.078451,13.682481,0.111540,33.347967
1403715393912143104.000000,0.000000,0.000000,10.047413,6.206164,0.179853,0.084483,11.884080,0.108841,33.773641
1403715393962142976.000000,0.000000,0.000000,10.014970,6.285129,0.186296,0.086958,9.787666,0.072566,34.667971
1403715394012143104.000000,0.000000,0.000000,9.769579,5.592867,0.200832,0.082845,10.230408,0.079236,31.242909
1403715394062142976.000000,0.000000,0.000000,9.553982,6.836507,0.196600,0.089411,10.594741,0.087359,33.114394
1403715394112143104.000000,0.000000,0.000000,13.413828,7.172856,0.210354,0.079011,11.026780,0.086507,39.914356
1403715394162142976.000000,0.000000,0.000000,10.499883,7.575156,0.200700,0.098561,13.025618,0.107311,35.305494
1403715394212143104.000000,0.000000,0.000000,11.223053,7.251000,0.199355,0.080427,13.985317,3.331580,35.536002
1403715394262142976.000000,0.000000,0.000000,11.070811,6.221354,0.210181,0.059449,11.017544,0.072756,41.648657
1403715394312143104.000000,0.000000,0.000000,10.085880,7.646191,0.182918,0.081926,12.529600,0.157661,36.596065
1403715394362142976.000000,0.000000,0.000000,12.460854,6.398208,0.252811,0.087963,11.949069,0.108636,38.553841
1403715394412143104.000000,0.000000,0.000000,11.954965,6.285831,0.204172,0.202725,11.630542,0.098677,37.463339
1403715394462142976.000000,0.000000,0.000000,10.891732,6.883979,0.215414,0.037356,8.853767,0.127386,36.802552
1403715394512143104.000000,0.000000,0.000000,10.165235,7.293854,0.224313,0.070258,10.174994,0.176003,37.905327
1403715394562142976.000000,0.000000,0.000000,11.464779,5.840695,0.203780,0.088035,10.052188,0.066227,35.229834
1403715394612143104.000000,0.000000,0.000000,11.280823,5.922547,0.226279,0.071562,10.650847,0.106652,34.480913
1403715394662142976.000000,0.000000,0.000000,10.738786,6.451972,0.239442,0.117364,10.615308,0.084415,34.511219
1403715394712143104.000000,0.000000,0.000000,11.006316,5.788581,0.205060,0.087121,11.442596,4.048751,34.148677
1403715394762142976.000000,0.000000,0.000000,10.454027,6.287742,0.186334,0.076570,12.215166,0.121224,38.849724
1403715394812143104.000000,0.000000,0.000000,11.255551,7.808607,0.184839,0.083088,12.895818,0.113136,37.753185
1403715394862142976.000000,0.000000,0.000000,11.522174,5.508401,0.201929,0.084274,14.712061,0.139624,36.098444
1403715394912143104.000000,0.000000,0.000000,11.946692,6.190527,0.464746,0.083110,10.175300,0.115502,40.380377
1403715394962142976.000000,0.000000,0.000000,11.282360,8.302220,0.203506,0.120591,12.065496,0.094655,38.732029
1403715395012143104.000000,0.000000,0.000000,10.819247,6.042699,0.207413,0.084128,11.879120,0.073043,35.944003
1403715395062142976.000000,0.000000,0.000000,10.986149,6.859373,0.218561,0.077525,12.112293,0.122411,34.220463
1403715395112143104.000000,0.000000,0.000000,11.301762,6.134194,0.222591,0.086790,12.724012,0.098890,38.488744
1403715395162142976.000000,0.000000,0.000000,11.358068,6.299577,0.217968,0.070649,10.979816,3.608507,36.252152
1403715395212143104.000000,0.000000,0.000000,11.702668,6.926672,0.208780,0.051807,11.709309,0.088655,37.339743
1403715395262142976.000000,0.000000,0.000000,12.005184,5.648267,0.192706,0.098647,10.904695,0.075845,34.827312
1403715395312143104.000000,0.000000,0.000000,11.233089,6.716863,0.269104,0.068673,10.132521,0.147736,36.111692
1403715395362142976.000000,0.000000,0.000000,11.144658,7.403916,0.238219,0.065382,11.192319,0.106806,33.349202
1403715395412143104.000000,0.000000,0.000000,12.114248,5.333113,0.200847,0.054652,10.908952,3.809098,35.846847
1403715395462142976.000000,0.000000,0.000000,10.852158,5.172524,0.116941,0.051331,10.715948,0.118201,32.238611
1403715395512143104.000000,0.000000,0.000000,10.936426,6.029730,0.173093,0.086350,12.606703,0.122877,33.556274
1403715395562142976.000000,0.000000,0.000000,14.350355,6.461179,0.173373,0.067560,11.952558,0.160291,37.937139
1403715395612143104.000000,0.000000,0.000000,12.674355,8.244415,0.177861,0.081064,12.504288,0.129787,37.353131
1403715395662142976.000000,0.000000,0.000000,13.707082,6.135292,0.170824,0.046847,10.576860,3.750144,34.438959
1403715395712143104.000000,0.000000,0.000000,11.293823,6.509604,0.159434,0.057479,11.737806,0.121556,31.966983
1403715395762142976.000000,0.000000,0.000000,12.720335,7.285133,0.164759,0.084727,12.251211,0.102874,34.491885
1403715395812143104.000000,0.000000,0.000000,12.946586,6.834102,0.159736,0.070596,13.516411,0.151449,38.700947
1403715395862142976.000000,0.000000,0.000000,12.232269,4.985659,0.091044,0.035596,12.580705,0.112625,31.211345
1403715395912143104.000000,0.000000,0.000000,11.089087,5.382780,0.149562,0.065687,9.498433,3.130573,31.490642
1403715395962142976.000000,0.000000,0.000000,13.498806,5.461758,0.077703,0.062559,12.361770,0.124603,33.770385
1403715396012143104.000000,0.000000,0.000000,11.693800,7.323798,0.097506,0.081637,13.205341,0.106368,33.917789
1403715396062142976.000000,0.000000,0.000000,12.209119,5.465915,0.143334,0.071337,11.541610,0.069384,31.358870
1403715396112143104.000000,0.000000,0.000000,12.096774,7.836472,0.163668,0.059456,10.767051,0.091698,35.432824
1403715396162142976.000000,0.000000,0.000000,13.521630,4.998616,0.167458,0.042259,12.657392,3.353099,31.910406
1403715396212143104.000000,0.000000,0.000000,11.552365,6.398402,0.144936,0.052467,11.721103,0.095322,31.267984
1403715396262142976.000000,0.000000,0.000000,13.654968,6.769557,0.200952,0.051893,10.698613,0.138560,34.035248
1403715396312143104.000000,0.000000,0.000000,12.031705,5.469433,0.144875,0.053566,13.226085,0.102709,35.110685
1403715396362142976.000000,0.000000,0.000000,11.617432,7.010787,0.136012,0.048671,9.410540,0.072820,34.642280
1403715396412143104.000000,0.000000,0.000000,11.067428,7.061712,0.193568,0.041632,8.991618,3.838471,34.577063
1403715396462142976.000000,0.000000,0.000000,13.298477,6.438025,0.138415,0.053176,11.652337,0.121034,35.069685
1403715396512143104.000000,0.000000,0.000000,12.700981,5.615988,0.099118,0.076714,13.621039,0.126669,34.426458
1403715396562142976.000000,0.000000,0.000000,14.534761,5.225534,0.159716,0.052434,11.146835,0.140020,32.767488
1403715396612143104.000000,0.000000,0.000000,12.824787,6.202029,0.136366,0.039365,9.600955,0.082450,34.236226
1403715396662142976.000000,0.000000,0.000000,12.088366,5.663974,0.149282,0.048195,10.241825,2.741629,32.196774
1403715396712143104.000000,0.000000,0.000000,12.371361,5.600970,0.159031,0.047315,10.330390,0.080863,31.886426
1403715396762142976.000000,0.000000,0.000000,11.751649,7.968138,0.094671,0.048048,13.983412,0.100794,36.505981
1403715396812143104.000000,0.000000,0.000000,11.858069,5.456374,0.157724,0.055655,13.146566,0.096832,34.189647
1403715396862142976.000000,0.000000,0.000000,11.904831,5.610170,0.142078,0.043647,9.159029,3.074752,33.008949
1403715396912143104.000000,0.000000,0.000000,11.732297,6.487730,0.149829,0.055324,10.180650,0.105509,33.873406
1403715396962142976.000000,0.000000,0.000000,11.669710,7.325234,0.195857,0.047564,10.815103,0.080444,34.700266
1403715397012143104.000000,0.000000,0.000000,12.471246,7.227572,0.147209,0.056078,9.485860,0.113040,36.090035
1403715397062142976.000000,0.000000,0.000000,11.741867,5.878219,0.136359,0.059397,10.136700,0.075515,30.571574
1403715397112143104.000000,0.000000,0.000000,12.663153,7.546146,0.170867,0.042561,9.918457,3.040318,36.829321
1403715397162142976.000000,0.000000,0.000000,12.666026,5.826237,0.130413,0.054184,10.227816,0.072887,33.107508
1403715397212143104.000000,0.000000,0.000000,13.417991,7.560896,0.172552,0.079876,9.916163,0.126314,36.458462
1403715397262142976.000000,0.000000,0.000000,13.478399,5.226628,0.149863,0.047618,11.336640,0.107151,34.134499
1403715397312143104.000000,0.000000,0.000000,11.793161,6.229429,0.136875,0.037191,9.369124,0.053502,37.101461
1403715397362142976.000000,0.000000,0.000000,12.507381,5.682730,0.087999,0.048786,11.276134,0.092250,32.156906
1403715397412143104.000000,0.000000,0.000000,12.155422,7.266376,0.139442,0.045423,9.970210,3.178237,33.283723
1403715397462142976.000000,0.000000,0.000000,11.992239,5.678909,0.136989,0.069400,10.346111,0.073966,31.797295
1403715397512143104.000000,0.000000,0.000000,13.046933,5.327055,0.080626,0.047909,9.665757,0.099758,32.437700
1403715397562142976.000000,0.000000,0.000000,11.105467,4.893427,0.146293,0.046811,10.158709,0.121515,29.105726
1403715397612143104.000000,0.000000,0.000000,12.528785,4.904910,0.084427,0.050613,15.482639,0.068844,31.311753
1403715397662142976.000000,0.000000,0.000000,12.303963,4.711120,0.094359,0.042609,9.968676,3.228171,30.416855
1403715397712143104.000000,0.000000,0.000000,12.866181,6.684554,0.144220,0.072206,9.871423,0.114012,33.250303
1403715397762142976.000000,0.000000,0.000000,13.680401,5.314349,0.132705,0.047813,10.207893,0.128223,32.622382
1403715397812143104.000000,0.000000,0.000000,12.462942,6.402954,0.157664,0.047844,10.561044,0.073873,37.977298
1403715397862142976.000000,0.000000,0.000000,12.051565,6.566668,0.165648,0.037959,10.043117,3.811856,34.259730
1403715397912143104.000000,0.000000,0.000000,12.078377,5.007018,0.236403,0.035355,12.043109,0.097362,32.405718
1403715397962142976.000000,0.000000,0.000000,12.852388,5.303401,0.150132,0.111926,13.814705,0.101541,33.784239
1403715398012143104.000000,0.000000,0.000000,12.345828,6.610170,0.161643,0.062160,11.737574,0.108073,35.643548
1403715398062142976.000000,0.000000,0.000000,12.984082,6.055084,0.156451,0.040159,8.554065,3.529225,32.261454
1403715398112143104.000000,0.000000,0.000000,12.040974,6.581872,0.154000,0.061314,11.241998,0.085922,37.082827
1403715398162142976.000000,0.000000,0.000000,11.773791,6.894697,0.175756,0.056821,11.491283,0.097044,34.850033
1403715398212143104.000000,0.000000,0.000000,12.830118,7.480883,0.169548,0.055934,12.991588,0.128257,34.920625
1403715398262142976.000000,0.000000,0.000000,12.876088,7.171292,0.171478,0.038243,10.380160,3.616560,35.707837
1403715398312143104.000000,0.000000,0.000000,11.564474,7.654902,0.164198,0.052020,13.257909,0.081549,35.645491
1403715398362142976.000000,0.000000,0.000000,13.110073,7.113450,0.150597,0.068130,10.585227,0.097824,35.004831
1403715398412143104.000000,0.000000,0.000000,13.212263,7.381338,0.176160,0.052448,12.676037,0.100831,35.835764
1403715398462142976.000000,0.000000,0.000000,14.123803,5.093331,0.147835,0.040366,9.417156,3.422823,32.882136
1403715398512143104.000000,0.000000,0.000000,13.004809,7.418336,0.148684,0.042312,11.428216,0.090811,35.516903
1403715398562142976.000000,0.000000,0.000000,11.970584,5.022960,0.162488,0.062730,12.406107,0.114449,33.517019
1403715398612143104.000000,0.000000,0.000000,12.751942,7.509687,0.174764,0.057686,12.441172,0.088037,40.030366
1403715398662142976.000000,0.000000,0.000000,13.622681,5.548907,0.159391,0.085818,12.038742,3.381772,34.033346
1403715398712143104.000000,0.000000,0.000000,12.765797,5.980263,0.186722,0.054311,11.006471,0.085160,33.892509
1403715398762142976.000000,0.000000,0.000000,11.963343,7.588145,0.166729,0.063126,11.904391,0.122740,36.346521
1403715398812143104.000000,0.000000,0.000000,13.414293,5.609023,0.153470,0.056055,11.305091,0.124617,33.195033
1403715398862142976.000000,0.000000,0.000000,12.204852,5.887487,0.171776,0.049765,11.912007,3.503639,31.045125
1403715398912143104.000000,0.000000,0.000000,12.343043,6.543765,0.180547,0.096123,12.374002,0.085011,39.180804
1403715398962142976.000000,0.000000,0.000000,11.242128,7.500731,0.089366,0.065629,14.172705,0.140235,34.630053
1403715399012143104.000000,0.000000,0.000000,12.297050,5.496689,0.160502,0.060732,14.152289,0.083482,33.555941
1403715399062142976.000000,0.000000,0.000000,12.581409,6.106562,0.146989,0.050955,11.078073,3.280463,36.302016
1403715399112143104.000000,0.000000,0.000000,12.903346,7.096565,0.163507,0.052032,13.008417,0.145363,35.527424
1403715399162142976.000000,0.000000,0.000000,11.873660,5.498539,0.170590,0.060065,14.614073,0.148714,30.926873
1403715399212143104.000000,0.000000,0.000000,10.025055,5.183362,0.156209,0.064380,14.229445,0.094905,29.145752
1403715399262142976.000000,0.000000,0.000000,13.389413,5.174880,0.154874,0.050246,11.795852,3.003310,32.873304
1403715399312143104.000000,0.000000,0.000000,13.638329,9.473691,0.161209,0.041639,13.363453,0.100871,38.037902
1403715399362142976.000000,0.000000,0.000000,13.080601,7.267126,0.193074,0.074767,14.758285,0.107799,37.232466
1403715399412143104.000000,0.000000,0.000000,12.246586,6.820504,0.146754,0.052188,11.779535,0.090548,40.097643
1403715399462142976.000000,0.000000,0.000000,12.048665,5.876822,0.088904,0.049560,10.799659,4.255979,33.212007
1403715399512143104.000000,0.000000,0.000000,11.897521,6.397310,0.095017,0.051125,14.932044,0.222962,34.937789
1403715399562142976.000000,0.000000,0.000000,12.200403,6.671061,0.091851,0.067309,13.790339,0.091929,34.510894
1403715399612143104.000000,0.000000,0.000000,12.014219,5.510887,0.308376,0.068909,11.051441,0.089230,33.384549
1403715399662142976.000000,0.000000,0.000000,12.886520,8.630839,0.168918,0.036869,9.960208,0.089508,34.084116
1403715399712143104.000000,0.000000,0.000000,12.240184,5.111687,0.146500,0.056836,14.135014,4.309896,32.132424
1403715399762142976.000000,0.000000,0.000000,12.377868,5.185149,0.179601,0.056723,13.855245,0.073112,31.689007
1403715399812143104.000000,0.000000,0.000000,13.324954,6.637103,0.145685,0.066816,12.595255,0.108735,34.342790
1403715399862142976.000000,0.000000,0.000000,13.338416,6.617805,0.299503,0.061759,13.112148,0.136057,35.001528
1403715399912143104.000000,0.000000,0.000000,12.251218,6.869725,0.205249,0.033203,9.819091,4.166899,38.550918
1403715399962142976.000000,0.000000,0.000000,11.967801,6.907262,0.165032,0.048038,14.530714,0.089220,34.867914
1403715400012143104.000000,0.000000,0.000000,12.739362,6.797849,0.179956,0.065197,13.080965,0.138107,36.376756
1403715400062142976.000000,0.000000,0.000000,14.072785,6.885252,0.162760,0.054337,13.952732,0.153826,39.575066
1403715400112143104.000000,0.000000,0.000000,12.685463,4.696728,0.160854,0.047972,11.293271,3.507952,31.247032
1403715400162142976.000000,0.000000,0.000000,13.964052,6.520004,0.329070,0.065666,14.082862,0.082041,36.808771
1403715400212143104.000000,0.000000,0.000000,12.789701,4.673204,0.275681,0.069260,13.187290,0.135872,34.000920
1403715400262142976.000000,0.000000,0.000000,13.693826,5.609941,0.143841,0.051823,14.603901,0.122906,35.291774
1403715400312143104.000000,0.000000,0.000000,12.356553,7.324118,0.240071,0.047443,12.270134,4.526955,35.963132
1403715400362142976.000000,0.000000,0.000000,13.386679,5.057592,0.155576,0.087304,14.225616,0.114169,36.694025
1403715400412143104.000000,0.000000,0.000000,12.415612,9.271331,0.171678,0.072381,13.882790,0.124478,37.080265
1403715400462142976.000000,0.000000,0.000000,13.836223,4.857572,0.173601,0.055710,12.014974,0.129462,33.243153
1403715400512143104.000000,0.000000,0.000000,12.686323,4.592510,0.168342,0.067757,11.715057,3.810588,31.237736
1403715400562142976.000000,0.000000,0.000000,13.515780,4.535513,0.190076,0.056297,13.148953,0.082097,33.743140
1403715400612143104.000000,0.000000,0.000000,11.885178,6.334725,0.158528,0.058388,14.171617,0.107936,36.507087
1403715400662142976.000000,0.000000,0.000000,12.131573,4.895014,0.089830,0.046617,12.863006,0.077671,31.575988
1403715400712143104.000000,0.000000,0.000000,12.302338,6.646916,0.205519,0.046458,11.598525,4.148951,35.630998
1403715400762142976.000000,0.000000,0.000000,13.699207,6.436340,0.109683,0.100429,12.781331,0.076564,36.129003
1403715400812143104.000000,0.000000,0.000000,12.307519,6.893917,0.200831,0.057186,12.331757,0.145392,41.972176
1403715400862142976.000000,0.000000,0.000000,11.793685,4.711015,0.187209,0.046650,12.739892,0.121621,34.940006
1403715400912143104.000000,0.000000,0.000000,12.575073,5.276786,0.103543,0.059410,12.151705,3.716620,33.545247
1403715400962142976.000000,0.000000,0.000000,13.566409,4.787923,0.214333,0.060938,13.625084,0.083042,34.910203
1403715401012143104.000000,0.000000,0.000000,12.188590,5.892148,0.213415,0.050343,13.869218,0.121466,35.924046
1403715401062142976.000000,0.000000,0.000000,12.402368,5.987734,0.197514,0.048349,13.047259,0.107678,34.850892
1403715401112143104.000000,0.000000,0.000000,13.023391,6.163172,0.413465,0.042696,12.529635,3.569113,36.191457
1403715401162142976.000000,0.000000,0.000000,13.089512,7.319973,0.113432,0.059613,13.727136,0.090472,36.995392
1403715401212143104.000000,0.000000,0.000000,11.887402,6.152752,0.226997,0.052349,16.569756,0.113916,35.128470
1403715401262142976.000000,0.000000,0.000000,12.618172,5.277809,0.234360,0.050860,15.260189,0.077201,33.955614
1403715401312143104.000000,0.000000,0.000000,12.256706,6.001195,0.209431,0.038192,13.407799,4.108096,33.492296
1403715401362142976.000000,0.000000,0.000000,10.806882,6.359496,0.236813,0.072245,13.735697,0.105575,37.252653
1403715401412143104.000000,0.000000,0.000000,12.066989,5.638262,0.118819,0.052573,13.771003,0.133086,33.314095
1403715401462142976.000000,0.000000,0.000000,12.033280,4.768455,0.195119,0.056550,14.297210,0.085939,31.628836
1403715401512143104.000000,0.000000,0.000000,11.608848,6.387090,0.220220,0.043799,12.558368,3.728089,35.717179
1403715401562142976.000000,0.000000,0.000000,13.244492,5.985515,0.200524,0.058321,13.163226,0.086827,32.838536
1403715401612143104.000000,0.000000,0.000000,14.569823,4.333366,0.202903,0.052176,14.605778,0.123039,35.581918
1403715401662142976.000000,0.000000,0.000000,13.618705,4.522553,0.165757,0.049209,17.302726,0.109654,33.724433
1403715401712143104.000000,0.000000,0.000000,13.590516,4.765911,0.207435,0.032831,14.316544,3.582101,35.777622
1403715401762142976.000000,0.000000,0.000000,12.490799,7.820097,0.213429,0.061151,13.480342,0.095305,36.622368
1403715401812143104.000000,0.000000,0.000000,10.703055,5.218431,0.186538,0.052761,13.868223,0.120840,29.936322
1403715401862142976.000000,0.000000,0.000000,11.204873,5.682704,0.222368,0.056666,16.205768,0.070644,33.931784
1403715401912143104.000000,0.000000,0.000000,11.316953,5.626947,0.177464,0.048821,14.752925,3.592544,31.287185
1403715401962142976.000000,0.000000,0.000000,12.490006,7.892817,0.263643,0.054424,13.260651,0.118282,38.792795
1403715402012143104.000000,0.000000,0.000000,12.280058,5.071431,0.207472,0.055735,14.609697,0.116890,34.712159
1403715402062142976.000000,0.000000,0.000000,10.520012,4.716640,0.183578,0.052727,16.217593,0.098917,31.039492
1403715402112143104.000000,0.000000,0.000000,10.801534,4.672182,0.185582,0.039870,13.322193,3.485988,29.612812
1403715402162142976.000000,0.000000,0.000000,11.734262,5.591624,0.186933,0.062653,13.651272,0.127242,32.080375
1403715402212143104.000000,0.000000,0.000000,11.968626,4.925607,0.186611,0.111349,14.479589,0.105561,30.174170
1403715402262142976.000000,0.000000,0.000000,11.318458,5.032451,0.172698,0.049711,17.677306,0.093971,30.681775
1403715402312143104.000000,0.000000,0.000000,10.236287,4.499006,0.183162,0.058870,12.970432,3.246361,31.197346
1403715402362142976.000000,0.000000,0.000000,11.646327,5.726535,0.177719,0.051475,14.830338,0.082895,31.793786
1403715402412143104.000000,0.000000,0.000000,10.646575,5.622841,0.179085,0.050197,15.779656,0.099075,30.476741
1403715402462142976.000000,0.000000,0.000000,12.372158,4.614012,0.164457,0.048542,15.554704,0.095808,32.420033
1403715402512143104.000000,0.000000,0.000000,10.840662,4.816739,0.198762,0.043981,12.434546,2.915849,28.730403
1403715402562142976.000000,0.000000,0.000000,10.996765,7.257778,0.200511,0.044716,12.623485,0.070141,33.702663
1403715402612143104.000000,0.000000,0.000000,10.695029,5.080981,0.170925,0.046061,15.841514,0.095241,32.511889
1403715402662142976.000000,0.000000,0.000000,12.295913,6.784995,0.125804,0.041527,15.032642,0.105295,33.284911
1403715402712143104.000000,0.000000,0.000000,10.761437,4.802293,0.176537,0.053307,11.749265,0.051606,29.005465
1403715402762142976.000000,0.000000,0.000000,11.366384,7.630537,0.179403,0.034145,11.056870,2.602164,33.186335
1403715402812143104.000000,0.000000,0.000000,11.346602,6.243486,0.232839,0.042437,12.597722,0.087962,37.005537
1403715402862142976.000000,0.000000,0.000000,10.868688,5.552128,0.187803,0.048811,13.267925,0.094741,33.557122
1403715402912143104.000000,0.000000,0.000000,10.676789,7.395212,0.112100,0.034579,15.124918,0.102065,31.792056
1403715402962142976.000000,0.000000,0.000000,10.749116,5.166350,0.104703,0.033533,10.768320,2.735838,30.276502
1403715403012143104.000000,0.000000,0.000000,10.517717,5.377724,0.248445,0.028574,12.961887,0.063196,30.274496
1403715403062142976.000000,0.000000,0.000000,10.037147,5.503801,0.198460,0.037944,13.219856,0.084013,33.423576
1403715403112143104.000000,0.000000,0.000000,11.190283,8.311437,0.097997,0.036843,11.444607,0.082296,35.372228
1403715403162142976.000000,0.000000,0.000000,10.840621,6.900226,0.150159,0.042052,11.402720,0.044679,36.311908
1403715403212143104.000000,0.000000,0.000000,10.670003,6.863610,0.198547,0.038164,12.221340,0.040650,33.615714
1403715403262142976.000000,0.000000,0.000000,11.193131,4.761250,0.161931,0.037270,12.941101,0.065683,31.839973
1403715403312143104.000000,0.000000,0.000000,10.709269,5.394166,0.097325,0.067831,13.884079,3.489983,31.020967
1403715403362142976.000000,0.000000,0.000000,10.179159,4.425142,0.180333,0.080592,13.685064,0.061748,29.998804
1403715403412143104.000000,0.000000,0.000000,11.590554,7.317205,0.191997,0.051810,12.996129,0.087005,35.880106
1403715403462142976.000000,0.000000,0.000000,12.504441,6.575666,0.175508,0.043252,14.729968,0.110067,36.554298
1403715403512143104.000000,0.000000,0.000000,10.543596,6.339202,0.202514,0.042273,12.911810,0.066298,34.372429
1403715403562142976.000000,0.000000,0.000000,11.141462,4.726440,0.191225,0.047072,14.558396,0.056228,31.031457
1403715403612143104.000000,0.000000,0.000000,12.311766,4.961898,0.165666,0.040165,12.064910,3.471641,33.851285
1403715403662142976.000000,0.000000,0.000000,11.521578,4.912417,0.174320,0.042163,15.678689,0.089046,32.767191
1403715403712143104.000000,0.000000,0.000000,10.609124,4.773243,0.104882,0.049901,14.829659,0.066708,31.036193
1403715403762142976.000000,0.000000,0.000000,10.624255,6.107297,0.112705,0.042310,13.127108,0.071590,33.729585
1403715403812143104.000000,0.000000,0.000000,11.238303,7.186260,0.130357,0.029306,12.118967,3.541766,34.675267
1403715403862142976.000000,0.000000,0.000000,12.239628,8.219261,0.423677,0.042138,14.071727,0.071429,40.378517
1403715403912143104.000000,0.000000,0.000000,9.924751,8.254598,0.195494,0.044716,14.333223,0.098392,33.109181
1403715403962142976.000000,0.000000,0.000000,11.048331,6.855894,0.196717,0.041443,14.083136,0.084541,33.986313
1403715404012143104.000000,0.000000,0.000000,11.712776,4.632851,0.176636,0.030498,12.999774,2.239260,31.489259
1403715404062142976.000000,0.000000,0.000000,12.318716,6.586988,0.270472,0.037458,11.953350,0.052045,38.750856
1403715404112143104.000000,0.000000,0.000000,11.028309,5.992638,0.219929,0.045368,14.048730,0.097993,33.749250
1403715404162142976.000000,0.000000,0.000000,11.047565,6.721836,0.213435,0.042097,12.323196,0.066686,36.156775
1403715404212143104.000000,0.000000,0.000000,11.353100,6.508835,0.229227,0.031716,11.490757,0.057793,36.107332
1403715404262142976.000000,0.000000,0.000000,10.732656,5.450147,0.227182,0.048495,12.922006,2.530480,34.238887
1403715404312143104.000000,0.000000,0.000000,11.865530,6.343200,0.248488,0.045937,12.507990,0.080467,35.365314
1403715404362142976.000000,0.000000,0.000000,13.287749,5.615293,0.224960,0.049639,13.529903,0.080588,37.653047
1403715404412143104.000000,0.000000,0.000000,10.729186,5.416986,0.277551,0.055642,14.380773,0.073518,35.131723
1403715404462142976.000000,0.000000,0.000000,11.919688,8.644061,0.217804,0.043679,12.912225,0.065819,39.288137
1403715404512143104.000000,0.000000,0.000000,13.170542,6.040077,0.124430,0.056070,14.138370,0.065981,36.700982
1403715404562142976.000000,0.000000,0.000000,11.574450,6.179056,0.268259,0.054692,14.288672,0.049970,36.727860
1403715404612143104.000000,0.000000,0.000000,10.932893,7.326733,0.216021,0.058794,13.219770,0.060021,34.320244
1403715404662142976.000000,0.000000,0.000000,10.528367,6.310427,0.217381,0.046749,14.879716,0.067534,35.961480
1403715404712143104.000000,0.000000,0.000000,10.284216,7.921747,0.202858,0.058251,14.715242,0.056068,37.608161
1403715404762142976.000000,0.000000,0.000000,10.516137,5.900317,0.234651,0.047991,13.020874,2.346909,34.774718
1403715404812143104.000000,0.000000,0.000000,11.505927,5.483544,0.254260,0.042059,15.281365,0.098052,32.262413
1403715404862142976.000000,0.000000,0.000000,11.219610,5.043978,0.335625,0.059607,16.373954,0.104332,30.331660
1403715404912143104.000000,0.000000,0.000000,11.339730,6.499805,0.232815,0.079591,15.291327,0.128725,40.109688
1403715404962142976.000000,0.000000,0.000000,11.414989,5.864252,0.252360,0.035184,12.514689,0.095860,35.327091
1403715405012143104.000000,0.000000,0.000000,10.755152,5.629397,0.225553,0.057150,15.415396,0.062348,33.974136
1403715405062142976.000000,0.000000,0.000000,10.552062,7.944642,0.218729,0.070481,14.914727,0.066194,35.586707
1403715405112143104.000000,0.000000,0.000000,11.432749,6.566343,0.197070,0.062580,15.531972,0.086915,35.658373
1403715405162142976.000000,0.000000,0.000000,10.243863,4.895354,0.193683,0.071773,15.211969,0.063909,33.759382
1403715405212143104.000000,0.000000,0.000000,10.540012,5.573746,0.236433,0.068633,14.275000,0.061190,33.716531
1403715405262142976.000000,0.000000,0.000000,11.511388,5.582185,0.197636,0.060741,14.138153,4.276090,35.142548
1403715405312143104.000000,0.000000,0.000000,10.218154,5.227811,0.210729,0.056805,17.008956,0.106012,33.943601
1403715405362142976.000000,0.000000,0.000000,10.092268,5.804057,0.152686,0.048686,17.450271,0.122674,34.174772
1403715405412143104.000000,0.000000,0.000000,10.156258,5.469143,0.211832,0.098859,15.409740,0.163012,33.083434
1403715405462142976.000000,0.000000,0.000000,10.978394,6.781033,0.223214,0.074559,16.955113,0.158989,36.320976
1403715405512143104.000000,0.000000,0.000000,10.838242,6.759184,0.260181,0.044255,14.873904,0.096154,38.250731
1403715405562142976.000000,0.000000,0.000000,10.812944,6.533474,0.230882,0.089986,15.988443,0.085195,36.087769
1403715405612143104.000000,0.000000,0.000000,11.507225,6.324537,0.234813,0.078019,14.686523,0.129089,35.900466
1403715405662142976.000000,0.000000,0.000000,10.773509,5.279538,0.204377,0.071705,15.682034,0.092422,32.222898
1403715405712143104.000000,0.000000,0.000000,10.355694,4.560924,0.224099,0.069352,16.317737,0.084073,34.354965
1403715405762142976.000000,0.000000,0.000000,10.084851,5.806845,0.121289,0.084302,15.016649,3.235008,33.420126
1403715405812143104.000000,0.000000,0.000000,10.878706,6.451378,0.256948,0.054638,17.093409,0.098906,35.829760
1403715405862142976.000000,0.000000,0.000000,12.445729,4.473953,0.216253,0.078973,17.460575,0.153528,33.695992
1403715405912143104.000000,0.000000,0.000000,10.929634,4.590139,0.236668,0.076152,16.646827,0.174493,35.768036
1403715405962142976.000000,0.000000,0.000000,10.985865,4.467376,0.131083,0.083483,15.457123,0.084718,32.794656
1403715406012143104.000000,0.000000,0.000000,10.703807,4.597348,0.229871,0.077801,16.793799,3.104228,32.357493
1403715406062142976.000000,0.000000,0.000000,10.965773,4.407811,0.216319,0.059396,16.124548,0.103959,32.412707
1403715406112143104.000000,0.000000,0.000000,11.903079,6.003012,0.281496,0.090061,15.704011,0.179229,37.966998
1403715406162142976.000000,0.000000,0.000000,10.756037,4.616787,0.118822,0.080760,17.903170,0.152102,34.140771
1403715406212143104.000000,0.000000,0.000000,10.584230,5.323414,0.129433,0.069545,16.542639,0.079096,34.271089
1403715406262142976.000000,0.000000,0.000000,10.868836,4.578479,0.124274,0.107263,16.446746,3.635168,32.791811
1403715406312143104.000000,0.000000,0.000000,10.851332,5.003609,0.229971,0.064256,16.704822,0.115464,36.036506
1403715406362142976.000000,0.000000,0.000000,10.524749,4.957736,0.255277,0.079510,20.717023,0.169928,33.692504
1403715406412143104.000000,0.000000,0.000000,11.620858,5.674061,0.243704,0.100255,18.325469,0.182453,38.707944
1403715406462142976.000000,0.000000,0.000000,11.429964,8.518532,0.276484,0.056020,15.062191,0.117070,40.035329
1403715406512143104.000000,0.000000,0.000000,10.607726,5.617242,0.268153,0.080482,17.511210,0.093707,37.788394
1403715406562142976.000000,0.000000,0.000000,11.063011,5.297626,0.120426,0.105980,16.352860,0.086700,34.720079
1403715406612143104.000000,0.000000,0.000000,11.097886,5.311250,0.127041,0.092283,17.195384,0.116326,34.751445
1403715406662142976.000000,0.000000,0.000000,11.431628,5.280384,0.124453,0.082719,17.758702,0.206509,35.618256
1403715406712143104.000000,0.000000,0.000000,11.532566,4.770442,0.268885,0.096698,16.604408,0.074262,36.521578
1403715406762142976.000000,0.000000,0.000000,11.447626,4.839006,0.131201,0.081461,15.537172,2.862525,34.313693
1403715406812143104.000000,0.000000,0.000000,10.680414,6.213146,0.262896,0.053662,15.315416,0.103079,36.031411
1403715406862142976.000000,0.000000,0.000000,10.905355,5.111114,0.253013,0.091170,15.840501,0.111720,37.514842
1403715406912143104.000000,0.000000,0.000000,10.689499,5.814069,0.328189,0.109177,16.271025,0.151701,38.566371
1403715406962142976.000000,0.000000,0.000000,10.687386,6.967711,0.266060,0.084690,17.331181,0.096798,36.315855
1403715407012143104.000000,0.000000,0.000000,11.547532,5.766641,0.263980,0.053061,16.266674,4.321752,35.636401
1403715407062142976.000000,0.000000,0.000000,10.841171,5.892776,0.273084,0.049828,15.220197,0.094427,37.205065
1403715407112143104.000000,0.000000,0.000000,10.625102,5.979087,0.295903,0.091758,16.808964,0.158389,39.121444
1403715407162142976.000000,0.000000,0.000000,11.280886,6.542921,0.132042,0.088022,16.198520,0.147386,36.464200
1403715407212143104.000000,0.000000,0.000000,9.681127,5.322778,0.270122,0.043481,14.659619,0.090355,34.572327
1403715407262142976.000000,0.000000,0.000000,10.728837,4.792375,0.270896,0.079634,16.144295,0.095224,36.078933
1403715407312143104.000000,0.000000,0.000000,11.818083,4.823842,0.294549,0.081680,15.291343,0.125526,37.687890
1403715407362142976.000000,0.000000,0.000000,11.325242,6.240396,0.268267,0.076896,14.669576,0.084614,35.913307
1403715407412143104.000000,0.000000,0.000000,10.700342,5.239220,0.256990,0.152547,20.676791,0.122165,34.868328
1403715407462142976.000000,0.000000,0.000000,11.128475,5.381085,0.259211,0.079117,15.915380,0.095853,38.514720
1403715407512143104.000000,0.000000,0.000000,12.274215,5.739912,0.288888,0.077753,15.796619,2.449134,39.258286
1403715407562142976.000000,0.000000,0.000000,10.801865,4.757497,0.265437,0.061645,15.257610,0.098902,34.835247
1403715407612143104.000000,0.000000,0.000000,11.945113,5.574997,0.266352,0.081829,16.076247,0.142202,37.615489
1403715407662142976.000000,0.000000,0.000000,11.949809,4.494984,0.260691,0.081443,18.190126,0.114240,36.234715
1403715407712143104.000000,0.000000,0.000000,11.422109,7.011322,0.284845,0.069032,15.883135,0.075127,38.648397
1403715407762142976.000000,0.000000,0.000000,11.365116,4.161890,0.271629,0.090270,15.640521,0.098815,32.479189
1403715407812143104.000000,0.000000,0.000000,11.432675,4.724120,0.292119,0.079664,15.680448,0.237764,36.466311
1403715407862142976.000000,0.000000,0.000000,11.238446,3.773940,0.257664,0.091164,16.055290,0.073699,34.593709
1403715407912143104.000000,0.000000,0.000000,11.602946,4.238619,0.402873,0.075993,15.429295,0.123048,32.421959
1403715407962142976.000000,0.000000,0.000000,10.871957,3.040856,0.248403,0.086330,16.285834,0.087706,31.646339
1403715408012143104.000000,0.000000,0.000000,12.492788,3.354373,0.295801,0.083227,17.345026,2.454625,32.583727
1403715408062142976.000000,0.000000,0.000000,12.115461,4.119574,0.364847,0.061226,14.728186,0.081202,34.111162
1403715408112143104.000000,0.000000,0.000000,11.824701,4.832004,0.269389,0.071760,15.725561,0.146214,36.209026
1403715408162142976.000000,0.000000,0.000000,12.202499,4.209962,0.150787,0.071011,18.379969,0.136185,33.940819
1403715408212143104.000000,0.000000,0.000000,11.012669,3.451852,0.124197,0.082952,18.097824,0.109712,31.865695
1403715408262142976.000000,0.000000,0.000000,12.968029,5.240824,0.264008,0.050088,13.839088,2.942509,36.462070
1403715408312143104.000000,0.000000,0.000000,12.952077,4.516665,0.231386,0.039280,16.266422,0.069358,33.161674
1403715408362142976.000000,0.000000,0.000000,11.739330,5.088883,0.259456,0.103583,16.400366,0.105716,32.922327
1403715408412143104.000000,0.000000,0.000000,10.314149,5.365571,0.298451,0.077061,14.691559,0.144060,32.097496
1403715408462142976.000000,0.000000,0.000000,11.540904,6.617503,0.154300,0.061504,14.920991,0.067871,35.351434
1403715408512143104.000000,0.000000,0.000000,12.898477,4.502315,0.439244,0.091642,15.228547,2.157029,39.297515
1403715408562142976.000000,0.000000,0.000000,11.457916,7.672836,0.243511,0.040217,13.264868,0.061117,38.387193
1403715408612143104.000000,0.000000,0.000000,11.915623,5.211914,0.139428,0.066205,14.098976,0.129950,34.837942
1403715408662142976.000000,0.000000,0.000000,10.536957,5.520242,0.253293,0.051141,15.133150,0.118820,35.196006
1403715408712143104.000000,0.000000,0.000000,10.525049,3.911217,0.254233,0.047643,15.356247,0.090407,31.465791
1403715408762142976.000000,0.000000,0.000000,12.188369,4.073102,0.321843,0.041844,11.222347,1.965790,34.840045
1403715408812143104.000000,0.000000,0.000000,12.006184,4.588571,0.127804,0.026723,12.273774,0.088713,36.118687
1403715408862142976.000000,0.000000,0.000000,11.566694,5.452905,0.144765,0.039154,12.393500,0.068096,37.649781
1403715408912143104.000000,0.000000,0.000000,11.010512,5.299854,0.321442,0.045403,12.821463,0.080377,35.604057
1403715408962142976.000000,0.000000,0.000000,10.262534,4.404534,0.262492,0.023798,8.930021,0.037479,32.629869
1403715409012143104.000000,0.000000,0.000000,11.216656,4.688442,0.249235,0.038105,14.498259,1.777849,35.648794
1403715409062142976.000000,0.000000,0.000000,11.114360,4.498801,0.140957,0.032157,14.511810,0.056782,34.097126
1403715409112143104.000000,0.000000,0.000000,10.594298,4.817635,0.284517,0.037185,13.724908,0.090369,34.688606
1403715409162142976.000000,0.000000,0.000000,12.090405,4.236023,0.253395,0.035025,11.718194,0.079600,34.906495
1403715409212143104.000000,0.000000,0.000000,12.109604,4.404882,0.250783,0.042989,12.945526,1.854346,35.671004
1403715409262142976.000000,0.000000,0.000000,10.433903,3.506190,0.127682,0.043971,15.877222,0.071879,29.934728
1403715409312143104.000000,0.000000,0.000000,11.456274,4.937514,0.244245,0.038548,13.880625,0.056633,35.391780
1403715409362142976.000000,0.000000,0.000000,12.522888,3.416417,0.119658,0.045253,11.613424,0.048211,32.555556
1403715409412143104.000000,0.000000,0.000000,10.963466,3.316077,0.259316,0.038377,11.408004,1.985678,29.818673
1403715409462142976.000000,0.000000,0.000000,11.537950,4.154870,0.256818,0.031268,12.703473,0.060049,35.091091
1403715409512143104.000000,0.000000,0.000000,11.286364,4.078549,0.228095,0.053331,17.077770,0.131260,32.440442
1403715409562142976.000000,0.000000,0.000000,11.598367,3.853471,0.272339,0.042895,12.679720,0.065291,33.200095
1403715409612143104.000000,0.000000,0.000000,12.492151,4.584634,0.359903,0.033345,10.906571,1.252645,36.141751
1403715409662142976.000000,0.000000,0.000000,11.151453,4.522045,0.242777,0.044511,11.513425,0.052571,32.765821
1403715409712143104.000000,0.000000,0.000000,12.062949,4.560362,0.265637,0.043073,11.356419,0.089993,34.771899
1403715409762142976.000000,0.000000,0.000000,14.211513,3.755274,0.263146,0.038075,9.958326,0.037376,36.276691
1403715409812143104.000000,0.000000,0.000000,12.314866,4.070789,0.125404,0.031953,10.273690,1.195413,34.248236
1403715409862142976.000000,0.000000,0.000000,13.112543,3.744887,0.251569,0.039864,11.827895,0.069336,35.983906
1403715409912143104.000000,0.000000,0.000000,14.855605,4.756774,0.277198,0.046561,13.590480,0.053895,38.522746
1403715409962142976.000000,0.000000,0.000000,12.173657,4.714205,0.120853,0.041889,14.358913,0.051242,36.684861
1403715410012143104.000000,0.000000,0.000000,12.117470,4.791117,0.122328,0.024396,10.129757,1.069382,36.773633
1403715410062142976.000000,0.000000,0.000000,10.736342,5.723369,0.249934,0.026170,9.964384,0.040715,37.051229
1403715410112143104.000000,0.000000,0.000000,10.943608,5.533112,0.277805,0.027646,9.897103,0.028237,36.457434
1403715410162142976.000000,0.000000,0.000000,11.745644,5.003050,0.218684,0.021717,13.135384,0.044482,33.487790
1403715410212143104.000000,0.000000,0.000000,12.313636,5.141451,0.217398,0.022197,11.969807,0.774649,36.600697
1403715410262142976.000000,0.000000,0.000000,12.376058,5.563502,0.246904,0.027406,9.041851,0.027000,37.117460
1403715410312143104.000000,0.000000,0.000000,11.428831,5.918185,0.119780,0.018610,9.794650,0.019520,37.227373
1403715410362142976.000000,0.000000,0.000000,11.910808,5.158045,0.230022,0.017853,9.345617,0.469065,36.231790
1403715410412143104.000000,0.000000,0.000000,11.472775,6.765012,0.260147,0.025603,9.080489,0.021437,36.606688
1403715410462142976.000000,0.000000,0.000000,12.451035,5.138683,0.223956,0.013278,7.522858,0.013994,40.297097
1403715410512143104.000000,0.000000,0.000000,11.283273,5.552544,0.215025,0.017475,8.795226,0.547717,37.922411
1403715410562142976.000000,0.000000,0.000000,11.393821,5.584925,0.258506,0.026275,12.509353,0.036164,38.702185
1403715410612143104.000000,0.000000,0.000000,11.294443,5.599274,0.317747,0.013729,10.127732,0.016870,37.499548
1403715410662142976.000000,0.000000,0.000000,11.703897,5.978911,0.232917,0.027849,13.612256,0.030363,39.281271
1403715410712143104.000000,0.000000,0.000000,11.545388,6.051979,0.248425,0.016669,8.842571,0.011482,36.365990
1403715410762142976.000000,0.000000,0.000000,11.330041,6.104873,0.299948,0.016722,9.302694,0.023680,37.419816
1403715410812143104.000000,0.000000,0.000000,11.483330,5.593359,0.220385,0.018584,9.154496,0.561002,36.115185
1403715410862142976.000000,0.000000,0.000000,11.171158,5.721556,0.234564,0.013489,8.523017,0.039282,37.165504
1403715410912143104.000000,0.000000,0.000000,10.481054,5.523878,0.226960,0.016376,10.147299,0.013666,36.137507
1403715410962142976.000000,0.000000,0.000000,10.796220,5.452620,0.229194,0.024601,12.382446,0.554274,38.495913
1403715411012143104.000000,0.000000,0.000000,11.333821,5.276073,0.219056,0.019411,12.941697,0.033115,37.591428
1403715411062142976.000000,0.000000,0.000000,12.250651,5.939024,0.216580,0.014801,8.127144,0.012743,40.059045
1403715411112143104.000000,0.000000,0.000000,11.096509,5.975009,0.234491,0.019432,11.590784,0.583938,38.195606
1403715411162142976.000000,0.000000,0.000000,12.956732,5.641256,0.234977,0.029039,15.959423,0.052891,37.954746
1403715411212143104.000000,0.000000,0.000000,11.770671,5.820586,0.211328,0.019507,10.396890,0.611343,41.283769
1403715411262142976.000000,0.000000,0.000000,10.489397,5.853846,0.261389,0.018617,13.138783,0.033985,36.871198
1403715411312143104.000000,0.000000,0.000000,10.710515,5.760790,0.248137,0.016903,9.160207,0.011799,36.997277
1403715411362142976.000000,0.000000,0.000000,12.454762,5.908765,0.243835,0.024748,14.959269,0.017136,41.010707
1403715411412143104.000000,0.000000,0.000000,11.411966,5.791552,0.256194,0.017916,8.375666,0.010822,38.083300
1403715411462142976.000000,0.000000,0.000000,9.469478,5.862654,0.278140,0.019687,10.021735,0.013129,39.515155
1403715411512143104.000000,0.000000,0.000000,12.524431,5.261530,0.225013,0.022209,11.777700,0.015458,38.888586
1403715411562142976.000000,0.000000,0.000000,11.346991,5.451217,0.220136,0.023101,13.290267,0.013482,42.075730
1403715411612143104.000000,0.000000,0.000000,11.251199,5.149843,0.275833,0.021724,11.176502,0.014307,39.254893
1403715411662142976.000000,0.000000,0.000000,10.509011,5.450644,0.233918,0.020198,12.190244,0.369070,38.933193
1403715411712143104.000000,0.000000,0.000000,11.347274,6.012140,0.225580,0.014913,11.711854,0.025109,39.729799
1403715411762142976.000000,0.000000,0.000000,11.028265,5.655641,0.267895,0.013866,7.301363,0.010420,37.147868
1403715411812143104.000000,0.000000,0.000000,10.501012,5.556116,0.230171,0.037221,15.044437,0.015338,37.865005
1403715411862142976.000000,0.000000,0.000000,11.429601,6.044281,0.135537,0.018914,12.452101,0.017507,40.239281
1403715411912143104.000000,0.000000,0.000000,11.724667,7.009917,0.247851,0.025860,13.658437,0.013894,39.649169
1403715411962142976.000000,0.000000,0.000000,10.886573,5.611346,0.229413,0.019496,8.268759,0.011158,39.536061
1403715412012143104.000000,0.000000,0.000000,11.029074,5.635745,0.121730,0.017218,8.605656,0.014839,36.296971
1403715412062142976.000000,0.000000,0.000000,11.839407,5.308282,0.122321,0.019178,10.040509,0.012752,37.488580
1403715412112143104.000000,0.000000,0.000000,12.115476,5.458496,0.268799,0.020214,10.071873,0.010996,39.182015
1403715412162142976.000000,0.000000,0.000000,12.264978,6.053559,0.241520,0.022497,14.667650,0.602738,39.859380
1403715412212143104.000000,0.000000,0.000000,11.455431,5.662323,0.205033,0.024636,12.631428,0.040984,41.484559
1403715412262142976.000000,0.000000,0.000000,11.196226,5.025659,0.126991,0.015713,8.674007,0.012243,35.511681
1403715412312143104.000000,0.000000,0.000000,11.084297,6.194390,0.135662,0.022981,9.830423,0.012555,39.651676
1403715412362142976.000000,0.000000,0.000000,10.971911,5.593615,0.231400,0.024510,13.340922,0.018652,37.338754
1403715412412143104.000000,0.000000,0.000000,12.463863,5.810849,0.213632,0.023418,14.953020,0.015928,37.120262
1403715412462142976.000000,0.000000,0.000000,12.339174,5.722413,0.233003,0.027710,11.665865,0.018433,38.486163
1403715412512143104.000000,0.000000,0.000000,10.872344,5.578094,0.220001,0.023658,13.846658,0.016102,36.224646
1403715412562142976.000000,0.000000,0.000000,12.414469,4.994536,0.244306,0.017438,8.783745,0.012610,36.741438
1403715412612143104.000000,0.000000,0.000000,12.647514,5.029977,0.569468,0.023240,13.910339,0.017552,43.243254
1403715412662142976.000000,0.000000,0.000000,12.303465,5.943602,0.214652,0.021924,13.110252,0.585439,38.516699
1403715412712143104.000000,0.000000,0.000000,13.205414,4.744227,0.224841,0.019047,13.662610,0.030514,39.950248
1403715412762142976.000000,0.000000,0.000000,10.999247,4.831209,0.114328,0.016477,13.411470,0.022549,34.915278
1403715412812143104.000000,0.000000,0.000000,11.729245,5.204033,0.212274,0.024090,12.211089,0.014140,37.282479
1403715412862142976.000000,0.000000,0.000000,13.011501,4.515560,0.213617,0.025087,12.252607,0.026719,39.814258
1403715412912143104.000000,0.000000,0.000000,12.142626,4.685195,0.246229,0.019596,10.952390,0.033045,36.752004
1403715412962142976.000000,0.000000,0.000000,13.303007,4.736330,0.244654,0.018297,9.229852,0.015338,37.858129
1403715413012143104.000000,0.000000,0.000000,12.281683,4.948246,0.230912,0.023888,12.605364,0.017780,37.529505
1403715413062142976.000000,0.000000,0.000000,12.258334,5.182213,0.256795,0.023621,16.368962,0.016176,37.935531
1403715413112143104.000000,0.000000,0.000000,13.596320,4.770198,0.211693,0.032509,11.432124,0.015681,38.089256
1403715413162142976.000000,0.000000,0.000000,12.681880,4.767606,0.253837,0.023984,11.679623,0.397626,37.852480
1403715413212143104.000000,0.000000,0.000000,11.855007,4.825639,0.225969,0.023465,12.771667,0.030813,40.384092
1403715413262142976.000000,0.000000,0.000000,12.818653,4.720689,0.228388,0.014092,7.311329,0.012757,36.739392
1403715413312143104.000000,0.000000,0.000000,10.790457,7.267104,0.233328,0.021203,11.680764,0.018066,38.081861
1403715413362142976.000000,0.000000,0.000000,11.894766,4.368228,0.222879,0.021497,8.066582,0.011997,38.769858
1403715413412143104.000000,0.000000,0.000000,10.852194,4.041264,0.276630,0.029130,13.569419,0.019728,37.766935
1403715413462142976.000000,0.000000,0.000000,12.556579,3.808154,0.218159,0.025157,8.555990,0.011898,37.045578
1403715413512143104.000000,0.000000,0.000000,14.841831,3.866215,0.262875,0.019779,8.788573,0.014300,39.028652
1403715413562142976.000000,0.000000,0.000000,12.497181,3.313981,0.296115,0.019202,9.537349,0.012352,36.514780
1403715413612143104.000000,0.000000,0.000000,11.465028,5.083790,0.263655,0.017918,10.450011,0.019188,35.962905
1403715413662142976.000000,0.000000,0.000000,11.349034,3.622734,0.221331,3102099394560.000000,0.000000,7.538390,34.126469
1403715413712143104.000000,0.000000,0.000000,11.946788,4.151883,0.286047,0.000000,0.000000,7.554994,37.151808
1403715413762142976.000000,0.000000,0.000000,10.716637,2.746874,0.278469,49921607472250872.000000,0.000000,5.855190,31.299227
1403715413812143104.000000,0.000000,0.000000,12.020076,2.964044,0.237467,2199023809226.752441,0.000000,6.928150,33.370650
1403715413862142976.000000,0.000000,0.000000,11.583391,3.564396,0.235543,103079232064.447433,0.000000,7.977456,34.405454
1403715413912143104.000000,0.000000,0.000000,12.962752,2.678781,0.336420,-nan,0.000000,7.588808,35.845515
1403715413962142976.000000,0.000000,0.000000,11.987662,2.553133,0.237667,6326664054593029.000000,0.000000,6.598817,31.744750
1403715414012143104.000000,0.000000,0.000000,11.765956,2.334637,0.234837,1138016667788378112.000000,0.000000,8.103720,30.287844
1403715414062142976.000000,0.000000,0.000000,11.466173,2.441516,0.252252,0.000000,0.000000,7.408065,30.950449
1403715414112143104.000000,0.000000,0.000000,11.578875,3.349076,0.244756,383692999332200384.000000,0.000000,10.347643,32.592470
1403715414162142976.000000,0.000000,0.000000,11.499447,2.160711,0.221841,2199023805495.706543,267.840027,12.075900,26.362354
1403715414212143104.000000,0.000000,0.000000,11.038642,4.480569,0.236058,131072.033033,312.768036,9.298693,35.670857
1403715414262142976.000000,0.000000,0.000000,10.864929,2.522684,0.119062,-nan,0.000000,6.960097,32.605569
1403715414312143104.000000,0.000000,0.000000,11.302858,2.738470,0.247856,64816259528.057610,0.000000,7.634043,32.032067
1403715414362142976.000000,0.000000,0.000000,11.034553,2.367110,0.256403,196707476274413568.000000,0.334898,8.211161,29.449343
1403715414412143104.000000,0.000000,0.000000,10.902141,3.131392,0.262088,0.000000,0.000000,8.906717,33.137779
1403715414462142976.000000,0.000000,0.000000,12.386308,3.469280,0.284442,1206967414554623.750000,0.000000,8.502805,36.568820
1403715414512143104.000000,0.000000,0.000000,11.598119,2.561945,0.132583,2199023810387.968750,0.334898,10.758739,32.095007
1403715414562142976.000000,0.000000,0.000000,10.847523,2.334541,0.217006,0.000000,2.549743,10.920383,28.965815
1403715414612143104.000000,0.000000,0.000000,11.003837,2.536783,0.205519,0.000000,0.456784,10.694949,30.602583
1403715414662142976.000000,0.000000,0.000000,12.046449,2.198513,0.110811,0.000000,0.000000,7.971807,31.252330
1403715414712143104.000000,0.000000,0.000000,11.521849,4.192021,0.234389,0.000000,715.386857,11.035529,37.419478
1403715414762142976.000000,0.000000,0.000000,12.646711,2.568077,0.207189,0.000000,1.397342,8.550430,32.572037
1403715414812143104.000000,0.000000,0.000000,10.906366,1.969091,0.235178,0.000000,1.819388,6.816181,28.991162
1403715414862142976.000000,0.000000,0.000000,12.382734,2.164781,0.208282,0.000000,-0.477690,9.547436,30.034594
1403715414912143104.000000,0.000000,0.000000,13.184661,1.951415,0.217426,0.000000,-1262.901367,9.107186,30.604383
1403715414962142976.000000,0.000000,0.000000,12.116396,1.698791,0.285564,0.000000,0.000000,9.233125,31.456153
1403715415012143104.000000,0.000000,0.000000,10.919934,2.106227,0.161145,0.000000,0.000000,9.547433,28.223730
1403715415062142976.000000,0.000000,0.000000,11.010333,1.819295,0.108423,0.000000,0.000000,7.572398,28.794618
1403715415112143104.000000,0.000000,0.000000,11.462389,2.735683,0.269465,0.000000,0.000000,8.217649,32.087228
1403715415162142976.000000,0.000000,0.000000,11.184171,2.658172,0.285814,0.000000,0.000000,13.123277,32.733117
1403715415212143104.000000,0.000000,0.000000,11.038283,2.278078,0.228665,0.000000,0.000000,10.691647,29.273148
1403715415262142976.000000,0.000000,0.000000,10.413111,1.243663,0.116783,0.000000,0.000000,12.245958,25.817514
1403715415312143104.000000,0.000000,0.000000,11.211798,1.650317,0.270742,0.000000,83217.187500,10.564123,26.754985
1403715415362142976.000000,0.000000,0.000000,12.730357,1.985728,0.254197,0.000000,0.000000,9.894005,35.172671
1403715415412143104.000000,0.000000,0.000000,11.082027,1.523924,0.223657,0.000000,0.000000,13.395963,29.083373
1403715415462142976.000000,0.000000,0.000000,9.903801,1.574385,0.118568,0.000000,0.000000,10.708172,24.355000
1403715415512143104.000000,0.000000,0.000000,11.012527,1.097617,0.193144,0.000000,0.000000,9.852946,26.297753
1403715415562142976.000000,0.000000,0.000000,11.302002,1.151800,0.190079,2199023808795.443848,0.000000,9.663208,26.135258
1403715415612143104.000000,0.000000,0.000000,11.561624,2.045411,0.283192,8589936731.437880,0.000000,14.927491,26.654116
1403715415662142976.000000,0.000000,0.000000,10.136465,1.486819,0.112640,-nan,0.000000,15.506465,23.613424
1403715415712143104.000000,0.000000,0.000000,11.703476,1.021051,0.198455,111833544818469504.000000,0.000000,10.911434,25.814757
1403715415762142976.000000,0.000000,0.000000,10.063817,1.858028,0.143933,709579202625536.000000,0.000000,12.641489,29.294342
1403715415812143104.000000,0.000000,0.000000,11.401599,1.519813,0.114552,0.000000,0.000000,11.577822,26.918136
1403715415862142976.000000,0.000000,0.000000,10.790516,1.579385,0.150047,11584586451643267072.000000,0.000000,12.215255,30.629933
1403715415912143104.000000,0.000000,0.000000,12.584997,1.131063,0.110441,2199023800470.733398,0.000000,12.506198,26.617761
1403715415962142976.000000,0.000000,0.000000,9.945646,1.087115,0.108131,4294968377.101450,0.000000,11.533706,24.161998
1403715416012143104.000000,0.000000,0.000000,11.073368,1.390790,0.118492,-nan,0.000000,11.818240,26.873932
1403715416062142976.000000,0.000000,0.000000,10.649729,1.351119,0.101016,198132271048.192078,293.760040,11.672889,24.438686
1403715416112143104.000000,0.000000,0.000000,10.339652,1.058292,0.264206,278345527442014208.000000,314.496033,12.638570,25.559277
1403715416162142976.000000,0.000000,0.000000,11.281537,1.436205,0.257980,0.000000,276.239899,13.898519,29.566968
1403715416212143104.000000,0.000000,0.000000,11.631810,1.573531,0.124130,71661980958161100800.000000,0.334898,10.339651,30.073466
1403715416262142976.000000,0.000000,0.000000,10.200466,1.032100,0.210979,2199023797170.996094,0.000000,10.077210,23.378130
1403715416312143104.000000,0.000000,0.000000,11.803916,1.586957,0.246419,137438988006.848755,0.000000,11.810154,29.581501
1403715416362142976.000000,0.000000,0.000000,11.422782,1.932205,0.204019,-nan,0.000000,11.973427,33.918229
1403715416412143104.000000,0.000000,0.000000,11.043497,1.889258,0.155297,96537232393.894424,0.334898,11.000859,28.680064
1403715416462142976.000000,0.000000,0.000000,11.775084,1.050062,0.103545,128522894094368768.000000,0.000000,9.068561,29.956786
1403715416512143104.000000,0.000000,0.000000,13.181451,1.816670,0.165011,0.000000,0.000000,9.368497,28.168458
1403715416562142976.000000,0.000000,0.000000,10.743016,2.256837,0.322321,6817930866350619648.000000,0.000000,8.764009,32.170082
1403715416612143104.000000,0.000000,0.000000,11.191704,1.270316,0.202368,2199023808795.443848,0.334898,10.885973,24.417677
1403715416662142976.000000,0.000000,0.000000,12.136790,1.398750,0.200713,524288.132199,-1.692586,13.270645,27.264028
1403715416712143104.000000,0.000000,0.000000,10.721995,2.593647,0.173514,-nan,1.112211,11.909262,29.184781
1403715416762142976.000000,0.000000,0.000000,12.581950,2.045211,0.342392,31775920391.268806,-1.462957,10.528106,32.136050
1403715416812143104.000000,0.000000,0.000000,10.807522,2.584941,0.310765,387296720096067584.000000,0.000000,11.873169,28.554324
1403715416862142976.000000,0.000000,0.000000,11.850638,1.750118,0.277154,0.000000,83204.927482,8.512213,30.363063
1403715416912143104.000000,0.000000,0.000000,12.739794,1.027641,0.236114,8909791320613059584.000000,1.573304,10.946997,29.812234
1403715416962142976.000000,0.000000,0.000000,11.225274,0.973025,0.195205,2199023804053.914551,1.869264,8.376528,23.028820
1403715417012143104.000000,0.000000,0.000000,12.282118,1.631203,0.314904,131072.033032,-0.503739,11.468130,33.253144
1403715417062142976.000000,0.000000,0.000000,11.184151,1.154931,0.104323,-nan,0.000000,9.743020,28.834446
1403715417112143104.000000,0.000000,0.000000,13.156017,2.153616,0.179280,832991010617.651489,0.000000,12.751876,33.335289
1403715417162142976.000000,0.000000,0.000000,11.912732,1.158001,0.122130,282185846679928832.000000,0.000000,9.083936,25.102192
1403715417212143104.000000,0.000000,0.000000,12.160601,0.986795,0.117600,0.000000,0.000000,13.024694,26.458202
1403715417262142976.000000,0.000000,0.000000,11.003140,1.115061,0.230900,1619626807202414336.000000,0.000000,12.962962,26.411528
1403715417312143104.000000,0.000000,0.000000,10.777959,2.083208,0.150833,2199023810255.258301,0.000000,14.343171,27.114395
1403715417362142976.000000,0.000000,0.000000,11.515458,1.871062,0.151363,32768.008207,0.000000,12.190135,33.027366
1403715417412143104.000000,0.000000,0.000000,11.239922,1.864071,0.297961,-nan,0.000000,10.108336,30.106476
1403715417462142976.000000,0.000000,0.000000,11.816565,0.987321,0.201206,2875852404012678144.000000,0.000000,10.896248,25.233590
1403715417512143104.000000,0.000000,0.000000,11.523538,2.119690,0.289202,119014244992.000000,0.000000,11.369303,27.570907
1403715417562142976.000000,0.000000,0.000000,12.083389,1.765492,0.260328,0.000000,0.000000,13.307824,31.417063
1403715417612143104.000000,0.000000,0.000000,10.765681,1.846389,0.158689,365015595311169472.000000,0.000000,10.186095,31.751827
1403715417662142976.000000,0.000000,0.000000,11.914669,1.241653,0.202346,2199023804053.914551,0.000000,10.756553,29.338152
1403715417712143104.000000,0.000000,0.000000,12.086849,2.111968,0.296989,2097152.503562,0.000000,11.805643,32.779760
1403715417762142976.000000,0.000000,0.000000,11.717245,1.145160,0.193143,-nan,0.000000,9.469686,25.692652
1403715417812143104.000000,0.000000,0.000000,12.543845,2.072110,0.308822,16592962419818.500000,0.000000,10.409339,32.744013
1403715417862142976.000000,0.000000,0.000000,10.573297,2.240703,0.272309,4483018701930496.000000,0.000000,10.831169,30.769149
1403715417912143104.000000,0.000000,0.000000,11.878965,1.867046,0.267342,0.000000,0.000000,11.016752,31.470471
1403715417962142976.000000,0.000000,0.000000,10.650267,1.020789,0.210655,249724967845887.968750,0.000000,10.575045,29.529044
1403715418012143104.000000,0.000000,0.000000,10.461076,2.001244,0.304298,2199023811084.698730,0.000000,13.176635,28.306234
1403715418062142976.000000,0.000000,0.000000,11.492603,1.543849,0.132837,25769808050.754990,0.000000,11.427373,29.702307
1403715418112143104.000000,0.000000,0.000000,10.837519,1.463993,0.192327,-nan,0.000000,11.942543,27.007100
1403715418162142976.000000,0.000000,0.000000,11.129553,1.153014,0.189254,5159330605445416.000000,0.000000,12.616582,25.353202
1403715418212143104.000000,0.000000,0.000000,10.527627,2.315436,0.266440,6988660230586368.000000,0.000000,12.398278,29.814916
1403715418262142976.000000,0.000000,0.000000,12.142121,1.744675,0.271024,0.000000,0.000000,9.704853,34.534590
1403715418312143104.000000,0.000000,0.000000,12.717767,1.505489,0.257971,6519092402014125056.000000,0.000000,9.993602,29.615603
1403715418362142976.000000,0.000000,0.000000,11.318754,1.865832,0.278071,2199023807818.138672,0.000000,10.572797,29.171050
1403715418412143104.000000,0.000000,0.000000,12.093525,2.376621,0.138847,32768.008249,0.000000,11.690341,31.754813
1403715418462142976.000000,0.000000,0.000000,11.452045,1.124142,0.192227,-nan,0.000000,12.536448,23.589485
1403715418512143104.000000,0.000000,0.000000,12.856004,1.392681,0.220352,1918463362804161280.000000,0.000000,12.607280,30.052995
1403715418562142976.000000,0.000000,0.000000,13.183289,1.092392,0.185778,13615186002051072.000000,0.000000,10.995426,25.847601
1403715418612143104.000000,0.000000,0.000000,11.250189,2.418588,0.299041,0.000000,0.000000,11.827356,31.675245
1403715418662142976.000000,0.000000,0.000000,10.641109,1.000940,0.209610,338867284657307584.000000,0.000000,10.462102,23.950010
1403715418712143104.000000,0.000000,0.000000,13.235658,1.048197,0.108619,7146826690295.563477,0.000000,10.639922,27.300976
1403715418762142976.000000,0.000000,0.000000,11.153739,1.068577,0.207192,211106267823499.687500,0.000000,10.833393,25.534225
1403715418812143104.000000,0.000000,0.000000,11.790303,1.044367,0.109569,-nan,0.000000,12.841516,27.370597
