1403715533812143104.000000 -0.000000378 0.000000261 -0.000000106 0.000000005 0.000000030 0.000000032 1.000000000
1403715533862142976.000000 0.033736434 0.059152149 -0.025864560 -0.003785757 -0.002392595 -0.003882643 0.999982476
1403715533912143104.000000 0.058781426 0.115430795 -0.053233489 -0.009632675 -0.003393460 -0.011262818 0.999884427
1403715533962142976.000000 0.090943441 0.191738397 -0.074292287 -0.011243028 -0.005095817 -0.017739311 0.999766469
1403715534012143104.000000 0.104073368 0.252512723 -0.098296627 -0.016034380 -0.004393162 -0.023545334 0.999584556
1403715534062142976.000000 0.125808224 0.337466240 -0.122726537 -0.016252015 -0.004410387 -0.030644866 0.999388516
1403715534112143104.000000 0.143165916 0.401029199 -0.142010540 -0.020711718 -0.004016520 -0.038700249 0.999028146
1403715534162142976.000000 0.151496425 0.466201842 -0.160631165 -0.024250703 -0.003470323 -0.046798427 0.998603940
1403715534212143104.000000 0.152345076 0.534798086 -0.182551384 -0.028093159 -0.002154857 -0.055301443 0.998072088
1403715534262142976.000000 0.171018109 0.618249476 -0.200391501 -0.028348487 -0.003953744 -0.062467471 0.997636557
1403715534312143104.000000 0.183386877 0.715358675 -0.213764846 -0.026246686 -0.005005668 -0.066539750 0.997425973
1403715534362142976.000000 0.185651138 0.788781464 -0.226834521 -0.027786337 -0.004761474 -0.069987595 0.997149467
1403715534412143104.000000 0.183093563 0.860817730 -0.238898426 -0.030554930 -0.004685530 -0.071733259 0.996944726
1403715534462142976.000000 0.167428881 0.951317251 -0.251001567 -0.031717241 -0.002534728 -0.071123682 0.996959925
1403715534512143104.000000 0.167282090 1.021110177 -0.263832122 -0.037676282 -0.002968705 -0.071784452 0.996703923
1403715534562142976.000000 0.174969405 1.098652005 -0.270794302 -0.044183116 -0.005021339 -0.070173107 0.996543229
1403715534612143104.000000 0.170560434 1.170803905 -0.277494967 -0.051748168 -0.005186093 -0.066410869 0.996436059
1403715534662142976.000000 0.167018712 1.240136147 -0.285220921 -0.061478369 -0.005761466 -0.063411310 0.996075451
1403715534712143104.000000 0.169635311 1.300637960 -0.290701836 -0.072835855 -0.007827081 -0.060120109 0.995499551
1403715534762142976.000000 0.149053603 1.387740374 -0.298339516 -0.083010554 -0.008705603 -0.054846127 0.995000184
1403715534812143104.000000 0.145821065 1.470548987 -0.307916313 -0.095272414 -0.013001204 -0.050915394 0.994063258
1403715534862142976.000000 0.143346697 1.537599921 -0.309551835 -0.110417195 -0.018002026 -0.046376836 0.992639542
1403715534912143104.000000 0.130144328 1.608441114 -0.312497467 -0.125560522 -0.020804690 -0.041248377 0.991009772
1403715534962142976.000000 0.118748091 1.675239086 -0.312752157 -0.140857995 -0.022696452 -0.037034295 0.989076555
1403715535012143104.000000 0.108680904 1.745906353 -0.309420735 -0.154324576 -0.023476755 -0.033421170 0.987175703
1403715535062142976.000000 0.116220847 1.821883798 -0.323741674 -0.164870277 -0.027476860 -0.028640665 0.985516489
1403715535112143104.000000 0.114156365 1.885243297 -0.317466140 -0.176199585 -0.032338489 -0.025000364 0.983505428
1403715535162142976.000000 0.106374770 1.950538516 -0.308900028 -0.185092956 -0.036290929 -0.020428943 0.981838226
1403715535212143104.000000 0.100554213 2.016632557 -0.299027085 -0.192365751 -0.041274302 -0.015853746 0.980326831
1403715535262142976.000000 0.104002222 2.085007191 -0.296693534 -0.196871430 -0.045811307 -0.011054433 0.979296029
1403715535312143104.000000 0.103595391 2.147789001 -0.290383846 -0.200826257 -0.048505604 -0.006880423 0.978401124
1403715535362142976.000000 0.104918450 2.208957434 -0.272377223 -0.204421118 -0.049906865 -0.002430057 0.977607012
1403715535412143104.000000 0.105693981 2.272861719 -0.249918982 -0.205027699 -0.047443714 0.007296398 0.977578461
1403715535462142976.000000 0.106325597 2.339688778 -0.231742233 -0.203959480 -0.040257689 0.015807141 0.978023529
1403715535512143104.000000 0.116497315 2.400155306 -0.206110626 -0.203767359 -0.032325413 0.021797145 0.978242755
1403715535562142976.000000 0.133143142 2.468815088 -0.190741211 -0.201741353 -0.023008969 0.024890475 0.978852212
1403715535612143104.000000 0.144643560 2.534872770 -0.164469510 -0.201253369 -0.012231435 0.023422746 0.979182839
1403715535662142976.000000 0.159825638 2.599056959 -0.136333421 -0.200428233 -0.006155645 0.019888211 0.979487181
1403715535712143104.000000 0.164320365 2.666483402 -0.110785753 -0.197647661 -0.001115826 0.014605604 0.980163753
1403715535762142976.000000 0.175570264 2.738554001 -0.084567025 -0.192315817 0.000818927 0.008485020 0.981296122
1403715535812143104.000000 0.187147751 2.812871933 -0.058966391 -0.186353847 0.002178829 0.000176939 0.982480228
1403715535862142976.000000 0.198490888 2.876649857 -0.025535472 -0.181783289 0.001182155 -0.011904931 0.983265936
1403715535912143104.000000 0.204923451 2.945027113 0.003311463 -0.174543813 -0.002757074 -0.021405172 0.984412849
1403715535962142976.000000 0.214372501 3.011368513 0.033288375 -0.166473225 -0.007599954 -0.029974623 0.985561013
1403715536012143104.000000 0.222054899 3.078871965 0.063126281 -0.158044696 -0.013413600 -0.035285816 0.986710191
1403715536062142976.000000 0.238869220 3.151581287 0.087397665 -0.149302214 -0.021357870 -0.039057545 0.987789094
1403715536112143104.000000 0.251378059 3.213244200 0.120921120 -0.142648041 -0.027380114 -0.041897602 0.988507271
1403715536162142976.000000 0.273743093 3.313822508 0.135210738 0.135305047 0.032838527 0.045510076 -0.989213347
1403715536212143104.000000 0.275234967 3.331890583 0.197914958 -0.133546397 -0.037506409 -0.050707657 0.989033580
1403715536262142976.000000 0.293618917 3.393241882 0.232439220 0.129467264 0.041364577 0.056398582 -0.989113986
1403715536312143104.000000 0.308402956 3.453377724 0.275238425 -0.125806525 -0.043133687 -0.062228277 0.989161193
1403715536362142976.000000 0.330564469 3.510825872 0.313102275 -0.122351341 -0.042401187 -0.069246314 0.989159942
1403715536412143104.000000 0.348579228 3.567276001 0.359147340 -0.120587274 -0.039347269 -0.078765497 0.988790452
1403715536462142976.000000 0.373340458 3.619718552 0.400734663 -0.119383752 -0.035699461 -0.088395074 0.988260865
1403715536512143104.000000 0.392476797 3.666041613 0.453139067 -0.119773328 -0.031259112 -0.096898347 0.987566650
1403715536562142976.000000 0.418340445 3.712459564 0.498338640 -0.118871398 -0.026470056 -0.103639752 0.987131119
1403715536612143104.000000 0.439735055 3.755129099 0.551377177 -0.118235990 -0.021062572 -0.108510539 0.986814141
1403715536662142976.000000 0.465968907 3.794110060 0.599822581 -0.117288634 -0.014581319 -0.112993576 0.986541092
1403715536712143104.000000 0.489221692 3.831096172 0.653354466 -0.115864702 -0.005960424 -0.115325078 0.986529350
1403715536762142976.000000 0.516234219 3.861465454 0.702822804 -0.112944007 0.005898871 -0.116766594 0.986698806
1403715536812143104.000000 0.539481401 3.889339447 0.756494820 -0.109572925 0.017064719 -0.119153477 0.986663580
1403715536862142976.000000 0.565708637 3.911152363 0.805452347 -0.106729440 0.027028723 -0.123604961 0.986204863
1403715536912143104.000000 0.587790608 3.930436134 0.856633008 -0.105315246 0.036954120 -0.130070314 0.985203028
1403715536962142976.000000 0.612162471 3.943822861 0.901941955 -0.105648726 0.046276662 -0.138654381 0.983601451
1403715537012143104.000000 0.634515107 3.952819109 0.945204258 0.106170319 -0.055655282 0.146598667 -0.981905937
1403715537062142976.000000 0.650631547 3.949916363 0.992617130 -0.108075760 0.067566052 -0.152410954 0.980063975
1403715537112143104.000000 0.671914220 3.947216749 1.029834986 -0.107791930 0.081073903 -0.157792658 0.978217483
1403715537162142976.000000 0.691494524 3.938565254 1.063852072 0.107322216 -0.096072368 0.161679551 -0.976274490
1403715537212143104.000000 0.709361196 3.923331261 1.092668295 0.106216721 -0.110016137 0.163191974 -0.974670708
1403715537262142976.000000 0.719327390 3.901252985 1.120640039 -0.105131887 0.122862324 -0.161520049 0.973531485
1403715537312143104.000000 0.732337654 3.873403311 1.138960600 -0.099621966 0.130820319 -0.149918288 0.974928737
1403715537362142976.000000 0.742358208 3.839975595 1.151358128 -0.093113050 0.131130561 -0.133566603 0.977903247
1403715537412143104.000000 0.744255602 3.805604458 1.160416842 -0.088314332 0.122362137 -0.116615273 0.981646061
1403715537462142976.000000 0.747850001 3.764752150 1.161698580 -0.083548807 0.107392676 -0.098088525 0.985832155
1403715537512143104.000000 0.746846199 3.723307133 1.158336759 -0.080542482 0.087456942 -0.081327721 0.989570677
1403715537562142976.000000 0.746473432 3.678852797 1.150587320 -0.078657866 0.066182189 -0.067435630 0.992413878
1403715537612143104.000000 0.743589818 3.635100126 1.139216542 -0.077318899 0.047571819 -0.055516221 0.994322240
1403715537662142976.000000 0.743058622 3.589636087 1.125597954 -0.077238500 0.034148447 -0.047146767 0.995311677
1403715537712143104.000000 0.741656065 3.537750483 1.113431334 -0.078654654 0.032117341 -0.040557474 0.995558679
1403715537762142976.000000 0.743079066 3.493300915 1.096641779 -0.078937426 0.036670275 -0.037643459 0.995493472
1403715537812143104.000000 0.743555605 3.450519323 1.077692509 -0.078465253 0.045842081 -0.035336103 0.995235205
1403715537862142976.000000 0.744169354 3.407896996 1.056989551 -0.079336673 0.053695228 -0.036153905 0.994743943
1403715537912143104.000000 0.742418766 3.367215872 1.033669591 -0.079213478 0.058599148 -0.035356287 0.994505644
1403715537962142976.000000 0.738537312 3.327102184 1.008531332 -0.080178648 0.056945264 -0.036489908 0.994483352
1403715538012143104.000000 0.731397510 3.282207966 0.985719264 -0.080629997 0.051693473 -0.033569813 0.994836569
1403715538062142976.000000 0.725027025 3.243903875 0.956356645 -0.081387855 0.046717357 -0.030973157 0.995105147
1403715538112143104.000000 0.717188299 3.205589056 0.927632868 -0.082502350 0.040948831 -0.025750458 0.995416284
1403715538162142976.000000 0.708539724 3.170816422 0.895106375 -0.084984563 0.035569742 -0.020416792 0.995537817
1403715538212143104.000000 0.697191477 3.138526440 0.863107085 -0.089471266 0.031105237 -0.016061638 0.995374024
1403715538262142976.000000 0.683429360 3.108268023 0.829454422 -0.095504448 0.028594136 -0.012696085 0.994937301
1403715538312143104.000000 0.666679442 3.079759598 0.797100306 -0.102619857 0.029259956 -0.009489935 0.994244933
1403715538362142976.000000 0.647832930 3.053788424 0.763766885 -0.110757731 0.031833395 -0.007395151 0.993310034
1403715538412143104.000000 0.627201319 3.028876781 0.730332077 -0.120545052 0.039898258 -0.008071385 0.991872966
1403715538462142976.000000 0.605982780 3.006509304 0.694816291 -0.132425800 0.049158096 -0.012704706 0.989891708
1403715538512143104.000000 0.583374560 2.977624893 0.663842201 -0.146001473 0.059326660 -0.017048059 0.987356782
1403715538562142976.000000 0.562039137 2.956470728 0.624079525 -0.159228325 0.066838831 -0.021231877 0.984747767
1403715538612143104.000000 0.538911819 2.934261084 0.582754850 -0.172059879 0.072160371 -0.022005584 0.982193530
1403715538662142976.000000 0.515520990 2.912631989 0.538153052 -0.185027793 0.074119046 -0.020527307 0.979719222
1403715538712143104.000000 0.490224183 2.887790680 0.493284285 -0.199063390 0.073256783 -0.016802557 0.977100313
1403715538762142976.000000 0.463518143 2.865356922 0.444768965 -0.213796020 0.067752078 -0.011397614 0.974459410
1403715538812143104.000000 0.435416639 2.842530251 0.394872129 0.229367197 -0.059283856 0.004349085 -0.971523166
1403715538862142976.000000 0.407821357 2.812175274 0.350723028 -0.247946352 0.051877346 0.002535422 0.967380524
1403715538912143104.000000 0.377807319 2.788667917 0.298092395 -0.265614063 0.045723628 0.009969372 0.962943017
1403715538962142976.000000 0.345128626 2.765033960 0.246506810 0.284237653 -0.041984197 -0.017365534 -0.957676768
1403715539012143104.000000 0.310666651 2.742180586 0.194903612 0.303894818 -0.040526360 -0.024212444 -0.951535225
1403715539062142976.000000 0.272711933 2.719362259 0.143916786 0.323616326 -0.039771020 -0.032525148 -0.944792569
1403715539112143104.000000 0.230867922 2.687889338 0.100761324 -0.344756633 0.039326955 0.040732075 0.936982989
1403715539162142976.000000 0.187625825 2.665108204 0.051467657 -0.364672095 0.040543102 0.049223930 0.928949773
1403715539212143104.000000 0.140539676 2.640905619 0.004601955 0.384054244 -0.041485477 -0.058518916 -0.920519888
1403715539262142976.000000 0.091452315 2.617706776 -0.041629434 0.402823091 -0.040228803 -0.067184627 -0.911921859
1403715539312143104.000000 0.039391533 2.594714165 -0.086743712 0.420677722 -0.037469149 -0.076104134 -0.903235614
1403715539362142976.000000 -0.018160090 2.562644005 -0.132485628 -0.437500477 0.034272086 0.084869020 0.894547999
1403715539412143104.000000 -0.072477132 2.540513515 -0.175505280 -0.452785522 0.031560134 0.092275992 0.886269987
1403715539462142976.000000 -0.123385891 2.517856836 -0.217233479 0.466297895 -0.031865109 -0.097239435 -0.878689647
1403715539512143104.000000 -0.170772910 2.495676756 -0.259178519 0.476903379 -0.031223649 -0.103924707 -0.872231603
1403715539562142976.000000 -0.215054691 2.472393990 -0.302585065 -0.483713239 0.032405134 0.113771312 0.867195249
1403715539612143104.000000 -0.252686650 2.451280355 -0.344496608 -0.488919884 0.035674468 0.122657768 0.862925172
1403715539662142976.000000 -0.285514474 2.429028749 -0.388208091 0.492989480 -0.039837133 -0.129515544 -0.859418511
1403715539712143104.000000 -0.313200086 2.408219814 -0.432069480 0.496656686 -0.045376334 -0.133555487 -0.856408834
1403715539762142976.000000 -0.336490065 2.388287067 -0.476810366 0.499756306 -0.048368890 -0.135285422 -0.854167461
1403715539812143104.000000 -0.356282979 2.368664265 -0.522873878 0.501787066 -0.050804056 -0.135132045 -0.852858782
1403715539862142976.000000 -0.365001649 2.327032566 -0.555368960 0.505057812 -0.048814543 -0.134891093 -0.851080656
1403715539912143104.000000 -0.378545702 2.308122396 -0.603121400 0.503331602 -0.043276675 -0.137212425 -0.852031231
1403715539962142976.000000 -0.387931257 2.289772987 -0.652668893 0.499722213 -0.039639432 -0.142255425 -0.853504479
1403715540012143104.000000 -0.397405565 2.270504713 -0.702861249 -0.496259421 0.031866472 0.147196412 0.855011284
1403715540062142976.000000 -0.404637545 2.255298615 -0.752864301 -0.491383076 0.025739279 0.155461013 0.856569946
1403715540112143104.000000 -0.410795629 2.242794037 -0.802699327 -0.485936552 0.018594941 0.164507255 0.858170867
1403715540162142976.000000 -0.406840801 2.221489906 -0.847027183 0.481612921 -0.015543141 -0.172520936 -0.859094918
1403715540212143104.000000 -0.408714116 2.215792179 -0.896987319 0.477845877 -0.013185038 -0.177746430 -0.860171914
1403715540262142976.000000 -0.408667386 2.214112520 -0.947617054 0.476116151 -0.015098175 -0.177895859 -0.861068308
1403715540312143104.000000 -0.406164646 2.215172291 -0.999377966 -0.476081729 0.014950125 0.173683062 0.861949503
1403715540362142976.000000 -0.403722703 2.220917225 -1.050726414 -0.477539659 0.012941166 0.166050464 0.862679422
1403715540412143104.000000 -0.401449353 2.229763985 -1.101465344 -0.478645444 0.009169730 0.159427077 0.863364100
1403715540462142976.000000 -0.398939312 2.241750717 -1.151324034 -0.480131537 0.004861597 0.152759269 0.863779247
1403715540512143104.000000 -0.397288859 2.256325245 -1.200178385 -0.481729776 -0.004409769 0.147999927 0.863720417
1403715540562142976.000000 -0.393983126 2.258956432 -1.235300064 -0.484378606 -0.012436955 0.147029907 0.862325370
1403715540612143104.000000 -0.392394245 2.279130936 -1.280457973 -0.485499591 -0.019883836 0.146785334 0.861596763
1403715540662142976.000000 -0.390521586 2.302434444 -1.323387861 -0.485085219 -0.024068799 0.151272789 0.860946953
1403715540712143104.000000 -0.387252092 2.329676390 -1.367125154 0.483585119 0.023189802 -0.159864098 -0.860262334
1403715540762142976.000000 -0.383693725 2.360191345 -1.406990290 0.482325137 0.021091636 -0.167561039 -0.859558642
1403715540812143104.000000 -0.378844380 2.394807816 -1.445400000 0.482558191 0.014822372 -0.171003819 -0.858880401
1403715540862142976.000000 -0.375455141 2.429403543 -1.476868629 -0.484145552 -0.008645769 0.171009049 0.858070076
1403715540912143104.000000 -0.369274735 2.471503735 -1.513240099 -0.485198706 -0.002024221 0.170485288 0.857620478
1403715540962142976.000000 -0.362406433 2.517060518 -1.549033880 -0.487173438 0.003484008 0.166545361 0.857270420
1403715541012143104.000000 -0.356510073 2.564550161 -1.581266403 -0.489395797 0.007279328 0.161479786 0.856949925
1403715541062142976.000000 -0.349239111 2.616100788 -1.615241528 -0.490800351 0.009948527 0.157059118 0.856941402
1403715541112143104.000000 -0.342207789 2.670425892 -1.648445368 0.492024034 -0.009751105 -0.153297216 -0.856923163
1403715541162142976.000000 -0.331965923 2.710444927 -1.664231777 -0.492999613 0.012074834 0.153859258 0.856231868
1403715541212143104.000000 -0.324521184 2.768684864 -1.695752859 -0.490261883 0.020840734 0.158100978 0.856862366
1403715541262142976.000000 -0.316507638 2.829159737 -1.727090240 -0.487988591 0.032175042 0.161538512 0.857168198
1403715541312143104.000000 -0.309229314 2.888746262 -1.756175995 -0.488525838 0.041751321 0.161528960 0.856450677
1403715541362142976.000000 -0.302243680 2.952562809 -1.788694024 -0.491609037 0.045563366 0.156335831 0.855455279
1403715541412143104.000000 -0.296149641 3.013334274 -1.818870902 -0.495015055 0.045849536 0.150794923 0.854469955
1403715541462142976.000000 -0.292445123 3.079051495 -1.852079630 -0.497662514 0.038928296 0.147527888 0.853845537
1403715541512143104.000000 -0.289221406 3.144787788 -1.878199220 -0.499799818 0.030197449 0.146852151 0.853066683
1403715541562142976.000000 -0.285889804 3.213003635 -1.910461307 -0.501185060 0.020291634 0.146698713 0.852573395
1403715541612143104.000000 -0.282248437 3.280689716 -1.940108538 -0.501304924 0.012582682 0.148551822 0.852330625
1403715541662142976.000000 -0.277327716 3.351012230 -1.971254468 -0.502748251 0.005101424 0.146104857 0.851981044
1403715541712143104.000000 -0.271687806 3.421866894 -1.998817921 -0.505129516 -0.001423673 0.140590012 0.851514280
1403715541762142976.000000 -0.263416022 3.495264053 -2.027502060 -0.509208620 -0.005397948 0.128361315 0.850999892
1403715541812143104.000000 -0.254790127 3.569091797 -2.050875187 -0.513929605 -0.008935292 0.114697553 0.850083053
1403715541862142976.000000 -0.243898690 3.644171238 -2.074842930 -0.518227458 -0.009085978 0.099662609 0.849367559
1403715541912143104.000000 -0.232075319 3.719103813 -2.095451832 -0.521144450 -0.010386131 0.086276688 0.849032998
1403715541962142976.000000 -0.217278317 3.778993607 -2.096807003 -0.523992240 -0.012090516 0.074975103 0.848330617
1403715542012143104.000000 -0.203923672 3.851966381 -2.110040426 -0.523193717 -0.014913891 0.064475395 0.849640489
1403715542062142976.000000 -0.189557910 3.922127962 -2.118255138 0.520695627 0.013897871 -0.052809171 -0.851994157
1403715542112143104.000000 -0.173638552 3.990340948 -2.122599125 0.515724897 0.008904683 -0.043811414 -0.855587065
1403715542162142976.000000 -0.156501248 4.055647850 -2.122781515 0.509827197 0.002850941 -0.033796344 -0.859607995
1403715542212143104.000000 -0.137517005 4.122668266 -2.110512257 -0.501864016 0.006520494 0.025901839 0.864534080
1403715542262142976.000000 -0.117795140 4.181328297 -2.102775812 -0.492174238 0.016284375 0.019510031 0.870125711
1403715542312143104.000000 -0.097284265 4.235931873 -2.091968775 -0.479934663 0.026992822 0.018104807 0.876702011
1403715542362142976.000000 -0.075918823 4.286603928 -2.077409267 0.466883361 -0.037418257 -0.015831774 -0.883385062
1403715542412143104.000000 -0.053556949 4.325682640 -2.051491737 -0.452550262 0.050238889 0.017609315 0.890148520
1403715542462142976.000000 -0.031355977 4.368552685 -2.034702301 -0.436429590 0.064793527 0.019640980 0.897187471
1403715542512143104.000000 -0.009625942 4.407720089 -2.017801285 -0.421680719 0.076404721 0.021728929 0.903258324
1403715542562142976.000000 0.011601031 4.444283485 -2.000801802 0.409454882 -0.083283454 -0.022444794 -0.908243835
1403715542612143104.000000 0.029262424 4.477451324 -1.984614372 0.399077296 -0.082114212 -0.024567720 -0.912902594
1403715542662142976.000000 0.044932514 4.507498741 -1.969632626 0.390465409 -0.077627584 -0.026394488 -0.916959167
1403715542712143104.000000 0.059052408 4.534767628 -1.955807447 0.382726580 -0.075450592 -0.028683629 -0.920328677
1403715542762142976.000000 0.071102589 4.559415817 -1.930140495 -0.378394842 0.071424723 0.028838098 0.922433913
1403715542812143104.000000 0.081600487 4.582374096 -1.917107105 -0.373959780 0.065755799 0.029372977 0.924644530
1403715542862142976.000000 0.089989662 4.603629112 -1.904624224 -0.369832188 0.060369782 0.031611398 0.926596105
1403715542912143104.000000 0.095492512 4.622202873 -1.895286083 0.365782440 -0.057270415 -0.034699664 -0.928288400
1403715542962142976.000000 0.099697456 4.639879227 -1.884555817 0.361713678 -0.056388017 -0.039592449 -0.929739833
1403715543012143104.000000 0.101367176 4.656586170 -1.874121666 0.357920885 -0.057542522 -0.044531375 -0.930912733
1403715543062142976.000000 0.101156086 4.672776699 -1.864030004 0.355278671 -0.059922785 -0.048072901 -0.931598306
1403715543112143104.000000 0.099931359 4.689494133 -1.852358341 0.353430003 -0.061771452 -0.051391341 -0.932003498
1403715543162142976.000000 0.098134309 4.706562996 -1.839092493 0.353171110 -0.063975006 -0.052467480 -0.931892991
1403715543212143104.000000 0.094797671 4.721776962 -1.830249906 0.353181064 -0.067218065 -0.053307965 -0.931613266
1403715543262142976.000000 0.096660733 4.734708786 -1.811987877 -0.354276121 0.071464516 0.054235671 0.930827498
1403715543312143104.000000 0.091776073 4.748649597 -1.805401087 -0.354403645 0.074314602 0.056136075 0.930442989
1403715543362142976.000000 0.086155206 4.762252331 -1.800712585 -0.355506212 0.074683048 0.055701766 0.930018902
1403715543412143104.000000 0.077432960 4.773176193 -1.804276943 0.356713235 -0.075950302 -0.054610539 -0.929518700
1403715543462142976.000000 0.069781810 4.784235954 -1.805321455 0.358982176 -0.074746914 -0.051132452 -0.928940356
1403715543512143104.000000 0.061468929 4.794408798 -1.807886839 0.361503571 -0.073640436 -0.047491901 -0.928243995
1403715543562142976.000000 0.054000884 4.803855896 -1.810684800 0.363660425 -0.075634375 -0.043697815 -0.927427113
1403715543612143104.000000 0.046022207 4.811905384 -1.814354062 0.365548730 -0.079176590 -0.039294723 -0.926585793
1403715543662142976.000000 0.036572456 4.818282604 -1.820153117 0.368209153 -0.083348103 -0.032095317 -0.925443172
1403715543712143104.000000 0.026186168 4.822959900 -1.826797485 0.372631967 -0.086089663 -0.025164306 -0.923634589
1403715543762142976.000000 0.019471079 4.817867279 -1.831571460 -0.381374568 0.086853839 0.016702291 0.920179844
1403715543812143104.000000 0.005338818 4.817649841 -1.841472387 -0.390447289 0.086659208 0.008486044 0.916498303
1403715543862142976.000000 -0.010703593 4.814660549 -1.852402925 -0.400955558 0.084719501 0.002823466 0.912167370
1403715543912143104.000000 -0.028625369 4.807673931 -1.866667747 -0.412509799 0.082093693 -0.000717562 0.907246232
1403715543962142976.000000 -0.049054280 4.797504425 -1.879328012 -0.425050825 0.077456571 -0.001284169 0.901848495
1403715544012143104.000000 -0.070069388 4.782249928 -1.891967297 -0.438957065 0.071795993 -0.000461616 0.895634890
1403715544062142976.000000 -0.093791857 4.764212608 -1.903806567 -0.453559935 0.066837288 0.003121991 0.888710618
1403715544112143104.000000 -0.119960710 4.741292477 -1.915308595 -0.466861814 0.064224899 0.015757101 0.881854355
1403715544162142976.000000 -0.149870366 4.717234135 -1.923620462 -0.480917931 0.062659875 0.031342659 0.873961926
1403715544212143104.000000 -0.180328533 4.686548233 -1.925364137 -0.497316927 0.062334564 0.047883630 0.864000797
1403715544262142976.000000 -0.216468140 4.658493996 -1.930374622 -0.513947368 0.062456049 0.063838832 0.853160024
1403715544312143104.000000 -0.256222934 4.629122734 -1.933460355 -0.531044662 0.063195765 0.080764607 0.841115296
1403715544362142976.000000 -0.299768060 4.595987797 -1.935717940 -0.547867000 0.064569615 0.097661935 0.828332543
1403715544412143104.000000 -0.345613897 4.564180374 -1.935317516 -0.564049900 0.067067832 0.114413835 0.815020978
1403715544462142976.000000 -0.393005371 4.530661106 -1.934342861 0.580253422 -0.070030838 -0.127726659 -0.801303685
1403715544512143104.000000 -0.436627239 4.491526604 -1.930671215 0.596455455 -0.072045170 -0.138877675 -0.787250578
1403715544562142976.000000 -0.481890202 4.456051826 -1.929151535 0.610174239 -0.074221097 -0.148410276 -0.774695456
1403715544612143104.000000 -0.523849070 4.416498661 -1.929608703 0.621818483 -0.076126121 -0.155276522 -0.763829708
1403715544662142976.000000 -0.560587883 4.378444195 -1.929154396 0.631252885 -0.077070728 -0.160309449 -0.754904509
1403715544712143104.000000 -0.590420723 4.339013100 -1.930763841 0.639823854 -0.079903997 -0.159492731 -0.747531176
1403715544762142976.000000 -0.611559153 4.290939331 -1.934537530 0.646801651 -0.083318479 -0.157503590 -0.741551340
1403715544812143104.000000 -0.628960013 4.246953011 -1.939847946 0.651640832 -0.086121112 -0.154813454 -0.737550199
1403715544862142976.000000 -0.640723407 4.199178696 -1.947564363 0.654832304 -0.087879181 -0.152080894 -0.735080540
1403715544912143104.000000 -0.647143841 4.149310112 -1.956376672 0.656099916 -0.087550186 -0.151887283 -0.734028697
1403715544962142976.000000 -0.651009202 4.097419739 -1.965765953 0.656427205 -0.084675513 -0.153765157 -0.733682334
1403715545012143104.000000 -0.654161274 4.044120789 -1.975195765 0.656796575 -0.079970583 -0.156924739 -0.733210564
1403715545062142976.000000 -0.653388500 3.982574701 -1.989942074 0.657853067 -0.076652460 -0.160101861 -0.731929839
1403715545112143104.000000 -0.657058775 3.927316189 -1.999175906 0.660085917 -0.073252603 -0.163194016 -0.729580939
1403715545162142976.000000 -0.662783027 3.870952129 -2.007630348 0.663463652 -0.069902480 -0.166308105 -0.726134539
1403715545212143104.000000 -0.665500045 3.805123329 -2.010614395 0.668744087 -0.068208992 -0.170432225 -0.720473289
1403715545262142976.000000 -0.676747084 3.749791384 -2.016175747 0.673482239 -0.065774083 -0.174580142 -0.715274274
1403715545312143104.000000 -0.690684557 3.694753408 -2.020552158 0.678566635 -0.064855598 -0.179321349 -0.709355354
1403715545362142976.000000 -0.705608368 3.636025667 -2.025906563 0.682653069 -0.066104300 -0.184521213 -0.703965127
1403715545412143104.000000 -0.722008467 3.581365824 -2.028456688 0.684966028 -0.071578152 -0.191430196 -0.699322999
1403715545462142976.000000 -0.737640262 3.526462555 -2.030944824 0.686003447 -0.077964574 -0.199481070 -0.695361853
1403715545512143104.000000 -0.751406193 3.471774101 -2.034108639 0.685942709 -0.085124657 -0.207805902 -0.692136705
1403715545562142976.000000 -0.763894379 3.417470932 -2.039052486 0.685922027 -0.091577671 -0.215079635 -0.689104676
1403715545612143104.000000 -0.774482191 3.363179445 -2.046216965 0.685451210 -0.097765245 -0.221297726 -0.686750293
1403715545662142976.000000 -0.780684471 3.294788122 -2.049181700 0.686011195 -0.101767376 -0.225677237 -0.684179723
1403715545712143104.000000 -0.791426957 3.240530014 -2.060450077 0.684907079 -0.104183838 -0.227775231 -0.684226990
1403715545762142976.000000 -0.803272665 3.186560392 -2.073745251 0.683813214 -0.103711449 -0.228051797 -0.685299873
1403715545812143104.000000 -0.815115869 3.132744074 -2.089088440 0.682540894 -0.100850128 -0.225869939 -0.687713623
1403715545862142976.000000 -0.827923834 3.079523325 -2.106079578 0.680324733 -0.098205782 -0.221744880 -0.691623628
1403715545912143104.000000 -0.843352437 3.016027689 -2.118978262 0.678109646 -0.092350595 -0.215434507 -0.696582198
1403715545962142976.000000 -0.856543422 2.962839603 -2.138669729 0.674022555 -0.086461827 -0.206980541 -0.703830242
1403715546012143104.000000 -0.869637430 2.909201384 -2.159327030 0.668044686 -0.079745658 -0.198024556 -0.712841690
1403715546062142976.000000 -0.882385254 2.856266975 -2.180295944 0.660127640 -0.074426748 -0.188508585 -0.723295689
1403715546112143104.000000 -0.895498037 2.796554327 -2.195955992 0.650468647 -0.069188781 -0.179521009 -0.734762371
1403715546162142976.000000 -0.907169342 2.743857861 -2.216508150 0.637304723 -0.066347472 -0.172070712 -0.748219550
1403715546212143104.000000 -0.918119609 2.687822342 -2.234687328 0.623244345 -0.063178807 -0.163548321 -0.762120068
1403715546262142976.000000 -0.929309607 2.634968758 -2.254720926 0.606720746 -0.060730588 -0.156441808 -0.776999235
1403715546312143104.000000 -0.939928889 2.582017660 -2.274734974 0.589191973 -0.058756743 -0.149581507 -0.791849673
1403715546362142976.000000 -0.948390245 2.523852348 -2.290636063 0.571638763 -0.056825031 -0.141815081 -0.806156695
1403715546412143104.000000 -0.958436489 2.469552994 -2.310054779 0.552476823 -0.053783502 -0.135479748 -0.820683897
1403715546462142976.000000 -0.967736006 2.414817572 -2.330031157 0.532888472 -0.051585257 -0.128213808 -0.834823370
1403715546512143104.000000 -0.973390341 2.358042479 -2.345748901 -0.513532221 0.048100606 0.121206298 0.848103762
1403715546562142976.000000 -0.982873261 2.303540468 -2.365796566 -0.493027329 0.045829624 0.113289893 0.861387908
1403715546612143104.000000 -0.992719471 2.249243259 -2.385981798 -0.472814918 0.040788207 0.104015924 0.874049902
1403715546662142976.000000 -0.997083843 2.193923473 -2.400442600 -0.452678859 0.033546064 0.095416546 0.885918915
1403715546712143104.000000 -1.008056402 2.141068459 -2.419546366 -0.431333214 0.024561189 0.087168209 0.897635877
1403715546762142976.000000 -1.020036340 2.088929176 -2.437828302 -0.409371823 0.011772586 0.080741324 0.908711731
1403715546812143104.000000 -1.025254011 2.036072969 -2.449241877 -0.387295961 -0.000909253 0.076848440 0.918746591
1403715546862142976.000000 -1.035982728 1.986229420 -2.465594292 -0.364658505 -0.010191935 0.072822563 0.928233385
1403715546912143104.000000 -1.045409322 1.938031673 -2.481205225 -0.342246860 -0.015808841 0.068082295 0.937006950
1403715546962142976.000000 -1.052829623 1.892132044 -2.495596647 0.322064042 0.023019174 -0.056332201 -0.944760084
1403715547012143104.000000 -1.052465200 1.845625639 -2.499518156 -0.303939372 -0.028634431 0.042569987 0.951308966
1403715547062142976.000000 -1.058380604 1.802681684 -2.510763168 -0.284347147 -0.033714417 0.029833812 0.957663774
1403715547112143104.000000 -1.063025951 1.760746360 -2.519707203 -0.264247268 -0.037265804 0.018293103 0.963561177
1403715547162142976.000000 -1.061019897 1.719205379 -2.517305374 -0.244982257 -0.040353458 0.006746848 0.968663990
1403715547212143104.000000 -1.063075423 1.680025935 -2.521102905 -0.224559173 -0.042508528 -0.004698837 0.973521531
1403715547262142976.000000 -1.063916802 1.641476393 -2.522519827 -0.205085546 -0.044663232 -0.016914031 0.977578163
1403715547312143104.000000 -1.059422374 1.599903464 -2.512206554 -0.187274605 -0.047563057 -0.028015038 0.980755448
1403715547362142976.000000 -1.058369279 1.562367082 -2.507635117 -0.169066250 -0.050461918 -0.037190579 0.983609259
1403715547412143104.000000 -1.056942940 1.524851322 -2.500233412 -0.151269183 -0.054728828 -0.044098202 0.985990763
1403715547462142976.000000 -1.052284956 1.484005451 -2.481923342 -0.134599507 -0.060876254 -0.049726635 0.987777472
1403715547512143104.000000 -1.050249934 1.446302295 -2.467596531 -0.117204167 -0.066244505 -0.055134859 0.989360988
1403715547562142976.000000 -1.047549248 1.408147335 -2.449857473 -0.099485524 -0.071164280 -0.062385999 0.990528345
1403715547612143104.000000 -1.041407108 1.366540551 -2.422324657 -0.081538863 -0.075037621 -0.070016049 0.991372108
1403715547662142976.000000 -1.036576271 1.327105403 -2.397368908 -0.063233405 -0.078570783 -0.078668967 0.991785944
1403715547712143104.000000 -1.030432820 1.287034273 -2.368946314 -0.045327481 -0.081732504 -0.088037595 0.991723120
1403715547762142976.000000 -1.020998716 1.243715286 -2.330840826 -0.027873686 -0.084291905 -0.096773542 0.991338968
1403715547812143104.000000 -1.012216210 1.202004194 -2.295135260 -0.009851478 -0.086216800 -0.104587756 0.990722477
1403715547862142976.000000 -1.002379179 1.159061790 -2.255852222 0.008366507 -0.087352261 -0.111396208 0.989894211
1403715547912143104.000000 -0.989652216 1.112603068 -2.207015038 0.025381718 -0.084664576 -0.118591793 0.989001393
1403715547962142976.000000 -0.977282226 1.067317843 -2.161145926 0.042432562 -0.079752773 -0.123458080 0.988229275
1403715548012143104.000000 -0.963773727 1.021081448 -2.112606287 0.057846017 -0.072004139 -0.125050887 0.987841845
1403715548062142976.000000 -0.948112011 0.972112358 -2.055015087 0.069863521 -0.061647274 -0.128265440 0.987353444
1403715548112143104.000000 -0.933021069 0.925318956 -2.003253222 0.079835981 -0.049855530 -0.131788924 0.986799061
1403715548162142976.000000 -0.918304920 0.875214994 -1.944443107 0.086926132 -0.039912030 -0.134523451 0.986283064
1403715548212143104.000000 -0.903595030 0.828029335 -1.889940858 0.092135385 -0.031265344 -0.137912735 0.985653937
1403715548262142976.000000 -0.890179694 0.776302934 -1.830289245 0.094994687 -0.023443615 -0.141071916 0.985152364
1403715548312143104.000000 -0.877426267 0.727862298 -1.773980737 0.097294927 -0.017730746 -0.142927840 0.984779716
1403715548362142976.000000 -0.867970347 0.679201186 -1.715737343 -0.098003410 0.015478890 0.143773720 -0.984624267
1403715548412143104.000000 -0.863738954 0.624648035 -1.653533816 0.096680209 -0.013310276 -0.145491093 0.984534502
1403715548462142976.000000 -0.860147178 0.575720489 -1.594155788 0.095825873 -0.013579178 -0.144779190 0.984719276
1403715548512143104.000000 -0.858067393 0.526306391 -1.534660339 0.095056653 -0.013957975 -0.143192470 0.985020459
1403715548562142976.000000 -0.855913758 0.474846154 -1.473867893 -0.094654813 0.014857969 0.138853654 -0.985666990
1403715548612143104.000000 -0.859859943 0.416521966 -1.412460089 0.092842318 -0.015678277 -0.134540543 0.986424565
1403715548662142976.000000 -0.858368576 0.365173101 -1.353568435 0.091535367 -0.016355289 -0.130960241 0.987017334
1403715548712143104.000000 -0.856862962 0.313309759 -1.295289636 0.090228640 -0.016278161 -0.127538234 0.987586856
1403715548762142976.000000 -0.854760766 0.261210293 -1.238132477 -0.089091614 0.015665090 0.124794558 -0.988050461
1403715548812143104.000000 -0.852334619 0.208969742 -1.180740476 -0.087349556 0.016366977 0.122435488 -0.988489628
1403715548862142976.000000 -0.859176993 0.145846337 -1.121410608 0.084106646 -0.015379528 -0.120764300 0.988992214
1403715548912143104.000000 -0.855912745 0.093567953 -1.064050555 0.082877718 -0.014609697 -0.118290268 0.989406526
1403715548962142976.000000 -0.852693498 0.040930007 -1.006620049 0.083368570 -0.013885704 -0.117574550 0.989461064
1403715549012143104.000000 -0.850316644 -0.012062502 -0.949844599 -0.085257597 0.012695136 0.117555693 -0.989318311
1403715549062142976.000000 -0.847432971 -0.065580741 -0.893739879 -0.089549057 0.010972834 0.118581086 -0.988837242
1403715549112143104.000000 -0.843929529 -0.119615473 -0.838398814 -0.095644556 0.006676149 0.118736960 -0.988285959
1403715549162142976.000000 -0.840350032 -0.174247816 -0.784246325 -0.101758234 -0.000135665 0.120240770 -0.987515807
1403715549212143104.000000 -0.836335421 -0.228103086 -0.731433988 -0.107405238 -0.007638828 0.121336967 -0.986753821
1403715549262142976.000000 -0.832266569 -0.281586915 -0.679957569 -0.112988122 -0.015390618 0.121552080 -0.986013174
1403715549312143104.000000 -0.828840613 -0.333965421 -0.630622745 -0.117589287 -0.021643339 0.122683987 -0.985217214
1403715549362142976.000000 -0.838312685 -0.404621661 -0.581564963 0.121904887 0.025812909 -0.117751762 0.985194147
1403715549412143104.000000 -0.836482048 -0.455110133 -0.536484480 0.127759352 0.025405264 -0.111789465 0.985157490
1403715549462142976.000000 -0.835415959 -0.504072964 -0.493112475 0.133437872 0.022012454 -0.104869902 0.985247254
1403715549512143104.000000 -0.834740698 -0.551156342 -0.451277763 0.137872502 0.017021980 -0.099394761 0.985303044
1403715549562142976.000000 -0.840392768 -0.598977447 -0.411201477 0.141192421 0.008676215 -0.094586141 0.985415161
1403715549612143104.000000 -0.840478718 -0.641435027 -0.372014791 0.143198714 0.000468422 -0.088671297 0.985713661
1403715549662142976.000000 -0.840597093 -0.681011796 -0.333449692 0.142766744 -0.008315023 -0.082429029 0.986282945
1403715549712143104.000000 -0.844063282 -0.718667269 -0.297273010 0.139716104 -0.012451156 -0.074928716 0.987274110
1403715549762142976.000000 -0.842462480 -0.752827287 -0.259484619 0.134866863 -0.013709900 -0.067656577 0.988456190
1403715549812143104.000000 -0.839157820 -0.783774674 -0.221679777 -0.127741039 0.011760613 0.060455967 -0.989893496
1403715549862142976.000000 -0.835198522 -0.811079383 -0.184246153 -0.118867137 0.009298418 0.052801855 -0.991461635
1403715549912143104.000000 -0.830405533 -0.834590018 -0.147007093 -0.109012380 0.008501294 0.042160351 -0.993109524
1403715549962142976.000000 -0.826374888 -0.851864457 -0.112183988 0.098221295 -0.007291922 -0.029384725 0.994703948
1403715550012143104.000000 -0.819021881 -0.866564393 -0.075897858 0.085229211 -0.007482663 -0.016265014 0.996200562
1403715550062142976.000000 -0.811280191 -0.876465738 -0.040207304 0.069616944 -0.009178588 -0.005528992 0.997516274
1403715550112143104.000000 -0.801625133 -0.881998599 -0.005836725 -0.051031049 0.009888520 -0.000236670 -0.998648047
1403715550162142976.000000 -0.788393378 -0.879540265 0.029940633 0.030406874 -0.010511804 0.002128177 0.999480128
1403715550212143104.000000 -0.771864414 -0.874834955 0.061762441 0.009796037 -0.010087364 0.003323432 0.999895632
1403715550262142976.000000 -0.751724601 -0.866230190 0.091955096 0.010491301 0.010682500 -0.004073949 -0.999879599
1403715550312143104.000000 -0.725567222 -0.852880478 0.123724997 -0.030446062 -0.011012076 0.005423655 0.999461055
1403715550362142976.000000 -0.697203577 -0.837479949 0.150731444 -0.049867850 -0.009048171 0.006809337 0.998691618
1403715550412143104.000000 -0.665713131 -0.818553567 0.176933542 0.069976851 0.006066265 -0.006860073 -0.997506678
1403715550462142976.000000 -0.633270442 -0.797033668 0.202579021 0.090592489 0.002671144 -0.006550167 -0.995862961
1403715550512143104.000000 -0.597045600 -0.772466660 0.232254148 -0.110961698 0.001208234 0.007547490 0.993795335
1403715550562142976.000000 -0.565395236 -0.746621430 0.257757783 -0.130730808 0.003695322 0.010609649 0.991354287
1403715550612143104.000000 -0.536160648 -0.718453765 0.283819079 0.149295524 -0.006388795 -0.017060846 -0.988624811
1403715550662142976.000000 -0.510304451 -0.688770175 0.310537636 0.166864112 -0.009827014 -0.026086021 -0.985585809
1403715550712143104.000000 -0.487123609 -0.656995893 0.337863952 0.184073791 -0.013492483 -0.036190215 -0.982153356
1403715550762142976.000000 -0.466464758 -0.623498857 0.365775138 0.199911386 -0.017611969 -0.048912983 -0.978433847
1403715550812143104.000000 -0.448164046 -0.587924421 0.393992603 0.215003893 -0.021843309 -0.062798865 -0.974347234
1403715550862142976.000000 -0.432531089 -0.549422562 0.422066629 0.230167389 -0.025651090 -0.076083079 -0.969833195
1403715550912143104.000000 -0.419767469 -0.508535743 0.449624568 0.245143458 -0.029445928 -0.089459270 -0.964901388
1403715550962142976.000000 -0.409236759 -0.461976558 0.484609663 -0.261324674 0.032716542 0.100724138 0.959423661
1403715551012143104.000000 -0.398468167 -0.414402753 0.509043694 -0.277767748 0.035594206 0.109588847 0.953713000
1403715551062142976.000000 -0.385475457 -0.363753378 0.531475484 -0.296127945 0.038064409 0.113173172 0.947655678
1403715551112143104.000000 -0.368341357 -0.309249043 0.551245928 0.314381272 -0.040748514 -0.116257899 -0.941269398
1403715551162142976.000000 -0.352187663 -0.253086627 0.567431569 -0.332809418 0.043593269 0.119441584 0.934382856
1403715551212143104.000000 -0.330380350 -0.194725052 0.579833508 -0.349122882 0.046955865 0.126096830 0.927366138
1403715551262142976.000000 -0.305768669 -0.133887708 0.588896990 -0.365192652 0.052278738 0.133506984 0.919824600
1403715551312143104.000000 -0.282972276 -0.070932388 0.594966829 -0.380537271 0.057299476 0.143544778 0.911758304
1403715551362142976.000000 -0.257825434 -0.005419478 0.597353280 -0.395785123 0.061670627 0.153439954 0.903331161
1403715551412143104.000000 -0.233344525 0.062457204 0.596905887 -0.411236793 0.066643357 0.162808791 0.894391596
1403715551462142976.000000 -0.212340504 0.131280705 0.595401227 -0.427910328 0.072122335 0.169922590 0.884769797
1403715551512143104.000000 -0.189557016 0.202815995 0.589311421 -0.444572568 0.076520026 0.175765350 0.874989450
1403715551562142976.000000 -0.167567775 0.276422799 0.579563975 -0.462774485 0.081029363 0.178012833 0.864630282
1403715551612143104.000000 -0.149549678 0.350913316 0.567044258 0.481688589 -0.083578311 -0.177341923 -0.854131579
1403715551662142976.000000 -0.128848463 0.427331954 0.550027847 0.501679480 -0.087604076 -0.173557058 -0.842924237
1403715551712143104.000000 -0.108914360 0.504212558 0.530045927 0.521326363 -0.092963554 -0.169566438 -0.831158161
1403715551762142976.000000 -0.093471996 0.578705966 0.507590413 0.540084124 -0.097861253 -0.167083055 -0.819033384
1403715551812143104.000000 -0.076625422 0.653983533 0.482670367 0.557384908 -0.105544575 -0.166073933 -0.806599021
1403715551862142976.000000 -0.061026134 0.728168011 0.455282569 0.573765278 -0.114154421 -0.166023716 -0.793850362
1403715551912143104.000000 -0.048807316 0.798242331 0.424485564 0.589106560 -0.124901548 -0.165410146 -0.781020224
1403715551962142976.000000 -0.036513403 0.868883729 0.391509473 0.605463505 -0.131524101 -0.163955286 -0.767615795
1403715552012143104.000000 -0.025862694 0.936708450 0.356077909 0.622440994 -0.133591756 -0.161388040 -0.754105091
1403715552062142976.000000 -0.017939791 0.996454358 0.320343614 0.639677823 -0.129454419 -0.159477010 -0.740689576
1403715552112143104.000000 -0.011858463 1.057832241 0.282688797 0.654164672 -0.127231792 -0.161605313 -0.727849185
1403715552162142976.000000 -0.007505357 1.115844607 0.244176269 0.668413043 -0.123398855 -0.164190575 -0.714869380
1403715552212143104.000000 -0.002711877 1.164179325 0.204805136 0.682490528 -0.123301521 -0.164679885 -0.701344490
1403715552262142976.000000 0.000274628 1.215396404 0.164207220 0.697665215 -0.123524293 -0.162417963 -0.686749935
1403715552312143104.000000 0.002074778 1.263025761 0.123639703 0.712152541 -0.126472577 -0.160544991 -0.671616554
1403715552362142976.000000 0.004114419 1.299407721 0.084819078 0.726502001 -0.127735764 -0.160664663 -0.655793667
1403715552412143104.000000 0.003117323 1.338423967 0.045618892 0.740628421 -0.127522215 -0.162672937 -0.639331877
1403715552462142976.000000 0.001341581 1.372878313 0.007207036 0.754396379 -0.128053948 -0.165687159 -0.622122228
1403715552512143104.000000 0.000721723 1.396981716 -0.030848503 0.767469287 -0.130611479 -0.169414818 -0.604342878
1403715552562142976.000000 -0.002665192 1.422688961 -0.066683769 0.779987991 -0.134678110 -0.174412429 -0.585713983
1403715552612143104.000000 -0.006819338 1.443836093 -0.101399064 0.792297065 -0.140242279 -0.179125354 -0.566137373
1403715552662142976.000000 -0.009524614 1.454773068 -0.136284947 0.803497255 -0.146735877 -0.186202630 -0.546067238
1403715552712143104.000000 -0.016121566 1.466020584 -0.167814612 0.814498723 -0.151737824 -0.194404438 -0.525142312
1403715552762142976.000000 -0.024057865 1.472730041 -0.198083282 0.825028181 -0.155652568 -0.204067305 -0.503445625
1403715552812143104.000000 -0.031495392 1.471327543 -0.229332805 0.835180640 -0.159053043 -0.213394001 -0.481288344
1403715552862142976.000000 -0.042235047 1.468142867 -0.257208705 0.844843030 -0.161350161 -0.223716035 -0.458429366
1403715552912143104.000000 -0.054621011 1.460217357 -0.283841610 0.852841437 -0.165433824 -0.235583022 -0.435653329
1403715552962142976.000000 -0.068466544 1.446809053 -0.309620261 0.859090328 -0.170066372 -0.249190643 -0.413455367
1403715553012143104.000000 -0.081519425 1.427163839 -0.338452697 0.864613116 -0.175913066 -0.262138844 -0.390873432
1403715553062142976.000000 -0.098832458 1.405504823 -0.363160491 0.869880259 -0.181672141 -0.273517817 -0.368091851
1403715553112143104.000000 -0.117658854 1.379216909 -0.387922764 0.875557601 -0.185215294 -0.282593191 -0.345304787
1403715553162142976.000000 -0.136056900 1.346905231 -0.415396452 0.882548928 -0.185872108 -0.287391782 -0.322435915
1403715553212143104.000000 -0.156419247 1.311085343 -0.441120267 0.890024722 -0.186303422 -0.288896948 -0.299475700
1403715553262142976.000000 -0.178091228 1.271084070 -0.467168808 -0.896559238 0.189651772 0.289106131 0.276823759
1403715553312143104.000000 -0.199948788 1.225324631 -0.496913910 0.904126167 -0.190400153 -0.286149442 -0.253815114
1403715553362142976.000000 -0.223212481 1.175785780 -0.523123264 0.912984192 -0.189180508 -0.278776199 -0.230118558
1403715553412143104.000000 -0.247275889 1.121462107 -0.547886968 0.921805263 -0.185108706 -0.270940572 -0.206400141
1403715553462142976.000000 -0.271227777 1.061382890 -0.572505474 0.931776345 -0.176159814 -0.259850472 -0.182313845
1403715553512143104.000000 -0.296220094 0.998636365 -0.592635512 0.940002441 -0.168821514 -0.250467837 -0.158620775
1403715553562142976.000000 -0.321881413 0.932687521 -0.609177709 0.946933448 -0.160089925 -0.243179798 -0.136205271
1403715553612143104.000000 -0.347780883 0.862222254 -0.621456981 0.951820433 -0.151681721 -0.239942685 -0.116008990
1403715553662142976.000000 -0.372813523 0.791062593 -0.629190207 0.955569983 -0.142383903 -0.238412067 -0.098855980
1403715553712143104.000000 -0.397810817 0.718206823 -0.632001162 0.956865668 -0.135033578 -0.242602214 -0.085546613
1403715553762142976.000000 -0.424853325 0.642800391 -0.635772765 0.955925763 -0.125046626 -0.254640669 -0.075679757
1403715553812143104.000000 -0.449016929 0.567789435 -0.629653633 0.953155696 -0.115081668 -0.271227151 -0.068455979
1403715553862142976.000000 -0.471012026 0.492276132 -0.620266199 0.949913502 -0.105211370 -0.287373275 -0.063337363
1403715553912143104.000000 -0.490300328 0.415920317 -0.607621253 -0.946688533 0.095787480 0.301709116 0.059809692
1403715553962142976.000000 -0.506940663 0.346173108 -0.593345284 0.942528725 -0.089312293 -0.316867262 -0.057079326
1403715554012143104.000000 -0.524630904 0.271611959 -0.578483701 0.937138617 -0.086310431 -0.333404958 -0.056239616
1403715554062142976.000000 -0.542329788 0.198331237 -0.562963605 0.930608749 -0.085752860 -0.351256609 -0.056856614
1403715554112143104.000000 -0.560154378 0.125714630 -0.547808468 -0.923633456 0.085381269 0.369107872 0.058059052
1403715554162142976.000000 -0.581184208 0.053441420 -0.541015148 0.916652262 -0.083458252 -0.386260718 -0.059883386
1403715554212143104.000000 -0.598255694 -0.016921908 -0.530562699 0.910802603 -0.083166093 -0.399677485 -0.061482038
1403715554262142976.000000 -0.615536571 -0.086067766 -0.524208844 0.906325996 -0.080203854 -0.410010904 -0.063496001
1403715554312143104.000000 -0.634092033 -0.154710054 -0.521693587 -0.903219223 0.074210107 0.417585701 0.065652363
1403715554362142976.000000 -0.658586502 -0.221934319 -0.532330334 0.902589858 -0.061315104 -0.420598954 -0.068326831
1403715554412143104.000000 -0.681379378 -0.285726488 -0.538308024 0.905365407 -0.041332539 -0.416262001 -0.073014222
1403715554462142976.000000 -0.705146670 -0.346043825 -0.548335135 0.912845552 -0.008719333 -0.400285363 -0.080054201
1403715554512143104.000000 -0.734371781 -0.401460290 -0.565126657 0.920328021 0.026761865 -0.380023062 -0.088672280
1403715554562142976.000000 -0.763245225 -0.450403035 -0.577460468 0.926454842 0.064604312 -0.358206868 -0.095893882
1403715554612143104.000000 -0.792839825 -0.491071522 -0.589386106 -0.931214511 -0.099058211 0.335674137 0.101734981
1403715554662142976.000000 -0.825369477 -0.521600366 -0.603502095 0.933793306 0.127373561 -0.317143381 -0.105953909
1403715554712143104.000000 -0.855869710 -0.542620182 -0.611383796 0.935344219 0.148617536 -0.302002490 -0.108805254
1403715554762142976.000000 -0.884476960 -0.551619947 -0.616263628 0.936527252 0.164891869 -0.289068222 -0.110303931
1403715554812143104.000000 -0.910291731 -0.548095345 -0.619818032 0.938202500 0.177000478 -0.275810033 -0.111246765
1403715554862142976.000000 -0.927701771 -0.529049277 -0.618916094 0.941052198 0.178526998 -0.264743268 -0.111624241
1403715554912143104.000000 -0.935324192 -0.494036257 -0.614590585 0.944276750 0.172953233 -0.257318974 -0.110523798
1403715554962142976.000000 -0.930533469 -0.440850735 -0.611351550 0.948962867 0.161515996 -0.248137638 -0.108672924
1403715555012143104.000000 -0.915901899 -0.376138210 -0.598978937 0.953336000 0.134408191 -0.248877898 -0.105568372
1403715555062142976.000000 -0.891897917 -0.299654096 -0.582082629 0.955894470 0.094931625 -0.258425444 -0.102322914
1403715555112143104.000000 -0.859084725 -0.210543185 -0.561317623 0.955763757 0.047533270 -0.272723019 -0.099390827
1403715555162142976.000000 -0.822532535 -0.117823660 -0.539173901 0.951627016 -0.001828670 -0.291562170 -0.096923538
1403715555212143104.000000 -0.784154177 -0.021447986 -0.515167356 -0.944675863 0.050074734 0.309763968 0.095532507
1403715555262142976.000000 -0.749691248 0.077088341 -0.488706231 0.933318019 -0.103769578 -0.330380380 -0.094858944
1403715555312143104.000000 -0.717124403 0.175251782 -0.462125421 0.920812786 -0.151868954 -0.346645117 -0.094217315
1403715555362142976.000000 -0.688429475 0.270632923 -0.436364949 0.912438810 -0.180530861 -0.355125278 -0.093541801
1403715555412143104.000000 -0.662150204 0.360754341 -0.412750602 -0.907840967 0.197848409 0.357913613 0.092621364
1403715555462142976.000000 -0.638125896 0.444740683 -0.387045383 0.909614027 -0.198782533 -0.353186071 -0.091364227
1403715555512143104.000000 -0.609091163 0.519508123 -0.369966507 0.913194299 -0.193331569 -0.347161621 -0.090431675
1403715555562142976.000000 -0.578274429 0.586727619 -0.355795205 0.918144524 -0.181510046 -0.340480566 -0.090209097
1403715555612143104.000000 -0.545893788 0.647238851 -0.343726039 -0.922174096 0.170778751 0.334949404 0.090767063
1403715555662142976.000000 -0.514448643 0.702851117 -0.329590976 0.924941778 -0.159034669 -0.332693726 -0.092226632
1403715555712143104.000000 -0.478865325 0.752614319 -0.320025802 0.925790191 -0.150206015 -0.333830178 -0.094383478
1403715555762142976.000000 -0.442281663 0.798478961 -0.311195672 0.923836470 -0.150998056 -0.337936044 -0.097596563
1403715555812143104.000000 -0.404804349 0.838863373 -0.303505003 -0.920756161 0.155934870 0.343085140 0.100920632
1403715555862142976.000000 -0.365939409 0.875703335 -0.295893192 0.917192996 -0.163725436 -0.348105520 -0.103796527
1403715555912143104.000000 -0.325163633 0.906609833 -0.293325543 0.915054739 -0.167882442 -0.350962609 -0.106375150
1403715555962142976.000000 -0.284494966 0.932760000 -0.292662740 0.912599146 -0.171661466 -0.354730725 -0.108909972
1403715556012143104.000000 -0.246444374 0.955306530 -0.291091740 -0.909177363 0.179033026 0.359193712 0.111011975
1403715556062142976.000000 -0.212032825 0.973629355 -0.291899681 -0.904120147 0.190883577 0.365242690 0.112818845
1403715556112143104.000000 -0.181127310 0.990477324 -0.292576194 0.901350558 -0.198363096 -0.367801368 -0.113760866
1403715556162142976.000000 -0.153558269 0.999041021 -0.295901716 0.901753664 -0.201623410 -0.364941895 -0.114043564
1403715556212143104.000000 -0.128412306 1.002228975 -0.301372945 0.903460622 -0.203527614 -0.359627694 -0.114032544
1403715556262142976.000000 -0.105214790 0.999594748 -0.309023142 -0.906419694 0.201818734 0.353053629 0.114129953
1403715556312143104.000000 -0.083967663 0.991403520 -0.318202972 -0.909196079 0.198212951 0.347615927 0.115053445
1403715556362142976.000000 -0.065127984 0.977946937 -0.328421116 -0.911111653 0.194346055 0.344210297 0.116723999
1403715556412143104.000000 -0.048867274 0.959499896 -0.339516222 -0.913064659 0.189176112 0.341269910 0.118575871
1403715556462142976.000000 -0.036426343 0.937186301 -0.350626945 -0.915444076 0.178820446 0.339702606 0.120779052
1403715556512143104.000000 -0.028313085 0.911494851 -0.361491323 -0.918516159 0.160711065 0.339610517 0.123145595
1403715556562142976.000000 -0.024783850 0.883841038 -0.372037113 -0.921161115 0.142230660 0.339774072 0.125643507
1403715556612143104.000000 -0.021618664 0.858245611 -0.384354174 0.922887206 -0.127038747 -0.340371639 -0.127622485
1403715556662142976.000000 -0.026204005 0.827974975 -0.393203199 0.922776699 -0.115171999 -0.343965560 -0.130024374
1403715556712143104.000000 -0.034972116 0.797292411 -0.401361525 0.921463728 -0.106099732 -0.349441081 -0.132432908
1403715556762142976.000000 -0.046865702 0.766907811 -0.409769893 0.920505643 -0.097227864 -0.353616536 -0.134801582
1403715556812143104.000000 -0.063533366 0.735521376 -0.418137550 -0.921719849 0.087095648 0.352377832 0.136663169
1403715556862142976.000000 -0.079699576 0.705452085 -0.428271472 -0.922904015 0.079420216 0.350571603 0.137986571
1403715556912143104.000000 -0.096132755 0.676074624 -0.439464748 -0.924368799 0.071068957 0.347940445 0.139387920
1403715556962142976.000000 -0.112905353 0.647714853 -0.451340020 -0.925209463 0.065159202 0.346512794 0.140252173
1403715557012143104.000000 -0.128115416 0.626887083 -0.460191011 0.923509300 -0.064330749 -0.351006746 -0.140664116
1403715557062142976.000000 -0.146308184 0.602405548 -0.473470688 0.920256317 -0.066618077 -0.358659595 -0.141611114
1403715557112143104.000000 -0.164559186 0.579451919 -0.488130689 0.916117311 -0.070428103 -0.368053526 -0.142497584
1403715557162142976.000000 -0.182604432 0.557285011 -0.504839659 -0.911448300 0.075264625 0.378441095 0.142757192
1403715557212143104.000000 -0.200440437 0.538268328 -0.521890223 0.907278001 -0.079362541 -0.387427181 -0.142997786
1403715557262142976.000000 -0.219229341 0.518730223 -0.544502437 0.903445184 -0.082496755 -0.395658672 -0.142952353
1403715557312143104.000000 -0.238192737 0.499980092 -0.570919216 0.901226997 -0.083767273 -0.400626600 -0.142377675
1403715557362142976.000000 -0.257577986 0.482531458 -0.600998342 -0.899285316 0.084830791 0.404929489 0.141851410
1403715557412143104.000000 -0.278078914 0.465674192 -0.635109961 -0.899628222 0.085993133 0.404344171 0.140641689
1403715557462142976.000000 -0.299490839 0.449635327 -0.673100829 -0.901986659 0.085464507 0.399614125 0.139371961
1403715557512143104.000000 -0.321587324 0.434437037 -0.714707136 -0.906703234 0.083388828 0.389789134 0.137840211
1403715557562142976.000000 -0.344888479 0.420014143 -0.758788526 -0.911869824 0.080318101 0.378857791 0.136048615
1403715557612143104.000000 -0.368431807 0.409102798 -0.799907327 0.916437149 -0.075820222 -0.369344860 -0.134084493
1403715557662142976.000000 -0.393559009 0.396969795 -0.847663820 0.920854509 -0.071509726 -0.359667122 -0.132487416
1403715557712143104.000000 -0.419242114 0.386248797 -0.896183729 0.924740791 -0.066670641 -0.351292133 -0.130397201
1403715557762142976.000000 -0.445235908 0.377319247 -0.944856882 0.927010238 -0.065540783 -0.346157730 -0.128574044
1403715557812143104.000000 -0.470643014 0.369045138 -0.993677139 0.927894354 -0.067862563 -0.344174623 -0.126295984
1403715557862142976.000000 -0.493453950 0.361812890 -1.044586420 0.927916110 -0.070806913 -0.344443589 -0.123761036
1403715557912143104.000000 -0.513552964 0.355203062 -1.096524239 0.927634120 -0.073570937 -0.345593274 -0.121027552
1403715557962142976.000000 -0.528734565 0.349885017 -1.148254871 0.927666724 -0.076069616 -0.346060246 -0.117857084
1403715558012143104.000000 -0.542689443 0.344397992 -1.202498913 0.927815974 -0.078594953 -0.346034825 -0.115066461
1403715558062142976.000000 -0.553848624 0.339115173 -1.258009911 0.928056002 -0.078893758 -0.346145362 -0.112566799
1403715558112143104.000000 -0.562330782 0.333608031 -1.314472675 0.927536726 -0.079857878 -0.348031014 -0.110330626
1403715558162142976.000000 -0.568796754 0.329300404 -1.372876763 0.927068055 -0.079730108 -0.349840194 -0.108626954
1403715558212143104.000000 -0.574744642 0.325434536 -1.431792498 0.926814735 -0.075540930 -0.351892561 -0.107143424
1403715558262142976.000000 -0.580848038 0.320322037 -1.491727352 0.927122176 -0.071256325 -0.352311105 -0.106037661
1403715558312143104.000000 -0.587061465 0.318074912 -1.551733375 0.928686082 -0.062957197 -0.350099474 -0.104924232
1403715558362142976.000000 -0.593561590 0.317305654 -1.611852169 0.931275487 -0.057261471 -0.344545186 -0.103613667
1403715558412143104.000000 -0.598490238 0.318708956 -1.674386740 0.934284806 -0.052765932 -0.337272882 -0.102832973
1403715558462142976.000000 -0.606060266 0.322234988 -1.733894587 0.937513351 -0.056886513 -0.327780664 -0.101943783
1403715558512143104.000000 -0.615291655 0.327384710 -1.791780114 0.941443801 -0.062558554 -0.315537602 -0.101024956
1403715558562142976.000000 -0.625238359 0.330515802 -1.849873662 0.944759071 -0.069137499 -0.304262847 -0.100372218
1403715558612143104.000000 -0.638463318 0.337765872 -1.902441978 0.947703719 -0.074302897 -0.294005036 -0.099487670
1403715558662142976.000000 -0.655060291 0.345585525 -1.951762915 0.948859751 -0.079062760 -0.289215833 -0.098835282
1403715558712143104.000000 -0.672490180 0.351580381 -1.999562025 0.949688554 -0.082131855 -0.285403579 -0.099452659
1403715558762142976.000000 -0.692532063 0.360711396 -2.042589664 0.949739158 -0.082220867 -0.284274489 -0.102094427
1403715558812143104.000000 -0.711797833 0.370088816 -2.083362341 0.949875355 -0.080250137 -0.282736421 -0.106568947
1403715558862142976.000000 -0.729917645 0.379236042 -2.121600866 -0.949697971 0.076914623 0.281685859 0.113185987
1403715558912143104.000000 -0.742246211 0.388432980 -2.161433458 0.949630380 -0.071060069 -0.280319095 -0.120722413
1403715558962142976.000000 -0.756897509 0.398118675 -2.194425821 0.949608147 -0.066540360 -0.277517468 -0.129618421
1403715559012143104.000000 -0.769228041 0.407941282 -2.224472761 0.949407756 -0.060327802 -0.274945408 -0.139249817
1403715559062142976.000000 -0.777874887 0.417902112 -2.253852844 0.948307931 -0.057042692 -0.273606449 -0.150325730
1403715559112143104.000000 -0.785833478 0.429157913 -2.277744293 0.947181642 -0.056779895 -0.270801008 -0.162141353
1403715559162142976.000000 -0.791624606 0.441290617 -2.298677444 0.945678473 -0.056735504 -0.268307358 -0.174598247
1403715559212143104.000000 -0.794703841 0.455056190 -2.318338394 0.944092751 -0.055804465 -0.265283763 -0.187614918
1403715559262142976.000000 -0.796971142 0.468481421 -2.333453178 0.942444444 -0.054297239 -0.261880010 -0.200672045
1403715559312143104.000000 -0.798148334 0.482638240 -2.345434427 0.940485120 -0.051953308 -0.258616626 -0.214257151
1403715559362142976.000000 -0.796245813 0.498864651 -2.355441570 0.937977135 -0.048855010 -0.256784528 -0.227758184
1403715559412143104.000000 -0.795641780 0.514077663 -2.361028671 0.934430420 -0.046270505 -0.257580996 -0.241559550
1403715559462142976.000000 -0.795065343 0.529950380 -2.363683701 0.929910898 -0.041395091 -0.262352258 -0.254408240
1403715559512143104.000000 -0.795676112 0.547501564 -2.363803387 0.924006760 -0.041522518 -0.271525353 -0.266010165
1403715559562142976.000000 -0.798621833 0.566279054 -2.360338211 0.917909384 -0.045996644 -0.281083226 -0.276258796
1403715559612143104.000000 -0.803644717 0.586148977 -2.354469299 0.912466705 -0.051622670 -0.288901329 -0.285089016
1403715559662142976.000000 -0.810774744 0.606902957 -2.346807480 0.908477187 -0.054034568 -0.293580085 -0.292506725
1403715559712143104.000000 -0.819611907 0.629284143 -2.337894440 0.905553639 -0.052672442 -0.295611322 -0.299686790
1403715559762142976.000000 -0.832462072 0.658811450 -2.325859785 0.903569758 -0.049671419 -0.294852525 -0.306849331
1403715559812143104.000000 -0.841583490 0.683835030 -2.315149307 0.901275814 -0.047144368 -0.293872058 -0.314830840
1403715559862142976.000000 -0.849978685 0.710358977 -2.303315163 0.898628712 -0.044987191 -0.292748034 -0.323637694
1403715559912143104.000000 -0.857683003 0.736430645 -2.291654110 0.896057248 -0.040510163 -0.290230662 -0.333476365
1403715559962142976.000000 -0.864605963 0.765309453 -2.278398991 0.893136978 -0.035599362 -0.287562609 -0.344015867
1403715560012143104.000000 -0.870483816 0.796167135 -2.264128923 0.889928877 -0.030222531 -0.284670740 -0.355071515
1403715560062142976.000000 -0.875090122 0.829141140 -2.248831272 0.886199892 -0.027939400 -0.282009155 -0.366524249
1403715560112143104.000000 -0.879557133 0.869902730 -2.232184410 0.882250130 -0.024124805 -0.280140787 -0.377589643
1403715560162142976.000000 -0.877772093 0.907099962 -2.215824127 0.877448142 -0.025131527 -0.278603375 -0.389657974
1403715560212143104.000000 -0.872507691 0.946490645 -2.199307680 0.871575594 -0.030137146 -0.279388905 -0.401733279
1403715560262142976.000000 -0.863428473 0.987248421 -2.183022976 0.865662813 -0.036992092 -0.279487818 -0.413698047
1403715560312143104.000000 -0.852505505 1.028276563 -2.165606022 0.859353960 -0.041947875 -0.280469537 -0.425544441
1403715560362142976.000000 -0.838410139 1.071215749 -2.149716377 0.853284657 -0.046695687 -0.280083090 -0.437353760
1403715560412143104.000000 -0.820316970 1.115118980 -2.133870125 0.847626328 -0.050021794 -0.278234124 -0.449013710
1403715560462142976.000000 -0.805240273 1.160112858 -2.118373394 0.841917217 -0.050351556 -0.276854396 -0.460425705
1403715560512143104.000000 -0.790142655 1.206374288 -2.102981329 0.836578071 -0.051649459 -0.274196982 -0.471471757
1403715560562142976.000000 -0.775556207 1.253470898 -2.087590933 0.830950499 -0.053352054 -0.271804154 -0.482490838
1403715560612143104.000000 -0.762174606 1.301395297 -2.071523190 0.825257063 -0.052785292 -0.268740952 -0.493905753
1403715560662142976.000000 -0.746474922 1.350135684 -2.056343555 0.819414377 -0.053080555 -0.264823109 -0.505580068
1403715560712143104.000000 -0.730264008 1.400092840 -2.041215420 0.813072920 -0.052762765 -0.261304140 -0.517541111
1403715560762142976.000000 -0.709357023 1.444156170 -2.023975372 0.807099223 -0.050944511 -0.256251663 -0.529462576
1403715560812143104.000000 -0.692741573 1.495622516 -2.008840084 0.800843716 -0.048888367 -0.250970721 -0.541546881
1403715560862142976.000000 -0.675630391 1.547441363 -1.993330717 0.794984460 -0.043838866 -0.244012833 -0.553656757
1403715560912143104.000000 -0.658191681 1.600052834 -1.977010965 0.787956595 -0.039630979 -0.238774151 -0.566163182
1403715560962142976.000000 -0.638986528 1.650523186 -1.958383441 0.780580938 -0.036504660 -0.232704356 -0.578972936
1403715561012143104.000000 -0.620421469 1.705130816 -1.940209389 0.772162378 -0.034881234 -0.227457479 -0.592293620
1403715561062142976.000000 -0.601359665 1.760442972 -1.921103358 0.763053179 -0.034163602 -0.223076537 -0.605656385
1403715561112143104.000000 -0.582431138 1.816392541 -1.900830626 0.753078341 -0.035090219 -0.219853237 -0.619117439
1403715561162142976.000000 -0.562407970 1.871011138 -1.879733443 0.742729425 -0.037391167 -0.217513219 -0.632173181
1403715561212143104.000000 -0.543226600 1.927834749 -1.857777119 0.732845426 -0.039294347 -0.215586618 -0.644139707
1403715561262142976.000000 -0.523758352 1.985048652 -1.835574389 0.722962499 -0.046452552 -0.216680691 -0.654382885
1403715561312143104.000000 -0.507277489 2.043774128 -1.808594942 0.713888884 -0.054385878 -0.218732625 -0.662993968
1403715561362142976.000000 -0.488540739 2.101590633 -1.786372900 0.704587221 -0.061826583 -0.221924335 -0.671181023
1403715561412143104.000000 -0.470063686 2.159543514 -1.764902592 0.696054220 -0.067910463 -0.222976983 -0.679100871
1403715561462142976.000000 -0.449623287 2.213826180 -1.747485995 0.688647985 -0.070233792 -0.221316725 -0.686913550
1403715561512143104.000000 -0.430515885 2.271985054 -1.728994012 0.683782518 -0.068718895 -0.214160815 -0.694157362
1403715561562142976.000000 -0.411488652 2.329994202 -1.711645722 0.679265559 -0.066941842 -0.206075951 -0.701177478
1403715561612143104.000000 -0.392082244 2.387193441 -1.696148872 0.675276458 -0.063129529 -0.196576357 -0.708077848
1403715561662142976.000000 -0.375889599 2.446162224 -1.679935098 0.671661139 -0.058262531 -0.186188430 -0.714710236
1403715561712143104.000000 -0.356392175 2.503698349 -1.664203525 0.667164803 -0.058723729 -0.175691500 -0.721508920
1403715561762142976.000000 -0.337014258 2.560343266 -1.648112893 0.662290096 -0.057523217 -0.164745182 -0.728643894
1403715561812143104.000000 -0.317315876 2.616916656 -1.631326795 0.655752420 -0.059921514 -0.155371755 -0.736381531
1403715561862142976.000000 -0.300060987 2.671250343 -1.613733292 0.648723185 -0.060973406 -0.146117285 -0.744372368
1403715561912143104.000000 -0.279269993 2.723737240 -1.595644236 0.640214801 -0.064201683 -0.137478665 -0.753062308
1403715561962142976.000000 -0.257725239 2.774420738 -1.577090859 0.632556617 -0.068148278 -0.126652747 -0.761043429
1403715562012143104.000000 -0.236564696 2.821019173 -1.559074044 0.624543488 -0.073506415 -0.116349384 -0.768768549
1403715562062142976.000000 -0.215791970 2.866242409 -1.535678625 0.617390275 -0.079606369 -0.107211553 -0.775240541
1403715562112143104.000000 -0.194357395 2.907292843 -1.516723633 0.612040877 -0.084276468 -0.097010367 -0.780315578
1403715562162142976.000000 -0.173329234 2.944911718 -1.497419119 0.607885659 -0.088183641 -0.088059895 -0.784183741
1403715562212143104.000000 -0.153425187 2.979211330 -1.477783799 0.604947507 -0.089679889 -0.079882599 -0.787156224
1403715562262142976.000000 -0.134545505 3.008946419 -1.457498431 0.603312373 -0.085549749 -0.073671207 -0.789473295
1403715562312143104.000000 -0.116840363 3.034121513 -1.436269045 0.602413893 -0.079053260 -0.069747448 -0.791191220
1403715562362142976.000000 -0.100155443 3.055197239 -1.413678646 0.601986945 -0.068870395 -0.068749085 -0.792554259
1403715562412143104.000000 -0.081901670 3.074856758 -1.383251786 0.601805389 -0.055763792 -0.070263870 -0.793589175
1403715562462142976.000000 -0.066304922 3.088860035 -1.356477976 0.601071656 -0.042298447 -0.071469396 -0.794868469
1403715562512143104.000000 -0.050430954 3.099936962 -1.327138186 0.599139094 -0.030339425 -0.071867540 -0.796835661
1403715562562142976.000000 -0.031316027 3.110627174 -1.293184161 0.596937716 -0.022068385 -0.066788800 -0.799198151
1403715562612143104.000000 -0.013148829 3.116673470 -1.257440329 0.592613280 -0.018430911 -0.062138911 -0.802875221
1403715562662142976.000000 0.004740700 3.120175838 -1.218133926 0.584834158 -0.018112024 -0.066788159 -0.808195770
1403715562712143104.000000 0.025498807 3.123752832 -1.174349546 -0.574973941 0.022154270 0.078741409 0.814072430
1403715562762142976.000000 0.044069976 3.123517036 -1.129584551 -0.565656483 0.027231362 0.090477608 0.819210052
1403715562812143104.000000 0.063117802 3.121981144 -1.083110809 -0.556857824 0.032337762 0.100211509 0.823906124
1403715562862142976.000000 0.086376339 3.119849205 -1.032763004 0.547598541 -0.036168143 -0.108839892 -0.828843594
1403715562912143104.000000 0.105428934 3.116168976 -0.984069884 0.537697673 -0.040217154 -0.115003496 -0.834288895
1403715562962142976.000000 0.124469191 3.112089157 -0.935150266 0.528018296 -0.043009967 -0.117745392 -0.839930296
1403715563012143104.000000 0.143954217 3.107734680 -0.886420846 0.518085361 -0.045062974 -0.118586607 -0.845868826
1403715563062142976.000000 0.159920663 3.110459089 -0.839598656 -0.507980704 0.048448127 0.115461737 0.852218866
1403715563112143104.000000 0.179462165 3.105857849 -0.791127861 -0.498949260 0.050440993 0.106492005 0.858583093
1403715563162142976.000000 0.199269086 3.101067543 -0.742777288 -0.488590449 0.053586394 0.096797422 0.865469933
1403715563212143104.000000 0.220758319 3.097072840 -0.693532228 0.476524651 -0.057459805 -0.084876604 -0.873165846
1403715563262142976.000000 0.238466024 3.094216824 -0.644059658 -0.461872995 0.062977672 0.073541790 0.881645560
1403715563312143104.000000 0.258406132 3.086548328 -0.595381498 -0.445577860 0.066393241 0.061557304 0.890653133
1403715563362142976.000000 0.277441442 3.076918125 -0.547243595 -0.426843137 0.068670444 0.050614346 0.900293052
1403715563412143104.000000 0.295824170 3.066403866 -0.500316978 0.406801671 -0.069747403 -0.040017806 -0.909970522
1403715563462142976.000000 0.306344390 3.052533150 -0.453810453 -0.387486517 0.068041861 0.027879015 0.918938160
1403715563512143104.000000 0.321070075 3.038535595 -0.407571256 -0.367903709 0.065925442 0.016614541 0.927375197
1403715563562142976.000000 0.332348526 3.022867680 -0.361411959 -0.348687589 0.064713664 0.004797362 0.934989929
1403715563612143104.000000 0.336275458 3.005427837 -0.314521581 -0.330453396 0.063435286 -0.007499116 0.941658318
1403715563662142976.000000 0.339972049 2.986707211 -0.269535154 -0.312676936 0.063187987 -0.018530669 0.947574377
1403715563712143104.000000 0.340487391 2.966066360 -0.225209832 -0.295673281 0.063201003 -0.030483680 0.952708662
1403715563762142976.000000 0.337655693 2.943044424 -0.180428743 0.278466672 -0.064709887 0.040840723 -0.957392871
1403715563812143104.000000 0.331284612 2.916083813 -0.134945184 -0.259501576 0.066224821 -0.047931764 0.962276399
1403715563862142976.000000 0.321362525 2.888553619 -0.091544524 -0.237514317 0.070005924 -0.048802480 0.967628300
1403715563912143104.000000 0.307773411 2.859063387 -0.049088620 -0.215738714 0.070952728 -0.049867332 0.972592294
1403715563962142976.000000 0.290111840 2.826967716 -0.008027554 0.192476109 -0.072007947 0.048626751 -0.977447391
1403715564012143104.000000 0.266684592 2.792342901 0.033653937 -0.167769581 0.070450157 -0.044962205 0.982277215
1403715564062142976.000000 0.244773284 2.757595778 0.070083432 -0.142494872 0.067453846 -0.041110307 0.986638308
1403715564112143104.000000 0.221631795 2.722029924 0.103055798 -0.117817476 0.064713329 -0.039141178 0.990151107
1403715564162142976.000000 0.197319180 2.684764147 0.132665306 0.093681470 -0.063350029 0.038758747 -0.992828429
1403715564212143104.000000 0.175691187 2.646167517 0.162720338 -0.069934078 0.059290260 -0.039680082 0.994997203
1403715564262142976.000000 0.152169704 2.610723495 0.185659751 -0.046493404 0.055499535 -0.043608122 0.996421874
1403715564312143104.000000 0.130777344 2.576069355 0.204370290 -0.023898570 0.051553227 -0.052377716 0.997009397
1403715564362142976.000000 0.113776147 2.537393570 0.228062674 -0.000136750 0.047682922 -0.060950510 0.997001231
1403715564412143104.000000 0.096119426 2.503750324 0.239111811 0.023551572 0.037103426 -0.071337499 0.996483624
1403715564462142976.000000 0.084404603 2.469041586 0.250048310 0.046989501 0.024050634 -0.083209194 0.995133102
1403715564512143104.000000 0.072658755 2.436018229 0.254407406 0.070835106 0.012845310 -0.094252102 0.992942095
1403715564562142976.000000 0.064834706 2.403461695 0.256756097 -0.093806811 -0.003008092 0.106782772 -0.989842772
1403715564612143104.000000 0.059572160 2.371222973 0.255765468 -0.117176875 0.004067310 0.119175233 -0.985926151
1403715564662142976.000000 0.057553824 2.339103460 0.252621502 -0.139761418 0.009084702 0.131718934 -0.981343150
1403715564712143104.000000 0.066896640 2.305262566 0.253222197 0.161984891 -0.012340173 -0.145539030 0.975923717
1403715564762142976.000000 0.071106084 2.272603273 0.246609598 0.184112549 -0.014811579 -0.157661617 0.970064938
1403715564812143104.000000 0.079334743 2.239992619 0.238905177 0.205581650 -0.015168102 -0.169984013 0.963644981
1403715564862142976.000000 0.090121202 2.206375360 0.229747206 0.226889893 -0.015778881 -0.180383518 0.956939816
1403715564912143104.000000 0.102564603 2.169967413 0.219159365 -0.248157740 0.013888620 0.190408885 -0.949720681
1403715564962142976.000000 0.119193748 2.133970976 0.206754759 -0.268628120 0.009820500 0.199589893 -0.942287862
1403715565012143104.000000 0.137644634 2.096713781 0.191887647 -0.289135516 0.007575694 0.207652390 -0.934464395
1403715565062142976.000000 0.158108994 2.058402777 0.174315289 -0.309632480 0.006652905 0.215689659 -0.926046193
1403715565112143104.000000 0.179210410 2.019371986 0.154684424 -0.331271052 0.007610421 0.220752671 -0.917316675
1403715565162142976.000000 0.209445447 1.978356600 0.137428790 0.353848159 -0.011168105 -0.224078164 0.907995403
1403715565212143104.000000 0.225788727 1.939803123 0.116049945 0.375263721 -0.014782461 -0.226915687 0.898592234
1403715565262142976.000000 0.238910526 1.901556492 0.094578058 0.396081656 -0.017346958 -0.228712782 0.889105618
1403715565312143104.000000 0.249248028 1.863883257 0.073929429 -0.416347623 0.017443733 0.228735819 -0.879790008
1403715565362142976.000000 0.257838637 1.829681635 0.054867446 0.435680777 -0.015150778 -0.229269817 0.870280504
1403715565412143104.000000 0.262574852 1.793370485 0.035069525 0.455022097 -0.012144265 -0.228961393 0.860455811
1403715565462142976.000000 0.264121622 1.758958459 0.015389919 0.474360168 -0.010117475 -0.227635294 0.850330770
1403715565512143104.000000 0.262509406 1.731410265 -0.005259514 0.493147790 -0.008100032 -0.228417546 0.839383781
1403715565562142976.000000 0.260919869 1.701318741 -0.025727034 0.511743188 -0.006949726 -0.231100753 0.827443779
1403715565612143104.000000 0.259796739 1.673498631 -0.047609925 0.530757070 -0.007026111 -0.234172761 0.814500332
1403715565662142976.000000 0.260039717 1.648834467 -0.070915461 0.550271392 -0.008295104 -0.237381130 0.800489187
1403715565712143104.000000 0.257608116 1.630774498 -0.098279595 0.569865406 -0.010476035 -0.242031693 0.785216153
1403715565762142976.000000 0.259958267 1.610160470 -0.124955893 0.589621186 -0.013810528 -0.248272732 0.768450916
1403715565812143104.000000 0.263052821 1.592453241 -0.152969003 0.608804405 -0.018013215 -0.256985039 0.750327587
1403715565862142976.000000 0.264068633 1.582524180 -0.183938742 0.629356563 -0.024531558 -0.263434082 0.730692267
1403715565912143104.000000 0.268975139 1.570258379 -0.214608073 0.650146365 -0.027965428 -0.271089107 0.709252059
1403715565962142976.000000 0.273896158 1.560295224 -0.245899916 0.671311140 -0.031201446 -0.277211994 0.686674178
1403715566012143104.000000 0.276273936 1.557981730 -0.278000712 0.692451119 -0.033296917 -0.281991661 0.663237154
1403715566062142976.000000 0.281632423 1.552583814 -0.309875965 0.712361217 -0.036809433 -0.286835223 0.639462352
1403715566112143104.000000 0.287384510 1.549416542 -0.341627240 0.730935395 -0.038829975 -0.292676419 0.615277350
1403715566162142976.000000 0.293411255 1.549935579 -0.374215364 0.748969972 -0.039896753 -0.296838254 0.591049373
1403715566212143104.000000 0.296286196 1.557264924 -0.402871847 0.765782237 -0.041964799 -0.301098913 0.566706359
1403715566262142976.000000 0.302731067 1.561370730 -0.433489680 0.782334268 -0.043705862 -0.304185092 0.541769683
1403715566312143104.000000 0.309286058 1.567592621 -0.463613510 0.798087120 -0.045800325 -0.306984246 0.516449511
1403715566362142976.000000 0.315917253 1.577189207 -0.491296768 0.812585771 -0.047068141 -0.310072571 0.491267830
1403715566412143104.000000 0.321103483 1.588508129 -0.518318057 0.825850129 -0.048010141 -0.313485831 0.466254592
1403715566462142976.000000 0.321364135 1.607771754 -0.542736888 0.838901758 -0.049345456 -0.314536572 0.441447347
1403715566512143104.000000 0.322080165 1.623290181 -0.566754341 0.851108849 -0.049333043 -0.314721048 0.417289734
1403715566562142976.000000 0.320444107 1.640923500 -0.589121699 0.862269819 -0.050408274 -0.314390570 0.393838167
1403715566612143104.000000 0.316236049 1.662301779 -0.609549642 0.872574329 -0.050532315 -0.313846856 0.370891958
1403715566662142976.000000 0.310417145 1.685506463 -0.628443241 0.882195115 -0.049946323 -0.313941240 0.347387582
1403715566712143104.000000 0.303542376 1.710988760 -0.646042824 0.891309440 -0.049533829 -0.314668775 0.322641492
1403715566762142976.000000 0.298127472 1.743115187 -0.659455180 0.899999261 -0.050012309 -0.315110534 0.296994030
1403715566812143104.000000 0.292414695 1.773467302 -0.674585640 0.907946646 -0.052373942 -0.316347718 0.269840866
1403715566862142976.000000 0.288314283 1.805727839 -0.688676357 0.915940225 -0.055102859 -0.315544993 0.241761461
1403715566912143104.000000 0.285006166 1.839834094 -0.702095270 0.923680186 -0.057463501 -0.313742757 0.212316632
1403715566962142976.000000 0.283209771 1.875858784 -0.714164615 0.930642307 -0.059713699 -0.311984062 0.181673035
1403715567012143104.000000 0.286033392 1.917691469 -0.720202684 0.935896814 -0.063015543 -0.312565506 0.149763480
1403715567062142976.000000 0.285284281 1.957277775 -0.728194475 0.940088391 -0.068095103 -0.313139379 0.116364129
1403715567112143104.000000 0.285450697 1.998195410 -0.734731615 0.943237484 -0.075297579 -0.312948227 0.081833579
1403715567162142976.000000 0.291634172 2.041819572 -0.736520946 0.945466816 -0.079742171 -0.312362701 0.046511140
1403715567212143104.000000 0.293840200 2.084185362 -0.739290118 0.946279585 -0.084129177 -0.312041163 0.010375274
1403715567262142976.000000 0.295934618 2.127046108 -0.740252495 -0.944742799 0.086282462 0.315149516 0.026406817
1403715567312143104.000000 0.304435313 2.170950174 -0.736512065 0.942351639 -0.087739162 -0.316560775 -0.063754357
1403715567362142976.000000 0.306357354 2.214438915 -0.735063314 0.939049959 -0.085519955 -0.317188472 -0.101306699
1403715567412143104.000000 0.307319641 2.258056164 -0.731703401 0.934430003 -0.081935555 -0.317641228 -0.138677150
1403715567462142976.000000 0.313470900 2.301290512 -0.722777367 0.928724527 -0.078252554 -0.317027539 -0.175615758
1403715567512143104.000000 0.308840096 2.345812798 -0.715147018 0.922130525 -0.073626950 -0.315676153 -0.211194277
1403715567562142976.000000 0.301355004 2.390547037 -0.705191135 0.915161073 -0.070385195 -0.312025398 -0.245288536
1403715567612143104.000000 0.290998340 2.436201811 -0.693759918 0.907432973 -0.068519175 -0.307472944 -0.278084278
1403715567662142976.000000 0.288973153 2.481508255 -0.677457333 0.899581969 -0.067137033 -0.300355345 -0.309889644
1403715567712143104.000000 0.275709987 2.528596163 -0.663233519 0.890852392 -0.066191919 -0.292360425 -0.341359288
1403715567762142976.000000 0.262790680 2.576004505 -0.648099184 0.881938875 -0.067061327 -0.281538635 -0.372052014
1403715567812143104.000000 0.260534704 2.620327234 -0.630810499 0.871912360 -0.067683518 -0.271462113 -0.401865870
1403715567862142976.000000 0.248865664 2.668001175 -0.613137484 0.860995770 -0.067368753 -0.261190563 -0.431193024
1403715567912143104.000000 0.237856627 2.715653419 -0.594424248 0.848841429 -0.066175364 -0.251821786 -0.460081488
1403715567962142976.000000 0.236910224 2.762334347 -0.593355179 0.837175667 -0.063728482 -0.242762461 -0.485944480
1403715568012143104.000000 0.230261564 2.802688599 -0.554721355 0.823473632 -0.061137863 -0.230547324 -0.514782786
1403715568062142976.000000 0.222854912 2.848395348 -0.532616138 0.810294986 -0.061464675 -0.218663916 -0.540213287
1403715568112143104.000000 0.217018843 2.893124819 -0.509033203 0.796634972 -0.062347211 -0.206476018 -0.564670920
1403715568162142976.000000 0.219284356 2.930734158 -0.484698772 0.781907856 -0.063325539 -0.195128322 -0.588672161
1403715568212143104.000000 0.215685368 2.972367764 -0.457839727 0.766655862 -0.063085660 -0.183982223 -0.611890137
1403715568262142976.000000 0.212668598 3.012365341 -0.429049730 0.749637008 -0.064759098 -0.176116645 -0.634691715
1403715568312143104.000000 0.211733401 3.049512625 -0.399205208 0.732236803 -0.065346070 -0.168433473 -0.656650126
1403715568362142976.000000 0.214181006 3.080627918 -0.367681742 0.714734137 -0.066423170 -0.160183460 -0.677557707
1403715568412143104.000000 0.213828087 3.114527702 -0.335265160 0.696658969 -0.066497624 -0.152448624 -0.697856605
1403715568462142976.000000 0.214933395 3.146033764 -0.302192450 0.678412795 -0.066518351 -0.143316969 -0.717489839
1403715568512143104.000000 0.218660593 3.171885967 -0.267422199 0.659891129 -0.065249689 -0.134609938 -0.736319482
1403715568562142976.000000 0.222670197 3.197989464 -0.232909203 0.640345991 -0.064831823 -0.126625374 -0.754797935
1403715568612143104.000000 0.227957010 3.221673727 -0.198019743 0.621169388 -0.062636763 -0.117214344 -0.772325099
1403715568662142976.000000 0.235018164 3.240300179 -0.162912369 0.601384878 -0.060244929 -0.108157411 -0.789309025
1403715568712143104.000000 0.242442131 3.257658005 -0.124128342 0.580501437 -0.058995411 -0.100202776 -0.805913866
1403715568762142976.000000 0.251419038 3.272437572 -0.087751746 0.559468269 -0.057357173 -0.091916852 -0.821740150
1403715568812143104.000000 0.261096209 3.284878492 -0.051088214 0.538024187 -0.054827102 -0.084451400 -0.836894274
1403715568862142976.000000 0.270981640 3.294715166 -0.013198018 0.517205000 -0.051466838 -0.076351359 -0.850894034
1403715568912143104.000000 0.281105399 3.302602768 0.024197936 0.496397197 -0.048468791 -0.069135554 -0.863979697
1403715568962142976.000000 0.288644761 3.309224606 0.065864325 -0.475640506 0.043544486 0.065122597 0.876144469
1403715569012143104.000000 0.297689319 3.313169241 0.103613973 -0.456134617 0.038341433 0.059984863 0.887058616
1403715569062142976.000000 0.306655109 3.315485716 0.141543388 -0.436951280 0.034415223 0.054160208 0.897193313
1403715569112143104.000000 0.314673752 3.315706491 0.179814398 0.417734683 -0.030692976 -0.048648451 -0.906746447
1403715569162142976.000000 0.321550161 3.317649841 0.222328544 -0.398469985 0.028517354 0.044241603 0.915669858
1403715569212143104.000000 0.329750270 3.315913200 0.261010766 -0.379728436 0.027274456 0.040793441 0.923795640
1403715569262142976.000000 0.338929772 3.313354969 0.299364865 -0.362569273 0.029389972 0.036288515 0.930786192
1403715569312143104.000000 0.347558349 3.311844826 0.339298368 -0.347540408 0.035472132 0.029452669 0.936530888
1403715569362142976.000000 0.357722998 3.307882786 0.376572311 -0.333720505 0.042116210 0.022150632 0.941470325
1403715569412143104.000000 0.367986798 3.302478313 0.413037270 -0.320658714 0.048667185 0.015408272 0.945818245
1403715569462142976.000000 0.376455545 3.297792435 0.454022348 -0.308444291 0.053378481 0.008540014 0.949705184
1403715569512143104.000000 0.386412144 3.289540291 0.488954633 -0.296668977 0.055424437 -0.000036435 0.953370750
1403715569562142976.000000 0.395763755 3.279376507 0.522703886 -0.284264416 0.055630084 -0.007557009 0.957100809
1403715569612143104.000000 0.402334571 3.267755747 0.558126032 -0.272133440 0.054668054 -0.015402724 0.960581958
1403715569662142976.000000 0.410029292 3.253595114 0.589807868 -0.258627594 0.051537268 -0.022012660 0.964350104
1403715569712143104.000000 0.416997313 3.237349510 0.620323181 -0.244384632 0.047288552 -0.027661469 0.968129575
1403715569762142976.000000 0.421463639 3.219586372 0.653890491 -0.228081465 0.043823071 -0.032326464 0.972118020
1403715569812143104.000000 0.427490801 3.198413372 0.681709647 -0.210331991 0.040231090 -0.037074979 0.976098061
1403715569862142976.000000 0.432913303 3.175018787 0.708366156 -0.190391436 0.037628677 -0.040282663 0.980159521
1403715569912143104.000000 0.436623603 3.150463581 0.735336483 -0.171205431 0.038270090 -0.047523815 0.983344138
1403715569962142976.000000 0.441340744 3.123053074 0.759324193 -0.151373148 0.039328258 -0.054445915 0.986192286
1403715570012143104.000000 0.445416659 3.094229937 0.782028973 -0.131060630 0.039898634 -0.061140597 0.988682508
1403715570062142976.000000 0.448005140 3.067297220 0.809017301 -0.110608630 0.040605232 -0.068431109 0.990673602
1403715570112143104.000000 0.449669600 3.035737991 0.829145908 -0.089662157 0.040571321 -0.075625211 0.992267847
1403715570162142976.000000 0.450421035 3.002848148 0.847872376 -0.068381615 0.040145993 -0.082773753 0.993408680
1403715570212143104.000000 0.450434834 2.970544100 0.869613469 -0.046516888 0.039493561 -0.089882329 0.994081318
1403715570262142976.000000 0.448712349 2.935620785 0.884469330 -0.024058230 0.038344823 -0.097032972 0.994251251
1403715570312143104.000000 0.445493102 2.899738312 0.897277415 0.001171864 -0.038779300 0.104594842 -0.993757904
1403715570362142976.000000 0.440402985 2.862513304 0.908959448 0.022518229 0.039197285 -0.112414621 0.992632568
1403715570412143104.000000 0.434115499 2.824634790 0.917331696 0.046487421 0.039441127 -0.120463274 0.990844071
1403715570462142976.000000 0.427188963 2.786668539 0.925759315 0.071686856 0.039952308 -0.126712322 0.988538742
1403715570512143104.000000 0.420489609 2.749454021 0.937649429 0.097142085 0.040513091 -0.134116873 0.985360205
1403715570562142976.000000 0.411159903 2.709931850 0.940755486 0.121956386 0.041173775 -0.143030897 0.981312156
1403715570612143104.000000 0.399741828 2.670355558 0.940804482 0.146906376 0.040183179 -0.151740804 0.976615906
1403715570662142976.000000 0.385884106 2.631094217 0.938218653 0.172337040 0.034485187 -0.159291148 0.971461296
1403715570712143104.000000 0.369364947 2.592504501 0.931724012 0.197219789 0.027264949 -0.166567355 0.965720654
1403715570762142976.000000 0.351850957 2.554342031 0.922930598 -0.222112149 -0.021772394 0.175010130 -0.958938777
1403715570812143104.000000 0.336369097 2.514646292 0.914923012 0.247864187 0.017237898 -0.183298960 0.951140225
1403715570862142976.000000 0.317004025 2.476597309 0.901388049 0.272476912 0.012158167 -0.191174820 0.942900181
1403715570912143104.000000 0.297022283 2.438754559 0.885811329 0.297008663 0.007626759 -0.198107824 0.934066951
1403715570962142976.000000 0.275925636 2.400768518 0.867506385 -0.319117039 -0.000639227 0.206038892 -0.925047040
1403715571012143104.000000 0.254050761 2.363883972 0.848139346 -0.340031624 0.005689038 0.211733565 -0.916250527
1403715571062142976.000000 0.231894702 2.327617645 0.827750504 -0.358226478 0.010905901 0.215393469 -0.908383489
1403715571112143104.000000 0.214462027 2.291567326 0.816016853 0.374421209 -0.015399387 -0.216141522 0.901584446
1403715571162142976.000000 0.192114130 2.257083416 0.794141650 0.388090789 -0.016962795 -0.214943752 0.896045208
1403715571212143104.000000 0.170984536 2.223141193 0.771834731 -0.400110245 0.013478807 0.212556794 -0.891375184
1403715571262142976.000000 0.151353270 2.189451456 0.751206517 0.409451365 -0.006615918 -0.211368799 0.887484729
1403715571312143104.000000 0.131529495 2.158284426 0.727748394 0.416223317 0.000800546 -0.211054400 0.884428382
1403715571362142976.000000 0.111818478 2.129176140 0.703164458 0.421234995 0.007117910 -0.210160404 0.882237554
1403715571412143104.000000 0.091816992 2.102110624 0.677299559 0.423807919 0.007644522 -0.211309612 0.880725145
1403715571462142976.000000 0.071557328 2.076672554 0.650296092 0.424065500 0.002830389 -0.214837193 0.879775822
1403715571512143104.000000 0.051125750 2.053267956 0.622195244 0.423732162 -0.004405779 -0.217337862 0.879315555
1403715571562142976.000000 0.029720515 2.031478167 0.593601167 0.424195796 -0.016905634 -0.215530485 0.879385471
1403715571612143104.000000 0.007644624 2.015040159 0.565863013 0.425050348 -0.033137973 -0.211110905 0.879583061
1403715571662142976.000000 -0.018535525 1.995919943 0.538102031 0.426949859 -0.052361835 -0.200685367 0.880169034
1403715571712143104.000000 -0.048360527 1.978089333 0.511921883 0.428358734 -0.074338049 -0.188978255 0.880494118
1403715571762142976.000000 -0.079971686 1.965610981 0.489598632 0.429019302 -0.097913265 -0.177252486 0.880305052
1403715571812143104.000000 -0.110514797 1.950453758 0.470820278 0.428169191 -0.120514944 -0.169213444 0.879496574
1403715571862142976.000000 -0.139101267 1.935830355 0.456593007 -0.426414132 0.139764205 0.163056016 -0.878663599
1403715571912143104.000000 -0.167720422 1.925822973 0.447054863 0.423855215 -0.157164916 -0.159175441 0.877672613
1403715571962142976.000000 -0.191332430 1.911540031 0.444409996 0.419708133 -0.172946677 -0.159410760 0.876654327
1403715572012143104.000000 -0.211311489 1.896725178 0.448891878 0.415099651 -0.184997991 -0.163746580 0.875588477
1403715572062142976.000000 -0.227441207 1.885442972 0.460513711 0.410173863 -0.192470476 -0.172951326 0.874528646
1403715572112143104.000000 -0.239274547 1.868295431 0.479988635 0.404594004 -0.192961708 -0.189555407 0.873577893
1403715572162142976.000000 -0.247640803 1.849160671 0.506522536 0.400930524 -0.185400531 -0.209731326 0.872292519
1403715572212143104.000000 -0.252693772 1.825740099 0.538437665 -0.400762826 0.170766115 0.228304952 -0.870692313
1403715572262142976.000000 -0.255250931 1.797900319 0.575151026 -0.404423356 0.145648777 0.247668177 -0.868267596
1403715572312143104.000000 -0.254658997 1.769710779 0.614114463 0.411195576 -0.114881821 -0.265477061 0.864431858
1403715572362142976.000000 -0.256813705 1.733986378 0.655351996 0.421171367 -0.085519999 -0.276984066 0.859407306
1403715572412143104.000000 -0.259963453 1.695375204 0.696437120 0.432902426 -0.056897379 -0.285239995 0.853227079
1403715572462142976.000000 -0.264727145 1.654799461 0.736301959 0.445549458 -0.035024583 -0.289428413 0.846457422
1403715572512143104.000000 -0.268442750 1.613102436 0.773381829 0.458865464 -0.020979417 -0.290285528 0.839486003
1403715572562142976.000000 -0.277086318 1.570791245 0.808740973 -0.472563297 0.012873542 0.289865255 -0.832163692
1403715572612143104.000000 -0.286839396 1.527925730 0.840986252 -0.485832453 0.007869934 0.290575922 -0.824300051
1403715572662142976.000000 -0.296420664 1.483971596 0.870190501 0.499788612 -0.004291254 -0.291809529 0.815500021
1403715572712143104.000000 -0.308423311 1.440886259 0.895662665 0.512975037 -0.004079901 -0.294898599 0.806148171
1403715572762142976.000000 -0.320517361 1.397636175 0.917461038 0.525328696 -0.005717776 -0.299547613 0.796409726
1403715572812143104.000000 -0.330127239 1.352392077 0.934342861 0.538200259 -0.011505728 -0.301865131 0.786819875
1403715572862142976.000000 -0.339350879 1.309071898 0.947391272 0.551739633 -0.016946888 -0.302683771 0.776967704
1403715572912143104.000000 -0.345862895 1.265159249 0.956747532 0.565811634 -0.022123355 -0.301131129 0.767260015
1403715572962142976.000000 -0.350712061 1.218963623 0.961648107 0.579880297 -0.025120763 -0.300090045 0.757003069
1403715573012143104.000000 -0.352941543 1.174247742 0.964023113 0.593902647 -0.026747229 -0.298956960 0.746450961
1403715573062142976.000000 -0.353036076 1.129727364 0.963207901 0.607963979 -0.029318552 -0.297590226 0.735500097
1403715573112143104.000000 -0.351417273 1.084318280 0.958719134 0.621749938 -0.031964742 -0.296735555 0.724122405
1403715573162142976.000000 -0.347851902 1.040757895 0.953003645 0.635391653 -0.036782466 -0.295216203 0.712581098
1403715573212143104.000000 -0.343608677 0.998404443 0.946164906 0.647856295 -0.039439071 -0.296782702 0.700461924
1403715573262142976.000000 -0.340235054 0.955901206 0.937179506 0.660528600 -0.044532627 -0.297083497 0.688084483
1403715573312143104.000000 -0.337412804 0.916232586 0.929013848 0.672441363 -0.049615022 -0.299139798 0.675186157
1403715573362142976.000000 -0.335525364 0.877192140 0.921045661 0.683914840 -0.055156019 -0.301149577 0.662213981
1403715573412143104.000000 -0.332579970 0.838701665 0.910923541 0.695169389 -0.060934272 -0.303170890 0.648932993
1403715573462142976.000000 -0.331573844 0.801171541 0.903381765 0.706587136 -0.070003480 -0.302901745 0.635676622
1403715573512143104.000000 -0.330376178 0.764204979 0.896293402 0.717519224 -0.078141943 -0.302979141 0.622305214
1403715573562142976.000000 -0.328402638 0.725429058 0.887400925 0.727774322 -0.085421786 -0.303515136 0.609037161
1403715573612143104.000000 -0.326137543 0.688345134 0.881643295 0.737195015 -0.088532448 -0.306825787 0.595452309
1403715573662142976.000000 -0.323507130 0.651130974 0.876721561 0.745612502 -0.088851988 -0.312854439 0.581626594
1403715573712143104.000000 -0.320041180 0.613501906 0.871663272 0.752662599 -0.086709566 -0.322402090 0.567483366
1403715573762142976.000000 -0.318168610 0.576393962 0.867833495 0.759111464 -0.086261153 -0.332361072 0.553032577
1403715573812143104.000000 -0.315652221 0.537893057 0.863750577 0.765350461 -0.084132239 -0.343490332 0.537749887
1403715573862142976.000000 -0.313522190 0.498982430 0.859161735 0.771719396 -0.083955877 -0.353625447 0.521871269
1403715573912143104.000000 -0.311723530 0.461705863 0.852526963 0.778449535 -0.085173972 -0.362428904 0.505378127
1403715573962142976.000000 -0.310295939 0.421301544 0.845588088 0.786378086 -0.087435886 -0.368749678 0.487840265
1403715574012143104.000000 -0.309959918 0.379953742 0.837395549 0.794428647 -0.091058329 -0.374680251 0.469261348
1403715574062142976.000000 -0.311369538 0.338766873 0.829925716 0.802687347 -0.094527751 -0.380552620 0.449374318
1403715574112143104.000000 -0.311750650 0.294555724 0.818115652 0.811737478 -0.097538933 -0.383959144 0.429119855
1403715574162142976.000000 -0.312319815 0.248618960 0.804327786 0.821645081 -0.099283434 -0.384769380 0.408649862
1403715574212143104.000000 -0.314803034 0.201679707 0.791494727 0.832125425 -0.097306371 -0.384346485 0.387784243
1403715574262142976.000000 -0.315828115 0.152522027 0.774893582 0.843837559 -0.090909772 -0.380494446 0.367284149
1403715574312143104.000000 -0.317341208 0.102511764 0.757206917 0.854715288 -0.079858407 -0.377317935 0.347441614
1403715574362142976.000000 -0.320726335 0.053577960 0.740440428 0.864326715 -0.067343928 -0.374648243 0.328698665
1403715574412143104.000000 -0.324316680 0.003969431 0.720739424 0.872010767 -0.054020323 -0.373369485 0.311888278
1403715574462142976.000000 -0.329584628 -0.044245958 0.700429559 0.877234817 -0.042917535 -0.374002367 0.297891676
1403715574512143104.000000 -0.335515141 -0.089690626 0.680977166 0.881382942 -0.033902727 -0.374156594 0.286394238
1403715574562142976.000000 -0.343348503 -0.133665442 0.658365548 0.884435534 -0.028921667 -0.375250220 0.275907040
1403715574612143104.000000 -0.352813393 -0.174504757 0.635070086 0.886156976 -0.024922788 -0.378625900 0.265983343
1403715574662142976.000000 -0.362916410 -0.212787509 0.609791160 0.887736797 -0.022326326 -0.381543249 0.256612062
1403715574712143104.000000 -0.370859772 -0.247777998 0.581770360 0.889407575 -0.022027057 -0.383627683 0.247585937
1403715574762142976.000000 -0.382605106 -0.279685497 0.552108526 0.891071618 -0.024864627 -0.385097891 0.238899246
1403715574812143104.000000 -0.394738436 -0.309051096 0.520234823 0.892766178 -0.032132931 -0.384864867 0.231981084
1403715574862142976.000000 -0.407169968 -0.335898042 0.486092806 0.894432604 -0.043370374 -0.383038789 0.226695448
1403715574912143104.000000 -0.416596562 -0.361707568 0.448103964 0.896284282 -0.052814133 -0.379656672 0.223038137
1403715574962142976.000000 -0.427521706 -0.385539830 0.410031945 0.899036944 -0.059107516 -0.373475403 0.220805392
1403715575012143104.000000 -0.437791616 -0.408502936 0.370882213 0.901251376 -0.063945368 -0.368123770 0.219412416
1403715575062142976.000000 -0.446061462 -0.430992305 0.329709947 0.903993964 -0.064362496 -0.361342996 0.219280034
1403715575112143104.000000 -0.455133498 -0.452405542 0.289026111 0.906464934 -0.062631570 -0.355029523 0.219892681
1403715575162142976.000000 -0.462508500 -0.473356515 0.245270222 0.910507917 -0.059522036 -0.343967557 0.221627742
1403715575212143104.000000 -0.469112396 -0.492590189 0.204713076 0.914991617 -0.054343015 -0.331096947 0.224080577
1403715575262142976.000000 -0.475279450 -0.509790599 0.165209979 0.918111920 -0.047729187 -0.321420878 0.226894647
1403715575312143104.000000 -0.479713231 -0.526809514 0.124222904 0.918661535 -0.043056168 -0.318171680 0.230160758
1403715575362142976.000000 -0.487093687 -0.538682222 0.088298023 0.916047573 -0.044353530 -0.323135674 0.233394489
1403715575412143104.000000 -0.493855566 -0.547808826 0.053755641 0.912587047 -0.047887068 -0.330057234 0.236546025
1403715575462142976.000000 -0.498793185 -0.554586768 0.020190775 0.908842444 -0.048735321 -0.337812990 0.239818200
1403715575512143104.000000 -0.503407717 -0.559067309 -0.020190060 0.905683041 -0.046453539 -0.343679875 0.243853435
1403715575562142976.000000 -0.505064130 -0.562592149 -0.054683745 0.904312789 -0.036968082 -0.345842183 0.247477487
1403715575612143104.000000 -0.505194783 -0.563896239 -0.089889348 0.904082596 -0.024367396 -0.344858557 0.251224101
1403715575662142976.000000 -0.505861998 -0.561891317 -0.128828228 0.903509796 -0.013437516 -0.344512731 0.254559666
1403715575712143104.000000 -0.504925966 -0.556428194 -0.165361822 0.902925372 -0.002632200 -0.343901068 0.257780850
1403715575762142976.000000 -0.504085481 -0.546716154 -0.202787995 0.901874363 0.004006281 -0.344517380 0.260603964
1403715575812143104.000000 -0.504696727 -0.532424510 -0.245601594 0.900038481 0.005223594 -0.347135663 0.263439476
1403715575862142976.000000 -0.504195392 -0.513783395 -0.284999907 0.898776114 0.003935144 -0.348704606 0.265690058
1403715575912143104.000000 -0.503795862 -0.490893573 -0.327072203 0.898199916 -0.000992273 -0.348758519 0.267588079
1403715575962142976.000000 -0.503735006 -0.463418484 -0.367960393 0.897685766 -0.012774580 -0.348518401 0.269317716
1403715576012143104.000000 -0.503719330 -0.432591230 -0.409703851 0.897402763 -0.025496272 -0.347449780 0.270733953
1403715576062142976.000000 -0.504344165 -0.400834739 -0.453313947 0.897133708 -0.036164522 -0.346509308 0.271614879
1403715576112143104.000000 -0.504061639 -0.364688843 -0.495676935 0.897174835 -0.043725215 -0.344948858 0.272352219
1403715576162142976.000000 -0.504083216 -0.326604128 -0.538131893 0.897502363 -0.051269222 -0.342519104 0.273023397
1403715576212143104.000000 -0.505390942 -0.289728463 -0.583900332 0.897803724 -0.058245338 -0.340744048 0.272854269
1403715576262142976.000000 -0.505484164 -0.249066263 -0.626341164 0.898189902 -0.061574530 -0.339265227 0.272695154
1403715576312143104.000000 -0.504330158 -0.207942963 -0.669221580 0.899641871 -0.062051773 -0.335378915 0.272608012
1403715576362142976.000000 -0.501680493 -0.169120312 -0.711921036 0.901872456 -0.059760299 -0.330167592 0.272110492
1403715576412143104.000000 -0.497889787 -0.126151204 -0.754202962 0.905531049 -0.057592951 -0.320718020 0.271729141
1403715576462142976.000000 -0.492743880 -0.081995308 -0.795856059 0.908903778 -0.054861151 -0.311637670 0.271599561
1403715576512143104.000000 -0.487231314 -0.039021611 -0.835299194 0.911832273 -0.051760338 -0.303375840 0.271746218
1403715576562142976.000000 -0.479769826 0.008415997 -0.873876512 0.914094031 -0.048209999 -0.295634180 0.273328274
1403715576612143104.000000 -0.470535070 0.057980776 -0.910379410 0.916058004 -0.043576606 -0.288202107 0.275460362
1403715576662142976.000000 -0.460459590 0.106679201 -0.942213416 0.915854335 -0.041192595 -0.286811471 0.277944833
1403715576712143104.000000 -0.449294209 0.160845876 -0.973136306 0.914652944 -0.038625788 -0.287338436 0.281699628
1403715576762142976.000000 -0.436907023 0.217579484 -1.001391411 0.912138760 -0.039331414 -0.290759921 0.286207259
1403715576812143104.000000 -0.425485432 0.274748683 -1.025217652 0.908123672 -0.041594639 -0.297928840 0.291238338
1403715576862142976.000000 -0.410993397 0.336307168 -1.048909068 0.903210282 -0.044653688 -0.307468593 0.296108812
1403715576912143104.000000 -0.395298898 0.399924040 -1.071141243 0.898166478 -0.047889594 -0.316993564 0.300863206
1403715576962142976.000000 -0.380523175 0.464008808 -1.091539979 0.893659413 -0.051206194 -0.324747860 0.305433542
1403715577012143104.000000 -0.363222480 0.530723572 -1.112073183 0.890230298 -0.056900762 -0.328182429 0.310722977
1403715577062142976.000000 -0.345587790 0.598574996 -1.131822348 0.887280405 -0.065033086 -0.329070181 0.316570878
1403715577112143104.000000 -0.332062215 0.664218664 -1.148321629 0.884222984 -0.073926978 -0.329067379 0.323108613
1403715577162142976.000000 -0.315038770 0.732893109 -1.165936351 0.881218493 -0.081839912 -0.328224242 0.330189556
1403715577212143104.000000 -0.299973965 0.801863790 -1.182005882 0.878558457 -0.088439099 -0.326965958 0.336759537
1403715577262142976.000000 -0.291651309 0.870311737 -1.195034623 0.876591861 -0.092157289 -0.325191796 0.342555255
1403715577312143104.000000 -0.286263555 0.939733148 -1.206139565 0.874782860 -0.092588119 -0.324945092 0.347265065
1403715577362142976.000000 -0.285956472 1.009677410 -1.214704752 0.873369813 -0.089819841 -0.325424135 0.351079434
1403715577412143104.000000 -0.293627560 1.076334596 -1.220011353 0.872277260 -0.086296134 -0.326059163 0.354077548
1403715577462142976.000000 -0.297637999 1.147078872 -1.224792004 0.871131539 -0.083685733 -0.327128381 0.356530011
1403715577512143104.000000 -0.301705688 1.217737436 -1.228638411 0.870374978 -0.081669539 -0.327599734 0.358407676
1403715577562142976.000000 -0.306386113 1.286766529 -1.231142402 0.869772673 -0.080117166 -0.328180164 0.359686971
1403715577612143104.000000 -0.306300581 1.356716514 -1.234772801 0.869079053 -0.080065861 -0.328667372 0.360927820
1403715577662142976.000000 -0.302477330 1.425765276 -1.238905311 0.868656933 -0.080326095 -0.328847229 0.361721426
1403715577712143104.000000 -0.296601683 1.492729068 -1.241997719 0.868122220 -0.083087161 -0.329229742 0.362033516
1403715577762142976.000000 -0.286313295 1.560230374 -1.246657968 0.867888510 -0.087897934 -0.328170955 0.362418830
1403715577812143104.000000 -0.275255471 1.626655817 -1.250522375 0.867520392 -0.093240969 -0.325653523 0.364231288
1403715577862142976.000000 -0.268330991 1.689945698 -1.256010413 0.866312623 -0.099510022 -0.323663771 0.367208272
1403715577912143104.000000 -0.261894584 1.754953861 -1.254928708 0.864426255 -0.104819730 -0.321637213 0.371926844
1403715577962142976.000000 -0.258975565 1.819647074 -1.250593066 0.861470997 -0.111012623 -0.320372075 0.378028661
1403715578012143104.000000 -0.260474086 1.882438064 -1.243460536 0.857436180 -0.118577212 -0.319666058 0.385430068
1403715578062142976.000000 -0.264134526 1.945661187 -1.232714415 0.852283537 -0.127134800 -0.319889843 0.393852800
1403715578112143104.000000 -0.270783842 2.007899761 -1.218898535 0.845147371 -0.140475050 -0.321685910 0.403126329
1403715578162142976.000000 -0.281479716 2.065074444 -1.204651833 0.836089134 -0.157827362 -0.324169934 0.413472235
1403715578212143104.000000 -0.291468978 2.122176647 -1.184740663 0.827537477 -0.168261364 -0.324601322 0.426032722
1403715578262142976.000000 -0.300858259 2.174257278 -1.162502646 0.820012927 -0.168898135 -0.324609160 0.440092117
1403715578312143104.000000 -0.311462760 2.219987154 -1.144646883 0.812426984 -0.165861338 -0.324003279 0.455493540
1403715578362142976.000000 -0.319138408 2.263587952 -1.116870046 0.804910183 -0.159593344 -0.323596597 0.471099645
1403715578412143104.000000 -0.326495528 2.303680658 -1.086565971 0.796689570 -0.152399570 -0.324250042 0.486746401
1403715578462142976.000000 -0.335101366 2.338679552 -1.055974483 0.787139177 -0.144779772 -0.327724993 0.502042830
1403715578512143104.000000 -0.343097091 2.372000217 -1.022248507 0.775847375 -0.137989312 -0.335160464 0.516417742
1403715578562142976.000000 -0.351721406 2.402806520 -0.987020254 0.762672961 -0.131162256 -0.348176479 0.529055357
1403715578612143104.000000 -0.365638614 2.424360752 -0.957046986 0.747662008 -0.129631698 -0.364933521 0.539463401
1403715578662142976.000000 -0.376302361 2.449279308 -0.922213078 0.733412445 -0.129445076 -0.381958097 0.547227740
1403715578712143104.000000 -0.387618780 2.470185757 -0.888877869 -0.720338166 0.131761804 0.396344751 -0.553771198
1403715578762142976.000000 -0.401105523 2.486454248 -0.858986616 0.709550083 -0.133904934 -0.406879663 0.559515178
1403715578812143104.000000 -0.413824439 2.496533871 -0.830559969 0.701910079 -0.136860281 -0.412462503 0.564328194
1403715578862142976.000000 -0.427557349 2.500669718 -0.804874420 0.696965933 -0.136910915 -0.414941639 0.568610072
1403715578912143104.000000 -0.443429112 2.499460459 -0.783714771 0.694994390 -0.131995261 -0.414470553 0.572515786
1403715578962142976.000000 -0.458190441 2.490090132 -0.764984608 0.696339130 -0.119445756 -0.412065208 0.575366676
1403715579012143104.000000 -0.473428726 2.475378275 -0.750142574 -0.699485421 0.102999620 0.407627821 -0.577884793
1403715579062142976.000000 -0.488165736 2.455575228 -0.739393711 -0.702264309 0.083232962 0.405909777 -0.578907967
1403715579112143104.000000 -0.500748158 2.434898138 -0.734791517 0.704728186 -0.060317744 -0.404713124 0.579592288
1403715579162142976.000000 -0.513164163 2.408898354 -0.734951019 0.707784176 -0.037175272 -0.402462840 0.579381883
1403715579212143104.000000 -0.524980664 2.380918741 -0.741295099 0.711187959 -0.011823398 -0.399747223 0.578164339
1403715579262142976.000000 -0.535332203 2.353618145 -0.755225420 0.714252234 0.003837696 -0.394353837 0.578199029
1403715579312143104.000000 -0.549658656 2.326987743 -0.772871017 0.716518342 0.013195615 -0.389745265 0.578382313
1403715579362142976.000000 -0.566384315 2.301785946 -0.795873880 0.717173696 0.017177839 -0.387777597 0.578787923
1403715579412143104.000000 -0.583731294 2.278802395 -0.824522972 0.717267334 0.015707316 -0.386194587 0.579771280
1403715579462142976.000000 -0.604652643 2.257495880 -0.856930733 0.717555583 0.011302778 -0.384424120 0.580693126
1403715579512143104.000000 -0.627927303 2.238028049 -0.893984318 0.717251480 0.001459133 -0.383514911 0.581777155
1403715579562142976.000000 -0.650407434 2.220045805 -0.936842442 0.717756510 -0.012632872 -0.380486697 0.583006024
1403715579612143104.000000 -0.675361276 2.202286959 -0.982788682 0.718923211 -0.018881109 -0.377868265 0.583102584
1403715579662142976.000000 -0.700444818 2.184472084 -1.032657981 0.721573830 -0.022419250 -0.373095423 0.582776487
1403715579712143104.000000 -0.723462224 2.167328358 -1.087620616 0.724878788 -0.025972348 -0.367001981 0.582396626
1403715579762142976.000000 -0.747436285 2.149895430 -1.145073891 0.728618622 -0.027610468 -0.360502094 0.581713796
1403715579812143104.000000 -0.769874811 2.132544041 -1.205759645 0.730938554 -0.025803547 -0.357890636 0.580497563
1403715579862142976.000000 -0.788636744 2.115525723 -1.269345284 0.732313156 -0.021665724 -0.356170505 0.579991996
1403715579912143104.000000 -0.806931198 2.099565983 -1.336914301 0.732498765 -0.020538658 -0.354718328 0.580688179
1403715579962142976.000000 -0.824652016 2.084584951 -1.407162070 0.732543349 -0.023329843 -0.349463552 0.583704710
1403715580012143104.000000 -0.843137443 2.071259499 -1.477931380 0.730996370 -0.027209004 -0.343674123 0.588890612
1403715580062142976.000000 -0.864163399 2.058350086 -1.549937010 0.727850676 -0.030683251 -0.337601304 0.596085072
1403715580112143104.000000 -0.888377845 2.047553539 -1.621648073 0.723259568 -0.034004200 -0.331534714 0.604833961
1403715580162142976.000000 -0.916896999 2.037510395 -1.691022873 0.717322171 -0.036965169 -0.325899154 0.614713132
1403715580212143104.000000 -0.947235763 2.029421568 -1.761636734 0.710201144 -0.039528087 -0.320386976 0.625622928
1403715580262142976.000000 -0.979389906 2.022508144 -1.832120895 0.702003419 -0.041683376 -0.315602809 0.637062550
1403715580312143104.000000 -1.014312506 2.016172171 -1.899521708 0.693877995 -0.044971690 -0.308906496 0.648912728
1403715580362142976.000000 -1.046470881 2.011599302 -1.969999909 0.685512364 -0.049907286 -0.299961925 0.661517203
1403715580412143104.000000 -1.077830553 2.007994175 -2.040172815 0.676154971 -0.054492313 -0.292164207 0.674155116
1403715580462142976.000000 -1.110376239 2.004291058 -2.108248234 0.667112947 -0.059898715 -0.283123851 0.686449885
1403715580512143104.000000 -1.140104055 2.002358913 -2.177563667 0.658124268 -0.065414451 -0.275632530 0.697581649
1403715580562142976.000000 -1.168950558 2.001134634 -2.245962143 0.650139034 -0.071710050 -0.268978447 0.706984878
1403715580612143104.000000 -1.199148893 1.999330759 -2.309820890 0.643446207 -0.080219075 -0.262708545 0.714511156
1403715580662142976.000000 -1.226807475 1.999374390 -2.374551296 0.637278438 -0.090282373 -0.256060600 0.721220016
1403715580712143104.000000 -1.253532529 1.999537706 -2.436707020 0.631910920 -0.100811809 -0.249882638 0.726694107
1403715580762142976.000000 -1.280149817 1.998872757 -2.494300127 0.627288222 -0.110132769 -0.244644567 0.731115162
1403715580812143104.000000 -1.303594708 1.998187542 -2.550033569 0.623838067 -0.120006271 -0.237382635 0.734897316
1403715580862142976.000000 -1.325566769 1.997182965 -2.601703167 0.620648265 -0.131558314 -0.230118915 0.737925172
1403715580912143104.000000 -1.346401095 1.995685339 -2.646926880 0.618471265 -0.145267203 -0.221330971 0.739867210
1403715580962142976.000000 -1.364083886 1.993475676 -2.688761473 0.615999997 -0.158245355 -0.215066344 0.741113365
1403715581012143104.000000 -1.378383994 1.990036964 -2.724379539 0.612966239 -0.163903400 -0.216375038 0.742017508
1403715581062142976.000000 -1.389565349 1.984933853 -2.752596140 0.609510243 -0.168814242 -0.221840978 0.742149353
1403715581112143104.000000 -1.398221374 1.978471160 -2.775582790 0.605622172 -0.170663059 -0.229804203 0.742486358
1403715581162142976.000000 -1.403642416 1.969459057 -2.792752981 0.602399766 -0.167689234 -0.237803146 0.743266165
1403715581212143104.000000 -1.406420350 1.957844853 -2.803562164 0.599949539 -0.159084395 -0.246492594 0.744307816
1403715581262142976.000000 -1.406260490 1.942728996 -2.810347080 0.599840879 -0.150394633 -0.249813005 0.745094538
1403715581312143104.000000 -1.405730128 1.926787734 -2.813169956 0.602121949 -0.143764228 -0.249753684 0.744583189
1403715581362142976.000000 -1.404062986 1.908857584 -2.812133789 0.606145978 -0.137994677 -0.250236094 0.742244184
1403715581412143104.000000 -1.401555777 1.889972210 -2.806795597 0.611491919 -0.132413402 -0.252600044 0.738063455
1403715581462142976.000000 -1.398078322 1.870000839 -2.801797867 0.617290795 -0.124639153 -0.258904248 0.732383609
1403715581512143104.000000 -1.394380093 1.848877907 -2.790464163 0.624060094 -0.112001203 -0.268632680 0.725149095
1403715581562142976.000000 -1.392447829 1.826709270 -2.776513100 0.631971538 -0.097898833 -0.279746056 0.716079652
1403715581612143104.000000 -1.393294334 1.803250790 -2.761442184 0.640184164 -0.085244514 -0.291125536 0.705792844
1403715581662142976.000000 -1.397036076 1.780047655 -2.744136810 0.649396896 -0.074096970 -0.301460594 0.694200933
1403715581712143104.000000 -1.403428674 1.756655455 -2.726345301 0.658625364 -0.064341269 -0.312631667 0.681420863
1403715581762142976.000000 -1.410329580 1.734183311 -2.709956646 0.668465197 -0.054641798 -0.324010372 0.667222500
1403715581812143104.000000 -1.417292833 1.709823132 -2.694141865 0.678640604 -0.044939592 -0.334843457 0.652155876
1403715581862142976.000000 -1.422943115 1.685163736 -2.680885315 0.689092457 -0.038201675 -0.343982428 0.636685550
1403715581912143104.000000 -1.429432273 1.662808180 -2.681719542 0.699832380 -0.036867790 -0.348126292 0.622642338
1403715581962142976.000000 -1.432166338 1.637880325 -2.675313950 0.712008238 -0.040938381 -0.347896129 0.608552992
1403715582012143104.000000 -1.432032466 1.612571239 -2.672701359 0.725477755 -0.041674573 -0.342890799 0.595290959
1403715582062142976.000000 -1.428591728 1.588534594 -2.675857067 0.739580333 -0.042278510 -0.333720326 0.582978785
1403715582112143104.000000 -1.425363660 1.563969612 -2.677896738 0.752463043 -0.039206896 -0.325378060 0.571306705
1403715582162142976.000000 -1.422056556 1.541911840 -2.680875540 0.763588488 -0.036603056 -0.317786753 0.560896099
1403715582212143104.000000 -1.420622110 1.521576405 -2.683330536 0.772899806 -0.034962207 -0.311016589 0.551971257
1403715582262142976.000000 -1.421574354 1.506185055 -2.689928770 0.778093755 -0.034958869 -0.310475022 0.544934273
1403715582312143104.000000 -1.427671432 1.490874767 -2.689439297 0.780174792 -0.038094226 -0.315248489 0.538975537
1403715582362142976.000000 -1.435733080 1.477645397 -2.688256025 0.780280232 -0.041941892 -0.322084159 0.534476697
1403715582412143104.000000 -1.444405556 1.465647936 -2.687036514 0.779334307 -0.045456551 -0.329355747 0.531127691
1403715582462142976.000000 -1.453155756 1.454941750 -2.686361074 0.777246296 -0.050333407 -0.337596476 0.528567374
1403715582512143104.000000 -1.460841417 1.444796085 -2.686878681 0.774361610 -0.055001784 -0.345886052 0.526974201
1403715582562142976.000000 -1.466378689 1.434455156 -2.689688921 0.771974564 -0.059415802 -0.351493001 0.526286721
1403715582612143104.000000 -1.469376087 1.423404694 -2.695141077 0.769269228 -0.062640913 -0.356692046 0.526376128
1403715582662142976.000000 -1.469865322 1.411688328 -2.703315735 0.766666234 -0.065699130 -0.360360771 0.527301371
1403715582712143104.000000 -1.469163418 1.398872137 -2.713711500 0.763826907 -0.068673730 -0.363362253 0.528980494
1403715582762142976.000000 -1.468793035 1.387141228 -2.734087944 0.760562360 -0.070938848 -0.365541995 0.531875610
1403715582812143104.000000 -1.472341061 1.373581886 -2.746190786 0.756977975 -0.073916420 -0.368723810 0.534381568
1403715582862142976.000000 -1.479069948 1.359636307 -2.758625269 0.752750218 -0.077863209 -0.372834682 0.536934674
1403715582912143104.000000 -1.489301443 1.346061945 -2.769080162 0.748051226 -0.081440806 -0.378167778 0.539236546
1403715582962142976.000000 -1.503840685 1.331119061 -2.781372070 0.743529797 -0.085557342 -0.383001268 0.541436613
1403715583012143104.000000 -1.522161961 1.315047503 -2.794440985 0.739364147 -0.089244761 -0.387036383 0.543671787
1403715583062142976.000000 -1.544376493 1.296975374 -2.808550119 0.736286879 -0.091316797 -0.389463514 0.545766532
1403715583112143104.000000 -1.565827012 1.274452686 -2.830212355 0.735079706 -0.091798306 -0.387424886 0.548755825
1403715583162142976.000000 -1.590288877 1.250565767 -2.848504066 0.738300979 -0.086195916 -0.377819717 0.552027464
1403715583212143104.000000 -1.615808487 1.225035667 -2.869005442 0.743025362 -0.079800509 -0.364612579 0.555520415
1403715583262142976.000000 -1.640622616 1.196427822 -2.890223980 0.749314308 -0.073581845 -0.347827494 0.558685899
1403715583312143104.000000 -1.666333079 1.168794394 -2.912288189 0.755440414 -0.067846693 -0.331035137 0.561357677
1403715583362142976.000000 -1.691973686 1.141488075 -2.934193611 0.761846781 -0.062278625 -0.313509434 0.563402891
1403715583412143104.000000 -1.717298031 1.113020182 -2.956256866 0.767748356 -0.057485297 -0.297007382 0.564840257
1403715583462142976.000000 -1.743655086 1.088115692 -2.977040052 0.772907317 -0.052643768 -0.282737255 0.565599322
1403715583512143104.000000 -1.764438629 1.065014124 -2.997887373 0.777808487 -0.046160955 -0.270135701 0.565605700
1403715583562142976.000000 -1.788350701 1.044489384 -3.016325951 0.782733798 -0.039690413 -0.257012904 0.565417349
1403715583612143104.000000 -1.809690356 1.026816845 -3.033138990 0.789081752 -0.029175747 -0.239787370 0.564801633
1403715583662142976.000000 -1.829126954 1.014192343 -3.047746897 0.795068860 -0.015068158 -0.222378060 0.564080298
1403715583712143104.000000 -1.846445084 1.007065535 -3.058516741 0.800805032 -0.001225863 -0.205211222 0.562670648
1403715583762142976.000000 -1.862041354 1.006257057 -3.067619801 0.805508792 0.011654289 -0.190596730 0.560974777
1403715583812143104.000000 -1.874478698 1.013013840 -3.073719501 0.809363484 0.022621404 -0.178213701 0.559159219
1403715583862142976.000000 -1.880680799 1.028106689 -3.074399471 0.812552214 0.028945422 -0.168487042 0.557255089
1403715583912143104.000000 -1.880742192 1.052889347 -3.075687885 0.814072251 0.029012972 -0.164329022 0.556273937
1403715583962142976.000000 -1.873342514 1.087154627 -3.074300051 0.815079689 0.023705879 -0.162813723 0.555495143
1403715584012143104.000000 -1.858167052 1.130720615 -3.069752693 0.815476596 0.013513381 -0.164134428 0.554865062
1403715584062142976.000000 -1.835151196 1.182775974 -3.061899185 0.814376533 0.000397435 -0.169913962 0.554905415
1403715584112143104.000000 -1.806378126 1.245653391 -3.047410965 0.812014401 -0.016846692 -0.179825947 0.554987848
1403715584162142976.000000 -1.770313859 1.311908484 -3.032592058 0.807946622 -0.034572914 -0.194081485 0.555301189
1403715584212143104.000000 -1.727864385 1.383363485 -3.014280319 0.802856922 -0.054764707 -0.210655704 0.555018783
1403715584262142976.000000 -1.684866190 1.456324577 -2.987867594 0.795526445 -0.074411467 -0.232899576 0.554399252
1403715584312143104.000000 -1.636901379 1.533753633 -2.961986542 0.788059354 -0.091846913 -0.254562944 0.552923501
1403715584362142976.000000 -1.591728926 1.612648249 -2.931095362 0.781484306 -0.107125111 -0.272148073 0.551127911
1403715584412143104.000000 -1.549111724 1.691388369 -2.897501707 0.775206149 -0.116919436 -0.288752973 0.549551547
1403715584462142976.000000 -1.512324333 1.769434929 -2.859196901 0.769951046 -0.123070329 -0.302366704 0.548273146
1403715584512143104.000000 -1.476504326 1.846901417 -2.818670750 0.766328037 -0.126817122 -0.311800182 0.547210634
1403715584562142976.000000 -1.442537785 1.922598124 -2.775028229 0.763234258 -0.129722610 -0.319766343 0.546255589
1403715584612143104.000000 -1.407527566 1.994549990 -2.731463909 0.760657609 -0.129911542 -0.326423466 0.545867085
1403715584662142976.000000 -1.377744913 2.062085390 -2.685965300 0.757984281 -0.126137704 -0.335229933 0.545133114
1403715584712143104.000000 -1.342198014 2.126900673 -2.640569210 0.754973173 -0.118837811 -0.346257299 0.544057906
1403715584762142976.000000 -1.307468653 2.188108206 -2.595500946 0.751738310 -0.112073570 -0.356392026 0.543427885
1403715584812143104.000000 -1.272025347 2.244981289 -2.551605701 0.749201417 -0.106042907 -0.363472462 0.543451965
1403715584862142976.000000 -1.236727715 2.299189091 -2.508644342 0.746748090 -0.101676598 -0.369005293 0.543934226
1403715584912143104.000000 -1.204838395 2.351098537 -2.467994213 0.743454218 -0.098308824 -0.376545042 0.543898046
1403715584962142976.000000 -1.171815157 2.399172544 -2.428343296 0.739045918 -0.093245685 -0.387115270 0.543376565
1403715585012143104.000000 -1.143439174 2.446594238 -2.390951633 0.733853102 -0.093369305 -0.397638708 0.542793989
1403715585062142976.000000 -1.114909768 2.489452600 -2.355906010 -0.728658497 0.097761057 0.406158328 -0.542710900
1403715585112143104.000000 -1.088730931 2.528998375 -2.324089766 -0.723859787 0.104237169 0.412607819 -0.543062150
1403715585162142976.000000 -1.065764308 2.564823389 -2.294793606 0.719637692 -0.109110564 -0.418683797 0.543065786
1403715585212143104.000000 -1.042315125 2.595011711 -2.270055771 0.717807114 -0.113549262 -0.420274377 0.543349802
1403715585262142976.000000 -1.019929290 2.619246483 -2.249535561 -0.718466997 0.112205982 0.419274598 -0.543529093
1403715585312143104.000000 -0.998574495 2.638140440 -2.232729912 -0.721969724 0.109023184 0.413132668 -0.544238031
1403715585362142976.000000 -0.978511691 2.652238846 -2.219225883 -0.726286590 0.101901121 0.407397658 -0.544197679
1403715585412143104.000000 -0.960176229 2.662405968 -2.208562374 0.730634034 -0.095458888 -0.401055694 0.544257164
1403715585462142976.000000 -0.943914533 2.669661760 -2.200271130 0.734409869 -0.090184137 -0.395921826 0.543833613
1403715585512143104.000000 -0.929222226 2.674000740 -2.194628239 0.738496423 -0.083304673 -0.390411675 0.543380201
1403715585562142976.000000 -0.916064262 2.676428795 -2.191294193 0.742952943 -0.075690150 -0.384222507 0.542830646
1403715585612143104.000000 -0.905620456 2.677209854 -2.189679861 0.746192038 -0.070294857 -0.379878432 0.542170227
1403715585662142976.000000 -0.899746656 2.678807259 -2.190230370 0.748825252 -0.066206284 -0.376344532 0.541518509
1403715585712143104.000000 -0.894060016 2.678447485 -2.191547394 0.749740422 -0.064816557 -0.375806093 0.540793896
1403715585762142976.000000 -0.892359495 2.677541256 -2.194258451 0.750400364 -0.064728715 -0.375292897 0.540245116
1403715585812143104.000000 -0.896460176 2.676148891 -2.196355581 0.751285315 -0.068183467 -0.373012275 0.540169716
1403715585862142976.000000 -0.907076955 2.675646782 -2.197835207 0.751974761 -0.073504329 -0.370708078 0.540098667
1403715585912143104.000000 -0.923109770 2.675224781 -2.198832512 0.753124118 -0.083545946 -0.365457654 0.540615261
1403715585962142976.000000 -0.941548347 2.673937559 -2.199954033 0.754219651 -0.094758622 -0.358941883 0.541603506
1403715586012143104.000000 -0.960692883 2.670779228 -2.201904297 0.755719900 -0.108476810 -0.349935949 0.542830706
1403715586062142976.000000 -0.977685452 2.664572716 -2.204856157 0.758200645 -0.118868813 -0.338353157 0.544535756
1403715586112143104.000000 -0.990435600 2.654971600 -2.208229065 0.763017237 -0.119724713 -0.323211253 0.546813786
1403715586162142976.000000 -0.993606687 2.639941692 -2.220353127 0.767328560 -0.114196569 -0.311456859 0.548781097
1403715586212143104.000000 -0.998944640 2.626045942 -2.222455978 0.770898104 -0.103781968 -0.304187536 0.549923182
1403715586262142976.000000 -1.001500130 2.611733913 -2.223572969 0.773203373 -0.089079529 -0.301831663 0.550562441
1403715586312143104.000000 -1.004365802 2.598689556 -2.220853090 0.774284840 -0.073529787 -0.303213298 0.550579786
1403715586362142976.000000 -1.005811810 2.585751772 -2.218894482 0.775141537 -0.056603253 -0.305143714 0.550308049
1403715586412143104.000000 -1.007430077 2.574245691 -2.216650486 0.775960147 -0.041738641 -0.305947572 0.550036311
1403715586462142976.000000 -1.008762479 2.564290524 -2.215083838 0.777269840 -0.030237745 -0.304952204 0.549492002
1403715586512143104.000000 -1.009939671 2.555855274 -2.214535713 0.778338969 -0.022139672 -0.303822875 0.548990011
1403715586562142976.000000 -1.011115313 2.550750732 -2.214004517 0.779326320 -0.018157065 -0.301907659 0.548792005
1403715586612143104.000000 -1.011253357 2.547733784 -2.215100050 0.779944897 -0.016193593 -0.300511986 0.548740745
1403715586662142976.000000 -1.006061077 2.541344643 -2.226765394 0.778782606 -0.018052552 -0.302169085 0.549423099
1403715586712143104.000000 -1.006592274 2.545032024 -2.228037596 0.777960837 -0.023249416 -0.303207874 0.549819469
1403715586762142976.000000 -1.006771445 2.551535130 -2.229500294 0.776115239 -0.032729656 -0.305927634 0.550438285
1403715586812143104.000000 -1.008264780 2.563508034 -2.229789495 0.773252666 -0.045302365 -0.310479254 0.551026881
1403715586862142976.000000 -1.008496404 2.575070381 -2.231042862 0.769685447 -0.058131579 -0.316300452 0.551506281
1403715586912143104.000000 -1.007721782 2.587042332 -2.232738972 0.765988827 -0.068472415 -0.322244465 0.552024603
1403715586962142976.000000 -1.006049395 2.598731995 -2.234779358 0.762852311 -0.075227194 -0.327117741 0.552622199
1403715587012143104.000000 -1.004311681 2.617104292 -2.230087757 0.760943711 -0.079154655 -0.329733878 0.553149939
1403715587062142976.000000 -1.001098394 2.619904041 -2.240001678 0.759634674 -0.081826910 -0.330310434 0.554215312
1403715587112143104.000000 -0.998090386 2.634942532 -2.236445665 0.759659529 -0.080990002 -0.329313606 0.554897010
1403715587162142976.000000 -0.984901071 2.632479668 -2.249707222 0.760572076 -0.075494908 -0.327835590 0.555296838
1403715587212143104.000000 -0.978333950 2.639586926 -2.254371166 0.763108492 -0.067394644 -0.324014336 0.555101991
1403715587262142976.000000 -0.971215248 2.646856785 -2.259456635 0.765405297 -0.060917061 -0.320987672 0.554446459
1403715587312143104.000000 -0.963620663 2.656309128 -2.264118910 0.767895222 -0.056732751 -0.318028629 0.553151071
1403715587362142976.000000 -0.956328750 2.665632010 -2.270127296 0.770564914 -0.058174491 -0.314057618 0.551555395
1403715587412143104.000000 -0.948890209 2.675936222 -2.276121140 0.773510218 -0.062211603 -0.308332652 0.550220609
1403715587462142976.000000 -0.939800262 2.688516617 -2.280836582 0.775335491 -0.068452969 -0.303623289 0.549528956
1403715587512143104.000000 -0.931612015 2.700661421 -2.285329103 0.775550246 -0.075967453 -0.300113767 0.550165951
1403715587562142976.000000 -0.922320127 2.713312149 -2.288283825 0.774638951 -0.084629357 -0.295623273 0.552611411
1403715587612143104.000000 -0.911951065 2.726262093 -2.289377213 0.772005081 -0.093787648 -0.291584969 0.556947231
1403715587662142976.000000 -0.900885105 2.738274336 -2.289349556 0.767748892 -0.102124609 -0.288643986 0.562864840
1403715587712143104.000000 -0.888677955 2.750992775 -2.285630703 0.761488140 -0.108796477 -0.288233697 0.570281148
1403715587762142976.000000 -0.878453016 2.762726307 -2.277342796 0.754023731 -0.113184333 -0.287244350 0.579765677
1403715587812143104.000000 -0.863674164 2.773697376 -2.268080711 0.745376229 -0.115331054 -0.285222322 0.591406167
1403715587862142976.000000 -0.847585678 2.783747673 -2.255850077 0.735849142 -0.114386715 -0.282600462 0.604631066
1403715587912143104.000000 -0.835829616 2.790253162 -2.239602327 0.725221992 -0.109331310 -0.280592620 0.619166851
1403715587962142976.000000 -0.816434383 2.798819304 -2.222420692 0.713891685 -0.100636542 -0.277808785 0.634864748
1403715588012143104.000000 -0.796478033 2.806799412 -2.203051567 0.702257931 -0.090222955 -0.274261653 0.650748968
1403715588062142976.000000 -0.782057285 2.813481569 -2.179617643 0.690501988 -0.078976929 -0.269666255 0.666520715
1403715588112143104.000000 -0.762691498 2.823216200 -2.156317711 0.678170502 -0.068288095 -0.265247434 0.681957006
1403715588162142976.000000 -0.746556759 2.835066557 -2.130663633 0.665450215 -0.058083225 -0.260036528 0.697268546
1403715588212143104.000000 -0.735744476 2.849372625 -2.102375746 0.652539790 -0.048803687 -0.254176795 0.712182760
1403715588262142976.000000 -0.740328550 2.862022638 -2.067865610 0.639321387 -0.042174172 -0.247763723 0.726706803
1403715588312143104.000000 -0.738866925 2.881544590 -2.035904408 0.625497222 -0.038493302 -0.241627932 0.740869462
1403715588362142976.000000 -0.739903092 2.903868437 -2.002825737 0.611574948 -0.035529837 -0.236022025 0.754325807
1403715588412143104.000000 -0.750372410 2.925288200 -1.963706255 0.597526014 -0.032043714 -0.231427848 0.767057419
1403715588462142976.000000 -0.750929773 2.953002453 -1.930561066 0.583625913 -0.029086975 -0.227643862 0.778917849
1403715588512143104.000000 -0.750853837 2.983333111 -1.897521257 0.569486260 -0.028505115 -0.224574313 0.790214717
1403715588562142976.000000 -0.758629680 3.011902094 -1.857744217 0.555563629 -0.027131964 -0.220790923 0.801164389
1403715588612143104.000000 -0.757527232 3.047067404 -1.824785471 0.541115940 -0.028615931 -0.218678758 0.811513603
1403715588662142976.000000 -0.756414533 3.084500074 -1.792060137 0.526454151 -0.032795709 -0.217644870 0.821219385
1403715588712143104.000000 -0.762746692 3.118775606 -1.752202749 0.511033237 -0.037274234 -0.218854219 0.830396652
1403715588762142976.000000 -0.761467040 3.159613848 -1.719229817 0.495090634 -0.043173939 -0.220824838 0.839200675
1403715588812143104.000000 -0.760194540 3.201658726 -1.686099291 0.477838904 -0.050063860 -0.225544244 0.847521961
1403715588862142976.000000 -0.766354859 3.239156723 -1.646033168 0.459525079 -0.058258139 -0.231657267 0.855440021
1403715588912143104.000000 -0.766535521 3.280858278 -1.611759663 -0.440743983 0.067933172 0.238789186 -0.862617850
1403715588962142976.000000 -0.766776979 3.321456909 -1.576927900 -0.422122836 0.077627830 0.244788513 -0.869404852
1403715589012143104.000000 -0.770950973 3.356060505 -1.535939455 0.404026747 -0.086350016 -0.249899164 0.875703454
1403715589062142976.000000 -0.769469738 3.391062021 -1.500114799 0.387364388 -0.094021767 -0.251509845 0.881959021
1403715589112143104.000000 -0.764846981 3.422013283 -1.463971257 0.372432590 -0.097982794 -0.251635820 0.887903631
1403715589162142976.000000 -0.760222614 3.445420742 -1.422289371 0.359232098 -0.101394333 -0.250266135 0.893329918
1403715589212143104.000000 -0.749352932 3.466560364 -1.384644985 0.347628802 -0.102622457 -0.248145491 0.898357809
1403715589262142976.000000 -0.735721588 3.483335972 -1.346338272 0.336017936 -0.103549592 -0.246076420 0.903225303
1403715589312143104.000000 -0.719608188 3.495366335 -1.306240678 -0.324686766 0.106703244 0.243773431 -0.907616377
1403715589362142976.000000 -0.700449884 3.499854326 -1.262020469 0.312468588 -0.111176185 -0.242656738 0.911658347
1403715589412143104.000000 -0.678587317 3.503208637 -1.220057964 0.301227719 -0.115736380 -0.239374340 0.915733039
1403715589462142976.000000 -0.655839384 3.502342224 -1.175643206 0.289947480 -0.120289855 -0.235726461 0.919724882
1403715589512143104.000000 -0.633201480 3.497498751 -1.129276872 -0.278871477 0.124162860 0.233593345 -0.923173070
1403715589562142976.000000 -0.607561946 3.484914541 -1.075743914 0.269506812 -0.126585126 -0.232759029 0.925832331
1403715589612143104.000000 -0.580703020 3.470641851 -1.023640394 0.261712641 -0.128951356 -0.231985003 0.927933812
1403715589662142976.000000 -0.549538970 3.450426102 -0.968854666 0.256569415 -0.128638059 -0.229743406 0.929969072
1403715589712143104.000000 -0.511996508 3.422539949 -0.908847332 0.253583550 -0.124068774 -0.228202760 0.931786418
1403715589762142976.000000 -0.470983207 3.389467955 -0.848670244 0.253613800 -0.111393332 -0.225066274 0.934139550
1403715589812143104.000000 -0.424588323 3.351073742 -0.786825418 0.256300300 -0.090379305 -0.220836163 0.936682045
1403715589862142976.000000 -0.372069091 3.308775425 -0.723590493 0.261087149 -0.067555375 -0.214753479 0.938696265
1403715589912143104.000000 -0.323022962 3.263497353 -0.659316659 0.265670598 -0.049647450 -0.207665443 0.940122008
1403715589962142976.000000 -0.275471956 3.216817141 -0.594792902 0.269933075 -0.034997325 -0.201424539 0.940924823
1403715590012143104.000000 -0.226552665 3.171174526 -0.532404661 0.273843467 -0.024737695 -0.196359187 0.941191196
1403715590062142976.000000 -0.183618188 3.123802423 -0.467896730 0.276538283 -0.017681841 -0.194332436 0.940982997
1403715590112143104.000000 -0.142474234 3.076624870 -0.404069424 0.277981043 -0.013822715 -0.194766730 0.940532565
1403715590162142976.000000 -0.097964853 3.030803680 -0.345470935 0.278748512 -0.013257871 -0.196976498 0.939853132
1403715590212143104.000000 -0.060114980 2.983369350 -0.283391237 0.279919624 -0.016321553 -0.200612843 0.938686967
1403715590262142976.000000 -0.023190141 2.935536385 -0.222592205 0.282248616 -0.018159308 -0.206063449 0.936773121
1403715590312143104.000000 0.012981594 2.887377977 -0.162919044 -0.285875559 0.019511057 0.213735968 -0.933922648
1403715590362142976.000000 0.048049778 2.837627649 -0.104813784 -0.290629327 0.018879633 0.224046871 -0.930043697
1403715590412143104.000000 0.081917539 2.785472393 -0.048194647 -0.297175378 0.018254966 0.235201180 -0.925221086
1403715590462142976.000000 0.121715575 2.735462666 -0.005184263 0.306094229 -0.016284276 -0.246062398 0.919507802
1403715590512143104.000000 0.152133763 2.678834200 0.047893941 0.316663265 -0.015535452 -0.256374538 0.913101971
1403715590562142976.000000 0.181393206 2.619652748 0.098669320 0.328601569 -0.014168112 -0.267456472 0.905697167
1403715590612143104.000000 0.209329590 2.557498693 0.147551477 -0.341643244 0.016235493 0.277304053 -0.897841215
1403715590662142976.000000 0.236594439 2.497444153 0.185373962 0.356858999 -0.022174431 -0.281677455 0.890403152
1403715590712143104.000000 0.259240180 2.431141138 0.229454160 0.374524325 -0.031352077 -0.281377167 0.882935703
1403715590762142976.000000 0.280894160 2.362219334 0.270600289 0.393561929 -0.038206983 -0.278870225 0.875146091
1403715590812143104.000000 0.302929640 2.292501688 0.309115052 -0.413273811 0.042021088 0.275454283 -0.866927922
1403715590862142976.000000 0.325911373 2.222919464 0.340413153 0.433231324 -0.042804584 -0.273277074 0.857786715
1403715590912143104.000000 0.346121281 2.149881363 0.376566321 0.453410029 -0.041923914 -0.272304595 0.847650826
1403715590962142976.000000 0.365426600 2.075454473 0.410521775 -0.472813666 0.042040102 0.274707913 -0.836191058
1403715591012143104.000000 0.383514374 2.001157522 0.443164647 -0.490901917 0.043339238 0.279352278 -0.824074924
1403715591062142976.000000 0.402353317 1.929437637 0.469299138 0.508686006 -0.046000063 -0.285351545 0.810985267
1403715591112143104.000000 0.418197572 1.854508162 0.499108255 0.526418328 -0.047862653 -0.292213500 0.796997011
1403715591162142976.000000 0.432865798 1.779332161 0.527872682 0.543602526 -0.047963433 -0.302043915 0.781642735
1403715591212143104.000000 0.446219742 1.703886509 0.554133356 0.560191631 -0.047532599 -0.312520444 0.765674233
1403715591262142976.000000 0.461027265 1.630944252 0.576995850 0.576286376 -0.044986375 -0.324200213 0.748842180
1403715591312143104.000000 0.471094638 1.554851770 0.600277960 0.592220366 -0.041931506 -0.335196286 0.731546462
1403715591362142976.000000 0.479874313 1.478192687 0.620926619 0.608452320 -0.040515952 -0.343084306 0.714449048
1403715591412143104.000000 0.486995161 1.400784373 0.638829947 0.624340892 -0.038917277 -0.350662500 0.696935952
1403715591462142976.000000 0.496824890 1.325352430 0.652071476 0.640184939 -0.037815645 -0.356011242 0.679697931
1403715591512143104.000000 0.499336958 1.248214006 0.664724171 0.654974282 -0.039544504 -0.361342430 0.662477612
1403715591562142976.000000 0.498069167 1.171229959 0.675269663 0.669911742 -0.041947503 -0.365186214 0.645056427
1403715591612143104.000000 0.492743254 1.094569445 0.684348524 0.684500337 -0.046518940 -0.367589891 0.627831936
1403715591662142976.000000 0.487098455 1.018494606 0.689633548 0.698995769 -0.049485289 -0.368483007 0.610881746
1403715591712143104.000000 0.474619210 0.941852689 0.695576847 0.712468982 -0.047805153 -0.370155990 0.594211459
1403715591762142976.000000 0.458554775 0.865520716 0.700167239 0.724946320 -0.045797218 -0.371657968 0.578122735
1403715591812143104.000000 0.442621738 0.791133106 0.702790916 0.736514747 -0.043782864 -0.373841494 0.562024593
1403715591862142976.000000 0.418893576 0.716599047 0.704728723 0.747213721 -0.042634446 -0.375771135 0.546488822
1403715591912143104.000000 0.391500056 0.643471241 0.704840958 0.757472634 -0.040471099 -0.378295958 0.530555904
1403715591962142976.000000 0.361784518 0.571760178 0.702138841 0.767073810 -0.036087811 -0.381789625 0.514326990
1403715592012143104.000000 0.328407973 0.501998603 0.701023936 0.775773406 -0.029663544 -0.386824876 0.497656852
1403715592062142976.000000 0.291104317 0.433061838 0.694863319 0.784566879 -0.024177892 -0.391049087 0.480573505
1403715592112143104.000000 0.251904726 0.366205454 0.685432792 0.793701351 -0.018420538 -0.394180715 0.462947637
1403715592162142976.000000 0.212926403 0.301045656 0.671301603 0.804306924 -0.012755536 -0.393784523 0.444816321
1403715592212143104.000000 0.175240576 0.238673329 0.655387878 0.816158116 -0.006289000 -0.390179485 0.426152915
1403715592262142976.000000 0.140690714 0.177917302 0.630039275 0.827135801 -0.000963953 -0.387611538 0.406943411
1403715592312143104.000000 0.108783484 0.120545208 0.599604666 0.837608159 0.004149297 -0.385282367 0.387237459
1403715592362142976.000000 0.078598395 0.066692293 0.564233661 0.846843302 0.008093570 -0.384508371 0.367347568
1403715592412143104.000000 0.048108995 0.017189324 0.527247012 0.855387866 0.011991812 -0.384349823 0.347049147
1403715592462142976.000000 0.022013962 -0.028426409 0.482899636 0.862777948 0.014844942 -0.385419667 0.326872379
1403715592512143104.000000 -0.003386289 -0.069401443 0.434855819 0.870208621 0.018940102 -0.385315776 0.306447476
1403715592562142976.000000 -0.029295832 -0.105903655 0.385374963 0.877556682 0.023228681 -0.384106010 0.286037326
1403715592612143104.000000 -0.058166355 -0.136573255 0.331481665 0.884348869 0.027306771 -0.382766664 0.265840650
1403715592662142976.000000 -0.084790930 -0.162842542 0.275318444 0.890538633 0.032474741 -0.381964117 0.244928166
1403715592712143104.000000 -0.111181170 -0.183224469 0.216448724 0.896492124 0.036207851 -0.380787730 0.223588020
1403715592762142976.000000 -0.140035227 -0.196737438 0.152874798 0.902063727 0.035775837 -0.379558414 0.202328116
1403715592812143104.000000 -0.166226909 -0.205039397 0.088889785 0.907688737 0.027807107 -0.377492636 0.181183174
1403715592862142976.000000 -0.192429066 -0.207631424 0.022959217 0.912730992 0.010987861 -0.375465691 0.160707831
1403715592912143104.000000 -0.220586270 -0.204894260 -0.047361344 0.917157590 -0.008466963 -0.372936547 0.140245065
1403715592962142976.000000 -0.246080011 -0.198968291 -0.116244942 0.920760512 -0.028268659 -0.370316237 0.119443804
1403715593012143104.000000 -0.271378040 -0.190217435 -0.186171085 0.924224317 -0.046346966 -0.366120219 0.098068759
1403715593062142976.000000 -0.296647966 -0.179505274 -0.255836427 0.927244782 -0.061735623 -0.361393899 0.076160289
1403715593112143104.000000 -0.325553328 -0.166715503 -0.330330759 0.929860294 -0.072095297 -0.356805414 0.053404726
1403715593162142976.000000 -0.350331604 -0.154326260 -0.400218725 0.931982398 -0.077869430 -0.352743298 0.030288793
1403715593212143104.000000 -0.375001878 -0.141649827 -0.469657898 0.934120178 -0.080500819 -0.347680241 0.007588386
1403715593262142976.000000 -0.399472445 -0.128974617 -0.538573384 0.935360968 -0.080796935 -0.344039112 -0.014449739
1403715593312143104.000000 -0.427217215 -0.115018234 -0.612278819 0.936005712 -0.077064216 -0.341577530 -0.035768025
1403715593362142976.000000 -0.451015979 -0.102368504 -0.680164099 0.936866879 -0.067478053 -0.338470042 -0.056260787
1403715593412143104.000000 -0.474544048 -0.088681996 -0.747613788 0.936926484 -0.057002373 -0.336227983 -0.076617442
1403715593462142976.000000 -0.497989058 -0.073460668 -0.816171646 -0.936762154 0.046493851 0.333004504 0.097072028
1403715593512143104.000000 -0.528437734 -0.050428331 -0.886164188 0.935939252 -0.037617221 -0.330010176 -0.117029965
1403715593562142976.000000 -0.550375938 -0.030908525 -0.952036679 0.935093522 -0.033388931 -0.325297743 -0.136625841
1403715593612143104.000000 -0.570823967 -0.008902550 -1.017144680 0.934799492 -0.029194036 -0.317572713 -0.156349704
1403715593662142976.000000 -0.591255426 0.016519666 -1.081714511 -0.934516132 0.029913753 0.308178067 0.175530791
1403715593712143104.000000 -0.608962059 0.045655727 -1.146157384 0.934660792 -0.030195659 -0.296294123 -0.194184020
1403715593762142976.000000 -0.626053691 0.075025916 -1.206266046 0.933616042 -0.031513888 -0.286337852 -0.213022560
1403715593812143104.000000 -0.641835153 0.106361389 -1.263870716 0.931581140 -0.032226272 -0.277534753 -0.232578263
1403715593862142976.000000 -0.657102168 0.140863895 -1.320229888 0.928265452 -0.029714305 -0.271155208 -0.252814770
1403715593912143104.000000 -0.671324015 0.176802635 -1.371579170 0.923454106 -0.029977312 -0.266850710 -0.274088860
1403715593962142976.000000 -0.685526669 0.215852737 -1.415716529 0.917318583 -0.029193958 -0.264783472 -0.295912474
1403715594012143104.000000 -0.697569907 0.255427599 -1.460401058 0.910242677 -0.027385583 -0.264032215 -0.317797720
1403715594062142976.000000 -0.708400965 0.296863794 -1.502132297 0.902152598 -0.027929815 -0.264821947 -0.339426190
1403715594112143104.000000 -0.717864335 0.339751959 -1.540941477 0.893684566 -0.028651722 -0.266058952 -0.360166073
1403715594162142976.000000 -0.723263144 0.381927729 -1.575805426 0.885383606 -0.029683514 -0.265959054 -0.380106032
1403715594212143104.000000 -0.729871988 0.427847862 -1.609880209 0.877370417 -0.030431202 -0.264488548 -0.399175435
1403715594262142976.000000 -0.734793901 0.474928975 -1.641971350 0.869521499 -0.031094179 -0.262404591 -0.417264313
1403715594312143104.000000 -0.738017440 0.523874640 -1.672361612 0.861798942 -0.030249691 -0.259080946 -0.435045600
1403715594362142976.000000 -0.740099192 0.573768735 -1.700693488 0.854625940 -0.028988428 -0.253418028 -0.452275932
1403715594412143104.000000 -0.741065443 0.625227451 -1.726943970 0.847117543 -0.026175817 -0.247242168 -0.469657481
1403715594462142976.000000 -0.740851283 0.677995086 -1.750941515 0.839088082 -0.022478420 -0.240582600 -0.487386972
1403715594512143104.000000 -0.738898098 0.731967688 -1.772590518 0.830929279 -0.017008988 -0.232272685 -0.505288780
1403715594562142976.000000 -0.735898495 0.787320971 -1.791643739 0.821836233 -0.011845587 -0.224315211 -0.523572028
1403715594612143104.000000 -0.726889729 0.832441330 -1.803336859 0.811662674 -0.007143224 -0.217411429 -0.542111576
1403715594662142976.000000 -0.721991658 0.889987707 -1.815983891 0.800191045 -0.002062358 -0.212939546 -0.560666442
1403715594712143104.000000 -0.716228902 0.949013472 -1.825030208 0.786444187 0.002157038 -0.213297993 -0.579659343
1403715594762142976.000000 -0.710270107 1.009657621 -1.831039548 0.770338595 0.002416747 -0.218694732 -0.598953545
1403715594812143104.000000 -0.700333238 1.067473412 -1.832246184 0.753985345 0.000873768 -0.223512724 -0.617695272
1403715594862142976.000000 -0.692033172 1.133018017 -1.834095955 0.737529993 -0.002091168 -0.226908863 -0.636048377
1403715594912143104.000000 -0.682740569 1.200607300 -1.834354043 0.721198320 -0.003179515 -0.228599146 -0.653915405
1403715594962142976.000000 -0.672494292 1.269426942 -1.832624197 0.705318928 -0.003815386 -0.228271544 -0.671120644
1403715595012143104.000000 -0.659507334 1.334455967 -1.828731656 0.690886617 -0.003311703 -0.225186840 -0.686990321
1403715595062142976.000000 -0.648293793 1.408845901 -1.826012611 0.676286578 -0.001984906 -0.220936075 -0.702723145
1403715595112143104.000000 -0.635907292 1.485948205 -1.822486162 0.661446869 -0.003295731 -0.216149673 -0.718161941
1403715595162142976.000000 -0.622427225 1.565150380 -1.818493366 0.646311581 -0.008724961 -0.211346760 -0.733169675
1403715595212143104.000000 -0.605629802 1.639331460 -1.811962724 0.631929278 -0.012187877 -0.204294711 -0.747516334
1403715595262142976.000000 -0.590993822 1.722355604 -1.807173252 0.616771460 -0.015921202 -0.196564421 -0.762038052
1403715595312143104.000000 -0.576562941 1.807221532 -1.801923990 0.601756215 -0.020259041 -0.187239617 -0.776157439
1403715595362142976.000000 -0.562563479 1.893312573 -1.795988560 0.586778939 -0.024287740 -0.176135018 -0.789985538
1403715595412143104.000000 -0.546928108 1.974213600 -1.787818909 0.571090102 -0.028564660 -0.167346641 -0.803140879
1403715595462142976.000000 -0.532967269 2.061744928 -1.781768441 0.555241346 -0.033867471 -0.155922294 -0.816240370
1403715595512143104.000000 -0.518869936 2.149514914 -1.776121140 0.539771378 -0.036943279 -0.141997084 -0.828926384
1403715595562142976.000000 -0.504428864 2.237015724 -1.770637989 0.524855494 -0.038558826 -0.126329675 -0.840880930
1403715595612143104.000000 -0.488134801 2.320088387 -1.762217760 -0.512282431 0.038738027 0.104027189 0.851612926
1403715595662142976.000000 -0.472802639 2.405492067 -1.756192923 -0.499726832 0.039805289 0.078802928 0.861672103
1403715595712143104.000000 -0.457244188 2.488684177 -1.749406099 -0.488110870 0.040832218 0.050285783 0.870374620
1403715595762142976.000000 -0.441371620 2.568528175 -1.741003633 -0.475777119 0.043675955 0.022496838 0.878192782
1403715595812143104.000000 -0.423824489 2.642812967 -1.728958130 -0.464033842 0.046305351 -0.005609442 0.884588599
1403715595862142976.000000 -0.407370359 2.712737560 -1.717888594 -0.451118946 0.052722804 -0.028234798 0.890457630
1403715595912143104.000000 -0.389764458 2.775670528 -1.705528975 -0.439265311 0.061222602 -0.050859854 0.894824624
1403715595962142976.000000 -0.371788323 2.830481052 -1.692286372 -0.426591903 0.074873112 -0.068870999 0.898704708
1403715596012143104.000000 -0.353589773 2.875721693 -1.678088665 0.413251936 -0.092815705 0.081449114 -0.902205169
1403715596062142976.000000 -0.332876325 2.910584450 -1.663012385 -0.398768276 0.113492139 -0.088599801 0.905678511
1403715596112143104.000000 -0.315070391 2.936300278 -1.652289748 -0.384812504 0.131744981 -0.090666130 0.909033775
1403715596162142976.000000 -0.298037052 2.951616287 -1.644146919 -0.374578357 0.139973551 -0.091625564 0.911977649
1403715596212143104.000000 -0.282064110 2.956845284 -1.639105678 -0.366281301 0.137657389 -0.088552922 0.915995061
1403715596262142976.000000 -0.267307609 2.952343464 -1.636147976 0.360485286 -0.122319221 0.081583604 -0.921103954
1403715596312143104.000000 -0.255347759 2.940056086 -1.636227727 0.354454190 -0.095984265 0.069180876 -0.927557766
1403715596362142976.000000 -0.242564559 2.918938875 -1.633415818 -0.348326653 0.065895438 -0.055140249 0.933426976
1403715596412143104.000000 -0.232589751 2.893640280 -1.635096908 -0.339371830 0.037533808 -0.038319048 0.939121783
1403715596462142976.000000 -0.222511441 2.864073753 -1.636034250 -0.329124272 0.012112756 -0.022686971 0.943936348
1403715596512143104.000000 -0.211785004 2.831384420 -1.635322928 -0.318537891 -0.010973034 -0.008904004 0.947804809
1403715596562142976.000000 -0.200173616 2.797382355 -1.632844448 0.307246625 0.029993892 -0.002029426 -0.951154947
1403715596612143104.000000 -0.189380109 2.765825748 -1.625586271 -0.295925438 -0.047655202 0.010949249 0.953958809
1403715596662142976.000000 -0.175106063 2.731957912 -1.616654873 -0.284546852 -0.063324124 0.017625200 0.956406057
1403715596712143104.000000 -0.158878878 2.699246407 -1.603805184 -0.273296177 -0.075492710 0.021233564 0.958727896
1403715596762142976.000000 -0.140748098 2.667846441 -1.586625934 -0.262157112 -0.085734241 0.022157192 0.960953951
1403715596812143104.000000 -0.122092828 2.636213064 -1.564901471 0.250320226 0.095416613 -0.024197852 -0.963145912
1403715596862142976.000000 -0.104020178 2.611414909 -1.537106395 -0.239646137 -0.104778700 0.027092360 0.964809418
1403715596912143104.000000 -0.081226960 2.586635351 -1.505288720 -0.230184630 -0.113636203 0.028749513 0.966061771
1403715596962142976.000000 -0.056725055 2.564922333 -1.468065739 -0.222425222 -0.122203283 0.029536823 0.966809690
1403715597012143104.000000 -0.029933035 2.546462059 -1.425067663 -0.216069564 -0.127651080 0.028681459 0.967572510
1403715597062142976.000000 0.000056759 2.532618284 -1.376331687 0.210963652 0.129756376 -0.027291486 -0.968459010
1403715597112143104.000000 0.029851735 2.520995855 -1.318830609 -0.206813097 -0.125870466 0.025507724 0.969914615
1403715597162142976.000000 0.065968685 2.512284756 -1.258286715 -0.202515751 -0.115570433 0.023679700 0.972147226
1403715597212143104.000000 0.104525775 2.506469250 -1.192261219 -0.196978956 -0.099558190 0.022810159 0.975072920
1403715597262142976.000000 0.145229593 2.502906799 -1.121732473 -0.190799773 -0.081242889 0.021057460 0.978034616
1403715597312143104.000000 0.187287018 2.501466990 -1.047668815 0.183116063 0.060997922 -0.019718027 -0.980998993
1403715597362142976.000000 0.227235168 2.502179146 -0.969740391 -0.174739003 -0.043299478 0.017562922 0.983505428
1403715597412143104.000000 0.270612538 2.504354477 -0.891973257 -0.164743423 -0.024787625 0.015738564 0.985899389
1403715597462142976.000000 0.314823091 2.508503914 -0.813575387 -0.155306667 -0.005710807 0.008565149 0.987812698
1403715597512143104.000000 0.357936949 2.514081955 -0.735380590 -0.144939259 0.009306794 0.000449031 0.989396691
1403715597562142976.000000 0.395887166 2.521657944 -0.658968031 0.133699208 -0.019592000 0.008358577 -0.990793109
1403715597612143104.000000 0.438446403 2.527549744 -0.575477004 -0.121920884 0.024844388 -0.016711824 0.992088079
1403715597662142976.000000 0.475624919 2.535732031 -0.500602126 -0.109210052 0.027188167 -0.024456596 0.993345797
1403715597712143104.000000 0.511464953 2.544644833 -0.426752210 -0.096863076 0.024592677 -0.031793922 0.994485736
1403715597762142976.000000 0.546727121 2.554287910 -0.354221195 -0.085379474 0.022008665 -0.038244054 0.995370984
1403715597812143104.000000 0.581639409 2.564000607 -0.282301605 0.075086288 -0.019061038 0.041996021 -0.996109962
1403715597862142976.000000 0.616741776 2.574994087 -0.209625855 -0.066581771 0.018815776 -0.046892494 0.996500909
1403715597912143104.000000 0.650780916 2.586585760 -0.141021863 -0.059358727 0.022310363 -0.051362038 0.996664822
1403715597962142976.000000 0.684769809 2.598748207 -0.073904999 -0.053393513 0.028551046 -0.055144288 0.996640980
1403715598012143104.000000 0.717340350 2.611580610 -0.008391853 -0.048869759 0.032951824 -0.057988692 0.996575832
1403715598062142976.000000 0.751781046 2.624138117 0.057379577 -0.046222486 0.035653226 -0.061376441 0.996406257
1403715598112143104.000000 0.781725109 2.637625456 0.118964553 -0.045288529 0.037689209 -0.066533625 0.996043086
1403715598162142976.000000 0.809495389 2.651127815 0.179555655 -0.044377435 0.041766547 -0.070410065 0.995654881
1403715598212143104.000000 0.834284484 2.664857388 0.238935515 -0.043124665 0.048591971 -0.071905099 0.995293319
1403715598262142976.000000 0.854319632 2.677793741 0.299838841 -0.042151913 0.058272682 -0.072628357 0.994762659
1403715598312143104.000000 0.871819675 2.691891432 0.356656969 -0.041438911 0.068866029 -0.073016703 0.994086981
1403715598362142976.000000 0.885972023 2.705939054 0.411006391 -0.040353961 0.081394725 -0.072103202 0.993251085
1403715598412143104.000000 0.898570299 2.719583511 0.461715817 0.038909663 -0.098051913 0.069894709 -0.991961002
1403715598462142976.000000 0.904897571 2.729921103 0.504047215 -0.037537716 0.112624742 -0.067143910 0.990655541
1403715598512143104.000000 0.913433492 2.743212223 0.543180704 -0.036015209 0.125136003 -0.063460708 0.989452720
1403715598562142976.000000 0.919549644 2.756647110 0.575824797 -0.035397965 0.132985860 -0.060482621 0.988637269
1403715598612143104.000000 0.922400057 2.769828796 0.601037085 0.036075499 -0.136076108 0.059366547 -0.988259852
1403715598662142976.000000 0.922338247 2.783533573 0.620981455 0.038460702 -0.129164681 0.059731152 -0.989075124
1403715598712143104.000000 0.919237733 2.797034740 0.635246813 0.041935291 -0.116626970 0.061014920 -0.990412474
1403715598762142976.000000 0.910866380 2.809253693 0.647620380 -0.045611501 0.099765413 -0.062034406 0.992027402
1403715598812143104.000000 0.901505888 2.822417974 0.652780890 -0.048885122 0.081654578 -0.062932476 0.993469894
1403715598862142976.000000 0.889793158 2.835301161 0.654581130 -0.051622946 0.066439010 -0.063938566 0.994400740
1403715598912143104.000000 0.876025438 2.847962141 0.654180229 -0.054309223 0.053362653 -0.065783106 0.994924903
1403715598962142976.000000 0.860820472 2.860756636 0.654299915 -0.056535482 0.044238959 -0.067229025 0.995151758
1403715599012143104.000000 0.844107211 2.872721434 0.650724709 -0.058018487 0.037320320 -0.068913162 0.995234728
1403715599062142976.000000 0.826673150 2.883946896 0.646222115 -0.058688071 0.034074731 -0.069478206 0.995272517
1403715599112143104.000000 0.807973683 2.894483089 0.641683280 0.059609052 -0.033289932 0.071130782 -0.995127618
1403715599162142976.000000 0.788908184 2.905759096 0.637333393 -0.059470519 0.032566693 -0.070177287 0.995227575
1403715599212143104.000000 0.767040193 2.915399551 0.630841911 -0.058492184 0.028239552 -0.066514425 0.995669127
1403715599262142976.000000 0.743555605 2.924584627 0.623559177 -0.057326615 0.023375250 -0.061933260 0.996158421
1403715599312143104.000000 0.718741119 2.933407545 0.616312563 0.055477131 -0.018911248 0.055692405 -0.996726155
1403715599362142976.000000 0.693571687 2.944919348 0.608485520 -0.053235363 0.015703654 -0.048182383 0.997295320
1403715599412143104.000000 0.667047977 2.954699516 0.599964082 -0.050358288 0.014790216 -0.039569270 0.997837484
1403715599462142976.000000 0.639964104 2.965378046 0.591332495 -0.047123320 0.014996924 -0.030875340 0.998299181
1403715599512143104.000000 0.613375306 2.978106499 0.582337141 0.044457957 -0.016613336 0.023858259 -0.998588204
1403715599562142976.000000 0.589706838 2.993635416 0.576778233 -0.042339478 0.017330125 -0.018481093 0.998782039
1403715599612143104.000000 0.564526737 3.009774446 0.566089213 -0.040383480 0.021403892 -0.014013024 0.998856723
1403715599662142976.000000 0.539930701 3.028351784 0.554322302 -0.038486209 0.025772544 -0.009510178 0.998881459
1403715599712143104.000000 0.515833437 3.049993515 0.541514516 0.038497403 -0.030869490 0.010645206 -0.998725116
1403715599762142976.000000 0.494713992 3.073656082 0.528862536 -0.039614558 0.036245257 -0.013641257 0.998464227
1403715599812143104.000000 0.470921785 3.098972082 0.512475967 -0.042064816 0.039953638 -0.019473763 0.998125792
1403715599862142976.000000 0.446700186 3.126192331 0.494298548 -0.046150602 0.041158546 -0.029231451 0.997658074
1403715599912143104.000000 0.422069073 3.155275583 0.474177539 0.050497498 -0.036870640 0.038641937 -0.997295082
1403715599962142976.000000 0.400400341 3.183582544 0.460322678 -0.054831557 0.029619107 -0.046795852 0.996958554
1403715600012143104.000000 0.374477446 3.213538647 0.438100487 -0.058649693 0.023000302 -0.053826246 0.996561110
1403715600062142976.000000 0.348518372 3.243120432 0.415299028 -0.061731420 0.017406350 -0.063569047 0.995914340
1403715600112143104.000000 0.323563665 3.272683382 0.393279254 0.063744679 -0.013145448 0.077168465 -0.994891405
1403715600162142976.000000 0.299467325 3.298171997 0.375065058 -0.064172819 0.009664178 -0.094004028 0.993454456
1403715600212143104.000000 0.273288280 3.322814703 0.352541268 -0.062090658 0.006532270 -0.111781895 0.991769671
1403715600262142976.000000 0.246769398 3.344290257 0.330668002 -0.056579307 0.003875818 -0.127237439 0.990249693
1403715600312143104.000000 0.219741255 3.362521648 0.310304612 0.047586378 -0.001196837 0.139565200 -0.989068091
1403715600362142976.000000 0.191872478 3.376339674 0.289404899 0.035802286 0.001013147 0.151432037 -0.987818539
1403715600412143104.000000 0.163160264 3.385773659 0.269098818 0.020122843 0.004813934 0.157140702 -0.987359464
1403715600462142976.000000 0.135137439 3.388694048 0.255282849 -0.003004955 -0.011402991 -0.161080107 0.986870885
1403715600512143104.000000 0.104838744 3.389700413 0.235781372 0.017644925 -0.021787465 -0.157949746 0.987049103
1403715600562142976.000000 0.074864723 3.387026548 0.216703162 0.039670333 -0.031990968 -0.152245477 0.987028003
1403715600612143104.000000 0.046035044 3.381261110 0.198825479 0.061640929 -0.041354652 -0.148926899 0.986058354
1403715600662142976.000000 0.019455018 3.372486830 0.182208538 0.083061092 -0.048379548 -0.148136362 0.984284461
1403715600712143104.000000 -0.003835082 3.361413479 0.171290740 0.104029797 -0.052229341 -0.150342092 0.981757164
1403715600762142976.000000 -0.022991978 3.347793818 0.155257806 0.124847524 -0.053040080 -0.155052572 0.978549182
1403715600812143104.000000 -0.038908251 3.331900358 0.140153825 0.144956350 -0.054262809 -0.160050556 0.974898517
1403715600862142976.000000 -0.050718568 3.313701153 0.125559092 0.163958102 -0.052351207 -0.167803526 0.970679760
1403715600912143104.000000 -0.059755966 3.293649673 0.112646006 -0.182391852 0.051958993 0.173691750 -0.966366768
1403715600962142976.000000 -0.064599372 3.271149635 0.099195376 -0.198650762 0.050235949 0.180055469 -0.962078094
1403715601012143104.000000 -0.066467032 3.246907949 0.086127803 -0.212964386 0.048261750 0.185375169 -0.958098650
1403715601062142976.000000 -0.065046251 3.220536709 0.074012980 -0.225437850 0.044610854 0.189315036 -0.954645216
1403715601112143104.000000 -0.060859591 3.192814112 0.062126189 -0.234886989 0.042515051 0.193449721 -0.951629102
1403715601162142976.000000 -0.053837597 3.163721085 0.050298721 -0.241708681 0.040259849 0.197804049 -0.949120522
1403715601212143104.000000 -0.045636922 3.134208679 0.040052235 0.246986166 -0.037171919 -0.201943681 0.947013676
1403715601262142976.000000 -0.033537820 3.101614952 0.027791083 0.249850690 -0.034732360 -0.206535131 0.945363164
1403715601312143104.000000 -0.020551115 3.067139626 0.014866054 0.251922280 -0.032067392 -0.211481944 0.943812609
1403715601362142976.000000 -0.007806703 3.030818701 0.001916945 0.254189640 -0.030110680 -0.215672627 0.942319691
1403715601412143104.000000 0.003383279 2.993392467 -0.010912836 0.256735802 -0.029299529 -0.216464967 0.941472948
1403715601462142976.000000 0.015320078 2.956176758 -0.027988493 -0.259057820 0.029061344 0.215521514 -0.941060662
1403715601512143104.000000 0.023948744 2.916530132 -0.041408449 -0.260667652 0.029789446 0.213857681 -0.940972865
1403715601562142976.000000 0.031548977 2.875564814 -0.054528356 -0.262227952 0.029368538 0.211422920 -0.941102743
1403715601612143104.000000 0.037945524 2.833305359 -0.067205280 -0.263327599 0.029966323 0.208769083 -0.941369236
1403715601662142976.000000 0.043376088 2.790022850 -0.079801798 -0.264146358 0.031152699 0.205890030 -0.941735387
1403715601712143104.000000 0.046685517 2.749393225 -0.100470543 0.265440226 -0.029279476 -0.202328056 0.942203581
1403715601762142976.000000 0.051939726 2.704394579 -0.113673240 0.267017990 -0.025180304 -0.199648455 0.942447841
1403715601812143104.000000 0.056321442 2.658460140 -0.126493156 0.267620683 -0.022682369 -0.198199734 0.942646027
1403715601862142976.000000 0.060276702 2.612483263 -0.139616936 0.267136455 -0.018623445 -0.195595562 0.943415940
1403715601912143104.000000 0.063892215 2.566440105 -0.152880996 0.264729261 -0.013229417 -0.192418292 0.944837868
1403715601962142976.000000 0.067068927 2.520285606 -0.171173990 0.261089623 -0.004041556 -0.187431931 0.946934640
1403715602012143104.000000 0.070327140 2.474028826 -0.185449690 0.257175088 0.009861420 -0.181297377 0.949154913
1403715602062142976.000000 0.072296061 2.428361177 -0.200653002 0.252087325 0.022629304 -0.174906760 0.951497555
1403715602112143104.000000 0.072604433 2.383752346 -0.217060104 0.245794937 0.033734795 -0.168042064 0.954048574
1403715602162142976.000000 0.068672374 2.343565464 -0.241920829 0.237814873 0.039909966 -0.160947606 0.957051337
1403715602212143104.000000 0.064749509 2.302879572 -0.262410700 0.228318766 0.041182265 -0.154142708 0.960424185
1403715602262142976.000000 0.059170894 2.264371872 -0.285201281 0.218212858 0.040736314 -0.146571562 0.963971198
1403715602312143104.000000 0.052062258 2.227984428 -0.309839517 0.205965057 0.037525602 -0.142656669 0.967377543
1403715602362142976.000000 0.043817062 2.192352057 -0.335864127 -0.191782475 -0.028326433 0.140791640 -0.970873237
1403715602412143104.000000 0.034297351 2.158649921 -0.363401115 -0.176873490 -0.018412592 0.139685154 -0.974096954
1403715602462142976.000000 0.024425749 2.126271963 -0.392461568 -0.162230209 -0.007904955 0.137024730 -0.977160752
1403715602512143104.000000 0.009782664 2.099262714 -0.431318700 0.147618532 0.000395830 -0.134987801 0.979789257
1403715602562142976.000000 -0.000570070 2.069119215 -0.462604851 0.133422256 -0.005817401 -0.132639140 0.982126057
1403715602612143104.000000 -0.012480021 2.040186405 -0.494079143 0.118835218 -0.007933261 -0.131613940 0.984120429
1403715602662142976.000000 -0.026142769 2.012380362 -0.525402427 0.103378475 -0.006441083 -0.132465109 0.985760808
1403715602712143104.000000 -0.039902531 1.982718825 -0.555688977 -0.088699408 0.004785178 0.130576596 -0.987450898
1403715602762142976.000000 -0.059864752 1.953853607 -0.584829569 0.073545985 -0.005394067 -0.128951415 0.988905191
1403715602812143104.000000 -0.083969384 1.926353693 -0.612227559 0.058891833 -0.006689741 -0.126363754 0.990211725
1403715602862142976.000000 -0.110647708 1.898440003 -0.638498604 0.045632839 -0.007060392 -0.120833263 0.991598308
1403715602912143104.000000 -0.140704930 1.870634198 -0.663650453 0.032410599 -0.008223223 -0.116201401 0.992662728
1403715602962142976.000000 -0.172105342 1.841791153 -0.685055137 0.019337509 -0.010508954 -0.112102747 0.993452907
1403715603012143104.000000 -0.207232296 1.813460946 -0.707509339 0.006747458 -0.010192437 -0.107557997 0.994123697
1403715603062142976.000000 -0.243998766 1.784504771 -0.729043543 -0.005626818 -0.008066800 -0.102903016 0.994642735
1403715603112143104.000000 -0.281069010 1.754868031 -0.750178754 -0.018046247 -0.005122846 -0.097361736 0.995072305
1403715603162142976.000000 -0.316509455 1.723988652 -0.767730117 -0.031444967 -0.005273370 -0.093256131 0.995131493
1403715603212143104.000000 -0.354090810 1.693000078 -0.787772655 -0.043536343 -0.005529424 -0.087907337 0.995161474
1403715603262142976.000000 -0.391928613 1.661151171 -0.807157099 -0.055592012 -0.009102482 -0.083051316 0.994951844
1403715603312143104.000000 -0.428847492 1.628335118 -0.825733066 -0.066512302 -0.012176191 -0.079631463 0.994528413
1403715603362142976.000000 -0.462037385 1.595367312 -0.841176510 -0.075533308 -0.015892088 -0.075440563 0.994158387
1403715603412143104.000000 -0.496888191 1.560053110 -0.857903481 -0.082364775 -0.016464543 -0.070065081 0.993999958
1403715603462142976.000000 -0.530032396 1.523550272 -0.873563349 -0.086982384 -0.014927140 -0.063578531 0.994066894
1403715603512143104.000000 -0.561578751 1.486222625 -0.888078690 -0.089965798 -0.013240605 -0.055692010 0.994298398
1403715603562142976.000000 -0.588954389 1.451117158 -0.900578916 -0.091682628 -0.012377097 -0.047135174 0.994595110
1403715603612143104.000000 -0.618226469 1.413492322 -0.913581312 -0.092859060 -0.011267552 -0.038904000 0.994855165
1403715603662142976.000000 -0.646780074 1.376586676 -0.925740838 -0.092709996 -0.010255056 -0.027572932 0.995258510
1403715603712143104.000000 -0.673665762 1.341069937 -0.936895609 -0.092781417 -0.007168134 -0.019214153 0.995475352
1403715603762142976.000000 -0.695680737 1.309691072 -0.946014643 -0.091892928 -0.003702670 -0.010753081 0.995703936
1403715603812143104.000000 -0.717489243 1.277057171 -0.957223535 -0.091007844 -0.000210937 -0.003885195 0.995842636
1403715603862142976.000000 -0.736061275 1.246870756 -0.969124556 -0.089817308 -0.001374066 0.003016861 0.995952785
1403715603912143104.000000 -0.752268553 1.219147682 -0.981630683 -0.088873617 -0.010980746 0.008669654 0.995944679
1403715603962142976.000000 -0.760423005 1.197676420 -0.993519187 -0.088207655 -0.021238644 0.012444195 0.995797932
1403715604012143104.000000 -0.770892441 1.176320672 -1.004771829 -0.088882089 -0.031459734 0.011911690 0.995473921
1403715604062142976.000000 -0.778709352 1.158112526 -1.014847875 -0.092063725 -0.036952019 0.003799631 0.995060027
1403715604112143104.000000 -0.784368336 1.143346786 -1.022551537 0.095825039 0.038771678 0.007014361 -0.994618118
1403715604162142976.000000 -0.786750734 1.131347179 -1.028480530 -0.099284828 -0.037648510 -0.017049864 0.994200408
1403715604212143104.000000 -0.791962922 1.119807243 -1.032427311 -0.102291696 -0.033688195 -0.025794305 0.993849158
1403715604262142976.000000 -0.796785593 1.109407783 -1.034336329 -0.104272828 -0.029065723 -0.031919815 0.993611336
1403715604312143104.000000 -0.801711202 1.099931479 -1.034410596 -0.105524994 -0.025825124 -0.036070254 0.993426681
1403715604362142976.000000 -0.808263004 1.091601968 -1.031298876 0.106317833 0.024878183 0.038469363 -0.993276298
1403715604412143104.000000 -0.813903749 1.083418131 -1.027588248 0.106958106 0.025518682 0.039308239 -0.993158460
1403715604462142976.000000 -0.818562090 1.075327992 -1.022166014 0.107593797 0.025307609 0.040498912 -0.993047297
1403715604512143104.000000 -0.822367191 1.067289948 -1.015557528 0.107460670 0.021400178 0.040698916 -0.993145525
1403715604562142976.000000 -0.824684501 1.059490204 -1.007841587 0.107420608 0.014872065 0.041988336 -0.993215322
1403715604612143104.000000 -0.827051580 1.051865935 -0.998882473 0.107023463 0.007749956 0.042782411 -0.993305445
1403715604662142976.000000 -0.826306999 1.043657422 -0.991228700 -0.107374772 -0.002532273 -0.045234680 0.993185878
1403715604712143104.000000 -0.829046786 1.035847902 -0.981387496 -0.107766204 0.001083003 -0.046338629 0.993095219
1403715604762142976.000000 -0.831688643 1.027848363 -0.971469581 -0.108321995 0.003081284 -0.048404723 0.992932022
1403715604812143104.000000 -0.834737480 1.019226909 -0.960021198 0.108423173 -0.003132834 0.048260640 -0.992927730
1403715604862142976.000000 -0.837300181 1.010450840 -0.949277163 0.108322792 -0.003189791 0.047987152 -0.992951810
1403715604912143104.000000 -0.838664770 1.001793742 -0.940008104 -0.108525537 0.002894313 -0.049470216 0.992857814
1403715604962142976.000000 -0.840477943 0.992583513 -0.929377556 -0.108760707 0.000392151 -0.050086953 0.992805302
1403715605012143104.000000 -0.841941535 0.983243108 -0.918746233 -0.108481608 -0.002396172 -0.049715772 0.992851675
1403715605062142976.000000 -0.842240453 0.973306060 -0.907763541 -0.108111940 -0.003175263 -0.049580216 0.992896557
1403715605112143104.000000 -0.841740131 0.963115036 -0.897403002 0.107591338 0.002464125 0.049608544 -0.992953718
1403715605162142976.000000 -0.839466333 0.951528251 -0.886109471 -0.106846184 -0.000615669 -0.050679553 0.992982984
1403715605212143104.000000 -0.837132275 0.940675676 -0.874301136 -0.105759703 0.001133944 -0.050874181 0.993088901
1403715605262142976.000000 -0.833935082 0.929376364 -0.862121046 -0.104089111 0.002699024 -0.049620684 0.993325710
1403715605312143104.000000 -0.829908609 0.917568028 -0.849693835 0.101895206 -0.004543763 0.047212496 -0.993663847
1403715605362142976.000000 -0.827263772 0.907068193 -0.837739110 -0.099030912 0.006462713 -0.043259926 0.994122624
1403715605412143104.000000 -0.824880600 0.896074057 -0.824726522 -0.096428491 0.008298048 -0.040249903 0.994491160
1403715605462142976.000000 -0.824910045 0.886247814 -0.810787380 -0.094491862 0.007656072 -0.038112652 0.994766414
1403715605512143104.000000 -0.826595485 0.877053440 -0.796301961 0.092417903 -0.006462454 0.035302985 -0.995073318
1403715605562142976.000000 -0.831167698 0.868459523 -0.781355560 -0.090795487 0.003701252 -0.032976348 0.995316625
1403715605612143104.000000 -0.837633371 0.861373246 -0.765504241 -0.089243472 0.002064080 -0.030900097 0.995528340
1403715605662142976.000000 -0.844793737 0.855321944 -0.749330223 -0.088724852 0.001859828 -0.031811927 0.995546341
1403715605712143104.000000 -0.851281941 0.848523498 -0.734204829 -0.089773335 0.002159526 -0.036273964 0.995299101
1403715605762142976.000000 -0.856893718 0.844218373 -0.718103349 -0.091276698 0.004070750 -0.041848559 0.994937599
1403715605812143104.000000 -0.862046719 0.840470672 -0.702108741 -0.092382178 0.004384280 -0.045953810 0.994652987
1403715605862142976.000000 -0.866123438 0.837112367 -0.686624706 0.092983447 -0.005158236 0.048769351 -0.994459212
1403715605912143104.000000 -0.869315982 0.831511378 -0.670760632 -0.093086094 0.005990696 -0.051009957 0.994332552
1403715605962142976.000000 -0.872411609 0.827646613 -0.655033052 -0.093100503 0.007831331 -0.053140189 0.994206846
1403715606012143104.000000 -0.876898408 0.823683381 -0.638901353 -0.092893384 0.008705272 -0.054377262 0.994152069
1403715606062142976.000000 -0.883306980 0.820677638 -0.622036338 0.092501588 -0.009486855 0.055367380 -0.994126737
1403715606112143104.000000 -0.891965449 0.815206707 -0.604558647 -0.091876522 0.010084868 -0.056789100 0.994098663
1403715606162142976.000000 -0.900949836 0.811185896 -0.586907923 -0.090653874 0.010084194 -0.056537952 0.994225144
1403715606212143104.000000 -0.910706162 0.806576967 -0.569010794 -0.089758821 0.009518487 -0.056077499 0.994338036
1403715606262142976.000000 -0.920547426 0.800779283 -0.551723123 -0.087523676 0.009878425 -0.052350972 0.994736910
1403715606312143104.000000 -0.927854717 0.794667780 -0.535359204 -0.084971502 0.009738279 -0.049074966 0.995126545
1403715606362142976.000000 -0.932635844 0.788217425 -0.519971073 -0.082872391 0.009374314 -0.046332777 0.995438457
1403715606412143104.000000 -0.935860455 0.781647563 -0.504874885 -0.080921024 0.008985682 -0.043665200 0.995723069
1403715606462142976.000000 -0.935360372 0.775218248 -0.491477162 -0.079562686 0.010037240 -0.042723756 0.995863378
1403715606512143104.000000 -0.932967842 0.768689096 -0.478953451 -0.077875048 0.011689885 -0.041619893 0.996025443
1403715606562142976.000000 -0.932166100 0.762349665 -0.466122359 -0.075601861 0.012255836 -0.039506450 0.996279836
1403715606612143104.000000 -0.930063546 0.756690681 -0.454517126 -0.073091552 0.013334725 -0.037407011 0.996534288
1403715606662142976.000000 -0.929019690 0.751702189 -0.443185568 -0.070615582 0.014160312 -0.035258640 0.996779680
1403715606712143104.000000 -0.929140627 0.747900069 -0.431575447 -0.067622863 0.015388460 -0.031557258 0.997093022
1403715606762142976.000000 -0.930077195 0.745122433 -0.420394778 -0.064969122 0.016490152 -0.028246660 0.997351110
1403715606812143104.000000 -0.931770861 0.743960977 -0.409419030 -0.062642701 0.019449983 -0.026341533 0.997498751
1403715606862142976.000000 -0.934983611 0.744041324 -0.398203015 -0.062185038 0.023776097 -0.028986266 0.997360349
1403715606912143104.000000 -0.937219739 0.745405495 -0.388464093 -0.062705904 0.028198473 -0.033632990 0.997066557
1403715606962142976.000000 -0.939896762 0.747616947 -0.379808605 -0.064426191 0.031609304 -0.041206211 0.996570230
1403715607012143104.000000 -0.946314394 0.750402391 -0.371261775 -0.066306271 0.030173006 -0.047570873 0.996207893
1403715607062142976.000000 -0.950760126 0.753384471 -0.364446372 -0.068681858 0.027285319 -0.054143012 0.995794594
1403715607112143104.000000 -0.955830038 0.756098270 -0.358392060 -0.069856979 0.023963714 -0.058263782 0.995565712
1403715607162142976.000000 -0.961886346 0.758335769 -0.352776200 -0.070513554 0.021546341 -0.061012313 0.995410085
1403715607212143104.000000 -0.967065752 0.759741127 -0.348040074 -0.070934281 0.018607950 -0.062839516 0.995325744
1403715607262142976.000000 -0.971864045 0.760446548 -0.344235599 -0.071360126 0.016884658 -0.063614205 0.995276809
1403715607312143104.000000 -0.978241682 0.760686994 -0.341248035 -0.071367122 0.015643414 -0.063874163 0.995279968
1403715607362142976.000000 -0.982687652 0.760012805 -0.339021355 -0.071166106 0.016401246 -0.063507371 0.995305598
1403715607412143104.000000 -0.989313245 0.760072708 -0.336269438 -0.071226031 0.017324472 -0.063514292 0.995285273
1403715607462142976.000000 -0.992674768 0.758618593 -0.335628271 -0.071831197 0.018021306 -0.064399578 0.995172441
1403715607512143104.000000 -0.996826828 0.756475210 -0.335468978 -0.072504334 0.016820947 -0.064411968 0.995143890
1403715607562142976.000000 -0.999887526 0.753389597 -0.336083442 -0.073252946 0.016313231 -0.064843751 0.995069504
1403715607612143104.000000 -1.004305840 0.750061154 -0.337464035 -0.073949136 0.015782630 -0.064260885 0.995064378
1403715607662142976.000000 -1.007028461 0.745145738 -0.339310616 -0.074999496 0.014722715 -0.064344004 0.994996548
1403715607712143104.000000 -1.011086226 0.739954770 -0.341847360 -0.075884648 0.015345304 -0.064729728 0.994895101
1403715607762142976.000000 -1.015311003 0.734001875 -0.343810737 -0.076435417 0.014655004 -0.064205922 0.994897246
1403715607812143104.000000 -1.022924900 0.727862358 -0.343027592 -0.076754965 0.014142307 -0.062347647 0.994998276
1403715607862142976.000000 -1.032294989 0.721728146 -0.344316065 -0.076222710 0.013357546 -0.058416080 0.995288610
1403715607912143104.000000 -1.043613076 0.715844333 -0.344346553 -0.075721398 0.011302082 -0.064811304 0.994956315
1403715607962142976.000000 -1.043355346 0.713589191 -0.345081776 -0.075908899 0.015439827 -0.069129564 0.994595706
1403715608012143104.000000 -1.041860223 0.713780224 -0.344887197 -0.075611733 0.011357781 -0.070086420 0.994606376
1403715608062142976.000000 -1.043240547 0.714707077 -0.344985127 -0.075402372 0.011930674 -0.070368052 0.994595706
1403715608112143104.000000 -1.045690298 0.715902567 -0.343510360 -0.075121023 0.009351048 -0.069027208 0.994738519
1403715608162142976.000000 -1.045904040 0.715541363 -0.343630493 -0.075292371 0.008183279 -0.068280861 0.994787335
1403715608212143104.000000 -1.046885252 0.715460658 -0.344730645 0.075280592 -0.009701744 0.069446132 -0.994693935
1403715608262142976.000000 -1.047554731 0.715389132 -0.343128949 -0.074908987 0.011498443 -0.068507820 0.994767904
1403715608312143104.000000 -1.048271894 0.715266705 -0.342950195 -0.075117663 0.009656778 -0.068580717 0.994766712
1403715608362142976.000000 -1.049934030 0.716804743 -0.345045507 0.074925736 -0.009332655 0.067983091 -0.994825304
1403715608412143104.000000 -1.050617695 0.717550695 -0.345678896 0.075068705 -0.010026040 0.068576418 -0.994767070
1403715608462142976.000000 -1.051642060 0.717089653 -0.346203178 0.074838363 -0.009746820 0.067801833 -0.994840264
1403715608512143104.000000 -1.052500725 0.717169404 -0.346865714 0.074985936 -0.010434989 0.068370067 -0.994783282
1403715608562142976.000000 -1.053090692 0.717685223 -0.347347707 0.074849173 -0.010188730 0.067951307 -0.994824827
1403715608612143104.000000 -1.052704692 0.717071295 -0.345644355 0.074866518 -0.009737047 0.067874894 -0.994833231
1403715608662142976.000000 -1.054265380 0.718131602 -0.348312140 0.074841291 -0.009828858 0.067904167 -0.994832277
1403715608712143104.000000 -1.052575588 0.715599298 -0.343257159 -0.074932478 0.009798257 -0.067740992 0.994836807
1403715608762142976.000000 -1.053130150 0.715574622 -0.344195664 -0.074963078 0.010255835 -0.067838371 0.994823277
1403715608812143104.000000 -1.053886294 0.715989530 -0.345128477 0.074875504 -0.010067286 0.067665569 -0.994843602
1403715608862142976.000000 -1.054451942 0.716369033 -0.346017092 0.074963786 -0.009721254 0.067648709 -0.994841516
1403715608912143104.000000 -1.054560661 0.716377199 -0.345107615 -0.074909054 0.009797732 -0.067567691 0.994850397
1403715608962142976.000000 -1.055313587 0.716442406 -0.346436888 -0.074906498 0.010131376 -0.067588933 0.994845808
1403715609012143104.000000 -1.055703163 0.716487765 -0.346618831 0.074879423 -0.010182407 0.067550510 -0.994849980
1403715609062142976.000000 -1.055987120 0.716781855 -0.347333014 0.074852467 -0.009986669 0.067400247 -0.994864106
1403715609112143104.000000 -1.056175470 0.717022419 -0.348129034 0.074871972 -0.009907973 0.067383409 -0.994864643
1403715609162142976.000000 -1.056256413 0.717079401 -0.349025279 0.074791320 -0.009915262 0.067280844 -0.994877517
1403715609212143104.000000 -1.056268692 0.717065692 -0.350028425 0.074797936 -0.010052884 0.067316964 -0.994873226
1403715609262142976.000000 -1.056239486 0.717184722 -0.350973219 0.074808717 -0.010119918 0.067280509 -0.994874239
1403715609312143104.000000 -1.056067944 0.717460096 -0.351754844 0.074798353 -0.009990355 0.067162082 -0.994884312
1403715609362142976.000000 -1.055813789 0.717893004 -0.352493316 0.074800745 -0.009848872 0.067126885 -0.994887948
