1403715535862142976.000000 0.000000032 -0.000000030 0.000000005 -0.000000014 -0.000000029 -0.000000010 1.000000000
1403715535912143104.000000 0.006362923 0.048877917 0.051314671 0.006594324 -0.002213624 -0.009858803 0.999927223
1403715535962142976.000000 0.017349765 0.101118028 0.100858286 0.014993410 -0.005976353 -0.019127246 0.999686837
1403715536012143104.000000 0.021269415 0.149269983 0.155492380 0.022740168 -0.010327727 -0.025362613 0.999366283
1403715536062142976.000000 0.031242691 0.198420793 0.208754629 0.029893421 -0.016247204 -0.031071896 0.998937964
1403715536112143104.000000 0.042583250 0.251971245 0.256589949 0.038008992 -0.021787489 -0.034908451 0.998429835
1403715536162142976.000000 0.054387059 0.297037035 0.313176394 0.043726098 -0.026491880 -0.039322753 0.997917831
1403715536212143104.000000 0.061574679 0.337493867 0.369426340 0.047280207 -0.029530950 -0.045582365 0.997404039
1403715536262142976.000000 0.077044681 0.382982492 0.425224125 0.051576052 -0.032349553 -0.051645085 0.996808052
1403715536312143104.000000 0.092993788 0.418906838 0.483720481 0.053983726 -0.033097383 -0.057642359 0.996327162
1403715536362142976.000000 0.113547347 0.466427505 0.539600790 0.058965899 -0.031258944 -0.064705610 0.995670199
1403715536412143104.000000 0.130438313 0.492913663 0.599966466 0.058731470 -0.026467087 -0.074014917 0.995174348
1403715536462142976.000000 0.152375311 0.532113731 0.659934998 0.060663544 -0.021113224 -0.083071321 0.994471371
1403715536512143104.000000 0.175673261 0.566017747 0.721341550 0.061862323 -0.015626431 -0.090434209 0.993856430
1403715536562142976.000000 0.196723178 0.594425321 0.782054067 0.062861472 -0.009337889 -0.096582338 0.993294060
1403715536612143104.000000 0.222372353 0.614405394 0.844950914 0.062814549 -0.003705979 -0.099135801 0.993082464
1403715536662142976.000000 0.233183786 0.617351711 0.904214323 0.059906092 0.005901019 -0.103064947 0.992851555
1403715536712143104.000000 0.265905112 0.642361820 0.966821074 0.063270368 0.012990132 -0.103350669 0.992545605
1403715536762142976.000000 0.289736032 0.647386968 1.023611307 0.064515710 0.024992647 -0.102830209 0.992289782
1403715536812143104.000000 0.312386215 0.658451378 1.083652377 0.068486363 0.036905732 -0.103163466 0.991617382
1403715536862142976.000000 0.345275402 0.666635334 1.141261578 0.072214253 0.046242833 -0.105136886 0.990753770
1403715536912143104.000000 0.370370865 0.649362087 1.187252879 0.069694333 0.055794068 -0.108867116 0.990039289
1403715536962142976.000000 0.392818719 0.658434629 1.243612289 0.071344614 0.067307480 -0.116172433 0.988374233
1403715537012143104.000000 0.413930506 0.652448177 1.289684653 0.070546485 0.078200378 -0.122626849 0.986848831
1403715537062142976.000000 0.431480229 0.635602236 1.329743743 0.068731368 0.091137767 -0.126384839 0.985391736
1403715537112143104.000000 0.453903586 0.622996151 1.366593599 0.069622517 0.105664141 -0.129487172 0.983473897
1403715537162142976.000000 0.469742477 0.606252372 1.398067594 0.070185632 0.121920541 -0.131414428 0.981294870
1403715537212143104.000000 0.486688405 0.582917929 1.422019601 0.070901997 0.136150032 -0.130362645 0.979511023
1403715537262142976.000000 0.501253068 0.555317581 1.438319564 0.072765805 0.148515895 -0.126706719 0.978056014
1403715537312143104.000000 0.513209581 0.524461865 1.447268367 0.078614525 0.154416516 -0.113989972 0.978254378
1403715537362142976.000000 0.520483017 0.484674126 1.440683484 0.083121844 0.151278317 -0.096052691 0.980295658
1403715537412143104.000000 0.526536465 0.458451062 1.440070629 0.091328606 0.139843464 -0.081157625 0.982606947
1403715537462142976.000000 0.528590798 0.415202141 1.425847054 0.095941134 0.122100949 -0.065357588 0.985705376
1403715537512143104.000000 0.525644660 0.376678050 1.406052351 0.099336229 0.100390494 -0.052711841 0.988572478
1403715537562142976.000000 0.532764256 0.328482479 1.382983804 0.101176389 0.075115547 -0.043167416 0.991089106
1403715537612143104.000000 0.527101934 0.290377617 1.357961059 0.101553857 0.055387098 -0.034507670 0.992687404
1403715537662142976.000000 0.521395683 0.259465426 1.331416845 0.103245690 0.041949976 -0.028433431 0.993364036
1403715537712143104.000000 0.517159939 0.224022910 1.302402496 0.103861555 0.039613597 -0.022869559 0.993539453
1403715537762142976.000000 0.522241414 0.195691973 1.272829056 0.104882717 0.042773262 -0.019219754 0.993378401
1403715537812143104.000000 0.521752119 0.153212979 1.237651229 0.103519291 0.051591877 -0.015068365 0.993174255
1403715537862142976.000000 0.531676590 0.110974781 1.201822758 0.100197889 0.057928335 -0.014573535 0.993172884
1403715537912143104.000000 0.535836995 0.079623260 1.165805936 0.100025050 0.061567273 -0.013204042 0.992990494
1403715537962142976.000000 0.531599164 0.053856205 1.129410982 0.099759907 0.060386829 -0.014266694 0.993074954
1403715538012143104.000000 0.531802475 0.029072933 1.089777589 0.100834563 0.053659923 -0.012783366 0.993372917
1403715538062142976.000000 0.523563683 -0.001404625 1.048812866 0.099439114 0.049017876 -0.010774327 0.993777156
1403715538112143104.000000 0.509846091 -0.030965831 1.009303689 0.097744532 0.043469697 -0.006631071 0.994239628
1403715538162142976.000000 0.500336230 -0.044987228 0.969401538 0.096799806 0.037534002 -0.002485501 0.994592786
1403715538212143104.000000 0.502475202 -0.091210201 0.919140458 -0.090208739 -0.031996161 -0.001096815 -0.995408237
1403715538262142976.000000 0.476550937 -0.093053982 0.883498073 0.084167272 0.029006992 0.003871917 0.996021807
1403715538312143104.000000 0.462850690 -0.110011347 0.840447545 0.076790534 0.028832238 0.007092731 0.996605039
1403715538362142976.000000 0.441960543 -0.124872304 0.802118540 0.068312779 0.031195080 0.009567160 0.997130334
1403715538412143104.000000 0.423101723 -0.137630358 0.758854687 0.058115374 0.039110668 0.010307763 0.997490227
1403715538462142976.000000 0.402001262 -0.146735862 0.722912967 0.045867231 0.048706468 0.007543322 0.997730970
1403715538512143104.000000 0.382299095 -0.155849963 0.677691758 0.033144783 0.059163842 0.005354904 0.997683525
1403715538562142976.000000 0.359876841 -0.164705560 0.635272086 0.019171644 0.067290068 0.002510216 0.997546136
1403715538612143104.000000 0.338419259 -0.172059968 0.586280346 0.005860134 0.072515763 0.002656165 0.997346580
1403715538662142976.000000 0.314239681 -0.179860964 0.539038658 -0.007758751 0.074145429 0.004390896 0.997207642
1403715538712143104.000000 0.290485173 -0.186373144 0.485956013 -0.021987341 0.072421588 0.007877099 0.997100651
1403715538762142976.000000 0.264295667 -0.192814022 0.432522058 0.037250578 -0.065981671 -0.012166947 -0.997051060
1403715538812143104.000000 0.235171452 -0.200621188 0.380204529 -0.053327993 0.056287251 0.017488549 0.996836066
1403715538862142976.000000 0.207702711 -0.206583068 0.322590023 -0.070887923 0.047715727 0.022601184 0.996086061
1403715538912143104.000000 0.178576097 -0.210955128 0.268973768 -0.089023665 0.039770085 0.028936649 0.994814515
1403715538962142976.000000 0.146991581 -0.216713086 0.210798115 -0.108419865 0.034578618 0.035433885 0.992871583
1403715539012143104.000000 0.111576736 -0.224017739 0.156016707 -0.129206911 0.031697594 0.041848518 0.990227044
1403715539062142976.000000 0.074042663 -0.230101317 0.098766640 -0.150043756 0.029258704 0.049780305 0.986991763
1403715539112143104.000000 0.032058083 -0.238543227 0.045937859 -0.171529517 0.027292326 0.057561439 0.983117223
1403715539162142976.000000 -0.011093024 -0.244934380 -0.009414000 -0.192812935 0.026769269 0.066009589 0.978646696
1403715539212143104.000000 -0.056177229 -0.253230393 -0.061861269 -0.213450298 0.025538106 0.075411938 0.973704159
1403715539262142976.000000 -0.104790024 -0.260338187 -0.114576213 -0.233588934 0.022556305 0.083576143 0.968474388
1403715539312143104.000000 -0.156561390 -0.268042713 -0.165663689 0.252968460 -0.018101629 -0.091676794 -0.962951064
1403715539362142976.000000 -0.210348099 -0.280483782 -0.214415550 -0.270971775 0.013048558 0.099718228 0.957319319
1403715539412143104.000000 -0.264275998 -0.287890226 -0.263651937 -0.287561476 0.008880220 0.106358923 0.951796949
1403715539462142976.000000 -0.314904034 -0.295543790 -0.311083078 0.302497745 -0.008184531 -0.111172751 -0.946609080
1403715539512143104.000000 -0.364105344 -0.310236573 -0.359300435 -0.314397782 0.006350769 0.117440179 0.941977501
1403715539562142976.000000 -0.406585366 -0.317605287 -0.406933069 -0.322174162 0.005617483 0.127455294 0.938044488
1403715539612143104.000000 -0.444096118 -0.324468732 -0.453934997 -0.328048080 0.007112166 0.136673853 0.934694707
1403715539662142976.000000 -0.476530135 -0.330490679 -0.501721859 0.333265096 -0.010135124 -0.144043803 -0.931709766
1403715539712143104.000000 -0.504740179 -0.348168045 -0.554340661 -0.338037640 0.014679946 0.148923010 0.929159343
1403715539762142976.000000 -0.527932525 -0.352658451 -0.602625489 -0.341564924 0.017256748 0.151073113 0.927476466
1403715539812143104.000000 -0.547615886 -0.356626362 -0.652179539 -0.343957692 0.019660929 0.151283726 0.926509500
1403715539862142976.000000 -0.565329790 -0.358295500 -0.702021956 0.345222324 -0.018039634 -0.150527611 -0.926195204
1403715539912143104.000000 -0.578974485 -0.360843897 -0.752693832 0.342911124 -0.012223147 -0.151838794 -0.926934540
1403715539962142976.000000 -0.588585258 -0.361275822 -0.804544151 0.339207619 -0.007828869 -0.156147465 -0.927628696
1403715540012143104.000000 -0.590142250 -0.375945985 -0.862284780 -0.336548388 -0.001362127 0.159836009 0.928000987
1403715540062142976.000000 -0.596733868 -0.373461902 -0.913541257 -0.331495881 -0.008797748 0.166845500 0.928544939
1403715540112143104.000000 -0.601796567 -0.370034695 -0.964268386 -0.325853139 -0.017353224 0.174498603 0.929015040
1403715540162142976.000000 -0.605869591 -0.360100508 -1.012259960 0.320674121 0.021462966 -0.181701630 -0.929350317
1403715540212143104.000000 -0.599792242 -0.351116091 -1.063459158 -0.316567361 -0.024869129 0.186976433 0.929627120
1403715540262142976.000000 -0.599864066 -0.335392624 -1.110046387 -0.314777970 -0.022962054 0.187401950 0.930197954
1403715540312143104.000000 -0.597772896 -0.316768944 -1.155981064 0.314933956 0.022283260 -0.183194533 -0.930999339
1403715540362142976.000000 -0.595543623 -0.294121325 -1.200414658 0.316357255 0.022918146 -0.175262436 -0.932027936
1403715540412143104.000000 -0.593585849 -0.268795162 -1.243164778 0.317450643 0.025451431 -0.168004006 -0.932926595
1403715540462142976.000000 -0.591452301 -0.240892991 -1.283996582 0.318942338 0.028498128 -0.160605729 -0.933632433
1403715540512143104.000000 -0.589565516 -0.221787363 -1.328321338 -0.320941687 -0.037095763 0.154506937 0.933674514
1403715540562142976.000000 -0.588644385 -0.189700276 -1.364822388 -0.322207451 -0.044542976 0.152184993 0.933294177
1403715540612143104.000000 -0.587692261 -0.156382024 -1.399014831 0.323701918 0.051810604 -0.150512815 -0.932672918
1403715540662142976.000000 -0.586238265 -0.120373994 -1.429806709 0.323528588 0.056695312 -0.154121712 -0.931859195
1403715540712143104.000000 -0.584429145 -0.082031250 -1.457348943 0.322396904 0.057354778 -0.162707582 -0.930750728
1403715540762142976.000000 -0.581249177 -0.045507833 -1.485383153 -0.321676373 -0.056732651 0.170775592 0.929592073
1403715540812143104.000000 -0.577609420 -0.001276881 -1.507103324 -0.322362363 -0.051108889 0.175191313 0.928858638
1403715540862142976.000000 -0.573468864 0.045928746 -1.526566267 -0.323870122 -0.045214687 0.176373601 0.928415954
1403715540912143104.000000 -0.568573892 0.095129520 -1.544378877 0.325350910 0.038508311 -0.176952854 -0.928090334
1403715540962142976.000000 -0.562709153 0.147924483 -1.561230063 -0.327694744 -0.032444511 0.174050555 0.928046346
1403715541012143104.000000 -0.556983292 0.203628957 -1.574740767 -0.330107987 -0.027898591 0.169675410 0.928149045
1403715541062142976.000000 -0.551045835 0.261490077 -1.586838961 0.331844181 0.024444962 -0.165744558 -0.928337634
1403715541112143104.000000 -0.544922590 0.321879268 -1.596721292 0.333259016 0.024068948 -0.161983341 -0.928504467
1403715541162142976.000000 -0.539183736 0.383286506 -1.605114222 0.332740486 0.021641234 -0.162900940 -0.928589702
1403715541212143104.000000 -0.532338023 0.444589168 -1.615676165 -0.330073595 -0.013911865 0.169002920 0.928598940
1403715541262142976.000000 -0.525472283 0.509838462 -1.621372223 -0.328177065 -0.003365903 0.174381554 0.928374767
1403715541312143104.000000 -0.518834829 0.577080131 -1.627112389 -0.329041183 0.005974577 0.176005632 0.927748978
1403715541362142976.000000 -0.514132261 0.645707130 -1.635013819 -0.332546473 0.010700486 0.171558082 0.927289665
1403715541412143104.000000 -0.509564936 0.715586841 -1.641005754 -0.336155891 0.011935334 0.166167393 0.926954865
1403715541462142976.000000 -0.506649852 0.784540176 -1.651249528 -0.338851660 0.005545926 0.161631480 0.926835597
1403715541512143104.000000 -0.504316926 0.855909526 -1.656325579 -0.340784281 -0.003047941 0.159348384 0.926533878
1403715541562142976.000000 -0.502088726 0.927965224 -1.660898447 0.342333138 0.012786048 -0.157383755 -0.926215351
1403715541612143104.000000 -0.500715137 1.004310131 -1.664682746 -0.342576385 -0.020708704 0.157853961 0.925902188
1403715541662142976.000000 -0.497144163 1.078190207 -1.667211413 -0.344302863 -0.027662169 0.154080376 0.925715744
1403715541712143104.000000 -0.492337734 1.152986765 -1.668200374 -0.346795619 -0.033088986 0.147561461 0.925669253
1403715541762142976.000000 -0.487925380 1.232519865 -1.665144682 -0.350876123 -0.034926977 0.135153055 0.925958872
1403715541812143104.000000 -0.480265647 1.308891654 -1.662013531 -0.355686098 -0.036016565 0.121123061 0.926023483
1403715541862142976.000000 -0.470788300 1.384753227 -1.656454206 -0.360344678 -0.033581868 0.106257915 0.926138937
1403715541912143104.000000 -0.462133110 1.463989377 -1.646495700 -0.363508195 -0.032469437 0.092808880 0.926387608
1403715541962142976.000000 -0.450799525 1.536476135 -1.634453058 -0.364709407 -0.031938788 0.081116393 0.927031398
1403715542012143104.000000 -0.438822120 1.606635809 -1.619093537 -0.364047110 -0.032845687 0.070266359 0.928145170
1403715542062142976.000000 -0.425748795 1.672866583 -1.601526141 0.361284316 0.029670011 -0.058908477 -0.930119932
1403715542112143104.000000 -0.410986930 1.735718012 -1.580035448 0.356162786 0.023124745 -0.050966464 -0.932746410
1403715542162142976.000000 -0.396142632 1.801628113 -1.553712487 -0.349713415 -0.015374720 0.042478584 0.935766935
1403715542212143104.000000 -0.378756762 1.856233120 -1.526295424 -0.341177553 -0.004674381 0.036458764 0.939279974
1403715542262142976.000000 -0.359975338 1.906140804 -1.496833682 -0.331115305 0.006176710 0.031942073 0.943029344
1403715542312143104.000000 -0.342003912 1.951087475 -1.467646241 0.318195462 -0.017204860 -0.032482594 -0.947312355
1403715542362142976.000000 -0.320876122 1.999919891 -1.430663705 -0.304370403 0.028005889 0.032175243 0.951598167
1403715542412143104.000000 -0.300441593 2.035522461 -1.399008632 -0.288067609 0.040344499 0.036440890 0.956065595
1403715542462142976.000000 -0.279235899 2.067296505 -1.367633820 -0.271465898 0.054541193 0.041109364 0.960021734
1403715542512143104.000000 -0.257891178 2.098221779 -1.335401893 0.256166726 -0.065813184 -0.045300968 -0.963325024
1403715542562142976.000000 -0.237650216 2.124343395 -1.306185126 0.243648022 -0.072573848 -0.047256935 -0.965989470
1403715542612143104.000000 -0.219904184 2.154166698 -1.273854136 -0.232506424 0.071142226 0.049354460 0.968733072
1403715542662142976.000000 -0.204769880 2.175243855 -1.248391867 -0.223649457 0.066560991 0.050434165 0.971085429
1403715542712143104.000000 -0.191071317 2.194102526 -1.225109458 -0.215754956 0.064174205 0.052348554 0.972929180
1403715542762142976.000000 -0.178943023 2.212118387 -1.202984810 0.209849179 -0.060277637 -0.051740233 -0.974501371
1403715542812143104.000000 -0.168754995 2.227506399 -1.182521939 0.205381960 -0.054704241 -0.051290024 -0.975804865
1403715542862142976.000000 -0.160657540 2.241411209 -1.163163185 0.201229155 -0.049085647 -0.052545764 -0.976901472
1403715542912143104.000000 -0.154412597 2.253675699 -1.145158291 0.197245225 -0.045436811 -0.055104498 -0.977749109
1403715542962142976.000000 -0.150279552 2.265338421 -1.127457380 0.193295494 -0.043748505 -0.059820332 -0.978337646
1403715543012143104.000000 -0.148531213 2.276654005 -1.109987736 0.189669967 -0.044061117 -0.064928226 -0.978707433
1403715543062142976.000000 -0.148831651 2.287647486 -1.092590570 0.187196046 -0.045835253 -0.068840146 -0.978834987
1403715543112143104.000000 -0.146181688 2.307042122 -1.066286206 -0.184463456 0.046820931 0.072197370 0.979065180
1403715543162142976.000000 -0.149360225 2.317647219 -1.050887704 -0.184363231 0.048889063 0.073489405 0.978886843
1403715543212143104.000000 -0.153072938 2.327885151 -1.036951065 -0.184688717 0.051937874 0.074889205 0.978562295
1403715543262142976.000000 -0.158487275 2.334012032 -1.028905392 0.185061917 -0.055994384 -0.076849580 -0.978115976
1403715543312143104.000000 -0.164258957 2.342952251 -1.019874096 0.185735658 -0.058582969 -0.079272844 -0.977643192
1403715543362142976.000000 -0.170707807 2.352297544 -1.012599111 0.187293723 -0.059141599 -0.078925006 -0.977340460
1403715543412143104.000000 -0.177025825 2.361639023 -1.007245302 0.189131409 -0.060560711 -0.078164101 -0.976960719
1403715543462142976.000000 -0.183479726 2.370956421 -1.002946258 0.191771656 -0.059941739 -0.074520968 -0.976768792
1403715543512143104.000000 -0.190139741 2.380316019 -0.999113381 0.194641754 -0.059383135 -0.070688933 -0.976520061
1403715543562142976.000000 -0.197865292 2.388461113 -0.998292208 0.197140872 -0.061844558 -0.067190699 -0.976112843
1403715543612143104.000000 -0.201548785 2.402277470 -0.997297049 -0.198170811 0.065235034 0.063415393 0.975936115
1403715543662142976.000000 -0.210741460 2.409057856 -1.000388980 -0.201233625 0.070563883 0.057028182 0.975332558
1403715543712143104.000000 -0.221681267 2.414604425 -1.005923986 -0.206094936 0.074432760 0.050647106 0.974381626
1403715543762142976.000000 -0.237557620 2.417484760 -1.016444206 0.214036658 -0.077444606 -0.042521276 -0.972822070
1403715543812143104.000000 -0.249050424 2.420590639 -1.025531530 -0.223739609 0.078501627 0.034313682 0.970876276
1403715543862142976.000000 -0.266100347 2.419878006 -1.038084388 -0.235069826 0.077610902 0.028339444 0.968460500
1403715543912143104.000000 -0.284552991 2.415989399 -1.052191257 -0.247613251 0.075622529 0.024356576 0.965596080
1403715543962142976.000000 -0.302455872 2.411484480 -1.066749334 -0.260854751 0.070436947 0.023077026 0.962528467
1403715544012143104.000000 -0.323884726 2.400328636 -1.083612680 -0.275710732 0.064931631 0.022791002 0.958774269
1403715544062142976.000000 -0.346660495 2.385218143 -1.101261020 -0.291564375 0.059374183 0.025350651 0.954370141
1403715544112143104.000000 -0.371987313 2.367349148 -1.118289351 -0.305945218 0.054213692 0.037199147 0.949776113
1403715544162142976.000000 -0.401244551 2.345205307 -1.134646058 -0.321470827 0.049832575 0.052136056 0.944169044
1403715544212143104.000000 -0.433711648 2.320162535 -1.150479078 -0.338256478 0.046537004 0.068038002 0.937436759
1403715544262142976.000000 -0.469330758 2.293821573 -1.165233850 -0.356602818 0.043528002 0.083592318 0.929490209
1403715544312143104.000000 -0.508411765 2.264585257 -1.178802729 -0.375842959 0.041127965 0.100193724 0.920332432
1403715544362142976.000000 -0.550590515 2.233647585 -1.191156626 -0.395028502 0.039302964 0.116910025 0.910351515
1403715544412143104.000000 -0.592184663 2.203584671 -1.203292608 -0.413049549 0.038337834 0.133940294 0.899989069
1403715544462142976.000000 -0.638579369 2.169445515 -1.214041710 -0.431722730 0.038725670 0.147363320 0.889044344
1403715544512143104.000000 -0.685019314 2.133943558 -1.224748611 -0.449509054 0.038647752 0.158408180 0.878268063
1403715544562142976.000000 -0.729060411 2.096128941 -1.237168074 -0.465477914 0.038940277 0.167984068 0.868098676
1403715544612143104.000000 -0.769868374 2.058836222 -1.249585390 -0.479046941 0.039444834 0.174899057 0.859283745
1403715544662142976.000000 -0.805837691 2.020613909 -1.263127565 -0.490032017 0.039369900 0.179868370 0.852036417
1403715544712143104.000000 -0.831467032 1.982872844 -1.280809402 -0.499837607 0.042083368 0.179701865 0.846226156
1403715544762142976.000000 -0.854240298 1.943185329 -1.298630476 -0.507391274 0.046052042 0.177960902 0.841880798
1403715544812143104.000000 -0.870643735 1.901886106 -1.318962574 -0.513000071 0.049214508 0.175724313 0.838766932
1403715544862142976.000000 -0.880353928 1.859397292 -1.341616154 0.516912520 -0.051370241 -0.173285440 -0.836740553
1403715544912143104.000000 -0.885188937 1.814594865 -1.366683006 0.518531621 -0.051025078 -0.173003227 -0.835817814
1403715544962142976.000000 -0.887449980 1.768094182 -1.392975330 0.519062459 -0.047803953 -0.174326748 -0.835403621
1403715545012143104.000000 -0.888948917 1.720192790 -1.419812202 0.519638002 -0.042575050 -0.176593810 -0.834852338
1403715545062142976.000000 -0.890160799 1.671128035 -1.447073460 0.521151304 -0.038854774 -0.179029167 -0.833570778
1403715545112143104.000000 -0.892101049 1.621158481 -1.474297404 0.523896039 -0.034894858 -0.181426078 -0.831504643
1403715545162142976.000000 -0.890363634 1.563037038 -1.511871099 -0.527695656 0.030842446 0.184268668 0.828632116
1403715545212143104.000000 -0.896729290 1.511337399 -1.537782550 -0.532673836 0.028608041 0.187805891 0.824723721
1403715545262142976.000000 -0.905932724 1.459488511 -1.562066793 -0.538374722 0.025385039 0.191388071 0.820291996
1403715545312143104.000000 -0.918881536 1.406726003 -1.584261775 0.544628084 -0.023453439 -0.195781127 -0.815168679
1403715545362142976.000000 -0.933161736 1.354246855 -1.605606437 0.549932837 -0.023844268 -0.200967312 -0.810319424
1403715545412143104.000000 -0.947955549 1.301734328 -1.626084089 0.553287208 -0.028006598 -0.208646730 -0.805950046
1403715545462142976.000000 -0.959859371 1.246781588 -1.652836204 -0.554993153 0.032545112 0.217956722 0.802133560
1403715545512143104.000000 -0.972770631 1.194193721 -1.674396873 -0.555866539 0.038292680 0.227263704 0.798684776
1403715545562142976.000000 -0.983775616 1.142503023 -1.697571039 -0.556651831 0.043363366 0.235487819 0.795489728
1403715545612143104.000000 -0.992527843 1.092572212 -1.720762014 0.556888819 -0.048173510 -0.242675900 -0.792882442
1403715545662142976.000000 -1.001133680 1.042708874 -1.747242212 0.556878865 -0.051771548 -0.247558847 -0.791151226
1403715545712143104.000000 -1.010150433 0.993767262 -1.775593042 0.556039214 -0.053747799 -0.250004441 -0.790840983
1403715545762142976.000000 -1.020178199 0.945866108 -1.805745602 0.554987490 -0.053219289 -0.250175208 -0.791561127
1403715545812143104.000000 -1.033794403 0.892055631 -1.844234109 -0.553092122 0.050713815 0.247797176 0.793797135
1403715545862142976.000000 -1.045366168 0.845837355 -1.877606630 -0.550398529 0.048868563 0.243277580 0.797175944
1403715545912143104.000000 -1.057186604 0.799877167 -1.912829041 -0.546704531 0.044408571 0.236182541 0.802097201
1403715545962142976.000000 -1.067672372 0.754128337 -1.948948145 0.541537106 -0.040122952 -0.226802319 -0.808510065
1403715546012143104.000000 -1.078983545 0.709363461 -1.985521793 0.534205317 -0.035025585 -0.216971263 -0.816285193
1403715546062142976.000000 -1.093027234 0.661006808 -2.025424480 -0.524584651 0.031553887 0.206867337 0.825240135
1403715546112143104.000000 -1.103280783 0.616563916 -2.062066555 -0.512593091 0.028269498 0.197256967 0.835187912
1403715546162142976.000000 -1.113014579 0.572075129 -2.098443031 -0.497453332 0.026955055 0.189540967 0.846101582
1403715546212143104.000000 -1.123492718 0.525787473 -2.136592388 -0.480886698 0.025657509 0.180682763 0.857580006
1403715546262142976.000000 -1.132634878 0.480936766 -2.172597885 -0.462219507 0.024620321 0.173412740 0.869295716
1403715546312143104.000000 -1.141169548 0.435871959 -2.208585024 -0.442552805 0.024051733 0.166472390 0.880826652
1403715546362142976.000000 -1.149525642 0.390001178 -2.245604515 -0.422243267 0.023876248 0.158658594 0.892170429
1403715546412143104.000000 -1.157441735 0.344199598 -2.281040192 -0.401027411 0.022196753 0.152041391 0.903087914
1403715546462142976.000000 -1.164594531 0.298124194 -2.317087650 -0.379494041 0.021495301 0.144663483 0.913561642
1403715546512143104.000000 -1.170661449 0.252592564 -2.354382753 -0.357466578 0.019586148 0.137272954 0.923574686
1403715546562142976.000000 -1.177762032 0.206258506 -2.390312910 -0.335193545 0.018940760 0.129233047 0.933051646
1403715546612143104.000000 -1.185175419 0.160069764 -2.426267624 -0.313288152 0.015803007 0.119342327 0.941996992
1403715546662142976.000000 -1.193742871 0.114948779 -2.461944103 0.290777236 -0.010533776 -0.109695159 -0.950423419
1403715546712143104.000000 -1.198464632 0.072404772 -2.497839928 -0.267795980 0.002828213 0.100042947 0.958263457
1403715546762142976.000000 -1.208175421 0.027289480 -2.531620502 -0.244369358 -0.008426585 0.091626287 0.965306878
1403715546812143104.000000 -1.217841148 -0.017409712 -2.564030170 -0.220314547 -0.019551979 0.085546710 0.971473634
1403715546862142976.000000 -1.226784706 -0.062071778 -2.596982718 0.196444452 0.027900357 -0.080093727 -0.976839900
1403715546912143104.000000 -1.228777647 -0.098745398 -2.623984814 -0.172915637 -0.032532774 0.074863806 0.981548429
1403715546962142976.000000 -1.235333443 -0.140149042 -2.652879953 -0.151969388 -0.037106998 0.062070966 0.985736132
1403715547012143104.000000 -1.240449429 -0.180142969 -2.679816961 -0.132146612 -0.039804090 0.047358483 0.989297807
1403715547062142976.000000 -1.243590951 -0.220000088 -2.704001188 0.111823499 0.042577874 -0.034028877 -0.992232203
1403715547112143104.000000 -1.242233634 -0.251297712 -2.720307827 -0.091072433 -0.044155911 0.022367198 0.994613469
1403715547162142976.000000 -1.244264245 -0.291160971 -2.740026474 -0.070708677 -0.044589426 0.010280911 0.996446908
1403715547212143104.000000 -1.245015860 -0.330981195 -2.757311106 -0.050165921 -0.044519734 -0.001331200 0.997747302
1403715547262142976.000000 -1.240682960 -0.363994330 -2.765488863 -0.030171886 -0.044591337 -0.013562305 0.998457491
1403715547312143104.000000 -1.239498138 -0.404464304 -2.777384996 -0.011512454 -0.044998061 -0.025096191 0.998605490
1403715547362142976.000000 -1.237756014 -0.445645213 -2.786913872 0.006602141 -0.045984760 -0.034632336 0.998319864
1403715547412143104.000000 -1.235933542 -0.487372875 -2.793139935 -0.024479859 0.048898440 0.042145699 -0.997613847
1403715547462142976.000000 -1.228055120 -0.520983577 -2.787497282 0.041955918 -0.053728793 -0.048549809 0.996491849
1403715547512143104.000000 -1.225310326 -0.565123975 -2.788703918 0.059030872 -0.057721823 -0.054870065 0.995074332
1403715547562142976.000000 -1.221430421 -0.609960020 -2.786548615 0.076377727 -0.061015200 -0.062914424 0.993219793
1403715547612143104.000000 -1.214024186 -0.651289999 -2.772866249 0.095143184 -0.063446753 -0.070999056 0.990899265
1403715547662142976.000000 -1.208731771 -0.700703204 -2.765191078 0.112911239 -0.065116659 -0.080169648 0.988222599
1403715547712143104.000000 -1.201459646 -0.750080705 -2.753847599 0.130005643 -0.066239156 -0.090026565 0.985193491
1403715547762142976.000000 -1.190456510 -0.797154486 -2.730516434 0.148217797 -0.067197412 -0.099080488 0.981681764
1403715547812143104.000000 -1.180953383 -0.852324486 -2.713684559 0.165513515 -0.067467324 -0.107146658 0.978045523
1403715547862142976.000000 -1.170375109 -0.909897387 -2.694028139 0.183007807 -0.067132808 -0.114070505 0.974160790
1403715547912143104.000000 -1.155949593 -0.960988939 -2.661121607 0.200290203 -0.063109718 -0.120848700 0.970204473
1403715547962142976.000000 -1.142731071 -1.022682786 -2.635426044 0.216635481 -0.057190880 -0.124789029 0.966553688
1403715548012143104.000000 -1.128444791 -1.086410642 -2.607648611 0.231425643 -0.049067684 -0.125002921 0.963539720
1403715548062142976.000000 -1.111079335 -1.142576814 -2.568368435 0.243678734 -0.038142003 -0.126478985 0.960816860
1403715548112143104.000000 -1.095420599 -1.208009481 -2.537349224 0.253023267 -0.025738843 -0.127880335 0.958625793
1403715548162142976.000000 -1.080214620 -1.274316430 -2.505334616 0.259976119 -0.015443655 -0.128994077 0.956835687
1403715548212143104.000000 -1.063388467 -1.334541559 -2.462880850 0.264982939 -0.006070442 -0.130688250 0.955336511
1403715548262142976.000000 -1.048512816 -1.402567387 -2.429551125 0.267688185 0.002030547 -0.132595539 0.954336107
1403715548312143104.000000 -1.035080075 -1.471218467 -2.395519018 0.269328296 0.008094960 -0.133439481 0.953724623
1403715548362142976.000000 -1.024938345 -1.533494949 -2.352620363 0.270221591 0.010546504 -0.133690491 0.953412831
1403715548412143104.000000 -1.018030524 -1.602879286 -2.316973209 0.269253105 0.012824948 -0.135215417 0.953443825
1403715548462142976.000000 -1.013934255 -1.672419548 -2.280121803 0.267961472 0.012476022 -0.134580761 0.953902066
1403715548512143104.000000 -1.010189295 -1.742972374 -2.241515160 -0.267434359 -0.011848013 0.133111715 -0.954264045
1403715548562142976.000000 -1.010259390 -1.806195378 -2.199436665 0.267154753 0.010313609 -0.128737554 0.954959989
1403715548612143104.000000 -1.008114815 -1.877507925 -2.163582802 0.266151279 0.008556653 -0.125001997 0.955753565
1403715548662142976.000000 -1.006277323 -1.948743701 -2.128016233 0.264576763 0.007263228 -0.121616609 0.956637800
1403715548712143104.000000 -1.004838109 -2.016483545 -2.093574286 -0.263521612 -0.006902288 0.118201740 -0.957359433
1403715548762142976.000000 -1.002802610 -2.086871862 -2.059760094 -0.262075275 -0.007008742 0.115429580 -0.958093703
1403715548812143104.000000 -1.003640056 -2.154625654 -2.019140005 0.260574430 0.005853449 -0.112975366 0.958803058
1403715548862142976.000000 -1.000649214 -2.225138187 -1.985858202 0.258500785 0.006460802 -0.111444779 0.959539354
1403715548912143104.000000 -0.997537613 -2.295483589 -1.952471137 0.257041872 0.006855115 -0.108883180 0.960222363
1403715548962142976.000000 -0.994262815 -2.367384911 -1.918828130 -0.257357091 -0.007698559 0.107993141 -0.960232079
1403715549012143104.000000 -0.991122305 -2.438569307 -1.886085868 -0.259224415 -0.008679003 0.107883334 -0.959733605
1403715549062142976.000000 -0.987871885 -2.509848595 -1.854187250 -0.263034642 -0.010683052 0.108617097 -0.958593249
1403715549112143104.000000 -0.989021599 -2.575568199 -1.815135837 0.269085944 0.014916107 -0.107900441 0.956936717
1403715549162142976.000000 -0.984264612 -2.646288157 -1.785242915 0.274527818 0.022142433 -0.108132832 0.955223322
1403715549212143104.000000 -0.980409265 -2.715091467 -1.755431414 0.279573441 0.029740268 -0.107871570 0.953581631
1403715549262142976.000000 -0.975787401 -2.784040928 -1.727556825 0.284702927 0.037535012 -0.106718980 0.951917291
1403715549312143104.000000 -0.973484457 -2.849298000 -1.696451664 0.289296031 0.044042658 -0.106635451 0.950261593
1403715549362142976.000000 -0.970116258 -2.915447235 -1.672711134 0.295386165 0.046821762 -0.101127371 0.948856235
1403715549412143104.000000 -0.968068838 -2.979779482 -1.650505900 0.301010638 0.045384265 -0.095339984 0.947756886
1403715549462142976.000000 -0.969323039 -3.038511276 -1.625354409 0.306565166 0.041146938 -0.089116551 0.946775079
1403715549512143104.000000 -0.969245374 -3.097081184 -1.605580330 0.310883194 0.035421852 -0.084623955 0.946010411
1403715549562142976.000000 -0.969951272 -3.153146744 -1.586588860 0.314382970 0.026267666 -0.081417784 0.945433557
1403715549612143104.000000 -0.971162081 -3.206391335 -1.562115669 0.316317260 0.017259723 -0.077045053 0.945362210
1403715549662142976.000000 -0.972118676 -3.256684780 -1.542565107 0.315995157 0.007680236 -0.072478198 0.945957243
1403715549712143104.000000 -0.971856952 -3.304119349 -1.522362232 0.313549042 0.002231618 -0.065796673 0.947287142
1403715549762142976.000000 -0.968398094 -3.349343777 -1.495401621 0.309129059 -0.000591268 -0.058874227 0.949195802
1403715549812143104.000000 -0.964941978 -3.390329838 -1.473156095 0.302302986 0.000020243 -0.051411409 0.951824486
1403715549862142976.000000 -0.960954964 -3.427793980 -1.449890375 0.293833017 0.001082883 -0.043437675 0.954868674
1403715549912143104.000000 -0.956510425 -3.462018013 -1.424374938 0.284438431 -0.000052957 -0.032858618 0.958131075
1403715549962142976.000000 -0.949329197 -3.492886066 -1.392461181 0.273991019 -0.001485653 -0.020007085 0.961522996
1403715550012143104.000000 -0.942093015 -3.518724680 -1.365422845 0.261505365 -0.004052122 -0.007157219 0.965167046
1403715550062142976.000000 -0.934475303 -3.539601564 -1.337260723 0.246339887 -0.007714522 0.003078713 0.969147980
1403715550112143104.000000 -0.923578799 -3.556416750 -1.301807284 0.228021383 -0.009810286 0.008891038 0.973566175
1403715550162142976.000000 -0.911347628 -3.567405224 -1.271769524 0.207922325 -0.010975976 0.010501093 0.978027463
1403715550212143104.000000 -0.895296156 -3.573547363 -1.241744280 0.187721640 -0.010919682 0.011741590 0.982091367
1403715550262142976.000000 -0.873350620 -3.576411009 -1.205161810 0.167973042 -0.011848779 0.012248218 0.985644341
1403715550312143104.000000 -0.849620342 -3.574188948 -1.175120711 0.148347348 -0.012664418 0.013512948 0.988761961
1403715550362142976.000000 -0.821787417 -3.568247557 -1.145415187 0.129032969 -0.011142971 0.015180055 0.991461575
1403715550412143104.000000 -0.791640639 -3.560586214 -1.115210056 -0.108962901 0.008360294 -0.015718564 -0.993886411
1403715550462142976.000000 -0.755793035 -3.548830509 -1.076884508 0.088084690 -0.005064450 0.016110532 0.995969892
1403715550512143104.000000 -0.723813474 -3.534889698 -1.045862794 0.067596890 -0.001804300 0.017795602 0.997552395
1403715550562142976.000000 -0.693126023 -3.519263029 -1.013913989 0.047611266 -0.000073511 0.021196123 0.998641074
1403715550612143104.000000 -0.662135720 -3.501859665 -0.974518001 0.028731942 0.001363944 0.028006356 0.999193847
1403715550662142976.000000 -0.637311935 -3.482954979 -0.939498186 0.010844127 0.003030746 0.037440471 0.999235451
1403715550712143104.000000 -0.615184903 -3.462266684 -0.903170109 -0.006803267 0.004692822 0.047968462 0.998814702
1403715550762142976.000000 -0.595347941 -3.441586971 -0.865834236 0.023265488 -0.005974354 -0.061142035 -0.997840047
1403715550812143104.000000 -0.579069436 -3.418048859 -0.827422202 0.038951833 -0.007370383 -0.075466521 -0.996360064
1403715550862142976.000000 -0.563838840 -3.391375780 -0.780601978 -0.055024996 0.008320553 0.089227684 0.994455338
1403715550912143104.000000 -0.552792192 -3.363039970 -0.740640700 -0.070638582 0.009560811 0.102947325 0.992129326
1403715550962142976.000000 -0.543285012 -3.331409931 -0.700383604 -0.087058447 0.011304601 0.114654817 0.989518762
1403715551012143104.000000 -0.533938766 -3.295862198 -0.660661340 -0.104273610 0.012423917 0.123732924 0.986743629
1403715551062142976.000000 -0.520548463 -3.254268646 -0.621169865 0.123546086 -0.013911331 -0.127568379 -0.984006703
1403715551112143104.000000 -0.508981705 -3.213912487 -0.581777990 -0.142797932 0.015710898 0.131129682 0.980901122
1403715551162142976.000000 -0.491200447 -3.165871382 -0.548249722 -0.161983266 0.017581103 0.134691104 0.977399945
1403715551212143104.000000 -0.470738053 -3.114887238 -0.516584814 -0.179527342 0.019638130 0.141682237 0.973298788
1403715551262142976.000000 -0.448500454 -3.062072277 -0.486535013 0.196871236 -0.023475554 -0.149749413 -0.968641222
1403715551312143104.000000 -0.424941748 -3.007952452 -0.459070951 0.213436007 -0.026189120 -0.160574630 -0.963314652
1403715551362142976.000000 -0.401534796 -2.948958397 -0.433439702 0.230148494 -0.028621368 -0.170935005 -0.957597971
1403715551412143104.000000 -0.378763676 -2.886976957 -0.409569889 0.247069582 -0.031735722 -0.180873796 -0.951437950
1403715551462142976.000000 -0.356918484 -2.822121620 -0.387785435 0.264928132 -0.035488836 -0.188823909 -0.944933474
1403715551512143104.000000 -0.336209536 -2.754382372 -0.368090957 0.283188850 -0.038605176 -0.195196509 -0.938196242
1403715551562142976.000000 -0.316293418 -2.683459044 -0.351109624 0.303017557 -0.042446315 -0.198051482 -0.931211233
1403715551612143104.000000 -0.303776711 -2.604855776 -0.335142195 -0.323529869 0.045032755 0.197822168 0.924211502
1403715551662142976.000000 -0.285173953 -2.529672861 -0.323633730 -0.345181465 0.049464531 0.194653556 0.916795015
1403715551712143104.000000 -0.267213702 -2.453067064 -0.314642966 -0.366645038 0.055280615 0.191482604 0.908762872
1403715551762142976.000000 -0.252843916 -2.372612238 -0.311256289 -0.387489319 0.060350418 0.189936057 0.900074542
1403715551812143104.000000 -0.237658620 -2.295440197 -0.307695746 -0.406826615 0.067900397 0.190129846 0.890916526
1403715551862142976.000000 -0.223699093 -2.218540907 -0.306770682 -0.425327271 0.076178633 0.191434443 0.881275415
1403715551912143104.000000 -0.212053120 -2.135767460 -0.311432123 0.443093747 -0.086894833 -0.192697614 -0.871197402
1403715551962142976.000000 -0.202688664 -2.064270973 -0.318087459 -0.461364806 0.093485095 0.192276746 0.861064911
1403715552012143104.000000 -0.193630517 -1.989241123 -0.327263176 -0.480472803 0.095773377 0.189956591 0.850817204
1403715552062142976.000000 -0.186742961 -1.916761756 -0.338984013 -0.499594063 0.091674827 0.187111348 0.840827584
1403715552112143104.000000 -0.182373941 -1.846736193 -0.353293300 0.516095996 -0.089036331 -0.188621283 -0.830746353
1403715552162142976.000000 -0.178656012 -1.785844445 -0.370344996 -0.532340169 0.084587127 0.190443426 0.820481777
1403715552212143104.000000 -0.176131696 -1.722357631 -0.388408780 -0.548727572 0.084233582 0.190724358 0.809584498
1403715552262142976.000000 -0.174199879 -1.661662340 -0.408159494 -0.566329837 0.084682383 0.188394666 0.797876477
1403715552312143104.000000 -0.171998501 -1.609159231 -0.430765152 -0.583340526 0.087769203 0.186977595 0.785525262
1403715552362142976.000000 -0.172453940 -1.556152463 -0.452678919 -0.600242257 0.088891603 0.187095955 0.772530079
1403715552412143104.000000 -0.174152225 -1.507361174 -0.475532413 -0.617095172 0.088167235 0.188861817 0.758782864
1403715552462142976.000000 -0.175348222 -1.465903759 -0.501428604 0.633638620 -0.088168092 -0.191763163 -0.744281769
1403715552512143104.000000 -0.178395092 -1.426446438 -0.525527477 0.649862885 -0.089845061 -0.195721254 -0.728902817
1403715552562142976.000000 -0.182162166 -1.391605616 -0.549750209 0.665532589 -0.092840433 -0.201149404 -0.712731361
1403715552612143104.000000 -0.184384227 -1.362425566 -0.577514410 0.681044102 -0.097390063 -0.206724063 -0.695671916
1403715552662142976.000000 -0.189873457 -1.337360620 -0.602442145 0.695878804 -0.102321796 -0.214324832 -0.677752078
1403715552712143104.000000 -0.196670294 -1.317237139 -0.627539754 0.710476279 -0.105729662 -0.223016366 -0.659020841
1403715552762142976.000000 -0.202072740 -1.302307487 -0.656635761 0.724636793 -0.107768603 -0.233086556 -0.639498413
1403715552812143104.000000 -0.210987359 -1.291504264 -0.682760477 0.738772511 -0.109376878 -0.242567360 -0.619203508
1403715552862142976.000000 -0.221594855 -1.285684705 -0.709518790 0.752377093 -0.109715670 -0.252865702 -0.598289371
1403715552912143104.000000 -0.231333017 -1.285590410 -0.740952849 0.764184475 -0.111503005 -0.265092313 -0.577334583
1403715552962142976.000000 -0.244915172 -1.289625049 -0.768747330 0.774504304 -0.113655806 -0.279002726 -0.556222141
1403715553012143104.000000 -0.259954035 -1.298149347 -0.797743678 0.784110308 -0.117144331 -0.292478383 -0.534700453
1403715553062142976.000000 -0.276834071 -1.311871767 -0.829495072 0.793251753 -0.120684318 -0.304535389 -0.513269186
1403715553112143104.000000 -0.292265147 -1.327608466 -0.864621520 0.802834749 -0.122470111 -0.313923389 -0.491843164
1403715553162142976.000000 -0.311153769 -1.349306583 -0.898992896 0.813902140 -0.122300930 -0.318373740 -0.470365882
1403715553212143104.000000 -0.330717504 -1.375026345 -0.935457289 0.825338185 -0.122422203 -0.319651753 -0.449057281
1403715553262142976.000000 -0.350415915 -1.402145743 -0.975588202 0.835798979 -0.125506312 -0.320341736 -0.427866280
1403715553312143104.000000 -0.371921718 -1.435605288 -1.015961885 0.847353995 -0.126758173 -0.317235142 -0.406553239
1403715553362142976.000000 -0.393989563 -1.474119544 -1.057830334 0.860246539 -0.126794338 -0.309490114 -0.384857148
1403715553412143104.000000 -0.415800869 -1.517219543 -1.101916075 0.873014152 -0.124048017 -0.300892949 -0.363210678
1403715553462142976.000000 -0.438438982 -1.565623403 -1.144189119 0.887045860 -0.117114343 -0.288036972 -0.341275036
1403715553512143104.000000 -0.461898148 -1.618630409 -1.185018301 0.899249852 -0.111468367 -0.277251065 -0.319462508
1403715553562142976.000000 -0.485151798 -1.675449610 -1.222888350 0.909900129 -0.104053810 -0.268340856 -0.298743725
1403715553612143104.000000 -0.509295404 -1.736738682 -1.258442521 0.918229342 -0.096313797 -0.263398737 -0.279641986
1403715553662142976.000000 -0.532695413 -1.801726580 -1.290713310 0.924856067 -0.087397307 -0.260051548 -0.263393521
1403715553712143104.000000 -0.558531106 -1.868307590 -1.321565747 0.928383410 -0.079445779 -0.262746871 -0.250513166
1403715553762142976.000000 -0.581487477 -1.939334869 -1.345834017 0.929098666 -0.067495227 -0.272734851 -0.240490884
1403715553812143104.000000 -0.603797555 -2.012481689 -1.366539359 0.927547157 -0.054793898 -0.287257016 -0.232674435
1403715553862142976.000000 -0.620871365 -2.091681957 -1.386045098 0.925152779 -0.042338226 -0.301230729 -0.227068052
1403715553912143104.000000 -0.638883710 -2.167308569 -1.401593447 0.922516167 -0.030563723 -0.313656449 -0.222821727
1403715553962142976.000000 -0.655725002 -2.243004322 -1.415375710 0.918598771 -0.021783791 -0.327478915 -0.220134735
1403715554012143104.000000 -0.671918273 -2.317956209 -1.428191423 0.913454950 -0.015949905 -0.343158633 -0.218146339
1403715554062142976.000000 -0.691226840 -2.393096685 -1.443354130 0.906925678 -0.012305604 -0.360634416 -0.217433512
1403715554112143104.000000 -0.707196832 -2.466142178 -1.455278635 0.899846077 -0.008851471 -0.378218055 -0.217140049
1403715554162142976.000000 -0.723096073 -2.537790298 -1.468196154 0.892672062 -0.003961059 -0.394772649 -0.217429325
1403715554212143104.000000 -0.741948962 -2.606148243 -1.488606334 0.886576772 -0.001516147 -0.408034503 -0.217915565
1403715554262142976.000000 -0.757609308 -2.673092604 -1.507130384 0.881787598 0.003203329 -0.417702913 -0.219008565
1403715554312143104.000000 -0.774330378 -2.737553835 -1.529043913 0.878355682 0.010480653 -0.424117744 -0.220239908
1403715554362142976.000000 -0.795698464 -2.799354076 -1.557735205 0.877079904 0.023769233 -0.424719542 -0.223112836
1403715554412143104.000000 -0.817013621 -2.856606245 -1.586051941 0.878769398 0.042727087 -0.416964412 -0.228209153
1403715554462142976.000000 -0.839440823 -2.909242153 -1.616832256 0.884515285 0.072094157 -0.395545483 -0.236598939
1403715554512143104.000000 -0.867597461 -2.957262278 -1.651605129 0.889994025 0.103465922 -0.369355470 -0.246540159
1403715554562142976.000000 -0.895722926 -2.998764515 -1.680925965 0.894325972 0.136905670 -0.341230363 -0.254950523
1403715554612143104.000000 -0.924737751 -3.032727003 -1.706948161 0.897596598 0.166868880 -0.312995136 -0.261742741
1403715554662142976.000000 -0.957780600 -3.059271574 -1.730985641 0.899058223 0.191442087 -0.289645672 -0.266738981
1403715554712143104.000000 -0.988074541 -3.076704502 -1.746245861 0.899851799 0.209690809 -0.270989746 -0.269928157
1403715554762142976.000000 -1.016740322 -3.083883524 -1.754438877 0.900568128 0.223429829 -0.255384803 -0.271725774
1403715554812143104.000000 -1.042611003 -3.079390049 -1.756647587 0.901922464 0.232998133 -0.240170211 -0.273068100
1403715554862142976.000000 -1.060583472 -3.061896563 -1.749418259 0.904622316 0.232573777 -0.229007602 -0.274086535
1403715554912143104.000000 -1.069101095 -3.030498743 -1.733330131 0.908039987 0.225814313 -0.222680286 -0.273650944
1403715554962142976.000000 -1.064151883 -2.981684208 -1.709060311 0.913159549 0.212784499 -0.215588346 -0.272734404
1403715555012143104.000000 -1.051025629 -2.924760103 -1.674891949 0.918295145 0.186281100 -0.221091360 -0.270466357
1403715555062142976.000000 -1.028724432 -2.858104467 -1.632373571 0.921805918 0.149164408 -0.237464711 -0.267646134
1403715555112143104.000000 -0.998437107 -2.783377409 -1.583444595 0.922673762 0.105213739 -0.260010064 -0.264571369
1403715555162142976.000000 -0.961585402 -2.701995611 -1.529447675 0.919528663 0.060360800 -0.287538707 -0.261046469
1403715555212143104.000000 -0.925187826 -2.618944645 -1.472998381 0.913478673 0.016056882 -0.313988775 -0.258283049
1403715555262142976.000000 -0.891269684 -2.534583807 -1.414078712 0.903027236 -0.033244357 -0.343781084 -0.255443364
1403715555312143104.000000 -0.865754604 -2.452038765 -1.351727247 0.891316533 -0.078239635 -0.368217021 -0.252685189
1403715555362142976.000000 -0.838704288 -2.370948315 -1.293671727 0.883514822 -0.105000883 -0.381672084 -0.250405312
1403715555412143104.000000 -0.813556015 -2.293955564 -1.239255071 0.879340172 -0.121586770 -0.387517780 -0.248611242
1403715555462142976.000000 -0.790002882 -2.224030495 -1.189455509 0.881341755 -0.123437002 -0.382930636 -0.247717947
1403715555512143104.000000 -0.762108147 -2.158974171 -1.146906257 0.884982049 -0.119069301 -0.376039118 -0.247434810
1403715555562142976.000000 -0.732278109 -2.099907160 -1.109770298 0.889772713 -0.108553968 -0.367377669 -0.248101294
1403715555612143104.000000 -0.701124907 -2.046484947 -1.076762676 0.893513799 -0.098939836 -0.360020578 -0.249458030
1403715555662142976.000000 -0.671548843 -1.999440193 -1.043971181 0.895837843 -0.087696202 -0.355736077 -0.251467496
1403715555712143104.000000 -0.636755705 -1.955042839 -1.017108560 0.896202087 -0.078774802 -0.355325758 -0.253692597
1403715555762142976.000000 -0.600882113 -1.914084911 -0.992303729 0.893732965 -0.078824133 -0.359542191 -0.256432682
1403715555812143104.000000 -0.564305067 -1.878419876 -0.970099211 0.890193999 -0.082811192 -0.365492880 -0.259059787
1403715555862142976.000000 -0.526541412 -1.845916033 -0.951026917 0.886256516 -0.089616239 -0.371852100 -0.261236101
1403715555912143104.000000 -0.486254603 -1.816876888 -0.937147379 0.883755803 -0.093208306 -0.375426769 -0.263330072
1403715555962142976.000000 -0.445983618 -1.791598558 -0.926771939 0.880944550 -0.096271709 -0.379832178 -0.265322715
1403715556012143104.000000 -0.408662438 -1.769756556 -0.917288840 0.877290308 -0.102755442 -0.385568023 -0.266721547
1403715556062142976.000000 -0.373686939 -1.750540972 -0.913181663 0.872160733 -0.113358252 -0.393570602 -0.267559081
1403715556112143104.000000 -0.343120724 -1.736037612 -0.909778774 0.869112134 -0.120474607 -0.397698432 -0.268265009
1403715556162142976.000000 -0.315738052 -1.725920439 -0.909590304 0.869505703 -0.124177039 -0.395462006 -0.268607050
1403715556212143104.000000 -0.290669560 -1.720178604 -0.913363457 0.871222436 -0.126959488 -0.390541255 -0.268943131
1403715556262142976.000000 -0.267466486 -1.719282389 -0.920995831 0.874106824 -0.126399785 -0.383779556 -0.269580603
1403715556312143104.000000 -0.246012643 -1.723001122 -0.932218194 0.876656055 -0.123789907 -0.377759159 -0.271013618
1403715556362142976.000000 -0.226891786 -1.731324315 -0.946354330 0.878225863 -0.120559476 -0.373706698 -0.272998422
1403715556412143104.000000 -0.210264504 -1.743956089 -0.963144362 0.879781842 -0.115940787 -0.369901925 -0.275162250
1403715556462142976.000000 -0.197350651 -1.760444760 -0.981380522 0.881635129 -0.105994411 -0.366511464 -0.277766198
1403715556512143104.000000 -0.188751832 -1.780257463 -1.000682831 0.884059489 -0.088145755 -0.363234431 -0.280588597
1403715556562142976.000000 -0.180125400 -1.800801635 -1.021201015 0.885936856 -0.069824420 -0.360365570 -0.283508837
1403715556612143104.000000 -0.179941446 -1.824161887 -1.040829301 0.887044132 -0.054621141 -0.358268887 -0.286029220
1403715556662142976.000000 -0.183798641 -1.849167109 -1.059756041 0.886384010 -0.042278070 -0.359729052 -0.288324326
1403715556712143104.000000 -0.191957787 -1.874801874 -1.078171968 0.884561300 -0.032379150 -0.363552183 -0.290401071
1403715556762142976.000000 -0.205402464 -1.902479172 -1.095685840 0.883089185 -0.022965239 -0.366091490 -0.292580217
1403715556812143104.000000 -0.219709754 -1.928103209 -1.115020037 0.883897245 -0.013269817 -0.363011360 -0.294571728
1403715556862142976.000000 -0.235200971 -1.952821493 -1.134998322 0.884763539 -0.006026653 -0.359873742 -0.296054274
1403715556912143104.000000 -0.250895619 -1.976449013 -1.155632734 0.885871589 0.001750047 -0.355807036 -0.297707826
1403715556962142976.000000 -0.264074415 -1.996347666 -1.173039436 0.886557579 0.007597111 -0.353583068 -0.298223108
1403715557012143104.000000 -0.280999899 -2.016832590 -1.193723083 0.884711862 0.009003869 -0.357733220 -0.298715472
1403715557062142976.000000 -0.298467100 -2.035337925 -1.214660764 0.881391048 0.008090568 -0.365687698 -0.298926204
1403715557112143104.000000 -0.315771043 -2.051583052 -1.237214208 0.877241790 0.005995411 -0.375639260 -0.298841387
1403715557162142976.000000 -0.333467662 -2.066245556 -1.257784963 0.872678876 0.002829391 -0.386803746 -0.298004180
1403715557212143104.000000 -0.351004928 -2.078635454 -1.283189654 0.868543446 0.000314210 -0.396400720 -0.297487319
1403715557262142976.000000 -0.369114727 -2.088946581 -1.311150074 0.864814937 -0.001331812 -0.405070215 -0.296667218
1403715557312143104.000000 -0.387744576 -2.097422838 -1.342207551 0.862779319 -0.001699244 -0.410158664 -0.295599103
1403715557362142976.000000 -0.407193720 -2.103377104 -1.376291990 0.860988855 -0.002031022 -0.414578080 -0.294650942
1403715557412143104.000000 -0.427391708 -2.107323647 -1.414055347 0.861580253 -0.003272439 -0.414172769 -0.293478787
1403715557462142976.000000 -0.448495597 -2.109134912 -1.455015540 0.864129484 -0.003585529 -0.409395427 -0.292682260
1403715557512143104.000000 -0.470575780 -2.109983444 -1.495398164 0.869000256 -0.003243937 -0.399443418 -0.292015523
1403715557562142976.000000 -0.493628353 -2.108195305 -1.541624069 0.874383986 -0.002095236 -0.388089687 -0.291264117
1403715557612143104.000000 -0.517889798 -2.104671240 -1.589176416 0.879112780 0.000798106 -0.377841920 -0.290509284
1403715557662142976.000000 -0.543009639 -2.099448442 -1.637935519 0.883700609 0.003367270 -0.367535442 -0.289792389
1403715557712143104.000000 -0.568738759 -2.093994379 -1.687883377 0.887858748 0.006589400 -0.358360082 -0.288516164
1403715557762142976.000000 -0.594380796 -2.086276054 -1.734292746 0.890452147 0.006812359 -0.353039831 -0.287073880
1403715557812143104.000000 -0.619476318 -2.076698542 -1.783733606 0.891692519 0.004305099 -0.351564288 -0.285076588
1403715557862142976.000000 -0.642121315 -2.065997124 -1.833837032 0.892220497 0.001464097 -0.352310985 -0.282519877
1403715557912143104.000000 -0.662111163 -2.054226875 -1.884530067 0.892462909 -0.001027161 -0.353897274 -0.279759943
1403715557962142976.000000 -0.677096069 -2.042535543 -1.936687350 0.892996013 -0.003349975 -0.354795218 -0.276888788
1403715558012143104.000000 -0.690975785 -2.028717279 -1.989209771 0.893683314 -0.005813423 -0.355163395 -0.274144948
1403715558062142976.000000 -0.702103496 -2.014173031 -2.042850733 0.894379854 -0.006069904 -0.355298549 -0.271681726
1403715558112143104.000000 -0.710815549 -1.998820782 -2.097684860 0.894280255 -0.006668265 -0.357305765 -0.269353002
1403715558162142976.000000 -0.717355907 -1.984400034 -2.154000521 0.894104421 -0.006284982 -0.359039247 -0.267635405
1403715558212143104.000000 -0.723223686 -1.967386246 -2.210237026 0.894087017 -0.001781570 -0.360282928 -0.266085595
1403715558262142976.000000 -0.729185343 -1.949341059 -2.266839504 0.894589305 0.002579052 -0.359946042 -0.264843851
1403715558312143104.000000 -0.735372663 -1.930540085 -2.323485613 0.896222949 0.010362421 -0.356290698 -0.264072150
1403715558362142976.000000 -0.740450442 -1.912137747 -2.385229349 0.898802459 0.015243534 -0.349942625 -0.263556510
1403715558412143104.000000 -0.747123182 -1.889875650 -2.440999031 0.901907325 0.018073853 -0.341903150 -0.263322562
1403715558462142976.000000 -0.754932404 -1.865575314 -2.495316029 0.905285299 0.012380422 -0.333280653 -0.263114542
1403715558512143104.000000 -0.764367640 -1.840369463 -2.547571898 0.909379601 0.004682197 -0.322198153 -0.263050020
1403715558562142976.000000 -0.774612069 -1.817538977 -2.600960732 0.912839353 -0.003902395 -0.312168777 -0.263172418
1403715558612143104.000000 -0.788092196 -1.792349815 -2.647460461 0.915958285 -0.010760224 -0.302972406 -0.262892216
1403715558662142976.000000 -0.805003881 -1.767822504 -2.690756798 0.917263329 -0.016272230 -0.299112499 -0.262478411
1403715558712143104.000000 -0.824308932 -1.744919300 -2.730647564 0.918042004 -0.019961251 -0.295842975 -0.263206303
1403715558762142976.000000 -0.842520833 -1.722790956 -2.773483038 0.917591333 -0.020103512 -0.294891298 -0.265821785
1403715558812143104.000000 -0.862010956 -1.699992180 -2.807931423 0.916914403 -0.018431412 -0.293065727 -0.270260841
1403715558862142976.000000 -0.880187511 -1.677800655 -2.840114832 0.915632904 -0.015270455 -0.291372925 -0.276559412
1403715558912143104.000000 -0.896964610 -1.656559944 -2.870661259 0.914046943 -0.009756571 -0.289160669 -0.284269750
1403715558962142976.000000 -0.911854208 -1.635882378 -2.897987604 0.912405908 -0.005790685 -0.285686761 -0.293027222
1403715559012143104.000000 -0.924452543 -1.616060734 -2.922468662 0.910449326 -0.000099928 -0.282127261 -0.302467108
1403715559062142976.000000 -0.934841692 -1.596650600 -2.943477392 0.907526672 0.002829651 -0.280003846 -0.313026041
1403715559112143104.000000 -0.936451912 -1.576978683 -2.968882322 0.904152751 0.002730133 -0.277732849 -0.324599802
1403715559162142976.000000 -0.942223668 -1.558117867 -2.983938694 0.900468409 0.002376854 -0.275463283 -0.336557746
1403715559212143104.000000 -0.945531249 -1.539604664 -2.996377945 0.896701694 0.002608527 -0.272157788 -0.349069476
1403715559262142976.000000 -0.948501050 -1.521290779 -3.006132364 0.892651379 0.003526022 -0.268892705 -0.361742854
1403715559312143104.000000 -0.949892402 -1.503522396 -3.012259722 0.888291538 0.005261352 -0.265452415 -0.374760747
1403715559362142976.000000 -0.950931549 -1.484531879 -3.016953468 0.883426726 0.007947602 -0.263167262 -0.387604415
1403715559412143104.000000 -0.950393796 -1.468063831 -3.016570091 0.877497375 0.010602655 -0.263638973 -0.400475323
1403715559462142976.000000 -0.949923396 -1.452034950 -3.013166189 0.870743513 0.016225560 -0.267616630 -0.412218273
1403715559512143104.000000 -0.951000571 -1.435821056 -3.007106066 0.862879455 0.017672539 -0.276798695 -0.422503561
1403715559562142976.000000 -0.954178333 -1.419430733 -2.997091293 0.855136395 0.014903297 -0.287104815 -0.431382060
1403715559612143104.000000 -0.959507585 -1.402903080 -2.984480858 0.848302424 0.010721252 -0.295910746 -0.438981682
1403715559662142976.000000 -0.966938853 -1.386248827 -2.969834328 0.843102813 0.009156295 -0.301029652 -0.445505440
1403715559712143104.000000 -0.976204991 -1.368624210 -2.953573465 0.838959575 0.010865968 -0.302871704 -0.451992869
1403715559762142976.000000 -0.990758955 -1.344139814 -2.933906555 0.835627913 0.013585764 -0.301751375 -0.458789200
1403715559812143104.000000 -1.000342369 -1.324603081 -2.915154219 0.831940413 0.015883364 -0.300409168 -0.466237456
1403715559862142976.000000 -1.009441137 -1.304097414 -2.894908667 0.827756226 0.017797478 -0.299014747 -0.474439830
1403715559912143104.000000 -1.018010855 -1.282391548 -2.873448849 0.823440433 0.021819420 -0.295948833 -0.483615786
1403715559962142976.000000 -1.025059342 -1.261209011 -2.852335930 0.818715632 0.026095478 -0.292482525 -0.493434757
1403715560012143104.000000 -1.033228397 -1.233898401 -2.826252222 0.813674688 0.030925814 -0.288743943 -0.503591061
1403715560062142976.000000 -1.038507223 -1.208497286 -2.800445795 0.807970583 0.032708947 -0.285846412 -0.514203846
1403715560112143104.000000 -1.041195869 -1.181308985 -2.773437977 0.801847577 0.036059398 -0.283458680 -0.524777532
1403715560162142976.000000 -1.040306926 -1.152019978 -2.745121479 0.794998229 0.034759823 -0.282261044 -0.535815418
1403715560212143104.000000 -1.038768888 -1.117211103 -2.714500427 0.787175477 0.029867234 -0.283985585 -0.546639740
1403715560262142976.000000 -1.030754328 -1.084841251 -2.684717178 0.779310405 0.023039002 -0.285367370 -0.557413697
1403715560312143104.000000 -1.019611239 -1.051034689 -2.654795408 0.771025777 0.018281484 -0.287434906 -0.567949235
1403715560362142976.000000 -1.006698012 -1.015794277 -2.624680281 0.763058603 0.013546572 -0.288064599 -0.578426182
1403715560412143104.000000 -0.991372347 -0.979345322 -2.594515800 0.755509913 0.009823974 -0.287010759 -0.588840485
1403715560462142976.000000 -0.977379918 -0.942412376 -2.564076185 0.747866631 0.009196022 -0.285815924 -0.599099457
1403715560512143104.000000 -0.963460147 -0.904365301 -2.533344746 0.740683079 0.007388727 -0.283551306 -0.609042406
1403715560562142976.000000 -0.949995756 -0.865576506 -2.502190828 0.733227968 0.005209574 -0.281606257 -0.618908405
1403715560612143104.000000 -0.936040461 -0.826358795 -2.470625162 0.725607455 0.005241320 -0.278673559 -0.629132330
1403715560662142976.000000 -0.919118226 -0.785930634 -2.440203667 0.717749655 0.004355803 -0.275134087 -0.639623046
1403715560712143104.000000 -0.903763294 -0.744379520 -2.408383369 0.709379673 0.004002149 -0.271773070 -0.650310695
1403715560762142976.000000 -0.887956262 -0.702001095 -2.376453400 0.701398253 0.004737422 -0.266442984 -0.661079645
1403715560812143104.000000 -0.872259259 -0.658991575 -2.343883038 0.693054438 0.005799931 -0.261024296 -0.671943665
1403715560862142976.000000 -0.856169403 -0.614996195 -2.310851097 0.685111403 0.009618862 -0.253448606 -0.682857037
1403715560912143104.000000 -0.839421332 -0.574365020 -2.277819395 0.676002979 0.012696495 -0.247702166 -0.693903804
1403715560962142976.000000 -0.822422743 -0.529605389 -2.242598057 0.666393042 0.014650555 -0.241403580 -0.705287218
1403715561012143104.000000 -0.805116236 -0.484567881 -2.206263781 0.655757666 0.015265592 -0.236112624 -0.716937721
1403715561062142976.000000 -0.787222862 -0.439262509 -2.168665886 0.644445896 0.015119473 -0.231829256 -0.728502750
1403715561112143104.000000 -0.768561125 -0.394547224 -2.131229639 0.632292926 0.013563814 -0.228947684 -0.740003109
1403715561162142976.000000 -0.750966787 -0.348610282 -2.091390371 0.619777322 0.010741893 -0.227234796 -0.751082599
1403715561212143104.000000 -0.733076811 -0.302486897 -2.050698757 0.607985318 0.008433525 -0.225810885 -0.761112511
1403715561262142976.000000 -0.714905560 -0.256065726 -2.009496689 0.596522570 0.001477785 -0.228271469 -0.769448400
1403715561312143104.000000 -0.696035087 -0.210472941 -1.968631625 -0.585563481 0.006065784 0.232648164 0.776500821
1403715561362142976.000000 -0.678640723 -0.163598537 -1.927451372 -0.575026691 0.012917148 0.237203225 0.782887042
1403715561412143104.000000 -0.661513567 -0.116204381 -1.886839747 -0.565272987 0.018829236 0.239420399 0.789170384
1403715561462142976.000000 -0.644457340 -0.068281889 -1.847594500 -0.557141364 0.021301532 0.237647906 0.795401275
1403715561512143104.000000 -0.627786756 -0.019348741 -1.812100530 -0.550998449 0.021090724 0.230316281 0.801816940
1403715561562142976.000000 -0.610107124 0.029303193 -1.775525570 -0.545282841 0.020809777 0.222140983 0.808014274
1403715561612143104.000000 -0.592364609 0.078167439 -1.740119934 -0.540277481 0.018828763 0.212227225 0.814067185
1403715561662142976.000000 -0.574850798 0.127448916 -1.705039740 -0.535453916 0.015911201 0.201295793 0.820070803
1403715561712143104.000000 -0.558856666 0.177643538 -1.671238184 -0.529529274 0.018223293 0.190818548 0.826350391
1403715561762142976.000000 -0.540709198 0.225770593 -1.636194110 -0.523456156 0.019026294 0.179921106 0.832622409
1403715561812143104.000000 -0.522028565 0.272414148 -1.601188421 -0.515706837 0.023016965 0.171285003 0.839153290
1403715561862142976.000000 -0.503180742 0.317516446 -1.566156864 -0.507348120 0.025653932 0.162532061 0.845886052
1403715561912143104.000000 -0.485935152 0.360655189 -1.529435396 -0.497505635 0.030648649 0.154604569 0.853021860
1403715561962142976.000000 -0.465533435 0.401990294 -1.494320273 -0.488580137 0.036513772 0.144784927 0.859647393
1403715562012143104.000000 -0.445039570 0.440599918 -1.459704876 -0.479427755 0.043570969 0.135717183 0.865928113
1403715562062142976.000000 -0.424562603 0.476614833 -1.425889850 -0.471046478 0.051340915 0.127917960 0.871272862
1403715562112143104.000000 -0.404941738 0.512787759 -1.394517779 -0.464536309 0.057981633 0.118202418 0.875712514
1403715562162142976.000000 -0.384395778 0.541850567 -1.362860084 -0.459824890 0.063426733 0.110175766 0.878862560
1403715562212143104.000000 -0.364466518 0.567076981 -1.332075119 -0.456411839 0.066165552 0.102483727 0.881366849
1403715562262142976.000000 -0.345881790 0.588187814 -1.302142501 -0.454407960 0.063199148 0.095679902 0.883382499
1403715562312143104.000000 -0.328998834 0.604806244 -1.274115324 0.453186631 -0.057796314 -0.090616412 -0.884912550
1403715562362142976.000000 -0.312550813 0.617022812 -1.245424867 0.452405393 -0.047920600 -0.087860480 -0.886179209
1403715562412143104.000000 -0.294411272 0.627166271 -1.210216641 -0.451744646 0.034860864 0.086992413 0.887211323
1403715562462142976.000000 -0.278945357 0.631223798 -1.180000186 -0.450662643 0.021397896 0.085801519 0.888303697
1403715562512143104.000000 -0.263228983 0.631669581 -1.148474336 -0.448300302 0.009581168 0.084115401 0.889864981
1403715562562142976.000000 -0.245509803 0.628747344 -1.114864230 -0.445600897 0.002360373 0.077673323 0.891852736
1403715562612143104.000000 -0.225545198 0.622870445 -1.076724648 -0.440734714 -0.000377922 0.072483949 0.894706070
1403715562662142976.000000 -0.207416281 0.612928391 -1.038234115 -0.432119757 -0.001417617 0.077056788 0.898517013
1403715562712143104.000000 -0.189289168 0.599867463 -0.997708559 -0.421347052 0.000716715 0.089567773 0.902465403
1403715562762142976.000000 -0.170354500 0.584414721 -0.955590427 -0.411338121 0.003709643 0.102083310 0.905740738
1403715562812143104.000000 -0.149831042 0.571358919 -0.909595251 -0.402009666 0.006886895 0.112602532 0.908659160
1403715562862142976.000000 -0.130513296 0.552394331 -0.865362287 -0.391804218 0.009540659 0.122154295 0.911853492
1403715562912143104.000000 -0.111076370 0.532267034 -0.820737243 -0.381127805 0.012526866 0.129026413 0.915388942
1403715562962142976.000000 -0.091612957 0.511639833 -0.776056051 -0.370605081 0.014870777 0.132320091 0.919196486
1403715563012143104.000000 -0.071054995 0.493135929 -0.729173005 -0.359851003 0.016747840 0.133566231 0.923247993
1403715563062142976.000000 -0.051595144 0.472149402 -0.684639275 -0.349199593 0.020469071 0.130892441 0.927635610
1403715563112143104.000000 -0.031666245 0.451131165 -0.640515924 -0.339180768 0.024114957 0.122487478 0.932401061
1403715563162142976.000000 -0.011637832 0.430118680 -0.596525788 -0.327796668 0.029039828 0.113639638 0.937439144
1403715563212143104.000000 0.005425822 0.410873592 -0.550324738 -0.314656347 0.035082165 0.102563187 0.942996025
1403715563262142976.000000 0.025839016 0.388430834 -0.506549180 -0.298777729 0.042637911 0.092534393 0.948868454
1403715563312143104.000000 0.045728177 0.364262164 -0.463505566 -0.281197846 0.048326682 0.081459813 0.954964221
1403715563362142976.000000 0.064753361 0.338403851 -0.421755552 -0.261100262 0.052723676 0.071213618 0.961236477
1403715563412143104.000000 0.080431283 0.312534600 -0.379678369 -0.239657864 0.055860694 0.061104249 0.967321038
1403715563462142976.000000 0.097957730 0.284414560 -0.340466380 -0.219003394 0.056391224 0.049128860 0.972853482
1403715563512143104.000000 0.112944014 0.254858851 -0.301826417 -0.198214009 0.056533929 0.037799515 0.977796674
1403715563562142976.000000 0.124487430 0.223595679 -0.264027923 -0.177928552 0.057674777 0.026042771 0.982006550
1403715563612143104.000000 0.128117576 0.189656347 -0.225472122 -0.158772603 0.058735631 0.013696311 0.985471427
1403715563662142976.000000 0.132492557 0.155536830 -0.189452782 -0.140285820 0.060603969 0.002913746 0.988250315
1403715563712143104.000000 0.133626774 0.119813144 -0.154719561 -0.122687012 0.062875926 -0.008728354 0.990413189
1403715563762142976.000000 0.131737486 0.082167834 -0.121292710 -0.104918063 0.066123791 -0.018525960 0.992107213
1403715563812143104.000000 0.130164638 0.052339002 -0.086642712 -0.084612988 0.069566056 -0.025080463 0.993666053
1403715563862142976.000000 0.121061414 0.010501663 -0.055811960 -0.062121425 0.073663145 -0.025173608 0.995028138
1403715563912143104.000000 0.108273640 -0.032942846 -0.026564334 -0.039854068 0.074990451 -0.025970865 0.996048987
1403715563962142976.000000 0.091883361 -0.078096181 0.000530682 -0.015958199 0.075750917 -0.024440469 0.996699452
1403715564012143104.000000 0.069437586 -0.126950845 0.024818873 0.008694551 0.073968798 -0.021080434 0.996999860
1403715564062142976.000000 0.048223708 -0.173116833 0.046397027 0.034377255 0.070584022 -0.017728241 0.996755660
1403715564112143104.000000 0.025855280 -0.218830302 0.064388424 0.059293270 0.067827873 -0.016189689 0.995802045
1403715564162142976.000000 0.003168400 -0.263552457 0.078875154 0.083658487 0.066527069 -0.016000673 0.994142532
1403715564212143104.000000 -0.019175120 -0.315822870 0.094099417 0.107317112 0.063311286 -0.017557492 0.992051721
1403715564262142976.000000 -0.041950773 -0.357607275 0.102606870 0.130663738 0.060551964 -0.022048451 0.989330232
1403715564312143104.000000 -0.061727010 -0.399009138 0.110140488 0.153117776 0.058600046 -0.031361442 0.985970318
1403715564362142976.000000 -0.080270745 -0.436853975 0.111433677 0.176641390 0.056411006 -0.040611129 0.981817901
1403715564412143104.000000 -0.094377294 -0.475619972 0.112460539 0.200034693 0.048027594 -0.052720089 0.977189898
1403715564462142976.000000 -0.108925655 -0.509684443 0.107382290 0.223004222 0.037611205 -0.066699445 0.971805453
1403715564512143104.000000 -0.116435103 -0.544738889 0.102729276 0.246309415 0.028845292 -0.079603150 0.965485930
1403715564562142976.000000 -0.124302566 -0.575836778 0.091952443 0.268382818 0.021669213 -0.093679979 0.958501577
1403715564612143104.000000 -0.128962338 -0.605793297 0.078956306 0.290841639 0.017132193 -0.107153364 0.950597644
1403715564662142976.000000 -0.130578518 -0.634614587 0.063857250 0.312288731 0.014663287 -0.120442770 0.942207158
1403715564712143104.000000 -0.129139990 -0.662764788 0.047078595 0.332850158 0.014176657 -0.134457245 0.933236897
1403715564762142976.000000 -0.115570918 -0.695514858 0.037016064 0.353994071 0.014203387 -0.147163346 0.923487663
1403715564812143104.000000 -0.107483149 -0.723121524 0.017204717 0.373924106 0.016278867 -0.159457028 0.913503885
1403715564862142976.000000 -0.097087033 -0.751074255 -0.004412979 0.393728882 0.017727831 -0.169893414 0.903216183
1403715564912143104.000000 -0.083284631 -0.779367566 -0.027994409 0.413141549 0.022014003 -0.179110840 0.892607868
1403715564962142976.000000 -0.066606492 -0.806437612 -0.053693667 0.432171226 0.027411537 -0.187812224 0.881591320
1403715565012143104.000000 -0.047774278 -0.834684491 -0.081676587 0.450896293 0.031353772 -0.195383191 0.870364845
1403715565062142976.000000 -0.026768625 -0.862841129 -0.112360403 0.469485462 0.034003746 -0.203179881 0.858571589
1403715565112143104.000000 -0.004189551 -0.891277671 -0.145197004 0.489215821 0.034430441 -0.208282366 0.846227467
1403715565162142976.000000 0.016206458 -0.919130206 -0.179153830 0.509449124 0.032499865 -0.211738482 0.833410025
1403715565212143104.000000 0.040382102 -0.959181070 -0.201018900 0.529176831 0.028594209 -0.215708032 0.820136786
1403715565262142976.000000 0.054349437 -0.985868454 -0.235306799 0.547976851 0.026643811 -0.217989609 0.807150602
1403715565312143104.000000 0.065506756 -1.011846542 -0.268786371 0.566257656 0.026807735 -0.218103811 0.794395566
1403715565362142976.000000 0.074050337 -1.037289858 -0.301455766 0.583668709 0.029484015 -0.218368784 0.781522036
1403715565412143104.000000 0.079586387 -1.066361189 -0.332503259 0.600916088 0.032414056 -0.217675641 0.768418312
1403715565462142976.000000 0.081841022 -1.084005117 -0.354483604 0.619344234 0.034621093 -0.216028064 0.754019916
1403715565512143104.000000 0.081638545 -1.106121898 -0.385031402 0.635774016 0.036985438 -0.216691032 0.739911199
1403715565562142976.000000 0.080415308 -1.125948071 -0.415504932 0.651877761 0.038835239 -0.219217062 0.724907637
1403715565612143104.000000 0.079635829 -1.143188715 -0.446526349 0.668248892 0.039560650 -0.222353429 0.708828151
1403715565662142976.000000 0.075649291 -1.163073301 -0.479083538 0.684004545 0.038937584 -0.225963861 0.692504168
1403715565712143104.000000 0.077526957 -1.174510121 -0.511401415 0.700596809 0.037814967 -0.231127843 0.674028337
1403715565762142976.000000 0.080237031 -1.182988048 -0.544091880 0.717051506 0.035873380 -0.238011777 0.654141188
1403715565812143104.000000 0.083876550 -1.188693166 -0.577233136 0.732707262 0.033553153 -0.247422278 0.633084953
1403715565862142976.000000 0.082734227 -1.189921021 -0.608452141 0.749715388 0.028357081 -0.255168498 0.609927714
1403715565912143104.000000 0.087849200 -1.189433098 -0.641659319 0.766405523 0.026574844 -0.263511300 0.585216284
1403715565962142976.000000 0.092966914 -1.186605811 -0.674542546 0.783235490 0.024746927 -0.270319492 0.559336424
1403715566012143104.000000 0.098056197 -1.180170774 -0.707147002 0.799895644 0.023796005 -0.275651366 0.532557130
1403715566062142976.000000 0.098497033 -1.172288895 -0.736779332 0.815312326 0.021310247 -0.281141996 0.505738020
1403715566112143104.000000 0.104315639 -1.162781596 -0.767559171 0.829288065 0.020610770 -0.287472606 0.478765160
1403715566162142976.000000 0.110387504 -1.151345968 -0.797062635 0.842738450 0.020432405 -0.292150527 0.451688468
1403715566212143104.000000 0.116003513 -1.138206244 -0.824979901 0.855026841 0.019780541 -0.297124565 0.424564421
1403715566262142976.000000 0.121973813 -1.122792244 -0.852342963 0.866936266 0.018957719 -0.300468683 0.397216141
1403715566312143104.000000 0.124191582 -1.103419781 -0.874897003 0.878039896 0.017425202 -0.303804606 0.369384676
1403715566362142976.000000 0.130373418 -1.084733248 -0.898482203 0.887756705 0.016814804 -0.307525873 0.342101008
1403715566412143104.000000 0.135002196 -1.064126611 -0.919919729 0.896351278 0.016682517 -0.311338603 0.315189272
1403715566462142976.000000 0.137356699 -1.042241454 -0.939119816 0.904681265 0.015845707 -0.313090295 0.288574666
1403715566512143104.000000 0.137445748 -1.018126488 -0.956212997 0.912433922 0.016221743 -0.313267887 0.262801319
1403715566562142976.000000 0.135183334 -0.993404031 -0.970968366 0.919243813 0.015251650 -0.313397139 0.237782538
1403715566612143104.000000 0.130847275 -0.966968894 -0.983142614 0.925295234 0.015085150 -0.313228816 0.213281214
1403715566662142976.000000 0.124455094 -0.938829124 -0.992860079 0.930564106 0.015812939 -0.313474745 0.188504726
1403715566712143104.000000 0.117849827 -0.905858696 -0.995348930 0.935176194 0.016497351 -0.314231843 0.162578449
1403715566762142976.000000 0.110677004 -0.874490738 -1.000701547 0.939181089 0.016265497 -0.315054864 0.135701433
1403715566812143104.000000 0.104482830 -0.841326118 -1.004034519 0.942197621 0.014251191 -0.316987574 0.107607782
1403715566862142976.000000 0.099538088 -0.805007100 -1.005886555 -0.945117354 -0.011529515 0.316937894 -0.078553230
1403715566912143104.000000 0.096311808 -0.768304288 -1.006163836 -0.947521508 -0.009063530 0.315903634 -0.048227016
1403715566962142976.000000 0.096465588 -0.728951573 -1.000473976 0.948871672 0.006500831 -0.315148175 0.016794875
1403715567012143104.000000 0.094444990 -0.689968467 -0.996425927 0.948455036 0.003532259 -0.316514134 -0.015472279
1403715567062142976.000000 0.093061805 -0.650032580 -0.989815295 0.946696520 -0.001304315 -0.318361044 -0.049094182
1403715567112143104.000000 0.092759490 -0.609231770 -0.980741382 0.943749070 -0.008373739 -0.319822699 -0.083553150
1403715567162142976.000000 0.097899467 -0.567532659 -0.966667891 0.939737797 -0.012768940 -0.320392847 -0.118651658
1403715567212143104.000000 0.099432498 -0.526997924 -0.953888893 0.934182823 -0.017099345 -0.321240753 -0.154319912
1403715567262142976.000000 0.100844055 -0.486683011 -0.939243138 0.926181793 -0.018643541 -0.325077027 -0.190170363
1403715567312143104.000000 0.103207290 -0.445495725 -0.923315823 0.917244196 -0.019934619 -0.327003241 -0.226571679
1403715567362142976.000000 0.110612303 -0.406437278 -0.902693927 0.907304049 -0.017602157 -0.327760488 -0.262797773
1403715567412143104.000000 0.111063868 -0.366945922 -0.883792281 0.896093071 -0.014025668 -0.327984691 -0.298741728
1403715567462142976.000000 0.109081835 -0.327898264 -0.862961829 0.883941472 -0.010619368 -0.327131361 -0.333945990
1403715567512143104.000000 0.103419855 -0.290023148 -0.840383351 0.871129394 -0.006347320 -0.325338542 -0.367761016
1403715567562142976.000000 0.095027760 -0.251810610 -0.815489650 0.858164310 -0.003883400 -0.321528137 -0.400198281
1403715567612143104.000000 0.083869651 -0.213584781 -0.788875222 0.844729066 -0.002898146 -0.317068189 -0.431152254
1403715567662142976.000000 0.083262533 -0.174825907 -0.754665017 0.831314921 -0.002958267 -0.310206831 -0.461170822
1403715567712143104.000000 0.069235377 -0.136167645 -0.724869609 0.817113400 -0.003513011 -0.302552521 -0.490688652
1403715567762142976.000000 0.055680826 -0.097683847 -0.694324136 0.802931726 -0.006358704 -0.292401820 -0.519385636
1403715567812143104.000000 0.043627910 -0.058763087 -0.660193980 0.787764311 -0.008888666 -0.283013135 -0.547039390
1403715567862142976.000000 0.043318719 -0.023971677 -0.628944397 0.771776795 -0.010369923 -0.273203850 -0.574119210
1403715567912143104.000000 0.031475060 0.013648808 -0.594573915 0.754646182 -0.010975379 -0.264103085 -0.600531697
1403715567962142976.000000 0.020402819 0.050445557 -0.559509397 0.737096012 -0.010504066 -0.254212052 -0.626063466
1403715568012143104.000000 0.010520861 0.086340070 -0.523837209 0.719955325 -0.010380027 -0.242757201 -0.650096595
1403715568062142976.000000 0.013834253 0.116918832 -0.489578366 0.702417374 -0.012561860 -0.231585354 -0.672919273
1403715568112143104.000000 0.007329226 0.150138646 -0.451532334 0.684625030 -0.015748287 -0.219991118 -0.694726169
1403715568162142976.000000 0.003030743 0.181234092 -0.412795126 0.666015267 -0.019266449 -0.208943188 -0.715817928
1403715568212143104.000000 -0.001109209 0.209786505 -0.373251945 0.646771669 -0.020831110 -0.198604286 -0.736076713
1403715568262142976.000000 0.001714069 0.234118938 -0.334185928 -0.625999570 0.023919422 0.191387460 0.755594671
1403715568312143104.000000 -0.001340419 0.259063482 -0.292281806 -0.605054498 0.026264314 0.183989465 0.774188101
1403715568362142976.000000 -0.003376663 0.281683862 -0.250177771 -0.584053755 0.029009502 0.176292151 0.791808546
1403715568412143104.000000 -0.002992708 0.299499393 -0.208190292 0.562713623 -0.030427122 -0.169097409 -0.808599830
1403715568462142976.000000 0.000329360 0.316796094 -0.166805089 -0.541414022 0.032279659 0.160389170 0.824684381
1403715568512143104.000000 0.002393048 0.331595898 -0.125079289 -0.519637048 0.032838248 0.151732236 0.840164483
1403715568562142976.000000 0.005950049 0.343584508 -0.083684415 -0.497192413 0.034027394 0.144021884 0.854926646
1403715568612143104.000000 0.011736672 0.352995604 -0.042819038 0.475186318 -0.033672199 -0.134612501 -0.868874907
1403715568662142976.000000 0.018377084 0.359376281 -0.000339359 -0.452522725 0.033133890 0.125462592 0.882261097
1403715568712143104.000000 0.026177041 0.363206238 0.039804578 -0.428990424 0.033564243 0.117636025 0.894987404
1403715568762142976.000000 0.034838252 0.364607781 0.079379037 -0.405464441 0.033556838 0.109381162 0.906922460
1403715568812143104.000000 0.044645458 0.362971395 0.118382104 0.381751657 -0.032573629 -0.101792037 -0.918064833
1403715568862142976.000000 0.054944228 0.359593332 0.156766996 0.358729005 -0.030990845 -0.093382373 -0.928241849
1403715568912143104.000000 0.063605167 0.354342610 0.198808089 -0.335826576 0.029558843 0.085851505 0.937537372
1403715568962142976.000000 0.073040694 0.346759081 0.236264348 -0.313061595 0.025572116 0.081226677 0.945907414
1403715569012143104.000000 0.082224026 0.337461948 0.273130476 -0.291864395 0.021567414 0.075371146 0.953241467
1403715569062142976.000000 0.091295317 0.326611340 0.309469998 -0.271162838 0.018943559 0.069086738 0.959864020
1403715569112143104.000000 0.098531768 0.313584417 0.350024313 -0.250500113 0.016599156 0.063012525 0.965921164
1403715569162142976.000000 0.107039914 0.299906105 0.386315554 -0.229724616 0.015259274 0.058514375 0.971375287
1403715569212143104.000000 0.115581624 0.285026640 0.422266245 -0.209807381 0.014821444 0.055014648 0.976081312
1403715569262142976.000000 0.123259030 0.269258171 0.460992396 -0.191883162 0.018055392 0.051015858 0.979924679
1403715569312143104.000000 0.133501843 0.253040999 0.495287448 -0.176013231 0.025345663 0.045426246 0.983012438
1403715569362142976.000000 0.143947810 0.236265540 0.528867006 -0.161541790 0.033326078 0.039496895 0.985511899
1403715569412143104.000000 0.154195845 0.217871279 0.562015891 0.148070082 -0.041217554 -0.034061525 -0.987530351
1403715569462142976.000000 0.162710339 0.200212434 0.598587692 -0.135188177 0.047152981 0.027982214 0.989301682
1403715569512143104.000000 0.172985911 0.179763228 0.628426433 -0.122989953 0.050823193 0.019957079 0.990904748
1403715569562142976.000000 0.182642519 0.157942548 0.656378090 -0.110166982 0.052500699 0.012636838 0.992445111
1403715569612143104.000000 0.189743578 0.134830222 0.684699178 -0.097588092 0.053053997 0.004805547 0.993800223
1403715569662142976.000000 0.197775051 0.110049784 0.709120393 -0.083631150 0.051300317 -0.002212964 0.995172977
1403715569712143104.000000 0.205157503 0.083681516 0.731617570 -0.068914108 0.048304837 -0.008486651 0.996416390
1403715569762142976.000000 0.211360574 0.058513589 0.758376122 -0.051906683 0.045696687 -0.013733720 0.997511387
1403715569812143104.000000 0.217894897 0.028467070 0.776399970 -0.033748515 0.043201678 -0.018986383 0.998315692
1403715569862142976.000000 0.223855272 -0.003174397 0.792504609 -0.013448797 0.041419256 -0.022529630 0.998797297
1403715569912143104.000000 0.228337392 -0.035506602 0.809961677 0.006067759 0.043539714 -0.029507766 0.998597443
1403715569962142976.000000 0.233613208 -0.069852680 0.822251797 0.026038256 0.046031587 -0.036090501 0.997948170
1403715570012143104.000000 0.238272682 -0.105065599 0.832861423 0.046437781 0.048009221 -0.042533036 0.996859848
1403715570062142976.000000 0.241629556 -0.141256735 0.842192829 -0.066861600 -0.050135631 0.049568526 -0.995268285
1403715570112143104.000000 0.245670646 -0.173281044 0.859241843 0.088071004 0.051562019 -0.056680918 0.993162751
1403715570162142976.000000 0.247084379 -0.210983992 0.864634454 0.109195434 0.052607529 -0.063771032 0.990576684
1403715570212143104.000000 0.247224569 -0.248869509 0.867613912 0.130761027 0.053452905 -0.070821032 0.987435460
1403715570262142976.000000 0.245675415 -0.286407948 0.871141613 0.152882695 0.053933535 -0.078050770 0.983679950
1403715570312143104.000000 0.243528396 -0.324922621 0.870243311 0.175325647 0.055896819 -0.085394666 0.979205906
1403715570362142976.000000 0.239898056 -0.363690406 0.866985917 0.198432356 0.057934716 -0.093005404 0.973970354
1403715570412143104.000000 0.234212995 -0.402448386 0.862723887 0.221665680 0.059924953 -0.100877613 0.968037724
1403715570462142976.000000 0.227428168 -0.441183835 0.854502797 -0.246017367 -0.061808027 0.106946446 -0.961362481
1403715570512143104.000000 0.224024177 -0.480098456 0.855807304 0.270647317 0.063748106 -0.114204571 0.953752339
1403715570562142976.000000 0.215368301 -0.518451452 0.844359815 0.294305772 0.066289641 -0.122869402 0.945459187
1403715570612143104.000000 0.204585955 -0.555831194 0.830032349 0.318062574 0.067161694 -0.131662384 0.936477721
1403715570662142976.000000 0.190389082 -0.591217458 0.812135696 0.341906518 0.063170597 -0.140127420 0.927078068
1403715570712143104.000000 0.176469162 -0.626967371 0.794359028 0.365823358 0.057568744 -0.148670197 0.916927636
1403715570762142976.000000 0.159517899 -0.660009980 0.771486521 0.389152795 0.053953130 -0.157998875 0.905917048
1403715570812143104.000000 0.141554207 -0.692163765 0.746022463 0.412849575 0.051018205 -0.167042851 0.893895507
1403715570862142976.000000 0.125861451 -0.725980043 0.723648429 0.435988814 0.047770772 -0.175792649 0.881322205
1403715570912143104.000000 0.106373951 -0.756326318 0.694463611 0.458573014 0.044797197 -0.183505207 0.868348956
1403715570962142976.000000 0.085501567 -0.785180748 0.663884759 0.478646696 0.039690334 -0.192603827 0.855701923
1403715571012143104.000000 0.064455435 -0.812910914 0.632349432 0.497844666 0.034625720 -0.199412823 0.843318641
1403715571062142976.000000 0.042755932 -0.839799881 0.599728942 0.514382601 0.030331336 -0.204010203 0.832388401
1403715571112143104.000000 0.025068149 -0.870529413 0.575463891 0.529032767 0.026336873 -0.205585346 0.822900653
1403715571162142976.000000 0.003113985 -0.895236969 0.542126656 0.541471362 0.024741478 -0.204723462 0.815036833
1403715571212143104.000000 -0.017737150 -0.919180512 0.508498669 0.552411258 0.027883384 -0.201784790 0.808298945
1403715571262142976.000000 -0.037254170 -0.941543281 0.474772573 0.560698569 0.034703847 -0.199345753 0.802915931
1403715571312143104.000000 -0.056660160 -0.963890135 0.441830456 0.566869140 0.041816536 -0.197857484 0.798600793
1403715571362142976.000000 -0.076077998 -0.982252181 0.407646537 0.571273863 0.047971755 -0.195873350 0.795599520
1403715571412143104.000000 -0.092824429 -1.001059890 0.378900051 0.573730588 0.048656166 -0.196894884 0.793535292
1403715571462142976.000000 -0.112754494 -1.014932156 0.343947887 0.573816359 0.044587292 -0.201235443 0.792622924
1403715571512143104.000000 -0.132762000 -1.026656628 0.308761775 0.573441565 0.037949484 -0.204981387 0.792279840
1403715571562142976.000000 -0.153782740 -1.036607146 0.273448944 0.574019253 0.025358312 -0.205431521 0.792248011
1403715571612143104.000000 -0.178785115 -1.045160413 0.240989804 0.575109005 0.008796325 -0.203632772 0.792279005
1403715571662142976.000000 -0.204675496 -1.053477764 0.207853198 0.577261567 -0.011951639 -0.196766242 0.792407334
1403715571712143104.000000 -0.233393654 -1.061441660 0.177010894 0.578955531 -0.035697982 -0.189192995 0.792301834
1403715571762142976.000000 -0.263027608 -1.070331693 0.149577856 0.579603434 -0.060904022 -0.181827113 0.792016089
1403715571812143104.000000 -0.296177566 -1.074323416 0.128228247 0.578907490 -0.084582299 -0.177992433 0.791221082
1403715571862142976.000000 -0.324734956 -1.083632231 0.109250546 0.577197075 -0.104650445 -0.175385579 0.790652812
1403715571912143104.000000 -0.350960493 -1.094450712 0.095746875 0.574605048 -0.122424483 -0.174812898 0.790115118
1403715571962142976.000000 -0.374203831 -1.105918884 0.087402344 0.570655167 -0.137791872 -0.177709103 0.789801002
1403715572012143104.000000 -0.395215034 -1.117576838 0.088451028 0.566139460 -0.148980066 -0.184227780 0.789525986
1403715572062142976.000000 -0.410739124 -1.136319876 0.094046235 0.560900509 -0.154829055 -0.194758609 0.789612472
1403715572112143104.000000 -0.422046036 -1.158863425 0.106189787 0.555281341 -0.152436927 -0.211210728 0.789820135
1403715572162142976.000000 -0.429972798 -1.186290264 0.123067021 -0.551624596 0.141208425 0.229523152 -0.789360344
1403715572212143104.000000 -0.434452981 -1.219200373 0.144688308 -0.550697505 0.123688906 0.245397121 -0.788171113
1403715572262142976.000000 -0.436303496 -1.257655144 0.169425249 -0.553525448 0.095498495 0.260052770 -0.785405755
1403715572312143104.000000 -0.437467754 -1.301051140 0.195408106 -0.559126914 0.062297657 0.272242308 -0.780628145
1403715572362142976.000000 -0.436164320 -1.345461488 0.223175645 0.568044543 -0.030804804 -0.278318852 0.773896039
1403715572412143104.000000 -0.438068062 -1.395755291 0.248182535 0.578175128 -0.001027604 -0.281416923 0.765843987
1403715572462142976.000000 -0.441578686 -1.447538733 0.271316648 0.589167237 0.021372953 -0.281730473 0.757002711
1403715572512143104.000000 -0.447069675 -1.499935031 0.292277217 0.601013720 0.035342366 -0.280064017 0.747728348
1403715572562142976.000000 -0.452649117 -1.553547502 0.310429573 0.613080978 0.043346703 -0.278351098 0.738087714
1403715572612143104.000000 -0.461632162 -1.605358601 0.325588107 0.624633849 0.048565704 -0.278255016 0.728044093
1403715572662142976.000000 -0.471409500 -1.656383395 0.337320447 0.636697412 0.052672319 -0.278771907 0.717027485
1403715572712143104.000000 -0.481768608 -1.706010818 0.346392751 0.648058236 0.053404711 -0.281968176 0.705451906
1403715572762142976.000000 -0.491529644 -1.755821586 0.351081848 0.658441722 0.052549358 -0.286974281 0.693785965
1403715572812143104.000000 -0.501717210 -1.803095341 0.352420092 0.669650495 0.047592152 -0.290147066 0.681995630
1403715572862142976.000000 -0.509959102 -1.848723292 0.349516869 0.681268513 0.042553052 -0.292039931 0.669906795
1403715572912143104.000000 -0.515811741 -1.893842578 0.342620611 0.693375409 0.037234984 -0.291601568 0.657885015
1403715572962142976.000000 -0.519205749 -1.938498139 0.330748320 0.705564797 0.034310523 -0.291181952 0.645146668
1403715573012143104.000000 -0.520690739 -1.981583357 0.317298412 0.717499137 0.032682557 -0.290461391 0.632265031
1403715573062142976.000000 -0.520141125 -2.023343086 0.300974607 0.729403973 0.030070126 -0.289692193 0.618986428
1403715573112143104.000000 -0.517084599 -2.064381123 0.281969070 0.740987420 0.027481567 -0.289392829 0.605338097
1403715573162142976.000000 -0.512415290 -2.102051735 0.259335279 0.752377927 0.022693938 -0.288807303 0.591610372
1403715573212143104.000000 -0.507470250 -2.139652729 0.238074780 0.762493730 0.020506246 -0.290968180 0.577512264
1403715573262142976.000000 -0.503249466 -2.175875902 0.216268063 0.772806287 0.015616498 -0.292360067 0.563073814
1403715573312143104.000000 -0.499201179 -2.209514618 0.192926168 0.782286406 0.011180335 -0.295354366 0.548332691
1403715573362142976.000000 -0.496342659 -2.243243456 0.171512365 0.791376710 0.006214877 -0.298457474 0.533486128
1403715573412143104.000000 -0.493909657 -2.276178598 0.150465965 0.800224304 0.001010678 -0.301578671 0.518353522
1403715573462142976.000000 -0.491366625 -2.308485031 0.128396749 0.809068561 -0.007817385 -0.303105891 0.503461778
1403715573512143104.000000 -0.489688635 -2.341291904 0.108467817 0.817532718 -0.015686875 -0.304776222 0.488370538
1403715573562142976.000000 -0.487632215 -2.374014854 0.089192629 0.825415790 -0.022620892 -0.306730568 0.473385006
1403715573612143104.000000 -0.482173026 -2.404983759 0.070902824 0.832318664 -0.025231808 -0.310767263 0.458293468
1403715573662142976.000000 -0.478801250 -2.438158035 0.053032160 0.838154614 -0.024384644 -0.316896021 0.443259805
1403715573712143104.000000 -0.475384176 -2.471945286 0.035730362 0.842664182 -0.020453610 -0.325968623 0.428069085
1403715573762142976.000000 -0.471685648 -2.506049156 0.018342495 0.846361339 -0.018196616 -0.335935324 0.412903100
1403715573812143104.000000 -0.468536854 -2.537984610 0.002681971 0.849855900 -0.014020331 -0.346637219 0.396725416
1403715573862142976.000000 -0.465699375 -2.573030472 -0.015321255 0.853295147 -0.011963319 -0.356743842 0.380102724
1403715573912143104.000000 -0.463249087 -2.608008862 -0.034367085 0.857113481 -0.011587564 -0.365713269 0.362596154
1403715573962142976.000000 -0.460870385 -2.643582821 -0.055162191 0.861807764 -0.012534226 -0.372479856 0.344077289
1403715574012143104.000000 -0.460084558 -2.677010298 -0.074531078 0.866475701 -0.014937303 -0.379086941 0.324484080
1403715574062142976.000000 -0.459596097 -2.713681698 -0.098773241 0.871029913 -0.017331714 -0.385833502 0.303544194
1403715574112143104.000000 -0.459552884 -2.751113415 -0.125440836 0.876383901 -0.019576745 -0.389924318 0.282005370
1403715574162142976.000000 -0.458768189 -2.789589882 -0.154135227 -0.882580221 0.021003332 0.391074926 -0.260137528
1403715574212143104.000000 -0.459492743 -2.827263832 -0.182044983 0.889058530 -0.018989027 -0.390708536 0.237826198
1403715574262142976.000000 -0.459747553 -2.867546797 -0.214960098 0.896863818 -0.013253023 -0.386017978 0.215522468
1403715574312143104.000000 -0.460452139 -2.908222198 -0.249238729 0.903928459 -0.002825203 -0.381122798 0.194038510
1403715574362142976.000000 -0.461993992 -2.947485209 -0.282034636 0.909962833 0.009206244 -0.376412958 0.173770577
1403715574412143104.000000 -0.464631498 -2.987019539 -0.317806959 0.914382935 0.022193171 -0.372975737 0.155886039
1403715574462142976.000000 -0.468920916 -3.025076628 -0.353683949 0.916920185 0.033307984 -0.371760488 0.141217023
1403715574512143104.000000 -0.474504620 -3.060910463 -0.389368534 -0.918954194 -0.042364303 0.370229870 -0.129067034
1403715574562142976.000000 -0.480114937 -3.094074488 -0.424389839 0.920023441 0.047471635 -0.370605975 0.118129656
1403715574612143104.000000 -0.488379002 -3.124213696 -0.461154342 0.919872999 0.052047029 -0.373418778 0.108089425
1403715574662142976.000000 -0.497431278 -3.151181459 -0.498498201 0.919718385 0.055153862 -0.375954181 0.098664016
1403715574712143104.000000 -0.507370651 -3.174296618 -0.536137819 -0.919820428 -0.055858053 0.377915949 -0.089385584
1403715574762142976.000000 -0.518296301 -3.193852425 -0.575161338 -0.919923723 -0.053376324 0.379986048 -0.080635145
1403715574812143104.000000 -0.527500272 -3.211462736 -0.616373420 0.920393765 0.046021227 -0.381237447 0.073589116
1403715574862142976.000000 -0.539252162 -3.224784374 -0.658004642 0.921221852 0.034692127 -0.381457955 0.068093613
1403715574912143104.000000 -0.550565124 -3.235746145 -0.700932860 0.922523856 0.024821717 -0.379760027 0.064155862
1403715574962142976.000000 -0.559216142 -3.244445086 -0.746646881 0.924852192 0.017388996 -0.374915808 0.061516032
1403715575012143104.000000 -0.569153011 -3.252287388 -0.791692853 0.926846206 0.011754411 -0.370462358 0.059797116
1403715575062142976.000000 -0.578064919 -3.259293079 -0.837637782 0.929541588 0.010155529 -0.363802224 0.059137326
1403715575112143104.000000 -0.585766971 -3.264854193 -0.884419322 0.932002544 0.010758887 -0.357420474 0.059212964
1403715575162142976.000000 -0.593180299 -3.269835711 -0.930377603 0.936264277 0.011894844 -0.345918268 0.060069729
1403715575212143104.000000 -0.599525690 -3.273720503 -0.975818157 0.941049874 0.014763176 -0.332293123 0.061550897
1403715575262142976.000000 -0.604158282 -3.273913145 -1.021782756 0.944507003 0.019534677 -0.321641415 0.063810803
1403715575312143104.000000 -0.610402822 -3.274667025 -1.063061714 0.945616126 0.024217853 -0.317423940 0.066826567
1403715575362142976.000000 -0.617588401 -3.273379087 -1.101317644 0.943625510 0.023800656 -0.322538763 0.070521481
1403715575412143104.000000 -0.624142230 -3.270263433 -1.136831284 -0.940777361 -0.021564074 0.330055773 -0.074405894
1403715575462142976.000000 -0.627649963 -3.264757633 -1.174696684 0.937657833 0.021407213 -0.337946832 0.078303918
1403715575512143104.000000 -0.631845355 -3.258053064 -1.208585024 0.935359180 0.024863888 -0.343040913 0.082510203
1403715575562142976.000000 -0.633863509 -3.249299049 -1.242638111 0.934547722 0.034556206 -0.343464971 0.086361408
1403715575612143104.000000 -0.634415567 -3.236974239 -1.278648615 0.934788346 0.046876237 -0.340359449 0.090160683
1403715575662142976.000000 -0.634328723 -3.222731829 -1.311570406 0.934746504 0.057500929 -0.337930739 0.093517192
1403715575712143104.000000 -0.633594096 -3.204785109 -1.344130278 0.934626520 0.068032317 -0.335375041 0.096791141
1403715575762142976.000000 -0.634134293 -3.181355953 -1.378756762 0.933910072 0.074359693 -0.335050106 0.100120537
1403715575812143104.000000 -0.634189487 -3.154694557 -1.409741402 0.932676852 0.076305941 -0.337135643 0.103106707
1403715575862142976.000000 -0.634188056 -3.123457909 -1.440154791 0.931859136 0.075302318 -0.338849336 0.105590075
1403715575912143104.000000 -0.634553313 -3.087265253 -1.471708536 0.931677639 0.070456557 -0.339775532 0.107541732
1403715575962142976.000000 -0.635410428 -3.047293901 -1.500553370 0.931610763 0.058828518 -0.341587901 0.109353840
1403715576012143104.000000 -0.636431336 -3.003829956 -1.529062510 0.931723773 0.046130221 -0.342776448 0.110757358
1403715576062142976.000000 -0.637197435 -2.958573341 -1.558380842 0.931676924 0.035324562 -0.343867838 0.111737758
1403715576112143104.000000 -0.637867987 -2.909843922 -1.585589170 -0.931926012 -0.027601719 0.343679756 -0.112411201
1403715576162142976.000000 -0.638894200 -2.859357834 -1.612187862 -0.932440102 -0.019752236 0.342632920 -0.112995878
1403715576212143104.000000 -0.640592158 -2.809248924 -1.638949394 0.932776153 0.012570594 -0.342096508 0.112874940
1403715576262142976.000000 -0.641702354 -2.756556988 -1.664500952 0.933163464 0.009024289 -0.341235667 0.112617500
1403715576312143104.000000 -0.641491234 -2.703176022 -1.690309048 0.934591770 0.007877002 -0.337476850 0.112185165
1403715576362142976.000000 -0.640429735 -2.652390003 -1.717526197 0.936712086 0.009141241 -0.331848979 0.111190297
1403715576412143104.000000 -0.637807965 -2.597305536 -1.742204428 -0.940206409 -0.009646057 0.322180510 -0.110084675
1403715576462142976.000000 -0.633830488 -2.541242123 -1.765877008 -0.943468928 -0.010754412 0.312753737 -0.109251507
1403715576512143104.000000 -0.629103601 -2.487348557 -1.787194014 0.946338475 0.012376263 -0.304052979 0.108821698
1403715576562142976.000000 -0.622807741 -2.429282665 -1.806721210 0.948796034 0.014516506 -0.295791656 0.109921768
1403715576612143104.000000 -0.614759982 -2.369949818 -1.823511600 0.951046348 0.017790120 -0.287639350 0.111615613
1403715576662142976.000000 -0.608449161 -2.313295126 -1.836730480 0.951334059 0.019893765 -0.285531372 0.114190698
1403715576712143104.000000 -0.598471105 -2.251397610 -1.846627712 0.950788319 0.022499802 -0.285554826 0.118126735
1403715576762142976.000000 -0.587358654 -2.187978983 -1.853133440 0.949120283 0.022387598 -0.289008558 0.123059005
1403715576812143104.000000 -0.575847149 -2.126681328 -1.856770515 0.946088552 0.021365738 -0.296592474 0.128424495
1403715576862142976.000000 -0.562718332 -2.060338974 -1.857181787 0.942157626 0.020005260 -0.306471944 0.134215578
1403715576912143104.000000 -0.548458219 -1.992535830 -1.855504513 0.938074946 0.018468773 -0.316382468 0.139915645
1403715576962142976.000000 -0.536301017 -1.926324010 -1.852320194 0.934499681 0.016510772 -0.324559033 0.145256028
1403715577012143104.000000 -0.520373821 -1.856131315 -1.847827673 0.932122409 0.011470387 -0.328905135 0.151121438
1403715577062142976.000000 -0.504078865 -1.785164356 -1.842176437 0.930344224 0.003592804 -0.331151634 0.157434002
1403715577112143104.000000 -0.490752339 -1.715321898 -1.835375547 0.928568959 -0.005170046 -0.332689852 0.164470002
1403715577162142976.000000 -0.475229263 -1.644423842 -1.827701092 0.926949441 -0.013140934 -0.333198696 0.171961531
1403715577212143104.000000 -0.461651921 -1.573834300 -1.818511009 -0.925569713 0.019885313 0.333045244 -0.178902566
1403715577262142976.000000 -0.455174327 -1.505592346 -1.807001352 0.924691498 -0.023888329 -0.331930608 0.184924811
1403715577312143104.000000 -0.451419115 -1.436446309 -1.792968035 -0.923747778 0.024373634 0.331707180 -0.189911768
1403715577362142976.000000 -0.452701569 -1.367837071 -1.776376724 -0.923003197 0.021575565 0.331621438 -0.193976626
1403715577412143104.000000 -0.461984098 -1.305038929 -1.756956339 0.922448874 -0.017844852 -0.331608146 0.196991548
1403715577462142976.000000 -0.467691839 -1.237036943 -1.736655951 0.921733379 -0.015096229 -0.332146823 0.199645296
1403715577512143104.000000 -0.473425448 -1.169456482 -1.715519667 0.921300828 -0.013023790 -0.332213938 0.201665878
1403715577562142976.000000 -0.478640258 -1.101895094 -1.693774223 0.920883954 -0.011328205 -0.332533360 0.203140631
1403715577612143104.000000 -0.482419729 -1.041068554 -1.673799872 0.920531511 -0.011106121 -0.332853317 0.204223052
1403715577662142976.000000 -0.480266690 -0.974622846 -1.653329968 0.920260668 -0.011335417 -0.333041519 0.205122292
1403715577712143104.000000 -0.474618018 -0.908620238 -1.633301377 0.919799268 -0.013972164 -0.333869755 0.205682129
1403715577762142976.000000 -0.466769338 -0.845900416 -1.613899112 0.919732213 -0.018905468 -0.333669454 0.205912888
1403715577812143104.000000 -0.457145274 -0.781982601 -1.594264984 0.919748306 -0.024605094 -0.332111150 0.207749382
1403715577862142976.000000 -0.449455976 -0.719295502 -1.572680712 0.919195712 -0.031211512 -0.331060201 0.210960552
1403715577912143104.000000 -0.444505572 -0.659000516 -1.548763037 0.918290198 -0.036820207 -0.329878151 0.215795964
1403715577962142976.000000 -0.447203815 -0.606389105 -1.524866104 0.916546285 -0.043049347 -0.329758823 0.222146049
1403715578012143104.000000 -0.449091554 -0.548728943 -1.495318651 0.913921535 -0.050624829 -0.330402017 0.230258808
1403715578062142976.000000 -0.453890860 -0.493109286 -1.463369727 0.910436690 -0.059061065 -0.332051218 0.239497319
1403715578112143104.000000 -0.462435305 -0.439957976 -1.428624034 -0.905234933 0.071942046 0.336089194 -0.249836251
1403715578162142976.000000 -0.473233253 -0.391375721 -1.393446922 0.898345113 -0.088685699 -0.341511071 0.261689156
1403715578212143104.000000 -0.484459788 -0.345080793 -1.355132699 0.892275274 -0.098970249 -0.343667477 0.275576472
1403715578262142976.000000 -0.494952679 -0.304300427 -1.316369772 0.887371123 -0.099675864 -0.343642354 0.290770084
1403715578312143104.000000 -0.504564643 -0.268999338 -1.276152611 -0.882720232 0.097233713 0.342306823 -0.306882232
1403715578362142976.000000 -0.516625524 -0.242107511 -1.239948988 0.878068209 -0.091158584 -0.340602994 0.323536724
1403715578412143104.000000 -0.524824023 -0.215279579 -1.197379947 0.872701287 -0.084045388 -0.339771420 0.340417862
1403715578462142976.000000 -0.532860279 -0.192169070 -1.154194832 0.865936100 -0.076055214 -0.341643453 0.357281446
1403715578512143104.000000 -0.542277455 -0.174108267 -1.111683846 -0.857283056 0.068228729 0.347658485 -0.373556226
1403715578562142976.000000 -0.552263021 -0.157322049 -1.070873499 0.846470892 -0.059303682 -0.359154820 0.388558835
1403715578612143104.000000 -0.562954783 -0.143555045 -1.027386904 0.833778799 -0.054938924 -0.375236303 0.401238561
1403715578662142976.000000 -0.574275911 -0.132745147 -0.985635400 0.821172237 -0.051866915 -0.391887546 0.411594719
1403715578712143104.000000 -0.584723294 -0.128799081 -0.953822315 0.809202015 -0.052053981 -0.406655401 0.420849025
1403715578762142976.000000 -0.596845031 -0.125139117 -0.919220567 0.799772918 -0.052363161 -0.417463958 0.428188384
1403715578812143104.000000 -0.609635890 -0.125809908 -0.888885260 0.793122947 -0.054348189 -0.423467785 0.434370160
1403715578862142976.000000 -0.624725103 -0.129471779 -0.864800453 0.788940609 -0.053997226 -0.425814122 0.439703763
1403715578912143104.000000 -0.639032483 -0.139615178 -0.844638824 0.787790239 -0.049200628 -0.424459457 0.443621457
1403715578962142976.000000 -0.654206634 -0.155426860 -0.831162095 -0.789425552 0.037217569 0.419852376 -0.446257979
1403715579012143104.000000 -0.668977439 -0.174917579 -0.822790444 -0.792772770 0.021822605 0.412557751 -0.448141932
1403715579062142976.000000 -0.682590187 -0.193999767 -0.818997383 0.795477688 -0.002679829 -0.407282919 0.448696733
1403715579112143104.000000 -0.695646405 -0.218096375 -0.822187066 -0.797885060 -0.019833663 0.402079225 -0.448685110
1403715579162142976.000000 -0.707377195 -0.242571235 -0.831670642 -0.800589979 -0.042278778 0.395710319 -0.447974920
1403715579212143104.000000 -0.717761159 -0.265963554 -0.846811771 0.803468645 0.066779114 -0.388474256 0.446168661
1403715579262142976.000000 -0.728231311 -0.287551880 -0.869742751 0.806282520 0.081149884 -0.380336136 0.445721477
1403715579312143104.000000 -0.741614759 -0.306106806 -0.895764649 0.808411300 0.089560986 -0.374140441 0.445498556
1403715579362142976.000000 -0.757454634 -0.321641445 -0.926217258 0.809059501 0.093131945 -0.371521682 0.445781201
1403715579412143104.000000 -0.774859846 -0.334346890 -0.961003959 0.809507370 0.091462642 -0.370115399 0.446482956
1403715579462142976.000000 -0.795267522 -0.342982054 -0.998997331 0.810011923 0.086819120 -0.369147092 0.447295994
1403715579512143104.000000 -0.818071604 -0.348339200 -1.040654302 0.809996009 0.076966412 -0.370007694 0.448416114
1403715579562142976.000000 -0.840429187 -0.351036668 -1.086793900 0.810851455 0.062568225 -0.369512916 0.449516773
1403715579612143104.000000 -0.864800215 -0.351665378 -1.136092186 0.812066615 0.055966206 -0.368057072 0.449388176
1403715579662142976.000000 -0.889309108 -0.350959659 -1.189093590 0.814641774 0.051664520 -0.364002079 0.448544502
1403715579712143104.000000 -0.912510395 -0.349321485 -1.246795297 0.817861736 0.047117744 -0.358627111 0.447513938
1403715579762142976.000000 -0.935991168 -0.345749497 -1.306807280 0.821396470 0.044386797 -0.352532744 0.446159601
1403715579812143104.000000 -0.957988679 -0.340900421 -1.369807959 0.823424280 0.045723461 -0.349671632 0.444535345
1403715579862142976.000000 -0.975409210 -0.334620833 -1.434439301 0.824645042 0.049558565 -0.347234398 0.443771154
1403715579912143104.000000 -0.993351400 -0.326057911 -1.503162503 0.824922681 0.050420154 -0.345596880 0.444435984
1403715579962142976.000000 -1.010735631 -0.315585136 -1.574062824 0.825531542 0.046734322 -0.340889633 0.447334260
1403715580012143104.000000 -1.029307961 -0.304274321 -1.645150781 0.824957073 0.041879397 -0.335835725 0.452665985
1403715580062142976.000000 -1.050322890 -0.291447163 -1.716979742 0.823174715 0.037341047 -0.330394596 0.460248202
1403715580112143104.000000 -1.074436545 -0.277273178 -1.787849545 0.820241332 0.032931529 -0.324916452 0.469626427
1403715580162142976.000000 -1.102635980 -0.262135267 -1.856218815 0.816186070 0.028923238 -0.319830209 0.480325371
1403715580212143104.000000 -1.132934570 -0.245625973 -1.925114274 0.811150908 0.025334872 -0.314734310 0.492275149
1403715580262142976.000000 -1.165092468 -0.228125334 -1.993540049 0.805150568 0.022263009 -0.310290694 0.504932344
1403715580312143104.000000 -1.198287964 -0.209959269 -2.060235500 0.799256444 0.017780412 -0.304195940 0.518013477
1403715580362142976.000000 -1.230496407 -0.190344572 -2.128090382 0.793318689 0.011227214 -0.296154648 0.531800628
1403715580412143104.000000 -1.261929154 -0.169898272 -2.195319653 0.786404908 0.005216599 -0.289177209 0.545817494
1403715580462142976.000000 -1.294831634 -0.150342941 -2.259763956 0.779739439 -0.001785501 -0.281106979 0.559448123
1403715580512143104.000000 -1.324506402 -0.128396988 -2.325345993 0.772921264 -0.008648187 -0.274599105 0.571938276
1403715580562142976.000000 -1.353327870 -0.106091022 -2.389847279 0.766791701 -0.016108265 -0.269081980 0.582551241
1403715580612143104.000000 -1.383325577 -0.084969044 -2.451291561 0.761606932 -0.025748629 -0.264346451 0.591111541
1403715580662142976.000000 -1.410963178 -0.062696934 -2.512055874 0.756822944 -0.036935084 -0.259563059 0.598733604
1403715580712143104.000000 -1.437670708 -0.041154623 -2.570397139 0.752625883 -0.048464820 -0.255320787 0.604993224
1403715580762142976.000000 -1.464409947 -0.022548676 -2.624601126 0.748947561 -0.058586065 -0.251743823 0.610139668
1403715580812143104.000000 -1.487870455 -0.003997564 -2.676912546 0.746329010 -0.069637202 -0.246318445 0.614386678
1403715580862142976.000000 -1.509881616 0.012852192 -2.725530386 0.743844390 -0.082343295 -0.241211489 0.617844820
1403715580912143104.000000 -1.530985713 0.024665833 -2.769262314 0.742209017 -0.097385362 -0.235029742 0.620002329
1403715580962142976.000000 -1.548590779 0.036838293 -2.809175253 0.740128577 -0.111283608 -0.231174007 0.621598184
1403715581012143104.000000 -1.562818766 0.045793295 -2.843635559 0.737284005 -0.116712265 -0.233493149 0.623114407
1403715581062142976.000000 -1.573766589 0.050307751 -2.870275497 0.734065115 -0.120505288 -0.239724278 0.623826325
1403715581112143104.000000 -1.582249403 0.052282572 -2.893788099 0.730334997 -0.120937988 -0.247899368 0.624924660
1403715581162142976.000000 -1.587431073 0.049865723 -2.912792444 0.727294266 -0.116616242 -0.255230367 0.626339555
1403715581212143104.000000 -1.590206265 0.042722225 -2.927698135 0.724914253 -0.106619053 -0.262229949 0.627986610
1403715581262142976.000000 -1.589842319 0.031216860 -2.938993454 0.724890709 -0.097543612 -0.263895929 0.628790677
1403715581312143104.000000 -1.589005351 0.017363548 -2.947316170 0.726973832 -0.091001064 -0.262657136 0.627884626
1403715581362142976.000000 -1.586952686 0.000324965 -2.952734709 0.730451107 -0.085176595 -0.262112260 0.624886692
1403715581412143104.000000 -1.582475066 -0.019614458 -2.956470966 0.734843493 -0.079156905 -0.263594896 0.619884729
1403715581462142976.000000 -1.578862906 -0.040834904 -2.955673218 0.739582419 -0.070401922 -0.268405646 0.613204598
1403715581512143104.000000 -1.574716568 -0.064367771 -2.952553034 0.744830906 -0.056134611 -0.275776356 0.604998589
1403715581562142976.000000 -1.571974874 -0.090529919 -2.948350430 0.750701308 -0.040229630 -0.284411073 0.594928205
1403715581612143104.000000 -1.572636008 -0.117521286 -2.941539526 0.756946266 -0.025635062 -0.293374300 0.583358169
1403715581662142976.000000 -1.575902462 -0.145290375 -2.933550358 0.763815880 -0.012698853 -0.301646560 0.570467770
1403715581712143104.000000 -1.581211448 -0.172306061 -2.926220894 0.770467162 -0.000986904 -0.311089963 0.556419253
1403715581762142976.000000 -1.588445425 -0.200750828 -2.918192387 0.777536750 0.010724092 -0.320668787 0.540826380
1403715581812143104.000000 -1.595007658 -0.229159832 -2.912040710 0.784776092 0.022350317 -0.329738677 0.524308443
1403715581862142976.000000 -1.601000786 -0.256299019 -2.908810616 0.792232335 0.030609304 -0.337516248 0.507458270
1403715581912143104.000000 -1.604641199 -0.283082485 -2.908760309 0.800918341 0.032885808 -0.341430277 0.490788877
1403715581962142976.000000 -1.607010841 -0.308744907 -2.911856651 0.810402036 0.029000808 -0.342064559 0.474762440
1403715582012143104.000000 -1.605293512 -0.331336975 -2.919925928 0.821207166 0.027514718 -0.337431163 0.459349543
1403715582062142976.000000 -1.602312326 -0.354761362 -2.929445744 0.832922697 0.025470646 -0.328611344 0.444528610
1403715582112143104.000000 -1.598512888 -0.376199007 -2.940427780 0.843435466 0.027153738 -0.319958627 0.430703878
1403715582162142976.000000 -1.593854308 -0.394106865 -2.952787876 0.852442682 0.028542990 -0.312156051 0.418432206
1403715582212143104.000000 -1.592151046 -0.412195921 -2.962494373 0.859977543 0.029071443 -0.305282503 0.407916874
1403715582262142976.000000 -1.593889952 -0.428340197 -2.970041752 0.863915861 0.029054042 -0.304903865 0.399798632
1403715582312143104.000000 -1.599175453 -0.439319372 -2.977046490 0.864786923 0.026764611 -0.310113430 0.394026697
1403715582362142976.000000 -1.607229114 -0.452435970 -2.980902672 0.864177227 0.024234071 -0.317513913 0.389609337
1403715582412143104.000000 -1.615801215 -0.464221954 -2.984408379 0.862705231 0.022081336 -0.325312465 0.386553884
1403715582462142976.000000 -1.623997808 -0.474120140 -2.988214970 0.860174716 0.018716577 -0.334429294 0.384586006
1403715582512143104.000000 -1.631510615 -0.483403683 -2.992718935 0.857097805 0.015584693 -0.343451530 0.383642614
1403715582562142976.000000 -1.636947155 -0.492072344 -2.999323368 0.854649246 0.012224210 -0.349806160 0.383485258
1403715582612143104.000000 -1.638999581 -0.498033285 -3.012335300 0.851917267 0.009821564 -0.355584353 0.384317935
1403715582662142976.000000 -1.639397860 -0.506105900 -3.024247169 0.849542558 0.007444551 -0.359744191 0.385754049
1403715582712143104.000000 -1.638614535 -0.514303207 -3.038575172 0.847071767 0.005051277 -0.363226146 0.387957096
1403715582762142976.000000 -1.638376474 -0.522755861 -3.053797960 0.844629347 0.003303520 -0.365801394 0.390870422
1403715582812143104.000000 -1.641410112 -0.531194210 -3.069377899 0.841603398 0.000866991 -0.369442761 0.393973470
1403715582862142976.000000 -1.648030639 -0.540003777 -3.085254908 0.837975204 -0.002355513 -0.374168009 0.397228330
1403715582912143104.000000 -1.657474518 -0.548311234 -3.105566263 0.833755672 -0.004962743 -0.380071491 0.400465488
1403715582962142976.000000 -1.671971083 -0.558162212 -3.122910976 0.829725683 -0.008184043 -0.385557413 0.403526783
1403715583012143104.000000 -1.690140367 -0.568930626 -3.141482115 0.826049984 -0.011125131 -0.390175343 0.406547546
1403715583062142976.000000 -1.712282419 -0.580839157 -3.160834312 -0.823305964 0.012758074 0.392977357 -0.409357280
1403715583112143104.000000 -1.734678984 -0.595880270 -3.185194016 0.822778046 -0.013643841 -0.391020894 0.412253380
1403715583162142976.000000 -1.759041429 -0.611922026 -3.210927963 -0.826463163 0.009811502 0.380504340 -0.414824069
1403715583212143104.000000 -1.783862948 -0.629352331 -3.239073277 -0.831699014 0.005796003 0.366218030 -0.417286098
1403715583262142976.000000 -1.805142879 -0.649913311 -3.270179272 0.838579953 -0.002511367 -0.348377317 0.418820709
1403715583312143104.000000 -1.830618620 -0.668603659 -3.300941706 0.844980121 0.000193230 -0.330809861 0.420206457
1403715583362142976.000000 -1.856230021 -0.686883926 -3.331481934 0.851588607 0.002651697 -0.312432021 0.420922965
1403715583412143104.000000 -1.881341457 -0.704165459 -3.361194849 0.857550502 0.004427126 -0.295385003 0.421112061
1403715583462142976.000000 -1.907379270 -0.721150875 -3.389963150 0.862475693 0.006577202 -0.280748427 0.421037853
1403715583512143104.000000 -1.932497978 -0.736126900 -3.417086601 0.867042542 0.010553151 -0.267449349 0.420234203
1403715583562142976.000000 -1.956203461 -0.749161720 -3.441576004 0.871781766 0.014635013 -0.253349900 0.419042140
1403715583612143104.000000 -1.972678781 -0.762373447 -3.463413715 0.878153503 0.022094412 -0.234220460 0.416532338
1403715583662142976.000000 -1.992062092 -0.769401073 -3.481678009 0.883743048 0.032912813 -0.214571863 0.414576799
1403715583712143104.000000 -2.009563446 -0.772402287 -3.495315790 0.888937056 0.043531746 -0.195218489 0.412050575
1403715583762142976.000000 -2.024465799 -0.770205736 -3.502852440 0.893122435 0.053626478 -0.178526610 0.409371167
1403715583812143104.000000 -2.037067652 -0.761717796 -3.506315231 0.896443307 0.062250108 -0.164384335 0.406807363
1403715583862142976.000000 -2.044664621 -0.745940447 -3.504371166 0.899108827 0.066607080 -0.153769508 0.404378235
1403715583912143104.000000 -2.042186260 -0.722545147 -3.495310307 -0.900437176 -0.066071942 0.149866417 -0.402973473
1403715583962142976.000000 -2.035588026 -0.690581083 -3.481772900 -0.901313305 -0.060609046 0.149338290 -0.402068466
1403715584012143104.000000 -2.021391392 -0.650729656 -3.461893082 0.901705205 0.050824311 -0.152467698 0.401370496
1403715584062142976.000000 -1.999503732 -0.604072809 -3.435985804 0.900761127 0.038948510 -0.160487741 0.401691675
1403715584112143104.000000 -1.971365213 -0.551395416 -3.404249668 0.898628354 0.023928629 -0.173289418 0.402324945
1403715584162142976.000000 -1.937105179 -0.494524956 -3.362868786 0.894945979 0.009000259 -0.190425962 0.403396428
1403715584212143104.000000 -1.896074414 -0.433057308 -3.320354700 0.890114963 -0.007914323 -0.210332945 0.404218823
1403715584262142976.000000 -1.850837708 -0.369438171 -3.272743225 0.882942975 -0.023483075 -0.235832497 0.405269444
1403715584312143104.000000 -1.810663342 -0.306597710 -3.215584755 0.875545144 -0.036914129 -0.260397702 0.405279040
1403715584362142976.000000 -1.766124249 -0.242551804 -3.159780502 0.868837953 -0.048864707 -0.280526340 0.405015916
1403715584412143104.000000 -1.725112200 -0.179740906 -3.100414753 0.862500310 -0.055592585 -0.298621029 0.404756963
1403715584462142976.000000 -1.690665126 -0.119009972 -3.036399364 0.857185483 -0.059226561 -0.313139051 0.404560655
1403715584512143104.000000 -1.656394124 -0.060060501 -2.971073866 0.853455663 -0.061259829 -0.323123395 0.404291898
1403715584562142976.000000 -1.623236775 -0.004061699 -2.904471636 0.850276351 -0.062692575 -0.331491888 0.403996170
1403715584612143104.000000 -1.589672327 0.048476934 -2.838309765 0.847668886 -0.061696209 -0.338079423 0.404170036
1403715584662142976.000000 -1.563775897 0.096353531 -2.770284414 0.845123529 -0.056538817 -0.345641464 0.403858453
1403715584712143104.000000 -1.529440522 0.141654730 -2.704836607 0.841874123 -0.047425013 -0.355219543 0.403507173
1403715584762142976.000000 -1.495095730 0.183254719 -2.641126871 0.838460922 -0.039039183 -0.364089787 0.403606027
1403715584812143104.000000 -1.461176634 0.221701384 -2.579660177 0.835990131 -0.031780433 -0.369850755 0.404129893
1403715584862142976.000000 -1.427284598 0.257860661 -2.520646572 0.833594859 -0.026548393 -0.374599308 0.405080646
1403715584912143104.000000 -1.397617340 0.293215752 -2.463729143 0.830322981 -0.021900931 -0.381355494 0.405773461
1403715584962142976.000000 -1.365836740 0.324939251 -2.409723520 -0.825830340 0.015058308 0.390877128 -0.406192780
1403715585012143104.000000 -1.336408734 0.355100632 -2.358481169 -0.820652068 0.013502067 0.401225477 -0.406652302
1403715585062142976.000000 -1.312688231 0.384097099 -2.310690165 0.815623760 -0.016294682 -0.410212845 0.407698184
1403715585112143104.000000 -1.287215233 0.410025120 -2.267043352 0.811045587 -0.021594441 -0.417778313 0.408901095
1403715585162142976.000000 -1.263126850 0.433251619 -2.228204012 0.807011902 -0.025428833 -0.424493134 0.409744799
1403715585212143104.000000 -1.240901947 0.453769922 -2.194232702 -0.805289328 0.029484227 0.426809251 -0.410455465
1403715585262142976.000000 -1.219370723 0.469985723 -2.166098118 -0.805930793 0.028315978 0.425574988 -0.410560310
1403715585312143104.000000 -1.198725700 0.482311726 -2.143466473 -0.809453785 0.026211781 0.418921798 -0.410611987
1403715585362142976.000000 -1.179237008 0.491346359 -2.125641823 -0.813618541 0.020162892 0.411956638 -0.409768343
1403715585412143104.000000 -1.161435843 0.497611284 -2.111948252 -0.817837179 0.014892354 0.404522806 -0.409001231
1403715585462142976.000000 -1.145640612 0.501922846 -2.101589441 -0.821430087 0.010559942 0.398481548 -0.407864839
1403715585512143104.000000 -1.131206512 0.504330158 -2.094716549 0.825300395 -0.004710309 -0.391776353 0.406655222
1403715585562142976.000000 -1.120747685 0.506735086 -2.091639280 0.829502702 0.001726979 -0.384293050 0.405266851
1403715585612143104.000000 -1.110461950 0.507112741 -2.089870453 0.832518339 0.006331678 -0.379026473 0.403995216
1403715585662142976.000000 -1.102184057 0.507566690 -2.090056658 0.834972918 0.009769111 -0.374874502 0.402733207
1403715585712143104.000000 -1.096824646 0.507057428 -2.092830420 0.835706770 0.010999707 -0.374045849 0.401949018
1403715585762142976.000000 -1.095121861 0.506718874 -2.095825672 0.836242557 0.010995487 -0.373532504 0.401311636
1403715585812143104.000000 -1.098292708 0.507945776 -2.099167824 0.837102830 0.007233425 -0.371946812 0.401076376
1403715585862142976.000000 -1.108947277 0.507615089 -2.101207972 0.837804139 0.001631206 -0.370629340 0.400893360
1403715585912143104.000000 -1.125001192 0.507167101 -2.102760077 0.839106560 -0.009162714 -0.367288888 0.401142418
1403715585962142976.000000 -1.143270373 0.505963087 -2.104199409 0.840462148 -0.021396996 -0.362911642 0.401821822
1403715586012143104.000000 -1.155324459 0.503249645 -2.116803408 0.842003226 -0.036605697 -0.356841266 0.402933031
1403715586062142976.000000 -1.172307730 0.498175621 -2.121585369 0.844836175 -0.048870426 -0.347289145 0.404046804
1403715586112143104.000000 -1.185111403 0.490115881 -2.128027439 0.849983513 -0.052378744 -0.332499087 0.405251652
1403715586162142976.000000 -1.196289062 0.477925301 -2.137151241 0.854624331 -0.049440943 -0.319832474 0.406054407
1403715586212143104.000000 -1.201700449 0.465903282 -2.143442631 0.858246028 -0.040455293 -0.310767561 0.406448811
1403715586262142976.000000 -1.204200268 0.453199625 -2.148643732 0.860507011 -0.026382875 -0.305762112 0.406621665
1403715586312143104.000000 -1.206257343 0.440389633 -2.152523994 0.861325800 -0.010805891 -0.304408550 0.406615973
1403715586362142976.000000 -1.207429647 0.427957058 -2.155338526 0.861928821 0.006200898 -0.303273648 0.406282455
1403715586412143104.000000 -1.208831787 0.416708231 -2.157436371 0.862519860 0.020964712 -0.301399320 0.405929148
1403715586462142976.000000 -1.209819436 0.406858444 -2.159980536 0.863595247 0.032145567 -0.298294574 0.405204087
1403715586512143104.000000 -1.210928679 0.399120808 -2.162316084 0.864448309 0.039855227 -0.295755893 0.404560417
1403715586562142976.000000 -1.202522993 0.390353918 -2.174908876 0.864848495 0.043160848 -0.294438601 0.404326946
1403715586612143104.000000 -1.202978730 0.388031244 -2.176639557 0.865411997 0.044807911 -0.292713612 0.404194415
1403715586662142976.000000 -1.203544855 0.389349937 -2.177067280 0.864890993 0.043990523 -0.293887883 0.404547006
1403715586712143104.000000 -1.205228806 0.395524979 -2.175169706 0.864168704 0.038978096 -0.295891792 0.405143619
1403715586762142976.000000 -1.206316710 0.403149843 -2.173623562 0.862596095 0.030157123 -0.300122112 0.406134576
1403715586812143104.000000 -1.207173228 0.413012743 -2.171517134 0.860044539 0.018645247 -0.306685835 0.407332420
1403715586862142976.000000 -1.207566381 0.424233198 -2.168965340 0.856768012 0.007032900 -0.314678609 0.408505261
1403715586912143104.000000 -1.206715465 0.435427904 -2.167162418 0.853331685 -0.002118832 -0.322363436 0.409759074
1403715586962142976.000000 -1.210859299 0.449152946 -2.159647942 0.850544274 -0.007961947 -0.327989310 0.411015898
1403715587012143104.000000 -1.208699584 0.459968090 -2.158530474 0.848746836 -0.011626024 -0.331157565 0.412102461
1403715587062142976.000000 -1.192445755 0.464927673 -2.166539192 0.847236454 -0.014365840 -0.333738476 0.413040787
1403715587112143104.000000 -1.188884020 0.474014759 -2.166397810 0.847322524 -0.014000975 -0.332493842 0.413879812
1403715587162142976.000000 -1.183601856 0.482673883 -2.166912079 0.848614872 -0.008245549 -0.329308599 0.413933277
1403715587212143104.000000 -1.178024888 0.493611813 -2.166733742 0.850978851 -0.000963619 -0.324061960 0.413301378
1403715587262142976.000000 -1.171188116 0.502887964 -2.168205976 0.853083491 0.004896662 -0.319878221 0.412192464
1403715587312143104.000000 -1.163783312 0.512800455 -2.170382023 0.855240464 0.008610478 -0.316222370 0.410479128
1403715587362142976.000000 -1.156623006 0.523922443 -2.172537327 0.857589900 0.006549635 -0.312556714 0.408417702
1403715587412143104.000000 -1.153515339 0.537274599 -2.172320127 0.860402346 0.001784760 -0.307494521 0.406388789
1403715587462142976.000000 -1.145912409 0.549991369 -2.173321724 0.862118185 -0.005242766 -0.304093301 0.405280352
1403715587512143104.000000 -1.137915730 0.563116789 -2.173110247 0.862525463 -0.013266914 -0.301983684 0.405807495
1403715587562142976.000000 -1.126314163 0.575784683 -2.174298525 0.861972630 -0.022604246 -0.299192160 0.408627510
1403715587612143104.000000 -1.116102695 0.588444471 -2.170912743 0.860255897 -0.032362025 -0.296816379 0.413294822
1403715587662142976.000000 -1.105006337 0.600330591 -2.165202141 0.857221246 -0.041063055 -0.295296639 0.419863760
1403715587712143104.000000 -1.093244910 0.611239195 -2.157658339 0.852463007 -0.047795836 -0.295994192 0.428263783
1403715587762142976.000000 -1.082324862 0.619859695 -2.147002697 0.846799672 -0.052383259 -0.295746028 0.438999653
1403715587812143104.000000 -1.067697406 0.627308846 -2.134411812 0.840391219 -0.054942098 -0.294017255 0.451971084
1403715587862142976.000000 -1.051599979 0.632967710 -2.119534731 0.833366156 -0.054573730 -0.291117579 0.466661751
1403715587912143104.000000 -1.043172956 0.632823229 -2.101434469 0.825382233 -0.050199833 -0.288201034 0.482870966
1403715587962142976.000000 -1.023937464 0.635268688 -2.082127094 0.816925585 -0.042237017 -0.283725291 0.500348449
1403715588012143104.000000 -1.003705382 0.636832952 -2.060858488 0.808164716 -0.032834996 -0.278327197 0.518001616
1403715588062142976.000000 -0.989134490 0.636145830 -2.037111759 0.799288750 -0.022731721 -0.271604985 0.535585165
1403715588112143104.000000 -0.969939172 0.637659311 -2.011842728 0.789792895 -0.013142627 -0.265188396 0.552928209
1403715588162142976.000000 -0.954005003 0.640271902 -1.983621240 0.779887497 -0.004182572 -0.258087993 0.570218146
1403715588212143104.000000 -0.943579912 0.643924236 -1.952778578 0.769702494 0.003757409 -0.250529647 0.587178826
1403715588262142976.000000 -0.948373199 0.644298792 -1.921236038 0.759020329 0.008963418 -0.242858663 0.604009449
1403715588312143104.000000 -0.947305858 0.651504993 -1.884739876 0.747882724 0.011342855 -0.236022174 0.620351851
1403715588362142976.000000 -0.948833287 0.660915017 -1.846231818 0.736533642 0.013100361 -0.229860306 0.636011660
1403715588412143104.000000 -0.960040808 0.666498303 -1.802306771 0.725000381 0.015506651 -0.224507794 0.650945723
1403715588462142976.000000 -0.961278677 0.680980921 -1.761367083 0.713373184 0.017580384 -0.220144197 0.665076137
1403715588512143104.000000 -0.961926699 0.697945595 -1.719566345 0.701437652 0.017452888 -0.216902152 0.678700268
1403715588562142976.000000 -0.970215201 0.710135579 -1.673632264 0.689704537 0.017941363 -0.212815493 0.691878200
1403715588612143104.000000 -0.970016062 0.731530547 -1.630235910 0.677326441 0.015939282 -0.210902393 0.704624057
1403715588662142976.000000 -0.969851017 0.755125463 -1.586255312 0.664667547 0.011476940 -0.210525781 0.716773570
1403715588712143104.000000 -0.970266223 0.779789269 -1.540262461 0.651181042 0.006967339 -0.212535486 0.728521466
1403715588762142976.000000 -0.977780163 0.797569573 -1.492329121 0.637138426 0.001561360 -0.215259150 0.740078151
1403715588812143104.000000 -0.977600217 0.825317502 -1.446208358 0.621706724 -0.004577452 -0.221055105 0.751395047
1403715588862142976.000000 -0.977881193 0.853160977 -1.399594069 0.605199397 -0.011974384 -0.228548050 0.762467086
1403715588912143104.000000 -0.978670120 0.880501091 -1.352784157 0.588132501 -0.020441132 -0.237252414 0.772912443
1403715588962142976.000000 -0.986101031 0.898149431 -1.302388668 0.570991933 -0.028851740 -0.244666249 0.783118308
1403715589012143104.000000 -0.986771822 0.921480298 -1.256234884 0.554428458 -0.036885016 -0.251269460 0.792535365
1403715589062142976.000000 -0.985910535 0.941932559 -1.210747004 0.539210379 -0.044331986 -0.254180551 0.801672697
1403715589112143104.000000 -0.982475400 0.958744586 -1.164476395 -0.525601089 0.048240043 0.254887313 -0.810215354
1403715589162142976.000000 -0.978324413 0.963965654 -1.118381262 0.513664484 -0.052012358 -0.254173756 0.817825913
1403715589212143104.000000 -0.967498183 0.971159995 -1.075897574 0.503173232 -0.053734835 -0.252275914 0.824794590
1403715589262142976.000000 -0.953821063 0.974066019 -1.034241676 0.492624640 -0.055164371 -0.250381082 0.831617236
1403715589312143104.000000 -0.937921405 0.971703470 -0.993300915 -0.482212216 0.058755338 0.248596340 -0.837985158
1403715589362142976.000000 -0.918493271 0.965407968 -0.952816844 -0.470964223 0.063599139 0.248289868 -0.844097197
1403715589412143104.000000 -0.896923780 0.948384285 -0.908985674 0.460646749 -0.068812475 -0.245929793 0.850051761
1403715589462142976.000000 -0.873864114 0.932749987 -0.867980480 0.450300366 -0.074064761 -0.243114963 0.855943441
1403715589512143104.000000 -0.850235581 0.912237644 -0.825798452 0.440080732 -0.078349829 -0.241653144 0.861274660
1403715589562142976.000000 -0.825401664 0.886657834 -0.782647789 0.431295067 -0.081008151 -0.241264611 0.865571320
1403715589612143104.000000 -0.797538161 0.852313340 -0.737422049 0.424114496 -0.083743095 -0.241058484 0.868910193
1403715589662142976.000000 -0.765821099 0.815021336 -0.693023801 0.419417918 -0.083895005 -0.238790020 0.871796787
1403715589712143104.000000 -0.729408026 0.771283150 -0.648397803 0.416773975 -0.079615608 -0.236281857 0.874146283
1403715589762142976.000000 -0.687916040 0.719593525 -0.603880286 -0.416976601 0.067769364 0.230965242 -0.876466215
1403715589812143104.000000 -0.636364341 0.662715018 -0.558513761 0.419897527 -0.047688104 -0.223194703 0.878405392
1403715589862142976.000000 -0.586208880 0.602213979 -0.514572501 0.424653441 -0.026208412 -0.212993667 0.879554629
1403715589912143104.000000 -0.536449313 0.539181530 -0.470626295 -0.429191649 0.009908390 0.202871859 -0.880079210
1403715589962142976.000000 -0.487250745 0.473053217 -0.425705433 0.433378816 0.003491066 -0.194082752 0.880058289
1403715590012143104.000000 -0.436911702 0.410607576 -0.383632481 0.437080979 0.012516366 -0.187356472 0.879602909
1403715590062142976.000000 -0.392624289 0.344890058 -0.340055406 0.439557046 0.019102439 -0.184139639 0.878929615
1403715590112143104.000000 -0.350188553 0.279590249 -0.297067165 0.440803558 0.022945117 -0.183922306 0.878258705
1403715590162142976.000000 -0.309154600 0.213956088 -0.254948139 0.441513121 0.024121897 -0.185866967 0.877461076
1403715590212143104.000000 -0.270558029 0.149113297 -0.213615462 0.442439675 0.021667603 -0.190068096 0.876157463
1403715590262142976.000000 -0.232911602 0.084280401 -0.173644215 0.444408834 0.020817000 -0.195801005 0.873916149
1403715590312143104.000000 -0.196076393 0.019052420 -0.135527208 0.447508067 0.021093518 -0.203506663 0.870561123
1403715590362142976.000000 -0.160060778 -0.046701953 -0.099088617 0.451443434 0.023584077 -0.213585466 0.866039217
1403715590412143104.000000 -0.125079423 -0.114268616 -0.064968958 0.456987321 0.026257740 -0.224491656 0.860277116
1403715590462142976.000000 -0.090903796 -0.183433890 -0.033376381 0.464958906 0.030482253 -0.234555334 0.853151739
1403715590512143104.000000 -0.048005044 -0.242340267 -0.012968130 0.474062145 0.032700650 -0.245064974 0.845067441
1403715590562142976.000000 -0.017355263 -0.313986659 0.013002768 0.484454453 0.036129866 -0.255816430 0.835796952
1403715590612143104.000000 0.011568226 -0.386306882 0.034738496 0.495957673 0.036218088 -0.265745342 0.825889647
1403715590662142976.000000 0.038000330 -0.460058242 0.054915190 0.509779632 0.031375084 -0.271023631 0.815896153
1403715590712143104.000000 0.060337439 -0.540904343 0.076818764 0.525810897 0.022381455 -0.272558838 0.805440068
1403715590762142976.000000 0.083127528 -0.619280696 0.091581136 0.543225825 0.015416902 -0.271366447 0.794372916
1403715590812143104.000000 0.105570540 -0.699031234 0.103747964 0.561536849 0.011308728 -0.268697619 0.782527983
1403715590862142976.000000 0.127732247 -0.779701650 0.113635480 0.579640150 0.010437468 -0.266725630 0.769912839
1403715590912143104.000000 0.155793995 -0.846448958 0.112688184 0.597265184 0.011202973 -0.265857160 0.756616712
1403715590962142976.000000 0.176730096 -0.926895082 0.116180956 0.614419341 0.011905399 -0.268435001 0.741815209
1403715591012143104.000000 0.195839375 -1.007228374 0.120450079 0.630031586 0.011692963 -0.273401350 0.726756632
1403715591062142976.000000 0.213319689 -1.087001324 0.122915149 0.645450830 0.010413913 -0.279760957 0.710646689
1403715591112143104.000000 0.234664649 -1.163692355 0.124271989 0.660184979 0.009830632 -0.286954433 0.694057941
1403715591162142976.000000 0.250497460 -1.244235754 0.125371218 0.674431503 0.011692356 -0.296755135 0.675974786
1403715591212143104.000000 0.265036881 -1.324161768 0.124846697 0.688023388 0.014010724 -0.307209373 0.657305062
1403715591262142976.000000 0.277898550 -1.403645754 0.122389078 0.700973213 0.018690059 -0.318309903 0.637939036
1403715591312143104.000000 0.294842720 -1.477534890 0.114362240 0.713235855 0.024049984 -0.328857601 0.618521571
1403715591362142976.000000 0.304794192 -1.556654334 0.106980205 0.726213813 0.027016042 -0.336561412 0.598840654
1403715591412143104.000000 0.313123107 -1.635546088 0.096807480 0.738747478 0.030107919 -0.343914807 0.578850865
1403715591462142976.000000 0.319478989 -1.713587046 0.084091663 0.751267314 0.032077596 -0.349328816 0.559050858
1403715591512143104.000000 0.329661191 -1.785628915 0.067510843 0.762784958 0.031612903 -0.354886532 0.539643705
1403715591562142976.000000 0.329424083 -1.861891508 0.050486326 0.774463832 0.030103106 -0.359259933 0.519838452
1403715591612143104.000000 0.324789047 -1.937194586 0.031970501 0.785846651 0.026252510 -0.362526357 0.500330448
1403715591662142976.000000 0.317867398 -2.011997700 0.011860371 0.797035635 0.023628764 -0.364167958 0.481204420
1403715591712143104.000000 0.311296940 -2.082839012 -0.009894848 0.807361424 0.025745571 -0.365694016 0.462355584
1403715591762142976.000000 0.296467066 -2.156593084 -0.032496691 0.816762686 0.028124204 -0.367003620 0.444315434
1403715591812143104.000000 0.277986050 -2.229068995 -0.056151867 0.825296938 0.030393872 -0.368918538 0.426450938
1403715591862142976.000000 0.256690383 -2.300306797 -0.081418037 0.832935035 0.032003615 -0.370911360 0.409413993
1403715591912143104.000000 0.235050440 -2.365079880 -0.106734514 0.840148509 0.035061721 -0.373093724 0.392074257
1403715591962142976.000000 0.205606818 -2.432809591 -0.134193182 0.846831322 0.040097445 -0.375767976 0.374255925
1403715592012143104.000000 0.172779679 -2.498573303 -0.162877083 0.852358758 0.047384664 -0.379832417 0.356323630
1403715592062142976.000000 0.136507034 -2.561914444 -0.193140984 0.857940376 0.053615950 -0.383195192 0.337971985
1403715592112143104.000000 0.099627972 -2.620989561 -0.221481562 0.863675058 0.060054988 -0.385441363 0.319208145
1403715592162142976.000000 0.061969995 -2.677886963 -0.258244991 0.870819092 0.065684348 -0.384252995 0.299515218
1403715592212143104.000000 0.026387274 -2.730803490 -0.299696684 0.879134476 0.071551479 -0.379738808 0.278929204
1403715592262142976.000000 -0.007240534 -2.779424191 -0.345049143 0.886484265 0.076467507 -0.376440883 0.258051693
1403715592312143104.000000 -0.039761007 -2.823944092 -0.389040232 0.893283784 0.081132583 -0.373259425 0.236936882
1403715592362142976.000000 -0.068522274 -2.862549067 -0.441451311 0.898759961 0.084990278 -0.372096598 0.215757549
1403715592412143104.000000 -0.095459819 -2.895880699 -0.496659756 0.903363943 0.089061864 -0.371853739 0.194232896
1403715592462142976.000000 -0.120862603 -2.923573732 -0.554426670 0.907045066 0.092146963 -0.372589648 0.173075810
1403715592512143104.000000 -0.148637772 -2.946060896 -0.612000942 0.910963178 0.096221387 -0.371366203 0.151574329
1403715592562142976.000000 -0.173364282 -2.962782860 -0.672346830 0.914377153 0.100440472 -0.369947821 0.130249366
1403715592612143104.000000 -0.198748857 -2.973946810 -0.733525753 0.917367339 0.104354113 -0.368282616 0.109157972
1403715592662142976.000000 -0.224888772 -2.979281664 -0.795794368 0.919680595 0.109405212 -0.366819143 0.087532297
1403715592712143104.000000 -0.253677070 -2.978321552 -0.858474016 0.921871662 0.112851240 -0.364852846 0.065571412
1403715592762142976.000000 -0.279718548 -2.970525026 -0.921386838 0.923527122 0.112353012 -0.364124984 0.043445315
1403715592812143104.000000 -0.305716187 -2.956445932 -0.984409690 -0.925390005 -0.104257427 0.363750994 -0.021658339
1403715592862142976.000000 -0.331809968 -2.936291218 -1.047302127 -0.926906347 -0.087458760 0.364959210 -0.000602701
1403715592912143104.000000 -0.360782713 -2.910937786 -1.112081766 0.927848816 0.067970611 -0.366140693 -0.020435607
1403715592962142976.000000 -0.386528254 -2.881988764 -1.174722433 0.927908838 0.048076700 -0.367347389 -0.041590493
1403715593012143104.000000 -0.412157059 -2.849897623 -1.237369895 0.927715123 0.029618846 -0.366688490 -0.063301034
1403715593062142976.000000 -0.437617302 -2.816148281 -1.299608946 0.926953912 0.013657736 -0.365048796 -0.085495085
1403715593112143104.000000 -0.466357321 -2.780512333 -1.362851143 0.925611556 0.002789219 -0.362651169 -0.108257204
1403715593162142976.000000 -0.491692811 -2.745191336 -1.424229980 0.923660219 -0.003550010 -0.359973669 -0.131370679
1403715593212143104.000000 -0.516855717 -2.709768057 -1.485042810 0.921772420 -0.007006293 -0.355721116 -0.154107422
1403715593262142976.000000 -0.541763186 -2.674441099 -1.545369148 0.919088066 -0.007914427 -0.352432668 -0.176084667
1403715593312143104.000000 -0.570808768 -2.637759447 -1.606835842 0.915924847 -0.004751286 -0.349578887 -0.197113648
1403715593362142976.000000 -0.594984770 -2.602967262 -1.665953755 0.913016200 0.004143648 -0.345065922 -0.217517540
1403715593412143104.000000 -0.618847549 -2.567385435 -1.724262238 0.909344971 0.014083106 -0.341232330 -0.237600178
1403715593462142976.000000 -0.642228246 -2.530772209 -1.781463146 0.905425847 0.023924939 -0.336470604 -0.257719219
1403715593512143104.000000 -0.666017592 -2.492916346 -1.837078094 0.900872827 0.032295872 -0.332409352 -0.277288884
1403715593562142976.000000 -0.689280033 -2.453132868 -1.892013669 0.896595478 0.035930648 -0.327470213 -0.295954317
1403715593612143104.000000 -0.700994849 -2.415310860 -1.936655283 0.892633200 0.038231533 -0.319388896 -0.315808505
1403715593662142976.000000 -0.730829120 -2.367348194 -1.995095015 0.889065385 0.036430068 -0.310585082 -0.334323972
1403715593712143104.000000 -0.749581456 -2.322028875 -2.043482780 0.885943234 0.034055233 -0.299152642 -0.352778375
1403715593762142976.000000 -0.767542839 -2.275083542 -2.089007854 0.881586134 0.031039478 -0.289846569 -0.371256590
1403715593812143104.000000 -0.791365743 -2.218896389 -2.133540869 0.876173139 0.027857315 -0.280637383 -0.390880078
1403715593862142976.000000 -0.807065487 -2.169871807 -2.172594070 0.869359732 0.029190673 -0.274116397 -0.410148442
1403715593912143104.000000 -0.822115302 -2.119590759 -2.208098173 0.860876560 0.028132861 -0.270163864 -0.430245906
1403715593962142976.000000 -0.836298466 -2.068673372 -2.239406109 0.850907326 0.028739840 -0.268511534 -0.450591266
1403715594012143104.000000 -0.849035978 -2.020011425 -2.263817549 0.840051115 0.030279046 -0.267640829 -0.470920235
1403715594062142976.000000 -0.858801126 -1.962145090 -2.291059971 0.828210592 0.029870924 -0.268777460 -0.490850121
1403715594112143104.000000 -0.869188190 -1.910566330 -2.311535358 0.816261590 0.029270647 -0.270304441 -0.509701788
1403715594162142976.000000 -0.877906322 -1.858255625 -2.329351187 0.804658473 0.028017117 -0.270542920 -0.527774990
1403715594212143104.000000 -0.885259867 -1.804993868 -2.344747782 0.793430030 0.026959151 -0.269396454 -0.545130908
1403715594262142976.000000 -0.891307950 -1.751332283 -2.357011795 0.782503963 0.025952730 -0.267887503 -0.561471641
1403715594312143104.000000 -0.895703673 -1.697279215 -2.367788076 0.771835089 0.025995377 -0.264492512 -0.577614486
1403715594362142976.000000 -0.898428798 -1.642261982 -2.376752615 0.761807501 0.026101246 -0.258738309 -0.593314886
1403715594412143104.000000 -0.900230765 -1.586462021 -2.383175850 0.751351297 0.027706409 -0.252308547 -0.609133840
1403715594462142976.000000 -0.900807738 -1.529850006 -2.387272120 0.740298986 0.030084295 -0.245266363 -0.625217497
1403715594512143104.000000 -0.899640083 -1.472517848 -2.388883114 0.729088008 0.033917420 -0.236308575 -0.641434789
1403715594562142976.000000 -0.894931376 -1.410052776 -2.390422344 0.716425300 0.037789255 -0.228226081 -0.658194304
1403715594612143104.000000 -0.892248869 -1.351680279 -2.386005878 0.703137457 0.040883511 -0.220678389 -0.674705327
1403715594662142976.000000 -0.888518274 -1.293134451 -2.377641916 0.688533127 0.045014519 -0.215619460 -0.690944433
1403715594712143104.000000 -0.884001911 -1.234207273 -2.365386486 0.671611905 0.049124569 -0.215484425 -0.707170963
1403715594762142976.000000 -0.879167140 -1.174823523 -2.349161625 0.652364135 0.050242830 -0.221008226 -0.723223388
1403715594812143104.000000 -0.870813370 -1.121151209 -2.330316544 -0.632906020 -0.049307071 0.226162076 0.738816261
1403715594862142976.000000 -0.863732338 -1.059446335 -2.308994293 -0.613479495 -0.046840753 0.230249375 0.753945768
1403715594912143104.000000 -0.855774224 -0.996221364 -2.285480261 -0.594294012 -0.045911662 0.232325807 0.768590689
1403715594962142976.000000 -0.847293139 -0.931263864 -2.260044813 -0.575826168 -0.045128286 0.232390434 0.782548666
1403715595012143104.000000 -0.837305725 -0.863883078 -2.233829498 0.558434010 0.044784434 -0.229483619 -0.795916557
1403715595062142976.000000 -0.826577663 -0.802784562 -2.204801798 -0.541406155 -0.045240819 0.225167036 0.808784664
1403715595112143104.000000 -0.815748215 -0.731421113 -2.174545527 -0.524065971 -0.042987056 0.220908076 0.821405292
1403715595162142976.000000 -0.803856909 -0.658155560 -2.143081903 -0.506563902 -0.036646236 0.217340216 0.833554626
1403715595212143104.000000 -0.791365385 -0.583409429 -2.110496283 -0.489428818 -0.031751562 0.211123332 0.845504701
1403715595262142976.000000 -0.778374434 -0.506734610 -2.077542305 0.472250015 0.026433295 -0.204383448 -0.857034743
1403715595312143104.000000 -0.764386058 -0.436250567 -2.043688297 -0.455221564 -0.020473974 0.196168646 0.868257999
1403715595362142976.000000 -0.752222776 -0.356893927 -2.008070707 -0.438041747 -0.014366112 0.186144158 0.879353940
1403715595412143104.000000 -0.740894675 -0.277034521 -1.971893072 -0.419818431 -0.008479744 0.178244516 0.889892995
1403715595462142976.000000 -0.728842258 -0.196479261 -1.935353637 -0.401972979 -0.001061528 0.168080986 0.900091887
1403715595512143104.000000 -0.716907978 -0.115838259 -1.898641706 0.384721845 -0.004683451 -0.155168280 -0.909884632
1403715595562142976.000000 -0.701610684 -0.042064369 -1.863883734 -0.368185729 0.009163203 0.140241221 0.919068992
1403715595612143104.000000 -0.688910365 0.038079053 -1.828267455 -0.353535861 0.013362819 0.118315741 0.927812099
1403715595662142976.000000 -0.675418496 0.116640031 -1.792285681 -0.339343697 0.019062115 0.093761779 0.935783744
1403715595712143104.000000 -0.661687136 0.192953348 -1.756346941 -0.326343626 0.025292424 0.065935694 0.942609489
1403715595762142976.000000 -0.647492409 0.264874458 -1.720013976 -0.312776357 0.033186544 0.039129976 0.948440015
1403715595812143104.000000 -0.630174756 0.328408033 -1.684281349 -0.300328851 0.040711891 0.012184977 0.952888548
1403715595862142976.000000 -0.615551651 0.390303791 -1.649142504 -0.286408037 0.051098727 -0.008916952 0.956702590
1403715595912143104.000000 -0.599129617 0.445494771 -1.615292072 -0.274027795 0.063643694 -0.029675970 0.959154665
1403715595962142976.000000 -0.582075000 0.492496848 -1.583336592 -0.260936618 0.080451697 -0.044988081 0.960945249
1403715596012143104.000000 -0.564326406 0.530947566 -1.554591656 -0.247234821 0.100355558 -0.054185759 0.962220252
1403715596062142976.000000 -0.544267535 0.559450507 -1.528949022 -0.233050168 0.122333221 -0.057402264 0.963030219
1403715596112143104.000000 -0.527105391 0.580306470 -1.510152340 -0.218855053 0.140858725 -0.056154206 0.963902533
1403715596162142976.000000 -0.510441899 0.592287302 -1.497443914 -0.208319157 0.149262354 -0.055590957 0.965004444
1403715596212143104.000000 -0.494631827 0.595865965 -1.491105795 -0.199385166 0.146536693 -0.052920349 0.967456460
1403715596262142976.000000 -0.479867369 0.591359794 -1.490996599 -0.192571923 0.130269960 -0.048822276 0.971371293
1403715596312143104.000000 -0.466346413 0.580883026 -1.492471576 -0.185501382 0.102063015 -0.041024819 0.976467848
1403715596362142976.000000 -0.455172002 0.563339829 -1.500714540 -0.177545264 0.070476323 -0.032597419 0.981044471
1403715596412143104.000000 -0.444795132 0.540481150 -1.511310816 -0.167384773 0.039692096 -0.021015085 0.984868169
1403715596462142976.000000 -0.434123725 0.513151348 -1.522436619 -0.156122088 0.012019278 -0.010095927 0.987613082
1403715596512143104.000000 -0.422765613 0.482544154 -1.532990217 -0.144786790 -0.013018065 -0.000631419 0.989377081
1403715596562142976.000000 -0.411104679 0.451569706 -1.539574265 -0.133061126 -0.033768661 0.006955194 0.990508020
1403715596612143104.000000 -0.397676408 0.417203873 -1.546636581 -0.121187575 -0.052691616 0.012603632 0.991150081
1403715596662142976.000000 -0.382729381 0.382576257 -1.550284266 -0.109350629 -0.069204710 0.016462868 0.991454542
1403715596712143104.000000 -0.365939349 0.347633630 -1.549823880 -0.097723395 -0.081731856 0.017885176 0.991690576
1403715596762142976.000000 -0.347150803 0.312380195 -1.544906020 -0.086237229 -0.091854654 0.017026728 0.991885126
1403715596812143104.000000 -0.329104841 0.278396100 -1.531609416 -0.074206285 -0.101553544 0.017126359 0.991910815
1403715596862142976.000000 -0.307466537 0.243815869 -1.516518235 -0.063157536 -0.111244813 0.018363284 0.991614103
1403715596912143104.000000 -0.284119338 0.210132509 -1.495283961 -0.053491823 -0.120179996 0.018437196 0.991138518
1403715596962142976.000000 -0.259215474 0.177392527 -1.467501283 -0.045604058 -0.128689498 0.017694451 0.990477800
1403715597012143104.000000 -0.232077137 0.145644471 -1.433228612 -0.039114825 -0.133848131 0.015876370 0.990102410
1403715597062142976.000000 -0.203784212 0.116393052 -1.388976216 -0.033918422 -0.135472104 0.013841407 0.990103662
1403715597112143104.000000 -0.170669645 0.087058775 -1.341776848 -0.029616281 -0.131435439 0.012991406 0.990797102
1403715597162142976.000000 -0.134434059 0.058282975 -1.287823558 -0.025103666 -0.120951891 0.013031250 0.992255390
1403715597212143104.000000 -0.095893681 0.030200507 -1.227933168 -0.019280037 -0.105006583 0.015031139 0.994171023
1403715597262142976.000000 -0.055167552 0.002897459 -1.162950993 -0.012903629 -0.086613819 0.016600290 0.996020079
1403715597312143104.000000 -0.014121577 -0.023502560 -1.090632200 -0.005058294 -0.066223606 0.018908611 0.997612774
1403715597362142976.000000 0.027117897 -0.048501067 -1.019107938 0.003421447 -0.048843350 0.020034550 0.998599648
1403715597412143104.000000 0.070252456 -0.072729573 -0.945631742 0.013446148 -0.030243402 0.021545496 0.999219894
1403715597462142976.000000 0.114309296 -0.095428422 -0.870814741 0.022862796 -0.010093176 0.017889557 0.999527633
1403715597512143104.000000 0.157301232 -0.116964832 -0.795597434 0.033229090 0.006255336 0.012569203 0.999349236
1403715597562142976.000000 0.198293597 -0.138737932 -0.719587088 -0.044376519 -0.018524906 -0.005792588 -0.998826325
1403715597612143104.000000 0.241842955 -0.154890582 -0.638763607 0.056704532 0.025017988 -0.001503629 0.998076379
1403715597662142976.000000 0.279419273 -0.173464432 -0.565355003 0.069400437 0.028803339 -0.008690071 0.997135103
1403715597712143104.000000 0.315529495 -0.190877303 -0.492603183 0.081722766 0.027640497 -0.016340662 0.996137738
1403715597762142976.000000 0.350936323 -0.207011983 -0.420876920 0.093136981 0.026318481 -0.023116246 0.995036960
1403715597812143104.000000 0.384901375 -0.222052291 -0.349726856 0.103538170 0.024384208 -0.027397407 0.993948996
1403715597862142976.000000 0.419148445 -0.235361859 -0.277440697 0.111968011 0.024999831 -0.032176383 0.992876112
1403715597912143104.000000 0.453096002 -0.248333350 -0.208607495 0.119020961 0.029322702 -0.035948977 0.991807401
1403715597962142976.000000 0.487005293 -0.260279775 -0.141019985 0.124801867 0.036223553 -0.038538042 0.990770996
1403715598012143104.000000 0.519509971 -0.271031469 -0.074653536 0.129172847 0.041121494 -0.040547043 0.989939094
1403715598062142976.000000 0.551087201 -0.280670881 -0.011221239 -0.131879985 -0.044765338 0.043433510 -0.989301443
1403715598112143104.000000 0.580037355 -0.289455205 0.053956769 0.132680759 0.047669370 -0.048159566 0.988839805
1403715598162142976.000000 0.607473969 -0.297920376 0.115622550 0.133443981 0.052410394 -0.051247384 0.988341928
1403715598212143104.000000 0.631923735 -0.305741668 0.176240787 0.134506762 0.059420425 -0.051512677 0.987787306
1403715598262142976.000000 0.652704239 -0.313056767 0.235505134 0.135322273 0.068994775 -0.050495815 0.987105846
1403715598312143104.000000 0.671661854 -0.319690436 0.293606579 -0.135768637 -0.079541065 0.048950516 -0.986328542
1403715598362142976.000000 0.686763465 -0.323851913 0.347789109 0.136739343 0.091184944 -0.045793407 0.985337853
1403715598412143104.000000 0.699005127 -0.328851432 0.399654746 0.137792438 0.107027858 -0.040701423 0.983819962
1403715598462142976.000000 0.709447205 -0.332240045 0.446652770 -0.138740271 -0.120792776 0.035487562 -0.982293665
1403715598512143104.000000 0.717744827 -0.333585143 0.487816989 -0.139828131 -0.132479951 0.029631251 -0.980825782
1403715598562142976.000000 0.723610163 -0.332387209 0.522670746 0.140177384 0.139919281 -0.025296727 0.979863763
1403715598612143104.000000 0.723264635 -0.330381364 0.551114798 0.139428973 0.142697453 -0.023648703 0.979611039
1403715598662142976.000000 0.722935855 -0.324860394 0.574608624 0.137294769 0.135912582 -0.025256317 0.980836451
1403715598712143104.000000 0.719537258 -0.317584664 0.592742622 0.134215191 0.123743020 -0.028742844 0.982775629
1403715598762142976.000000 0.712701559 -0.308665574 0.606398940 -0.131305844 -0.107208230 0.032819208 -0.984981298
1403715598812143104.000000 0.704912901 -0.297687948 0.616203606 -0.128347889 -0.089626864 0.036890529 -0.986981750
1403715598862142976.000000 0.690806985 -0.290431708 0.623671114 0.125834465 0.074921638 -0.040542535 0.988386929
1403715598912143104.000000 0.676919401 -0.278678089 0.627291679 0.123441070 0.062363278 -0.044681072 0.989382029
1403715598962142976.000000 0.661578298 -0.266764551 0.629273891 0.121572986 0.053524449 -0.047694672 0.989990175
1403715599012143104.000000 0.644668758 -0.254774123 0.629984498 0.120163582 0.047019057 -0.050572291 0.990349650
1403715599062142976.000000 0.626845777 -0.243201494 0.629489124 -0.119332738 -0.043943636 0.051688451 -0.990533710
1403715599112143104.000000 0.608414590 -0.231118560 0.631814003 0.118518993 0.043411519 -0.053493746 0.990558982
1403715599162142976.000000 0.588143110 -0.220106721 0.629471302 0.118695281 0.042528033 -0.052708317 0.990618348
1403715599212143104.000000 0.566142678 -0.209184065 0.626287699 0.119778782 0.037620779 -0.049860422 0.990833819
1403715599262142976.000000 0.542483270 -0.198425338 0.622294724 0.121052198 0.032008473 -0.046235833 0.991052091
1403715599312143104.000000 0.517321348 -0.188330129 0.618839741 -0.122992665 -0.026584849 0.040841203 -0.991210401
1403715599362142976.000000 0.491943508 -0.175366491 0.615318596 0.125296816 0.022096680 -0.034011673 0.991289914
1403715599412143104.000000 0.465223163 -0.163724482 0.610465765 0.128214270 0.019708248 -0.025693376 0.991217732
1403715599462142976.000000 0.437947094 -0.151234597 0.605833650 0.131470680 0.018399246 -0.017086186 0.991002023
1403715599512143104.000000 0.410959750 -0.137149870 0.601301968 0.133955464 0.018790921 -0.009886195 0.990759909
1403715599562142976.000000 0.387173831 -0.119497992 0.601947188 0.136236444 0.018528523 -0.004438243 0.990493178
1403715599612143104.000000 0.361529082 -0.101151273 0.597000599 0.138090253 0.021786729 0.000694045 0.990179777
1403715599662142976.000000 0.336528122 -0.080143183 0.591875792 0.139896140 0.025353407 0.005916619 0.989823937
1403715599712143104.000000 0.312198222 -0.056411970 0.586305737 0.139678121 0.030609127 0.005705439 0.989707351
1403715599762142976.000000 0.290381312 -0.029829357 0.583974898 0.138613358 0.036295507 0.003697545 0.989674389
1403715599812143104.000000 0.266053021 -0.000876629 0.577102780 0.136082977 0.040937960 -0.001387398 0.989850342
1403715599862142976.000000 0.241312683 0.030486137 0.569255531 0.131959245 0.043819442 -0.010780199 0.990227461
1403715599912143104.000000 0.215685040 0.063699029 0.560553193 0.127611324 0.041396163 -0.020821337 0.990741313
1403715599962142976.000000 0.193824634 0.095901772 0.557118416 0.123443842 0.035635125 -0.030185342 0.991252065
1403715600012143104.000000 0.167219967 0.131061792 0.546413302 0.119669646 0.030342611 -0.038292758 0.991610944
1403715600062142976.000000 0.140576005 0.166075543 0.535074770 0.116578132 0.026546108 -0.048883799 0.991622567
1403715600112143104.000000 0.114238136 0.200335711 0.523148835 0.114550129 0.024823533 -0.063070528 0.991102517
1403715600162142976.000000 0.088948965 0.233873636 0.512735546 -0.113984846 -0.024313822 0.080247112 -0.989937723
1403715600212143104.000000 0.064373739 0.261480659 0.503335238 0.115574531 0.024361487 -0.098322615 0.988120317
1403715600262142976.000000 0.037512846 0.288630366 0.490225345 0.120768718 0.024582300 -0.114010714 0.985805392
1403715600312143104.000000 0.010242360 0.311995655 0.476365566 0.129559427 0.024284655 -0.126653522 0.983149767
1403715600362142976.000000 -0.017602053 0.331570655 0.461342156 0.140910804 0.024322623 -0.138744682 0.979950249
1403715600412143104.000000 -0.046477310 0.342915326 0.450625420 0.156072155 0.021630013 -0.144981921 0.976808071
1403715600462142976.000000 -0.076265760 0.354393840 0.433352917 0.173177794 0.016317911 -0.149978340 0.973267615
1403715600512143104.000000 -0.106613979 0.361680657 0.415147901 0.193611532 0.005819556 -0.148734242 0.969721079
1403715600562142976.000000 -0.136475205 0.365432173 0.396063626 0.215364844 -0.004961028 -0.144910112 0.965709388
1403715600612143104.000000 -0.164607286 0.366001010 0.377329528 -0.236819714 0.014825139 0.143333092 -0.960808218
1403715600662142976.000000 -0.191922128 0.359928906 0.363658845 0.257610738 -0.021654602 -0.143802360 0.955242753
1403715600712143104.000000 -0.214485824 0.354993820 0.344094276 0.277871251 -0.024725130 -0.146625191 0.949040234
1403715600762142976.000000 -0.233377680 0.347464979 0.324300408 0.297826797 -0.024471860 -0.151455417 0.942211032
1403715600812143104.000000 -0.248844370 0.337735355 0.304463238 0.317027509 -0.024552474 -0.156666249 0.935064912
1403715600862142976.000000 -0.260703385 0.324828684 0.284080714 -0.335001707 0.021084638 0.163948923 -0.927604496
1403715600912143104.000000 -0.268840581 0.310503572 0.263306260 -0.352260232 0.019502243 0.169676974 -0.920185983
1403715600962142976.000000 -0.273095727 0.294011712 0.242405117 -0.367502868 0.016488630 0.175686389 -0.913128734
1403715601012143104.000000 -0.274351776 0.275896072 0.221392632 -0.380852252 0.013460086 0.180640295 -0.906719089
1403715601062142976.000000 -0.272416890 0.255440682 0.200342625 0.392491192 -0.009066237 -0.183924884 0.901132762
1403715601112143104.000000 -0.267576218 0.233919263 0.179122895 0.401236266 -0.006188162 -0.187666982 0.896522403
1403715601162142976.000000 -0.263261616 0.209676802 0.164989233 0.407889813 -0.002859817 -0.191430330 0.892733037
1403715601212143104.000000 -0.252677113 0.185718983 0.142461181 0.412279397 0.000870554 -0.194953606 0.889953971
1403715601262142976.000000 -0.240000829 0.160254061 0.118928172 0.414790124 0.004109971 -0.199066788 0.887865245
1403715601312143104.000000 -0.226121992 0.133348361 0.094088167 0.416549087 0.007641147 -0.203507394 0.886009753
1403715601362142976.000000 -0.212625667 0.104721777 0.068577066 0.418487608 0.010339555 -0.207326636 0.884181499
1403715601412143104.000000 -0.197883591 0.074992351 0.038996238 0.420792431 0.011316317 -0.207915217 0.882936597
1403715601462142976.000000 -0.186897546 0.044166937 0.012181627 0.422770679 0.011301228 -0.207050130 0.882194698
1403715601512143104.000000 -0.177375585 0.012080245 -0.014728587 0.424297184 0.010307672 -0.205561802 0.881821990
1403715601562142976.000000 -0.168890134 -0.021373328 -0.041695222 0.425794035 0.010283123 -0.203102008 0.881670773
1403715601612143104.000000 -0.161403328 -0.056083523 -0.068883233 0.426913321 0.009236078 -0.200561583 0.881722629
1403715601662142976.000000 -0.159726068 -0.087481797 -0.094857462 0.428211033 0.008151013 -0.197555184 0.881782770
1403715601712143104.000000 -0.153717101 -0.124024041 -0.122412033 0.429478168 0.008927928 -0.194000363 0.881948292
1403715601762142976.000000 -0.147752434 -0.161379248 -0.150409222 0.431005478 0.012485199 -0.190624475 0.881896138
1403715601812143104.000000 -0.142280534 -0.199866816 -0.178350180 0.431578964 0.014698164 -0.188748494 0.881985068
1403715601862142976.000000 -0.137528792 -0.238515019 -0.206760943 0.431187361 0.018225053 -0.185466945 0.882806540
1403715601912143104.000000 -0.133654982 -0.274250090 -0.239617378 0.428956270 0.023024932 -0.181143805 0.884676993
1403715601962142976.000000 -0.128911793 -0.312532783 -0.269038290 0.425747991 0.031066811 -0.174794972 0.887254357
1403715602012143104.000000 -0.124626659 -0.350347400 -0.299119771 0.422096401 0.043603111 -0.166290462 0.890101671
1403715602062142976.000000 -0.121642426 -0.387391031 -0.329843462 0.417356551 0.054952737 -0.157727197 0.893261373
1403715602112143104.000000 -0.120318010 -0.423206270 -0.361001909 0.411456883 0.064638905 -0.148874119 0.896862030
1403715602162142976.000000 -0.124348536 -0.452911109 -0.396440119 0.404118478 0.069391720 -0.140784785 0.901139677
1403715602212143104.000000 -0.127521008 -0.483802676 -0.430003196 0.395294458 0.069317117 -0.133874163 0.906098902
1403715602262142976.000000 -0.132357225 -0.511943698 -0.465022504 0.385956794 0.067429125 -0.126492202 0.911312461
1403715602312143104.000000 -0.138715699 -0.537583470 -0.500978589 0.374521434 0.063458793 -0.123212509 0.916801751
1403715602362142976.000000 -0.146982476 -0.560745955 -0.538177431 0.361418903 0.053951982 -0.122941382 0.922686875
1403715602412143104.000000 -0.155884624 -0.582737863 -0.576690495 0.347288430 0.043840375 -0.123537213 0.928551257
1403715602462142976.000000 -0.165254220 -0.602713764 -0.615584195 0.333493829 0.032881271 -0.122765206 0.934146404
1403715602512143104.000000 -0.174206719 -0.621222198 -0.655399084 0.319737911 0.024646591 -0.122361496 0.939248621
1403715602562142976.000000 -0.184232429 -0.638490438 -0.695441961 0.306283265 0.017930724 -0.121180400 0.944025695
1403715602612143104.000000 -0.195798874 -0.654474139 -0.735634565 -0.292333692 -0.015483889 0.120525055 -0.948564768
1403715602662142976.000000 -0.211202607 -0.666239142 -0.777892649 0.277483732 0.017505061 -0.120792039 0.952945828
1403715602712143104.000000 -0.227092475 -0.682059765 -0.816211402 0.263202101 0.018372033 -0.118663415 0.957238853
1403715602762142976.000000 -0.246687949 -0.697432756 -0.853182077 0.248555481 0.017313929 -0.117144331 0.961351991
1403715602812143104.000000 -0.270435393 -0.713694394 -0.888494134 0.234387472 0.015450103 -0.114773288 0.965220690
1403715602862142976.000000 -0.296610713 -0.730930686 -0.923278928 0.221558541 0.013963853 -0.109405465 0.968889713
1403715602912143104.000000 -0.323496759 -0.751940191 -0.955048263 0.208823040 0.011856793 -0.105123580 0.972214758
1403715602962142976.000000 -0.356166095 -0.770624399 -0.986986101 0.196070537 0.008809175 -0.101546034 0.975278020
1403715603012143104.000000 -0.390784234 -0.790354490 -1.017678022 0.183742732 0.008186517 -0.097032294 0.978139222
1403715603062142976.000000 -0.427096426 -0.811005831 -1.047797561 0.171565160 0.009300242 -0.092102997 0.980813980
1403715603112143104.000000 -0.463776588 -0.832538307 -1.077901959 0.159377441 0.011042520 -0.086136498 0.983390808
1403715603162142976.000000 -0.497016519 -0.854884684 -1.106279731 0.146285087 0.010049615 -0.082074016 0.985780716
1403715603212143104.000000 -0.533889890 -0.877648294 -1.135864735 0.134444207 0.008743805 -0.076860763 0.987897158
1403715603262142976.000000 -0.571012199 -0.901366591 -1.165320635 0.122596718 0.004236759 -0.072730519 0.989778936
1403715603312143104.000000 -0.607184350 -0.926350653 -1.194354296 0.111845464 0.000464640 -0.069922172 0.991262496
1403715603362142976.000000 -0.643643141 -0.953625858 -1.222513437 -0.102717385 0.003886516 0.066474073 -0.992479384
1403715603412143104.000000 -0.672636092 -0.979715824 -1.248517990 0.096114561 -0.005763353 -0.061299317 0.993464231
1403715603462142976.000000 -0.705099463 -1.009177923 -1.276119113 0.091577925 -0.005442074 -0.054656006 0.994282007
1403715603512143104.000000 -0.735992312 -1.039621115 -1.302970529 0.088637650 -0.005213213 -0.046604473 0.994959474
1403715603562142976.000000 -0.765446901 -1.070439696 -1.329328299 0.086895615 -0.005440976 -0.038022827 0.995476663
1403715603612143104.000000 -0.794109643 -1.102198839 -1.354727626 -0.085781947 0.006136665 0.029719364 -0.995851696
1403715603662142976.000000 -0.817099690 -1.129854560 -1.376641035 0.086119853 -0.007419551 -0.018361157 0.996087909
1403715603712143104.000000 -0.843117416 -1.159615397 -1.399771690 0.086027943 -0.005842129 -0.009601947 0.996229291
1403715603762142976.000000 -0.867191672 -1.188261151 -1.421925187 0.086718991 -0.003602839 -0.000643398 0.996226072
1403715603812143104.000000 -0.887986839 -1.214875579 -1.443637133 0.087625027 -0.001403930 0.006758375 0.996129632
1403715603862142976.000000 -0.906160772 -1.239593983 -1.465508938 -0.088927746 0.003935043 -0.013317143 -0.995941281
1403715603912143104.000000 -0.917143941 -1.258481026 -1.484685779 0.090087041 -0.014575377 0.017184896 0.995679021
1403715603962142976.000000 -0.929110825 -1.277289391 -1.504993439 0.090507887 -0.025003931 0.019074157 0.995399117
1403715604012143104.000000 -0.938696563 -1.293390155 -1.523273587 0.089935541 -0.035018697 0.016719267 0.995191395
1403715604062142976.000000 -0.945651650 -1.307059646 -1.539245486 0.086818844 -0.039054651 0.007757234 0.995428085
1403715604112143104.000000 -0.952426851 -1.319078207 -1.551278472 -0.082999907 0.038932271 0.003216625 -0.995783567
1403715604162142976.000000 -0.952741921 -1.327323675 -1.560570478 0.079614185 -0.036084522 -0.012687931 0.996091664
1403715604212143104.000000 -0.957673132 -1.336962581 -1.568454742 0.076575197 -0.030660372 -0.020587312 0.996379614
1403715604262142976.000000 -0.962263942 -1.346261382 -1.573999166 0.074548677 -0.025047235 -0.025773097 0.996569574
1403715604312143104.000000 -0.966921926 -1.355300903 -1.577498555 0.073278800 -0.021140395 -0.029271787 0.996657670
1403715604362142976.000000 -0.973232388 -1.364619613 -1.578629017 -0.072364308 0.019794201 0.031505864 -0.996684015
1403715604412143104.000000 -0.978651524 -1.373838663 -1.578363061 -0.071740657 0.020285618 0.032437768 -0.996689320
1403715604462142976.000000 -0.983102322 -1.383521795 -1.576472640 -0.071100533 0.019894000 0.033583745 -0.996705115
1403715604512143104.000000 -0.986670852 -1.393507600 -1.573331475 -0.071204275 0.016018067 0.033075262 -0.996784568
1403715604562142976.000000 -0.989412725 -1.403532743 -1.569033027 -0.071166500 0.009410765 0.033184823 -0.996867895
1403715604612143104.000000 -0.991589010 -1.413955450 -1.563660502 -0.071486436 0.002249929 0.032689303 -0.996903241
1403715604662142976.000000 -0.990046680 -1.422886848 -1.556812286 0.071121603 0.003299825 -0.034044307 0.996881127
1403715604712143104.000000 -0.992461264 -1.433657765 -1.550372124 0.070703149 0.007053439 -0.034485102 0.996876180
1403715604762142976.000000 -0.994809151 -1.444592834 -1.544089079 0.070122361 0.009387501 -0.036178317 0.996837974
1403715604812143104.000000 -0.997171104 -1.456261396 -1.537466764 0.070053071 0.009438145 -0.036061022 0.996846616
1403715604862142976.000000 -0.999531448 -1.468123317 -1.530745983 0.070226230 0.009438366 -0.035777718 0.996844649
1403715604912143104.000000 -1.001610041 -1.481528401 -1.524078250 -0.069860622 -0.009458762 0.037006482 -0.996825278
1403715604962142976.000000 -1.002940655 -1.493807673 -1.515292525 0.069700301 0.007084083 -0.038158409 0.996812820
1403715605012143104.000000 -1.004266858 -1.506336212 -1.508845687 0.070016995 0.004272852 -0.038272090 0.996802211
1403715605062142976.000000 -1.004322171 -1.519338608 -1.502010703 0.070367128 0.003446157 -0.038267460 0.996780932
1403715605112143104.000000 -1.003029704 -1.533098102 -1.494722247 0.070865571 0.004129028 -0.038196139 0.996745765
1403715605162142976.000000 -1.001153946 -1.547493815 -1.488453746 0.071574770 0.006226872 -0.038923301 0.996656060
1403715605212143104.000000 -0.998562992 -1.561837316 -1.481108427 0.072632216 0.007968704 -0.038796101 0.996572137
1403715605262142976.000000 -0.995098889 -1.576665998 -1.473548293 0.074305385 0.009262870 -0.037271645 0.996495783
1403715605312143104.000000 -0.990804672 -1.591841102 -1.465814471 0.076557741 0.010686418 -0.034566112 0.996408582
1403715605362142976.000000 -0.986632228 -1.605638266 -1.459582806 0.079499036 0.011914710 -0.030553278 0.996295393
1403715605412143104.000000 -0.983956575 -1.620427370 -1.451156378 0.082125798 0.013207794 -0.027249061 0.996161878
1403715605462142976.000000 -0.983747721 -1.634559989 -1.441441655 0.084138624 0.012207792 -0.025256645 0.996059120
1403715605512143104.000000 -0.985742629 -1.648382187 -1.430917144 0.086218171 0.010568985 -0.022727795 0.995960951
1403715605562142976.000000 -0.989767909 -1.661903620 -1.419662476 0.087812677 0.007447103 -0.020911802 0.995889723
1403715605612143104.000000 -0.996103585 -1.674317956 -1.407124877 0.089394681 0.005472723 -0.019163575 0.995796978
1403715605662142976.000000 -1.003108144 -1.685840011 -1.393969059 0.089890279 0.005448756 -0.020092612 0.995734096
1403715605712143104.000000 -1.010272026 -1.696573973 -1.380532384 -0.088838018 -0.006548682 0.024426250 -0.995725036
1403715605762142976.000000 -1.015816331 -1.705306888 -1.369649291 0.087470070 0.009466494 -0.029458372 0.995686591
1403715605812143104.000000 -1.020894527 -1.714667201 -1.355848551 0.086326793 0.010509187 -0.033448227 0.995649815
1403715605862142976.000000 -1.024979353 -1.723775506 -1.342131257 0.085725911 0.011793321 -0.036082987 0.995595396
1403715605912143104.000000 -1.027925849 -1.733096361 -1.328686953 0.085599735 0.013047886 -0.038117126 0.995514750
1403715605962142976.000000 -1.031101227 -1.743774652 -1.316110253 0.085438415 0.015179787 -0.039888132 0.995428920
1403715606012143104.000000 -1.035509109 -1.753187537 -1.302166700 0.085662261 0.016295670 -0.040935155 0.995349646
1403715606062142976.000000 -1.041774988 -1.762670517 -1.287489653 0.086140752 0.017247351 -0.041800290 0.995256245
1403715606112143104.000000 -1.049245834 -1.771828294 -1.272304535 -0.086714566 -0.018043272 0.043118078 -0.995136082
1403715606162142976.000000 -1.058203816 -1.784246922 -1.258697391 0.087793708 0.017990874 -0.042851545 0.995054007
1403715606212143104.000000 -1.067870498 -1.795022011 -1.243367195 0.088679992 0.017351924 -0.042481430 0.995002568
1403715606262142976.000000 -1.076722503 -1.806460261 -1.229236245 0.091087967 0.017105829 -0.038754009 0.994941473
1403715606312143104.000000 -1.083760858 -1.818395734 -1.216018438 -0.093563415 -0.016385701 0.035546117 -0.994843662
1403715606362142976.000000 -1.089645982 -1.829827785 -1.203724623 0.095655113 0.015597011 -0.032900412 0.994748414
1403715606412143104.000000 -1.091822386 -1.841177464 -1.192259073 0.097642213 0.014708235 -0.030369099 0.994649410
1403715606462142976.000000 -1.091258168 -1.851981282 -1.181710362 0.098972641 0.015624938 -0.029241435 0.994537711
1403715606512143104.000000 -1.088354468 -1.862562537 -1.172741890 -0.100651644 -0.017115584 0.027842542 -0.994384766
1403715606562142976.000000 -1.087248206 -1.872560978 -1.162976980 0.102911435 0.017238993 -0.025717612 0.994208634
1403715606612143104.000000 -1.085073113 -1.881906271 -1.154113412 0.105373360 0.017939251 -0.023449931 0.993994355
1403715606662142976.000000 -1.083904862 -1.890568972 -1.145256400 0.107840754 0.018388197 -0.021170087 0.993772686
1403715606712143104.000000 -1.084260464 -1.898170948 -1.135713816 0.110829845 0.018989298 -0.017321065 0.993507028
1403715606762142976.000000 -1.085096240 -1.904737711 -1.126195908 0.113476500 0.019516591 -0.013869015 0.993252218
1403715606812143104.000000 -1.086721420 -1.909711719 -1.116308451 0.115730360 0.022117971 -0.011460938 0.992968261
1403715606862142976.000000 -1.088818312 -1.913395524 -1.106228113 -0.116101384 -0.026835395 0.013295317 -0.992785811
1403715606912143104.000000 -1.093181372 -1.915538192 -1.095983982 0.115534164 0.032068614 -0.017065233 0.992639005
1403715606962142976.000000 -1.095885873 -1.916616797 -1.087060094 0.113751568 0.036783122 -0.023924887 0.992539763
1403715607012143104.000000 -1.100071549 -1.916860700 -1.078997016 0.111828215 0.036379084 -0.030526672 0.992592156
1403715607062142976.000000 -1.104168415 -1.916725636 -1.072097898 -0.109391205 -0.034712959 0.037485793 -0.992685020
1403715607112143104.000000 -1.111227632 -1.915871859 -1.065118790 0.108238511 0.032231897 -0.042112801 0.992709517
1403715607162142976.000000 -1.116454363 -1.915866613 -1.059803605 0.107615411 0.030263506 -0.045292947 0.992699206
1403715607212143104.000000 -1.121828198 -1.916308761 -1.054966807 0.107188821 0.027690152 -0.047623660 0.992711425
1403715607262142976.000000 -1.129301190 -1.916872382 -1.049385428 0.106817357 0.026194260 -0.048656043 0.992741942
1403715607312143104.000000 -1.134268045 -1.918132424 -1.046651840 0.106820226 0.024983924 -0.049167518 0.992747664
1403715607362142976.000000 -1.139006138 -1.919119000 -1.045012236 -0.107004531 -0.025704660 0.048659287 -0.992734432
1403715607412143104.000000 -1.143779635 -1.920576811 -1.044327855 0.106948934 0.026553866 -0.048526973 0.992724538
1403715607462142976.000000 -1.147335410 -1.922154069 -1.044548750 0.106326528 0.027402094 -0.049280331 0.992731214
1403715607512143104.000000 -1.151451945 -1.924286962 -1.045518756 0.105657659 0.026202045 -0.049510598 0.992823601
1403715607562142976.000000 -1.154777408 -1.926891923 -1.047587752 0.104902618 0.025777487 -0.050030451 0.992888689
1403715607612143104.000000 -1.158191919 -1.930272102 -1.049519539 0.104233965 0.025127387 -0.049560912 0.992999315
1403715607662142976.000000 -1.161104083 -1.934129477 -1.053300023 0.103183515 0.024096379 -0.049829915 0.993121147
1403715607712143104.000000 -1.165477037 -1.939295173 -1.053814054 0.102315933 0.024779672 -0.050085142 0.993181229
1403715607762142976.000000 -1.169827104 -1.944176435 -1.058370113 0.101750650 0.024011664 -0.049694538 0.993277848
1403715607812143104.000000 -1.176709771 -1.949472785 -1.061501145 0.101499408 0.023154994 -0.047979988 0.993408144
1403715607862142976.000000 -1.186122060 -1.955003500 -1.065338969 0.102051467 0.021683076 -0.044244017 0.993558168
1403715607912143104.000000 -1.197136641 -1.960890174 -1.066656590 0.102525361 0.020813312 -0.050907556 0.993208885
1403715607962142976.000000 -1.196661830 -1.962973595 -1.068376184 0.102201730 0.025639322 -0.054421838 0.992942989
1403715608012143104.000000 -1.195004940 -1.963423610 -1.066934943 0.102601305 0.021770487 -0.056073923 0.992902219
1403715608062142976.000000 -1.196002245 -1.962940812 -1.066377163 0.102788270 0.022382561 -0.056250297 0.992859304
1403715608112143104.000000 -1.198568106 -1.962137699 -1.065270782 0.103110574 0.019618187 -0.055389702 0.992932677
1403715608162142976.000000 -1.198684931 -1.962949991 -1.065406322 0.102928400 0.018337090 -0.054858416 0.993005633
1403715608212143104.000000 -1.199456573 -1.962528825 -1.066303015 -0.102921337 -0.020041607 0.055740055 -0.992924333
1403715608262142976.000000 -1.200587034 -1.961585283 -1.066604495 -0.103303090 -0.021662116 0.054523543 -0.992918134
1403715608312143104.000000 -1.201135159 -1.961968780 -1.066344142 -0.103097714 -0.019859497 0.054925710 -0.992955029
1403715608362142976.000000 -1.200855851 -1.962652445 -1.065234303 0.103280433 0.019397926 -0.054360110 0.992976308
1403715608412143104.000000 -1.201263547 -1.961987019 -1.065549135 0.103109039 0.020172400 -0.054834776 0.992952585
1403715608462142976.000000 -1.203115940 -1.960951567 -1.068812847 -0.103300668 -0.019770397 0.054137215 -0.992978990
1403715608512143104.000000 -1.203786135 -1.960751295 -1.069581509 -0.103112146 -0.020499060 0.054574754 -0.992959857
1403715608562142976.000000 -1.203170538 -1.961501360 -1.067875624 -0.103231519 -0.020143533 0.054197252 -0.992975473
1403715608612143104.000000 -1.203306079 -1.961139560 -1.068379998 -0.103189975 -0.019684607 0.054237064 -0.992986798
1403715608662142976.000000 -1.202331662 -1.962723732 -1.065784097 0.103142262 0.019735174 -0.054203585 0.992992580
1403715608712143104.000000 -1.202843428 -1.962504506 -1.066803575 0.103232965 0.019796440 -0.054057870 0.992989838
1403715608762142976.000000 -1.203330994 -1.962259889 -1.067227244 -0.103150815 -0.020272957 0.054073334 -0.992987931
1403715608812143104.000000 -1.203868866 -1.961961746 -1.067626715 -0.103265494 -0.020062998 0.053933185 -0.992987931
1403715608862142976.000000 -1.204200864 -1.961532950 -1.068077683 -0.103181697 -0.019720990 0.053985748 -0.993000567
1403715608912143104.000000 -1.203180909 -1.961754203 -1.067710996 0.103215218 0.019765154 -0.053876601 0.993002176
1403715608962142976.000000 -1.203546524 -1.961537361 -1.068612099 0.103195988 0.020107763 -0.053844750 0.992999077
1403715609012143104.000000 -1.203505993 -1.961355686 -1.069058776 -0.103216261 -0.020130083 0.053795669 -0.992999136
1403715609062142976.000000 -1.203404546 -1.960947990 -1.069579720 -0.103225976 -0.019884210 0.053692050 -0.993008673
1403715609112143104.000000 -1.203242064 -1.960540295 -1.070160031 -0.103197403 -0.019786682 0.053694308 -0.993013501
1403715609162142976.000000 -1.203161836 -1.960267544 -1.070833564 -0.103255086 -0.019727947 0.053597104 -0.993013918
1403715609212143104.000000 -1.203126192 -1.960036278 -1.071516275 -0.103243150 -0.019839881 0.053613961 -0.993012011
1403715609262142976.000000 -1.203118801 -1.959609985 -1.071857095 -0.103210144 -0.019859359 0.053571586 -0.993017316
1403715609312143104.000000 -1.203045726 -1.959260941 -1.071930647 -0.103230625 -0.019688725 0.053487342 -0.993023098
1403715609362142976.000000 -1.202995420 -1.959005475 -1.071898937 -0.103230134 -0.019542996 0.053476755 -0.993026674
