1403638538777829376.000000 0.000000792 -0.000000060 -0.000002080 0.000000050 -0.000000019 -0.000000040 1.000000000
1403638538827829504.000000 0.000289364 -0.000268245 0.001046185 0.000621233 0.000173071 0.000222223 0.999999762
1403638538877829376.000000 0.000919760 -0.000969521 0.001309165 0.001141854 0.001719207 0.000415321 0.999997795
1403638538927829504.000000 0.002478840 -0.000740909 0.001443974 0.001329820 0.005637256 0.000258898 0.999983251
1403638538977829376.000000 0.004749226 -0.001549531 0.003812833 0.001056485 0.010356613 -0.000191257 0.999945819
1403638539027829504.000000 0.004886279 -0.001139190 0.008862332 -0.000003218 0.014094445 0.000093746 0.999900699
1403638539077829376.000000 0.007942847 -0.000861606 0.009995344 -0.000775892 0.020232154 0.000351178 0.999794960
1403638539127829504.000000 0.011601444 -0.001641229 0.012928395 -0.000275946 0.025692580 0.001915072 0.999668002
1403638539177829376.000000 0.017521057 -0.002904596 0.017121749 -0.000678633 0.029293947 0.000937576 0.999570251
1403638539227829504.000000 0.025355691 -0.002777567 0.017415028 0.000262287 0.034031611 0.001823633 0.999419034
1403638539277829376.000000 0.036553483 -0.003565344 0.015458961 0.000740398 0.036094166 0.002060038 0.999346018
1403638539327829504.000000 0.047800604 -0.003986051 0.015504972 0.000968023 0.035853554 0.002055925 0.999354482
1403638539377829376.000000 0.061504975 -0.004327147 0.015093998 0.001098361 0.034253441 0.001188698 0.999411881
1403638539427829504.000000 0.076720722 -0.005263200 0.012938020 0.001355084 0.032921989 0.000598308 0.999456882
1403638539477829376.000000 0.092657723 -0.004754361 0.011890776 0.001881182 0.030721527 0.000333012 0.999526143
1403638539527829504.000000 0.110111542 -0.005911816 0.005811743 0.002623333 0.029924802 0.000349067 0.999548674
1403638539577829376.000000 0.127625555 -0.006498835 0.004667767 0.003091769 0.029473254 -0.000222322 0.999560773
1403638539627829504.000000 0.144211546 -0.006837263 0.003622955 0.003875995 0.028791388 -0.000317251 0.999577940
1403638539677829376.000000 0.159173712 -0.006565021 0.002487743 0.004744117 0.028249931 0.000098398 0.999589622
1403638539727829504.000000 0.171343282 -0.006883346 0.003358199 0.004960213 0.027515301 -0.000859314 0.999608696
1403638539777829376.000000 0.175999582 -0.007765647 0.001470038 0.005215161 0.026542837 -0.001449984 0.999633074
1403638539827829504.000000 0.184238002 -0.007308427 0.003630681 0.005714189 0.025021613 -0.001681758 0.999669194
1403638539877829376.000000 0.191629738 -0.008761010 0.006767373 0.006145045 0.021949990 -0.001903305 0.999738395
1403638539927829504.000000 0.198483005 -0.009766486 0.011916446 0.006962617 0.018173760 -0.001920584 0.999808788
1403638539977829376.000000 0.207895979 -0.009684095 0.009275159 0.007554109 0.013513533 -0.001508858 0.999879003
1403638540027829504.000000 0.209264502 -0.011595057 0.022819880 0.007533062 0.008591173 -0.001333673 0.999933839
1403638540077829376.000000 0.210502818 -0.011336148 0.036558632 0.007686650 0.003581331 -0.002118219 0.999961853
1403638540127829504.000000 0.219822958 -0.016851356 0.042962432 0.007325161 -0.001812184 -0.001579643 0.999970317
1403638540177829376.000000 0.226933524 -0.014712121 0.053481013 0.007721378 -0.003753814 -0.002341551 0.999960482
1403638540227829504.000000 0.241214812 -0.020222805 0.064080119 0.007669262 -0.001858337 -0.003351124 0.999963284
1403638540277829376.000000 0.255295932 -0.017846566 0.073255993 0.008121076 0.003732371 -0.003520956 0.999953866
1403638540327829504.000000 0.258368373 -0.028487623 0.095603302 0.007806241 0.010109374 -0.004260599 0.999909341
1403638540377829376.000000 0.256895989 -0.009950591 0.104693912 0.009949929 0.016236408 -0.004353727 0.999809206
1403638540427829504.000000 0.278218150 -0.015975278 0.115763478 0.011713262 0.018746903 -0.006047726 0.999737442
1403638540477829376.000000 0.257699937 0.000722148 0.134303436 0.016893581 0.022287425 -0.006302417 0.999589026
1403638540527829504.000000 0.316256016 -0.030001706 0.154796869 0.020417526 0.019600831 -0.010212848 0.999547243
1403638540577829376.000000 0.324386507 -0.037230607 0.176047698 0.027154414 0.020166196 -0.013217960 0.999340415
1403638540627829504.000000 0.319172055 -0.028720001 0.194363758 0.035889760 0.021636609 -0.016492780 0.998985410
1403638540677829376.000000 0.329934865 -0.028555868 0.210313767 0.044440266 0.022050301 -0.022570929 0.998513639
1403638540727829504.000000 0.338763475 -0.033873335 0.235375449 0.053591907 0.024273051 -0.030256359 0.997809291
1403638540777829376.000000 0.380479068 -0.055586372 0.252404600 0.063255385 0.022654012 -0.038785961 0.996986151
1403638540827829504.000000 0.399182767 -0.061797813 0.266665250 0.074582249 0.023230279 -0.048337515 0.995771766
1403638540877829376.000000 0.395448208 -0.041145340 0.287419856 0.088777617 0.024383249 -0.055032503 0.994231105
1403638540927829504.000000 0.409811854 -0.042805232 0.302956998 0.101755731 0.024917474 -0.063449092 0.992471218
1403638540977829376.000000 0.424107611 -0.051631518 0.317961246 0.114977174 0.024958640 -0.069114543 0.990646541
1403638541027829504.000000 0.441207111 -0.103446186 0.354745477 0.124069646 0.024523927 -0.075748667 0.989074051
1403638541077829376.000000 0.452074647 -0.117112093 0.374069571 0.134315476 0.025233380 -0.079622678 0.987412274
1403638541127829504.000000 0.471726239 -0.146113470 0.405892849 -0.142737567 -0.025883336 0.082696505 -0.985960186
1403638541177829376.000000 0.469705760 -0.146685123 0.425794214 0.149655014 0.026147565 -0.085074544 0.984724343
1403638541227829504.000000 0.480129629 -0.163394272 0.449263513 0.155028954 0.025528520 -0.087478630 0.983698010
1403638541277829376.000000 0.489866525 -0.180085465 0.471699744 -0.158606470 -0.025867267 0.089602329 -0.982927442
1403638541327829504.000000 0.502247274 -0.198617995 0.493850529 -0.161433488 -0.025312087 0.090260081 -0.982421339
1403638541377829376.000000 0.516001821 -0.218354449 0.515367031 -0.162967339 -0.025106847 0.091016844 -0.982103467
1403638541427829504.000000 0.530442476 -0.239006177 0.536280274 -0.164020643 -0.024396537 0.089978695 -0.982041717
1403638541477829376.000000 0.546166062 -0.260910302 0.556528568 -0.164100945 -0.024991885 0.090570159 -0.981958926
1403638541527829504.000000 0.548702598 -0.277934045 0.572398543 0.163661733 0.027038015 -0.090940148 0.981943905
1403638541577829376.000000 0.567699671 -0.302798182 0.591819704 0.164155111 0.028032087 -0.091066241 0.981821954
1403638541627829504.000000 0.587145209 -0.329495698 0.609915316 -0.165802628 -0.029199766 0.092129625 -0.981411755
1403638541677829376.000000 0.604580164 -0.353343904 0.622929931 0.169479713 0.030154467 -0.091049656 0.980855405
1403638541727829504.000000 0.627885938 -0.383368909 0.639601171 0.174090728 0.030735319 -0.091626331 0.979975760
1403638541777829376.000000 0.651915073 -0.414419681 0.654556990 -0.180641502 -0.030192489 0.090284154 -0.978931010
1403638541827829504.000000 0.673027217 -0.443429470 0.669553220 0.187858075 0.029948020 -0.090125062 0.977594018
1403638541877829376.000000 0.698482633 -0.476344734 0.683020771 0.195418134 0.029582473 -0.091046162 0.976036549
1403638541927829504.000000 0.720374882 -0.505425930 0.690494716 0.203784063 0.028064994 -0.093365766 0.974149525
1403638541977829376.000000 0.742877960 -0.539287329 0.704314947 0.212735534 0.027066341 -0.096640415 0.971942186
1403638542027829504.000000 0.763405323 -0.573178768 0.718210638 -0.222896621 -0.025873249 0.099287510 -0.969427526
1403638542077829376.000000 0.780367911 -0.601784647 0.724205554 0.233252078 0.024904817 -0.103255406 0.966597974
1403638542127829504.000000 0.798215210 -0.636624157 0.739261627 0.244203269 0.024313685 -0.107870504 0.963399053
1403638542177829376.000000 0.812594175 -0.672593236 0.762238085 0.256473154 0.024128359 -0.111299276 0.959818721
1403638542227829504.000000 0.827348888 -0.708042085 0.777865350 0.268669844 0.022623904 -0.116430491 0.955902100
1403638542277829376.000000 0.841078639 -0.743919730 0.794112921 0.280817807 0.021661131 -0.122645676 0.951646090
1403638542327829504.000000 0.851956248 -0.773813248 0.802656353 0.293121964 0.021690119 -0.128044799 0.947213650
1403638542377829376.000000 0.864767969 -0.810666263 0.819885015 0.303615063 0.025523217 -0.132916152 0.943132997
1403638542427829504.000000 0.875750601 -0.843061030 0.832225323 0.312652200 0.032280210 -0.138828516 0.939113021
1403638542477829376.000000 0.887192249 -0.879984498 0.849179864 0.319712877 0.041059598 -0.145324633 0.935402870
1403638542527829504.000000 0.897677898 -0.917069376 0.866156280 0.323855579 0.048760545 -0.153362423 0.932319701
1403638542577829376.000000 0.906597972 -0.953440964 0.883109689 0.326872468 0.056416936 -0.161491364 0.929457963
1403638542627829504.000000 0.916406751 -0.991875112 0.896849036 0.329964221 0.058330216 -0.166079372 0.927436709
1403638542677829376.000000 0.926885903 -1.031265259 0.908361077 0.332428098 0.058751117 -0.168793336 0.926039219
1403638542727829504.000000 0.937388897 -1.070352912 0.916928291 0.335582167 0.055021144 -0.167658895 0.925336599
1403638542777829376.000000 0.949264050 -1.111414194 0.923363805 0.339304686 0.049848005 -0.163544327 0.925008535
1403638542827829504.000000 0.962215006 -1.152884245 0.927272439 0.341643393 0.045568779 -0.160726666 0.924862325
1403638542877829376.000000 0.970761299 -1.184312463 0.916364431 0.343425035 0.039971925 -0.157634020 0.924993575
1403638542927829504.000000 0.985421777 -1.226722240 0.916986704 0.344851643 0.035515230 -0.155004993 0.925088882
1403638542977829376.000000 1.001166940 -1.268834949 0.915785909 0.345269471 0.031889405 -0.153336808 0.925343156
1403638543027829504.000000 1.016197920 -1.305335522 0.901106238 0.345634043 0.028798934 -0.151697680 0.925578535
1403638543077829376.000000 1.031437635 -1.347693920 0.898254991 0.345816493 0.026252765 -0.149878621 0.925882399
1403638543127829504.000000 1.045469522 -1.390566111 0.896154046 0.345559388 0.025287125 -0.148274168 0.926263511
1403638543177829376.000000 1.058041096 -1.430824518 0.892023563 0.344891489 0.024924710 -0.147871152 0.926586628
1403638543227829504.000000 1.069082499 -1.473410487 0.890338302 0.344287604 0.024512555 -0.147394985 0.926898062
1403638543277829376.000000 1.078857660 -1.516345739 0.889335394 0.344018787 0.025055612 -0.145828083 0.927231133
1403638543327829504.000000 1.081089497 -1.551377416 0.885039210 0.343633831 0.024306066 -0.144753993 0.927562058
1403638543377829376.000000 1.088608027 -1.594940662 0.885215342 0.343583673 0.023722850 -0.144765630 0.927593946
1403638543427829504.000000 1.095369101 -1.639050484 0.886072278 0.345343441 0.023343043 -0.145442724 0.926843822
1403638543477829376.000000 1.101044536 -1.683393955 0.887504756 0.347915560 0.023088841 -0.147287652 0.925596058
1403638543527829504.000000 1.101568460 -1.717996359 0.881435454 0.352533698 0.022589780 -0.149181917 0.923555434
1403638543577829376.000000 1.105539322 -1.763042927 0.882827222 0.358256906 0.022591136 -0.153564960 0.920629978
1403638543627829504.000000 1.108592749 -1.808361769 0.884274065 0.364961714 0.022598147 -0.159273401 0.917019308
1403638543677829376.000000 1.108190298 -1.846381783 0.879443705 0.373454601 0.023307286 -0.164262980 0.912691712
1403638543727829504.000000 1.111104727 -1.893771172 0.879753053 0.382917255 0.023549143 -0.170100719 0.907681465
1403638543777829376.000000 1.115273356 -1.941915751 0.879410267 0.393001199 0.024588030 -0.176231399 0.902157485
1403638543827829504.000000 1.118870854 -1.985220194 0.874836385 0.403157890 0.026761614 -0.183473095 0.896150172
1403638543877829376.000000 1.126633406 -2.035388231 0.872800887 0.414302915 0.027421530 -0.188084766 0.890070379
1403638543927829504.000000 1.136308670 -2.086791754 0.869885027 0.425469995 0.027552832 -0.192621529 0.883806050
1403638543977829376.000000 1.147033930 -2.137058735 0.865946174 0.435337454 0.027512608 -0.195403039 0.878374636
1403638544027829504.000000 1.158845901 -2.188743114 0.861433387 0.444922209 0.025324173 -0.196521133 0.873374164
1403638544077829376.000000 1.170861483 -2.240865231 0.856912613 0.453143805 0.022076529 -0.196853071 0.869150281
1403638544127829504.000000 1.183227539 -2.293650150 0.852936268 0.459073961 0.021116659 -0.198032126 0.865787804
1403638544177829376.000000 1.190270782 -2.323438168 0.836670280 0.465346575 0.019521434 -0.196060508 0.862920523
1403638544227829504.000000 1.199527144 -2.373891354 0.832077503 0.469382137 0.019622033 -0.195874512 0.860772133
1403638544277829376.000000 1.207082510 -2.423044682 0.828973174 0.472691298 0.018940818 -0.195141509 0.859141469
1403638544327829504.000000 1.213462234 -2.472813129 0.826533794 0.474515378 0.018731976 -0.196180955 0.857902884
1403638544377829376.000000 1.218801141 -2.522723436 0.825005293 0.475356400 0.017836202 -0.196496651 0.857384026
1403638544427829504.000000 1.223382711 -2.572893381 0.824211001 0.475906700 0.016471118 -0.196735084 0.857051194
1403638544477829376.000000 1.227744341 -2.623456001 0.824355125 0.475194097 0.016601136 -0.197984889 0.857156396
1403638544527829504.000000 1.231799841 -2.666911840 0.824608207 0.475462526 0.018123413 -0.196935803 0.857218266
1403638544577829376.000000 1.236483335 -2.717807531 0.824866056 0.476562709 0.020793742 -0.195682094 0.856833816
1403638544627829504.000000 1.242539883 -2.769240379 0.824652076 0.478733569 0.025686378 -0.193545967 0.855975747
1403638544677829376.000000 1.251121998 -2.820252180 0.822507977 0.480623990 0.029920356 -0.191734686 0.855186045
1403638544727829504.000000 1.260160685 -2.871120691 0.820643425 0.481761754 0.031578887 -0.191314980 0.854580045
1403638544777829376.000000 1.267814875 -2.914940119 0.820093751 0.482204080 0.030139707 -0.191621795 0.854313791
1403638544827829504.000000 1.276415944 -2.964781523 0.818465829 0.481896281 0.027875502 -0.193631724 0.854111075
1403638544877829376.000000 1.283628106 -3.014342308 0.817613959 0.481521815 0.023953669 -0.195111752 0.854104519
1403638544927829504.000000 1.289803028 -3.061332703 0.816799879 0.481580079 0.022434436 -0.195844665 0.853945076
1403638544977829376.000000 1.294945002 -3.110169172 0.816957235 0.481931418 0.021952199 -0.195744231 0.853782415
1403638545027829504.000000 1.297982931 -3.152307987 0.817054987 0.482722998 0.022632718 -0.195276543 0.853424489
1403638545077829376.000000 1.300762177 -3.201084614 0.818663478 0.483102679 0.023299063 -0.194789782 0.853302956
1403638545127829504.000000 1.302225828 -3.249618053 0.821027160 0.483456552 0.023772016 -0.194941744 0.853054762
1403638545177829376.000000 1.301977873 -3.296634436 0.824849963 0.483395070 0.023334648 -0.195852593 0.852893054
1403638545227829504.000000 1.297970295 -3.343605042 0.831373811 0.483499378 0.022941221 -0.196777984 0.852631569
1403638545277829376.000000 1.295504808 -3.391399622 0.835986376 0.483769357 0.023827977 -0.197288111 0.852336109
1403638545327829504.000000 1.292053223 -3.439098597 0.841176987 0.484179914 0.025922662 -0.196659118 0.852187276
1403638545377829376.000000 1.286917329 -3.481925011 0.845852733 0.484861910 0.028055463 -0.195264697 0.852052629
1403638545427829504.000000 1.280508757 -3.528860807 0.851391554 0.485362411 0.027210297 -0.194804296 0.851900339
1403638545477829376.000000 1.274039626 -3.575562954 0.856493473 0.486807436 0.026629543 -0.194890559 0.851074159
1403638545527829504.000000 1.268975735 -3.617675781 0.860644221 0.489694357 0.025908196 -0.196112454 0.849157393
1403638545577829376.000000 1.264600754 -3.663990736 0.863724232 0.493637353 0.024480991 -0.198197946 0.846428037
1403638545627829504.000000 1.261453748 -3.710419178 0.865914822 0.499790281 0.023169197 -0.199644431 0.842505217
1403638545677829376.000000 1.255949140 -3.757488251 0.870891809 0.506687343 0.022857124 -0.202542916 0.837688386
1403638545727829504.000000 1.256575584 -3.803492546 0.871708870 0.513781250 0.021003298 -0.206591159 0.832410872
1403638545777829376.000000 1.258976221 -3.849483490 0.871932983 0.522125423 0.021072639 -0.211313337 0.826007068
1403638545827829504.000000 1.261688828 -3.894854546 0.872447729 0.531561673 0.021589575 -0.216050878 0.818717420
1403638545877829376.000000 1.267258644 -3.940611601 0.870919943 0.541051328 0.020452853 -0.221238762 0.811109543
1403638545927829504.000000 1.274612665 -3.986546516 0.868758678 0.550679862 0.021004785 -0.227782160 0.802761436
1403638545977829376.000000 1.282245040 -4.031681538 0.866698503 0.560272157 0.020548493 -0.233767986 0.794371128
1403638546027829504.000000 1.292585850 -4.076663971 0.863709688 0.568130136 0.021680485 -0.239944905 0.786882818
1403638546077829376.000000 1.302643657 -4.121760845 0.860815525 0.575197637 0.022789130 -0.245517761 0.779967606
1403638546127829504.000000 1.305135369 -4.162376404 0.859862566 0.581579149 0.023678288 -0.249259099 0.773999333
1403638546177829376.000000 1.312079668 -4.208684921 0.857813358 0.587772548 0.023299791 -0.251022875 0.768744528
1403638546227829504.000000 1.317252755 -4.255362034 0.856394053 0.592086077 0.022439040 -0.253013611 0.764797211
1403638546277829376.000000 1.317203045 -4.298011780 0.855074406 0.595693409 0.022037651 -0.254386574 0.761545241
1403638546327829504.000000 1.319350839 -4.345343113 0.854323387 0.599361897 0.020092085 -0.253611684 0.758974850
1403638546377829376.000000 1.320179820 -4.393142223 0.854038239 0.601825893 0.018650111 -0.252871722 0.757306814
1403638546427829504.000000 1.316556573 -4.439105034 0.854417801 0.603715360 0.016585529 -0.252065659 0.756118834
1403638546477829376.000000 1.315229774 -4.487933159 0.855066776 0.604631186 0.016334977 -0.252549887 0.755230308
1403638546527829504.000000 1.313372731 -4.537257671 0.855853558 0.605604053 0.015902564 -0.253022790 0.754301310
1403638546577829376.000000 1.309986234 -4.584768295 0.855479479 0.607023060 0.016411781 -0.254631907 0.752606332
1403638546627829504.000000 1.310488701 -4.635065556 0.854393244 0.609758198 0.016595539 -0.255981266 0.749928772
1403638546677829376.000000 1.312488317 -4.685884476 0.852468014 0.612850904 0.017072795 -0.257476509 0.746878982
1403638546727829504.000000 1.309965014 -4.720114708 0.847978592 0.615777194 0.017533412 -0.258376718 0.744145513
1403638546777829376.000000 1.317226171 -4.773017406 0.843338013 0.617721856 0.018336374 -0.260460615 0.741784215
1403638546827829504.000000 1.326081038 -4.826291084 0.837707996 0.619294405 0.019124124 -0.262688398 0.739664555
1403638546877829376.000000 1.335892200 -4.879395485 0.831483841 0.620636344 0.019622467 -0.264114976 0.738016844
1403638546927829504.000000 1.340188980 -4.920048714 0.823862553 0.621416748 0.020382671 -0.265928984 0.736686885
1403638546977829376.000000 1.348089337 -4.974102974 0.817774296 0.621685803 0.021982649 -0.268350065 0.735535145
1403638547027829504.000000 1.354119658 -5.028476715 0.811980724 0.622080028 0.022930417 -0.269911766 0.734600842
1403638547077829376.000000 1.357411265 -5.081621170 0.806467056 0.621781528 0.024591189 -0.272013873 0.734024167
1403638547127829504.000000 1.354490280 -5.126900196 0.800406933 0.621109843 0.026408795 -0.274853498 0.733471692
1403638547177829376.000000 1.355207086 -5.182227135 0.794619083 0.620916307 0.026992362 -0.276266098 0.733083546
1403638547227829504.000000 1.354676604 -5.237952232 0.788491249 0.620531201 0.027827535 -0.277697355 0.732837558
1403638547277829376.000000 1.349637508 -5.276910782 0.778053761 0.620054781 0.028857870 -0.278318137 0.732965469
1403638547327829504.000000 1.346449852 -5.332901001 0.770789623 0.619681537 0.029058436 -0.278855085 0.733069122
1403638547377829376.000000 1.341758728 -5.389177799 0.762725353 0.621246755 0.026085885 -0.275080234 0.733282328
1403638547427829504.000000 1.335775614 -5.445889473 0.754422188 0.621727407 0.023186753 -0.273286819 0.733642817
1403638547477829376.000000 1.323048830 -5.491665363 0.742561817 0.622808456 0.021028757 -0.269703656 0.734116733
1403638547527829504.000000 1.314339399 -5.548164845 0.733738422 0.623211801 0.018036347 -0.267550588 0.734641731
1403638547577829376.000000 1.304506779 -5.605147362 0.725115299 0.623388290 0.015842762 -0.265603334 0.735248923
1403638547627829504.000000 1.293174028 -5.662526608 0.716873169 0.623396635 0.014810192 -0.264504403 0.735659480
1403638547677829376.000000 1.287947893 -5.705555916 0.704037666 0.622871399 0.014616497 -0.264075547 0.736262023
1403638547727829504.000000 1.274062872 -5.762329102 0.696169853 0.622125149 0.015415150 -0.264933765 0.736568272
1403638547777829376.000000 1.259054184 -5.819437504 0.688414097 0.621514976 0.016539980 -0.265621960 0.736811161
1403638547827829504.000000 1.246113539 -5.871389389 0.678301811 0.619786620 0.019870721 -0.268931836 0.736984015
1403638547877829376.000000 1.229074955 -5.928882122 0.669750214 0.619631350 0.021962196 -0.269029945 0.737019479
1403638547927829504.000000 1.211645365 -5.986643791 0.660464764 0.619455397 0.020480359 -0.269147694 0.737167001
1403638547977829376.000000 1.198042870 -6.044788361 0.648479939 0.619866550 0.021689279 -0.269284904 0.736736596
1403638548027829504.000000 1.182751656 -6.103213310 0.636426926 0.620992720 0.019498594 -0.269349188 0.735825360
1403638548077829376.000000 1.169124842 -6.162882805 0.622774601 0.622984469 0.018403208 -0.269881546 0.733972549
1403638548127829504.000000 1.156962633 -6.222916126 0.607784271 0.625617445 0.018153807 -0.270713747 0.731428266
1403638548177829376.000000 1.158599377 -6.277205944 0.590183258 0.629188180 0.016516775 -0.272020251 0.727911055
1403638548227829504.000000 1.149829626 -6.338568687 0.571873188 0.633748412 0.016367735 -0.273017973 0.723571897
1403638548277829376.000000 1.141939640 -6.399581909 0.552493572 0.638661742 0.014620352 -0.275359809 0.718383253
1403638548327829504.000000 1.141933680 -6.457210541 0.531819344 0.644744456 0.014655791 -0.277022332 0.712283969
1403638548377829376.000000 1.138439894 -6.518813133 0.509600163 0.650491536 0.013646011 -0.280615151 0.705641389
1403638548427829504.000000 1.136448860 -6.580621243 0.486258030 0.656551778 0.013232240 -0.283262819 0.698946953
1403638548477829376.000000 1.136240005 -6.643236637 0.461922646 0.662283897 0.012863294 -0.284864843 0.692868471
1403638548527829504.000000 1.140094042 -6.699004173 0.440324783 0.667095840 0.012278318 -0.285874814 0.687828541
1403638548577829376.000000 1.136966705 -6.761902809 0.417147636 0.671336412 0.012780922 -0.287416816 0.683034241
1403638548627829504.000000 1.132579327 -6.825150490 0.394554615 0.674778759 0.012950563 -0.288707495 0.679083109
1403638548677829376.000000 1.128967524 -6.886182308 0.373752594 0.677889407 0.012343700 -0.289240509 0.675761402
1403638548727829504.000000 1.127047062 -6.947409630 0.351748466 0.680086613 0.012379353 -0.290450186 0.673028708
1403638548777829376.000000 1.121780157 -7.010321140 0.330094337 0.682079375 0.012287782 -0.290906876 0.670812964
1403638548827829504.000000 1.117819071 -7.073621750 0.307751179 0.683522284 0.011891414 -0.291740209 0.668986976
1403638548877829376.000000 1.115916252 -7.137672901 0.284307003 0.684416831 0.011912021 -0.292401135 0.667782485
1403638548927829504.000000 1.118856192 -7.200394630 0.259594440 0.685694754 0.011484742 -0.291810989 0.666736245
1403638548977829376.000000 1.119748831 -7.265089512 0.234214783 0.685905218 0.011339181 -0.292457759 0.666238725
1403638549027829504.000000 1.121832609 -7.329439163 0.208214283 0.685788155 0.011368604 -0.293842912 0.665749073
1403638549077829376.000000 1.127172947 -7.390912056 0.182648182 0.686548531 0.010888159 -0.292500436 0.665564477
1403638549127829504.000000 1.131767988 -7.453634262 0.155736446 0.686934114 0.010317552 -0.291403830 0.665656805
1403638549177829376.000000 1.138315439 -7.516828537 0.127783298 0.687039316 0.011140362 -0.291033536 0.665696979
1403638549227829504.000000 1.145489216 -7.580861092 0.099444389 0.687033713 0.010494317 -0.290741622 0.665840745
1403638549277829376.000000 1.155640125 -7.647825718 0.069455624 0.687057972 0.010038429 -0.289974093 0.666157424
1403638549327829504.000000 1.165522814 -7.713213921 0.039818287 0.687362373 0.009043253 -0.288490534 0.666501701
1403638549377829376.000000 1.175686121 -7.778452396 0.010082245 0.687706232 0.008233840 -0.286841571 0.666868985
1403638549427829504.000000 1.185167313 -7.843963146 -0.017901897 0.688106120 0.007679538 -0.285067171 0.667223871
1403638549477829376.000000 1.193577051 -7.909581184 -0.047013760 0.688103735 0.006547203 -0.284125060 0.667640150
1403638549527829504.000000 1.200694561 -7.975335598 -0.075325966 0.688029766 0.006451417 -0.283507496 0.667979836
1403638549577829376.000000 1.205676794 -8.038982391 -0.099570274 0.688628376 0.007456584 -0.281641483 0.668141782
1403638549627829504.000000 1.210776567 -8.104999542 -0.126872063 0.688884437 0.008615945 -0.280446500 0.668366551
1403638549677829376.000000 1.215354443 -8.170981407 -0.153289795 0.688895047 0.009012427 -0.279546142 0.668727458
1403638549727829504.000000 1.222164631 -8.237035751 -0.177693367 0.688052177 0.010642442 -0.281011343 0.668957055
1403638549777829376.000000 1.227513552 -8.303478241 -0.203521729 0.687957048 0.009388329 -0.280940324 0.669103503
1403638549827829504.000000 1.234622478 -8.370968819 -0.230010986 0.687881649 0.008100068 -0.280813575 0.669251084
1403638549877829376.000000 1.244698286 -8.437110901 -0.256348610 0.687191725 0.007339529 -0.281792700 0.669557095
1403638549927829504.000000 1.256483316 -8.506234169 -0.284066200 0.686718762 0.007349397 -0.282648146 0.669681549
1403638549977829376.000000 1.269834757 -8.576523781 -0.312408447 0.686912298 0.005940207 -0.282185346 0.669692218
1403638550027829504.000000 1.273587227 -8.638204575 -0.332702637 0.687182009 0.006206806 -0.281435192 0.669728875
1403638550077829376.000000 1.291821718 -8.709845543 -0.362367630 0.687231898 0.005713998 -0.281452745 0.669674575
1403638550127829504.000000 1.311865807 -8.781658173 -0.392510414 0.687649310 0.004044987 -0.280688465 0.669579089
1403638550177829376.000000 1.326081038 -8.848218918 -0.418132782 0.687734306 0.004333492 -0.281065285 0.669331849
1403638550227829504.000000 1.349800110 -8.919796944 -0.448886871 0.687831879 0.003732017 -0.281536371 0.669037163
1403638550277829376.000000 1.375700951 -8.991905212 -0.480139732 0.687628150 0.004332337 -0.282282948 0.668928444
1403638550327829504.000000 1.394363880 -9.056399345 -0.506680489 0.687712491 0.004979488 -0.282491773 0.668748975
1403638550377829376.000000 1.420430899 -9.128689766 -0.537378311 0.687905550 0.005631042 -0.282552689 0.668519437
1403638550427829504.000000 1.444675922 -9.201098442 -0.567034721 0.688846409 0.004680362 -0.280911773 0.668249428
1403638550477829376.000000 1.460134745 -9.268981934 -0.590623856 0.689218462 0.003858836 -0.279955536 0.668272376
1403638550527829504.000000 1.480828047 -9.341530800 -0.617889404 0.689977527 0.001836324 -0.278473854 0.668116748
1403638550577829376.000000 1.500810862 -9.414575577 -0.644065857 0.690912724 0.001709630 -0.276298016 0.668054044
1403638550627829504.000000 1.512576342 -9.480572701 -0.664258957 0.692113161 0.002658873 -0.273368597 0.668013513
1403638550677829376.000000 1.530361176 -9.552294731 -0.687362671 0.693222404 0.004234743 -0.270646065 0.667963684
1403638550727829504.000000 1.547367096 -9.623879433 -0.709293365 0.694045603 0.004178309 -0.268681735 0.667902231
1403638550777829376.000000 1.563775063 -9.695134163 -0.729794502 0.694421887 0.005245843 -0.267384201 0.668024302
1403638550827829504.000000 1.572896242 -9.761348724 -0.745439529 0.695478201 0.008165795 -0.264273643 0.668133914
1403638550877829376.000000 1.588323355 -9.830469131 -0.763423920 0.697114885 0.011380537 -0.260203034 0.667978883
1403638550927829504.000000 1.603288174 -9.898924828 -0.780065536 0.698152244 0.015646566 -0.256606489 0.668200493
1403638550977829376.000000 1.613791466 -9.965838432 -0.793324471 0.699622333 0.018516961 -0.252966732 0.667977273
1403638551027829504.000000 1.625718832 -10.032043457 -0.807623863 0.700441897 0.020468917 -0.250372857 0.668038607
1403638551077829376.000000 1.637813091 -10.096317291 -0.819837570 0.701122522 0.022384778 -0.248484015 0.667968512
1403638551127829504.000000 1.650719881 -10.158435822 -0.831100464 0.701821983 0.021553958 -0.246680081 0.667929947
1403638551177829376.000000 1.665118694 -10.218602180 -0.841743469 0.703225434 0.020482030 -0.243922725 0.667500019
1403638551227829504.000000 1.681737423 -10.277273178 -0.853193283 0.703671932 0.019423017 -0.243058279 0.667376399
1403638551277829376.000000 1.699291945 -10.333117485 -0.861859322 0.703087568 0.017917240 -0.242777228 0.668136299
1403638551327829504.000000 1.718280554 -10.386844635 -0.869245529 0.700939775 0.015211978 -0.244114399 0.669970274
1403638551377829376.000000 1.737504005 -10.436878204 -0.874233246 0.697742343 0.012072711 -0.243328571 0.673647702
1403638551427829504.000000 1.758527040 -10.491077423 -0.880403519 0.692953050 0.009185437 -0.242261559 0.679000080
1403638551477829376.000000 1.777047157 -10.539466858 -0.881053925 0.687118113 0.006408546 -0.240171298 0.685671449
1403638551527829504.000000 1.795105696 -10.587104797 -0.879645348 0.680704772 0.003286933 -0.236144200 0.693445206
1403638551577829376.000000 1.812611818 -10.633641243 -0.875922203 0.673978806 0.001752223 -0.230565116 0.701847076
1403638551627829504.000000 1.830333233 -10.686195374 -0.873402596 0.666644931 -0.002558144 -0.225239769 0.710524559
1403638551677829376.000000 1.847054720 -10.732047081 -0.865232468 0.659086406 -0.004911261 -0.219793677 0.719216049
1403638551727829504.000000 1.863984346 -10.777109146 -0.854627609 0.650998294 -0.005323815 -0.214635000 0.728082955
1403638551777829376.000000 1.883697033 -10.825051308 -0.843423843 0.642365336 -0.005675701 -0.209893256 0.737074971
1403638551827829504.000000 1.900053740 -10.869760513 -0.828187943 0.634148359 -0.005323014 -0.205397159 0.745412409
1403638551877829376.000000 1.917080402 -10.913160324 -0.811050415 0.626487672 -0.003075921 -0.202696681 0.752607286
1403638551927829504.000000 1.935870886 -10.955462456 -0.792400837 0.619137406 0.001451308 -0.202866659 0.758625090
1403638551977829376.000000 1.958579540 -10.996682167 -0.773163319 0.613232315 0.006463248 -0.202550814 0.763464212
1403638552027829504.000000 1.982093811 -11.036234856 -0.753203869 0.607512414 0.011551460 -0.203150570 0.767805398
1403638552077829376.000000 2.007207155 -11.074033737 -0.732921124 0.603145182 0.014811784 -0.203302220 0.771145105
1403638552127829504.000000 2.033163548 -11.111684799 -0.711843491 0.599359035 0.014938191 -0.204154268 0.773864806
1403638552177829376.000000 2.066561937 -11.149349213 -0.690290451 0.596757650 0.012755433 -0.204150334 0.775912583
1403638552227829504.000000 2.095956326 -11.184164047 -0.668531418 0.594471633 0.011179951 -0.205243796 0.777401745
1403638552277829376.000000 2.126265049 -11.217947006 -0.646001816 0.592813313 0.009492458 -0.205859184 0.778526962
1403638552327829504.000000 2.156647205 -11.251021385 -0.622510910 0.592139244 0.008961455 -0.205535352 0.779131651
1403638552377829376.000000 2.187414646 -11.285569191 -0.596125603 0.592890084 0.008357848 -0.202586144 0.779339731
1403638552427829504.000000 2.223221540 -11.317465782 -0.571484566 0.594239175 0.011300026 -0.198161736 0.779412687
1403638552477829376.000000 2.251884222 -11.348358154 -0.543249607 0.596025050 0.013855221 -0.193700805 0.779129088
1403638552527829504.000000 2.279731512 -11.377769470 -0.513457775 0.597423017 0.016385436 -0.190151513 0.778883696
1403638552577829376.000000 2.306720734 -11.405563354 -0.482275486 0.598816693 0.019041395 -0.187479213 0.778400719
1403638552627829504.000000 2.334305286 -11.430966377 -0.449819565 0.599528372 0.020929100 -0.186871126 0.777950406
1403638552677829376.000000 2.364305019 -11.456900597 -0.415328026 0.599825263 0.021399390 -0.188181534 0.777392745
1403638552727829504.000000 2.388590097 -11.478448868 -0.379205704 0.600279391 0.020899972 -0.188603088 0.776953578
1403638552777829376.000000 2.412232637 -11.497879982 -0.341524124 0.600411952 0.021292280 -0.190418199 0.776397526
1403638552827829504.000000 2.435250044 -11.515568733 -0.302429199 0.600807369 0.021540087 -0.191845134 0.775733232
1403638552877829376.000000 2.459546089 -11.527443886 -0.263022423 0.600680649 0.022101739 -0.194897920 0.775054276
1403638552927829504.000000 2.485849142 -11.549159050 -0.219987869 0.600494266 0.022249632 -0.198860034 0.774187565
1403638552977829376.000000 2.507248163 -11.560632706 -0.177317619 0.600210547 0.024414476 -0.202269047 0.773458838
1403638553027829504.000000 2.527516365 -11.570573807 -0.133665085 0.599786937 0.025010239 -0.206356242 0.772688389
1403638553077829376.000000 2.547244549 -11.579564095 -0.089623451 0.600117505 0.026687028 -0.208619446 0.771767318
1403638553127829504.000000 2.566811800 -11.588302612 -0.044847488 0.601481378 0.027853634 -0.207959533 0.770841897
1403638553177829376.000000 2.587194920 -11.595945358 0.000733376 0.603885770 0.030339874 -0.204405814 0.769818068
1403638553227829504.000000 2.606180906 -11.601072311 0.045875549 0.606432438 0.033652589 -0.200072274 0.768816233
1403638553277829376.000000 2.626196146 -11.604154587 0.090915680 0.608338773 0.037448630 -0.197271332 0.767857850
1403638553327829504.000000 2.647651672 -11.605455399 0.135729790 0.609803259 0.041275494 -0.195737228 0.766891956
1403638553377829376.000000 2.680975437 -11.626156807 0.185612679 0.610151052 0.044012375 -0.196736351 0.766207278
1403638553427829504.000000 2.705254316 -11.621410370 0.229887962 0.609647691 0.049073473 -0.198868930 0.765749693
1403638553477829376.000000 2.730486155 -11.614089012 0.273394585 0.609362066 0.052822083 -0.201110125 0.765142083
1403638553527829504.000000 2.757175207 -11.603974342 0.315770149 0.609012008 0.056160551 -0.203002915 0.764683127
1403638553577829376.000000 2.788321495 -11.599058151 0.356817245 0.608531773 0.059633400 -0.204873681 0.764303446
1403638553627829504.000000 2.815165043 -11.581123352 0.396752357 0.608017921 0.060985472 -0.206501111 0.764167786
1403638553677829376.000000 2.843460560 -11.560371399 0.434958458 0.607886493 0.061201561 -0.207763925 0.763912737
1403638553727829504.000000 2.873352289 -11.536244392 0.471323013 0.607672989 0.061443239 -0.208770424 0.763788760
1403638553777829376.000000 2.904335976 -11.508063316 0.506829262 0.607230723 0.060293220 -0.210400581 0.763784766
1403638553827829504.000000 2.944199085 -11.492961884 0.537397385 0.606631041 0.058211200 -0.212159589 0.763936281
1403638553877829376.000000 2.977148056 -11.461572647 0.569447517 0.606058180 0.056990471 -0.213279903 0.764171004
1403638553927829504.000000 3.009774685 -11.428084373 0.600584030 0.605488122 0.056052577 -0.214339480 0.764395773
1403638553977829376.000000 3.040828228 -11.392973900 0.631358147 0.605538011 0.052427914 -0.214128375 0.764672577
1403638554027829504.000000 3.072897196 -11.358131409 0.662841797 0.605327249 0.048323654 -0.214494884 0.765006959
1403638554077829376.000000 3.101309061 -11.320333481 0.693538666 0.604539216 0.047044016 -0.216188580 0.765233099
1403638554127829504.000000 3.129153013 -11.281195641 0.724164963 0.604238033 0.045925085 -0.217053190 0.765294194
1403638554177829376.000000 3.154650688 -11.240900040 0.755238533 0.602324367 0.043074843 -0.221865639 0.765588403
1403638554227829504.000000 3.178331137 -11.199965477 0.786454201 0.600376070 0.038421843 -0.227032900 0.765851438
1403638554277829376.000000 3.200869799 -11.158465385 0.817724228 0.598591745 0.034047481 -0.231479108 0.766124129
1403638554327829504.000000 3.232004166 -11.156043053 0.861667633 0.597262621 0.030389976 -0.236928016 0.765649378
1403638554377829376.000000 3.253307819 -11.115125656 0.893094063 0.596156418 0.028146943 -0.239848152 0.765688062
1403638554427829504.000000 3.273222446 -11.074153900 0.924060822 0.595681489 0.026660269 -0.241368607 0.765633106
1403638554477829376.000000 3.292239189 -11.033998489 0.955263138 0.595030665 0.025837790 -0.243125975 0.765611410
1403638554527829504.000000 3.310429335 -10.999385834 0.986129761 0.594941616 0.024995921 -0.243632331 0.765547574
1403638554577829376.000000 3.327681780 -10.961218834 1.016657829 0.595644474 0.023596436 -0.242602751 0.765372396
1403638554627829504.000000 3.350305080 -10.932888031 1.051539421 0.596318185 0.020907763 -0.241268471 0.765347719
1403638554677829376.000000 3.369084835 -10.895468712 1.080427170 0.598248720 0.018499240 -0.236718759 0.765323818
1403638554727829504.000000 3.389012098 -10.857553482 1.108702660 0.598851681 0.018742090 -0.235137135 0.765333951
1403638554777829376.000000 3.409547806 -10.819774628 1.136351585 0.600529671 0.016784256 -0.231350690 0.765218437
1403638554827829504.000000 3.430401325 -10.783916473 1.165973663 0.601139188 0.016546551 -0.230481833 0.765007317
1403638554877829376.000000 3.453098297 -10.747871399 1.194013596 0.602021515 0.016147630 -0.227973819 0.765073478
1403638554927829504.000000 3.483389854 -10.720030785 1.223441124 0.602523565 0.015916569 -0.226655707 0.765074730
1403638554977829376.000000 3.505858421 -10.684313774 1.252359390 0.602481961 0.015763568 -0.224078193 0.765869439
1403638555027829504.000000 3.527133942 -10.648227692 1.282374382 0.600609601 0.016329095 -0.222818658 0.767693579
1403638555077829376.000000 3.546956301 -10.611896515 1.313662529 0.597367406 0.016378332 -0.222452134 0.770323992
1403638555127829504.000000 3.568590641 -10.579483986 1.347102165 0.593014836 0.016501687 -0.222362161 0.773702860
1403638555177829376.000000 3.586527109 -10.543392181 1.380596161 0.588471830 0.015542363 -0.220898494 0.777601004
1403638555227829504.000000 3.603393316 -10.507315636 1.415038109 0.583767593 0.015410288 -0.218919352 0.781698406
1403638555277829376.000000 3.619221449 -10.471002579 1.449982166 0.579352319 0.015197889 -0.217624933 0.785340309
1403638555327829504.000000 3.636424065 -10.438780785 1.484945297 0.575258434 0.015208482 -0.216367349 0.788689852
1403638555377829376.000000 3.652018785 -10.403166771 1.521289349 0.571071088 0.017570086 -0.217331022 0.791414201
1403638555427829504.000000 3.666816235 -10.367872238 1.558303356 0.567468345 0.018665388 -0.218033642 0.793783724
1403638555477829376.000000 3.680780888 -10.332653999 1.595783234 0.564790905 0.019922331 -0.217873961 0.795704305
1403638555527829504.000000 3.692190886 -10.298948288 1.632242203 0.563170016 0.019534089 -0.216738552 0.797171474
1403638555577829376.000000 3.706224918 -10.263853073 1.669923306 0.561513841 0.020949941 -0.217034787 0.798222542
1403638555627829504.000000 3.721074581 -10.228901863 1.707057953 0.560548902 0.020261062 -0.216754332 0.798994362
1403638555677829376.000000 3.738710403 -10.193625450 1.743134975 0.560132027 0.019472642 -0.216114879 0.799479425
1403638555727829504.000000 3.752548933 -10.160443306 1.774941921 0.559777737 0.018078804 -0.215071619 0.800041437
1403638555777829376.000000 3.774845362 -10.124443054 1.809035778 0.559202373 0.017355913 -0.216445610 0.800089300
1403638555827829504.000000 3.799634457 -10.088324547 1.841846466 0.559256196 0.017273633 -0.217031345 0.799894691
1403638555877829376.000000 3.824820995 -10.051972389 1.874261379 0.559264719 0.016752267 -0.217785180 0.799694955
1403638555927829504.000000 3.844524384 -10.019480705 1.903172970 0.558775544 0.017553797 -0.218769178 0.799751103
1403638555977829376.000000 3.872424364 -9.985517502 1.935369015 0.558998227 0.018561790 -0.219507635 0.799370348
1403638556027829504.000000 3.901488304 -9.952202797 1.967069626 0.558877766 0.018940387 -0.220424935 0.799193263
1403638556077829376.000000 3.930177212 -9.919210434 1.998889446 0.558565438 0.018085212 -0.221593648 0.799108207
1403638556127829504.000000 3.953544378 -9.887706757 2.029071808 0.558265805 0.015569030 -0.222114712 0.799225926
1403638556177829376.000000 3.978638172 -9.855116844 2.062324524 0.557854831 0.010829689 -0.222838730 0.799389541
1403638556227829504.000000 4.002273560 -9.823065758 2.096330166 0.557115197 0.007775842 -0.224767968 0.799400806
1403638556277829376.000000 4.024802208 -9.791776657 2.130712986 0.557175219 0.005103500 -0.224859819 0.799354672
1403638556327829504.000000 4.018945217 -9.768466949 2.155648708 0.556674182 0.004468190 -0.225884020 0.799418807
1403638556377829376.000000 4.040203094 -9.738737106 2.190798759 0.556620359 0.002735470 -0.226178572 0.799380720
1403638556427829504.000000 4.061389446 -9.710327148 2.226440907 0.556234837 0.001047071 -0.227202818 0.799362719
1403638556477829376.000000 4.082327366 -9.683365822 2.262494564 0.555264115 -0.002390401 -0.228860632 0.799561679
1403638556527829504.000000 4.100957870 -9.661733627 2.299118042 0.554493189 -0.004566943 -0.230022311 0.799753904
1403638556577829376.000000 4.122780800 -9.637603760 2.335704803 0.554619491 -0.007047380 -0.228951454 0.799955547
1403638556627829504.000000 4.144894600 -9.614738464 2.372586250 0.556004286 -0.009985054 -0.224830106 0.800131857
1403638556677829376.000000 4.168146610 -9.593278885 2.409871578 0.557529390 -0.011692114 -0.219991118 0.800392568
1403638556727829504.000000 4.192214012 -9.576025963 2.449269295 0.559041202 -0.009165612 -0.215565994 0.800575018
1403638556777829376.000000 4.220279694 -9.555072784 2.486492157 0.560549855 -0.006331106 -0.212051645 0.800486147
1403638556827829504.000000 4.250244617 -9.534731865 2.524236202 0.561986864 -0.004616677 -0.208195925 0.800502300
1403638556877829376.000000 4.282371998 -9.515408516 2.562500954 0.563150644 -0.004113347 -0.205123574 0.800480366
1403638556927829504.000000 4.312656403 -9.498441696 2.604410172 0.564349294 -0.002419043 -0.202458471 0.800321639
1403638556977829376.000000 4.346561432 -9.479862213 2.644578457 0.564989924 -0.001572455 -0.200730175 0.800307035
1403638557027829504.000000 4.379657269 -9.461556435 2.686416626 0.565020144 -0.000420555 -0.201183930 0.800173223
1403638557077829376.000000 4.411618233 -9.443372726 2.730041027 0.564663589 0.000873911 -0.202552944 0.800079167
1403638557127829504.000000 4.439669132 -9.426871300 2.777356625 0.564285874 0.002741390 -0.204180181 0.799927831
1403638557177829376.000000 4.469209194 -9.409642220 2.824094296 0.564297080 0.003646599 -0.204573646 0.799815714
1403638557227829504.000000 4.497512817 -9.392549515 2.872344017 0.563963771 0.004921219 -0.205565855 0.799789548
1403638557277829376.000000 4.524056435 -9.376285553 2.922894478 0.564121366 0.005492919 -0.205936179 0.799579442
1403638557327829504.000000 4.546938896 -9.355703354 2.975734234 0.563672483 0.006373548 -0.206804186 0.799665451
1403638557377829376.000000 4.573545456 -9.339274406 3.027419567 0.563260138 0.007535867 -0.208683103 0.799457729
1403638557427829504.000000 4.601277351 -9.322925568 3.079298496 0.562517345 0.009782217 -0.211021885 0.799342453
1403638557477829376.000000 4.630247593 -9.307104111 3.131371975 0.561239243 0.012937320 -0.215090096 0.799111664
1403638557527829504.000000 4.659590721 -9.287506104 3.182003021 0.560366988 0.015226535 -0.217329770 0.799077451
1403638557577829376.000000 4.691392899 -9.271173477 3.232667446 0.559562564 0.017775886 -0.219641373 0.798956454
1403638557627829504.000000 4.723777771 -9.255792618 3.282993317 0.559082389 0.019236293 -0.220995381 0.798885465
1403638557677829376.000000 4.757202625 -9.241045952 3.332567692 0.558613420 0.019884206 -0.222425550 0.798800707
1403638557727829504.000000 4.791692257 -9.222699165 3.380808353 0.558527887 0.020742686 -0.221998289 0.798957586
1403638557777829376.000000 4.824712753 -9.208430290 3.429191113 0.558393776 0.020856870 -0.221980765 0.799053192
1403638557827829504.000000 4.856159210 -9.194457054 3.477857590 0.557229519 0.021871507 -0.223626420 0.799379826
1403638557877829376.000000 4.885763168 -9.180974007 3.526629925 0.556717157 0.021649605 -0.224690452 0.799444556
1403638557927829504.000000 4.914251328 -9.162986755 3.575043678 0.556021035 0.022018589 -0.226436913 0.799426198
1403638557977829376.000000 4.940138340 -9.150058746 3.624364853 0.555394828 0.020138970 -0.227537364 0.799598575
1403638558027829504.000000 4.964267731 -9.137619019 3.673867702 0.555044472 0.017507751 -0.228455722 0.799641907
1403638558077829376.000000 4.986721516 -9.125619888 3.723563194 0.554670215 0.013566601 -0.229152963 0.799778640
1403638558127829504.000000 5.008090973 -9.109944344 3.774985313 0.553622842 0.008932047 -0.230649829 0.800139189
1403638558177829376.000000 5.029859543 -9.099615097 3.824512959 0.552700460 0.003770188 -0.232455358 0.800295353
1403638558227829504.000000 5.052875996 -9.090610504 3.873489380 0.551523209 -0.001585393 -0.233960599 0.800676107
1403638558277829376.000000 5.077873230 -9.083213806 3.921867371 0.550309539 -0.002853888 -0.236274615 0.800828099
1403638558327829504.000000 5.104393959 -9.073757172 3.972315311 0.549252570 -0.004093101 -0.238393024 0.800920546
1403638558377829376.000000 5.135045528 -9.070407867 4.018478870 0.547721803 -0.004677393 -0.241371408 0.801073551
1403638558427829504.000000 5.166646004 -9.067865372 4.063804626 0.545843244 -0.007886853 -0.245033860 0.801218688
1403638558477829376.000000 5.199762821 -9.067732811 4.108295918 0.544067025 -0.010701682 -0.248343423 0.801375210
1403638558527829504.000000 5.233485222 -9.063568115 4.152716637 0.543687105 -0.013028318 -0.248453632 0.801564395
1403638558577829376.000000 5.270231247 -9.068131447 4.195659637 0.544154406 -0.015103359 -0.246860966 0.801702976
1403638558627829504.000000 5.309092045 -9.075269699 4.238005161 0.545354366 -0.015210544 -0.242770344 0.802134573
1403638558677829376.000000 5.348609924 -9.084723473 4.280048847 0.547403812 -0.016322510 -0.237066031 0.802422881
1403638558727829504.000000 5.388488770 -9.092781067 4.324812889 0.549796402 -0.016095018 -0.230449706 0.802718997
1403638558777829376.000000 5.426980972 -9.105462074 4.369187355 0.550678611 -0.015529731 -0.227504671 0.802965522
1403638558827829504.000000 5.464122772 -9.119119644 4.414850235 0.551866531 -0.015202968 -0.223931059 0.803160667
1403638558877829376.000000 5.499855042 -9.133905411 4.462124348 0.551642656 -0.013136932 -0.224217609 0.803271055
1403638558927829504.000000 5.530003548 -9.147225380 4.495470524 0.552713156 -0.009523130 -0.222773910 0.802987754
1403638558977829376.000000 5.563616753 -9.163698196 4.545470238 0.553219676 -0.004675468 -0.221743286 0.802967012
1403638559027829504.000000 5.595587730 -9.180942535 4.596726894 0.553329229 -0.000362237 -0.221854761 0.802874327
1403638559077829376.000000 5.626055241 -9.198963165 4.648703575 0.553903401 0.003156147 -0.220779598 0.802768648
1403638559127829504.000000 5.656383038 -9.216019630 4.699950695 0.554176688 0.005981678 -0.220493659 0.802642584
1403638559177829376.000000 5.683698654 -9.235439301 4.753983498 0.554555416 0.008700352 -0.220352918 0.802394748
1403638559227829504.000000 5.709627151 -9.255148888 4.808662415 0.554351151 0.011340518 -0.221985161 0.802052915
1403638559277829376.000000 5.734150887 -9.275217056 4.863625050 0.554249525 0.013229619 -0.223110780 0.801781833
1403638559327829504.000000 5.760234833 -9.292720795 4.917315006 0.554001331 0.014978512 -0.224497482 0.801535487
1403638559377829376.000000 5.781676769 -9.312891960 4.972958565 0.553029835 0.016945630 -0.227601394 0.801291764
1403638559427829504.000000 5.801682472 -9.333307266 5.028130054 0.552666426 0.019341689 -0.229553998 0.800931156
1403638559477829376.000000 5.819885254 -9.353902817 5.083092690 0.552627265 0.020637402 -0.230313182 0.800707877
1403638559527829504.000000 5.840352058 -9.370225906 5.135807991 0.552476585 0.022407670 -0.231345713 0.800466597
1403638559577829376.000000 5.855797768 -9.391574860 5.190379620 0.552726150 0.023972973 -0.231942326 0.800076246
1403638559627829504.000000 5.869850159 -9.413291931 5.244741440 0.553102016 0.024843935 -0.231481537 0.799923360
1403638559677829376.000000 5.883607864 -9.435130119 5.298156261 0.553367734 0.025359126 -0.231617510 0.799683988
1403638559727829504.000000 5.900290489 -9.453279495 5.349623680 0.553859651 0.025772028 -0.231818825 0.799271822
1403638559777829376.000000 5.915670395 -9.475057602 5.399447918 0.554149806 0.026113834 -0.232047036 0.798993349
1403638559827829504.000000 5.931716919 -9.497426033 5.447927475 0.554787397 0.024109913 -0.231204733 0.798857987
1403638559877829376.000000 5.949190140 -9.520481110 5.494545937 0.554730535 0.024540387 -0.230822265 0.798994958
1403638559927829504.000000 5.968197823 -9.541090012 5.543393612 0.553742886 0.023960773 -0.229126438 0.800184846
1403638559977829376.000000 5.984076500 -9.564245224 5.590043068 0.550822616 0.023442756 -0.226732716 0.802893043
1403638560027829504.000000 5.998399734 -9.587308884 5.636988640 0.546180129 0.022619314 -0.223151103 0.807080686
1403638560077829376.000000 6.011306763 -9.610471725 5.684400558 0.539694071 0.022274179 -0.219199523 0.812518120
1403638560127829504.000000 6.023181438 -9.629600525 5.733616829 0.531986892 0.022299310 -0.214314267 0.818878591
1403638560177829376.000000 6.032803535 -9.652448654 5.782023430 0.522429407 0.023247693 -0.209704503 0.826166511
1403638560227829504.000000 6.040928841 -9.675119400 5.830944061 0.512136996 0.023385143 -0.204586074 0.833854556
1403638560277829376.000000 6.048656940 -9.697141647 5.879621029 0.501318753 0.024705352 -0.199016064 0.841701746
1403638560327829504.000000 6.057992935 -9.717275620 5.932676315 0.490795165 0.027874252 -0.192183197 0.849357903
1403638560377829376.000000 6.064500809 -9.738862038 5.981284618 0.479878098 0.031051598 -0.184963658 0.857053876
1403638560427829504.000000 6.069901943 -9.759683609 6.029553413 0.468212605 0.033785775 -0.178118333 0.864817500
1403638560477829376.000000 6.074067593 -9.779893875 6.077710152 0.456382900 0.036893982 -0.170911923 0.872434855
1403638560527829504.000000 6.078537941 -9.797970772 6.127378464 0.444661736 0.038734294 -0.163956836 0.879712284
1403638560577829376.000000 6.079794884 -9.816232681 6.175090790 0.433176249 0.039168417 -0.155091584 0.887001097
1403638560627829504.000000 6.079610348 -9.833333015 6.222479820 0.421478748 0.038615994 -0.146516025 0.894090414
1403638560677829376.000000 6.078852654 -9.849001884 6.269479275 0.410350889 0.037605058 -0.137450069 0.900725007
1403638560727829504.000000 6.081686497 -9.862668037 6.315649509 0.400911152 0.035632908 -0.127920359 0.906441987
1403638560777829376.000000 6.082915306 -9.874508858 6.359847546 0.390910119 0.035516419 -0.120406181 0.911827981
1403638560827829504.000000 6.085825920 -9.883906364 6.402655602 0.380006522 0.035905547 -0.114574589 0.917157888
1403638560877829376.000000 6.090244293 -9.891500473 6.444338322 0.369933873 0.036792509 -0.107344188 0.922102273
1403638560927829504.000000 6.098292351 -9.878138542 6.459284782 0.358849198 0.038146000 -0.101019077 0.927128553
1403638560977829376.000000 6.106338024 -9.881307602 6.499029160 0.348206222 0.041043211 -0.096162833 0.931568980
1403638561027829504.000000 6.116155624 -9.882432938 6.537874222 0.337610990 0.044822849 -0.091314688 0.935773134
1403638561077829376.000000 6.127255917 -9.880779266 6.574843407 0.327530354 0.046638317 -0.086042985 0.939758182
1403638561127829504.000000 6.144600868 -9.881291389 6.614176273 0.317633510 0.049770791 -0.081438653 0.943397939
1403638561177829376.000000 6.157305241 -9.875247002 6.648307800 0.309101313 0.052355792 -0.076988965 0.946460783
1403638561227829504.000000 6.171351910 -9.867119789 6.680644989 0.301747561 0.054833960 -0.073159724 0.948993921
1403638561277829376.000000 6.191555023 -9.862838745 6.717148781 0.296153337 0.057219338 -0.069113955 0.950916648
1403638561327829504.000000 6.206667900 -9.850236893 6.746449471 0.291002572 0.056538858 -0.067998864 0.952626407
1403638561377829376.000000 6.220919132 -9.835730553 6.775101662 0.285968214 0.053434469 -0.070277072 0.954163611
1403638561427829504.000000 6.234122276 -9.820398331 6.803867340 0.281009436 0.049802858 -0.075287476 0.955450296
1403638561477829376.000000 6.245407104 -9.803038597 6.832055569 0.276465446 0.046694770 -0.081134252 0.956453741
1403638561527829504.000000 6.261341095 -9.790163040 6.867360115 0.273070544 0.044544462 -0.086581901 0.957053781
1403638561577829376.000000 6.269179344 -9.771280289 6.895457268 0.270847857 0.042417277 -0.090587914 0.957411170
1403638561627829504.000000 6.275692463 -9.751893997 6.923341751 0.269349486 0.040927432 -0.093564764 0.957612395
1403638561677829376.000000 6.283212185 -9.733669281 6.951910973 0.269058704 0.039973795 -0.095198542 0.957573473
1403638561727829504.000000 6.289036751 -9.705429077 6.961735725 0.269210637 0.039348610 -0.096780270 0.957398057
1403638561777829376.000000 6.292279243 -9.685589790 6.989253998 0.269480586 0.039658658 -0.097852156 0.957200348
1403638561827829504.000000 6.294275284 -9.665318489 7.016779423 0.268992275 0.040237501 -0.099094376 0.957185745
1403638561877829376.000000 6.296095848 -9.644850731 7.045288563 0.267775655 0.041201591 -0.099684231 0.957424581
1403638561927829504.000000 6.295987606 -9.625171661 7.077888012 0.264849752 0.041620698 -0.100433260 0.958141744
1403638561977829376.000000 6.294563293 -9.603945732 7.105311871 0.261164248 0.041917097 -0.098904245 0.959298849
1403638562027829504.000000 6.293647766 -9.582484245 7.132219315 0.256210446 0.042332292 -0.097217545 0.960787714
1403638562077829376.000000 6.294906616 -9.561055183 7.158961773 0.250438184 0.042509411 -0.095660456 0.962456703
1403638562127829504.000000 6.292017460 -9.534987450 7.173012257 0.244700819 0.042888276 -0.093158185 0.964159608
1403638562177829376.000000 6.294575214 -9.512264252 7.194698334 0.238931119 0.043136071 -0.091736339 0.965730608
1403638562227829504.000000 6.298032284 -9.490369797 7.216018200 0.234321639 0.043860704 -0.090151191 0.966975927
1403638562277829376.000000 6.302250385 -9.469280243 7.237025261 0.229183495 0.044406421 -0.088426478 0.968340755
1403638562327829504.000000 6.306434631 -9.446764946 7.258358955 0.224008009 0.045179456 -0.085279003 0.969797313
1403638562377829376.000000 6.312686443 -9.424646378 7.275435448 0.217845365 0.046259604 -0.081756450 0.971452236
1403638562427829504.000000 6.319146156 -9.402082443 7.291540146 0.210698947 0.046581846 -0.077516519 0.973358810
1403638562477829376.000000 6.327445984 -9.379631042 7.308219910 0.202690899 0.046319097 -0.072805069 0.975433469
1403638562527829504.000000 6.333111286 -9.356940269 7.319105148 0.193533406 0.045848325 -0.067364924 0.977703869
1403638562577829376.000000 6.344598293 -9.334161758 7.333367825 -0.183980197 -0.046478126 0.061028745 -0.979931951
1403638562627829504.000000 6.356492519 -9.310944557 7.346816063 -0.174170509 -0.046520583 0.053370234 -0.982167065
1403638562677829376.000000 6.368968964 -9.286962509 7.359640121 -0.163834885 -0.045257449 0.045758892 -0.984386146
1403638562727829504.000000 6.377367973 -9.262008667 7.369683266 0.153319567 0.046041399 -0.037569888 0.986388266
1403638562777829376.000000 6.389536381 -9.236433983 7.381921768 0.142551646 0.045438185 -0.028749472 0.988325834
1403638562827829504.000000 6.400378704 -9.209644318 7.393889904 0.130173042 0.045911860 -0.022483552 0.990172505
1403638562877829376.000000 6.405577183 -9.181503296 7.402182579 0.118292235 0.045853790 -0.015576668 0.991797268
1403638562927829504.000000 6.412698269 -9.152379990 7.414108276 0.105968267 0.045762442 -0.010032854 0.993265331
1403638562977829376.000000 6.418364048 -9.122385025 7.426066875 0.094301865 0.045915462 -0.004660378 0.994473338
1403638563027829504.000000 6.420635223 -9.092656136 7.434806347 0.083622821 0.046334766 0.002414316 0.995416820
1403638563077829376.000000 6.423092365 -9.061038971 7.446391106 0.074034043 0.045874145 0.010468005 0.996145070
1403638563127829504.000000 6.424047947 -9.028059006 7.457837105 0.064835101 0.045027334 0.018550597 0.996707022
1403638563177829376.000000 6.422401905 -8.996498108 7.463132381 0.053534362 0.045259211 0.020443251 0.997330368
1403638563227829504.000000 6.420975208 -8.961012840 7.473888874 0.045108542 0.047444057 0.024692604 0.997549355
1403638563277829376.000000 6.418081760 -8.924302101 7.484405994 0.036906078 0.049775407 0.025798317 0.997744918
1403638563327829504.000000 6.413567543 -8.886453629 7.493294239 -0.031378031 -0.054645285 -0.028677082 -0.997600555
1403638563377829376.000000 6.408931732 -8.847345352 7.502212048 0.026941016 0.061839629 0.030866303 0.997244954
1403638563427829504.000000 6.401646137 -8.807213783 7.510248661 0.024246341 0.068078376 0.034076992 0.996803045
1403638563477829376.000000 6.391834259 -8.766203880 7.517361641 0.022735858 0.070820034 0.036390312 0.996565819
1403638563527829504.000000 6.381511688 -8.723600388 7.522356510 0.020105857 0.071444325 0.034440607 0.996647000
1403638563577829376.000000 6.372323990 -8.680159569 7.525807381 0.018402664 0.070080295 0.032936133 0.996827662
1403638563627829504.000000 6.362328053 -8.634917259 7.525591373 0.017503539 0.067265123 0.031530391 0.997083187
1403638563677829376.000000 6.353197098 -8.588521004 7.522413731 0.018238414 0.064247534 0.032496776 0.997237980
1403638563727829504.000000 6.344986439 -8.541715622 7.517380238 -0.019122768 -0.062291253 -0.033047989 -0.997327447
1403638563777829376.000000 6.337721825 -8.492960930 7.510422707 -0.020475337 -0.060241204 -0.034128632 -0.997390091
1403638563827829504.000000 6.337539673 -8.424447060 7.483929157 0.022501033 0.060249578 0.034330647 0.997339010
1403638563877829376.000000 6.333593845 -8.373261452 7.472455025 0.023924664 0.061222587 0.034493610 0.997241080
1403638563927829504.000000 6.330372810 -8.320690155 7.459270954 0.025879366 0.061170880 0.035228532 0.997169673
1403638563977829376.000000 6.327619553 -8.266705513 7.444519997 0.027801236 0.062981077 0.035085782 0.997010291
1403638564027829504.000000 6.327808380 -8.207820892 7.433658600 0.030157277 0.061845988 0.035458524 0.996999681
1403638564077829376.000000 6.321678638 -8.150891304 7.417288303 0.032614995 0.061798695 0.035535838 0.996922493
1403638564127829504.000000 6.313950539 -8.092468262 7.400292397 0.034750029 0.062246330 0.034460653 0.996860266
1403638564177829376.000000 6.305102825 -8.031423569 7.383538723 -0.036644232 -0.062275205 -0.032572094 -0.996854126
1403638564227829504.000000 6.299004555 -7.970368385 7.367012501 0.038053606 0.063914292 0.030197404 0.996772349
1403638564277829376.000000 6.288269520 -7.907218456 7.347341537 0.039055075 0.065542758 0.027653296 0.996701717
1403638564327829504.000000 6.278480530 -7.842911243 7.326258659 0.040007781 0.066510580 0.023816627 0.996698797
1403638564377829376.000000 6.269777775 -7.777077198 7.304491520 -0.041953478 -0.068303049 -0.023620093 -0.996502280
1403638564427829504.000000 6.266844273 -7.706106186 7.288611412 0.042360958 0.070137039 0.020906912 0.996418238
1403638564477829376.000000 6.259937763 -7.637960434 7.261806965 0.043760143 0.070983157 0.019733271 0.996321797
1403638564527829504.000000 6.253230095 -7.568682671 7.232474804 0.044656757 0.070381731 0.019574014 0.996327817
1403638564577829376.000000 6.246880531 -7.498483658 7.201050758 -0.046291877 -0.067846708 -0.020630753 -0.996407688
1403638564627829504.000000 6.243333817 -7.426936150 7.171153545 0.047520429 0.066276260 0.022376930 0.996417940
1403638564677829376.000000 6.233419895 -7.354375362 7.137985706 0.048968695 0.064362101 0.025593929 0.996395767
1403638564727829504.000000 6.221382141 -7.280306816 7.103870392 0.049902160 0.063545763 0.027556598 0.996349573
1403638564777829376.000000 6.208989620 -7.205861568 7.071573734 -0.050429143 -0.062647991 -0.030108271 -0.996306062
1403638564827829504.000000 6.192734241 -7.125749111 7.049949169 0.050480552 0.062922679 0.031675812 0.996237516
1403638564877829376.000000 6.174046040 -7.048212528 7.016658306 0.050877728 0.063497461 0.033403836 0.996124327
1403638564927829504.000000 6.150992870 -6.969368458 6.984231949 0.051073898 0.063986309 0.034914184 0.996031284
1403638564977829376.000000 6.123863697 -6.888647079 6.951671600 -0.051417734 -0.063945249 -0.035857063 -0.995982707
1403638565027829504.000000 6.089529514 -6.805131435 6.930481911 0.051555756 0.064102739 0.036437053 0.995944440
1403638565077829376.000000 6.054207802 -6.722150326 6.900495052 0.051910471 0.063516237 0.037093922 0.995939255
1403638565127829504.000000 6.014936924 -6.637705803 6.871862411 0.051918123 0.062889680 0.037345335 0.995969296
1403638565177829376.000000 5.970265388 -6.550954819 6.852706909 0.052092977 0.062444985 0.037446279 0.995984316
1403638565227829504.000000 5.927047253 -6.463407993 6.824593067 0.051763207 0.061832238 0.036714349 0.996066988
1403638565277829376.000000 5.882699490 -6.374203682 6.795905590 0.051035963 0.061050788 0.035767663 0.996187150
1403638565327829504.000000 5.835411072 -6.282635212 6.772399902 0.050229058 0.060850054 0.034578696 0.996282458
1403638565377829376.000000 5.789710999 -6.191122532 6.743412018 0.049318511 0.059940603 0.033039689 0.996435285
1403638565427829504.000000 5.743416786 -6.098457813 6.713688850 0.048902620 0.059708051 0.032161903 0.996498466
1403638565477829376.000000 5.698177338 -6.003795147 6.684258461 -0.047389273 -0.061395388 -0.030646047 -0.996516764
1403638565527829504.000000 5.649357319 -5.907171249 6.657331467 0.045312427 0.063979097 0.027998183 0.996528804
1403638565577829376.000000 5.607267857 -5.810359478 6.624551773 0.043154158 0.066001363 0.025416767 0.996561885
1403638565627829504.000000 5.566845417 -5.712717533 6.589378834 0.040153075 0.067518517 0.020643080 0.996695995
1403638565677829376.000000 5.522932529 -5.614047527 6.556263447 0.036788620 0.067954697 0.014065081 0.996910691
1403638565727829504.000000 5.485416889 -5.515993595 6.518657207 0.033630718 0.067009054 0.008680473 0.997147739
1403638565777829376.000000 5.448747635 -5.418176174 6.478853226 0.031474497 0.064346455 0.005210234 0.997417569
1403638565827829504.000000 5.409578800 -5.317847252 6.438899517 0.029694518 0.062540673 0.002897992 0.997596383
1403638565877829376.000000 5.375163078 -5.220935822 6.394703865 0.027110135 0.061315753 -0.001698137 0.997748733
1403638565927829504.000000 5.341304779 -5.124707699 6.349029064 0.025618032 0.058886666 -0.002227461 0.997933447
1403638565977829376.000000 5.300948143 -5.031084538 6.306139469 0.024741575 0.058266100 -0.002645594 0.997990906
1403638566027829504.000000 5.264985085 -4.937219143 6.260880470 0.024497943 0.056752510 -0.001804228 0.998086095
1403638566077829376.000000 5.227390289 -4.844314098 6.215645313 0.023157267 0.056522105 -0.003262903 0.998127460
1403638566127829504.000000 5.181568623 -4.750733852 6.171565056 0.023801822 0.056434300 -0.001624738 0.998121262
1403638566177829376.000000 5.138741016 -4.659432411 6.126427650 0.023947176 0.056028266 -0.000908684 0.998141587
1403638566227829504.000000 5.093727112 -4.568884373 6.080939770 0.023558717 0.056923311 -0.001892289 0.998098731
1403638566277829376.000000 5.028534412 -4.487729073 6.084378719 0.023784349 0.058901336 -0.001722190 0.997978985
1403638566327829504.000000 4.979520798 -4.399065495 6.041501045 0.023927424 0.057316486 -0.001481301 0.998068213
1403638566377829376.000000 4.928582191 -4.311302662 5.998553753 0.024067769 0.057348959 -0.002805945 0.998060167
1403638566427829504.000000 4.873216152 -4.223736286 5.957121372 0.024768261 0.057575636 -0.001988081 0.998031855
1403638566477829376.000000 4.819848061 -4.136851311 5.916456699 0.026351126 0.056723729 -0.000156089 0.998042107
1403638566527829504.000000 4.765905380 -4.050536156 5.875897884 0.026810786 0.056990668 -0.001408397 0.998013675
1403638566577829376.000000 4.706017971 -3.966775656 5.833916187 0.027712220 0.051420067 -0.001462769 0.998291552
1403638566627829504.000000 4.648290634 -3.881623030 5.795023441 0.028758191 0.045713022 -0.001789384 0.998538971
1403638566677829376.000000 4.588879108 -3.797125101 5.757079601 0.029040253 0.035617121 -0.003530069 0.998937309
1403638566727829504.000000 4.516975403 -3.720472097 5.739228249 0.030009266 0.025657395 -0.003047429 0.999215722
1403638566777829376.000000 4.456750393 -3.637228251 5.704606533 0.030327126 0.016411871 -0.005759227 0.999388754
1403638566827829504.000000 4.396341801 -3.555024147 5.671891689 0.031046549 0.008626279 -0.006783941 0.999457717
1403638566877829376.000000 4.333629131 -3.476191282 5.638244152 0.032025527 0.002041520 -0.006775976 0.999462068
1403638566927829504.000000 4.273028374 -3.395707130 5.608740330 0.032416217 -0.002443964 -0.009397543 0.999427319
1403638566977829376.000000 4.212329388 -3.316234827 5.581404209 0.033489138 -0.004883564 -0.009622612 0.999380827
1403638567027829504.000000 4.146707535 -3.244333029 5.566104412 0.034132995 -0.001610247 -0.009527384 0.999370575
1403638567077829376.000000 4.089975357 -3.167075157 5.541978359 0.034968525 0.010496188 -0.009567946 0.999287486
1403638567127829504.000000 4.032531261 -3.090627670 5.519632816 0.034624346 0.021382993 -0.011347610 0.999107242
1403638567177829376.000000 3.972545862 -3.018500328 5.504354000 0.035036568 0.032944001 -0.011103651 0.998781204
1403638567227829504.000000 3.914044857 -2.944298267 5.484959126 0.034501292 0.041569624 -0.012484956 0.998461723
1403638567277829376.000000 3.853997469 -2.870916367 5.466353893 0.033902656 0.048183192 -0.013391860 0.998173177
1403638567327829504.000000 3.794115305 -2.799480200 5.447594166 0.032742023 0.051438473 -0.014722754 0.998030782
1403638567377829376.000000 3.731816053 -2.727529764 5.428788185 0.031985763 0.051620986 -0.015283170 0.998037398
1403638567427829504.000000 3.670613766 -2.656615734 5.409107208 0.030772248 0.052338082 -0.015685208 0.998031974
1403638567477829376.000000 3.605655670 -2.589904308 5.400759697 0.029829554 0.050827041 -0.015700219 0.998138428
1403638567527829504.000000 3.545986652 -2.520865440 5.379507065 0.028531235 0.048559625 -0.015907492 0.998286009
1403638567577829376.000000 3.488127232 -2.452908993 5.356614590 0.027686952 0.044827212 -0.015426262 0.998491943
1403638567627829504.000000 3.437419176 -2.388404846 5.333889961 0.026013184 0.041861404 -0.016434906 0.998649478
1403638567677829376.000000 3.383871555 -2.322710037 5.309894085 0.024477480 0.039175723 -0.017131383 0.998785615
1403638567727829504.000000 3.332335711 -2.258524895 5.285573006 0.023364851 0.036542278 -0.017602064 0.998903871
1403638567777829376.000000 3.284795046 -2.197039366 5.261186123 -0.022262231 -0.033448979 0.018112237 -0.999028325
1403638567827829504.000000 3.231134653 -2.136904478 5.246970177 0.021401430 0.030689821 -0.018677369 0.999125242
1403638567877829376.000000 3.186375380 -2.077739716 5.223060131 0.021654736 0.028603867 -0.016181393 0.999225259
1403638567927829504.000000 3.144264460 -2.020087719 5.199926376 0.021824945 0.027964083 -0.015320009 0.999253273
1403638567977829376.000000 3.104705811 -1.964082479 5.178115368 -0.020938838 -0.026884314 0.015417210 -0.999300301
1403638568027829504.000000 3.060958385 -1.908304691 5.157529831 0.020617159 0.027209044 -0.015896361 0.999290764
1403638568077829376.000000 3.025691748 -1.854454517 5.135521889 0.019234451 0.027934156 -0.018506376 0.999253333
1403638568127829504.000000 2.992599249 -1.802058697 5.113275051 0.018925628 0.029049557 -0.018524090 0.999227166
1403638568177829376.000000 2.962551594 -1.749925613 5.090780258 -0.018097943 -0.029361498 0.020571547 -0.999193311
1403638568227829504.000000 2.936036587 -1.699611545 5.065103054 0.017631529 0.030269897 -0.020451188 0.999177039
1403638568277829376.000000 2.908510685 -1.650778294 5.042357445 0.016984405 0.029751413 -0.020822078 0.999196112
1403638568327829504.000000 2.881599903 -1.603291273 5.020224094 0.016765594 0.030181622 -0.020890856 0.999185443
1403638568377829376.000000 2.855415821 -1.557535887 4.997619152 -0.016499868 -0.028869301 0.020594722 -0.999234855
1403638568427829504.000000 2.827385902 -1.512773037 4.977371216 -0.016298067 -0.027843514 0.020715674 -0.999264777
1403638568477829376.000000 2.797831297 -1.464864969 4.957725525 0.016368495 0.027599305 -0.021360219 0.999256790
1403638568527829504.000000 2.768837929 -1.422825098 4.939772129 0.016061662 0.026722090 -0.021939136 0.999273062
1403638568577829376.000000 2.739913940 -1.382305622 4.923175812 0.015685432 0.025331307 -0.022531379 0.999302149
1403638568627829504.000000 2.712523699 -1.344359517 4.909729004 -0.015544006 -0.023801642 0.022742631 -0.999337137
1403638568677829376.000000 2.684463739 -1.307029963 4.896145344 -0.015111590 -0.022173587 0.024597483 -0.999337256
1403638568727829504.000000 2.653228998 -1.266189814 4.881752491 0.015015486 0.021500550 -0.025104644 0.999340832
1403638568777829376.000000 2.628034592 -1.231940389 4.869239330 0.015385201 0.019894749 -0.024463257 0.999384344
1403638568827829504.000000 2.605700493 -1.199410915 4.856293678 0.015960181 0.021491472 -0.023175050 0.999372959
1403638568877829376.000000 2.584400415 -1.167544842 4.841617584 -0.016084403 -0.020931508 0.021978950 -0.999409854
1403638568927829504.000000 2.566360235 -1.137630701 4.829001904 -0.015335498 -0.021566065 0.024261670 -0.999355376
1403638568977829376.000000 2.550561190 -1.109162569 4.816340446 -0.015259540 -0.021985175 0.024391849 -0.999344230
1403638569027829504.000000 2.537477016 -1.082148552 4.804135799 -0.015181798 -0.022986365 0.024173252 -0.999328196
1403638569077829376.000000 2.526293516 -1.056262016 4.792256355 -0.014352353 -0.022354845 0.026073065 -0.999307036
1403638569127829504.000000 2.517232895 -1.031842947 4.780242443 -0.014287014 -0.022696609 0.026074603 -0.999300241
1403638569177829376.000000 2.688190699 -1.045703053 4.668383598 0.011105070 0.005842290 -0.025202358 0.999603629
1403638569227829504.000000 2.681177855 -1.024466395 4.656933308 0.010319365 0.004916451 -0.026758654 0.999576569
1403638569277829376.000000 2.673236847 -1.004681110 4.646721840 0.009718652 0.003541632 -0.027363205 0.999572039
1403638569327829504.000000 2.664488554 -0.985248208 4.636819363 -0.009384962 -0.003629622 0.027621973 -0.999567866
1403638569377829376.000000 2.655092955 -0.967862964 4.629115582 -0.009059648 -0.003764046 0.028017595 -0.999559343
1403638569427829504.000000 2.645293951 -0.951866746 4.622997284 -0.008671452 -0.005270497 0.028527215 -0.999541521
1403638569477829376.000000 2.634687185 -0.937352836 4.618399620 -0.008694031 -0.006259459 0.028550697 -0.999534965
1403638569527829504.000000 2.623410463 -0.924297094 4.615048885 -0.008682182 -0.007361388 0.028686212 -0.999523640
1403638569577829376.000000 2.612657785 -0.912607968 4.612351894 -0.008294710 -0.008468925 0.029101003 -0.999506235
1403638569627829504.000000 2.603492498 -0.902294338 4.609765053 -0.008677796 -0.009752417 0.027771866 -0.999529064
1403638569677829376.000000 2.553036213 -0.888849437 4.618989944 0.008769788 0.013640556 -0.027684430 0.999485195
1403638569727829504.000000 2.547157526 -0.881653130 4.615761280 0.008350626 0.014648715 -0.028471829 0.999452412
1403638569777829376.000000 2.543298006 -0.876057327 4.612921238 0.008307435 0.015182082 -0.028634980 0.999440134
1403638569827829504.000000 2.539932966 -0.870681047 4.608715534 -0.008592114 -0.015853565 0.028773569 -0.999423325
1403638569877829376.000000 2.538547993 -0.867389083 4.604997158 -0.008026188 -0.017618915 0.030024622 -0.999361634
1403638569927829504.000000 2.538179159 -0.865444243 4.601201534 -0.008066405 -0.019248148 0.029760171 -0.999339223
1403638569977829376.000000 2.537991762 -0.864810407 4.597652435 -0.008645510 -0.020401979 0.028500848 -0.999348164
1403638570027829504.000000 2.537246227 -0.865469098 4.594839573 -0.009228442 -0.021479551 0.027429687 -0.999350309
1403638570077829376.000000 2.535218954 -0.867499173 4.593039513 -0.009783096 -0.021572886 0.025876801 -0.999384522
1403638570127829504.000000 2.531954527 -0.870707631 4.592243671 -0.010900373 -0.021306690 0.023568222 -0.999435723
1403638570177829376.000000 2.534623384 -0.876921952 4.603429317 0.012237056 0.021120917 -0.020645831 0.999488890
1403638570227829504.000000 2.529203176 -0.881782413 4.604645252 0.013980062 0.021834400 -0.017197844 0.999515951
1403638570277829376.000000 2.522627831 -0.887517095 4.606797695 0.016016610 0.021799341 -0.012576798 0.999554932
1403638570327829504.000000 2.515892267 -0.893513441 4.610288143 0.017832350 0.021902071 -0.007064804 0.999576151
1403638570377829376.000000 2.506867647 -0.898517072 4.611972332 -0.017355818 -0.021573499 0.002965308 -0.999612212
1403638570427829504.000000 2.497425556 -0.903803229 4.616310596 -0.015464636 -0.021508187 -0.003426315 -0.999643266
1403638570477829376.000000 2.486758232 -0.908506572 4.621584892 -0.012486467 -0.020992206 -0.012353000 -0.999625444
1403638570527829504.000000 2.474900961 -0.912272215 4.627943516 -0.008753345 -0.021210326 -0.025190068 -0.999419332
1403638570577829376.000000 2.461766243 -0.914427400 4.635152340 -0.003575042 -0.022034353 -0.038924806 -0.998992801
1403638570627829504.000000 2.449486732 -0.918369532 4.644536495 -0.003987619 0.023048677 0.052145716 0.998365521
1403638570677829376.000000 2.434671879 -0.916299403 4.653136253 -0.013279418 0.026001813 0.063305214 0.997567117
1403638570727829504.000000 2.419492483 -0.911608100 4.661829948 -0.023545492 0.031803049 0.072626382 0.996573925
1403638570777829376.000000 2.404102564 -0.904484808 4.670217991 -0.034210544 0.039557729 0.083183557 0.995160997
1403638570827829504.000000 2.387855530 -0.895409226 4.676966667 -0.046016529 0.047174685 0.090883762 0.993678689
1403638570877829376.000000 2.370942593 -0.882806778 4.683680534 -0.057957582 0.053484108 0.097532697 0.992102742
1403638570927829504.000000 2.352717876 -0.867315769 4.689225197 -0.070158124 0.057694208 0.102835432 0.990542352
1403638570977829376.000000 2.331803322 -0.848835945 4.687952995 -0.082438178 0.061051279 0.107440956 0.988905072
1403638571027829504.000000 2.310847521 -0.827738285 4.690870762 -0.094313912 0.062454209 0.112502508 0.987191796
1403638571077829376.000000 2.287980318 -0.804084897 4.692345619 -0.107236683 0.059330691 0.114141010 0.985876262
1403638571127829504.000000 2.264313459 -0.777701616 4.691284180 0.120198451 -0.054756016 -0.114428081 -0.984611809
1403638571177829376.000000 2.241637945 -0.747851193 4.683897972 -0.132209763 0.049679101 0.112238653 0.983592987
1403638571227829504.000000 2.220998764 -0.717423022 4.678117275 -0.143121317 0.046066318 0.109508440 0.982548773
1403638571277829376.000000 2.202554703 -0.685075223 4.670246601 -0.153045222 0.043580990 0.106315032 0.981516659
1403638571327829504.000000 2.186043978 -0.651210010 4.660262585 0.161283284 -0.041752756 -0.103387594 -0.980589330
1403638571377829376.000000 2.171152353 -0.616618276 4.648844242 0.166724980 -0.041355036 -0.103847116 -0.979647040
1403638571427829504.000000 2.158243179 -0.581084132 4.635414600 0.171300560 -0.042147342 -0.104225151 -0.978783429
1403638571477829376.000000 2.093244553 -0.523429036 4.650778770 -0.173281521 0.047610197 0.105222344 0.978077292
1403638571527829504.000000 2.081964970 -0.486162841 4.634345055 -0.177027673 0.049263645 0.104480930 0.977403760
1403638571577829376.000000 2.069622517 -0.448038578 4.617116451 -0.181502447 0.049135424 0.105147392 0.976517618
1403638571627829504.000000 2.055744648 -0.409046799 4.599440098 -0.186535314 0.047912713 0.106679596 0.975463212
1403638571677829376.000000 2.038916349 -0.369621187 4.580327988 0.192139059 -0.045272499 -0.109433331 -0.974195778
1403638571727829504.000000 2.022561073 -0.326631933 4.561755657 -0.198968679 0.042483237 0.112425007 0.972608507
1403638571777829376.000000 2.003441095 -0.285333455 4.543145657 -0.206570223 0.039582763 0.116029799 0.970720947
1403638571827829504.000000 1.983094931 -0.243412644 4.524497986 -0.214650199 0.037226908 0.120577864 0.968504190
1403638571877829376.000000 1.962669969 -0.196672618 4.501769066 -0.222712517 0.035838887 0.126680464 0.965953887
1403638571927829504.000000 1.942262530 -0.152546614 4.482023239 -0.231588423 0.035563752 0.132724628 0.963060856
1403638571977829376.000000 1.923062325 -0.107255667 4.461035728 -0.240568072 0.035685886 0.139244005 0.959929526
1403638572027829504.000000 1.905123472 -0.060294062 4.438084602 0.250043958 -0.035774153 -0.144349933 -0.956745207
1403638572077829376.000000 1.892355442 -0.008269250 4.414094448 -0.258904964 0.036284987 0.150231272 0.953458071
1403638572127829504.000000 1.877848506 0.040699184 4.388001919 -0.269297630 0.036960654 0.153412148 0.950040817
1403638572177829376.000000 1.864740610 0.090428859 4.359659672 -0.280818760 0.036808662 0.154380530 0.946547747
1403638572227829504.000000 1.851862192 0.141276002 4.330189228 0.291704863 -0.034748122 -0.156782091 -0.942931712
1403638572277829376.000000 1.841095209 0.197290838 4.300760269 -0.302066237 0.031751588 0.160087571 0.939212382
1403638572327829504.000000 1.827153325 0.249552339 4.270783901 -0.312974751 0.028772943 0.163978815 0.935056090
1403638572377829376.000000 1.812355995 0.302810609 4.241199493 -0.323799193 0.026021007 0.168021947 0.930723190
1403638572427829504.000000 1.797632933 0.357356936 4.212513924 0.334111661 -0.023106346 -0.170443848 -0.926706254
1403638572477829376.000000 1.765865922 0.425189137 4.199467659 -0.343293667 0.021539470 0.171788022 0.923132956
1403638572527829504.000000 1.749986172 0.480722487 4.171279907 -0.350999534 0.019520873 0.172913536 0.920064807
1403638572577829376.000000 1.734634042 0.537022829 4.143662453 -0.357644200 0.019204095 0.172971472 0.917498112
1403638572627829504.000000 1.719874740 0.595506072 4.117404461 0.362076312 -0.017999919 -0.173805907 -0.915624559
1403638572677829376.000000 1.706402898 0.653899550 4.090309620 0.365850627 -0.016772898 -0.174187765 -0.914073646
1403638572727829504.000000 1.691281796 0.717597127 4.066006184 -0.369651437 0.014674122 0.171824127 0.913027346
1403638572777829376.000000 1.682877064 0.777869105 4.038560867 -0.372473955 0.012020991 0.169329509 0.912384987
1403638572827829504.000000 1.677031994 0.838698506 4.011158466 -0.374252200 0.009346346 0.167666763 0.911995471
1403638572877829376.000000 1.673767924 0.900735736 3.985078096 0.375291824 -0.006824658 -0.166455224 -0.911812544
1403638572927829504.000000 1.672562003 0.963091373 3.959135056 0.375169575 -0.005794017 -0.166267529 -0.911904216
1403638572977829376.000000 1.666195154 1.028430939 3.936271906 -0.375332624 0.003655721 0.164939687 0.912089407
1403638573027829504.000000 1.665282488 1.091395497 3.912878990 -0.374922037 0.002164112 0.164823413 0.912283957
1403638573077829376.000000 1.663629770 1.154733658 3.891309738 -0.374104261 0.000926215 0.164170995 0.912739336
1403638573127829504.000000 1.662187696 1.217740536 3.870299101 0.373099059 0.000371303 -0.164026424 -0.913177133
1403638573177829376.000000 1.659731627 1.281821489 3.851789474 0.372034878 0.000613959 -0.164032534 -0.913609862
1403638573227829504.000000 1.649160385 1.349951982 3.839533806 -0.370799184 -0.000098657 0.163315520 0.914240658
1403638573277829376.000000 1.647603512 1.414889097 3.823560715 -0.369503468 -0.000960703 0.163120538 0.914799452
1403638573327829504.000000 1.647081137 1.480561018 3.808787823 -0.368432224 -0.000257163 0.162467107 0.915348053
1403638573377829376.000000 1.646906614 1.546851397 3.795004368 -0.368402302 -0.001670928 0.162823886 0.915295243
1403638573427829504.000000 1.641663671 1.616290092 3.786391735 -0.369591057 -0.002631268 0.162045732 0.914951801
1403638573477829376.000000 1.644551039 1.683938742 3.774665356 -0.371097207 -0.002890178 0.161109775 0.914506555
1403638573527829504.000000 1.650672793 1.752810955 3.764023781 -0.372172892 -0.003659744 0.160519779 0.914170384
1403638573577829376.000000 1.658222437 1.819268823 3.752750158 -0.372765541 -0.003563754 0.160393596 0.913951397
1403638573627829504.000000 1.669254541 1.888488531 3.742530823 -0.373529404 -0.003804334 0.160209522 0.913670778
1403638573677829376.000000 1.681524396 1.957513571 3.732791424 -0.375529975 -0.005869488 0.159286335 0.913000941
1403638573727829504.000000 1.694741488 2.025406361 3.724048376 0.378467590 0.005670649 -0.159432054 -0.911762953
1403638573777829376.000000 1.704570055 2.102245331 3.726805449 -0.383296937 -0.003985564 0.158519551 0.909911573
1403638573827829504.000000 1.720063448 2.171812534 3.720639229 -0.389829010 0.000325477 0.157340661 0.907346249
1403638573877829376.000000 1.734868765 2.241318941 3.716032505 -0.397828490 0.005139215 0.156481296 0.904002070
1403638573927829504.000000 1.748599768 2.310759783 3.715699673 -0.406803817 0.010721126 0.157673657 0.899741530
1403638573977829376.000000 1.761687875 2.379432201 3.714521885 -0.415309429 0.018070458 0.162447631 0.894875586
1403638574027829504.000000 1.773213863 2.447249174 3.714326382 -0.423556775 0.026452761 0.169872120 0.889406204
1403638574077829376.000000 1.778374195 2.521094084 3.723341465 -0.432045728 0.035293844 0.178680420 0.883269072
1403638574127829504.000000 1.787352800 2.587534666 3.724019527 -0.441149175 0.044021849 0.187282324 0.876569927
1403638574177829376.000000 1.794563413 2.653299809 3.724581242 -0.450449854 0.051816363 0.196918920 0.869271517
1403638574227829504.000000 1.799050331 2.720638037 3.727802038 -0.460685372 0.057561152 0.204288661 0.861813128
1403638574277829376.000000 1.803573847 2.784842968 3.726044893 -0.470961958 0.060479667 0.211409211 0.854308605
1403638574327829504.000000 1.806400776 2.848364353 3.723263025 -0.481997341 0.060789574 0.216887578 0.846724927
1403638574377829376.000000 1.807554960 2.911672115 3.719136000 0.493114680 -0.059361689 -0.221696302 -0.839145362
1403638574427829504.000000 1.801032662 2.980383873 3.723592043 -0.504600883 0.057602815 0.224944994 0.831540585
1403638574477829376.000000 1.799669504 3.041955471 3.717126369 -0.515178740 0.055426430 0.229598641 0.823895156
1403638574527829504.000000 1.798746347 3.102908134 3.709240675 -0.524489999 0.054094989 0.233152106 0.817082644
1403638574577829376.000000 1.797887564 3.163473606 3.701604366 0.532376349 -0.053784527 -0.236002907 -0.811162889
1403638574627829504.000000 1.795417547 3.228318214 3.696120262 -0.539881349 0.053787272 0.236419365 0.806065142
1403638574677829376.000000 1.798069358 3.288131237 3.683492899 -0.546784163 0.050532959 0.235489696 0.801884174
1403638574727829504.000000 1.802191734 3.347296715 3.669686556 -0.552890658 0.047170874 0.233172238 0.798572242
1403638574777829376.000000 1.807492614 3.406507492 3.655260324 0.557735622 -0.041533668 -0.231332228 -0.796047390
1403638574827829504.000000 1.809306383 3.468040466 3.645207882 -0.560467243 0.036632538 0.231432840 0.794338286
1403638574877829376.000000 1.814812779 3.525444031 3.630527020 -0.561618626 0.032536536 0.233855009 0.792993009
1403638574927829504.000000 1.819310188 3.582582712 3.616424561 -0.562138975 0.028574320 0.235814884 0.792196095
1403638574977829376.000000 1.821414351 3.640966415 3.604238272 0.562409461 -0.025790660 -0.236947879 -0.791761398
1403638575027829504.000000 1.822635889 3.698195457 3.592117548 0.560974479 -0.025703458 -0.240913317 -0.791585565
1403638575077829376.000000 1.822348475 3.755264759 3.580641985 0.558905005 -0.027139474 -0.245695740 -0.791531622
1403638575127829504.000000 1.820844769 3.812379599 3.569582701 0.557269573 -0.029613812 -0.249094352 -0.791533709
1403638575177829376.000000 1.818122268 3.869654655 3.558815956 0.555584908 -0.031785455 -0.251940370 -0.791733086
1403638575227829504.000000 1.808883905 3.932290554 3.553249121 -0.554558218 0.034326632 0.253339797 0.791900218
1403638575277829376.000000 1.803698897 3.990200996 3.541840792 -0.553126991 0.035545729 0.254805446 0.792376995
1403638575327829504.000000 1.797432303 4.048408985 3.530575991 -0.551863909 0.034796085 0.255752742 0.792985559
1403638575377829376.000000 1.789577127 4.106865883 3.518885374 -0.550507963 0.031685982 0.256269008 0.793891251
1403638575427829504.000000 1.779812813 4.165554523 3.508567095 0.548914969 -0.028430440 -0.256945491 -0.794898152
1403638575477829376.000000 1.769807100 4.225112915 3.497103691 0.548229158 -0.025032792 -0.255384892 -0.795987964
1403638575527829504.000000 1.759429574 4.285257339 3.485363007 0.546710491 -0.023304466 -0.255608946 -0.797012269
1403638575577829376.000000 1.749756098 4.346215725 3.472635508 0.546313524 -0.019433325 -0.253319412 -0.798118591
1403638575627829504.000000 1.737178683 4.415240288 3.460225821 -0.546229780 0.015184416 0.250249922 0.799235642
1403638575677829376.000000 1.730718374 4.478499413 3.445817471 -0.546472430 0.011986383 0.246565551 0.800268590
1403638575727829504.000000 1.726014495 4.542559624 3.430493116 -0.545961797 0.007355863 0.244619265 0.801269710
1403638575777829376.000000 1.723221183 4.607259750 3.414700985 -0.545917749 0.002839665 0.242787018 0.801885486
1403638575827829504.000000 1.721662879 4.676695824 3.397923708 -0.545449257 -0.001042020 0.241552204 0.802581251
1403638575877829376.000000 1.724298477 4.743550301 3.381982327 -0.544863701 -0.002481461 0.240697503 0.803232372
1403638575927829504.000000 1.729243517 4.811384678 3.366274834 -0.544158161 -0.002602461 0.240978181 0.803626001
1403638575977829376.000000 1.737221241 4.882026672 3.349990129 0.544015944 0.001989179 -0.240325034 -0.803919554
1403638576027829504.000000 1.744405270 4.955218315 3.337438345 -0.543657064 -0.002046556 0.239786237 0.804323018
1403638576077829376.000000 1.756110072 5.025961876 3.321668386 -0.543887496 -0.001914976 0.238687292 0.804494321
1403638576127829504.000000 1.769459844 5.097598553 3.306109905 -0.544028282 -0.001323040 0.238797560 0.804367661
1403638576177829376.000000 1.784561992 5.170351028 3.291788816 0.544328511 -0.000896425 -0.238035589 -0.804390907
1403638576227829504.000000 1.796629786 5.247187614 3.279080391 -0.545196533 0.000546692 0.236129165 0.804365337
1403638576277829376.000000 1.809838295 5.321360588 3.266998291 -0.546446919 0.000136176 0.233581409 0.804260790
1403638576327829504.000000 1.822224021 5.396396637 3.256380558 -0.547665238 -0.001074570 0.230749086 0.804249108
1403638576377829376.000000 1.832691431 5.473720074 3.246813774 0.548769534 0.002422086 -0.228392884 -0.804165959
1403638576427829504.000000 1.838454127 5.539122581 3.240002155 -0.549568832 -0.004379764 0.226807266 0.804060578
1403638576477829376.000000 1.848135829 5.616488457 3.234249592 -0.550829828 -0.006561445 0.223781615 0.804030716
1403638576527829504.000000 1.857276559 5.694386482 3.230377197 -0.552253723 -0.011085069 0.220403135 0.803937435
1403638576577829376.000000 1.866008639 5.774224281 3.229367733 0.553304613 0.014161643 -0.218384102 -0.803717494
1403638576627829504.000000 1.873823404 5.851820946 3.230213642 -0.554218113 -0.016317481 0.216216892 0.803633213
1403638576677829376.000000 1.882651210 5.931407452 3.233376980 -0.554832697 -0.016727427 0.214649111 0.803620934
1403638576727829504.000000 1.891716361 6.011334896 3.239065170 -0.555582523 -0.014580287 0.212455213 0.803727746
1403638576777829376.000000 1.900409341 6.091387749 3.247644424 0.556796491 0.011674982 -0.209175795 -0.803795338
1403638576827829504.000000 1.905410051 6.157904625 3.254920959 -0.557693124 -0.006443175 0.207168728 0.803752422
1403638576877829376.000000 1.913212895 6.237414837 3.267629623 -0.557949483 -0.002127044 0.206677064 0.803724170
1403638576927829504.000000 1.920641422 6.316608906 3.282576561 -0.557746887 0.003563135 0.207824439 0.803563833
1403638576977829376.000000 1.930524468 6.406565666 3.302076340 0.556921124 -0.008783795 -0.210038945 -0.803520620
1403638577027829504.000000 1.934564352 6.471228600 3.315732479 -0.555797875 0.011927986 0.212910578 0.803502083
1403638577077829376.000000 1.943095326 6.548033714 3.334119797 -0.555099308 0.015192746 0.215465203 0.803248823
1403638577127829504.000000 1.953817010 6.624466896 3.352515221 -0.554505289 0.017923620 0.217203736 0.803134561
1403638577177829376.000000 1.962280393 6.684313297 3.367849827 -0.553906143 0.019974817 0.219000846 0.803011656
1403638577227829504.000000 1.976486802 6.759619713 3.386082649 -0.553693652 0.020546516 0.220025584 0.802863598
1403638577277829376.000000 1.992362499 6.835053444 3.404403687 -0.554166615 0.019004272 0.218565300 0.802974224
1403638577327829504.000000 2.010650158 6.906902313 3.420851231 -0.555504978 0.016634328 0.215376869 0.802963495
1403638577377829376.000000 2.031170130 6.981799603 3.438310623 -0.557234585 0.012112319 0.210411027 0.803162634
1403638577427829504.000000 2.053340435 7.055812359 3.456099033 -0.558150649 0.009125580 0.207583800 0.803301692
1403638577477829376.000000 2.075481415 7.124213696 3.474633217 -0.559237003 0.008069338 0.205062956 0.803204954
1403638577527829504.000000 2.098459482 7.197408676 3.495156288 -0.558205485 0.008258543 0.206878498 0.803454876
1403638577577829376.000000 2.120631456 7.270197868 3.517296791 -0.557728708 0.008200966 0.208198011 0.803445756
1403638577627829504.000000 2.136557817 7.322832108 3.537784576 -0.556869328 0.010027600 0.210042238 0.803541124
1403638577677829376.000000 2.156541109 7.393303871 3.562981129 -0.555990577 0.010403130 0.211849168 0.803670526
1403638577727829504.000000 2.175185204 7.463388443 3.589659214 -0.555633485 0.010446302 0.212644666 0.803706825
1403638577777829376.000000 2.192211390 7.533399105 3.618290901 -0.554467142 0.011389550 0.214761883 0.803936541
1403638577827829504.000000 2.206743956 7.594483852 3.647371292 -0.554220140 0.011373216 0.214924395 0.804063618
1403638577877829376.000000 2.222149611 7.663518429 3.678472996 -0.554008782 0.011589068 0.214666158 0.804275155
1403638577927829504.000000 2.237268686 7.732222557 3.710685730 -0.553703427 0.011687505 0.214408666 0.804552615
1403638577977829376.000000 2.253071308 7.799360752 3.743819237 0.553839445 -0.011520638 -0.213046417 -0.804823279
1403638578027829504.000000 2.270718813 7.867074966 3.777222157 0.553647578 -0.012153072 -0.212743253 -0.805026114
1403638578077829376.000000 2.286689520 7.918725491 3.806340218 -0.552870691 0.013839126 0.213695332 0.805280626
1403638578127829504.000000 2.308625698 7.985904694 3.840141296 -0.551876128 0.015890822 0.214940697 0.805593431
1403638578177829376.000000 2.332239628 8.052998543 3.874073029 -0.550096333 0.019592555 0.218628764 0.805736780
1403638578227829504.000000 2.356743097 8.114281654 3.907202244 -0.547679186 0.024945643 0.224004850 0.805758774
1403638578277829376.000000 2.382748604 8.181591988 3.940714359 -0.545710504 0.027815038 0.228365332 0.805776477
1403638578327829504.000000 2.408220768 8.248762131 3.974051476 -0.544706821 0.030519748 0.230942219 0.805623233
1403638578377829376.000000 2.432464838 8.314587593 4.007085323 0.544713378 -0.031445470 -0.231100529 -0.805537820
1403638578427829504.000000 2.454609871 8.380946159 4.040494442 0.544773161 -0.031166306 -0.231497124 -0.805394351
1403638578477829376.000000 2.472272158 8.432719231 4.068145275 -0.545033634 0.031697243 0.231453404 0.805209935
1403638578527829504.000000 2.490940094 8.498398781 4.101913452 -0.545059025 0.031649526 0.232069299 0.805017352
1403638578577829376.000000 2.508672237 8.563675880 4.135572910 -0.545403838 0.031900585 0.232100502 0.804764867
1403638578627829504.000000 2.525381565 8.625789642 4.168353081 0.545951426 -0.032526407 -0.231405884 -0.804568529
1403638578677829376.000000 2.539672613 8.683294296 4.197974682 -0.546820164 0.031870767 0.229770809 0.804473400
1403638578727829504.000000 2.554173470 8.746827126 4.230876923 -0.548050225 0.029827841 0.227174744 0.804451942
1403638578777829376.000000 2.567827940 8.809766769 4.263873100 -0.549559295 0.027538586 0.223810643 0.804447114
1403638578827829504.000000 2.580382824 8.870541573 4.297400951 0.550557911 -0.023751367 -0.220990598 -0.804664552
1403638578877829376.000000 2.592096090 8.927632332 4.327281475 -0.551908910 0.023161709 0.217682198 0.804658115
1403638578927829504.000000 2.604095936 8.988618851 4.361793518 -0.552568376 0.021794675 0.216241792 0.804632068
1403638578977829376.000000 2.617281914 9.048997879 4.396217823 -0.552868426 0.021259639 0.214473829 0.804913342
1403638579027829504.000000 2.632158995 9.109813690 4.429858685 0.552914619 -0.020753270 -0.213455498 -0.805165529
1403638579077829376.000000 2.650377512 9.170242310 4.463574886 0.552630603 -0.020818619 -0.213334501 -0.805390835
1403638579127829504.000000 2.670288324 9.219336510 4.490428448 -0.552676618 0.020988440 0.212438852 0.805591643
1403638579177829376.000000 2.692885399 9.278912544 4.523660183 -0.552597642 0.021175217 0.212389663 0.805653870
1403638579227829504.000000 2.716462135 9.337002754 4.556844234 -0.552414656 0.021400880 0.212361231 0.805780888
1403638579277829376.000000 2.742058992 9.391657829 4.588490486 0.551225662 -0.023226658 -0.214616910 -0.805946946
1403638579327829504.000000 2.770491362 9.450070381 4.619976997 -0.550615191 0.024444716 0.215697318 0.806039751
1403638579377829376.000000 2.795621395 9.505710602 4.653254509 -0.548333943 0.028488090 0.221240014 0.805959761
1403638579427829504.000000 2.819419146 9.560986519 4.686875820 -0.546914160 0.031982481 0.224624261 0.805857301
1403638579477829376.000000 2.840391159 9.610212326 4.717258453 -0.545424521 0.035489786 0.228062272 0.805754423
1403638579527829504.000000 2.860870600 9.663610458 4.751208305 -0.543816745 0.038240567 0.229586393 0.806282341
1403638579577829376.000000 2.880609035 9.716711998 4.784991264 -0.542562723 0.043194704 0.226883233 0.807640910
1403638579627829504.000000 2.897833824 9.765821457 4.814771175 -0.540553808 0.048977651 0.222215205 0.809952617
1403638579677829376.000000 2.914801836 9.816515923 4.847983837 -0.537099004 0.052665152 0.215938166 0.813708723
1403638579727829504.000000 2.930126190 9.865815163 4.881313801 -0.532242775 0.053731691 0.208024248 0.818875134
1403638579777829376.000000 2.961969614 9.921398163 4.915033817 -0.524730682 0.053521033 0.200727448 0.825531244
1403638579827829504.000000 2.973691940 9.967554092 4.949174881 -0.515300274 0.049443189 0.194328293 0.833221197
1403638579877829376.000000 2.984046221 10.012117386 4.983933449 -0.503664315 0.044477977 0.187841550 0.842056751
1403638579927829504.000000 2.994112492 10.055673599 5.017746925 -0.489995211 0.041675687 0.182033479 0.851487875
1403638579977829376.000000 3.002542257 10.097426414 5.053507328 -0.474761426 0.040240362 0.175484225 0.861503065
1403638580027829504.000000 3.010693312 10.137852669 5.089486599 -0.459192336 0.043528199 0.165552557 0.871688128
1403638580077829376.000000 3.022901058 10.192827225 5.133806229 -0.442644775 0.048561838 0.154550657 0.881941855
1403638580127829504.000000 3.029589891 10.228832245 5.169187546 -0.424178004 0.054696050 0.144357681 0.892324090
1403638580177829376.000000 3.035285473 10.262755394 5.204973698 0.404483765 -0.058236904 -0.134493589 -0.902725279
1403638580227829504.000000 3.041664839 10.294093132 5.240124702 -0.383494616 0.060764935 0.126183093 0.912862241
1403638580277829376.000000 3.043713570 10.323080063 5.275057793 -0.362277836 0.061016321 0.119363509 0.922379673
1403638580327829504.000000 3.043924332 10.350189209 5.309462070 -0.341297418 0.059533466 0.115016803 0.930990338
1403638580377829376.000000 3.042870522 10.376874924 5.342573643 0.321753651 -0.058366116 -0.113312766 -0.938204825
1403638580427829504.000000 3.054381847 10.414608955 5.382365227 -0.304240704 0.056433197 0.113918468 0.944073915
1403638580477829376.000000 3.050147057 10.438700676 5.413326263 -0.290284723 0.054862536 0.113336928 0.948619902
1403638580527829504.000000 3.045048714 10.462273598 5.443361282 -0.278332889 0.054651026 0.113085151 0.952237248
1403638580577829376.000000 3.045483351 10.484321594 5.471390247 -0.267989606 0.053340666 0.111480042 0.955462515
1403638580627829504.000000 3.039104939 10.506791115 5.499850750 -0.257186025 0.050737012 0.110040605 0.958734691
1403638580677829376.000000 3.032833338 10.528800964 5.526896954 -0.246938705 0.046425521 0.107003190 0.961985648
1403638580727829504.000000 3.028456211 10.548306465 5.551281929 0.237148941 -0.041863505 -0.103729509 -0.965012014
1403638580777829376.000000 3.025247574 10.569194794 5.574117661 0.230006427 -0.037733097 -0.099454165 -0.967358351
1403638580827829504.000000 3.035323143 10.606397629 5.608181477 -0.224078000 0.034908555 0.096373282 0.969165981
1403638580877829376.000000 3.034698248 10.626548767 5.627112865 -0.219904885 0.031503651 0.092492983 0.970615566
1403638580927829504.000000 3.036704540 10.646757126 5.644920826 -0.216140673 0.031658296 0.091440193 0.971555352
1403638580977829376.000000 3.041017056 10.668519020 5.662447929 0.212819755 -0.031541817 -0.092669435 -0.972175539
1403638581027829504.000000 3.046596527 10.689277649 5.678041458 0.211363137 -0.031239899 -0.092036240 -0.972563148
1403638581077829376.000000 3.054213285 10.710079193 5.692857265 0.210631773 -0.030903336 -0.091622993 -0.972771525
1403638581127829504.000000 3.063681841 10.730888367 5.706774712 0.211154178 -0.031117138 -0.089844786 -0.972817361
1403638581177829376.000000 3.074634552 10.751656532 5.720283985 0.211893305 -0.031318888 -0.088843465 -0.972742140
1403638581227829504.000000 3.085233450 10.771722794 5.733030319 0.213068783 -0.030749010 -0.087774508 -0.972600579
1403638581277829376.000000 3.095139742 10.791357994 5.745332241 0.215151563 -0.030684628 -0.086259909 -0.972279549
1403638581327829504.000000 3.141265392 10.818615913 5.769013882 -0.216582790 0.030010918 0.086361378 0.971973777
1403638581377829376.000000 3.152108669 10.837234497 5.780852318 -0.218329325 0.031317919 0.085594356 0.971609533
1403638581427829504.000000 3.162901878 10.854918480 5.792485237 -0.219869033 0.032348037 0.085369609 0.971248329
1403638581477829376.000000 3.179176331 10.872419357 5.801937103 0.221528217 -0.033668313 -0.085733689 -0.970794261
1403638581527829504.000000 3.194083691 10.889169693 5.811580658 0.223278150 -0.033013970 -0.086043514 -0.970388353
1403638581577829376.000000 3.190064192 10.919652939 5.842762947 -0.224617764 0.034224849 0.085678786 0.970069468
1403638581627829504.000000 3.206081867 10.935512543 5.852549553 -0.226586029 0.036975380 0.084903851 0.969578743
1403638581677829376.000000 3.220913649 10.950691223 5.862751484 -0.228676841 0.040426288 0.083121486 0.969104469
1403638581727829504.000000 3.237636089 10.965348244 5.875730515 0.230247408 -0.043998454 -0.082663029 -0.968616128
1403638581777829376.000000 3.249984503 10.978986740 5.887587070 0.231134921 -0.045321397 -0.083672136 -0.968257010
1403638581827829504.000000 3.260740757 10.991766930 5.899685860 0.232297763 -0.046049424 -0.082940415 -0.968007267
1403638581877829376.000000 3.270615101 11.003593445 5.911912918 0.233345091 -0.050007984 -0.082229458 -0.967619538
1403638581927829504.000000 3.279849768 11.014426231 5.923977852 0.234393865 -0.057112552 -0.081185609 -0.967060864
1403638581977829376.000000 3.287919044 11.024003029 5.935634613 0.235369101 -0.062689997 -0.079371743 -0.966628909
1403638582027829504.000000 3.294836998 11.032287598 5.946341038 0.235715583 -0.062870935 -0.079516381 -0.966520905
1403638582077829376.000000 3.287300110 11.052646637 5.979928017 -0.235570550 0.059219163 0.081385307 0.966631353
1403638582127829504.000000 3.296163559 11.058509827 5.987937450 -0.235668838 0.051710688 0.082091160 0.966978490
1403638582177829376.000000 3.310761452 11.064252853 5.995860100 0.234264895 -0.046333004 -0.085577324 -0.967289984
1403638582227829504.000000 3.326365948 11.068990707 6.001789570 0.234864771 -0.041032970 -0.085160054 -0.967420638
1403638582277829376.000000 3.352122545 11.065075874 5.988590717 -0.234704226 0.041047841 0.085085444 0.967465580
1403638582327829504.000000 3.373979092 11.068181992 5.991390228 -0.235572010 0.043788686 0.082675517 0.967343390
1403638582377829376.000000 3.388575077 11.079926491 6.010995865 0.235632002 -0.046975031 -0.082124911 -0.967226148
1403638582427829504.000000 3.413552999 11.081976891 6.012299538 0.236222029 -0.048270315 -0.080672741 -0.967140734
1403638582477829376.000000 3.440593243 11.082782745 6.011827469 0.236485526 -0.049028579 -0.079803109 -0.967110336
1403638582527829504.000000 3.426746130 11.089108467 6.026293755 -0.236550897 0.050555848 0.079268746 0.967059612
1403638582577829376.000000 3.458711147 11.088113785 6.023070335 -0.236840874 0.050407995 0.078337900 0.967072248
1403638582627829504.000000 3.491043329 11.085836411 6.018642902 0.236820519 -0.050794460 -0.078539744 -0.967040539
1403638582677829376.000000 3.525463343 11.082595825 6.012928009 0.236899972 -0.048508320 -0.078565843 -0.967136383
1403638582727829504.000000 3.568793535 11.067512512 5.987419128 -0.236667290 0.046090905 0.079681449 0.967220366
1403638582777829376.000000 3.606692553 11.062652588 5.980184555 -0.236432776 0.045319516 0.080971420 0.967207015
1403638582827829504.000000 3.644700050 11.057056427 5.972638607 -0.236862808 0.043286718 0.080796376 0.967209518
1403638582877829376.000000 3.627852440 11.066599846 5.999602318 -0.237178043 0.042947441 0.080934942 0.967135847
1403638582927829504.000000 3.662229300 11.059196472 5.992309570 -0.237268984 0.040991873 0.081651241 0.967138171
1403638582977829376.000000 3.694702864 11.051066399 5.985672474 -0.237204924 0.038546279 0.082798623 0.967156887
1403638583027829504.000000 3.715787172 11.042226791 5.981663227 -0.237449661 0.035852041 0.083261840 0.967160702
1403638583077829376.000000 3.743717670 11.033201218 5.976705551 -0.237458020 0.033735208 0.084469810 0.967130065
1403638583127829504.000000 3.768141508 11.022730827 5.971843719 0.237734273 -0.031877115 -0.084381521 -0.967132926
1403638583177829376.000000 3.783487320 11.013660431 5.972593784 -0.237896547 0.030640991 0.084942311 0.967083871
1403638583227829504.000000 3.806029320 11.002734184 5.970219612 -0.237749398 0.029588804 0.086082794 0.967051983
1403638583277829376.000000 3.826528788 10.991117477 5.968983650 0.237577245 -0.029311813 -0.086668879 -0.967050374
1403638583327829504.000000 3.824282646 10.993925095 5.988230705 -0.238044366 0.029994639 0.085565031 0.967012882
1403638583377829376.000000 3.843077421 10.981578827 5.988404751 -0.237646297 0.030064845 0.085986838 0.967071176
1403638583427829504.000000 3.865595102 10.964629173 5.989542961 -0.237901628 0.029136138 0.086039469 0.967032194
1403638583477829376.000000 3.883629560 10.952254295 5.991158485 -0.237857327 0.028526802 0.086030282 0.967061996
1403638583527829504.000000 3.901944399 10.939650536 5.993398666 0.237698257 -0.028116440 -0.086243853 -0.967094123
1403638583577829376.000000 3.915490866 10.932085991 5.995891571 0.237919942 -0.028780051 -0.085783765 -0.967061043
1403638583627829504.000000 3.946177959 10.912622452 5.994636059 0.238026500 -0.028210524 -0.085390247 -0.967086434
1403638583677829376.000000 3.950574160 10.910527229 6.004611015 -0.238622561 0.028495578 0.083723985 0.967076898
1403638583727829504.000000 3.974669695 10.895262718 6.004488468 -0.238573447 0.028742941 0.083882414 0.967067957
1403638583777829376.000000 3.997729301 10.879628181 6.005313873 -0.238306403 0.028899752 0.083980381 0.967120647
1403638583827829504.000000 4.014660358 10.863461494 6.022239685 -0.238852501 0.028810440 0.083283633 0.967048824
1403638583877829376.000000 4.033807278 10.847247124 6.025732040 -0.238724574 0.030076556 0.083423480 0.967029810
1403638583927829504.000000 4.048473835 10.839136124 6.036951542 -0.238483235 0.030503169 0.083394736 0.967078447
1403638583977829376.000000 4.063943386 10.822090149 6.043576241 -0.238808677 0.030297609 0.082829066 0.967053235
1403638584027829504.000000 4.077036858 10.804779053 6.051609993 0.238934904 -0.031757608 -0.082214624 -0.967027605
1403638584077829376.000000 4.098155499 10.783508301 6.043480396 -0.239916548 0.036771871 0.079670191 0.966819882
1403638584127829504.000000 4.110638142 10.764620781 6.052007675 -0.240577370 0.044309933 0.077521920 0.966514170
1403638584177829376.000000 4.111473083 10.749249458 6.079508781 0.241072789 -0.052220501 -0.075466633 -0.966158271
1403638584227829504.000000 4.110431194 10.706468582 6.012001991 -0.240789011 0.062181208 0.073407233 0.965797901
1403638584277829376.000000 4.117407322 10.684988976 6.021709919 -0.240313619 0.069079064 0.073734693 0.965422571
1403638584327829504.000000 4.121834278 10.662368774 6.031177998 -0.241119966 0.072118267 0.071958430 0.965133250
1403638584377829376.000000 4.125360489 10.639415741 6.040965080 0.240899488 -0.073721364 -0.072082527 -0.965057909
1403638584427829504.000000 4.126010895 10.614313126 6.049468040 0.240920901 -0.073725775 -0.072055213 -0.965054274
1403638584477829376.000000 4.125528812 10.587755203 6.056953430 0.241186723 -0.073962383 -0.071073048 -0.965042591
1403638584527829504.000000 4.124688148 10.559627533 6.063174725 0.240618512 -0.074645303 -0.072587654 -0.965019166
1403638584577829376.000000 4.124527454 10.530222893 6.067501068 0.240965739 -0.073755182 -0.071288899 -0.965097785
1403638584627829504.000000 4.125851154 10.499444008 6.069927216 0.240295216 -0.072899565 -0.072490059 -0.965240479
1403638584677829376.000000 4.128803253 10.467220306 6.070478916 0.239855558 -0.070901930 -0.073444791 -0.965426445
1403638584727829504.000000 4.143670082 10.419834137 6.026530743 -0.239143863 0.066711821 0.074438848 0.965825438
1403638584777829376.000000 4.147756577 10.384965897 6.023583412 -0.238198146 0.059282932 0.076761700 0.966361642
1403638584827829504.000000 4.153284550 10.350913048 6.020474434 0.237330958 -0.053043861 -0.078968696 -0.966759741
1403638584877829376.000000 4.159551620 10.324073792 6.046955585 -0.235682756 0.045850422 0.083339803 0.967163861
1403638584927829504.000000 4.164339066 10.288150787 6.043187141 -0.235516757 0.042221077 0.084724799 0.967249274
1403638584977829376.000000 4.167779922 10.251313210 6.038842678 0.235325933 -0.039294709 -0.085640207 -0.967338324
1403638585027829504.000000 4.175069809 10.191726685 5.973676205 -0.234900057 0.037321556 0.086548410 0.967439175
1403638585077829376.000000 4.175745964 10.155218124 5.971901417 -0.235455215 0.036910590 0.086216494 0.967349648
1403638585127829504.000000 4.175175190 10.116616249 5.970194817 0.234566852 -0.036780428 -0.088254690 -0.967386603
1403638585177829376.000000 4.172847748 10.078824997 5.969528675 0.234366491 -0.037074544 -0.088891022 -0.967365623
1403638585227829504.000000 4.169696808 10.041007996 5.969432354 0.234713584 -0.038649645 -0.088530935 -0.967252851
1403638585277829376.000000 4.165559769 10.003057480 5.970046043 0.234941974 -0.040428448 -0.087816752 -0.967189729
1403638585327829504.000000 4.167997360 9.952888489 5.935625553 -0.234981582 0.042725328 0.087265402 0.967131376
1403638585377829376.000000 4.161134243 9.914530754 5.937207699 -0.234862447 0.044060018 0.087144233 0.967111349
1403638585427829504.000000 4.153425694 9.876134872 5.938910961 -0.234873965 0.043933697 0.087224029 0.967107117
1403638585477829376.000000 4.148440361 9.838473320 5.939486027 0.234921291 -0.043442108 -0.087357275 -0.967105806
1403638585527829504.000000 4.144608498 9.828886032 5.994389057 -0.235009551 0.042087924 0.087064952 0.967170537
1403638585577829376.000000 4.142217159 9.790828705 5.995458603 -0.234450951 0.040490054 0.087821290 0.967305958
1403638585627829504.000000 4.141726971 9.752286911 5.993151188 0.234492928 -0.038640372 -0.087477081 -0.967402637
1403638585677829376.000000 4.136954784 9.678870201 5.938678741 -0.234397858 0.036051605 0.087673061 0.967507899
1403638585727829504.000000 4.139162540 9.640381813 5.936298370 -0.233966932 0.031756930 0.088619813 0.967676401
1403638585777829376.000000 4.157914162 9.593190193 5.885107517 -0.233058363 0.026840976 0.090726972 0.967849195
1403638585827829504.000000 4.166194916 9.557069778 5.882911682 0.232857645 -0.023003234 -0.091598146 -0.967914224
1403638585877829376.000000 4.176402092 9.521557808 5.881580353 0.232236043 -0.019683434 -0.093337797 -0.967970610
1403638585927829504.000000 4.188680649 9.486500740 5.880260468 0.231874213 -0.018373383 -0.095273264 -0.967894554
1403638585977829376.000000 4.202697754 9.438037872 5.858288765 -0.231839061 0.019280823 0.095996618 0.967813849
1403638586027829504.000000 4.218278885 9.404128075 5.857629299 -0.232167229 0.022943595 0.095692806 0.967685342
1403638586077829376.000000 4.232347012 9.368525505 5.856293678 0.233067945 -0.026405191 -0.094781861 -0.967470229
1403638586127829504.000000 4.230486870 9.340950012 5.902083874 -0.234067321 0.029359296 0.094428323 0.967178285
1403638586177829376.000000 4.241739750 9.306796074 5.903583527 -0.234460056 0.031373814 0.093591012 0.967101336
1403638586227829504.000000 4.251662731 9.271325111 5.902995110 0.235046580 -0.033429872 -0.092728756 -0.966973126
1403638586277829376.000000 4.260482311 9.237029076 5.904434204 0.235700235 -0.035772063 -0.091645174 -0.966833532
1403638586327829504.000000 4.267786503 9.200459480 5.895160198 -0.236856580 0.038926639 0.089667507 0.966614425
1403638586377829376.000000 4.274264336 9.166214943 5.897603035 -0.238545015 0.041228782 0.085754722 0.966458857
1403638586427829504.000000 4.298818588 9.111968994 5.834047318 -0.240419164 0.043193400 0.081577241 0.966270208
1403638586477829376.000000 4.303004265 9.076745033 5.835992813 -0.242319956 0.043816958 0.077387646 0.966111958
1403638586527829504.000000 4.306648254 9.038721085 5.835771561 -0.243738860 0.044915650 0.074560568 0.965926886
1403638586577829376.000000 4.307754993 9.001532555 5.838862419 -0.243549302 0.044970602 0.075262286 0.965917766
1403638586627829504.000000 4.307291508 8.963497162 5.841112614 0.242686763 -0.043837558 -0.077456519 -0.966013432
1403638586677829376.000000 4.305546761 8.925000191 5.844462872 0.242400274 -0.043232400 -0.078595079 -0.966020644
1403638586727829504.000000 4.302279472 8.886017799 5.848445892 0.241165206 -0.043708131 -0.081510745 -0.966066778
1403638586777829376.000000 4.297403336 8.846502304 5.852985382 0.240455881 -0.043747362 -0.083110489 -0.966105461
1403638586827829504.000000 4.291393757 8.806625366 5.857885361 0.239653409 -0.045133010 -0.084900834 -0.966085494
1403638586877829376.000000 4.273857117 8.782671928 5.851288795 -0.237971678 0.046783436 0.085626073 0.966358662
1403638586927829504.000000 4.265018463 8.741828918 5.856578827 -0.238246426 0.047391180 0.085024700 0.966314435
1403638586977829376.000000 4.254890919 8.699399948 5.861341476 0.238048613 -0.047290571 -0.085295118 -0.966344297
1403638587027829504.000000 4.245992184 8.654108047 5.863621712 -0.237732187 0.047740925 0.085729808 0.966361582
1403638587077829376.000000 4.234830379 8.611577034 5.868318081 -0.237698585 0.047617882 0.086131826 0.966340125
1403638587127829504.000000 4.225840569 8.575458527 5.871488571 -0.237341046 0.047533140 0.086622186 0.966388345
1403638587177829376.000000 4.218429565 8.532076836 5.873686790 -0.237266198 0.045802183 0.086233497 0.966525078
1403638587227829504.000000 4.215460777 8.482106209 5.873227119 -0.237007394 0.043756161 0.086137615 0.966691911
1403638587277829376.000000 4.212389469 8.437943459 5.873217583 -0.236844704 0.042868070 0.086611658 0.966729224
1403638587327829504.000000 4.210523605 8.392013550 5.871888161 0.237092152 -0.040902708 -0.086644448 -0.966750801
1403638587377829376.000000 4.209254265 8.346036911 5.869720459 0.236628488 -0.040108845 -0.087081604 -0.966858327
1403638587427829504.000000 4.209970474 8.304654121 5.868166924 -0.236443445 0.039800916 0.088169076 0.966817796
1403638587477829376.000000 4.209733486 8.258527756 5.866001129 -0.236100435 0.039727625 0.089534886 0.966779113
1403638587527829504.000000 4.208729744 8.212373734 5.864230156 -0.236003429 0.040158052 0.089718588 0.966767967
1403638587577829376.000000 4.205969334 8.186178207 5.867633820 -0.235724434 0.039730266 0.090802044 0.966752589
1403638587627829504.000000 4.202423573 8.140154839 5.866761208 -0.235636488 0.040293530 0.091328181 0.966701090
1403638587677829376.000000 4.197546482 8.096257210 5.866781712 -0.235867500 0.040310565 0.091431879 0.966634333
1403638587727829504.000000 4.192021847 8.051130295 5.867003441 -0.235916793 0.040504791 0.091176823 0.966638207
1403638587777829376.000000 4.185168743 8.005601883 5.867756844 0.236072421 -0.040800836 -0.091831312 -0.966525853
1403638587827829504.000000 4.177616119 7.961306572 5.869901657 -0.235982627 0.041003432 0.092603333 0.966465533
1403638587877829376.000000 4.168652534 7.915989399 5.871541977 -0.235870883 0.041333567 0.093048349 0.966436028
1403638587927829504.000000 4.158541679 7.871560097 5.873268127 0.236025304 -0.041561574 -0.093278602 -0.966366291
1403638587977829376.000000 4.147583008 7.826970100 5.875305653 0.235993430 -0.041865233 -0.093605667 -0.966329396
1403638588027829504.000000 4.142606258 7.791616440 5.877742290 -0.235879764 0.042686358 0.093470886 0.966334283
1403638588077829376.000000 4.130292416 7.747334003 5.880106926 -0.236295775 0.042893264 0.092119016 0.966353297
1403638588127829504.000000 4.117187500 7.704486847 5.883868217 -0.237473682 0.042284325 0.089806095 0.966309130
1403638588177829376.000000 4.102939606 7.660619259 5.886373997 -0.239484057 0.041789476 0.084745400 0.966291547
1403638588227829504.000000 4.090015411 7.615208626 5.888870716 -0.240327165 0.041060776 0.082375735 0.966318369
1403638588277829376.000000 4.076412678 7.569952488 5.891054630 -0.240606159 0.040795345 0.081101507 0.966367960
1403638588327829504.000000 4.065775394 7.530177593 5.894390583 -0.240501150 0.040231399 0.081149235 0.966413736
1403638588377829376.000000 4.055966377 7.484094620 5.896020412 -0.240813717 0.040326506 0.080119915 0.966417789
1403638588427829504.000000 4.048169613 7.436669827 5.896645069 0.240335509 -0.040504340 -0.081168480 -0.966441870
1403638588477829376.000000 4.054955006 7.398189545 5.902952194 -0.239888892 0.040433310 0.081936985 0.966490984
1403638588527829504.000000 4.050252438 7.349663734 5.901515007 -0.239304602 0.040894210 0.083592974 0.966474652
1403638588577829376.000000 4.053940773 7.307363987 5.904132843 -0.238723636 0.041634258 0.084691323 0.966491103
1403638588627829504.000000 4.052692890 7.258194923 5.900538445 -0.238011345 0.042173449 0.085897699 0.966536939
1403638588677829376.000000 4.053042889 7.209697247 5.894911289 0.237433568 -0.043081831 -0.087136187 -0.966528118
1403638588727829504.000000 4.056303024 7.157138824 5.888307095 -0.236794695 0.044974454 0.089125030 0.966417253
1403638588777829376.000000 4.057720661 7.107604504 5.882116318 -0.236828774 0.045467559 0.089252532 0.966374099
1403638588827829504.000000 4.055705070 7.055991650 5.876232624 0.236534312 -0.046001095 -0.090268239 -0.966326654
1403638588877829376.000000 4.056225777 7.005186558 5.870396614 0.236026421 -0.046171270 -0.092550524 -0.966226757
1403638588927829504.000000 4.052911758 6.954605103 5.865214348 0.236292452 -0.046227809 -0.092232004 -0.966189504
1403638588977829376.000000 4.061061859 6.920062065 5.871430397 -0.236417681 0.046099149 0.092646331 0.966125369
1403638589027829504.000000 4.053708553 6.869454861 5.867045403 -0.236593440 0.045998745 0.092887834 0.966063976
1403638589077829376.000000 4.048053265 6.820692539 5.863978386 -0.236968040 0.045583386 0.092597328 0.966019690
1403638589127829504.000000 4.038122654 6.769859314 5.860372543 -0.237609550 0.045571487 0.091700770 0.965948224
1403638589177829376.000000 4.026113510 6.717576504 5.855956078 0.237944677 -0.045952406 -0.091154777 -0.965899348
1403638589227829504.000000 4.017518997 6.669792175 5.854458809 -0.237672120 0.046159700 0.091611490 0.965913355
1403638589277829376.000000 4.005123615 6.619273663 5.851211548 -0.237713456 0.047817096 0.091477022 0.965835273
1403638589327829504.000000 3.995140791 6.572781563 5.850264072 -0.237885401 0.047316369 0.091658480 0.965800464
1403638589377829376.000000 3.982990026 6.521849155 5.846287727 -0.237743050 0.048186753 0.091230519 0.965833008
1403638589427829504.000000 3.984355927 6.495156765 5.867192745 -0.237447172 0.047290485 0.092214212 0.965856671
1403638589477829376.000000 3.973835945 6.444581509 5.861693859 -0.237802804 0.046647165 0.091888450 0.965831518
1403638589527829504.000000 3.967600822 6.397473335 5.856871128 -0.237304136 0.046782739 0.092348754 0.965903699
1403638589577829376.000000 3.959824800 6.346971035 5.849292755 -0.237445727 0.046707414 0.092582926 0.965850115
1403638589627829504.000000 3.954952478 6.297253609 5.841145515 0.237503678 -0.047114547 -0.091963217 -0.965875268
1403638589677829376.000000 3.951808214 6.247195721 5.832115650 0.237148494 -0.045873959 -0.092801921 -0.965942025
1403638589727829504.000000 3.952252150 6.203154087 5.827602386 -0.237422198 0.044120513 0.092843257 0.965952516
1403638589777829376.000000 3.951228142 6.153176785 5.816406250 -0.237759292 0.043111771 0.092725366 0.965926528
1403638589827829504.000000 3.950306177 6.104882717 5.805843830 0.237680689 -0.042433619 -0.093764730 -0.965875566
1403638589877829376.000000 3.950018883 6.057360172 5.795516014 -0.238289490 0.041820608 0.093540311 0.965774000
1403638589927829504.000000 3.946169376 6.008565903 5.785743713 -0.238700390 0.041401692 0.093108863 0.965732276
1403638589977829376.000000 3.941720963 5.960301399 5.777092934 0.238887399 -0.041567262 -0.093708381 -0.965620935
1403638590027829504.000000 3.935727119 5.911773682 5.768601894 0.238702849 -0.041821450 -0.094860949 -0.965543091
1403638590077829376.000000 3.928591728 5.863338470 5.760469437 0.239019558 -0.041467056 -0.094634645 -0.965502203
1403638590127829504.000000 3.911097288 5.821442127 5.758517742 -0.239416927 0.042568225 0.094782315 0.965341330
1403638590177829376.000000 3.902086258 5.773544788 5.751451492 -0.239672482 0.043077130 0.094621181 0.965271115
1403638590227829504.000000 3.892514467 5.726005554 5.744573593 0.239924416 -0.043829806 -0.094868794 -0.965150356
1403638590277829376.000000 3.881851912 5.678438663 5.737979889 0.239711329 -0.044206224 -0.095387928 -0.965134919
1403638590327829504.000000 3.871438980 5.632816315 5.731162071 -0.240035444 0.044272810 0.095060326 0.965083659
1403638590377829376.000000 3.859199524 5.585537434 5.725028038 -0.240166336 0.043412339 0.095581897 0.965038657
1403638590427829504.000000 3.807537317 5.574128151 5.722843170 -0.239551902 0.043982062 0.094856031 0.965237200
1403638590477829376.000000 3.794754744 5.526958942 5.716730118 -0.239407659 0.043936867 0.095605426 0.965201080
1403638590527829504.000000 3.781802416 5.480974197 5.710551739 -0.239095271 0.043828558 0.096160755 0.965228319
1403638590577829376.000000 3.770314217 5.434269905 5.703449726 -0.238958389 0.042014688 0.096627034 0.965296328
1403638590627829504.000000 3.754087925 5.390629292 5.699705124 -0.238714278 0.040313303 0.096883245 0.965403557
1403638590677829376.000000 3.747027874 5.344307899 5.691639900 -0.238019809 0.039098170 0.098335549 0.965478182
1403638590727829504.000000 3.740812302 5.300567150 5.682823658 -0.237739027 0.038432039 0.099183768 0.965487361
1403638590777829376.000000 3.738168716 5.255776405 5.672955036 -0.237678021 0.037578866 0.099059701 0.965548694
1403638590827829504.000000 3.733334780 5.212894440 5.664100647 -0.237813830 0.036620591 0.098843098 0.965574265
1403638590877829376.000000 3.733976603 5.169983387 5.654558182 -0.237929299 0.036029991 0.098879054 0.965564311
1403638590927829504.000000 3.736208439 5.127420425 5.644311905 0.237508267 -0.035520539 -0.099910088 -0.965580702
1403638590977829376.000000 3.734697342 5.082289219 5.633759499 -0.237368166 0.034865201 0.100236729 0.965605259
1403638591027829504.000000 3.739159822 5.039971352 5.621647835 -0.237206846 0.033836205 0.101465307 0.965553164
1403638591077829376.000000 3.739958525 5.003724575 5.612934589 -0.236992151 0.033053342 0.102109931 0.965565026
1403638591127829504.000000 3.742637157 4.962689877 5.601745605 -0.237108499 0.029075103 0.102307849 0.965643525
1403638591177829376.000000 3.742602348 4.922356129 5.592536926 -0.237036958 0.025262905 0.103186913 0.965674818
1403638591227829504.000000 3.741904974 4.882843971 5.583990574 -0.236815989 0.019904738 0.104215197 0.965743899
1403638591277829376.000000 3.739614487 4.842653751 5.577258587 -0.236394569 0.014299802 0.105808504 0.965773165
1403638591327829504.000000 3.737125397 4.804257393 5.572066307 -0.235644102 0.009240368 0.107820921 0.965795577
1403638591377829376.000000 3.733751059 4.766976833 5.568861961 0.235213935 -0.006037078 -0.109315172 -0.965757906
1403638591427829504.000000 3.730122328 4.730842113 5.567476749 0.234881192 -0.002978390 -0.110749170 -0.965689719
1403638591477829376.000000 3.725738287 4.696025372 5.568117619 0.234248325 -0.000582459 -0.112302989 -0.965668440
1403638591527829504.000000 3.716468811 4.677985191 5.559344769 -0.233272180 -0.001548694 0.114076078 0.965695798
1403638591577829376.000000 3.710516453 4.645877838 5.564262390 -0.232843801 -0.004385443 0.115374178 0.965636253
1403638591627829504.000000 3.704566479 4.614869118 5.571497917 0.232458055 0.005572218 -0.116275549 -0.965614974
1403638591677829376.000000 3.698923349 4.585539818 5.580462456 0.232411787 0.005133456 -0.117005929 -0.965540349
1403638591727829504.000000 3.693866968 4.557924271 5.591140747 0.232736707 0.003657634 -0.117041707 -0.965464413
1403638591777829376.000000 3.691506147 4.540068150 5.598432541 -0.233021781 -0.001363335 0.115364224 0.965603530
1403638591827829504.000000 3.688222170 4.515789032 5.611903667 -0.233081028 0.001294349 0.115426466 0.965581894
1403638591877829376.000000 3.686935902 4.493306160 5.626126289 0.233306408 -0.003139408 -0.114372224 -0.965648651
1403638591927829504.000000 3.688040257 4.472193718 5.641188622 0.233304739 -0.006553649 -0.113821149 -0.965696990
1403638591977829376.000000 3.691239834 4.452417374 5.656464100 0.233492494 -0.008244161 -0.113595866 -0.965665281
1403638592027829504.000000 3.698153019 4.434231758 5.672117233 0.233470753 -0.011694935 -0.113202848 -0.965681016
1403638592077829376.000000 3.709816694 4.423458099 5.689901829 -0.233188629 0.013275902 0.112760954 0.965780437
1403638592127829504.000000 3.721332788 4.407973766 5.706525326 -0.232772872 0.015085940 0.112194076 0.965920150
1403638592177829376.000000 3.736311436 4.393846989 5.723615170 -0.230490729 0.019764630 0.112545319 0.966342032
1403638592227829504.000000 3.752869129 4.386921883 5.727805614 -0.227086350 0.025876096 0.111839861 0.967085361
1403638592277829376.000000 3.773606062 4.375190258 5.743844986 -0.222637817 0.032994792 0.111394100 0.967954099
1403638592327829504.000000 3.796103954 4.364509106 5.757580280 -0.217296690 0.038393676 0.110426933 0.969078958
1403638592377829376.000000 3.819842339 4.354895592 5.772005081 -0.209927484 0.042956140 0.109261647 0.970642686
1403638592427829504.000000 3.845930099 4.345514297 5.784136772 -0.201419905 0.045695897 0.106742762 0.972598553
1403638592477829376.000000 3.872627974 4.337801933 5.795840740 -0.192335322 0.046207026 0.104018889 0.974706233
1403638592527829504.000000 3.900889397 4.331061840 5.805699825 0.184689119 -0.043717265 -0.099978760 -0.976720512
1403638592577829376.000000 3.929596424 4.324062824 5.806139946 -0.178070143 0.040037163 0.095840365 0.978520691
1403638592627829504.000000 3.960151196 4.320048332 5.814006805 -0.171917900 0.036391426 0.092168704 0.980114758
1403638592677829376.000000 3.991493225 4.317246914 5.821389198 -0.166575074 0.032016575 0.089409009 0.981444716
1403638592727829504.000000 4.022234917 4.315328598 5.828365803 0.162152112 -0.027648341 -0.086892523 -0.982543647
1403638592777829376.000000 4.051941395 4.314658642 5.836747169 0.158329055 -0.022847611 -0.085324280 -0.983427584
1403638592827829504.000000 4.080233097 4.313077927 5.843441963 -0.154976666 0.018776165 0.084704570 0.984101057
1403638592877829376.000000 4.107605457 4.314399719 5.853945732 -0.152532443 0.015974738 0.083273940 0.984654367
1403638592927829504.000000 4.134132862 4.316879272 5.865440845 -0.151121944 0.014102504 0.081899896 0.985015571
1403638592977829376.000000 4.160129070 4.320006371 5.878402710 0.150037766 -0.012729717 -0.080360442 -0.985326827
1403638593027829504.000000 4.186225891 4.319417953 5.879800320 -0.148918420 0.012381689 0.080198281 0.985514283
1403638593077829376.000000 4.210360527 4.325018883 5.895619869 -0.148412794 0.011864137 0.079751134 0.985633135
1403638593127829504.000000 4.235179901 4.331454277 5.912436008 -0.147908807 0.012659946 0.079537734 0.985716224
1403638593177829376.000000 4.261998653 4.339224339 5.929465771 0.147853464 -0.015209684 -0.079082057 -0.985725164
1403638593227829504.000000 4.290598392 4.345077991 5.943722248 -0.149249330 0.019062987 0.076526843 0.985649467
1403638593277829376.000000 4.320905685 4.354664803 5.961677074 -0.151245788 0.021444758 0.072556630 0.985596478
1403638593327829504.000000 4.353222370 4.364825726 5.980073929 -0.153278083 0.024071898 0.068381235 0.985520363
1403638593377829376.000000 4.387579918 4.368587971 5.981414318 -0.155870691 0.027785059 0.063651152 0.985332906
1403638593427829504.000000 4.420128822 4.378684998 5.999210835 -0.158628389 0.032375336 0.058558449 0.985068440
1403638593477829376.000000 4.450791359 4.387919903 6.017666817 0.160350785 -0.035887931 -0.056292508 -0.984799922
1403638593527829504.000000 4.481078625 4.394610882 6.036796570 -0.162057742 0.038592666 0.054331306 0.984528363
1403638593577829376.000000 4.508674145 4.402871609 6.057209969 -0.163312823 0.040506709 0.052937217 0.984319985
1403638593627829504.000000 4.534620285 4.410400391 6.078264236 -0.164319709 0.041586541 0.052601330 0.984125435
1403638593677829376.000000 4.558948040 4.415736675 6.099029064 0.165329620 -0.042246453 -0.051285822 -0.983997583
1403638593727829504.000000 4.584098816 4.416238785 6.103539944 -0.165727481 0.044584315 0.051365118 0.983823359
1403638593777829376.000000 4.606178761 4.420493603 6.125743389 -0.166282997 0.047668278 0.051044017 0.983601689
1403638593827829504.000000 4.628555298 4.423490524 6.147394180 -0.165068671 0.055348113 0.053220738 0.983288646
1403638593877829376.000000 4.653155327 4.423603058 6.165893555 -0.162318364 0.066005573 0.054396067 0.983024478
1403638593927829504.000000 4.676672935 4.424137592 6.184622765 -0.158822313 0.072234765 0.055165689 0.983114660
1403638593977829376.000000 4.700896263 4.423658371 6.204475403 0.154889807 -0.073492996 -0.055710100 -0.983618081
1403638594027829504.000000 4.723733902 4.420825005 6.212065220 -0.150723621 0.070013672 0.056941912 0.984448135
1403638594077829376.000000 4.747594357 4.418677807 6.225111485 -0.146957755 0.065890141 0.058035940 0.985237956
1403638594127829504.000000 4.774841309 4.412463665 6.223867416 -0.144609764 0.061566256 0.057012703 0.985924542
1403638594177829376.000000 4.797872543 4.409490108 6.233044624 -0.142857760 0.057186630 0.054800998 0.986568928
1403638594227829504.000000 4.820853233 4.406172752 6.239466190 -0.141927689 0.054711778 0.052590832 0.986963749
1403638594277829376.000000 4.842139244 4.402638912 6.247504711 -0.140696034 0.054321334 0.050403651 0.987275779
1403638594327829504.000000 4.863476276 4.398242474 6.252882957 -0.139816940 0.055365503 0.048853662 0.987420499
1403638594377829376.000000 4.884021282 4.393818378 6.258844852 -0.140041754 0.056950387 0.045078490 0.987478077
1403638594427829504.000000 4.904928207 4.388564587 6.263801098 0.140035048 -0.058733296 -0.041279051 -0.987540722
1403638594477829376.000000 4.927742481 4.381151199 6.266656876 -0.140175983 0.060029678 0.038643561 0.987549365
1403638594527829504.000000 4.949759007 4.373691082 6.268514633 -0.138041407 0.059765395 0.041088544 0.987767458
1403638594577829376.000000 4.960639954 4.387431145 6.276466370 -0.135767326 0.060943175 0.043243878 0.987918615
1403638594627829504.000000 4.985085011 4.378186226 6.274826050 -0.133810133 0.060136419 0.046247542 0.988099039
1403638594677829376.000000 5.010674953 4.367785454 6.271359444 -0.132723570 0.059798386 0.048955351 0.988135636
1403638594727829504.000000 5.034023762 4.358063698 6.268348217 -0.132207975 0.058942735 0.050713222 0.988167524
1403638594777829376.000000 5.057670593 4.345901966 6.265990734 -0.132058173 0.058299139 0.051722325 0.988173425
1403638594827829504.000000 5.077647209 4.335724354 6.263261318 -0.131898195 0.058097798 0.052966826 0.988140702
1403638594877829376.000000 5.096742630 4.321547031 6.259061813 -0.131864414 0.057820775 0.053851254 0.988113701
1403638594927829504.000000 5.112710476 4.311137199 6.255584717 -0.132333353 0.056349248 0.053834103 0.988136947
1403638594977829376.000000 5.126995564 4.303611755 6.253758907 0.133097932 -0.054461483 -0.053492740 -0.988158643
1403638595027829504.000000 5.139349937 4.292711258 6.250586987 0.132588655 -0.053439490 -0.055453930 -0.988174796
1403638595077829376.000000 5.150042057 4.281818867 6.247613430 0.132817879 -0.052137591 -0.055620573 -0.988204181
1403638595127829504.000000 5.160696983 4.262718678 6.245070457 -0.133132219 0.051502265 0.056463599 0.988147378
1403638595177829376.000000 5.167996407 4.251868725 6.242577553 -0.133405998 0.050928205 0.056685030 0.988127530
1403638595227829504.000000 5.173558235 4.241154671 6.240250587 -0.133828461 0.050591324 0.056282364 0.988110721
1403638595277829376.000000 5.177548885 4.229614735 6.238226414 0.134014264 -0.050020091 -0.056581471 -0.988097548
1403638595327829504.000000 5.180107117 4.218553543 6.236265182 0.134260848 -0.050306372 -0.056256160 -0.988068104
1403638595377829376.000000 5.181322575 4.207517147 6.234476566 0.134053901 -0.050409634 -0.057328638 -0.988029301
1403638595427829504.000000 5.181390762 4.196587563 6.232685566 0.134246752 -0.050424058 -0.057187583 -0.988010585
1403638595477829376.000000 5.180092335 4.185750961 6.231162548 0.134102628 -0.049793266 -0.057409398 -0.988049269
1403638595527829504.000000 5.177943230 4.174924374 6.229578018 0.134080753 -0.049449679 -0.057131011 -0.988085628
1403638595577829376.000000 5.175746918 4.164098740 6.227597237 0.133836448 -0.048552003 -0.057054348 -0.988167703
1403638595627829504.000000 5.159617901 4.155976772 6.237039089 -0.133757651 0.049691889 0.056404144 0.988159001
1403638595677829376.000000 5.161232948 4.144856930 6.232651234 -0.134492651 0.049790371 0.054574765 0.988157034
1403638595727829504.000000 5.163086891 4.133586407 6.227556229 -0.135508254 0.049030479 0.051577844 0.988217235
1403638595777829376.000000 5.166796684 4.121187210 6.222085476 0.136526659 -0.048356805 -0.049718928 -0.988205492
1403638595827829504.000000 5.168377876 4.108824253 6.216187000 0.136967868 -0.047680851 -0.048719831 -0.988227069
1403638595877829376.000000 5.158817291 4.098173141 6.217660427 -0.137059629 0.048309688 0.048480440 0.988195598
1403638595927829504.000000 5.154059410 4.085148811 6.214473724 -0.137552813 0.048764389 0.047635205 0.988145828
1403638595977829376.000000 5.146057606 4.071681976 6.212877274 -0.138221204 0.048881888 0.045987368 0.988124788
1403638596027829504.000000 5.136989594 4.057328224 6.213129520 0.139490932 -0.049294256 -0.043277886 -0.988048375
1403638596077829376.000000 5.125920773 4.042763233 6.213553905 0.141943738 -0.047813170 -0.037818346 -0.987995863
1403638596127829504.000000 5.125154972 4.024018764 6.211420536 -0.144469559 0.047017038 0.031841174 0.987878621
1403638596177829376.000000 5.114513397 4.007072449 6.210918427 -0.147284701 0.045113191 0.024920711 0.987750530
1403638596227829504.000000 5.105434895 3.988229513 6.209293365 -0.149823055 0.043790411 0.018012183 0.987578392
1403638596277829376.000000 5.061553478 3.977743149 6.219739914 -0.152041942 0.044943914 0.011219686 0.987287998
1403638596327829504.000000 5.056392670 3.954522133 6.217385769 -0.154102281 0.044507612 0.005255514 0.987037957
1403638596377829376.000000 5.053903103 3.928373098 6.214412689 -0.155812711 0.044762731 -0.000216275 0.986771822
1403638596427829504.000000 5.054705620 3.898847818 6.211592674 -0.156798899 0.044579878 -0.003001473 0.986619353
1403638596477829376.000000 5.056094646 3.866121292 6.207272530 -0.157948628 0.045349691 -0.007223079 0.986378968
1403638596527829504.000000 5.060043812 3.830044985 6.202720165 -0.159323975 0.044956971 -0.011314820 0.986137271
1403638596577829376.000000 5.067302227 3.790556431 6.197926044 -0.160801664 0.043874651 -0.015632132 0.985887170
1403638596627829504.000000 5.076289177 3.747286081 6.193381786 -0.162383988 0.043821298 -0.020172153 0.985547781
1403638596677829376.000000 5.087041378 3.699819088 6.188267231 -0.164117515 0.043082532 -0.024872424 0.985185623
1403638596727829504.000000 5.102120876 3.650064707 6.186368465 -0.165019795 0.042432804 -0.027437309 0.984995067
1403638596777829376.000000 5.117449760 3.593848705 6.181695461 -0.165584356 0.042771481 -0.029560255 0.984824240
1403638596827829504.000000 5.134500027 3.533161879 6.176495075 -0.166656315 0.042864241 -0.032585345 0.984543800
1403638596877829376.000000 5.153638363 3.467914343 6.170346737 -0.167017296 0.043692570 -0.033944257 0.984400332
1403638596927829504.000000 5.173374653 3.398404121 6.165534496 -0.167562142 0.044469636 -0.035395388 0.984221816
1403638596977829376.000000 5.192627430 3.324953079 6.161473751 -0.168058008 0.045668975 -0.035556626 0.984076560
1403638597027829504.000000 5.208367825 3.248822927 6.159459114 -0.168960243 0.045932457 -0.036255464 0.983884275
1403638597077829376.000000 5.225380421 3.167223692 6.157439232 -0.169824332 0.046763722 -0.037947290 0.983632565
1403638597127829504.000000 5.241558075 3.081698895 6.156727314 -0.170615584 0.048261765 -0.038472161 0.983402789
1403638597177829376.000000 5.409917355 2.909229517 6.014811993 -0.172966585 0.037094984 -0.040397216 0.983399510
1403638597227829504.000000 5.424024582 2.815160275 6.016922951 -0.173003539 0.039325513 -0.038600672 0.983378530
1403638597277829376.000000 5.437047005 2.716912508 6.020115376 -0.172484890 0.041602217 -0.036285091 0.983464122
1403638597327829504.000000 5.433534622 2.615171671 6.036068439 -0.171821252 0.043453757 -0.033365335 0.983603597
1403638597377829376.000000 5.443775654 2.509297371 6.040133953 -0.171052903 0.045103759 -0.029399378 0.983789742
1403638597427829504.000000 5.452856541 2.399771690 6.044690609 -0.169760853 0.047205649 -0.025062488 0.984034956
1403638597477829376.000000 5.446945667 2.288086176 6.064329624 -0.167321131 0.051792085 -0.018557815 0.984366238
1403638597527829504.000000 5.453394413 2.171973467 6.069110870 -0.164293334 0.056279186 -0.010656360 0.984747112
1403638597577829376.000000 5.458374500 2.053432703 6.073796749 -0.161590695 0.060071144 -0.003167155 0.985022843
1403638597627829504.000000 5.450501442 1.935770750 6.095402718 -0.160306051 0.062835261 0.000769261 0.985065103
1403638597677829376.000000 5.452921867 1.813784242 6.099607944 -0.159810409 0.064463988 0.002747780 0.985036850
1403638597727829504.000000 5.453699112 1.690276384 6.103569508 -0.160230130 0.063960791 0.001571785 0.985004067
1403638597777829376.000000 5.442245007 1.568117142 6.125359058 -0.160535693 0.062431525 -0.004043050 0.985045373
1403638597827829504.000000 5.440557480 1.440990567 6.129272938 -0.159312010 0.061258350 -0.009694261 0.985278189
1403638597877829376.000000 5.437276363 1.311569095 6.132676125 -0.157902047 0.059452586 -0.016020074 0.985533237
1403638597927829504.000000 5.422880173 1.183143020 6.153745174 -0.156581908 0.058861151 -0.021685682 0.985670984
1403638597977829376.000000 5.417977333 1.048804760 6.156245708 -0.153807014 0.059003998 -0.024526957 0.986032665
1403638598027829504.000000 5.414085388 0.911623240 6.158312798 -0.151000112 0.058773719 -0.025909333 0.986444831
1403638598077829376.000000 5.403465748 0.775709093 6.177134991 -0.146481872 0.061267551 -0.022965791 0.987047076
1403638598127829504.000000 5.401771545 0.632910609 6.176441193 -0.139900938 0.060973611 -0.014220410 0.988184094
1403638598177829376.000000 5.400387764 0.487989724 6.173545837 -0.133142993 0.060716223 -0.003523543 0.989229023
1403638598227829504.000000 5.392448902 0.345579237 6.187489986 -0.127479374 0.061468132 0.005158799 0.989921331
1403638598277829376.000000 5.391618729 0.198555499 6.183059216 -0.122997284 0.058922444 0.012880233 0.990572512
1403638598327829504.000000 5.390548229 0.051564325 6.178178787 -0.119372480 0.057711642 0.018961867 0.990989447
1403638598377829376.000000 5.379697800 -0.091295727 6.189719200 -0.116646878 0.056643508 0.023128893 0.991287112
1403638598427829504.000000 5.375655651 -0.237760261 6.185596943 -0.115279801 0.054963924 0.025692316 0.991478443
1403638598477829376.000000 5.370131969 -0.384039998 6.181078434 -0.114166565 0.052807268 0.026755590 0.991696298
1403638598527829504.000000 5.354054451 -0.525300026 6.191602707 -0.111942947 0.053277537 0.027536025 0.991903245
1403638598577829376.000000 5.344233036 -0.671046257 6.188219547 -0.108909503 0.050995350 0.027632315 0.992358148
1403638598627829504.000000 5.332701206 -0.816229284 6.184940815 -0.105300024 0.049307775 0.025689755 0.992885053
1403638598677829376.000000 5.311190128 -0.954691410 6.195444107 -0.100536384 0.049977016 0.022661859 0.993418932
1403638598727829504.000000 5.299282551 -1.098786473 6.192100048 -0.094458893 0.049563084 0.020280551 0.994087398
1403638598777829376.000000 5.287345886 -1.242444515 6.187857151 -0.087511547 0.049170408 0.018038150 0.994785726
1403638598827829504.000000 5.268682480 -1.378944993 6.195717812 -0.080089286 0.051426776 0.014431590 0.995355606
1403638598877829376.000000 5.259968281 -1.521355867 6.190056324 -0.071881019 0.051412061 0.010938667 0.996027291
1403638598927829504.000000 5.251676083 -1.662953854 6.182959557 -0.063886955 0.050327092 0.006271067 0.996667683
1403638598977829376.000000 5.233267307 -1.797509670 6.187457085 -0.054640919 0.051054921 0.002413121 0.997197032
1403638599027829504.000000 5.226346493 -1.938684225 6.178489685 -0.044767614 0.050857853 -0.000123976 0.997702003
1403638599077829376.000000 5.221896648 -2.079614162 6.168414116 -0.035450835 0.051522080 -0.005115669 0.998029351
1403638599127829504.000000 5.206246853 -2.212135077 6.170274258 -0.025917223 0.052425515 -0.009397760 0.998244286
1403638599177829376.000000 5.203158379 -2.353257179 6.156626225 -0.015919752 0.052634917 -0.013362542 0.998397529
1403638599227829504.000000 5.200771809 -2.493903399 6.142173290 -0.006399923 0.051736053 -0.018841209 0.998462558
1403638599277829376.000000 5.199306011 -2.632470846 6.126502037 -0.003468937 -0.051097829 0.023599913 -0.998408794
1403638599327829504.000000 5.195536137 -2.761294603 6.110436440 0.014319815 0.049553458 -0.027027700 0.998303056
1403638599377829376.000000 5.197230339 -2.900126219 6.091879845 0.023023123 0.046584409 -0.031659052 0.998147130
1403638599427829504.000000 5.200322628 -3.038310051 6.072491169 0.030602051 0.045141581 -0.036001451 0.997862577
1403638599477829376.000000 5.202928543 -3.173959970 6.051578522 -0.037714485 -0.043249290 0.038237318 -0.997619689
1403638599527829504.000000 5.164577961 -3.300414085 6.070902824 0.042053610 0.044019304 -0.041503567 0.997281969
1403638599577829376.000000 5.166162968 -3.436121225 6.051827431 0.046292331 0.041771941 -0.042373523 0.997154295
1403638599627829504.000000 5.165896416 -3.570997715 6.033545971 0.049524531 0.040864494 -0.042880539 0.997014940
1403638599677829376.000000 5.139075756 -3.698562145 6.029066086 0.051633500 0.040428024 -0.044368390 0.996860623
1403638599727829504.000000 5.134148121 -3.831245661 6.012224674 0.052877989 0.039978702 -0.044369336 0.996813416
1403638599777829376.000000 5.128039837 -3.963460684 5.997113705 0.053095710 0.040081836 -0.044579197 0.996788383
1403638599827829504.000000 5.118785381 -4.091481209 5.985045910 -0.053458907 -0.038870599 0.043116245 -0.996881247
1403638599877829376.000000 5.072486401 -4.221575737 5.986395836 0.053066321 0.040899485 -0.041362830 0.996895373
1403638599927829504.000000 5.062906265 -4.350584507 5.975244522 0.053216800 0.039700259 -0.038171250 0.997063100
1403638599977829376.000000 5.052666664 -4.479154587 5.965401649 0.053325091 0.040288594 -0.034628756 0.997163117
1403638600027829504.000000 5.042007446 -4.605850697 5.958503246 -0.054143514 -0.040564090 0.029915987 -0.997260273
1403638600077829376.000000 5.033656597 -4.734825134 5.956128597 0.054734346 0.037793268 -0.024781482 0.997477710
1403638600127829504.000000 5.022476196 -4.860114574 5.950652599 0.056183554 0.036253382 -0.017676983 0.997605503
1403638600177829376.000000 5.010414124 -4.984017372 5.946184635 0.058743935 0.033592656 -0.008649372 0.997670293
1403638600227829504.000000 5.007734299 -5.105419636 5.948425293 0.060422655 0.029916393 -0.001898516 0.997722685
1403638600277829376.000000 4.993909359 -5.225270271 5.946115971 0.061863128 0.028313763 0.005229354 0.997669339
1403638600327829504.000000 4.980393410 -5.342572689 5.945479393 0.062799886 0.025718730 0.010724366 0.997637093
1403638600377829376.000000 4.971315384 -5.458237648 5.948173523 0.063688502 0.024467891 0.016321527 0.997536361
1403638600427829504.000000 4.960126877 -5.569733143 5.949688911 0.064982042 0.022222131 0.021818029 0.997400463
1403638600477829376.000000 4.951959610 -5.677568436 5.951465607 0.065450937 0.021340586 0.024918549 0.997316360
1403638600527829504.000000 5.197710991 -5.714355946 5.696183681 0.066725023 -0.001530292 0.024805745 0.997461855
1403638600577829376.000000 5.195693016 -5.815016270 5.698924065 0.065617166 -0.001697811 0.024321610 0.997546971
1403638600627829504.000000 5.195424557 -5.912235737 5.702097416 0.065667875 -0.004019180 0.025583385 0.997505426
1403638600677829376.000000 5.190110683 -6.008229733 5.707694530 0.066263698 -0.004338713 0.028196039 0.997394323
1403638600727829504.000000 5.195230007 -6.098621845 5.712495804 0.065459892 -0.007518351 0.026673133 0.997470379
1403638600777829376.000000 5.202048302 -6.185814857 5.718279362 0.066017866 -0.011010931 0.027457662 0.997379839
1403638600827829504.000000 5.207144260 -6.271546364 5.730644226 0.064207457 -0.013444700 0.021706821 0.997609913
1403638600877829376.000000 5.217853069 -6.352275372 5.739235401 0.061645515 -0.015336581 0.013641089 0.997887075
1403638600927829504.000000 5.228438854 -6.430580139 5.749842644 0.057992652 -0.016944749 0.002504183 0.998170078
1403638600977829376.000000 5.238411903 -6.508859158 5.769122601 0.054974172 -0.016201712 -0.007081444 0.998331249
1403638601027829504.000000 5.248335838 -6.583814621 5.785148621 0.052805319 -0.016344737 -0.014349936 0.998367965
1403638601077829376.000000 5.257850647 -6.658054829 5.803621292 0.051725414 -0.015798055 -0.018839203 0.998358667
1403638601127829504.000000 5.268484116 -6.734215736 5.829982758 0.050468028 -0.013058266 -0.022692276 0.998382509
1403638601177829376.000000 5.277321815 -6.807011604 5.852067471 0.048677582 -0.012078539 -0.028424103 0.998337030
1403638601227829504.000000 5.286575317 -6.879616737 5.876067162 0.047306679 -0.006778474 -0.033292998 0.998302460
1403638601277829376.000000 5.297857761 -6.955102444 5.910814285 0.045197912 0.000622065 -0.039204914 0.998208344
1403638601327829504.000000 5.307562351 -7.028355598 5.938491821 0.045926727 0.007330950 -0.041549031 0.998053491
1403638601377829376.000000 5.317673206 -7.102468014 5.966951370 0.049924932 0.009974497 -0.040386889 0.997886300
1403638601427829504.000000 5.332103729 -7.180218220 6.004910946 0.056192413 0.015504608 -0.037563119 0.997592688
1403638601477829376.000000 5.345739841 -7.255531311 6.033950806 0.063538693 0.017965863 -0.036749076 0.997140706
1403638601527829504.000000 5.361291409 -7.331032753 6.062507629 0.071524933 0.022566045 -0.038735196 0.996430933
1403638601577829376.000000 5.380081654 -7.409391880 6.099382877 0.080465630 0.026156312 -0.042317983 0.995515108
1403638601627829504.000000 5.398198605 -7.484962940 6.127907753 0.090031959 0.027688013 -0.046554379 0.994464874
1403638601677829376.000000 5.417786121 -7.560762405 6.155730724 0.100784704 0.029574005 -0.052770905 0.993067503
1403638601727829504.000000 5.439040661 -7.637523174 6.181085110 -0.112700164 -0.030052654 0.058961507 -0.991422772
1403638601777829376.000000 5.462364674 -7.716477394 6.217875481 0.125056922 0.032461308 -0.067066409 0.989347816
1403638601827829504.000000 5.486295700 -7.793344021 6.241424084 0.138981581 0.034446582 -0.074534252 0.986885130
1403638601877829376.000000 5.511457443 -7.870433331 6.263612270 0.152289644 0.036994416 -0.083442532 0.984112144
1403638601927829504.000000 5.538575649 -7.947130203 6.284609318 -0.165707245 -0.037167214 0.089643814 -0.981388748
1403638601977829376.000000 5.561529160 -8.028344154 6.317957878 0.177245438 0.037715267 -0.094879955 0.978856206
1403638602027829504.000000 5.584941864 -8.105392456 6.339218140 0.187315300 0.036641564 -0.099369049 0.976573706
1403638602077829376.000000 5.606455803 -8.182269096 6.360626221 0.195768759 0.036113229 -0.102743529 0.974584103
1403638602127829504.000000 5.627049923 -8.259185791 6.381571770 -0.202445880 -0.037798543 0.107552230 -0.972635388
1403638602177829376.000000 5.644719601 -8.335541725 6.402344704 0.209179491 0.040322397 -0.112295300 0.970570922
1403638602227829504.000000 5.661614895 -8.413411140 6.423142910 0.216170534 0.044234566 -0.118106358 0.968175888
1403638602277829376.000000 5.676712990 -8.491999626 6.443297863 0.224963769 0.047372423 -0.122197203 0.965512872
1403638602327829504.000000 5.686673641 -8.580771446 6.482791901 0.236120343 0.053306844 -0.123807825 0.962329030
1403638602377829376.000000 5.702154636 -8.660469055 6.499718189 0.250636786 0.059351906 -0.119718686 0.958814919
1403638602427829504.000000 5.720053673 -8.740479469 6.513494968 0.267421603 0.070870422 -0.111597396 0.954467952
1403638602477829376.000000 5.739569187 -8.819406509 6.524286270 0.283639818 0.085807040 -0.104216427 0.949381173
1403638602527829504.000000 5.753977776 -8.902017593 6.539622307 0.300335139 0.098786362 -0.095152713 0.943920553
1403638602577829376.000000 5.774852276 -8.975833893 6.544309616 0.315925777 0.109298885 -0.087828167 0.938366115
1403638602627829504.000000 5.795643806 -9.045663834 6.545541763 0.329301268 0.114455484 -0.084894873 0.933409631
1403638602677829376.000000 5.815628052 -9.110969543 6.543427467 0.340330720 0.115296498 -0.087222204 0.929125488
1403638602727829504.000000 5.830821991 -9.170983315 6.533579826 0.350732237 0.114693731 -0.090510346 0.925008237
1403638602777829376.000000 5.850798607 -9.226980209 6.523611069 0.359638721 0.113023520 -0.097539403 0.921070993
1403638602827829504.000000 5.870250702 -9.278351784 6.510031700 0.368783176 0.111317419 -0.103814349 0.916967809
1403638602877829376.000000 5.887918472 -9.325246811 6.491611481 0.379008889 0.108395986 -0.107942604 0.912661493
1403638602927829504.000000 5.902055740 -9.367991447 6.462608337 0.389638871 0.102966942 -0.111166544 0.908416986
1403638602977829376.000000 5.918636799 -9.407505989 6.439698219 0.402745545 0.095652089 -0.110355690 0.903586447
1403638603027829504.000000 5.933809280 -9.443331718 6.415502071 0.414732039 0.091580898 -0.111021094 0.898490131
1403638603077829376.000000 5.946618080 -9.474577904 6.389597893 0.425768495 0.090442397 -0.112374067 0.893260002
1403638603127829504.000000 5.955036163 -9.503721237 6.361310959 0.435956091 0.091429003 -0.113239639 0.888121545
1403638603177829376.000000 5.963760853 -9.527454376 6.335383415 0.443307757 0.091031566 -0.117453091 0.883966208
1403638603227829504.000000 5.968719482 -9.546942711 6.309683800 0.448105514 0.083727218 -0.124369621 0.881319165
1403638603277829376.000000 5.970730782 -9.562533379 6.284146786 0.450584322 0.072754443 -0.133734390 0.879656613
1403638603327829504.000000 5.969841480 -9.572964668 6.248695850 0.451411009 0.059862413 -0.142833546 0.878773689
1403638603377829376.000000 5.967193604 -9.582879066 6.223653316 0.451979578 0.048384402 -0.150789231 0.877858818
1403638603427829504.000000 5.963097572 -9.591079712 6.198929310 0.452442527 0.038667098 -0.156395733 0.877120852
1403638603477829376.000000 5.958206177 -9.597871780 6.174955845 0.452775389 0.032115139 -0.159632191 0.876630366
1403638603527829504.000000 5.952068329 -9.605162621 6.150787830 0.453538358 0.030768938 -0.162289798 0.875795782
1403638603577829376.000000 5.945791721 -9.611146927 6.127820492 0.456209034 0.033127978 -0.162418440 0.874297559
1403638603627829504.000000 5.925058365 -9.633210182 6.143344879 0.458732694 0.038634688 -0.161731079 0.872877359
1403638603677829376.000000 5.916130066 -9.637277603 6.121975422 0.459828943 0.044845045 -0.162953630 0.871775508
1403638603727829504.000000 5.905409813 -9.639847755 6.101159096 0.459528178 0.051663373 -0.166789621 0.870830715
1403638603777829376.000000 5.893224716 -9.641005516 6.080592155 0.458645970 0.059079356 -0.170806408 0.870045304
1403638603827829504.000000 5.877561569 -9.640946388 6.059670925 0.457800984 0.064925276 -0.174053967 0.869429827
1403638603877829376.000000 5.861035347 -9.640007019 6.038214684 0.456381679 0.072105274 -0.177808821 0.868850172
1403638603927829504.000000 5.842328072 -9.638179779 6.015810013 0.455138773 0.077413261 -0.180885762 0.868410230
1403638603977829376.000000 5.820149422 -9.630440712 5.994088650 0.454391748 0.083973274 -0.182055995 0.867947161
1403638604027829504.000000 5.797352791 -9.626237869 5.969008923 0.452470243 0.086720154 -0.185338840 0.867986083
1403638604077829376.000000 5.774216652 -9.621820450 5.941590786 0.451203495 0.090684667 -0.187143773 0.867853105
1403638604127829504.000000 5.750720501 -9.616628647 5.911315918 0.450656593 0.092243001 -0.188363343 0.867709160
1403638604177829376.000000 5.729521751 -9.610412598 5.876970768 0.450849324 0.091551103 -0.188513681 0.867649674
1403638604227829504.000000 5.705483437 -9.597482681 5.840129375 0.452403575 0.089428999 -0.185538277 0.867703259
1403638604277829376.000000 5.684448242 -9.589587212 5.799497604 0.453935623 0.084424786 -0.182271048 0.868096948
1403638604327829504.000000 5.663401604 -9.580146790 5.756111145 0.455478340 0.078123339 -0.179247051 0.868508339
1403638604377829376.000000 5.642938614 -9.568620682 5.709888935 0.456326157 0.071236998 -0.177540347 0.869005919
1403638604427829504.000000 5.621006012 -9.546865463 5.660403252 0.456179053 0.064733393 -0.177944526 0.869509041
1403638604477829376.000000 5.602650642 -9.534090042 5.611047268 0.454753369 0.058565028 -0.181213245 0.870017946
1403638604527829504.000000 5.585449219 -9.520955086 5.560426235 0.454232424 0.052768219 -0.182031095 0.870490193
1403638604577829376.000000 5.567893028 -9.506892204 5.509452343 0.453269690 0.050894283 -0.183948532 0.870700479
1403638604627829504.000000 5.545692444 -9.486434937 5.458002090 0.453683704 0.047527224 -0.183504716 0.870768785
1403638604677829376.000000 5.525068283 -9.471799850 5.407392025 0.454431176 0.045036998 -0.181460738 0.870939732
1403638604727829504.000000 5.502949238 -9.456779480 5.357185364 0.455223083 0.042396631 -0.179377913 0.871090233
1403638604777829376.000000 5.479837418 -9.439215660 5.306615353 0.456107557 0.041191351 -0.177164748 0.871138334
1403638604827829504.000000 5.451644897 -9.425646782 5.265763283 0.456645310 0.038594678 -0.175425202 0.871327519
1403638604877829376.000000 5.429476738 -9.408438683 5.215692997 0.456288069 0.035796579 -0.176082686 0.871501446
1403638604927829504.000000 5.408050537 -9.390707016 5.165503502 0.455531269 0.031439491 -0.177593797 0.871758759
1403638604977829376.000000 5.387658119 -9.372822762 5.115230083 0.454647660 0.025436219 -0.179583356 0.872008264
1403638605027829504.000000 5.366919994 -9.351928711 5.063490391 0.453931332 0.019148411 -0.181471184 0.872151375
1403638605077829376.000000 5.350730896 -9.333329201 5.011998653 0.453167498 0.014328542 -0.183231741 0.872272968
1403638605127829504.000000 5.336623192 -9.315148354 4.960811138 0.452324867 0.009585054 -0.185223252 0.872354686
1403638605177829376.000000 5.324852943 -9.298147202 4.910232067 0.451791286 0.007173148 -0.186769262 0.872324765
1403638605227829504.000000 5.313724041 -9.283325195 4.862071991 0.450708449 0.006431115 -0.189005002 0.872409105
1403638605277829376.000000 5.302976608 -9.268960953 4.814359665 0.449827105 0.005935771 -0.191407129 0.872343838
1403638605327829504.000000 5.292088985 -9.255798340 4.768352985 0.448569447 0.008446129 -0.194374189 0.872314692
1403638605377829376.000000 5.280511856 -9.243872643 4.723611832 0.447281629 0.014537233 -0.197890952 0.872104943
1403638605427829504.000000 5.268427849 -9.232899666 4.680325508 0.446074396 0.022135869 -0.201621875 0.871708870
1403638605477829376.000000 5.253277302 -9.222541809 4.635128021 0.444734633 0.032392461 -0.205372289 0.871196926
1403638605527829504.000000 5.238673687 -9.213894844 4.592456818 0.443904936 0.039925490 -0.207805052 0.870730400
1403638605577829376.000000 5.222375393 -9.205919266 4.549697876 0.442811906 0.046566386 -0.211112559 0.870161355
1403638605627829504.000000 5.204299927 -9.198786736 4.506350040 0.441521734 0.052477103 -0.214277849 0.869706750
1403638605677829376.000000 5.184515953 -9.192371368 4.462296009 0.440995246 0.056391243 -0.215793714 0.869354010
1403638605727829504.000000 5.165299416 -9.186394691 4.415788174 0.440440625 0.058069814 -0.217292517 0.869151294
1403638605777829376.000000 5.147024155 -9.181485176 4.366680622 0.440518111 0.057909824 -0.217485279 0.869074523
1403638605827829504.000000 5.130481720 -9.177552223 4.314214230 0.439814746 0.057200693 -0.218870491 0.869129896
1403638605877829376.000000 5.113627434 -9.175371170 4.257920742 0.438916653 0.058157060 -0.220383048 0.869138241
1403638605927829504.000000 5.099231720 -9.174848557 4.201313019 0.438129038 0.058364935 -0.221678302 0.869192362
1403638605977829376.000000 5.085210323 -9.175900459 4.142757893 0.436692625 0.059732616 -0.224163979 0.869184792
1403638606027829504.000000 5.069539547 -9.177894592 4.082739830 0.435816377 0.059960663 -0.225312620 0.869311869
1403638606077829376.000000 5.053296089 -9.181889534 4.023805141 0.434820771 0.060140308 -0.226235524 0.869558275
1403638606127829504.000000 5.033216476 -9.186183929 3.961256981 0.433800578 0.060486618 -0.227639750 0.869677305
1403638606177829376.000000 5.010544777 -9.191339493 3.897583485 0.432886451 0.060840633 -0.229402840 0.869644880
1403638606227829504.000000 4.985321522 -9.197528839 3.832605362 0.432038099 0.060522530 -0.230553433 0.869784534
1403638606277829376.000000 4.958807468 -9.205607414 3.768042564 0.431225181 0.059441146 -0.230997443 0.870144725
1403638606327829504.000000 4.927767754 -9.214354515 3.701300621 0.431888223 0.054649670 -0.228590474 0.870765388
1403638606377829376.000000 4.893967628 -9.224331856 3.633923531 0.433052450 0.045710899 -0.224777415 0.871694446
1403638606427829504.000000 4.858337402 -9.235869408 3.565146446 0.434170008 0.037865918 -0.220836952 0.872521460
1403638606477829376.000000 4.822985649 -9.249153137 3.498656750 0.435790062 0.028511470 -0.215789869 0.873332083
1403638606527829504.000000 4.784157276 -9.263143539 3.431006432 0.437293380 0.019899312 -0.211301893 0.873916566
1403638606577829376.000000 4.744447708 -9.278547287 3.364044666 0.438613832 0.013197971 -0.208959892 0.873944879
1403638606627829504.000000 4.703946114 -9.295789719 3.298072338 0.440806538 0.007605499 -0.207703337 0.873207450
1403638606677829376.000000 4.666968346 -9.316973686 3.237454414 0.443810970 0.003748823 -0.208309814 0.871564627
1403638606727829504.000000 4.624987602 -9.337963104 3.173749447 0.447122425 -0.000913607 -0.211339146 0.869147003
1403638606777829376.000000 4.582798958 -9.360586166 3.111114025 0.452186137 -0.003737505 -0.213659152 0.865946651
1403638606827829504.000000 4.540239334 -9.384949684 3.049856186 0.458089560 -0.006313737 -0.217155799 0.861949861
1403638606877829376.000000 4.501139164 -9.412645340 2.993663788 0.465701997 -0.009187590 -0.219836235 0.857151866
1403638606927829504.000000 4.461984634 -9.442077637 2.934475422 0.473487318 -0.009587437 -0.223934263 0.851804733
1403638606977829376.000000 4.424728870 -9.474155426 2.875999451 0.482443988 -0.011381727 -0.226713598 0.846001983
1403638607027829504.000000 4.390976906 -9.508266449 2.818083286 0.492029697 -0.011577450 -0.229054138 0.839825571
1403638607077829376.000000 4.360861778 -9.544088364 2.763774395 0.501166046 -0.012673528 -0.231077224 0.833831787
1403638607127829504.000000 4.332499504 -9.581457138 2.707090855 0.510602772 -0.013865770 -0.227972895 0.828927636
1403638607177829376.000000 4.307099342 -9.620484352 2.651425362 0.518199444 -0.008773040 -0.227529034 0.824392438
1403638607227829504.000000 4.282322407 -9.660740852 2.597178459 0.525895715 -0.003358779 -0.224587932 0.820355237
1403638607277829376.000000 4.256892681 -9.702698708 2.548256397 0.532239556 0.004799715 -0.222730860 0.816755176
1403638607327829504.000000 4.230339050 -9.743803024 2.498435020 0.538068473 0.008761222 -0.218637303 0.814004540
1403638607377829376.000000 4.202388763 -9.785255432 2.450351238 0.542963743 0.012265664 -0.215333521 0.811585784
1403638607427829504.000000 4.172836304 -9.826841354 2.404179573 0.546234548 0.014302842 -0.213862777 0.809744418
1403638607477829376.000000 4.141116142 -9.868482590 2.359744072 0.548378587 0.013515762 -0.212867513 0.808570206
1403638607527829504.000000 4.108901024 -9.909256935 2.317137241 0.550050497 0.012973339 -0.211923853 0.807690859
1403638607577829376.000000 4.076409817 -9.951407433 2.280301094 0.550687015 0.013163685 -0.212875724 0.807003438
1403638607627829504.000000 4.043039322 -9.991017342 2.240832806 0.551681519 0.013552271 -0.212248519 0.806482732
1403638607677829376.000000 4.009593964 -10.030337334 2.202830791 0.552035451 0.015141164 -0.211899340 0.806304157
1403638607727829504.000000 3.976012707 -10.069519043 2.166378021 0.551652968 0.017662939 -0.212626621 0.806323171
1403638607777829376.000000 3.940969467 -10.108674049 2.131863117 0.551148295 0.018381588 -0.212839991 0.806595862
1403638607827829504.000000 3.907360315 -10.147119522 2.100647449 0.550902426 0.017287919 -0.212580636 0.806856334
1403638607877829376.000000 3.871633291 -10.184741020 2.068317890 0.550824642 0.015184375 -0.210674241 0.807451546
1403638607927829504.000000 3.835180283 -10.221992493 2.037621498 0.550824285 0.010864316 -0.208856851 0.807993472
1403638607977829376.000000 3.798339128 -10.259272575 2.008469105 0.550645113 0.008398402 -0.207130164 0.808589280
1403638608027829504.000000 3.761346817 -10.296381950 1.981091022 0.550792992 0.009063395 -0.204692453 0.809101999
1403638608077829376.000000 3.725657463 -10.333799362 1.957949638 0.550075352 0.011932419 -0.204332426 0.809643805
1403638608127829504.000000 3.688025236 -10.369923592 1.934354305 0.549100280 0.015398781 -0.204416528 0.810225666
1403638608177829376.000000 3.649515390 -10.405486107 1.912443638 0.547302544 0.019276258 -0.206377700 0.810861647
1403638608227829504.000000 3.610519886 -10.440425873 1.891757011 0.546672106 0.024068043 -0.206411615 0.811150193
1403638608277829376.000000 3.571152210 -10.472929001 1.872773170 0.546185076 0.028505499 -0.205969244 0.811446905
1403638608327829504.000000 3.530390978 -10.511540413 1.855171680 0.546118557 0.033813514 -0.204595745 0.811635315
1403638608377829376.000000 3.489055634 -10.543262482 1.837360382 0.545993030 0.039072581 -0.204150915 0.811595619
1403638608427829504.000000 3.446041107 -10.573843956 1.820457935 0.546309769 0.040122248 -0.203309834 0.811542392
1403638608477829376.000000 3.401705265 -10.603063583 1.804450512 0.545931697 0.039483968 -0.203733876 0.811721742
1403638608527829504.000000 3.355729342 -10.632230759 1.788316250 0.545219123 0.037392274 -0.204952776 0.811992764
1403638608577829376.000000 3.309455633 -10.659152985 1.773916245 0.544719040 0.037433133 -0.205443054 0.812202632
1403638608627829504.000000 3.264012098 -10.684976578 1.759243011 0.545856893 0.039168406 -0.201680839 0.812299848
1403638608677829376.000000 3.220115423 -10.709340096 1.743841171 0.547357023 0.041566495 -0.198888153 0.811859667
1403638608727829504.000000 3.182366133 -10.736704826 1.731671333 0.548030376 0.042760238 -0.197415441 0.811702847
1403638608777829376.000000 3.139947653 -10.756819725 1.715645313 0.547587693 0.040903170 -0.198375270 0.811863303
1403638608827829504.000000 3.098913670 -10.775469780 1.699128628 0.547345102 0.038246755 -0.199702889 0.811830819
1403638608877829376.000000 3.060084820 -10.792855263 1.682021141 0.547085464 0.034985993 -0.200536937 0.811947346
1403638608927829504.000000 3.024661303 -10.812848091 1.664371014 0.546549201 0.031542398 -0.202050865 0.812074244
1403638608977829376.000000 2.989625931 -10.826824188 1.646150589 0.546591580 0.027844572 -0.202180520 0.812148690
1403638609027829504.000000 2.956326485 -10.840016365 1.627929211 0.546653688 0.024954785 -0.202345103 0.812159836
1403638609077829376.000000 2.925302982 -10.852812767 1.609715939 0.546249211 0.023161571 -0.203162923 0.812280834
1403638609127829504.000000 2.900752783 -10.873279572 1.595913410 0.546176434 0.022340335 -0.203651220 0.812230527
1403638609177829376.000000 2.872670412 -10.884395599 1.578110695 0.547181427 0.022062579 -0.201005429 0.812220812
1403638609227829504.000000 2.844796419 -10.894468307 1.560935497 0.549243510 0.021714514 -0.195795596 0.812110960
1403638609277829376.000000 2.815790892 -10.903410912 1.545167446 0.550725520 0.021046204 -0.191815168 0.812074840
1403638609327829504.000000 2.785033941 -10.911359787 1.531500816 0.550783575 0.020772401 -0.191214532 0.812184155
1403638609377829376.000000 2.759079933 -10.927120209 1.523069859 0.550093770 0.021012846 -0.192865029 0.812255204
1403638609427829504.000000 2.726336718 -10.932823181 1.512664795 0.549369574 0.021566439 -0.194442347 0.812354743
1403638609477829376.000000 2.692450047 -10.937381744 1.503790855 0.548307478 0.021896204 -0.196502686 0.812567711
1403638609527829504.000000 2.657436609 -10.941277504 1.496206760 0.547532558 0.022412488 -0.198117569 0.812683940
1403638609577829376.000000 2.625311852 -10.950226784 1.492290974 0.546544850 0.022543160 -0.200075984 0.812865436
1403638609627829504.000000 2.588493347 -10.953527451 1.487480640 0.546460688 0.022800820 -0.200037479 0.812924325
1403638609677829376.000000 2.550934553 -10.956476212 1.483824730 0.545787394 0.024668021 -0.202225015 0.812780917
1403638609727829504.000000 2.513588667 -10.958912849 1.480806828 0.545217812 0.025300458 -0.203271613 0.812882662
1403638609777829376.000000 2.477530479 -10.963747978 1.477802277 0.545095980 0.024585363 -0.203557849 0.812914550
1403638609827829504.000000 2.445710182 -10.970291138 1.479211330 0.545470715 0.023599863 -0.202940822 0.812846780
1403638609877829376.000000 2.414178610 -10.972652435 1.475853443 0.545452893 0.024497164 -0.202947482 0.812830567
1403638609927829504.000000 2.384602785 -10.973902702 1.472354412 0.545462072 0.024453493 -0.202478841 0.812942564
1403638609977829376.000000 2.356617928 -10.974602699 1.469003677 0.545728922 0.025429307 -0.201613322 0.812948585
1403638610027829504.000000 2.333098173 -10.976037025 1.465315342 0.546520591 0.026157681 -0.199880108 0.812821686
1403638610077829376.000000 2.308937073 -10.976672173 1.463855267 0.547310591 0.029080296 -0.197569817 0.812755585
1403638610127829504.000000 2.287614107 -10.975482941 1.459983349 0.547947109 0.031024436 -0.195969626 0.812642217
1403638610177829376.000000 2.266445875 -10.973313332 1.456724644 0.547801614 0.034348436 -0.195882022 0.812627792
1403638610227829504.000000 2.244303465 -10.970077515 1.454324722 0.548546314 0.035707373 -0.194122866 0.812488973
1403638610277829376.000000 2.220920801 -10.965885162 1.454212666 0.548848629 0.036404353 -0.192794919 0.812570095
1403638610327829504.000000 2.196317196 -10.960654259 1.454366207 0.549023569 0.037270904 -0.192383528 0.812510073
1403638610377829376.000000 2.170408487 -10.954461098 1.455602646 0.549209177 0.036922235 -0.191741601 0.812552273
1403638610427829504.000000 2.143784523 -10.946990013 1.457768917 0.549461842 0.037869304 -0.190675765 0.812588632
1403638610477829376.000000 2.110224724 -10.937891006 1.460815907 0.549174607 0.040170290 -0.191110939 0.812570214
1403638610527829504.000000 2.082146406 -10.927801132 1.464401245 0.549240053 0.043468691 -0.190534890 0.812491477
1403638610577829376.000000 2.053592920 -10.916180611 1.468354702 0.550584197 0.048677836 -0.187230811 0.812054276
1403638610627829504.000000 2.025055647 -10.902585983 1.472411633 0.551947355 0.054725260 -0.183609828 0.811570585
1403638610677829376.000000 1.996434689 -10.886478424 1.475930214 0.552718580 0.056437854 -0.181624994 0.811375022
1403638610727829504.000000 1.968197107 -10.867873192 1.479083538 0.552280784 0.053207103 -0.183758810 0.811410964
1403638610777829376.000000 1.934704542 -10.844179153 1.481012344 0.551972091 0.047574077 -0.185697764 0.811529398
1403638610827829504.000000 1.908998728 -10.821949959 1.483470917 0.551241398 0.040875543 -0.188946903 0.811641037
1403638610877829376.000000 1.886486053 -10.798801422 1.485023499 0.550744593 0.036462869 -0.191759691 0.811528862
1403638610927829504.000000 1.866584539 -10.775555611 1.486821651 0.551150680 0.035024337 -0.192319825 0.811183870
1403638610977829376.000000 1.847389460 -10.750335693 1.487451077 0.551389575 0.035108142 -0.191812560 0.811138093
1403638611027829504.000000 1.823142767 -10.722103119 1.489122868 0.552517891 0.036377870 -0.189249590 0.810916364
1403638611077829376.000000 1.803567171 -10.694942474 1.492004395 0.553203285 0.039251924 -0.188336506 0.810527503
1403638611127829504.000000 1.782345295 -10.666487694 1.495967865 0.554223120 0.039892461 -0.186947629 0.810120940
1403638611177829376.000000 1.759787798 -10.637023926 1.501065731 0.554481566 0.039817147 -0.187752500 0.809761643
1403638611227829504.000000 1.736484766 -10.604269028 1.506558418 0.554608047 0.040333219 -0.187799871 0.809638500
1403638611277829376.000000 1.715003014 -10.571740150 1.512054920 0.554623067 0.040190794 -0.188782275 0.809406698
1403638611327829504.000000 1.690111399 -10.535311699 1.515776157 0.553696871 0.041650563 -0.191038102 0.809437811
1403638611377829376.000000 1.670990944 -10.498776436 1.520692825 0.551914632 0.045289174 -0.195588097 0.809372902
1403638611427829504.000000 1.653705597 -10.461505890 1.524841785 0.548943341 0.050859466 -0.202456683 0.809373796
1403638611477829376.000000 1.638105631 -10.423464775 1.527708054 0.546380579 0.054160438 -0.208490655 0.809361815
1403638611527829504.000000 1.625221252 -10.382443428 1.529816628 0.543889582 0.056815740 -0.213893309 0.809447885
1403638611577829376.000000 1.605543613 -10.341329575 1.527502537 0.541962743 0.056365695 -0.217433602 0.809828401
1403638611627829504.000000 1.592325449 -10.300200462 1.525231361 0.541070580 0.055015776 -0.218838364 0.810139358
1403638611677829376.000000 1.579213381 -10.258934021 1.521534443 0.540803790 0.052962799 -0.218936220 0.810427845
1403638611727829504.000000 1.564608812 -10.217496872 1.517314434 0.541660130 0.048172899 -0.216709763 0.810753107
1403638611777829376.000000 1.548266172 -10.176075935 1.512373924 0.542988718 0.043002214 -0.212860242 0.811174870
1403638611827829504.000000 1.530500889 -10.134140015 1.508247375 0.544005454 0.038145419 -0.209502786 0.811610579
1403638611877829376.000000 1.508322001 -10.089701653 1.504013538 0.544769585 0.033576287 -0.206813291 0.811989605
1403638611927829504.000000 1.488468170 -10.047450066 1.500975132 0.545053542 0.030411143 -0.204858541 0.812419176
1403638611977829376.000000 1.468025446 -10.005390167 1.498383045 0.545510769 0.027946562 -0.203551471 0.812529325
1403638612027829504.000000 1.448272705 -9.963430405 1.496087551 0.545470238 0.025908979 -0.202834144 0.812803328
1403638612077829376.000000 1.429291010 -9.922254562 1.494245052 0.544828892 0.025116676 -0.203794628 0.813018084
1403638612127829504.000000 1.411506653 -9.876955032 1.490467072 0.545730293 0.022892686 -0.200811118 0.813221574
1403638612177829376.000000 1.397193909 -9.834677696 1.487349033 0.545126915 0.023170391 -0.201837555 0.813364327
1403638612227829504.000000 1.385426283 -9.793529510 1.484141827 0.545108676 0.022293279 -0.201469183 0.813492358
1403638612277829376.000000 1.376085281 -9.752882957 1.480895519 0.545218110 0.023249436 -0.201071650 0.813490629
1403638612327829504.000000 1.365870714 -9.707320213 1.475524426 0.544757843 0.023093648 -0.201920599 0.813593090
1403638612377829376.000000 1.359054804 -9.666246414 1.472549915 0.544177234 0.024601528 -0.202364683 0.813827097
1403638612427829504.000000 1.351503134 -9.625009537 1.470316410 0.543976367 0.025394160 -0.202192858 0.813979745
1403638612477829376.000000 1.342742682 -9.583631516 1.469244480 0.543313205 0.027436344 -0.202104166 0.814378321
1403638612527829504.000000 1.330254555 -9.536887169 1.467419624 0.542386949 0.030229382 -0.202913925 0.814695418
1403638612577829376.000000 1.318408966 -9.494331360 1.468131542 0.541401327 0.032547943 -0.203828260 0.815033376
1403638612627829504.000000 1.304891586 -9.451786995 1.469584465 0.539540291 0.034474049 -0.206993788 0.815390348
1403638612677829376.000000 1.290184259 -9.409677505 1.471458435 0.538040698 0.037360780 -0.208895370 0.815769076
1403638612727829504.000000 1.271932840 -9.365415573 1.472817898 0.536712825 0.039249513 -0.210023150 0.816265285
1403638612777829376.000000 1.253871202 -9.322890282 1.475309372 0.535705268 0.040792804 -0.210158497 0.816816568
1403638612827829504.000000 1.235464096 -9.279974937 1.477169514 0.535180330 0.042449366 -0.209104344 0.817346632
1403638612877829376.000000 1.217551947 -9.236706734 1.477869511 0.534805059 0.044080760 -0.208008483 0.817785442
1403638612927829504.000000 1.201319456 -9.189586639 1.476362705 0.534774780 0.044303514 -0.206435055 0.818191767
1403638612977829376.000000 1.184576750 -9.145936012 1.474721432 0.534504414 0.043963928 -0.205766946 0.818554997
1403638613027829504.000000 1.169410467 -9.102746010 1.471765518 0.534122884 0.040876240 -0.205868185 0.818938494
1403638613077829376.000000 1.156316996 -9.058929443 1.466968060 0.534314632 0.039695222 -0.204745412 0.819153011
1403638613127829504.000000 1.146486759 -9.012767792 1.459972858 0.533852696 0.038837813 -0.205149561 0.819394112
1403638613177829376.000000 1.135589838 -8.968164444 1.452939034 0.533719659 0.036059398 -0.205012336 0.819642007
1403638613227829504.000000 1.126875401 -8.924217224 1.444996834 0.533559024 0.036205944 -0.205014497 0.819739580
1403638613277829376.000000 1.119609833 -8.880192757 1.436054707 0.533094347 0.035693873 -0.205646038 0.819906235
1403638613327829504.000000 1.115006447 -8.832846642 1.426525116 0.533009589 0.035342194 -0.206084535 0.819866419
1403638613377829376.000000 1.110225677 -8.788889885 1.415930748 0.532789946 0.036426980 -0.206475005 0.819863439
1403638613427829504.000000 1.104446888 -8.744887352 1.405431271 0.532637954 0.036625899 -0.206795290 0.819872618
1403638613477829376.000000 1.097640276 -8.700901985 1.395233631 0.532658756 0.037714638 -0.205179557 0.820215642
1403638613527829504.000000 1.093448877 -8.655542374 1.384516239 0.531675279 0.038304307 -0.203347847 0.821281850
1403638613577829376.000000 1.083909988 -8.612076759 1.375740051 0.529740751 0.038543735 -0.202098325 0.822827756
1403638613627829504.000000 1.072983027 -8.568774223 1.367074490 0.529917061 0.038632374 -0.197230950 0.823890448
1403638613677829376.000000 1.060270309 -8.525155067 1.359001637 0.529406965 0.039513212 -0.194411218 0.824846208
1403638613727829504.000000 1.045491099 -8.478375435 1.351646900 0.529821754 0.042334490 -0.189289585 0.825630844
1403638613777829376.000000 1.033270717 -8.431517601 1.342346668 0.528691113 0.044224270 -0.185699224 0.827070653
1403638613827829504.000000 1.015395522 -8.384810448 1.336471558 0.525879502 0.046128161 -0.183215022 0.829310119
1403638613877829376.000000 0.995785713 -8.336871147 1.331465721 0.522059679 0.047139265 -0.180576816 0.832240105
1403638613927829504.000000 0.975075245 -8.287793159 1.326902866 0.516918778 0.047405168 -0.178794846 0.835811079
1403638613977829376.000000 0.958289027 -8.236354828 1.320096970 0.510515273 0.046966441 -0.176702023 0.840205252
1403638614027829504.000000 0.935313582 -8.184560776 1.316144466 0.502572238 0.047442183 -0.175840795 0.845133305
1403638614077829376.000000 0.911386013 -8.132076263 1.312472343 0.494447380 0.046469633 -0.173542857 0.850438356
1403638614127829504.000000 0.887183905 -8.078517914 1.308901072 0.485013306 0.045536801 -0.172314808 0.856151998
1403638614177829376.000000 0.864684463 -8.023177147 1.306309223 0.475677848 0.043459047 -0.171147779 0.861713648
1403638614227829504.000000 0.850596547 -7.968425751 1.297379494 0.466840953 0.042076681 -0.169100359 0.867003024
1403638614277829376.000000 0.829361200 -7.912657738 1.291817904 0.459376305 0.040270116 -0.166385382 0.871589184
1403638614327829504.000000 0.809044600 -7.856935501 1.285556078 0.452668518 0.039159421 -0.165348589 0.875338554
1403638614377829376.000000 0.790560603 -7.800869942 1.278180361 0.447261661 0.037628278 -0.163425028 0.878540516
1403638614427829504.000000 0.772136092 -7.743115902 1.268817425 0.443177611 0.036417630 -0.160314739 0.881230175
1403638614477829376.000000 0.769911528 -7.690297127 1.256311417 0.439707726 0.035208672 -0.158124655 0.883410513
1403638614527829504.000000 0.756733179 -7.632980824 1.245601654 0.436430782 0.033954490 -0.155356735 0.885573030
1403638614577829376.000000 0.745115042 -7.575085163 1.234215021 0.432072997 0.033397175 -0.153377876 0.888072491
1403638614627829504.000000 0.734972239 -7.517607689 1.222896814 0.428250968 0.032846961 -0.148936391 0.890696466
1403638614677829376.000000 0.728852332 -7.460138321 1.212477446 0.423211247 0.031087290 -0.145260170 0.893770278
1403638614727829504.000000 0.736792266 -7.407556534 1.198579788 0.418707579 0.026954982 -0.138884604 0.897033215
1403638614777829376.000000 0.734269679 -7.348333359 1.186340809 0.412846953 0.021912491 -0.133010879 0.900769353
1403638614827829504.000000 0.733678818 -7.287797928 1.173604250 0.405322045 0.018083021 -0.127957970 0.904993832
1403638614877829376.000000 0.735299051 -7.226341724 1.160923004 0.397152036 0.012887369 -0.123069286 0.909372389
1403638614927829504.000000 0.743015587 -7.164915085 1.147683859 0.386955261 0.011212001 -0.119691059 0.914228678
1403638614977829376.000000 0.758779228 -7.110222816 1.138828993 0.376090765 0.008742300 -0.114942931 0.919384360
1403638615027829504.000000 0.766982615 -7.047237396 1.128758788 0.363983274 0.008712560 -0.110810541 0.924749374
1403638615077829376.000000 0.776733160 -6.983506203 1.119598508 0.350303859 0.009942787 -0.107534714 0.930389524
1403638615127829504.000000 0.788337111 -6.919035912 1.111164808 0.335877270 0.012348501 -0.104149736 0.936048567
1403638615177829376.000000 0.809295416 -6.860248566 1.106689572 0.321008950 0.018222116 -0.100540347 0.941548169
1403638615227829504.000000 0.824860394 -6.794469833 1.099572659 0.304831803 0.023175409 -0.099536382 0.946907163
1403638615277829376.000000 0.840886772 -6.728895187 1.092918158 0.289264888 0.027835952 -0.095890827 0.952027321
1403638615327829504.000000 0.855963290 -6.663254738 1.086700678 0.273950040 0.030827815 -0.091168314 0.956916630
1403638615377829376.000000 0.875351071 -6.603995323 1.084000826 0.258048147 0.033246279 -0.086339928 0.961691916
1403638615427829504.000000 0.889122128 -6.538211346 1.078670382 0.242779344 0.035958145 -0.080881767 0.966034889
1403638615477829376.000000 0.901592016 -6.472782612 1.073933363 0.227507055 0.037669063 -0.075617939 0.970104933
1403638615527829504.000000 0.912569880 -6.407451153 1.069418669 0.213019058 0.038136855 -0.070234872 0.973773897
1403638615577829376.000000 0.922711492 -6.350711823 1.070945263 0.200195491 0.039131388 -0.064814530 0.976826310
1403638615627829504.000000 0.932403207 -6.286283493 1.065876245 -0.189020663 -0.039853230 0.061101589 -0.979259670
1403638615677829376.000000 0.941988707 -6.222383499 1.060402274 -0.179833144 -0.039948706 0.057614338 -0.981195629
1403638615727829504.000000 0.952720046 -6.159055710 1.053942800 -0.172681466 -0.040116102 0.054284386 -0.982662201
1403638615777829376.000000 0.961344361 -6.105032921 1.057419419 0.166868016 0.039800506 -0.051670056 0.983819783
1403638615827829504.000000 0.975771487 -6.041771889 1.048243999 0.161353350 0.039714530 -0.049168203 0.984870732
1403638615877829376.000000 0.990649939 -5.978518486 1.038070440 0.156271204 0.039221369 -0.044769052 0.985919237
1403638615927829504.000000 1.005171299 -5.915162086 1.027905941 0.150319472 0.039628111 -0.041498695 0.986970961
1403638615977829376.000000 1.017762303 -5.851477146 1.017598391 -0.143760011 -0.038439278 0.038798410 -0.988104343
1403638616027829504.000000 1.022466302 -5.800359726 1.025565743 0.136917457 0.039058350 -0.036131348 0.989152491
1403638616077829376.000000 1.032090664 -5.736390114 1.016035438 0.129590169 0.039169330 -0.033560682 0.990225136
1403638616127829504.000000 1.039069653 -5.672205448 1.007341385 0.121991292 0.039149392 -0.030980442 0.991274834
1403638616177829376.000000 1.042137265 -5.607981205 1.000027537 0.113817789 0.038561795 -0.027227953 0.992379546
1403638616227829504.000000 1.035489321 -5.554196835 1.010158300 0.105003752 0.038593192 -0.022549730 0.993466854
1403638616277829376.000000 1.030065894 -5.489635468 1.006484747 0.095120758 0.038492542 -0.017769508 0.994562566
1403638616327829504.000000 1.020598292 -5.424770355 1.003898501 0.084417716 0.038157076 -0.013469310 0.995608509
1403638616377829376.000000 1.008648396 -5.359708786 1.002373695 0.073601969 0.038038753 -0.008888798 0.996522367
1403638616427829504.000000 0.990560710 -5.304283142 1.017691016 0.063392922 0.037693430 -0.004693620 0.997265577
1403638616477829376.000000 0.975308716 -5.239853859 1.017516375 0.054995876 0.037176192 0.000291618 0.997794271
1403638616527829504.000000 0.959329009 -5.175644875 1.017395496 0.047020487 0.036075667 0.003126175 0.998237431
1403638616577829376.000000 0.942592084 -5.111579418 1.017513633 0.040260408 0.033913169 0.005479522 0.998598576
1403638616627829504.000000 0.921291769 -5.055276394 1.033384085 0.034428060 0.030490689 0.007517670 0.998913705
1403638616677829376.000000 0.903049707 -4.991715908 1.034864664 0.029952444 0.025161987 0.009694383 0.999187589
1403638616727829504.000000 0.883618236 -4.928458214 1.037292957 0.027548291 0.016992368 0.013984930 0.999378204
1403638616777829376.000000 0.863739431 -4.865458488 1.040782928 0.026559044 0.008873886 0.019038890 0.999426544
1403638616827829504.000000 0.842337310 -4.808881283 1.056512475 0.026054051 0.002145760 0.023492094 0.999382257
1403638616877829376.000000 0.824668646 -4.745143890 1.062952638 0.025695018 -0.002613835 0.026173417 0.999323726
1403638616927829504.000000 0.809869885 -4.680511951 1.070106268 0.024759695 -0.002158411 0.025804887 0.999358058
1403638616977829376.000000 0.798779845 -4.614898682 1.078033924 0.022811992 0.001103394 0.021493590 0.999508142
1403638617027829504.000000 0.788445234 -4.553002357 1.101704717 0.021518841 0.004615895 0.017707206 0.999601007
1403638617077829376.000000 0.782945573 -4.487318516 1.111084104 0.020877289 0.008461038 0.014124725 0.999646544
1403638617127829504.000000 0.780291438 -4.421560764 1.120578647 0.019656956 0.012494911 0.008559796 0.999692082
1403638617177829376.000000 0.779663146 -4.356078148 1.130265713 0.019817062 0.014451867 0.005346884 0.999684930
1403638617227829504.000000 0.779177248 -4.290107727 1.152735949 0.019810017 0.013382616 0.001618183 0.999712944
1403638617277829376.000000 0.781761229 -4.226077557 1.164238930 0.020814361 0.010603897 -0.000026621 0.999727190
1403638617327829504.000000 0.786105037 -4.162436008 1.176186800 0.021824671 0.007781217 -0.000736633 0.999731302
1403638617377829376.000000 0.792160213 -4.099449158 1.188558698 0.022369772 0.003432035 -0.002664133 0.999740303
1403638617427829504.000000 0.801587462 -4.037848949 1.207626939 0.023078313 0.000566498 -0.004599819 0.999722958
1403638617477829376.000000 0.812564492 -3.977068663 1.221052051 0.024154987 -0.001343899 -0.005527919 0.999692082
1403638617527829504.000000 0.825844705 -3.917019606 1.235299349 0.024778614 -0.002515432 -0.007424532 0.999662220
1403638617577829376.000000 0.841607094 -3.857790470 1.249811172 0.025664279 -0.002566178 -0.007977430 0.999635577
1403638617627829504.000000 0.859752953 -3.791451454 1.273693919 0.026314598 -0.001233573 -0.009845067 0.999604523
1403638617677829376.000000 0.880071282 -3.733814955 1.290329933 0.026969528 0.000582435 -0.011844147 0.999565899
1403638617727829504.000000 0.902933598 -3.677086353 1.308000684 0.027132917 0.002342732 -0.014145148 0.999529004
1403638617777829376.000000 0.927880228 -3.621406078 1.325957894 0.028234966 0.003775740 -0.014064867 0.999495327
1403638617827829504.000000 0.954355955 -3.566656828 1.345700026 -0.028386027 -0.002686193 0.016524889 -0.999456823
1403638617877829376.000000 0.988824248 -3.509764433 1.367316842 0.029076407 0.003704578 -0.017647885 0.999414563
1403638617927829504.000000 1.019526958 -3.457020044 1.387052655 0.030054949 0.004727337 -0.016771579 0.999396384
1403638617977829376.000000 1.050277710 -3.405233622 1.407948256 0.030991176 0.005594430 -0.016818928 0.999362469
1403638618027829504.000000 1.080098987 -3.354260683 1.430265903 0.031525590 0.005705956 -0.017164985 0.999339283
1403638618077829376.000000 1.111836195 -3.303834915 1.454617858 0.032384980 0.006112966 -0.017373106 0.999305785
1403638618127829504.000000 1.139621496 -3.254178286 1.480016232 0.033516489 0.005285465 -0.016379768 0.999289989
1403638618177829376.000000 1.166680932 -3.205005884 1.506826997 0.034388151 0.005785506 -0.016141975 0.999261439
1403638618227829504.000000 1.192479849 -3.156452656 1.535022378 0.034639768 0.005843722 -0.016998874 0.999238253
1403638618277829376.000000 1.222575188 -3.105366707 1.569647551 0.034895580 0.005852911 -0.017757021 0.999216080
1403638618327829504.000000 1.246660471 -3.058480740 1.600223541 0.035271965 0.007136381 -0.018435640 0.999182284
1403638618377829376.000000 1.270239592 -3.012346745 1.631726265 0.035776146 0.007304110 -0.018400524 0.999163747
1403638618427829504.000000 1.293716788 -2.967054367 1.664308190 0.036076482 0.007475465 -0.019187709 0.999136925
1403638618477829376.000000 1.319415808 -2.925071716 1.697459102 0.036696222 0.007115981 -0.019363837 0.999113560
1403638618527829504.000000 1.342554092 -2.881745338 1.731917024 0.037278935 0.008500379 -0.019761097 0.999073386
1403638618577829376.000000 1.365554094 -2.839052916 1.767051220 0.036364876 0.009163472 -0.020512788 0.999086082
1403638618627829504.000000 1.388509870 -2.796792984 1.803395867 0.034170527 0.009294735 -0.019580418 0.999180973
1403638618677829376.000000 1.421024680 -2.752885580 1.845548391 0.031384278 0.009396167 -0.020068202 0.999261796
1403638618727829504.000000 1.445736408 -2.712533236 1.882681727 0.029441589 0.009785907 -0.019961089 0.999319255
1403638618777829376.000000 1.472189307 -2.673294783 1.920351624 0.027693802 0.010687758 -0.018688245 0.999384701
1403638618827829504.000000 1.500166655 -2.635221958 1.958091140 0.026418511 0.011889376 -0.017194150 0.999432385
1403638618877829376.000000 1.536086559 -2.596355915 1.996662021 0.023503389 0.013781189 -0.018186722 0.999463379
1403638618927829504.000000 1.566706777 -2.560150385 2.034612894 0.019706083 0.016498391 -0.015901845 0.999543190
1403638618977829376.000000 1.596443295 -2.524463654 2.073420525 0.013939874 0.020741235 -0.013557428 0.999595821
1403638619027829504.000000 1.624328375 -2.489288092 2.113385916 0.006488055 0.023812152 -0.010725572 0.999637902
1403638619077829376.000000 1.654676199 -2.449017286 2.154092789 -0.003246618 0.026032567 -0.008921828 0.999616027
1403638619127829504.000000 1.679380178 -2.415040731 2.195435524 -0.013652065 0.028759167 -0.005407750 0.999478579
1403638619177829376.000000 1.702222466 -2.381752014 2.237713099 -0.024750594 0.030049434 -0.000210336 0.999241948
1403638619227829504.000000 1.723631144 -2.349532843 2.280694962 -0.036885276 0.032228574 0.005582423 0.998784125
1403638619277829376.000000 1.744281411 -2.319469690 2.323286057 0.049665518 -0.032697458 -0.012628671 -0.998150706
1403638619327829504.000000 1.764164567 -2.285914183 2.368915558 -0.063575268 0.033883829 0.018195366 0.997235715
1403638619377829376.000000 1.778653979 -2.255985498 2.413240194 -0.076567739 0.035255305 0.024566069 0.996138096
1403638619427829504.000000 1.792157292 -2.227129221 2.457793951 -0.087428302 0.036499862 0.030886555 0.995022655
1403638619477829376.000000 1.805134773 -2.199357271 2.502367020 -0.096997298 0.037287552 0.036855772 0.993902862
1403638619527829504.000000 1.818910241 -2.171733856 2.546152353 0.104493894 -0.038541872 -0.041970577 -0.992891788
1403638619577829376.000000 1.830403686 -2.143190622 2.593519211 -0.111149311 0.039218999 0.046569366 0.991937041
1403638619627829504.000000 1.841552854 -2.117593527 2.638356686 -0.115244478 0.039714955 0.053549007 0.991097391
1403638619677829376.000000 1.852038026 -2.092314959 2.683243275 -0.116973177 0.041160151 0.062599063 0.990305245
1403638619727829504.000000 1.861550927 -2.066899538 2.727709055 -0.118789464 0.040749747 0.069168657 0.989668787
1403638619777829376.000000 1.872219801 -2.041097641 2.771246672 0.120286830 -0.042274307 -0.074367240 -0.989046812
1403638619827829504.000000 1.877060771 -2.013044834 2.817209244 -0.121791847 0.043323971 0.077994592 0.988537669
1403638619877829376.000000 1.885243058 -1.985938907 2.859900475 -0.123552896 0.044091418 0.079995409 0.988125205
1403638619927829504.000000 1.892555118 -1.957948804 2.901953936 -0.124985307 0.044333462 0.082029812 0.987767398
1403638619977829376.000000 1.899114609 -1.928942561 2.943372726 -0.126682252 0.044218872 0.082403541 0.987525225
1403638620027829504.000000 1.901562572 -1.901140451 2.980067253 -0.128347278 0.045666732 0.082342297 0.987249374
1403638620077829376.000000 1.908741236 -1.870173216 3.019163370 -0.129320949 0.047829442 0.082771100 0.986984015
1403638620127829504.000000 1.917014122 -1.838324904 3.056140900 -0.131178111 0.049897913 0.080793150 0.986800432
1403638620177829376.000000 1.926676631 -1.805645227 3.091266870 -0.132493794 0.052738778 0.079633206 0.986571133
1403638620227829504.000000 1.937001467 -1.771131635 3.124445915 0.133124739 -0.053620640 -0.079050563 -0.986485541
1403638620277829376.000000 1.938543200 -1.738379836 3.159592867 -0.134513393 0.052061077 0.077986732 0.986465394
1403638620327829504.000000 1.951373339 -1.703457594 3.188096046 -0.135570496 0.051124230 0.075506039 0.986562669
1403638620377829376.000000 1.965383053 -1.668170929 3.214415073 -0.135676324 0.049792442 0.074612558 0.986684203
1403638620427829504.000000 1.980463505 -1.632498264 3.238823175 -0.135772049 0.049341638 0.073298626 0.986792147
1403638620477829376.000000 1.993532300 -1.597901225 3.258318424 0.135424182 -0.048482995 -0.072150201 -0.986967146
1403638620527829504.000000 2.007769108 -1.561853766 3.279911518 0.135123551 -0.047926277 -0.071031943 -0.987116575
1403638620577829376.000000 2.020507336 -1.525571823 3.301221848 0.134207040 -0.046438437 -0.070970409 -0.987317145
1403638620627829504.000000 2.031717539 -1.488990426 3.322526693 0.133114442 -0.044342358 -0.071280852 -0.987539053
1403638620727829504.000000 2.039086819 -1.413954377 3.368988991 -0.130381420 0.038903922 0.074520938 0.987893641
1403638620777829376.000000 2.046866655 -1.376870632 3.389003992 -0.128824532 0.035981923 0.074824207 0.988185644
1403638620827829504.000000 2.054103136 -1.338487029 3.409122229 -0.128228709 0.033400923 0.073432609 0.988458097
1403638620877829376.000000 2.060500622 -1.299431086 3.429259300 -0.129103065 0.031180039 0.068822384 0.988748550
1403638620927829504.000000 2.062793493 -1.262651086 3.450170279 -0.128945395 0.030821742 0.065278314 0.989020705
1403638620977829376.000000 2.074920893 -1.220706820 3.465745449 0.129816785 -0.031894151 -0.061863512 -0.989092231
1403638621027829504.000000 2.079012156 -1.181621909 3.485762358 0.129698709 -0.033451665 -0.058693122 -0.989249408
1403638621077829376.000000 2.083896160 -1.142440677 3.505089283 0.129706964 -0.034727737 -0.055945173 -0.989363611
1403638621127829504.000000 2.061196327 -1.107214570 3.530173540 -0.128922179 0.037490387 0.055531394 0.989388645
1403638621177829376.000000 2.068436146 -1.069132328 3.548111439 -0.127955109 0.038784832 0.054802433 0.989504933
1403638621227829504.000000 2.077417612 -1.031403899 3.565670013 -0.127154350 0.040505555 0.053909324 0.989588261
1403638621277829376.000000 2.087078094 -0.994834840 3.582644463 -0.126570940 0.041088801 0.052692208 0.989704549
1403638621327829504.000000 2.097342253 -0.958431184 3.598964930 -0.126727208 0.039833028 0.050655838 0.989842176
1403638621377829376.000000 2.105288029 -0.923391700 3.612008572 0.126409918 -0.040469017 -0.049247939 -0.989928067
1403638621427829504.000000 2.113222361 -0.888185263 3.627481222 0.125424862 -0.042406891 -0.049233519 -0.989972889
1403638621477829376.000000 2.105773449 -0.857209563 3.646347046 -0.125994980 0.044473395 0.047157612 0.989910901
1403638621527829504.000000 2.110845566 -0.823153973 3.662049055 -0.125120357 0.047092255 0.046571385 0.989928484
1403638621577829376.000000 2.114152908 -0.789925694 3.677890301 -0.124587089 0.048424270 0.045743138 0.989970088
1403638621627829504.000000 2.116326332 -0.757440090 3.693832397 -0.124045126 0.050031595 0.045679308 0.989961147
1403638621677829376.000000 2.116630077 -0.725645542 3.709647655 -0.123543009 0.050147835 0.045274105 0.990036666
1403638621727829504.000000 2.112213850 -0.695238411 3.722815275 0.123557776 -0.051978696 -0.044746183 -0.989964426
1403638621777829376.000000 2.105678797 -0.669960022 3.736705542 -0.123857453 0.053687409 0.043687597 0.989883006
1403638621827829504.000000 2.101682425 -0.639958918 3.750467062 -0.124040224 0.056169622 0.042686611 0.989766121
1403638621877829376.000000 2.096464634 -0.610855162 3.763383150 -0.124050833 0.059558023 0.041531410 0.989615798
1403638621927829504.000000 2.089797497 -0.582801342 3.775609732 -0.124001540 0.062035032 0.040907506 0.989495754
1403638621977829376.000000 2.082042456 -0.555794775 3.787254810 -0.123722978 0.063822836 0.041042168 0.989411354
1403638622027829504.000000 2.067791224 -0.537572503 3.791445494 -0.123411223 0.065041222 0.041240189 0.989362776
1403638622077829376.000000 2.056862593 -0.512242079 3.801656723 -0.123046570 0.064795882 0.042553321 0.989368677
1403638622127829504.000000 2.044525385 -0.487842321 3.811198235 -0.122133777 0.063704967 0.044453129 0.989469051
1403638622177829376.000000 2.031422853 -0.464407742 3.819425106 -0.121211044 0.062992498 0.045816198 0.989565969
1403638622227829504.000000 2.018925667 -0.441499710 3.826056242 -0.120867915 0.062931612 0.047206286 0.989546478
1403638622277829376.000000 2.009401083 -0.413001001 3.838449955 0.120280147 -0.063593909 -0.049834441 -0.989446878
1403638622327829504.000000 2.000713110 -0.401244074 3.839666367 -0.120562144 0.062818579 0.050164521 0.989445388
1403638622377829376.000000 1.990765214 -0.380009353 3.840195894 -0.121191002 0.062088758 0.049487431 0.989448726
1403638622427829504.000000 1.982177377 -0.359444499 3.837586880 -0.122082017 0.061401758 0.048275307 0.989441931
1403638622477829376.000000 1.974916220 -0.339369386 3.832850695 -0.123141237 0.060959172 0.046188246 0.989437699
1403638622527829504.000000 1.968059421 -0.320050210 3.826426983 -0.123682328 0.061482597 0.045732751 0.989358902
1403638622577829376.000000 1.961310387 -0.301744282 3.818256617 0.125291020 -0.061242949 -0.043233927 -0.989283741
1403638622627829504.000000 1.956551075 -0.283756524 3.808455706 0.126476660 -0.064108744 -0.041065022 -0.989043713
1403638622677829376.000000 1.955090761 -0.275252163 3.794814110 -0.127598912 0.068220153 0.040061373 0.988665640
1403638622727829504.000000 1.954879999 -0.259545773 3.779343367 -0.128131002 0.077573985 0.038591832 0.987965286
1403638622777829376.000000 1.962704182 -0.251210451 3.756591320 -0.128608868 0.086041436 0.038481519 0.987206101
1403638622827829504.000000 1.965949059 -0.236118376 3.740113020 -0.129139125 0.092457280 0.037998643 0.986575365
1403638622877829376.000000 1.968585134 -0.221843168 3.722814322 -0.129439458 0.093729138 0.037739418 0.986425936
1403638622927829504.000000 1.970331430 -0.208517015 3.704049349 -0.129281536 0.092174210 0.039297260 0.986532331
1403638622977829376.000000 1.970204830 -0.195900112 3.684498787 -0.129466236 0.087213628 0.040203940 0.986922503
1403638623027829504.000000 1.960092783 -0.201853424 3.641479254 0.128981575 -0.081972025 -0.042733550 -0.987328827
1403638623077829376.000000 1.953191876 -0.195407391 3.613637924 0.128669351 -0.076256238 -0.044516444 -0.987748742
1403638623127829504.000000 1.938165188 -0.185439467 3.589854479 0.127730548 -0.072717562 -0.047471233 -0.987999797
1403638623177829376.000000 1.939365506 -0.184088677 3.558269739 -0.126631990 0.068963937 0.050126016 0.988279164
1403638623227829504.000000 1.926709414 -0.179813296 3.526791811 -0.126087353 0.066380650 0.051879093 0.988435209
1403638623277829376.000000 1.912230015 -0.175936595 3.494560242 -0.125433013 0.063115850 0.053562626 0.988642514
1403638623327829504.000000 1.896489620 -0.172386080 3.461691618 -0.125175163 0.060484353 0.054503411 0.988788307
1403638623377829376.000000 1.879097342 -0.169131905 3.428319216 -0.124534443 0.058551081 0.056036651 0.988899827
1403638623427829504.000000 1.858832240 -0.167359084 3.393493891 0.125449374 -0.055976834 -0.054170210 -0.989037275
1403638623477829376.000000 1.839283943 -0.164950579 3.359020710 0.125053391 -0.055911832 -0.055323094 -0.989027262
1403638623527829504.000000 1.833922029 -0.155021369 3.336688757 -0.124736756 0.054598469 0.055656090 0.989121974
1403638623577829376.000000 1.815708160 -0.152973533 3.299542427 -0.125765830 0.055275004 0.054072261 0.989041865
1403638623627829504.000000 1.798791885 -0.151234686 3.260565519 -0.126487076 0.055725675 0.053056858 0.988979578
1403638623677829376.000000 1.783320785 -0.149534658 3.219956398 -0.126835808 0.054602321 0.052779317 0.989012480
1403638623727829504.000000 1.769288421 -0.148017257 3.177643299 -0.127911001 0.054556243 0.051695812 0.988933802
1403638623777829376.000000 1.754978538 -0.147430196 3.133326769 0.128566518 -0.052790541 -0.051277768 -0.988966405
1403638623827829504.000000 1.741948247 -0.146887735 3.087472439 0.129208893 -0.053156309 -0.050481085 -0.988904059
1403638623877829376.000000 1.728400350 -0.146894082 3.040061235 0.129965916 -0.050933942 -0.050422445 -0.988924801
1403638623927829504.000000 1.736109138 -0.134119213 3.014585257 -0.130817622 0.049450155 0.050105385 0.988903940
1403638623977829376.000000 1.720903993 -0.134917021 2.967097282 -0.131506488 0.048338819 0.049975291 0.988874078
1403638624027829504.000000 1.704328656 -0.135977939 2.919941902 -0.131860495 0.048379462 0.050894380 0.988778055
1403638624077829376.000000 1.687702179 -0.137242675 2.873738050 -0.131782129 0.047724988 0.053043183 0.988707423
1403638624127829504.000000 1.671417475 -0.138453558 2.828914881 -0.131762728 0.047672085 0.054342117 0.988642037
1403638624177829376.000000 1.644945145 -0.139466509 2.781422377 0.131158620 -0.047437213 -0.056540780 -0.988610268
1403638624227829504.000000 1.623772264 -0.141090825 2.735485315 0.131183952 -0.047758531 -0.058116999 -0.988500059
1403638624277829376.000000 1.601045251 -0.142971247 2.689310312 0.130963370 -0.048548691 -0.059737831 -0.988394201
1403638624327829504.000000 1.577692389 -0.144827873 2.643512726 0.131446317 -0.048993021 -0.060341455 -0.988271475
1403638624377829376.000000 1.582769394 -0.126028270 2.634339333 -0.131435812 0.047392461 0.061782036 0.988261938
1403638624427829504.000000 1.557364941 -0.127666458 2.589148283 -0.131981760 0.047497507 0.061850671 0.988179803
1403638624477829376.000000 1.531288981 -0.129003048 2.544130802 -0.132962197 0.047834631 0.061280590 0.988067627
1403638624527829504.000000 1.505139112 -0.130336180 2.499452353 -0.132350981 0.052607905 0.064673625 0.987690806
1403638624577829376.000000 1.479201436 -0.131266117 2.455203772 -0.131496817 0.061213519 0.068565667 0.987046301
1403638624627829504.000000 1.457478404 -0.122716174 2.425184488 -0.131260127 0.068029009 0.068967730 0.986603439
1403638624677829376.000000 1.429788589 -0.123413220 2.379420757 -0.131471083 0.068378232 0.066225201 0.986739099
1403638624727829504.000000 1.402386665 -0.124000885 2.331971169 -0.131491676 0.065540507 0.060702473 0.987284005
1403638624777829376.000000 1.375638247 -0.124864914 2.282868862 -0.130567268 0.060910627 0.054813530 0.988047361
1403638624827829504.000000 1.350803852 -0.125966072 2.232710123 -0.129240006 0.056118548 0.050364707 0.988742232
1403638624877829376.000000 1.329355955 -0.118161485 2.193827152 -0.127172932 0.052596770 0.046675686 0.989384651
1403638624927829504.000000 1.307064295 -0.119887300 2.140857697 -0.123945601 0.050118249 0.046978351 0.989908457
1403638624977829376.000000 1.285881758 -0.122135602 2.087021589 -0.120233171 0.048659407 0.048628211 0.990359306
1403638625027829504.000000 1.265229344 -0.124440767 2.033126593 -0.117100395 0.048850648 0.049381893 0.990687907
1403638625077829376.000000 1.243588805 -0.126808301 1.979735374 -0.113492943 0.048129588 0.051921073 0.991013169
1403638625127829504.000000 1.222058773 -0.121804938 1.939263821 -0.110365011 0.047706157 0.054280985 0.991260529
1403638625177829376.000000 1.198444247 -0.123582818 1.887400508 -0.108156405 0.047103032 0.055469345 0.991466939
1403638625227829504.000000 1.173809052 -0.125097319 1.836014032 -0.106664039 0.046483099 0.055670239 0.991646588
1403638625277829376.000000 1.148726940 -0.126203790 1.784921885 -0.105788946 0.046392962 0.055151384 0.991773605
1403638625327829504.000000 1.123593807 -0.126838282 1.734212279 -0.104934096 0.046528436 0.055105746 0.991860569
1403638625377829376.000000 1.098354578 -0.120935760 1.692785621 -0.104102410 0.046471983 0.054923754 0.991960943
1403638625427829504.000000 1.075549722 -0.120114230 1.641767025 -0.103684597 0.047111377 0.054403428 0.992003202
1403638625477829376.000000 1.054255009 -0.119085103 1.589776754 -0.103132635 0.047690269 0.055237476 0.991987050
1403638625527829504.000000 1.034248829 -0.117580749 1.537356138 -0.103453197 0.047639832 0.054043774 0.992021799
1403638625577829376.000000 1.015451074 -0.115839832 1.484511137 -0.103395350 0.046960652 0.054248154 0.992049038
1403638625627829504.000000 0.998570204 -0.112276286 1.433508992 0.103812754 -0.045172766 -0.053391229 -0.992134988
1403638625677829376.000000 0.983816683 -0.109467432 1.380310297 0.103552394 -0.044201005 -0.053911418 -0.992177844
1403638625727829504.000000 0.965278447 -0.104263052 1.335888982 -0.103416972 0.040078003 0.054326218 0.992344379
1403638625777829376.000000 0.949889839 -0.100865051 1.282868743 -0.103307769 0.036197338 0.054988988 0.992468417
1403638625827829504.000000 0.933648765 -0.097114623 1.230934858 -0.103541531 0.032307997 0.055163123 0.992568552
1403638625877829376.000000 0.917069376 -0.092907920 1.180206656 -0.103834689 0.031473339 0.054925129 0.992578030
1403638625927829504.000000 0.899854839 -0.088079803 1.130664349 -0.104445398 0.030430140 0.054197837 0.992586434
1403638625977829376.000000 0.877298772 -0.081680059 1.088910222 -0.104864195 0.030763173 0.054378971 0.992522120
1403638626027829504.000000 0.858033657 -0.075807139 1.042262793 -0.104992315 0.029021841 0.055006202 0.992526472
1403638626077829376.000000 0.838012516 -0.069558226 0.996644557 -0.104597509 0.028148260 0.056597877 0.992503822
1403638626127829504.000000 0.817566812 -0.062775783 0.952393830 -0.104609236 0.027899262 0.057507813 0.992457330
1403638626177829376.000000 0.796340108 -0.055597894 0.909334958 -0.105034515 0.027274184 0.056788597 0.992471159
1403638626227829504.000000 0.768215537 -0.048504151 0.870108783 -0.105599239 0.028293276 0.056065336 0.992423832
1403638626277829376.000000 0.745485604 -0.040253855 0.828922689 -0.106675111 0.030078635 0.054090820 0.992365837
1403638626327829504.000000 0.722389519 -0.031563312 0.788683116 -0.108617187 0.031962790 0.049561452 0.992332816
1403638626377829376.000000 0.699034989 -0.023118574 0.749387264 -0.110204421 0.033895530 0.045588318 0.992284179
1403638626427829504.000000 0.675304234 -0.015005736 0.711005569 -0.110858522 0.036105018 0.043212108 0.992239714
1403638626477829376.000000 0.648158550 -0.006903379 0.671232939 0.111083940 -0.036574908 -0.042546101 -0.992226064
1403638626527829504.000000 0.617480040 -0.000788793 0.639274120 -0.111490898 0.034316447 0.041105974 0.992321789
1403638626577829376.000000 0.592451990 0.006301194 0.602184892 -0.111264914 0.032640930 0.041153289 0.992401719
1403638626627829504.000000 0.567601025 0.013051624 0.565624714 -0.110903352 0.030535566 0.042212665 0.992464721
1403638626677829376.000000 0.543746233 0.019331781 0.529570699 -0.110506803 0.029273022 0.041989282 0.992556393
1403638626727829504.000000 0.520887554 0.025337655 0.494007945 -0.109942660 0.025497790 0.043512128 0.992657661
1403638626777829376.000000 0.494481891 0.029398486 0.463606089 -0.109517433 0.022338936 0.044410486 0.992740989
1403638626827829504.000000 0.476376563 0.034911431 0.429839492 -0.109243117 0.019849699 0.044924051 0.992800951
1403638626877829376.000000 0.460964233 0.040369108 0.396456122 -0.109131485 0.017554604 0.044282526 0.992885351
1403638626927829504.000000 0.447823524 0.045770537 0.363793820 -0.109075032 0.015793161 0.044315908 0.992919624
1403638626977829376.000000 0.436152577 0.050825767 0.332240671 -0.108648002 0.015833339 0.044691924 0.992948949
1403638627027829504.000000 0.423957586 0.055475611 0.301757842 0.108427010 -0.015904907 -0.044525079 -0.992979467
1403638627077829376.000000 0.407585472 0.060643293 0.275795341 -0.107928567 0.015954688 0.044663884 0.993026733
1403638627127829504.000000 0.394849271 0.065502912 0.248567507 -0.107696809 0.016250119 0.044747803 0.993043363
1403638627177829376.000000 0.381512254 0.070392296 0.222799122 -0.107253805 0.016075270 0.044977680 0.993083775
1403638627227829504.000000 0.367955446 0.075343251 0.198440969 -0.107045911 0.016406000 0.044911843 0.993103683
1403638627277829376.000000 0.354038686 0.080372229 0.175519094 -0.107606418 0.016105089 0.043143742 0.993126452
1403638627327829504.000000 0.336538255 0.086025052 0.152397975 0.107950285 -0.016968282 -0.041587774 -0.993141115
1403638627377829376.000000 0.321634620 0.091069482 0.131628767 0.108194083 -0.017796939 -0.040522855 -0.993144095
1403638627427829504.000000 0.308335274 0.094710380 0.117689401 -0.108384475 0.017157469 0.040020112 0.993155003
1403638627477829376.000000 0.293099195 0.099439025 0.099950999 -0.108226329 0.017011056 0.040051661 0.993173540
1403638627527829504.000000 0.277967364 0.104067840 0.083380394 -0.108192876 0.017734399 0.040425584 0.993149340
1403638627577829376.000000 0.262981951 0.108232066 0.067851879 -0.108949877 0.019061172 0.039124962 0.993094146
1403638627627829504.000000 0.248475388 0.112098239 0.053169340 -0.109933607 0.021430762 0.037575826 0.992997229
1403638627677829376.000000 0.232711881 0.115065627 0.040930819 0.110156454 -0.024507586 -0.037630577 -0.992899239
1403638627727829504.000000 0.223280504 0.118238501 0.031437509 -0.110476092 0.026735371 0.037096910 0.992826343
1403638627777829376.000000 0.208458796 0.121038660 0.019578937 -0.110996813 0.027713837 0.036046967 0.992780089
1403638627827829504.000000 0.193858922 0.123369493 0.008335982 -0.111172698 0.029099399 0.036263328 0.992712855
1403638627877829376.000000 0.179293022 0.125264913 -0.002232742 -0.111700892 0.028848363 0.035543587 0.992686987
1403638627927829504.000000 0.164770275 0.126585737 -0.012207946 -0.111807987 0.027062045 0.035646088 0.992721498
1403638627977829376.000000 0.156115651 0.127171889 -0.018776814 -0.112180725 0.025227405 0.035247546 0.992742062
1403638628027829504.000000 0.142310351 0.127588719 -0.027953887 -0.112843588 0.024092434 0.034801111 0.992710829
1403638628077829376.000000 0.129114598 0.127363518 -0.036829114 -0.113111228 0.023278732 0.034767456 0.992700994
1403638628127829504.000000 0.116601340 0.126604632 -0.045294233 -0.113615200 0.022354418 0.034816366 0.992662966
1403638628177829376.000000 0.104920305 0.125327021 -0.053168599 -0.114268623 0.022119140 0.034510277 0.992603958
1403638628227829504.000000 0.102410741 0.123551190 -0.057810027 -0.114234105 0.021503020 0.035068110 0.992601931
1403638628277829376.000000 0.092487417 0.121329352 -0.064023338 -0.114668988 0.021127006 0.034845810 0.992567658
1403638628327829504.000000 0.083579175 0.118688636 -0.069411851 -0.114449307 0.020261550 0.036129370 0.992565155
1403638628377829376.000000 0.075788520 0.115241818 -0.074234068 -0.114330441 0.020092392 0.036750648 0.992559493
1403638628427829504.000000 0.069072954 0.111331381 -0.078232773 -0.113359690 0.020927629 0.039228022 0.992558777
1403638628477829376.000000 0.073368736 0.107181847 -0.082467638 -0.111840479 0.024191111 0.044105593 0.992452145
1403638628527829504.000000 0.069167897 0.102826819 -0.085464381 -0.109615862 0.030235350 0.049544223 0.992277980
1403638628577829376.000000 0.065743752 0.098507665 -0.088512920 -0.107780293 0.036222689 0.053909983 0.992050946
1403638628627829504.000000 0.062661946 0.094476901 -0.091634810 -0.106549352 0.041531969 0.057485014 0.991775095
1403638628677829376.000000 0.059082802 0.090712808 -0.094834678 -0.105109036 0.042800236 0.060628019 0.991687715
1403638628727829504.000000 0.056534782 0.086772114 -0.097959511 0.105508693 -0.042089280 -0.060342804 -0.991693079
1403638628777829376.000000 0.051124152 0.084448099 -0.101090960 0.106390841 -0.040784609 -0.058979176 -0.991735399
1403638628827829504.000000 0.044400606 0.082920842 -0.103773817 0.107464589 -0.039971814 -0.056543346 -0.991794586
1403638628877829376.000000 0.036441378 0.082133524 -0.105818413 0.108610034 -0.040279686 -0.054151762 -0.991790831
1403638628927829504.000000 0.028413493 0.081723765 -0.107513659 0.109830610 -0.040230583 -0.052081566 -0.991769254
1403638628977829376.000000 0.031353123 0.081681080 -0.114812523 -0.111114658 0.039200634 0.049048096 0.991822183
1403638629027829504.000000 0.025560843 0.081355430 -0.116797864 -0.112136878 0.038528848 0.046500918 0.991856098
1403638629077829376.000000 0.019866353 0.081218228 -0.118920006 -0.113225557 0.037612002 0.043473437 0.991904974
1403638629127829504.000000 0.014827440 0.080681756 -0.121226192 -0.113541797 0.036584832 0.042198014 0.991962314
1403638629177829376.000000 0.010453260 0.079789117 -0.123851448 -0.114149019 0.035777058 0.040386066 0.991997540
1403638629227829504.000000 0.005084520 0.078608230 -0.125039533 0.114168063 -0.035082333 -0.039921723 -0.992038906
1403638629277829376.000000 0.002340163 0.076899759 -0.127626732 0.114228942 -0.035440326 -0.039397150 -0.992040217
1403638629327829504.000000 -0.000098475 0.074147373 -0.134709761 -0.114912182 0.033520062 0.038667943 0.992056668
1403638629377829376.000000 -0.002340749 0.071386784 -0.137140751 -0.115106247 0.029778954 0.038765367 0.992149770
1403638629427829504.000000 -0.004244935 0.068184100 -0.139230520 -0.115161315 0.026133429 0.039298411 0.992225051
1403638629477829376.000000 -0.005991778 0.064487860 -0.140924662 -0.115099877 0.021576624 0.040535558 0.992291987
1403638629527829504.000000 -0.007384962 0.060383994 -0.142141312 -0.114440754 0.017503239 0.042559072 0.992363751
1403638629577829376.000000 -0.007697129 0.056766108 -0.143738553 -0.113816775 0.015849663 0.044540182 0.992376328
1403638629627829504.000000 -0.007418050 0.052486390 -0.143085182 -0.111490563 0.016268332 0.050987665 0.992323279
1403638629677829376.000000 -0.006351861 0.048296914 -0.141910300 -0.109067090 0.018354438 0.057661716 0.992190897
1403638629727829504.000000 -0.004405865 0.045030631 -0.140209213 -0.107054643 0.022236751 0.063321963 0.991985440
1403638629777829376.000000 -0.001700861 0.042817261 -0.136256501 0.106173262 -0.027687380 -0.066289023 -0.991749227
1403638629827829504.000000 -0.000032589 0.041449223 -0.134727895 0.105378464 -0.032536428 -0.068691447 -0.991523206
1403638629877829376.000000 0.000463543 0.041192412 -0.131061390 0.105504200 -0.038427800 -0.069224849 -0.991261899
1403638629927829504.000000 0.000433123 0.042316742 -0.126687869 -0.107865021 0.043329075 0.064234823 0.991141617
1403638629977829376.000000 -0.003307206 0.043845523 -0.121896163 -0.110574856 0.048752636 0.058138784 0.990967393
1403638630027829504.000000 -0.009361485 0.045921825 -0.117113657 -0.112729982 0.054249257 0.052860077 0.990734518
1403638630077829376.000000 -0.018458055 0.047812883 -0.111961246 -0.114622816 0.055540539 0.048480850 0.990669668
1403638630127829504.000000 -0.030172454 0.049338415 -0.106371306 -0.115647703 0.054071631 0.045344554 0.990780413
1403638630177829376.000000 -0.041406211 0.051701132 -0.098549850 -0.116528280 0.051360905 0.042950921 0.990928113
1403638630227829504.000000 -0.057117064 0.051980037 -0.093491748 -0.116887078 0.047456484 0.041812204 0.991129220
1403638630277829376.000000 -0.074327707 0.052197833 -0.087914541 -0.117076293 0.043643713 0.041430492 0.991298079
1403638630327829504.000000 -0.092689551 0.052026533 -0.082141779 -0.118948869 0.035848778 0.039508309 0.991466224
1403638630377829376.000000 -0.097370028 0.048849680 -0.077132359 0.115210578 -0.009694077 -0.042334091 -0.992391229
1403638630427829504.000000 -0.084680974 0.048325479 -0.071763739 -0.110306866 0.024874430 0.052301690 0.992208779
1403638630477829376.000000 -0.076155469 0.046959706 -0.069834091 -0.112953760 0.041955698 0.043071557 0.991779268
1403638630527829504.000000 -0.078782059 0.043437243 -0.069239207 0.113564283 -0.042653315 -0.042106487 -0.991721213
1403638630577829376.000000 -0.068035446 0.044940762 -0.059365764 -0.113210961 0.042928789 0.044264887 0.991655707
1403638630627829504.000000 -0.074168608 0.043092310 -0.052426126 -0.114337981 0.043763697 0.042060252 0.991585910
1403638630677829376.000000 -0.085454620 0.041976843 -0.045776125 -0.110175945 0.010563757 0.041226164 0.993000627
1403638630727829504.000000 -0.100149266 0.040053140 -0.048281595 0.103708513 0.000074001 -0.039156843 -0.993836701
1403638630777829376.000000 -0.096329451 0.043780465 -0.051880993 0.109727964 0.000075533 -0.034269299 -0.993370771
1403638630827829504.000000 -0.084634177 0.048711076 -0.044530053 -0.108308092 0.003542089 0.038625419 0.993360460
1403638630877829376.000000 -0.086719215 0.047808092 -0.047262300 -0.105994701 0.002093269 0.037827227 0.993644714
1403638630927829504.000000 -0.087629810 0.047714058 -0.049932249 0.106535986 -0.002584049 -0.037582386 -0.993595064
1403638630977829376.000000 -0.088791296 0.047202412 -0.052764595 0.106306970 -0.002305852 -0.037937354 -0.993606746
1403638631027829504.000000 -0.090138100 0.046519402 -0.055906553 0.106273182 -0.002155135 -0.038048904 -0.993606389
1403638631077829376.000000 -0.087952174 0.047132768 -0.054162927 -0.106658809 0.002276361 0.037149731 0.993598878
1403638631127829504.000000 -0.088240422 0.046225555 -0.056678083 -0.106120415 0.002088378 0.038563192 0.993603051
1403638631177829376.000000 -0.088295236 0.046177063 -0.059268408 -0.106665760 0.002159031 0.037358798 0.993590534
1403638631227829504.000000 -0.088441588 0.046072744 -0.060437899 0.106205091 -0.002128678 -0.038348272 -0.993602276
1403638631277829376.000000 -0.088107519 0.045952301 -0.062372833 0.106586255 -0.002100742 -0.037389103 -0.993598044
1403638631327829504.000000 -0.087595344 0.045234207 -0.064096965 0.106190361 -0.002290855 -0.038395017 -0.993601620
1403638631377829376.000000 -0.087364651 0.044818390 -0.066092871 0.106428169 -0.001906435 -0.037666228 -0.993604958
1403638631427829504.000000 -0.086944722 0.044085443 -0.067610905 0.106227487 -0.002215152 -0.038127374 -0.993608236
1403638631477829376.000000 -0.086340010 0.043666225 -0.069122955 0.106322527 -0.001923501 -0.038019348 -0.993602753
1403638631527829504.000000 -0.086064637 0.043036640 -0.070352703 0.106245585 -0.001948794 -0.038183372 -0.993604660
1403638631577829376.000000 -0.086036056 0.042571612 -0.071117707 0.106228381 -0.001860390 -0.038148489 -0.993607998
1403638631627829504.000000 -0.085699901 0.042393882 -0.071487449 0.106331445 -0.001779361 -0.037919052 -0.993605912
1403638631677829376.000000 -0.085542277 0.042322919 -0.071575373 0.106132120 -0.001780322 -0.038658027 -0.993598759
