1413393889605760512.000000 0.000000702 0.000000007 0.000000126 0.000000012 -0.000000008 -0.000000010 1.000000000
1413393889655760384.000000 0.002446601 0.001961410 -0.002334738 -0.001919632 -0.006775973 -0.001408965 0.999974251
1413393889705760512.000000 0.009836278 0.006479481 -0.006949468 -0.003980571 -0.011749652 -0.005739021 0.999906659
1413393889755760384.000000 0.015055179 0.008996555 -0.012244784 -0.006355146 -0.016765404 -0.009693407 0.999792278
1413393889805760512.000000 0.027665064 0.008530948 -0.014168073 -0.008813453 -0.019601876 -0.012921317 0.999685585
1413393889855760384.000000 0.045565404 0.007330186 -0.016091071 -0.011811434 -0.022783423 -0.018888956 0.999492228
1413393889905760512.000000 0.066270694 0.007408576 -0.016865792 -0.014464108 -0.023238054 -0.026334817 0.999278367
1413393889955760384.000000 0.092021905 0.007060184 -0.021471197 -0.017064858 -0.019260181 -0.033112559 0.999120295
1413393890005760512.000000 0.122072451 0.006318888 -0.026667217 -0.018674515 -0.013450148 -0.039056137 0.998971939
1413393890055760384.000000 0.153476000 -0.002067114 -0.028062752 -0.019759092 -0.007843609 -0.039251179 0.999003232
1413393890105760512.000000 0.190866530 -0.008393967 -0.032147769 -0.018219203 -0.004021521 -0.034899168 0.999216676
1413393890155760384.000000 0.228985026 -0.019719305 -0.029332124 -0.017231494 -0.000510452 -0.029990818 0.999401569
1413393890205760512.000000 0.251028806 -0.027591445 -0.030574899 -0.015360844 0.004029743 -0.025672277 0.999544322
1413393890255760384.000000 0.275542378 -0.035615247 -0.030895943 -0.013505642 0.006686009 -0.020758819 0.999670923
1413393890305760512.000000 0.293532491 -0.046010330 -0.027333116 -0.012234851 0.008531643 -0.015999695 0.999760807
1413393890355760384.000000 0.308087140 -0.056832708 -0.023008617 -0.011123829 0.008939600 -0.012618193 0.999818563
1413393890405760512.000000 0.321392804 -0.068566166 -0.016057361 -0.010155519 0.008585017 -0.010012967 0.999861479
1413393890455760384.000000 0.320395559 -0.083917528 -0.002431909 -0.009926363 0.012463488 -0.007442478 0.999845386
1413393890505760512.000000 0.324458182 -0.094697513 0.004060226 -0.008489061 0.020151440 -0.004328545 0.999751568
1413393890555760384.000000 0.328267008 -0.106429353 0.012288987 -0.007145371 0.031327259 -0.001857987 0.999481976
1413393890605760512.000000 0.329155296 -0.118727461 0.020470455 -0.007371815 0.040981766 -0.001535568 0.999131560
1413393890655760384.000000 0.329514414 -0.131369025 0.028296852 -0.007879654 0.043056421 -0.002668662 0.999038041
1413393890705760512.000000 0.334893018 -0.144083202 0.035429206 -0.008686919 0.037618559 -0.004445921 0.999244571
1413393890755760384.000000 0.337532163 -0.153022081 0.034687471 -0.008810155 0.031405255 -0.005570702 0.999452412
1413393890805760512.000000 0.337173909 -0.166728482 0.038931608 -0.009389508 0.025321627 -0.006313183 0.999615371
1413393890855760384.000000 0.343346506 -0.178599268 0.037916083 -0.010179481 0.019158825 -0.007597673 0.999735773
1413393890905760512.000000 0.350066990 -0.189405397 0.036365625 -0.010096809 0.015034955 -0.007563803 0.999807417
1413393890955760384.000000 0.355071783 -0.204433635 0.039654836 -0.010854878 0.012041664 -0.010196794 0.999816597
1413393891005760512.000000 0.360900700 -0.216295853 0.038483903 -0.010940150 0.009929740 -0.010478794 0.999836028
1413393891055760384.000000 0.369168282 -0.228256777 0.034523081 -0.010730598 0.008098645 -0.011856160 0.999839365
1413393891105760512.000000 0.376177639 -0.241469890 0.033776768 -0.010549067 0.008845317 -0.011482013 0.999839365
1413393891155760384.000000 0.385414094 -0.256691396 0.031424724 -0.010076611 0.008013366 -0.010648258 0.999860466
1413393891205760512.000000 0.397168696 -0.271295190 0.031878587 -0.009809749 0.008998292 -0.010995760 0.999850988
1413393891255760384.000000 0.401902378 -0.284689456 0.030385401 -0.009111182 0.011271029 -0.010051727 0.999844551
1413393891305760512.000000 0.406712383 -0.298191190 0.026187191 -0.008258124 0.019450624 -0.009878032 0.999727964
1413393891355760384.000000 0.409863800 -0.316095144 0.025714722 -0.007795976 0.040903009 -0.010359407 0.999079049
1413393891405760512.000000 0.401466131 -0.330155700 0.030797381 -0.006198897 0.071896814 -0.007162460 0.997367144
1413393891455760384.000000 0.405778944 -0.343405873 0.029670732 -0.003668136 0.101129539 -0.006848086 0.994843006
1413393891505760512.000000 0.394803911 -0.346136183 0.016727347 -0.000643768 0.124456555 -0.005289256 0.992210805
1413393891555760384.000000 0.391183674 -0.345496714 -0.004958863 0.003136936 0.136561856 -0.004393301 0.990616918
1413393891605760512.000000 0.379747152 -0.362064749 -0.024343506 0.001760807 0.141484946 -0.007430952 0.989911020
1413393891655760384.000000 0.369270921 -0.378390640 -0.049059097 0.002136258 0.141835466 -0.006953959 0.989863575
1413393891705760512.000000 0.344717115 -0.416666389 -0.062859587 -0.001498381 0.142494991 -0.007800609 0.989763737
1413393891755760384.000000 0.330971539 -0.430987149 -0.102356799 -0.001346298 0.140933275 -0.008256035 0.989983797
1413393891805760512.000000 0.321834028 -0.443393975 -0.150028780 -0.001606662 0.137549266 -0.008858627 0.990454018
1413393891855760384.000000 0.309545487 -0.452641636 -0.203419104 -0.001521409 0.130921692 -0.009487551 0.991346180
1413393891905760512.000000 0.293027908 -0.464155942 -0.257823646 -0.002438572 0.118173696 -0.010266975 0.992936909
1413393891955760384.000000 0.260671169 -0.487591654 -0.324237049 -0.004250517 0.098877572 -0.010497199 0.995035172
1413393892005760512.000000 0.247227043 -0.498561293 -0.394799113 -0.004702046 0.073294096 -0.009930961 0.997249842
1413393892055760384.000000 0.225498125 -0.518788517 -0.464208692 0.006132115 -0.051025186 0.010399023 -0.998624444
1413393892105760512.000000 0.211144939 -0.533012509 -0.535755277 -0.007334183 0.032898463 -0.009531618 0.999386370
1413393892155760384.000000 0.195789129 -0.547767341 -0.611548841 0.008642664 -0.018949367 0.010304663 -0.999730051
1413393892205760512.000000 0.178122506 -0.563489556 -0.687782168 -0.009528454 0.009494230 -0.010800571 0.999851286
1413393892255760384.000000 0.162671581 -0.578860641 -0.762916863 -0.011006363 0.003695542 -0.012200608 0.999858260
1413393892305760512.000000 0.145534039 -0.594630063 -0.836377263 0.012051959 -0.000684429 0.011596144 -0.999859989
1413393892355760384.000000 0.126977265 -0.610490561 -0.907371998 0.013069041 0.003469101 0.011713705 -0.999839962
1413393892405760512.000000 0.100454517 -0.627421141 -0.976524532 -0.014125337 -0.007206910 -0.011335575 0.999810040
1413393892455760384.000000 0.077399097 -0.643537104 -1.042966366 -0.015222143 -0.010262030 -0.011210607 0.999768615
1413393892505760512.000000 0.051491305 -0.660025358 -1.106702447 0.016490914 0.011810723 0.012011326 -0.999722123
1413393892555760384.000000 0.006358132 -0.689328134 -1.160200238 -0.018682394 -0.012402678 -0.009164289 0.999706626
1413393892605760512.000000 -0.023052955 -0.706723094 -1.219582081 -0.019426506 -0.016949026 -0.009117609 0.999626100
1413393892655760384.000000 -0.055192500 -0.724740803 -1.277424216 -0.020258805 -0.024390731 -0.009209857 0.999454796
1413393892705760512.000000 -0.085631594 -0.742680371 -1.332731605 -0.021520432 -0.035366800 -0.009728163 0.999095380
1413393892755760384.000000 -0.115904868 -0.761289597 -1.385269642 -0.021971805 -0.049022365 -0.009535778 0.998510480
1413393892805760512.000000 -0.144216329 -0.780260444 -1.434854150 -0.022481408 -0.063798487 -0.010723077 0.997651935
1413393892855760384.000000 -0.170185849 -0.799221516 -1.480243683 0.023209147 0.076254934 0.011010159 -0.996757448
1413393892905760512.000000 -0.193779051 -0.819152951 -1.518306136 -0.023301350 -0.088098094 -0.010789256 0.995780826
1413393892955760384.000000 -0.213497654 -0.839680552 -1.554655433 -0.022722142 -0.098636888 -0.011219636 0.994800866
1413393893005760512.000000 -0.229205966 -0.860747516 -1.585791111 -0.022889642 -0.106794879 -0.012339866 0.993941009
1413393893055760384.000000 -0.242085993 -0.882764280 -1.611798882 -0.022118093 -0.111051500 -0.012891432 0.993484914
1413393893105760512.000000 -0.251131982 -0.905218363 -1.631482720 0.021324500 0.112663917 0.012958157 -0.993319809
1413393893155760384.000000 -0.256135166 -0.928117931 -1.645558596 0.020302003 0.109242819 0.012560962 -0.993728399
1413393893205760512.000000 -0.257063329 -0.951216638 -1.654138088 0.019480649 0.102975667 0.014005808 -0.994394541
1413393893255760384.000000 -0.254614294 -0.974808037 -1.657293797 0.019009443 0.096684299 0.013837306 -0.995037436
1413393893305760512.000000 -0.249100029 -0.998771310 -1.655430317 0.018005697 0.090673119 0.010463171 -0.995662928
1413393893355760384.000000 -0.241056040 -1.023024917 -1.648813605 0.016470177 0.087312289 0.004771714 -0.996033430
1413393893405760512.000000 -0.227312282 -1.046382427 -1.637274146 -0.015250096 -0.082718864 0.001465957 0.996455133
1413393893455760384.000000 -0.214559793 -1.070122123 -1.622007251 -0.013664682 -0.079543203 0.007193670 0.996711910
1413393893505760512.000000 -0.200573161 -1.093285084 -1.602015972 0.011526014 0.078222662 -0.012215469 -0.996794462
1413393893555760384.000000 -0.184022382 -1.115476608 -1.579419494 -0.009834876 -0.076021329 0.016186632 0.996926367
1413393893605760512.000000 -0.166261122 -1.136634231 -1.551822543 -0.007961776 -0.073434867 0.020164128 0.997064412
1413393893655760384.000000 -0.147382930 -1.156450272 -1.521415353 -0.005872382 -0.073631905 0.024455000 0.996968389
1413393893705760512.000000 -0.126603827 -1.174633503 -1.486140370 -0.004311374 -0.072765321 0.028987480 0.996918499
1413393893755760384.000000 -0.102929138 -1.190679073 -1.448206902 -0.002885594 -0.069343507 0.032554705 0.997057378
1413393893805760512.000000 -0.077820711 -1.204926372 -1.406051636 -0.002377774 -0.065361068 0.033624295 0.997292221
1413393893855760384.000000 -0.050150957 -1.217209458 -1.361168623 0.002792554 0.056392800 -0.034054298 -0.997823834
1413393893905760512.000000 -0.023060065 -1.228317618 -1.315148234 -0.003128065 -0.046138402 0.031986941 0.998417914
1413393893955760384.000000 0.007167270 -1.236692667 -1.264983416 -0.003563334 -0.034044087 0.030125979 0.998959839
1413393894005760512.000000 0.037911654 -1.243525982 -1.213036656 -0.004149027 -0.025421094 0.029014381 0.999247134
1413393894055760384.000000 0.069587052 -1.248652101 -1.160942674 -0.003848968 -0.019712897 0.027306288 0.999425292
1413393894105760512.000000 0.101924688 -1.252659917 -1.106758595 -0.003844785 -0.015470294 0.026922001 0.999510467
1413393894155760384.000000 0.134455219 -1.255243897 -1.051820636 -0.003052364 -0.013942360 0.027675351 0.999515116
1413393894205760512.000000 0.167683348 -1.256238818 -0.996308744 -0.002147971 -0.013245262 0.028768923 0.999496102
1413393894255760384.000000 0.195401698 -1.258213639 -0.943661630 -0.002253756 -0.012187188 0.029673805 0.999482810
1413393894305760512.000000 0.228494436 -1.255823493 -0.886628151 -0.001659933 -0.011834694 0.031810954 0.999422431
1413393894355760384.000000 0.258337408 -1.251462340 -0.828460753 -0.001532267 -0.011148483 0.032134131 0.999420226
1413393894405760512.000000 0.284940004 -1.246001363 -0.767906189 -0.001837193 -0.011126975 0.030789681 0.999462247
1413393894455760384.000000 0.304985315 -1.239761233 -0.706446350 -0.002378882 -0.010461137 0.028537802 0.999535143
1413393894505760512.000000 0.323862731 -1.231681705 -0.641540051 -0.002916590 -0.009118416 0.026281815 0.999608755
1413393894555760384.000000 0.334602505 -1.224611998 -0.578736067 -0.004472711 -0.006671024 0.023194697 0.999698699
1413393894605760512.000000 0.349298149 -1.213882327 -0.511117041 -0.005536709 -0.005940115 0.020229898 0.999762416
1413393894655760384.000000 0.359619468 -1.205918074 -0.444600821 -0.006741832 -0.003302830 0.017699378 0.999815226
1413393894705760512.000000 0.373942554 -1.192782164 -0.376286089 -0.007353313 -0.001930014 0.015905930 0.999844670
1413393894755760384.000000 0.388983786 -1.178841591 -0.308170587 -0.007059422 -0.000551181 0.014146565 0.999874890
1413393894805760512.000000 0.403474957 -1.164842606 -0.241570458 0.006316660 0.000411925 -0.014406171 -0.999876201
1413393894855760384.000000 0.419847220 -1.149591923 -0.174466267 0.005873456 -0.001340749 -0.013937132 -0.999884784
1413393894905760512.000000 0.437218815 -1.134033203 -0.107887499 0.005237083 -0.004328475 -0.012608509 -0.999897480
1413393894955760384.000000 0.446166962 -1.124049902 -0.047459457 -0.005194123 0.009762914 0.011151678 0.999876678
1413393895005760512.000000 0.465190560 -1.107545018 0.018063055 -0.004883869 0.015507667 0.009905855 0.999818742
1413393895055760384.000000 0.481240541 -1.094360590 0.081812747 -0.004317974 0.021811346 0.009280411 0.999709785
1413393895105760512.000000 0.499842137 -1.077927947 0.144149020 -0.004256450 0.023438662 0.007597650 0.999687374
1413393895155760384.000000 0.516670883 -1.062514544 0.204071805 -0.004119844 0.022291742 0.006188832 0.999723911
1413393895205760512.000000 0.535588384 -1.045836926 0.264309287 -0.003494197 0.018998932 0.005881173 0.999796093
1413393895255760384.000000 0.553232014 -1.030183911 0.322114348 -0.003591117 0.017193293 0.005102867 0.999832749
1413393895305760512.000000 0.570911825 -1.013513327 0.380430371 -0.003063854 0.018107895 0.004887828 0.999819458
1413393895355760384.000000 0.586264670 -0.997661829 0.441198528 -0.003406271 0.020341260 0.004243449 0.999778271
1413393895405760512.000000 0.599770010 -0.981089771 0.497449070 -0.003417483 0.023546208 0.004343132 0.999707520
1413393895455760384.000000 0.609200299 -0.965045929 0.556406021 -0.004351235 0.024724549 0.003562587 0.999678493
1413393895505760512.000000 0.617085397 -0.947884321 0.610988617 -0.006352428 0.026547454 0.004214137 0.999618530
1413393895555760384.000000 0.623327732 -0.930324435 0.664309859 0.010034917 -0.025792336 -0.005942126 -0.999599338
1413393895605760512.000000 0.630421877 -0.913173139 0.723019600 -0.014383953 0.025769183 0.009428166 0.999520004
1413393895655760384.000000 0.637839079 -0.895193100 0.773039520 -0.020952743 0.025445800 0.010237950 0.999404192
1413393895705760512.000000 0.646680057 -0.876901925 0.821047843 -0.029204356 0.029356226 0.010278603 0.999089420
1413393895755760384.000000 0.656284511 -0.859245241 0.869995475 -0.038151875 0.031099567 0.012780420 0.998706162
1413393895805760512.000000 0.665807128 -0.840722084 0.914840937 -0.048613537 0.034402188 0.015783520 0.998100221
1413393895855760384.000000 0.676656246 -0.822436512 0.960310698 -0.061211117 0.036080010 0.019256117 0.997286677
1413393895905760512.000000 0.686137378 -0.803535581 1.000362635 -0.076207265 0.036843270 0.022419622 0.996158838
1413393895955760384.000000 0.696523488 -0.784495652 1.040249467 -0.091749392 0.036743402 0.028612319 0.994692564
1413393896005760512.000000 0.706245065 -0.765852094 1.075709462 -0.109950326 0.034418579 0.031755783 0.992833316
1413393896055760384.000000 0.716645539 -0.746299386 1.115517378 -0.129374564 0.033123568 0.036733165 0.990361452
1413393896105760512.000000 0.726020873 -0.728874147 1.147641301 -0.150543839 0.032749977 0.040840283 0.987216353
1413393896155760384.000000 0.735816479 -0.712665379 1.179418802 -0.170584038 0.033968456 0.046974763 0.983636498
1413393896205760512.000000 0.745900452 -0.697169483 1.208507180 -0.191769898 0.036124166 0.051466435 0.979423642
1413393896255760384.000000 0.756851494 -0.682688773 1.238288641 -0.213679180 0.042251386 0.055260640 0.974424124
1413393896305760512.000000 0.766520441 -0.669807911 1.262655377 -0.234890595 0.047091357 0.059020046 0.969084859
1413393896355760384.000000 0.778591573 -0.657374561 1.291501760 -0.256247580 0.052008692 0.063814685 0.963099182
1413393896405760512.000000 0.788678885 -0.647984207 1.310532689 -0.276685745 0.057493120 0.072547972 0.956491768
1413393896455760384.000000 0.798140824 -0.638318241 1.333511591 -0.294778228 0.062814869 0.087007195 0.949520826
1413393896505760512.000000 0.807631016 -0.633564353 1.346320033 -0.312434375 0.064265206 0.102039650 0.942254126
1413393896555760384.000000 0.816553473 -0.630596936 1.355449677 0.329737306 -0.063250892 -0.119799964 -0.934302270
1413393896605760512.000000 0.826860726 -0.627479255 1.369927883 -0.346995890 0.060104143 0.135923341 0.926016271
1413393896655760384.000000 0.835084021 -0.624986053 1.373746872 -0.363500118 0.056607269 0.151065052 0.917519808
1413393896705760512.000000 0.843343318 -0.622483850 1.376166821 0.379481494 -0.054083448 -0.166943133 -0.908404469
1413393896755760384.000000 0.850974739 -0.619299233 1.375001073 0.394395143 -0.051816940 -0.183464363 -0.898948491
1413393896805760512.000000 0.858371675 -0.615126550 1.370777249 0.408670664 -0.050538845 -0.198958918 -0.889297247
1413393896855760384.000000 0.868861258 -0.608333528 1.383673668 -0.422970206 0.046608496 0.214735836 0.879097462
1413393896905760512.000000 0.873773515 -0.601398230 1.373093367 -0.436236024 0.040645406 0.230798110 0.868779778
1413393896955760384.000000 0.879433095 -0.591616452 1.366453528 -0.449669242 0.030878235 0.243670419 0.858760178
1413393897005760512.000000 0.881658316 -0.579057515 1.351183057 -0.461878657 0.014180652 0.252440095 0.850141764
1413393897055760384.000000 0.884493411 -0.563640714 1.342985630 -0.474329889 -0.008644932 0.254633963 0.842673123
1413393897105760512.000000 0.883855879 -0.543295383 1.326140046 -0.487059832 -0.029959016 0.249019429 0.836579084
1413393897155760384.000000 0.882416844 -0.518256545 1.311085105 0.499350846 0.047449425 -0.237899140 -0.831745982
1413393897205760512.000000 0.883451819 -0.489075184 1.311793327 -0.512136936 -0.060175154 0.220645294 0.827895105
1413393897255760384.000000 0.882878423 -0.457414508 1.299133658 -0.524354458 -0.065942869 0.198203593 0.825481236
1413393897305760512.000000 0.886665821 -0.425066233 1.295783281 -0.535525262 -0.065687738 0.173090726 0.823976636
1413393897355760384.000000 0.889300704 -0.390574753 1.290199637 -0.543659687 -0.061351757 0.153223038 0.822917342
1413393897405760512.000000 0.895754874 -0.355784178 1.294756055 -0.547940433 -0.052609708 0.143883243 0.822369218
1413393897455760384.000000 0.900065601 -0.320527673 1.298179030 -0.548953533 -0.040624525 0.143097982 0.822510004
1413393897505760512.000000 0.906000435 -0.286218822 1.306049228 0.548037887 0.028992230 -0.145702720 -0.823155344
1413393897555760384.000000 0.912366509 -0.252472162 1.316166997 0.546443582 0.019992640 -0.148702487 -0.823946238
1413393897605760512.000000 0.930278122 -0.222238719 1.339707494 -0.544314802 -0.015374393 0.154140577 0.824454844
1413393897655760384.000000 0.937899053 -0.190352321 1.353971004 -0.541663170 -0.012710209 0.158195347 0.825477898
1413393897705760512.000000 0.947682858 -0.158095598 1.372120142 0.539255917 0.012259947 -0.161529049 -0.826414645
1413393897755760384.000000 0.958268642 -0.126406968 1.390158415 0.537891567 0.012659711 -0.162715703 -0.827064753
1413393897805760512.000000 0.972883046 -0.097877622 1.414596558 -0.536702812 -0.013847701 0.161883354 0.827980816
1413393897855760384.000000 0.985548317 -0.066547096 1.434736252 -0.537464023 -0.014951784 0.160249397 0.827785671
1413393897905760512.000000 0.999135733 -0.035380721 1.455922127 -0.539742589 -0.016775561 0.159203470 0.826468945
1413393897955760384.000000 1.018280625 -0.008446455 1.481364250 -0.545087039 -0.019906616 0.156525776 0.823397636
1413393898005760512.000000 1.034205437 0.021941543 1.504987001 -0.552280784 -0.022484163 0.153319225 0.819129825
1413393898055760384.000000 1.047948599 0.052032828 1.524574518 -0.562619805 -0.021063501 0.151948139 0.812358975
1413393898105760512.000000 1.067580342 0.081053972 1.551456332 -0.574268639 -0.017646471 0.145607814 0.805420756
1413393898155760384.000000 1.089809775 0.106300354 1.580589175 -0.586951375 -0.006759208 0.140317380 0.797341526
1413393898205760512.000000 1.111512661 0.130459428 1.611194730 -0.599744618 0.009125436 0.137350067 0.788262784
1413393898255760384.000000 1.137221694 0.150755286 1.643731713 -0.611497462 0.028484315 0.133636296 0.779359341
1413393898305760512.000000 1.162004828 0.167797804 1.677483439 -0.620656729 0.048661582 0.131649330 0.771418095
1413393898355760384.000000 1.187744737 0.180088401 1.712447762 -0.627393425 0.071679913 0.132680058 0.763960421
1413393898405760512.000000 1.213762045 0.188087344 1.747943878 -0.632418394 0.095563069 0.132525504 0.757199943
1413393898455760384.000000 1.238662362 0.195189357 1.796142697 -0.635530889 0.121623918 0.133415475 0.750671983
1413393898505760512.000000 1.262381315 0.191041470 1.830567479 -0.636014938 0.139728114 0.138824567 0.746115923
1413393898555760384.000000 1.280888081 0.179444551 1.865549803 -0.631213367 0.144709274 0.158013493 0.745426536
1413393898605760512.000000 1.295207143 0.164149046 1.898877859 -0.626120090 0.132904604 0.181556448 0.746556997
1413393898655760384.000000 1.305492401 0.142062545 1.930519104 -0.619740784 0.116922766 0.208339572 0.747559488
1413393898705760512.000000 1.312787890 0.117307782 1.959239364 -0.613524437 0.094478600 0.234034508 0.748257697
1413393898755760384.000000 1.315778494 0.088885069 1.985917687 -0.606260598 0.068850204 0.260796249 0.748126388
1413393898805760512.000000 1.317088604 0.061196566 2.008670092 -0.598623216 0.039610066 0.286682755 0.746923268
1413393898855760384.000000 1.315586090 0.032513380 2.032847404 -0.591715991 0.010872647 0.309952855 0.744098961
1413393898905760512.000000 1.318099737 0.011196852 2.047898531 -0.586324990 -0.013697577 0.328581780 0.740317106
1413393898955760384.000000 1.321996093 -0.007171392 2.059476852 -0.582660019 -0.037257802 0.341546327 0.736522496
1413393899005760512.000000 1.327436090 -0.016013384 2.066858530 -0.580943286 -0.059747830 0.348494530 0.733134866
1413393899055760384.000000 1.335701346 -0.017245293 2.072097778 -0.584413350 -0.077479467 0.343684763 0.730984867
1413393899105760512.000000 1.347450614 -0.006807327 2.073466778 -0.592407405 -0.086894013 0.326710016 0.731275201
1413393899155760384.000000 1.364125848 0.012743235 2.073153496 0.605337381 0.079814330 -0.298634112 -0.733494461
1413393899205760512.000000 1.391028523 0.036646605 2.077817202 -0.621063232 -0.058434419 0.264482409 0.735469282
1413393899255760384.000000 1.414039850 0.067075729 2.078179598 -0.634964943 -0.027606973 0.228415430 0.737484753
1413393899305760512.000000 1.430104733 0.106698990 2.073703289 0.646293044 -0.010870989 -0.192840427 -0.738241017
1413393899355760384.000000 1.461990714 0.127757549 2.077649593 -0.654121399 0.047885712 0.162420839 0.737191796
1413393899405760512.000000 1.486113667 0.153641582 2.081669331 -0.658047795 0.081065081 0.138774171 0.735624433
1413393899455760384.000000 1.513675213 0.168563247 2.086278439 -0.659456015 0.109346941 0.121019088 0.733836114
1413393899505760512.000000 1.538369775 0.180211425 2.091104746 -0.657861769 0.140296787 0.107874759 0.732050359
1413393899555760384.000000 1.564465761 0.185903192 2.104681730 -0.655136704 0.166820914 0.098680452 0.730225265
1413393899605760512.000000 1.585476875 0.179993629 2.107526779 0.650387645 -0.186810434 -0.096677423 -0.729898155
1413393899655760384.000000 1.602475643 0.164506555 2.109401941 0.643167198 -0.196881875 -0.105105221 -0.732479692
1413393899705760512.000000 1.615462065 0.139507771 2.109772921 0.634639204 -0.194400966 -0.122335628 -0.737885833
1413393899755760384.000000 1.623908043 0.106048465 2.108195305 0.624691546 -0.178397462 -0.151367322 -0.744998515
1413393899805760512.000000 1.625880003 0.052486897 2.110239029 -0.614543021 0.157030314 0.182832956 0.751166105
1413393899855760384.000000 1.627931595 0.005523205 2.102360249 -0.602088213 0.131040275 0.219219580 0.756479442
1413393899905760512.000000 1.626372337 -0.048331738 2.093449354 -0.589003026 0.099641152 0.256994367 0.759671688
1413393899955760384.000000 1.621428013 -0.100635529 2.079123020 -0.575492144 0.064313769 0.294755936 0.760125995
1413393900005760512.000000 1.614376068 -0.155043602 2.062083006 -0.564894080 0.033029385 0.325644910 0.757468998
1413393900055760384.000000 1.607041001 -0.202988863 2.039120674 -0.558315158 0.007281442 0.347697407 0.753218234
1413393900105760512.000000 1.594056606 -0.244583845 2.005260944 -0.555082858 -0.014430275 0.361430526 0.749027908
1413393900155760384.000000 1.584186554 -0.279233932 1.974607229 -0.556557417 -0.034577005 0.365524560 0.745278597
1413393900205760512.000000 1.567202926 -0.315227985 1.952439904 -0.560746253 -0.052043088 0.365170211 0.741286695
1413393900255760384.000000 1.554115415 -0.332785845 1.917401910 -0.567072213 -0.069014765 0.356058270 0.739519238
1413393900305760512.000000 1.538838387 -0.344492435 1.881839156 -0.576209903 -0.082521282 0.339686781 0.738772929
1413393900355760384.000000 1.524726510 -0.344705820 1.846278906 -0.586734533 -0.089485511 0.318472773 0.739127934
1413393900405760512.000000 1.510667086 -0.336528778 1.811819792 0.599286497 0.085351206 -0.292417407 -0.740312815
1413393900455760384.000000 1.496345997 -0.324446678 1.779927254 -0.611748993 -0.074809879 0.265668750 0.741341233
1413393900505760512.000000 1.481721520 -0.306842327 1.750600576 -0.623246133 -0.056756411 0.238952205 0.742458701
1413393900555760384.000000 1.465961456 -0.287706614 1.723220944 -0.634014964 -0.033915062 0.211791053 0.742980123
1413393900605760512.000000 1.449045658 -0.267324448 1.700315356 -0.643718779 -0.004013191 0.183846816 0.742839456
1413393900655760384.000000 1.430331707 -0.248229027 1.679108620 -0.651083648 0.026228687 0.158614844 0.741784096
1413393900705760512.000000 1.409502745 -0.232370615 1.661019802 -0.656212509 0.056690756 0.137421921 0.739788234
1413393900755760384.000000 1.385996580 -0.229778528 1.647758722 -0.658957720 0.082412064 0.123030923 0.737459481
1413393900805760512.000000 1.361920118 -0.224733353 1.633794785 -0.658725977 0.102563761 0.116953887 0.736126721
1413393900855760384.000000 1.336931825 -0.226918101 1.620042801 0.655877233 -0.115857653 -0.120731302 -0.736088395
1413393900905760512.000000 1.311140060 -0.238235712 1.607167482 -0.651295245 0.119208671 0.133088455 0.737489879
1413393900955760384.000000 1.285132766 -0.254599452 1.593910456 -0.644144297 0.114144407 0.154856309 0.740316689
1413393901005760512.000000 1.259184599 -0.278694749 1.579634547 -0.636130571 0.104389489 0.180401579 0.742897093
1413393901055760384.000000 1.234261632 -0.306030035 1.563192129 -0.627094746 0.091064624 0.207252100 0.745322704
1413393901105760512.000000 1.204598904 -0.341438651 1.550297260 -0.620747507 0.067677356 0.229668200 0.746555328
1413393901155760384.000000 1.179779530 -0.374113321 1.528804898 -0.614244819 0.038108774 0.250879169 0.747201979
1413393901205760512.000000 1.155944347 -0.408910155 1.506024122 -0.610065043 0.006501662 0.264252335 0.746959984
1413393901255760384.000000 1.134346247 -0.439224362 1.480478525 -0.607005596 -0.021074140 0.273056149 0.746016443
1413393901305760512.000000 1.114021301 -0.466932416 1.455815911 -0.604922354 -0.044032749 0.279312193 0.744388938
1413393901355760384.000000 1.096718669 -0.489744782 1.429642439 0.603667974 0.060399868 -0.282997310 -0.742865622
1413393901405760512.000000 1.080752134 -0.507138491 1.404027343 0.602292299 0.073351547 -0.286608309 -0.741430581
1413393901455760384.000000 1.060305595 -0.514568806 1.384362340 -0.601503372 -0.083370164 0.290293097 0.739576280
1413393901505760512.000000 1.047777414 -0.519341469 1.361028552 -0.601545751 -0.092412390 0.290464193 0.738399088
1413393901555760384.000000 1.036990643 -0.517142534 1.339263916 -0.601980507 -0.100005150 0.288872004 0.737679780
1413393901605760512.000000 1.027362585 -0.504796743 1.320615888 -0.604155660 -0.104338638 0.282869041 0.737627625
1413393901655760384.000000 1.022677422 -0.487776279 1.302507877 -0.609490931 -0.103266284 0.268497646 0.738759756
1413393901705760512.000000 1.021854877 -0.463480234 1.286439180 -0.616949737 -0.093846664 0.247934461 0.741009116
1413393901755760384.000000 1.023375034 -0.434580684 1.274024606 -0.624571562 -0.080091573 0.227475032 0.742799401
1413393901805760512.000000 1.027184725 -0.402312160 1.263978720 -0.630867183 -0.060500368 0.209993303 0.744479179
1413393901855760384.000000 1.030497074 -0.368709445 1.258324146 -0.635023654 -0.042665213 0.199929744 0.744951546
1413393901905760512.000000 1.033838749 -0.333887219 1.256276608 0.636374831 0.029740300 -0.197963625 -0.744951665
1413393901955760384.000000 1.036296368 -0.294893622 1.257011175 -0.636984169 -0.022669178 0.199395448 0.744297504
1413393902005760512.000000 1.040423155 -0.259531856 1.259619594 -0.637013018 -0.018946599 0.201608554 0.743780553
1413393902055760384.000000 1.046010733 -0.223472953 1.264027119 0.636563957 0.017266905 -0.204408571 -0.743441641
1413393902105760512.000000 1.052698612 -0.187312484 1.270012140 0.636709213 0.017473536 -0.205921456 -0.742894709
1413393902155760384.000000 1.060780764 -0.150841713 1.277634621 0.637326419 0.016847564 -0.204786748 -0.742693484
1413393902205760512.000000 1.069932342 -0.115234375 1.284509182 -0.637453794 -0.017992400 0.204681113 0.742586434
1413393902255760384.000000 1.079774380 -0.078577518 1.295491099 -0.638198256 -0.018002093 0.203802139 0.742188454
1413393902305760512.000000 1.090649486 -0.042050123 1.307331324 0.638428271 0.018506831 -0.203634083 -0.742024302
1413393902355760384.000000 1.094635963 -0.003615975 1.321769714 -0.638696611 -0.018418089 0.201863334 0.742279351
1413393902405760512.000000 1.104021311 0.034164190 1.338527799 -0.639544547 -0.016954828 0.200083554 0.742065966
1413393902455760384.000000 1.112314939 0.071683526 1.357606411 -0.640422761 -0.015100329 0.197396398 0.742068350
1413393902505760512.000000 1.117850780 0.109545112 1.378955841 -0.641546786 -0.011840045 0.194341868 0.741962850
1413393902555760384.000000 1.126464367 0.146410823 1.402393103 -0.641881227 -0.010936840 0.193762690 0.741838932
1413393902605760512.000000 1.137724161 0.182815433 1.427156687 -0.641719222 -0.010728569 0.194319904 0.741836309
1413393902655760384.000000 1.148719311 0.217483997 1.451148629 -0.641633153 -0.011593197 0.195471153 0.741595268
1413393902705760512.000000 1.167339802 0.252977252 1.477482796 -0.641674817 -0.012280311 0.196319520 0.741324067
1413393902755760384.000000 1.189143538 0.287290812 1.504685879 -0.640987158 -0.012635397 0.198618099 0.741300642
1413393902805760512.000000 1.205293655 0.321297288 1.530815125 -0.638571322 -0.010498231 0.205847621 0.741446793
1413393902855760384.000000 1.232416391 0.355894327 1.559879780 -0.635029137 -0.007186533 0.216705218 0.741434634
1413393902905760512.000000 1.260189414 0.391068578 1.589850783 -0.629702091 -0.004764779 0.232751101 0.741133988
1413393902955760384.000000 1.286038160 0.426346183 1.617579818 -0.624628484 -0.003566096 0.247715816 0.740583181
1413393903005760512.000000 1.313998103 0.464265466 1.647016525 -0.620165527 -0.001603072 0.260839731 0.739834368
1413393903055760384.000000 1.340794086 0.501850009 1.672914028 -0.617166519 0.001353855 0.270013809 0.739050925
1413393903105760512.000000 1.369597197 0.543685675 1.698981762 -0.617580116 0.002447427 0.270478874 0.738532364
1413393903155760384.000000 1.396112204 0.585520506 1.723517656 -0.620254874 0.005959405 0.264283270 0.738513947
1413393903205760512.000000 1.424338698 0.630828261 1.746410251 -0.623839140 0.007555366 0.256512165 0.738220274
1413393903255760384.000000 1.451580763 0.677634120 1.768258333 -0.628323674 0.009354278 0.248912200 0.736997008
1413393903305760512.000000 1.477212071 0.722355366 1.788361549 -0.633814096 0.010717611 0.242419139 0.734437048
1413393903355760384.000000 1.500782490 0.770242691 1.808662176 -0.640525460 0.010089400 0.238902360 0.729761004
1413393903405760512.000000 1.521194100 0.818657875 1.828939438 -0.649068117 0.011469240 0.238036469 0.722438753
1413393903455760384.000000 1.537026882 0.863976598 1.849840045 -0.658333659 0.014147699 0.240384474 0.713170350
1413393903505760512.000000 1.546976686 0.911975265 1.871927738 -0.668084919 0.018664915 0.244998902 0.702345967
1413393903555760384.000000 1.551441431 0.959252715 1.895343184 -0.678464293 0.024512734 0.249514043 0.690527499
1413393903605760512.000000 1.554969430 1.005025983 1.922936440 0.689406574 -0.035309818 -0.252070338 -0.678183138
1413393903655760384.000000 1.557271957 1.050536752 1.945469260 0.699815571 -0.046533376 -0.253579825 -0.666175783
1413393903705760512.000000 1.558898568 1.094932437 1.966842771 0.708905637 -0.055870008 -0.256716698 -0.654544055
1413393903755760384.000000 1.561947227 1.136540651 1.986877918 0.717467129 -0.063779123 -0.259501129 -0.643298090
1413393903805760512.000000 1.563801050 1.178153396 2.004628658 0.723489046 -0.068858176 -0.265235871 -0.633618236
1413393903855760384.000000 1.566584826 1.216348410 2.021186352 0.727243423 -0.073794499 -0.273563772 -0.625167429
1413393903905760512.000000 1.568358779 1.254219055 2.034185648 0.729598939 -0.078337207 -0.282125562 -0.618024111
1413393903955760384.000000 1.571346998 1.289345026 2.044913292 0.731521547 -0.082786389 -0.289221585 -0.611860752
1413393904005760512.000000 1.573903799 1.323273659 2.051241875 0.733578742 -0.085679911 -0.293698281 -0.606846392
1413393904055760384.000000 1.578487158 1.357537508 2.059698105 0.735390604 -0.085446246 -0.297163308 -0.602987230
1413393904105760512.000000 1.576759696 1.387876034 2.060997486 0.738197744 -0.083629295 -0.296510637 -0.600126505
1413393904155760384.000000 1.574726701 1.416299105 2.061922312 0.740426838 -0.077371061 -0.295878947 -0.598529458
1413393904205760512.000000 1.566788077 1.443035603 2.059750080 0.742360771 -0.070379928 -0.294869959 -0.597493947
1413393904255760384.000000 1.560893059 1.468299627 2.055600166 0.743855953 -0.063132294 -0.294010639 -0.596867263
1413393904305760512.000000 1.555088282 1.491845846 2.047092676 0.745723367 -0.058236469 -0.291082799 -0.596469700
1413393904355760384.000000 1.554402709 1.514355183 2.035470486 0.746920526 -0.056165501 -0.288816482 -0.596271992
1413393904405760512.000000 1.554737091 1.535104752 2.019032001 0.748223603 -0.054676697 -0.287958145 -0.595190823
1413393904455760384.000000 1.559335470 1.555648327 2.001937389 0.750601590 -0.053881750 -0.287574112 -0.592448533
1413393904505760512.000000 1.567007422 1.576300621 1.977257013 0.753672957 -0.052750371 -0.287141025 -0.588850200
1413393904555760384.000000 1.577636361 1.595778465 1.949268103 0.758774757 -0.048812773 -0.285271734 -0.583522379
1413393904605760512.000000 1.591049910 1.614207983 1.921853065 0.764579713 -0.035146508 -0.285649002 -0.576703787
1413393904655760384.000000 1.597126603 1.631785631 1.892014503 0.770253122 -0.015649175 -0.288301289 -0.568636656
1413393904705760512.000000 1.600071907 1.648528576 1.862880945 0.775172710 0.001597179 -0.294360876 -0.558978021
1413393904755760384.000000 1.595009327 1.665024281 1.832764864 0.780251086 0.017522503 -0.300913960 -0.548043787
1413393904805760512.000000 1.594001770 1.684087992 1.804692984 0.785567582 0.029196797 -0.306805104 -0.536564887
1413393904855760384.000000 1.591809034 1.705308199 1.777158737 0.791979015 0.037747264 -0.310351282 -0.524429798
1413393904905760512.000000 1.599108219 1.728069782 1.757992268 0.799815774 0.040979072 -0.310783356 -0.511887789
1413393904955760384.000000 1.595294476 1.755166769 1.732568264 0.809880376 0.039668150 -0.305389524 -0.499256968
1413393905005760512.000000 1.589970589 1.784723520 1.708535552 0.821079671 0.033808570 -0.297421396 -0.486030638
1413393905055760384.000000 1.582859635 1.816832066 1.686043620 0.831823289 0.028039915 -0.289662868 -0.472630113
1413393905105760512.000000 1.577159047 1.848883867 1.666738629 0.841487646 0.022898639 -0.284257919 -0.458880901
1413393905155760384.000000 1.564116001 1.882503033 1.649782419 0.850328863 0.017337378 -0.281023294 -0.444596797
1413393905205760512.000000 1.547942042 1.916799307 1.635687113 0.857738972 0.010336730 -0.280884027 -0.430443078
1413393905255760384.000000 1.537743688 1.949562550 1.624346018 0.864336848 0.004152780 -0.282430559 -0.416098118
1413393905305760512.000000 1.519241333 1.984248400 1.614731908 0.870503068 -0.003080450 -0.284898847 -0.401307285
1413393905355760384.000000 1.502444029 2.018868208 1.607002497 0.875887930 -0.009238979 -0.288319737 -0.386790276
1413393905405760512.000000 1.486152649 2.053211689 1.600012422 0.880885839 -0.013285650 -0.291714519 -0.372513592
1413393905455760384.000000 1.473350048 2.086121559 1.593119144 0.885859311 -0.017337576 -0.294613063 -0.357988626
1413393905505760512.000000 1.459892631 2.119183779 1.587327242 0.890362859 -0.020242989 -0.298438966 -0.343188494
1413393905555760384.000000 1.448000908 2.151321173 1.582460880 0.893834114 -0.025965091 -0.304428548 -0.328191519
1413393905605760512.000000 1.436073065 2.182269335 1.578087330 0.896494389 -0.032889813 -0.312286556 -0.312559187
1413393905655760384.000000 1.425371170 2.213364363 1.571109414 0.899277329 -0.039960843 -0.318634480 -0.296943665
1413393905705760512.000000 1.415402651 2.241187811 1.566129446 0.902299702 -0.047595933 -0.323293567 -0.281196266
1413393905755760384.000000 1.406610250 2.266885042 1.560306549 0.905566454 -0.055918127 -0.326409221 -0.265103102
1413393905805760512.000000 1.399468660 2.289731503 1.553700447 0.907635033 -0.064480945 -0.331115484 -0.249806985
1413393905855760384.000000 1.391668797 2.310679674 1.546268344 0.907726169 -0.073022023 -0.339771807 -0.235066369
1413393905905760512.000000 1.382107973 2.333730221 1.533262134 0.906730056 -0.078919113 -0.350510985 -0.220804393
1413393905955760384.000000 1.374811530 2.349065781 1.521738768 0.905243576 -0.081810050 -0.361853600 -0.207131043
1413393906005760512.000000 1.368696690 2.361694574 1.506232738 0.904979646 -0.082269698 -0.369905233 -0.193426043
1413393906055760384.000000 1.363542676 2.370972395 1.486642838 0.906368077 -0.073499538 -0.374776274 -0.180658832
1413393906105760512.000000 1.358872056 2.377304554 1.463869214 0.909876049 -0.059364036 -0.374502003 -0.168373704
1413393906155760384.000000 1.353468895 2.381880760 1.438802242 0.914706826 -0.045559675 -0.369603097 -0.156937510
1413393906205760512.000000 1.346141577 2.385459423 1.412638068 0.920681775 -0.030953968 -0.360643387 -0.146025270
1413393906255760384.000000 1.336626530 2.388676643 1.386042356 0.927034497 -0.019064022 -0.348966449 -0.135890305
1413393906305760512.000000 1.314059258 2.397905350 1.354260087 0.932639658 -0.009255557 -0.337817580 -0.126400277
1413393906355760384.000000 1.298718929 2.402340174 1.328010321 0.936724544 -0.002069621 -0.329716116 -0.117601864
1413393906405760512.000000 1.280668736 2.407471895 1.303461552 0.939364552 0.001534778 -0.324928164 -0.109606899
1413393906455760384.000000 1.260547042 2.413913965 1.280359745 0.942003667 0.003544920 -0.319747388 -0.101873942
1413393906505760512.000000 1.237413883 2.420590639 1.260545969 0.943712115 0.003145079 -0.317173928 -0.093799382
1413393906555760384.000000 1.211736917 2.428240299 1.242388725 0.945157707 -0.000210804 -0.315032005 -0.086207874
1413393906605760512.000000 1.183352590 2.436346292 1.226628780 0.946067333 -0.007063514 -0.314272612 -0.078355581
1413393906655760384.000000 1.153306127 2.444399834 1.213046074 0.946842670 -0.016536998 -0.313542485 -0.070048347
1413393906705760512.000000 1.122861028 2.452635527 1.200857639 0.946671963 -0.030295955 -0.314478278 -0.063229300
1413393906755760384.000000 1.093566895 2.460407495 1.189612865 0.946382105 -0.044287555 -0.314739287 -0.057781458
1413393906805760512.000000 1.058955431 2.467513084 1.171391010 0.946888328 -0.056147438 -0.312124819 -0.053180758
1413393906855760384.000000 1.032518387 2.471158743 1.161383986 0.947570324 -0.061639547 -0.309666276 -0.049173072
1413393906905760512.000000 1.007061839 2.472645998 1.152015567 0.948771954 -0.063946597 -0.305928022 -0.046375837
1413393906955760384.000000 0.981621921 2.472954273 1.145766973 0.950076163 -0.064112298 -0.302172989 -0.044006020
1413393907005760512.000000 0.957614064 2.470257759 1.139499187 0.950989902 -0.062163234 -0.299895763 -0.042621985
1413393907055760384.000000 0.934542835 2.465320587 1.134904385 0.951572061 -0.051320951 -0.300201982 -0.041901167
1413393907105760512.000000 0.912139475 2.458654404 1.131956816 0.951742709 -0.039731689 -0.301492304 -0.041348286
1413393907155760384.000000 0.890700638 2.450719357 1.130393505 0.951300561 -0.029264793 -0.304122925 -0.040990219
1413393907205760512.000000 0.870354533 2.441938877 1.129721284 0.951008022 -0.016773161 -0.306051016 -0.040438298
1413393907255760384.000000 0.851581335 2.433016539 1.129700780 0.950604379 -0.000176912 -0.307799637 -0.040133987
1413393907305760512.000000 0.831395864 2.421586990 1.121969342 0.949588239 0.019598991 -0.310351849 -0.039747763
1413393907355760384.000000 0.815025568 2.415315151 1.123471737 0.948935270 0.038195711 -0.310672760 -0.039311599
1413393907405760512.000000 0.799743176 2.411737919 1.126156569 0.947578013 0.047858093 -0.313608408 -0.038149614
1413393907455760384.000000 0.785882890 2.412362814 1.129369855 0.946627259 0.043794315 -0.317114085 -0.037651625
1413393907505760512.000000 0.776991844 2.416066647 1.132609963 0.946223259 0.034673344 -0.319468737 -0.037404448
1413393907555760384.000000 0.772854090 2.422646284 1.133932710 0.946317792 0.017152242 -0.320663691 -0.036923446
1413393907605760512.000000 0.773294330 2.430727959 1.133827806 0.946776211 0.004532276 -0.319724441 -0.037022833
1413393907655760384.000000 0.773704708 2.439239025 1.134022355 0.946300805 -0.005542342 -0.321141273 -0.036776472
1413393907705760512.000000 0.772699833 2.447783470 1.135349512 0.945130825 -0.012752536 -0.324386179 -0.036590327
1413393907755760384.000000 0.765934765 2.450749874 1.141951561 0.944234550 -0.017235257 -0.326749772 -0.036860060
1413393907805760512.000000 0.758198142 2.458649158 1.146037340 0.944537699 -0.020438796 -0.325705230 -0.036701731
1413393907855760384.000000 0.745133996 2.465955973 1.152668238 0.945180714 -0.022917669 -0.323724836 -0.036201805
1413393907905760512.000000 0.729156375 2.474164486 1.159737587 0.946397066 -0.025340453 -0.319973648 -0.036157131
1413393907955760384.000000 0.707319498 2.480746984 1.170007706 0.947635233 -0.022786438 -0.316530883 -0.035728514
1413393908005760512.000000 0.683039427 2.486537695 1.182348251 0.948617816 -0.019184213 -0.313907832 -0.034902796
1413393908055760384.000000 0.660017908 2.491943598 1.195119858 0.949298561 -0.014145104 -0.312165529 -0.034422722
1413393908105760512.000000 0.638581395 2.497157097 1.209544301 0.948731780 -0.010349485 -0.314103574 -0.033761516
1413393908155760384.000000 0.619206727 2.502464056 1.225113392 0.947021067 -0.007936981 -0.319362670 -0.033100765
1413393908205760512.000000 0.605452120 2.513624907 1.240786552 0.945694804 -0.004103919 -0.323414832 -0.032364298
1413393908255760384.000000 0.593947172 2.519376755 1.256027579 0.945273876 -0.003424597 -0.324698716 -0.031882022
1413393908305760512.000000 0.586276829 2.525956392 1.271570563 0.946652293 -0.002732518 -0.320686847 -0.031653780
1413393908355760384.000000 0.579574347 2.530862808 1.287921309 0.949485064 -0.004296188 -0.312223494 -0.031245654
1413393908405760512.000000 0.573393822 2.537386179 1.305137277 0.950506091 -0.005069398 -0.309129417 -0.030845501
1413393908455760384.000000 0.567868114 2.544504642 1.323137283 0.950402796 -0.006726185 -0.309465021 -0.030343443
1413393908505760512.000000 0.562492192 2.551684618 1.342225790 0.949434340 -0.007901112 -0.312469453 -0.029578837
1413393908555760384.000000 0.557776213 2.558940887 1.362041712 0.948112905 -0.007770933 -0.316532671 -0.028787440
1413393908605760512.000000 0.554197192 2.566535234 1.381505847 0.946738303 -0.011112173 -0.320594043 -0.027975591
1413393908655760384.000000 0.556432247 2.582065821 1.396241546 0.944626570 -0.016483888 -0.326676339 -0.026297027
1413393908705760512.000000 0.553602338 2.589337111 1.417269826 0.943064094 -0.034910806 -0.329809457 -0.025242258
1413393908755760384.000000 0.552155256 2.595371485 1.437226057 0.942201972 -0.054590739 -0.329677582 -0.024252489
1413393908805760512.000000 0.552428484 2.598959923 1.457016945 0.942748308 -0.070279792 -0.325200409 -0.023046298
1413393908855760384.000000 0.558704376 2.598816872 1.473877549 0.945236802 -0.077111214 -0.316387206 -0.021919467
1413393908905760512.000000 0.569866717 2.594674349 1.490027785 0.948340952 -0.070125170 -0.308699697 -0.020889645
1413393908955760384.000000 0.583114624 2.587306976 1.504703045 0.949784398 -0.053465780 -0.307636440 -0.020268247
1413393909005760512.000000 0.598882139 2.577832937 1.519549131 0.949578226 -0.037918955 -0.310615838 -0.019523399
1413393909055760384.000000 0.617139459 2.567209482 1.534500003 0.948889196 -0.022374583 -0.314277798 -0.018388119
1413393909105760512.000000 0.636715651 2.556515694 1.550578594 0.947779000 -0.010899069 -0.318284631 -0.017062066
1413393909155760384.000000 0.663129091 2.546188354 1.563846588 0.946661651 -0.002791779 -0.321846694 -0.015449315
1413393909205760512.000000 0.683265209 2.536738634 1.581129551 0.946176410 0.002414783 -0.323356867 -0.013595819
1413393909255760384.000000 0.701799631 2.528527260 1.600300670 0.946504831 0.005103658 -0.322431117 -0.011865513
1413393909305760512.000000 0.719419003 2.518835783 1.619866967 0.946865320 0.008171723 -0.321367681 -0.010103730
1413393909355760384.000000 0.733843446 2.511846304 1.641243339 0.946966469 0.010517666 -0.321052223 -0.008335203
1413393909405760512.000000 0.745778918 2.506014109 1.664231300 0.946825683 0.011697249 -0.321469247 -0.006475453
1413393909455760384.000000 0.755153775 2.501528263 1.688969612 0.946512997 0.011714375 -0.322415560 -0.004916864
1413393909505760512.000000 0.762604833 2.498416185 1.715349913 0.946306288 0.010998242 -0.323064238 -0.003604342
1413393909555760384.000000 0.767265499 2.496466875 1.743808031 0.945204198 0.010544228 -0.326300949 -0.002362613
1413393909605760512.000000 0.771431386 2.494951010 1.781685352 0.942993879 0.010598681 -0.332640290 -0.000874031
1413393909655760384.000000 0.770354629 2.495105028 1.812975764 0.939506948 0.010692406 -0.342361629 0.001022624
1413393909705760512.000000 0.767455757 2.496015787 1.844585538 0.935554564 0.010841333 -0.352999270 0.003425640
1413393909755760384.000000 0.762287498 2.497658730 1.876102090 0.931203187 0.011236575 -0.364277154 0.006051966
1413393909805760512.000000 0.755340636 2.501435518 1.906545162 0.927757144 0.010687055 -0.372924030 0.008959169
1413393909855760384.000000 0.746022284 2.506157398 1.935524464 0.924571037 0.010954432 -0.380668521 0.011826972
1413393909905760512.000000 0.732685447 2.509530544 1.958805561 0.921442986 0.010796289 -0.388082951 0.014765698
1413393909955760384.000000 0.718578994 2.516557217 1.984783888 0.919077992 0.010921129 -0.393527150 0.017688235
1413393910005760512.000000 0.702561617 2.524853230 2.008753300 0.916842997 0.011125666 -0.398565531 0.020511748
1413393910055760384.000000 0.683187842 2.531989574 2.031315804 0.914641440 0.011216071 -0.403473616 0.022678681
1413393910105760512.000000 0.668166161 2.543073654 2.047581434 0.912895620 0.009022397 -0.407299727 0.025440913
1413393910155760384.000000 0.655181646 2.555188894 2.058495998 0.910902321 0.006054000 -0.411611557 0.028220467
1413393910205760512.000000 0.642866611 2.566369295 2.058527946 0.909706354 0.004305534 -0.414124489 0.030277455
1413393910255760384.000000 0.634856701 2.580009937 2.057233095 0.908195674 0.003500777 -0.417295724 0.032136701
1413393910305760512.000000 0.628645301 2.594103336 2.049606085 0.906843364 0.001768001 -0.420076311 0.034176134
1413393910355760384.000000 0.622537136 2.608681202 2.035368204 -0.903680742 0.003049607 0.426676869 -0.036036626
1413393910405760512.000000 0.615403533 2.621632576 2.006763697 0.900142491 -0.011455863 -0.433805197 0.037755925
1413393910455760384.000000 0.612547040 2.636226416 1.980531693 0.897885621 -0.021991678 -0.437946588 0.038994443
1413393910505760512.000000 0.608450294 2.649944067 1.948457122 0.895769596 -0.029964272 -0.441791207 0.038982835
1413393910555760384.000000 0.600738645 2.662453175 1.910026312 -0.894624531 0.035898734 0.443753928 -0.037957963
1413393910605760512.000000 0.590183616 2.673223257 1.868582368 -0.895779371 0.038660213 0.441357017 -0.035898257
1413393910655760384.000000 0.572717428 2.680773973 1.819659829 0.898534834 -0.039403185 -0.435887158 0.032939542
1413393910705760512.000000 0.554197192 2.688360929 1.770932198 0.902022302 -0.042843092 -0.428513736 0.029939642
1413393910755760384.000000 0.531910062 2.694559813 1.718981028 0.906271219 -0.044486746 -0.419525564 0.026302684
1413393910805760512.000000 0.505130768 2.698693752 1.664266109 0.910071909 -0.043393761 -0.411590427 0.021898866
1413393910855760384.000000 0.475259185 2.701879025 1.607606173 0.913610935 -0.041095566 -0.404162019 0.016710415
1413393910905760512.000000 0.442802191 2.703711987 1.548859477 0.917638063 -0.038081169 -0.395431906 0.011134113
1413393910955760384.000000 0.407680094 2.705573797 1.484206915 0.923110008 -0.033673584 -0.383025020 0.005092000
1413393911005760512.000000 0.370507300 2.705545664 1.422801971 0.928035378 -0.030625235 -0.371228486 -0.001355866
1413393911055760384.000000 0.330928743 2.705063581 1.361164808 0.932071745 -0.028025180 -0.361091465 -0.008356773
1413393911105760512.000000 0.290216148 2.704077482 1.298956394 0.935154796 -0.027216326 -0.352872103 -0.015041136
1413393911155760384.000000 0.249017775 2.703156948 1.236902833 0.936959028 -0.026538683 -0.347776711 -0.021330671
1413393911205760512.000000 0.208305657 2.700977325 1.174918294 0.938657343 -0.024461726 -0.342938870 -0.026779655
1413393911255760384.000000 0.167228878 2.698025942 1.113381982 0.939626038 -0.022695670 -0.340038925 -0.031007202
1413393911305760512.000000 0.123593569 2.696368694 1.046483517 0.940888107 -0.021615194 -0.336299539 -0.034133028
1413393911355760384.000000 0.084897697 2.692628622 0.985260308 0.944088459 -0.018784855 -0.327156007 -0.036238402
1413393911405760512.000000 0.047025651 2.688721418 0.924933076 0.947483599 -0.015054923 -0.317293137 -0.037058420
1413393911455760384.000000 0.013079762 2.686087132 0.863618433 0.950955987 -0.011576089 -0.306842476 -0.037370570
1413393911505760512.000000 -0.021004468 2.682506323 0.807267427 0.953286886 -0.008071984 -0.299674928 -0.037068140
1413393911555760384.000000 -0.052814871 2.679346085 0.752592981 0.954539180 -0.004300538 -0.295898408 -0.035786591
1413393911605760512.000000 -0.076689184 2.677727461 0.694350839 0.955850005 -0.002429995 -0.291845590 -0.034220196
1413393911655760384.000000 -0.097858936 2.676095724 0.643772244 0.957807422 -0.001180811 -0.285524786 -0.032850284
1413393911705760512.000000 -0.114717379 2.675246239 0.595084786 0.958691001 0.001111938 -0.282792836 -0.030637184
1413393911755760384.000000 -0.132996142 2.674481869 0.537092268 0.956862390 0.000994944 -0.289176941 -0.028109610
1413393911805760512.000000 -0.141232207 2.675925016 0.495171398 0.953893125 0.002038877 -0.298996598 -0.026167652
1413393911855760384.000000 -0.144411802 2.678479910 0.455036581 0.949997962 0.001913046 -0.311329961 -0.023957828
1413393911905760512.000000 -0.145401716 2.682114601 0.410216898 0.945075154 -0.006795683 -0.326075584 -0.021484710
1413393911955760384.000000 -0.142173856 2.686783075 0.371827304 0.939060569 -0.020217476 -0.342611969 -0.019331941
1413393912005760512.000000 -0.135672629 2.691595316 0.331016690 0.931447983 -0.032559045 -0.362017751 -0.016964477
1413393912055760384.000000 -0.129733652 2.694922447 0.279325485 0.923247933 -0.042579114 -0.381562114 -0.014517984
1413393912105760512.000000 -0.116343796 2.697617531 0.230779231 0.916868865 -0.049128555 -0.395966440 -0.012185933
1413393912155760384.000000 -0.102615923 2.698603153 0.178851008 0.911237240 -0.053678047 -0.408260494 -0.009427603
1413393912205760512.000000 -0.096529484 2.695376158 0.110177904 0.907035172 -0.056060418 -0.417238921 -0.007501272
1413393912255760384.000000 -0.084674299 2.692430735 0.049393013 0.904298604 -0.056514017 -0.423109502 -0.005350848
1413393912305760512.000000 -0.074124157 2.687635899 -0.015974849 0.902758121 -0.057129264 -0.426326960 -0.003080651
1413393912355760384.000000 -0.068939030 2.680308342 -0.088887975 0.903624952 -0.056725692 -0.424550235 -0.001135529
1413393912405760512.000000 -0.059365377 2.671327591 -0.165198475 0.907308042 -0.056378301 -0.416669339 0.000568139
1413393912455760384.000000 -0.050360017 2.660341024 -0.246239841 0.913303614 -0.055140555 -0.403523117 0.002262668
1413393912505760512.000000 -0.047445033 2.647956371 -0.329821944 0.920368195 -0.052834913 -0.387456626 0.002894178
1413393912555760384.000000 -0.042846523 2.633920431 -0.415093124 0.925970554 -0.052219380 -0.373954415 0.003146620
1413393912605760512.000000 -0.041786328 2.618519783 -0.500669718 0.930222392 -0.050680637 -0.363469094 0.002844807
1413393912655760384.000000 -0.047317378 2.602780581 -0.583124876 0.934242308 -0.047408573 -0.353469312 0.001811128
1413393912705760512.000000 -0.052745625 2.585243464 -0.666876435 0.937790751 -0.043571673 -0.344455242 0.000848697
1413393912755760384.000000 -0.061039716 2.566828251 -0.749844849 0.941134155 -0.039362330 -0.335733622 -0.000312490
1413393912805760512.000000 -0.075024188 2.548708439 -0.828055561 0.944075227 -0.034339890 -0.327937275 0.000075265
1413393912855760384.000000 -0.088624716 2.528248549 -0.908401966 0.946120679 -0.029796185 -0.322430909 0.002486332
1413393912905760512.000000 -0.105094939 2.506984234 -0.986493468 0.947367489 -0.026135845 -0.319000363 0.007116261
1413393912955760384.000000 -0.123950779 2.484983444 -1.061684251 0.947777569 -0.024533361 -0.317686290 0.013829072
1413393913005760512.000000 -0.149091840 2.464658022 -1.128389835 0.947955012 -0.027760789 -0.316355586 0.023016969
1413393913055760384.000000 -0.171424896 2.441474676 -1.199945092 0.947663367 -0.033428106 -0.315758348 0.033369057
1413393913105760512.000000 -0.194982648 2.417314529 -1.269176364 0.947817206 -0.039967977 -0.313016057 0.045454215
1413393913155760384.000000 -0.219674677 2.392842293 -1.335565329 -0.948710859 0.047583692 0.306874126 -0.059260793
1413393913205760512.000000 -0.245441347 2.366565704 -1.399884939 -0.949014127 0.054441158 0.301540166 -0.074040748
1413393913255760384.000000 -0.277133077 2.342101812 -1.451667309 0.948662579 -0.062290892 -0.296824604 0.089746512
1413393913305760512.000000 -0.305158913 2.312543154 -1.509603977 0.947065711 -0.068025663 -0.294978321 0.106896721
1413393913355760384.000000 -0.334431171 2.281141281 -1.563763142 0.944237292 -0.072217569 -0.296043366 0.124735467
1413393913405760512.000000 -0.364013970 2.248050451 -1.613410354 -0.941458941 0.077978946 0.295044899 -0.143258438
1413393913455760384.000000 -0.394401073 2.214595795 -1.655513167 0.938714921 -0.083974935 -0.291911036 0.162943363
1413393913505760512.000000 -0.418836594 2.174623966 -1.702777624 0.936246514 -0.086902037 -0.287019312 0.183058575
1413393913555760384.000000 -0.440088689 2.131239891 -1.747470737 0.934027493 -0.086502157 -0.280085146 0.204113767
1413393913605760512.000000 -0.461616606 2.090184450 -1.781139612 0.931683362 -0.083636567 -0.272690356 0.224969238
1413393913655760384.000000 -0.476529747 2.040721178 -1.820989609 0.929171681 -0.078988686 -0.264261633 0.246102825
1413393913705760512.000000 -0.487319350 1.988530874 -1.857911110 0.925874591 -0.073085576 -0.257300824 0.266854107
1413393913755760384.000000 -0.496284276 1.939737320 -1.883533359 0.921917915 -0.068718687 -0.250252962 0.287608564
1413393913805760512.000000 -0.499714732 1.884262562 -1.913013816 0.917271495 -0.064927064 -0.244501144 0.307598472
1413393913855760384.000000 -0.501082003 1.828047991 -1.938244104 0.911982954 -0.061271019 -0.239848718 0.327116996
1413393913905760512.000000 -0.503863454 1.778832197 -1.948372126 0.906226575 -0.060024314 -0.235368028 0.346052676
1413393913955760384.000000 -0.499892175 1.722581148 -1.963928699 0.899648726 -0.055818323 -0.233671978 0.364573777
1413393914005760512.000000 -0.492281616 1.666089296 -1.975254536 0.893082976 -0.046385668 -0.230436742 0.383601457
1413393914055760384.000000 -0.492882073 1.617736578 -1.972376823 0.886302292 -0.035905905 -0.226508886 0.402334183
1413393914105760512.000000 -0.481515169 1.564002037 -1.974317431 0.877660334 -0.023452369 -0.226824403 0.421560377
1413393914155760384.000000 -0.468749881 1.511724949 -1.972630978 0.867112219 -0.011524389 -0.231771439 0.440755814
1413393914205760512.000000 -0.457961828 1.465693951 -1.961072803 0.853877187 -0.003886552 -0.243722647 0.459867388
1413393914255760384.000000 -0.443570614 1.418522596 -1.952569366 0.840795398 0.000531301 -0.253431469 0.478367299
1413393914305760512.000000 -0.428173304 1.373579264 -1.942590952 0.827848732 0.002486152 -0.261250049 0.496395648
1413393914355760384.000000 -0.416330099 1.334984541 -1.927294135 0.815576315 0.003464969 -0.265989929 0.513880074
1413393914405760512.000000 -0.398624063 1.294635296 -1.915595293 0.803665161 0.003115953 -0.269211859 0.530695379
1413393914455760384.000000 -0.380747855 1.256014705 -1.903765202 0.792632163 -0.001699865 -0.269491524 0.546905637
1413393914505760512.000000 -0.364618599 1.218221426 -1.891762018 0.782059610 -0.006394197 -0.268972337 0.562135100
1413393914555760384.000000 -0.345736653 1.182437897 -1.879586816 0.773140550 -0.010874216 -0.263920933 0.576611757
1413393914605760512.000000 -0.326365739 1.147326708 -1.867165804 0.764642060 -0.014614374 -0.258234173 0.590274632
1413393914655760384.000000 -0.306766003 1.113188386 -1.852614880 0.756332755 -0.017639620 -0.252856106 0.603086650
1413393914705760512.000000 -0.287087321 1.072450399 -1.843364835 0.747294068 -0.022585206 -0.247355476 0.616325319
1413393914755760384.000000 -0.267271727 1.039052725 -1.828183293 0.738669813 -0.029260058 -0.240673080 0.628957331
1413393914805760512.000000 -0.247349977 1.006015182 -1.811751604 0.729311883 -0.035419226 -0.236423120 0.641056836
1413393914855760384.000000 -0.228333950 0.971586704 -1.795172811 0.719130993 -0.040948823 -0.233546659 0.653169155
1413393914905760512.000000 -0.208007872 0.937753797 -1.776349545 0.709322929 -0.041658983 -0.234777659 0.663328826
1413393914955760384.000000 -0.188045919 0.898959994 -1.759506464 0.699515939 -0.039631166 -0.240419999 0.671792507
1413393915005760512.000000 -0.167147338 0.864007831 -1.738547921 0.690028131 -0.038279880 -0.248454466 0.678723991
1413393915055760384.000000 -0.145857662 0.828140855 -1.717360497 0.682436407 -0.036314141 -0.255059659 0.684036911
1413393915105760512.000000 -0.123359025 0.788579822 -1.696001768 0.676369846 -0.035369866 -0.260788918 0.687940419
1413393915155760384.000000 -0.102048755 0.747899890 -1.678550601 0.671325624 -0.034595553 -0.265764385 0.691009760
1413393915205760512.000000 -0.081558049 0.707133651 -1.657651424 0.668084145 -0.034229364 -0.268870384 0.692965090
1413393915255760384.000000 -0.062865973 0.664840698 -1.636695385 0.665877819 -0.032614402 -0.270921588 0.694366395
1413393915305760512.000000 -0.046932966 0.619576097 -1.616280437 0.665620923 -0.030824784 -0.271578610 0.694437742
1413393915355760384.000000 -0.031733841 0.574035168 -1.598706603 0.667897761 -0.024865614 -0.272308946 0.692200899
1413393915405760512.000000 -0.020667270 0.527165413 -1.578385115 0.672009408 -0.015187578 -0.273631871 0.687966883
1413393915455760384.000000 -0.010287046 0.479446173 -1.559329987 0.677068174 -0.001436734 -0.276194453 0.682124138
1413393915505760512.000000 0.001726314 0.430842042 -1.544685364 0.682085454 0.011044990 -0.278063446 0.676253080
1413393915555760384.000000 0.010989044 0.381989241 -1.529187441 0.687003851 0.018846141 -0.278983802 0.670700133
1413393915605760512.000000 0.019573497 0.333556294 -1.515695453 0.692887723 0.022467999 -0.276712269 0.665456355
1413393915655760384.000000 0.027640263 0.284615636 -1.503967762 0.697979987 0.022045586 -0.274293959 0.661136031
1413393915705760512.000000 0.037961155 0.234986305 -1.496078372 0.701899946 0.023019552 -0.273654729 0.657206059
1413393915755760384.000000 0.045073625 0.188466668 -1.487731576 0.705321789 0.025049506 -0.273592949 0.653483450
1413393915805760512.000000 0.051503599 0.142946005 -1.481103778 0.707535505 0.027905751 -0.275156289 0.650310576
1413393915855760384.000000 0.060763195 0.099783778 -1.480949283 0.708883643 0.029210798 -0.277806997 0.647652686
1413393915905760512.000000 0.065516189 0.056216836 -1.477834463 0.710198700 0.029957678 -0.280177623 0.645151854
1413393915955760384.000000 0.070106849 0.013538837 -1.476894617 0.711590827 0.031825606 -0.281049728 0.643146038
1413393916005760512.000000 0.076838002 -0.029245138 -1.480682850 0.712813377 0.035720907 -0.281853467 0.641233087
1413393916055760384.000000 0.080655307 -0.069835901 -1.484417439 0.713966072 0.038947050 -0.282238722 0.639591217
1413393916105760512.000000 0.084214598 -0.109357595 -1.490761518 0.714538634 0.043534946 -0.282812387 0.638401508
1413393916155760384.000000 0.088504821 -0.145802498 -1.501310825 0.714903235 0.047484543 -0.282482624 0.637857497
1413393916205760512.000000 0.091365606 -0.182863116 -1.512818694 0.714638948 0.050545089 -0.280729324 0.638692081
1413393916255760384.000000 0.093186885 -0.218299627 -1.526645660 0.714937747 0.046837140 -0.273568958 0.641740084
1413393916305760512.000000 0.097073495 -0.251362205 -1.548141003 0.712948561 0.041026048 -0.267053545 0.647073150
1413393916355760384.000000 0.097762138 -0.285022736 -1.565691471 0.709312499 0.033905208 -0.261021763 0.653906643
1413393916405760512.000000 0.098980248 -0.317927837 -1.584625244 0.703412235 0.026163643 -0.256337136 0.662433386
1413393916455760384.000000 0.101639524 -0.350840569 -1.605604768 0.695433855 0.020562837 -0.252562374 0.672429323
1413393916505760512.000000 0.104201868 -0.376517177 -1.624734163 0.686210275 0.014955572 -0.247998923 0.683658183
1413393916555760384.000000 0.107405782 -0.405154824 -1.646118641 0.674796760 0.011437005 -0.244450808 0.696248770
1413393916605760512.000000 0.110324293 -0.432789683 -1.667679787 0.660593092 0.007073557 -0.243215352 0.710220456
1413393916655760384.000000 0.112370938 -0.453893185 -1.688942432 0.645145416 0.001922583 -0.241785482 0.724792123
1413393916705760512.000000 0.116560727 -0.480125427 -1.712007046 0.628120422 -0.004138928 -0.240005270 0.740165591
1413393916755760384.000000 0.119871803 -0.504650354 -1.735254288 0.610744238 -0.008549243 -0.237182751 0.755422294
1413393916805760512.000000 0.124333024 -0.526878119 -1.757527828 0.593950629 -0.010344222 -0.231148139 0.770510375
1413393916855760384.000000 0.126473784 -0.550648928 -1.780256987 0.576511919 -0.008927387 -0.224160969 0.785688400
1413393916905760512.000000 0.128497168 -0.574280381 -1.803262949 0.560031891 -0.008796079 -0.214229703 0.800245404
1413393916955760384.000000 0.134559944 -0.599757314 -1.826380491 0.544012785 -0.009692180 -0.202199116 0.814292133
1413393917005760512.000000 0.137435853 -0.622669339 -1.849106669 0.528760910 -0.010323641 -0.185114294 0.828274190
1413393917055760384.000000 0.140710846 -0.645167351 -1.871308446 0.513232231 -0.011336071 -0.168297619 0.841510653
1413393917105760512.000000 0.148804098 -0.671570659 -1.893896818 0.496900648 -0.011866011 -0.153168038 0.854101002
1413393917155760384.000000 0.153482273 -0.692179143 -1.913871050 0.479514748 -0.011082212 -0.139924914 0.866235435
1413393917205760512.000000 0.159082830 -0.711290538 -1.932683110 0.461641073 -0.010946512 -0.128081024 0.877703249
1413393917255760384.000000 0.167991742 -0.733386517 -1.951269031 0.443890870 -0.014223356 -0.117226757 0.888266027
1413393917305760512.000000 0.174170732 -0.748360932 -1.967258930 0.424408823 -0.018670307 -0.110653222 0.898490191
1413393917355760384.000000 0.180270940 -0.761230588 -1.981516719 0.404284179 -0.023621505 -0.104723506 0.908311307
1413393917405760512.000000 0.187881812 -0.777580559 -1.994176865 0.383937776 -0.028471384 -0.096208312 0.917891741
1413393917455760384.000000 0.191812426 -0.787131667 -2.003702402 0.362123698 -0.032519531 -0.089046195 0.927296996
1413393917505760512.000000 0.194113076 -0.795176864 -2.010457754 0.339655548 -0.035562575 -0.082234323 0.936272919
1413393917555760384.000000 0.196486831 -0.809858501 -2.015514374 0.316114724 -0.040137440 -0.073291726 0.945033789
1413393917605760512.000000 0.195760220 -0.814765930 -2.016855717 0.291073054 -0.042203635 -0.068555385 0.953307688
1413393917655760384.000000 0.193928882 -0.818551183 -2.015075207 0.265050173 -0.043499876 -0.065292694 0.961037517
1413393917705760512.000000 0.195324928 -0.828804553 -2.011515141 0.237557471 -0.041850336 -0.062349606 0.968466640
1413393917755760384.000000 0.191857666 -0.830987632 -2.004589319 0.211152017 -0.036230177 -0.058280796 0.975041389
1413393917805760512.000000 0.189098656 -0.832425177 -1.995952368 0.185223013 -0.026760498 -0.053716846 0.980862319
1413393917855760384.000000 0.191570044 -0.839545608 -1.988217831 0.159990817 -0.017802671 -0.045025494 0.985930443
1413393917905760512.000000 0.190133348 -0.839913309 -1.977775812 0.136508435 -0.011348740 -0.033640783 0.990002513
1413393917955760384.000000 0.188988507 -0.839567780 -1.966810822 0.113604143 -0.008477789 -0.022117155 0.993243694
1413393918005760512.000000 0.189503983 -0.838510096 -1.955109000 -0.091389738 0.005999349 0.009436294 -0.995752394
1413393918055760384.000000 0.190279648 -0.835958362 -1.943634272 -0.069714881 0.004627828 -0.003079793 -0.997551501
1413393918105760512.000000 0.198498979 -0.840611517 -1.935035825 0.048025843 -0.004153988 0.015247765 0.998721063
1413393918155760384.000000 0.200199872 -0.835411310 -1.923488021 0.026767490 -0.005110242 0.026528170 0.999276578
1413393918205760512.000000 0.202529967 -0.828615487 -1.911960006 0.006645494 -0.007176665 0.040431365 0.999134421
1413393918255760384.000000 0.205378622 -0.821999729 -1.898091078 0.015092998 0.008751997 -0.049917959 -0.998600960
1413393918305760512.000000 0.209041044 -0.811454237 -1.885048866 0.035904393 0.009690642 -0.061396953 -0.997420371
1413393918355760384.000000 0.213794574 -0.798520207 -1.871512294 0.057137135 0.009969150 -0.071597643 -0.995745897
1413393918405760512.000000 0.228217945 -0.785257876 -1.862650394 -0.079076067 -0.010978866 0.081057206 0.993507087
1413393918455760384.000000 0.234322488 -0.767110705 -1.848978043 -0.101581432 -0.011654976 0.089709952 0.990705550
1413393918505760512.000000 0.241609126 -0.746209502 -1.835000157 -0.124434024 -0.011881771 0.099065445 0.987198591
1413393918555760384.000000 0.250087023 -0.722114027 -1.820648313 0.147472948 0.012229618 -0.109204985 -0.982942760
1413393918605760512.000000 0.264119297 -0.694311738 -1.809943676 -0.172271490 -0.009542679 0.118084662 0.977899551
1413393918655760384.000000 0.273651659 -0.664497972 -1.795713663 -0.198253408 -0.004272901 0.124728702 0.972172976
1413393918705760512.000000 0.283551335 -0.631938994 -1.781731248 -0.223747417 0.002704488 0.134425208 0.965328813
1413393918755760384.000000 0.296455950 -0.595743120 -1.771471977 -0.249225482 0.007880510 0.146881759 0.957209647
1413393918805760512.000000 0.305584729 -0.558212280 -1.759713531 -0.275365144 0.016103787 0.160183340 0.947763681
1413393918855760384.000000 0.314636350 -0.517812490 -1.749006987 -0.301614165 0.026631169 0.175244778 0.936807811
1413393918905760512.000000 0.326362431 -0.473742664 -1.742569208 -0.331343979 0.039151710 0.183318123 0.924701452
1413393918955760384.000000 0.334005892 -0.429377079 -1.736645937 -0.362295806 0.049751308 0.188119709 0.911524832
1413393919005760512.000000 0.340868831 -0.383726656 -1.733933091 -0.394023687 0.058028422 0.189956293 0.897382140
1413393919055760384.000000 0.349848419 -0.334474981 -1.735976577 -0.425793558 0.065364003 0.192426622 0.881702602
1413393919105760512.000000 0.354791641 -0.287967563 -1.739324570 -0.456088454 0.070227757 0.194309801 0.865618348
1413393919155760384.000000 0.358371168 -0.242175132 -1.745452046 -0.484394580 0.074466877 0.199149415 0.848620176
1413393919205760512.000000 0.363997728 -0.193967044 -1.754975319 -0.511410236 0.081552796 0.203119531 0.830994070
1413393919255760384.000000 0.366491139 -0.150240600 -1.766900182 -0.537228882 0.088784866 0.206752509 0.812868893
1413393919305760512.000000 0.367946684 -0.108469427 -1.781785369 -0.562073052 0.099690504 0.208891302 0.794040382
1413393919355760384.000000 0.366746366 -0.067057014 -1.799224496 -0.584419787 0.110773616 0.211153731 0.775626779
1413393919405760512.000000 0.362469912 -0.032236814 -1.817865491 -0.603573501 0.122467592 0.215302423 0.757855952
1413393919455760384.000000 0.354178041 -0.001575828 -1.839440107 0.618593216 -0.130153000 -0.223716125 -0.741858363
1413393919505760512.000000 0.339302719 0.032943010 -1.861024261 -0.631667674 0.133439139 0.232457817 0.727429271
1413393919555760384.000000 0.324382812 0.057739973 -1.886911273 -0.643293262 0.135448292 0.242332742 0.713514149
1413393919605760512.000000 0.305598617 0.078813791 -1.915169477 -0.654393077 0.135284618 0.250745922 0.700424373
1413393919655760384.000000 0.284020722 0.097936273 -1.945502996 0.665689290 -0.134610102 -0.254735678 -0.688365996
1413393919705760512.000000 0.252997756 0.120574355 -1.978361011 0.675990224 -0.133672029 -0.254852951 -0.678394377
1413393919755760384.000000 0.227110535 0.133218884 -2.014796495 0.687321723 -0.129718512 -0.247500107 -0.670451880
1413393919805760512.000000 0.199127436 0.142564535 -2.053256512 0.698550701 -0.123992346 -0.235559568 -0.664202213
1413393919855760384.000000 0.164200813 0.152492046 -2.092319012 0.708777785 -0.116217472 -0.221754998 -0.659509122
1413393919905760512.000000 0.130892277 0.153781652 -2.132146597 0.716672540 -0.106761903 -0.209982499 -0.656421900
1413393919955760384.000000 0.094234943 0.150624514 -2.170536041 0.722066581 -0.095990025 -0.202122673 -0.654639065
1413393920005760512.000000 0.054943770 0.144022942 -2.207853794 0.724531591 -0.085289508 -0.199394733 -0.654233515
1413393920055760384.000000 0.013963968 0.133933783 -2.243792534 0.725153148 -0.077024490 -0.199079618 -0.654665887
1413393920105760512.000000 -0.028670788 0.120387554 -2.278085709 0.724831939 -0.071089983 -0.199518919 -0.655558586
1413393920155760384.000000 -0.087959886 0.114120722 -2.314296007 0.724070191 -0.065202579 -0.200334966 -0.656762421
1413393920205760512.000000 -0.133754686 0.095189095 -2.345609188 0.722691715 -0.061307631 -0.201743469 -0.658223152
1413393920255760384.000000 -0.180129662 0.073650360 -2.375642776 0.721603394 -0.058140237 -0.202297986 -0.659533024
1413393920305760512.000000 -0.225426048 0.049982309 -2.402911425 0.719829679 -0.055864953 -0.203745365 -0.661220193
1413393920355760384.000000 -0.279703200 0.025560379 -2.435397625 0.718486667 -0.051879968 -0.204477996 -0.662777722
1413393920405760512.000000 -0.323521137 -0.003777742 -2.462022543 0.715995312 -0.045578267 -0.209407166 -0.664396048
1413393920455760384.000000 -0.367232621 -0.033651829 -2.488421202 0.712642252 -0.038138039 -0.216670528 -0.666138470
1413393920505760512.000000 -0.415455133 -0.067326307 -2.517078876 0.709587634 -0.030254282 -0.222384587 -0.667918563
1413393920555760384.000000 -0.455729961 -0.100001097 -2.542351246 0.707001030 -0.024571314 -0.227088198 -0.669310749
1413393920605760512.000000 -0.494522423 -0.132851839 -2.567025423 0.704836607 -0.019434564 -0.229429066 -0.670962036
1413393920655760384.000000 -0.537357926 -0.167953253 -2.593308449 0.702990472 -0.015710816 -0.230894431 -0.672491908
1413393920705760512.000000 -0.574633121 -0.199846029 -2.617208719 0.701851368 -0.012746415 -0.231066167 -0.673684418
1413393920755760384.000000 -0.610942602 -0.231606722 -2.640208483 0.701012731 -0.011092044 -0.229895502 -0.674986064
1413393920805760512.000000 -0.648469329 -0.263685465 -2.663112879 0.699739277 -0.010043466 -0.230715260 -0.676043391
1413393920855760384.000000 -0.686929226 -0.299870253 -2.684226513 -0.699528337 0.007354654 0.229412094 0.676739395
1413393920905760512.000000 -0.722383976 -0.330883980 -2.704299212 -0.698316216 0.001491371 0.231097847 0.677455544
1413393920955760384.000000 -0.757078767 -0.361294270 -2.723205805 -0.696569979 -0.004995478 0.233676702 0.678351343
1413393921005760512.000000 -0.792706430 -0.394867420 -2.740474224 -0.694428682 -0.013289591 0.239766806 0.678309798
1413393921055760384.000000 -0.826885581 -0.423741102 -2.757032633 -0.691554308 -0.023035143 0.246057212 0.678732574
1413393921105760512.000000 -0.859680295 -0.450644732 -2.772476196 -0.688705742 -0.031515729 0.252073675 0.679080367
1413393921155760384.000000 -0.890893221 -0.476004362 -2.786632776 0.687039435 0.037209585 -0.256168425 -0.678947806
1413393921205760512.000000 -0.920817375 -0.499667883 -2.798638344 -0.686058044 -0.043608692 0.257845551 0.678924382
1413393921255760384.000000 -0.948176384 -0.518163919 -2.810683489 -0.685144842 -0.047220703 0.259228349 0.679078400
1413393921305760512.000000 -0.973832965 -0.533170223 -2.821439743 -0.684902012 -0.048945874 0.260224134 0.678820372
1413393921355760384.000000 -0.998647034 -0.544479370 -2.830718279 0.683945358 0.048785679 -0.262431145 -0.678946733
1413393921405760512.000000 -1.020570040 -0.552177668 -2.839099884 0.683985770 0.045719828 -0.262419611 -0.679123759
1413393921455760384.000000 -1.040059209 -0.556395531 -2.846658230 0.685584962 0.038550422 -0.259333730 -0.679141581
1413393921505760512.000000 -1.057647586 -0.557668924 -2.853187084 0.687743247 0.029930815 -0.253139168 -0.679730773
1413393921555760384.000000 -1.074000716 -0.556614876 -2.858863592 0.690500677 0.019461287 -0.246017784 -0.679930449
1413393921605760512.000000 -1.089681864 -0.554079056 -2.863418341 0.693624496 0.012119550 -0.238797233 -0.679495513
1413393921655760384.000000 -1.105964661 -0.550736189 -2.866358519 0.695164502 0.006207326 -0.235036939 -0.679312468
1413393921705760512.000000 -1.124990463 -0.550846815 -2.865543604 -0.697046518 -0.002853204 0.231655091 0.678567648
1413393921755760384.000000 -1.146442413 -0.546580553 -2.864183426 -0.698440790 0.000360806 0.229600951 0.677837610
1413393921805760512.000000 -1.169336677 -0.542351961 -2.861129284 -0.699839294 0.003203056 0.226678222 0.677371204
1413393921855760384.000000 -1.195034146 -0.538794994 -2.855991125 0.701570630 -0.006729003 -0.222934037 -0.676796734
1413393921905760512.000000 -1.220654130 -0.534575224 -2.849595070 0.704085350 -0.013343066 -0.217376873 -0.675894380
1413393921955760384.000000 -1.246025443 -0.530728579 -2.842121601 0.706844747 -0.019471150 -0.210528210 -0.675032794
1413393922005760512.000000 -1.271221399 -0.527773857 -2.833686590 0.708466470 -0.023971094 -0.206936806 -0.674298108
1413393922055760384.000000 -1.296955109 -0.526113033 -2.824016094 0.708671153 -0.022126386 -0.208841234 -0.673558533
1413393922105760512.000000 -1.322509527 -0.525389194 -2.813307047 0.708225667 -0.018376162 -0.212771863 -0.672909260
1413393922155760384.000000 -1.353554130 -0.520849228 -2.801880598 0.706710160 -0.011145987 -0.219742730 -0.672420740
1413393922205760512.000000 -1.380036950 -0.521947384 -2.788477421 0.703386247 0.000515486 -0.232539743 -0.671694040
1413393922255760384.000000 -1.406056881 -0.523198366 -2.774515390 0.700523913 0.011807273 -0.243741661 -0.670609415
1413393922305760512.000000 -1.432075024 -0.521874905 -2.759793997 0.696797609 0.022081465 -0.256628096 -0.669423282
1413393922355760384.000000 -1.456722021 -0.520402193 -2.744463205 0.693310857 0.031357128 -0.267919153 -0.668248594
1413393922405760512.000000 -1.479726553 -0.516112566 -2.729035854 0.690612733 0.038310703 -0.277069151 -0.666947603
1413393922455760384.000000 -1.501154542 -0.505684137 -2.713037968 0.687882960 0.037951931 -0.286580414 -0.665769100
1413393922505760512.000000 -1.521103859 -0.493553877 -2.698124170 0.686273932 0.031017993 -0.292993724 -0.664996743
1413393922555760384.000000 -1.539334536 -0.477061272 -2.684250593 0.686276793 0.018828219 -0.295763761 -0.664223969
1413393922605760512.000000 -1.556230426 -0.457279444 -2.671470404 0.686843932 0.003927266 -0.296181321 -0.663706779
1413393922655760384.000000 -1.572983503 -0.434319019 -2.660506487 0.687039614 -0.008381063 -0.296462417 -0.663337350
1413393922705760512.000000 -1.589397907 -0.408702612 -2.651806116 0.687936246 -0.018104503 -0.294652075 -0.663020432
1413393922755760384.000000 -1.605576873 -0.377940178 -2.643562078 0.687582076 -0.023371408 -0.294142067 -0.663449407
1413393922805760512.000000 -1.622387886 -0.348625422 -2.639196873 0.687597275 -0.024037827 -0.293223143 -0.663816512
1413393922855760384.000000 -1.639227033 -0.317975283 -2.637045860 0.687720537 -0.017826121 -0.292560786 -0.664176941
1413393922905760512.000000 -1.654716134 -0.284948826 -2.636851072 0.687551320 -0.009382960 -0.292692542 -0.664466918
1413393922955760384.000000 -1.668295026 -0.250058413 -2.640517950 0.688123286 0.001926795 -0.290964395 -0.664697170
1413393923005760512.000000 -1.678826690 -0.213369846 -2.646578074 0.689542532 0.015867855 -0.287587732 -0.664509296
1413393923055760384.000000 -1.684214950 -0.175344706 -2.652387381 0.691108942 0.027750270 -0.283904523 -0.664075792
1413393923105760512.000000 -1.688224673 -0.132671833 -2.661396503 0.692285359 0.035400406 -0.281813711 -0.663376927
1413393923155760384.000000 -1.689479351 -0.086115360 -2.670860052 0.692987442 0.042020265 -0.280664057 -0.662744641
1413393923205760512.000000 -1.686981082 -0.035946846 -2.680871010 0.693714797 0.045144323 -0.279573739 -0.662238896
1413393923255760384.000000 -1.682624698 0.017719746 -2.690732479 0.694936872 0.044723470 -0.277854621 -0.661709487
1413393923305760512.000000 -1.678800821 0.075627327 -2.700263262 0.695294738 0.037664156 -0.278325230 -0.661575258
1413393923355760384.000000 -1.672741055 0.136339188 -2.708672047 0.693908930 0.023706306 -0.281301975 -0.662418127
1413393923405760512.000000 -1.666385531 0.199784517 -2.716833591 0.689640999 0.007176032 -0.287025571 -0.664800882
1413393923455760384.000000 -1.662334204 0.265653133 -2.726198196 0.683262110 -0.009183576 -0.289975822 -0.670061707
1413393923505760512.000000 -1.655236721 0.332954884 -2.736164331 0.675575078 -0.024159841 -0.289898336 -0.677475929
1413393923555760384.000000 -1.648264050 0.401011944 -2.748119354 0.666509330 -0.036258809 -0.286101878 -0.687456548
1413393923605760512.000000 -1.645164251 0.470539331 -2.762371302 0.654935896 -0.043620318 -0.281109393 -0.700095534
1413393923655760384.000000 -1.639158964 0.539691687 -2.778945923 0.643602610 -0.043080676 -0.270736724 -0.714577734
1413393923705760512.000000 -1.633374691 0.608918905 -2.797730923 0.631384432 -0.038271505 -0.257562101 -0.730445623
1413393923755760384.000000 -1.631428599 0.678851843 -2.817136288 -0.617414951 0.027732646 0.244747519 0.747079909
1413393923805760512.000000 -1.628227592 0.747863770 -2.838302612 -0.601619005 0.017610516 0.234127745 0.763497710
1413393923855760384.000000 -1.625368714 0.816924334 -2.860383749 -0.584923446 0.009541398 0.223989978 0.779488325
1413393923905760512.000000 -1.624130487 0.887371540 -2.881536245 -0.567747831 0.002735934 0.214310691 0.794811904
1413393923955760384.000000 -1.621738672 0.956008911 -2.904562712 -0.549739242 -0.002050394 0.206769213 0.809338689
1413393924005760512.000000 -1.619695067 1.024973869 -2.927506685 -0.531632662 -0.007411463 0.200593755 0.822845042
1413393924055760384.000000 -1.617802978 1.096201420 -2.948003054 -0.514460325 -0.012169984 0.194270507 0.835129619
1413393924105760512.000000 -1.615878940 1.166290522 -2.970247269 -0.498630136 -0.019034965 0.185181811 0.846589267
1413393924155760384.000000 -1.613053441 1.237510800 -2.991653204 -0.485328555 -0.026803162 0.171134263 0.857001126
1413393924205760512.000000 -1.608033657 1.311771274 -3.009170532 -0.473861903 -0.034322731 0.152426615 0.866627336
1413393924255760384.000000 -1.602829814 1.383575797 -3.027371883 -0.463747561 -0.040892567 0.129599914 0.875482738
1413393924305760512.000000 -1.596691251 1.454811573 -3.043033838 -0.454514772 -0.047001939 0.108697541 0.882831872
1413393924355760384.000000 -1.587581873 1.526938677 -3.052009106 -0.446628660 -0.053419270 0.088687524 0.888709068
1413393924405760512.000000 -1.578180790 1.595296502 -3.060899734 -0.440590113 -0.058923699 0.069215767 0.893094420
1413393924455760384.000000 -1.566645145 1.661480427 -3.065371990 -0.436660558 -0.065067053 0.050885975 0.895826161
1413393924505760512.000000 -1.551548362 1.725536108 -3.060701132 -0.433644563 -0.067722693 0.036314383 0.897801399
1413393924555760384.000000 -1.534128189 1.783980250 -3.055783272 -0.431107402 -0.069440030 0.022968644 0.899331450
1413393924605760512.000000 -1.513290286 1.838132262 -3.045227289 -0.430170804 -0.066779554 0.009191088 0.900227308
1413393924655760384.000000 -1.487571239 1.888867259 -3.023005962 -0.430383086 -0.061992418 -0.003828621 0.900506914
1413393924705760512.000000 -1.458292842 1.930565119 -3.001600981 -0.431413561 -0.055811089 -0.016614366 0.900273025
1413393924755760384.000000 -1.423024535 1.964507103 -2.974774599 -0.433034867 -0.048713755 -0.025743637 0.899691641
1413393924805760512.000000 -1.382420063 1.995254874 -2.935810089 -0.435436875 -0.044128235 -0.030170534 0.898630798
1413393924855760384.000000 -1.335898042 2.013583899 -2.897620201 -0.435673296 -0.038570445 -0.021997908 0.899009049
1413393924905760512.000000 -1.283573508 2.024210453 -2.854510784 -0.433975637 -0.033686429 -0.004141093 0.900285125
1413393924955760384.000000 -1.227544427 2.033089399 -2.802308559 -0.428564489 -0.029293226 0.023033027 0.902742505
1413393925005760512.000000 -1.163470864 2.030000925 -2.750871658 -0.421365589 -0.024256511 0.049236089 0.905228436
1413393925055760384.000000 -1.094678521 2.022227049 -2.697137356 -0.413275391 -0.020253439 0.072405785 0.907496989
1413393925105760512.000000 -1.026396513 2.017591476 -2.639770031 -0.403814077 -0.016469151 0.092632651 0.909990251
1413393925155760384.000000 -0.950848699 2.005355597 -2.581387997 -0.391789883 -0.014005112 0.112157032 0.913085639
1413393925205760512.000000 -0.878186166 1.997077227 -2.521469831 -0.376402915 -0.012522164 0.132231086 0.916885555
1413393925255760384.000000 -0.801215887 1.984900594 -2.459822893 -0.359650761 -0.013152916 0.148668617 0.921073258
1413393925305760512.000000 -0.723346591 1.974451542 -2.397782326 -0.343171060 -0.013672124 0.160128459 0.925421834
1413393925355760384.000000 -0.652377129 1.973007679 -2.338266611 -0.329573631 -0.015361872 0.163058534 0.929815710
1413393925405760512.000000 -0.573321223 1.969202995 -2.277625322 -0.320673287 -0.016339386 0.158343315 0.933717966
1413393925455760384.000000 -0.499891132 1.971590996 -2.218300819 -0.313506871 -0.014313554 0.152791336 0.937103748
1413393925505760512.000000 -0.420242637 1.973887086 -2.158300877 -0.308636576 -0.011759459 0.145004988 0.939988732
1413393925555760384.000000 -0.341519862 1.978504419 -2.098096132 -0.303994060 -0.009743604 0.139361009 0.942375302
1413393925605760512.000000 -0.274712563 1.989025116 -2.039838314 -0.299398690 -0.006930975 0.136747599 0.944252372
1413393925655760384.000000 -0.201153114 1.998197794 -1.978005052 -0.295999825 -0.004953561 0.133437350 0.945808709
1413393925705760512.000000 -0.133866489 2.009216309 -1.913809538 -0.293547332 -0.004518851 0.129806459 0.947079659
1413393925755760384.000000 -0.082990535 2.025136471 -1.848589420 -0.292028487 -0.003062455 0.125707150 0.948107481
1413393925805760512.000000 -0.030468186 2.039305210 -1.779220939 -0.291017890 -0.000717233 0.122361295 0.948860288
1413393925855760384.000000 0.015423185 2.054559708 -1.707884192 -0.290710986 0.002281333 0.119244061 0.949348629
1413393925905760512.000000 0.049662046 2.071986675 -1.637670279 -0.291048974 0.006879866 0.114812501 0.949769139
1413393925955760384.000000 0.085062318 2.089418173 -1.563361764 -0.291265696 0.014243726 0.111458078 0.950020254
1413393926005760512.000000 0.116102852 2.107526541 -1.488016963 -0.292251945 0.022779316 0.107844964 0.949968159
1413393926055760384.000000 0.139046475 2.126292706 -1.414475918 -0.292492121 0.034912292 0.105861202 0.949748874
1413393926105760512.000000 0.166150063 2.144542456 -1.340811133 -0.292489886 0.046170752 0.104906701 0.949374795
1413393926155760384.000000 0.192324519 2.162400246 -1.269221425 -0.292216688 0.053628128 0.105256699 0.949028194
1413393926205760512.000000 0.206079364 2.180570126 -1.205421686 -0.291629195 0.057800166 0.107262723 0.948739290
1413393926255760384.000000 0.230375081 2.197800875 -1.139255285 -0.291404516 0.058458645 0.109673694 0.948492289
1413393926305760512.000000 0.254197299 2.214740992 -1.075846434 -0.290999055 0.055614009 0.113311768 0.948360264
1413393926355760384.000000 0.276297271 2.231411457 -1.015568376 0.290376127 -0.050243706 -0.116993561 -0.948403835
1413393926405760512.000000 0.296314031 2.247073889 -0.960175931 -0.288998336 0.043370333 0.118447475 0.948983312
1413393926455760384.000000 0.320022523 2.263986349 -0.904387176 -0.286954552 0.041005362 0.117332891 0.949846685
1413393926505760512.000000 0.342489839 2.280770540 -0.850345969 -0.284112930 0.042864893 0.114519268 0.950961530
1413393926555760384.000000 0.358024687 2.295476675 -0.804359853 -0.280894697 0.046103571 0.108802356 0.952436209
1413393926605760512.000000 0.371840984 2.312526226 -0.750703812 -0.276627630 0.049819149 0.102200672 0.954227567
1413393926655760384.000000 0.381800532 2.329519033 -0.697094440 -0.270756572 0.051782224 0.096119232 0.956436455
1413393926705760512.000000 0.390817493 2.344980240 -0.649106264 -0.264069527 0.051723044 0.088737868 0.959019065
1413393926755760384.000000 0.401134551 2.360697508 -0.600354075 -0.255229264 0.050585281 0.084099203 0.961887002
1413393926805760512.000000 0.413188964 2.375364304 -0.554848194 -0.245632783 0.048434820 0.079990380 0.964842081
1413393926855760384.000000 0.428678215 2.389085054 -0.514406800 -0.234518364 0.045056697 0.076213300 0.968071580
1413393926905760512.000000 0.446014643 2.402006626 -0.475232422 -0.222719893 0.038247958 0.073543385 0.971351862
1413393926955760384.000000 0.465698183 2.414113283 -0.439640522 0.210249990 -0.031139210 -0.072463818 -0.974461019
1413393927005760512.000000 0.490975589 2.406380177 -0.416276574 -0.200820282 0.021375833 0.071722068 0.976765215
1413393927055760384.000000 0.516162574 2.418556929 -0.385563463 -0.189897820 0.011629438 0.074442364 0.978908598
1413393927105760512.000000 0.544194460 2.431680679 -0.356374681 -0.179857537 0.004792703 0.077998400 0.980583847
1413393927155760384.000000 0.573777318 2.446116686 -0.327644259 0.169950798 -0.000368043 -0.084033683 -0.981863081
1413393927205760512.000000 0.610223055 2.459202528 -0.305008948 -0.161850303 -0.002154549 0.089933418 0.982706368
1413393927255760384.000000 0.639624953 2.477199316 -0.276819944 -0.154080674 -0.006694525 0.096643656 0.983297706
1413393927305760512.000000 0.669201255 2.497435093 -0.248481616 -0.147525162 -0.014156974 0.099958144 0.983892500
1413393927355760384.000000 0.705057442 2.517140865 -0.223362684 -0.142545462 -0.022772536 0.097401768 0.984720826
1413393927405760512.000000 0.736939907 2.543030977 -0.193806708 -0.138919100 -0.028826313 0.089270338 0.985850573
1413393927455760384.000000 0.770865679 2.571343422 -0.163287371 -0.137343436 -0.030379416 0.073940158 0.987292647
1413393927505760512.000000 0.810138404 2.599178791 -0.132586733 -0.137263730 -0.028885754 0.056183495 0.988518000
1413393927555760384.000000 0.847095072 2.629914999 -0.099641249 -0.137021288 -0.027121151 0.038824569 0.989435375
1413393927605760512.000000 0.885326803 2.660211563 -0.065077201 -0.135354757 -0.024867659 0.020858135 0.990265429
1413393927655760384.000000 0.927485943 2.684484005 -0.031548902 -0.132700250 -0.021113835 0.003148026 0.990926385
1413393927705760512.000000 0.968367696 2.711512804 0.005773338 -0.128851429 -0.014445948 -0.014187692 0.991457224
1413393927755760384.000000 1.010659814 2.735888720 0.044040464 -0.126056209 -0.006823740 -0.032060266 0.991481483
1413393927805760512.000000 1.059252739 2.751041412 0.075540811 -0.124227524 0.001303924 -0.047876015 0.991097271
1413393927855760384.000000 1.104281664 2.767615795 0.115225181 -0.121872827 0.008828036 -0.058709301 0.990768552
1413393927905760512.000000 1.150290132 2.779132843 0.155095831 0.118698165 -0.014935949 0.063319959 -0.990796804
1413393927955760384.000000 1.194799066 2.782794714 0.190868065 -0.116610505 0.019228248 -0.066880845 0.990736723
1413393928005760512.000000 1.239091158 2.785332441 0.230769753 -0.115146890 0.023167256 -0.069040276 0.990675509
1413393928055760384.000000 1.280800223 2.782674074 0.270588815 0.114792340 -0.025426524 0.071932279 -0.990455508
1413393928105760512.000000 1.318885326 2.773653984 0.306718588 -0.114883415 0.028315211 -0.074000217 0.990214109
1413393928155760384.000000 1.355893850 2.762202978 0.346538186 -0.114771709 0.030464515 -0.074906871 0.990095139
1413393928205760512.000000 1.390450835 2.745598316 0.385083824 0.115247160 -0.030784223 0.074881375 -0.990031958
1413393928255760384.000000 1.427239895 2.721634865 0.420515925 -0.114266291 0.028783284 -0.069560267 0.990593851
1413393928305760512.000000 1.456197619 2.696592331 0.460248619 -0.110453717 0.025798818 -0.056327768 0.991948366
1413393928355760384.000000 1.483081460 2.666996002 0.498831749 0.104610234 -0.026802076 0.038146935 -0.993420005
1413393928405760512.000000 1.508937478 2.634338379 0.536485553 -0.099134944 0.030403454 -0.020621562 0.994395614
1413393928455760384.000000 1.530248642 2.600112200 0.575032115 -0.094362885 0.033422433 -0.004554776 0.994966328
1413393928505760512.000000 1.549439907 2.564338684 0.612270296 -0.090528496 0.037834153 0.008955677 0.995134652
1413393928555760384.000000 1.566056728 2.528705120 0.649604738 0.088231489 -0.044250209 -0.018853201 -0.994938076
1413393928605760512.000000 1.584095716 2.491746426 0.692474723 -0.087398358 0.054429974 0.025016958 0.994370699
1413393928655760384.000000 1.597907186 2.456138849 0.726145744 0.086895868 -0.062396590 -0.029927108 -0.993810952
1413393928705760512.000000 1.611181498 2.420875549 0.757046223 0.088209666 -0.066447563 -0.030623583 -0.993411362
1413393928755760384.000000 1.625607848 2.384308577 0.785300136 -0.090160809 0.067340523 0.030589739 0.993177056
1413393928805760512.000000 1.638099432 2.349681139 0.810012460 0.095031835 -0.067277797 -0.024269966 -0.992901623
1413393928855760384.000000 1.650222778 2.314220190 0.831878841 -0.099817239 0.065824486 0.018242756 0.992658556
1413393928905760512.000000 1.661472082 2.278996944 0.851143420 0.106448770 -0.065194272 -0.009986798 -0.992128372
1413393928955760384.000000 1.675229430 2.240432262 0.864266276 -0.115070060 0.063605204 0.002527342 0.991315782
1413393929005760512.000000 1.684983850 2.203849792 0.877807379 -0.125152722 0.061449636 -0.002838103 0.990228593
1413393929055760384.000000 1.694408655 2.166177750 0.887885213 0.135773614 -0.058657613 0.003552734 -0.988995612
1413393929105760512.000000 1.706245303 2.124148846 0.895015895 -0.147807628 0.056489967 -0.004269009 0.987392306
1413393929155760384.000000 1.715551138 2.082374811 0.901062608 0.160263672 -0.055110127 0.002926469 -0.985530257
1413393929205760512.000000 1.724230051 2.038758993 0.905288815 0.173674315 -0.051091958 -0.000406050 -0.983476877
1413393929255760384.000000 1.733739376 1.991271019 0.907143712 -0.187735811 0.046972837 0.007200704 0.981069326
1413393929305760512.000000 1.741628647 1.943328500 0.907624424 0.201375261 -0.042384926 -0.017072733 -0.978447855
1413393929355760384.000000 1.750317216 1.892665863 0.907051206 -0.215737671 0.038137566 0.029307216 0.975266039
1413393929405760512.000000 1.758588791 1.841310382 0.905418098 -0.230334505 0.035042975 0.042612597 0.971546292
1413393929455760384.000000 1.769023538 1.787236452 0.898568630 -0.245758966 0.032659099 0.054160226 0.967265606
1413393929505760512.000000 1.778216243 1.733572006 0.895004630 -0.262796998 0.028793205 0.064192250 0.962282777
1413393929555760384.000000 1.787796140 1.678139567 0.890068293 -0.279921800 0.025178574 0.073980950 0.956836879
1413393929605760512.000000 1.797746539 1.622751355 0.885260105 -0.298012435 0.022327909 0.081910707 0.950779021
1413393929655760384.000000 1.808253527 1.567091823 0.880091071 -0.316476047 0.019283364 0.089182235 0.944202125
1413393929705760512.000000 1.818810463 1.510752797 0.874904454 -0.334337980 0.018013624 0.096120365 0.937365711
1413393929755760384.000000 1.829748988 1.454684615 0.865904987 -0.351670772 0.016848296 0.104544833 0.930115223
1413393929805760512.000000 1.840829849 1.397999167 0.860939920 -0.367500126 0.017510612 0.115873769 0.922610641
1413393929855760384.000000 1.851719141 1.340780973 0.856284797 0.381666720 -0.019823026 -0.130714267 -0.914795876
1413393929905760512.000000 1.862572670 1.283897638 0.848379254 -0.394210696 0.024944099 0.147768900 0.906719446
1413393929955760384.000000 1.873980403 1.227989197 0.842878163 -0.405966520 0.029803580 0.164335325 0.898497045
1413393930005760512.000000 1.885278463 1.173606157 0.836488008 0.417728126 -0.034103852 -0.179017603 -0.890108407
1413393930055760384.000000 1.894402027 1.120739460 0.829665840 0.429313421 -0.037485600 -0.192034990 -0.881707132
1413393930105760512.000000 1.901337862 1.069480896 0.822065711 0.440235496 -0.040069014 -0.202837497 -0.873753011
1413393930155760384.000000 1.906211376 1.020268917 0.813621044 0.450223833 -0.042171933 -0.209743440 -0.866907001
1413393930205760512.000000 1.904033542 0.970995307 0.797744870 -0.458524168 0.043873131 0.214665487 0.861248791
1413393930255760384.000000 1.903529406 0.924942017 0.787079334 0.465888590 -0.043466751 -0.215925053 -0.856991768
1413393930305760512.000000 1.900100589 0.880749822 0.775606275 0.472911268 -0.041535448 -0.213904798 -0.853741467
1413393930355760384.000000 1.894071102 0.838317394 0.763190806 0.481287748 -0.034757502 -0.204238921 -0.851728022
1413393930405760512.000000 1.885363579 0.796998143 0.750515461 0.487845957 -0.027606186 -0.194371924 -0.850566804
1413393930455760384.000000 1.869598389 0.758990705 0.737842917 -0.493412524 0.020190608 0.184297368 0.849806428
1413393930505760512.000000 1.852484465 0.719738245 0.727500677 -0.497454375 0.014228274 0.176367968 0.849253297
1413393930555760384.000000 1.829290748 0.680269361 0.719044209 0.498876095 -0.012699166 -0.172547966 -0.849228263
1413393930605760512.000000 1.798625231 0.638254642 0.712114751 -0.498318523 0.015746085 0.172818393 0.849449575
1413393930655760384.000000 1.765533328 0.600309491 0.708216667 -0.496613443 0.020918712 0.174620107 0.849967897
1413393930705760512.000000 1.727186441 0.563361168 0.705710948 -0.494426757 0.027099527 0.176621050 0.850654364
1413393930755760384.000000 1.687681556 0.526713908 0.703757048 -0.492101789 0.034125309 0.178282231 0.851402819
1413393930805760512.000000 1.647734165 0.491392046 0.701030016 0.489904672 -0.039278898 -0.178257406 -0.852452338
1413393930855760384.000000 1.610322595 0.453287631 0.697010100 -0.487365961 0.043289479 0.179321811 0.853489459
1413393930905760512.000000 1.573732853 0.418581873 0.690928042 -0.485756308 0.043697625 0.178679034 0.854520440
1413393930955760384.000000 1.539486766 0.384043425 0.683271766 -0.483963609 0.041222058 0.177107185 0.855986655
1413393931005760512.000000 1.509445071 0.349976003 0.672428489 -0.481630355 0.040498365 0.177695975 0.857214272
1413393931055760384.000000 1.482531667 0.315842986 0.659645796 -0.480606467 0.037358355 0.176883012 0.858099222
1413393931105760512.000000 1.460197926 0.282573879 0.643838763 -0.478304774 0.037578445 0.177538753 0.859239459
1413393931155760384.000000 1.440015793 0.248041525 0.626230180 -0.476497531 0.034679055 0.179205939 0.860019028
1413393931205760512.000000 1.423461556 0.215935022 0.606579483 -0.474833995 0.031998035 0.181045488 0.860657513
1413393931255760384.000000 1.404705048 0.177534238 0.585244119 -0.471941292 0.029835302 0.184262067 0.861643136
1413393931305760512.000000 1.388155460 0.146871746 0.564496517 -0.469619662 0.028388644 0.187911093 0.862172246
1413393931355760384.000000 1.367910385 0.115627289 0.543956876 -0.467219800 0.028130529 0.191918328 0.862601757
1413393931405760512.000000 1.346043229 0.087222248 0.524060130 -0.463780493 0.028197739 0.197374985 0.863224030
1413393931455760384.000000 1.321321845 0.060311943 0.504172087 -0.461275399 0.029477822 0.201975673 0.863459289
1413393931505760512.000000 1.295225263 0.034593582 0.483547926 -0.458663583 0.030865692 0.206364766 0.863764226
1413393931555760384.000000 1.265068889 0.008407414 0.461737752 0.456676096 -0.032006007 -0.208907321 -0.864164591
1413393931605760512.000000 1.231627345 -0.019338042 0.437220335 -0.454736024 0.031454455 0.211526111 0.864570677
1413393931655760384.000000 1.196511865 -0.041498601 0.414691627 -0.453613162 0.032377202 0.211767197 0.865067363
1413393931705760512.000000 1.158757806 -0.060981661 0.392130792 0.452825576 -0.032476630 -0.211854056 -0.865454853
1413393931755760384.000000 1.119592190 -0.077792794 0.368758827 -0.451868653 0.032401636 0.211148635 0.866129994
1413393931805760512.000000 1.078246236 -0.092724919 0.345128596 -0.451543719 0.031981751 0.210033014 0.866586149
1413393931855760384.000000 1.036094308 -0.104647577 0.320498019 0.451233804 -0.031194048 -0.208835274 -0.867065668
1413393931905760512.000000 0.994576633 -0.118197173 0.291903585 -0.450858474 0.030336795 0.207969546 0.867499352
1413393931955760384.000000 0.953257442 -0.126079917 0.263953090 -0.450795352 0.029883433 0.206268162 0.867953956
1413393932005760512.000000 0.912774503 -0.131766498 0.234497547 0.451103479 -0.028653847 -0.204147592 -0.868336618
1413393932055760384.000000 0.876284301 -0.138261497 0.199729472 -0.451544851 0.025727902 0.201444924 0.868829906
1413393932105760512.000000 0.837950170 -0.139625221 0.167226881 -0.452457815 0.022216551 0.197909862 0.869264126
1413393932155760384.000000 0.800395072 -0.139670327 0.133289039 0.454104662 -0.017299775 -0.192681164 -0.869691789
1413393932205760512.000000 0.765120268 -0.140706480 0.096606717 -0.456329584 0.012275850 0.186450049 0.869970739
1413393932255760384.000000 0.729722738 -0.137082800 0.061764985 -0.459155381 0.006935617 0.178562239 0.870197535
1413393932305760512.000000 0.695921779 -0.132920310 0.026686432 0.461456656 -0.001838577 -0.172107205 -0.870306551
1413393932355760384.000000 0.663511813 -0.129779309 -0.009267876 -0.463880569 -0.002350997 0.166499868 0.870107591
1413393932405760512.000000 0.631714523 -0.123556346 -0.042853795 -0.465509951 -0.005626687 0.162889615 0.869905710
1413393932455760384.000000 0.602666378 -0.118737534 -0.077226333 -0.466938525 -0.008805244 0.160054728 0.869639874
1413393932505760512.000000 0.572853923 -0.111341707 -0.108441629 -0.468735307 -0.010920894 0.157776996 0.869065285
1413393932555760384.000000 0.544306159 -0.104007483 -0.138476133 -0.470561147 -0.011656074 0.155095920 0.868551493
1413393932605760512.000000 0.517830908 -0.095595121 -0.166843981 -0.472413749 -0.009960618 0.152557239 0.868016362
1413393932655760384.000000 0.492445052 -0.087580666 -0.193974584 -0.474504828 -0.007119291 0.150146589 0.867323816
1413393932705760512.000000 0.468793511 -0.079340555 -0.219625548 -0.475890160 -0.004651741 0.148979470 0.866782606
1413393932755760384.000000 0.446162760 -0.071612835 -0.244063959 -0.477468073 -0.002081451 0.148161441 0.866064727
1413393932805760512.000000 0.425266922 -0.063836791 -0.267500520 -0.479146987 0.000444255 0.146916822 0.865351677
1413393932855760384.000000 0.405359924 -0.056298435 -0.289790690 -0.481094390 0.000415110 0.144789606 0.864629388
1413393932905760512.000000 0.386062235 -0.049403153 -0.311792165 -0.483088940 0.001236873 0.142404094 0.863912404
1413393932955760384.000000 0.370048225 -0.043085691 -0.331992865 -0.485667795 0.006653187 0.138186172 0.863126397
1413393933005760512.000000 0.355673969 -0.037939630 -0.350889385 -0.487644881 0.015922023 0.132260710 0.862818718
1413393933055760384.000000 0.341649771 -0.033407614 -0.368217885 -0.488856107 0.024510911 0.126608446 0.862780035
1413393933105760512.000000 0.329359621 -0.032248721 -0.385449588 -0.489507973 0.033963174 0.121298216 0.862852991
1413393933155760384.000000 0.317467660 -0.033491746 -0.402195066 -0.489426732 0.040665951 0.119453080 0.862866640
1413393933205760512.000000 0.305801064 -0.036011547 -0.418426514 -0.488675207 0.046609130 0.120688386 0.862820089
1413393933255760384.000000 0.295558542 -0.042814150 -0.435457081 -0.486039132 0.051506415 0.126333505 0.863222480
1413393933305760512.000000 0.286358804 -0.052112594 -0.453076035 -0.482614368 0.058048088 0.135091484 0.863402605
1413393933355760384.000000 0.277298331 -0.063504182 -0.471724868 0.479000777 -0.063346982 -0.143795282 -0.863636672
1413393933405760512.000000 0.268616349 -0.076006345 -0.491121411 -0.474535584 0.067686804 0.155260354 0.863787472
1413393933455760384.000000 0.259977072 -0.091199309 -0.512936771 -0.469735384 0.068561479 0.168684304 0.863825023
1413393933505760512.000000 0.250756681 -0.107390665 -0.536605120 -0.463975906 0.067073897 0.183441654 0.864046693
1413393933555760384.000000 0.238734797 -0.122851163 -0.561035633 -0.458952457 0.064097032 0.196762934 0.864024699
1413393933605760512.000000 0.226069435 -0.138169169 -0.587859511 -0.455581427 0.060181044 0.207131729 0.863666832
1413393933655760384.000000 0.211442411 -0.152300388 -0.616694629 -0.454738051 0.055518761 0.211587235 0.863343418
1413393933705760512.000000 0.193408251 -0.163794994 -0.646252513 -0.456103802 0.048529055 0.209547892 0.863541543
1413393933755760384.000000 0.175445512 -0.175040379 -0.678422213 -0.459923118 0.039999112 0.202119783 0.863723576
1413393933805760512.000000 0.154937655 -0.185354710 -0.711307466 -0.464098543 0.031416487 0.193223283 0.863880932
1413393933855760384.000000 0.129447341 -0.194917649 -0.743085623 -0.466853976 0.024329817 0.186431065 0.864117384
1413393933905760512.000000 0.105083331 -0.203947544 -0.775552928 -0.469041586 0.019789610 0.181342766 0.864131510
1413393933955760384.000000 0.080944270 -0.211957142 -0.807865381 -0.471632868 0.018233752 0.175239548 0.864014566
1413393934005760512.000000 0.057729758 -0.219130635 -0.840374768 -0.475409865 0.023020644 0.163644090 0.864104331
1413393934055760384.000000 0.039498653 -0.227432102 -0.873960376 -0.479241729 0.028334035 0.152771637 0.863820255
1413393934105760512.000000 0.025002088 -0.236813799 -0.908317804 -0.481744289 0.034399662 0.143344134 0.863823831
1413393934155760384.000000 0.010674030 -0.246976882 -0.943129003 -0.483359009 0.036438841 0.137131274 0.863846838
1413393934205760512.000000 0.000374377 -0.260443866 -0.978798509 -0.484073937 0.037536711 0.133373439 0.863987803
1413393934255760384.000000 -0.009702064 -0.275992751 -1.013912201 -0.482058793 0.037492100 0.135742888 0.864747167
1413393934305760512.000000 -0.019244745 -0.291479051 -1.048821092 -0.479440898 0.036988400 0.140062481 0.865535021
1413393934355760384.000000 -0.032841504 -0.309498906 -1.081693649 -0.475491941 0.034811232 0.148793042 0.866346538
1413393934405760512.000000 -0.049437031 -0.328048527 -1.113386273 -0.470982820 0.032798897 0.159189358 0.867039979
1413393934455760384.000000 -0.067584284 -0.345626801 -1.144695520 -0.467104435 0.030939331 0.168237656 0.867497742
1413393934505760512.000000 -0.090850919 -0.364388913 -1.174352765 -0.463622808 0.029745791 0.176527902 0.867759824
1413393934555760384.000000 -0.117051274 -0.382999897 -1.203498125 -0.460168749 0.029642770 0.184445903 0.867954969
1413393934605760512.000000 -0.144375876 -0.398953497 -1.232958198 -0.457452178 0.030018885 0.191027313 0.867954493
1413393934655760384.000000 -0.174452946 -0.415840536 -1.262410879 -0.454622298 0.032680430 0.198120579 0.867755055
1413393934705760512.000000 -0.206825972 -0.431682825 -1.292194963 -0.451851994 0.035344612 0.204671472 0.867577195
1413393934755760384.000000 -0.242268294 -0.444622666 -1.321396828 -0.446109176 0.038166884 0.214034528 0.868170023
1413393934805760512.000000 -0.279881477 -0.457639158 -1.351102948 -0.437885433 0.040362876 0.224771202 0.869543076
1413393934855760384.000000 -0.319503665 -0.468592614 -1.381778121 -0.428050786 0.039607700 0.232865408 0.872340262
1413393934905760512.000000 -0.360748291 -0.474333644 -1.413551092 -0.417042196 0.034216624 0.237620354 0.876608014
1413393934955760384.000000 -0.404524386 -0.479465157 -1.446594596 -0.406404257 0.024307325 0.235504299 0.882486522
1413393935005760512.000000 -0.449840844 -0.481263548 -1.480892301 -0.397761047 0.010866470 0.222235560 0.890100777
1413393935055760384.000000 -0.497904778 -0.479260951 -1.513670444 -0.389163882 -0.004858667 0.202195406 0.898690701
1413393935105760512.000000 -0.543861747 -0.474287331 -1.547755480 -0.378559023 -0.018823704 0.181669399 0.907378078
1413393935155760384.000000 -0.587374270 -0.466744900 -1.581113815 -0.365361929 -0.029854622 0.163294807 0.915944397
1413393935205760512.000000 -0.628262520 -0.457736611 -1.611016035 -0.349705607 -0.038074065 0.147335514 0.924418032
1413393935255760384.000000 -0.661724567 -0.445653796 -1.641965270 -0.332139611 -0.043400228 0.134503379 0.932581723
1413393935305760512.000000 -0.690359473 -0.431721032 -1.670778632 -0.313577026 -0.046997946 0.123704828 0.940296710
1413393935355760384.000000 -0.716136336 -0.417455971 -1.695060492 -0.294321775 -0.048001833 0.115886733 0.947439134
1413393935405760512.000000 -0.734346032 -0.400747001 -1.719948530 -0.275645763 -0.048191704 0.104425646 0.954354405
1413393935455760384.000000 -0.747895360 -0.383527577 -1.743365049 -0.257367134 -0.047366824 0.091957085 0.960761368
1413393935505760512.000000 -0.757014692 -0.365086257 -1.764813900 0.239586249 0.044992052 -0.077659078 -0.966717780
1413393935555760384.000000 -0.761583865 -0.347325563 -1.784016371 0.221316203 0.044946052 -0.064397909 -0.972034991
1413393935605760512.000000 -0.763840199 -0.331651956 -1.797448993 -0.205810294 -0.045325890 0.048400093 0.976342738
1413393935655760384.000000 -0.762941360 -0.314438611 -1.811347604 -0.192606390 -0.047438730 0.033735625 0.979547977
1413393935705760512.000000 -0.760104597 -0.298185885 -1.822311163 -0.182299957 -0.048750907 0.016602155 0.981893301
1413393935755760384.000000 -0.757326305 -0.283020675 -1.830252886 0.174034804 0.049656715 0.000186564 -0.983486772
1413393935805760512.000000 -0.749260962 -0.272229940 -1.833868623 -0.166927829 -0.049593039 -0.018719405 0.984543204
1413393935855760384.000000 -0.742300451 -0.263584852 -1.834891081 -0.159232482 -0.048199542 -0.036590535 0.985384643
1413393935905760512.000000 -0.734188437 -0.259329170 -1.832425237 -0.149224192 -0.046100985 -0.048276413 0.986547709
1413393935955760384.000000 -0.723446667 -0.259972811 -1.825687170 -0.133542046 -0.042617649 -0.045922123 0.989060879
1413393936005760512.000000 -0.713569164 -0.265640467 -1.816622376 -0.114043579 -0.037513889 -0.036747396 0.992086887
1413393936055760384.000000 -0.702214658 -0.275095224 -1.805080533 -0.093029611 -0.032917965 -0.027513672 0.994738698
1413393936105760512.000000 -0.687547088 -0.287529886 -1.791257143 -0.069782294 -0.027733231 -0.017860983 0.997016788
1413393936155760384.000000 -0.673772156 -0.302563787 -1.775586843 -0.045334622 -0.022710815 -0.008723961 0.998675644
1413393936205760512.000000 -0.658716559 -0.318850458 -1.758197188 -0.019307652 -0.019826138 0.000786314 0.999616683
1413393936255760384.000000 -0.641644835 -0.335314006 -1.741360188 0.006542910 -0.018441303 0.006571986 0.999786913
1413393936305760512.000000 -0.624326408 -0.351480216 -1.721069694 0.032327697 -0.018569332 0.010654599 0.999248028
1413393936355760384.000000 -0.606804669 -0.366731226 -1.699635386 0.058034927 -0.019344890 0.011600478 0.998059750
1413393936405760512.000000 -0.588231981 -0.380889535 -1.680804491 0.082434326 -0.019973267 0.009448258 0.996351600
1413393936455760384.000000 -0.568783820 -0.392865002 -1.657144547 0.105589204 -0.020015804 0.003734893 0.994201422
1413393936505760512.000000 -0.547564924 -0.402971834 -1.632539153 0.127066568 -0.015778275 -0.007473331 0.991740584
1413393936555760384.000000 -0.525443971 -0.411894739 -1.612254977 0.147021174 -0.009360246 -0.020150352 0.988883793
1413393936605760512.000000 -0.502703309 -0.418548077 -1.586119652 0.166402042 -0.000529143 -0.031913895 0.985541284
1413393936655760384.000000 -0.479173660 -0.423825502 -1.559866190 -0.185194150 -0.010292223 0.042122006 -0.981744885
1413393936705760512.000000 -0.455446035 -0.427079976 -1.535677791 0.202726483 0.020957980 -0.050909210 0.977686584
1413393936755760384.000000 -0.430291504 -0.431810617 -1.514046431 0.219492212 0.029275153 -0.058535557 0.973416507
1413393936805760512.000000 -0.407082498 -0.433122516 -1.490440726 0.235594720 0.035734963 -0.066173062 0.968937218
1413393936855760384.000000 -0.383967906 -0.433186561 -1.468471289 0.251702517 0.040993255 -0.073956691 0.964103639
1413393936905760512.000000 -0.359511107 -0.434235036 -1.449820280 0.267248362 0.046662275 -0.082678564 0.958939731
1413393936955760384.000000 -0.336671323 -0.432012558 -1.431969881 0.283687383 0.050444696 -0.091533512 0.953204393
1413393937005760512.000000 -0.313610047 -0.428862602 -1.416880846 0.299799860 0.056127947 -0.102197170 0.946850300
1413393937055760384.000000 -0.290204912 -0.427185893 -1.405103564 0.316243678 0.060285304 -0.112770297 0.940020502
1413393937105760512.000000 -0.268020540 -0.422174782 -1.395872831 0.333284706 0.063434318 -0.122237824 0.932714045
1413393937155760384.000000 -0.246376291 -0.416094124 -1.389949799 0.350342631 0.065620594 -0.130048469 0.925225079
1413393937205760512.000000 -0.225723788 -0.412820816 -1.392176986 0.367409289 0.067867823 -0.136944830 0.917415142
1413393937255760384.000000 -0.205158129 -0.404921949 -1.393022776 0.383870900 0.068650566 -0.143359512 0.909603417
1413393937305760512.000000 -0.184868619 -0.396013945 -1.397392511 0.400055528 0.068624422 -0.148200721 0.901821971
1413393937355760384.000000 -0.165183783 -0.387990415 -1.406837344 0.414252579 0.067035347 -0.153562039 0.894605994
1413393937405760512.000000 -0.145953953 -0.376542687 -1.417237520 0.426239818 0.065169618 -0.157663330 0.888377666
1413393937455760384.000000 -0.128946185 -0.363538682 -1.429498553 0.435525954 0.059642158 -0.162830725 0.883315444
1413393937505760512.000000 -0.116597861 -0.350360990 -1.441984296 0.442024410 0.047708698 -0.168466389 0.879748464
1413393937555760384.000000 -0.109288231 -0.335605025 -1.454580784 0.448053181 0.034709945 -0.170337781 0.876942754
1413393937605760512.000000 -0.107650906 -0.320451021 -1.466333032 0.452576816 0.023354460 -0.171530843 0.874760568
1413393937655760384.000000 -0.112089902 -0.307073653 -1.481616974 0.456588775 0.011582999 -0.170702249 0.873071253
1413393937705760512.000000 -0.118567079 -0.291523993 -1.491873384 0.458980292 0.000754112 -0.170663685 0.871900499
1413393937755760384.000000 -0.126116425 -0.276300550 -1.501611829 0.459737241 -0.010069048 -0.172398254 0.871102273
1413393937805760512.000000 -0.133024246 -0.261805415 -1.511358738 0.460000426 -0.020407561 -0.173948929 0.870474041
1413393937855760384.000000 -0.138260663 -0.247043371 -1.521646500 0.459651262 -0.028644139 -0.174415290 0.870333076
1413393937905760512.000000 -0.140190601 -0.234935939 -1.529974580 0.459192097 -0.029983426 -0.175861910 0.870239198
1413393937955760384.000000 -0.140461937 -0.223677933 -1.538036466 0.458785385 -0.024378298 -0.177632153 0.870269239
1413393938005760512.000000 -0.138500392 -0.213589430 -1.545209885 0.457328022 -0.017430341 -0.180310711 0.870652318
1413393938055760384.000000 -0.136289448 -0.204978526 -1.552696705 0.455540776 -0.008048040 -0.184947997 0.870753825
1413393938105760512.000000 -0.133340031 -0.197805822 -1.560975432 0.453877181 0.004241766 -0.191406846 0.870253444
1413393938155760384.000000 -0.129977822 -0.191987991 -1.571181417 0.452825099 0.019575095 -0.199458599 0.868782222
1413393938205760512.000000 -0.126208514 -0.187807977 -1.583465457 0.453217566 0.035925500 -0.208637640 0.865894675
1413393938255760384.000000 -0.122657955 -0.184930384 -1.596887231 0.455509812 0.049439602 -0.215854228 0.862249196
1413393938305760512.000000 -0.120667666 -0.183114469 -1.615640163 0.460573375 0.057704534 -0.218910694 0.858266056
1413393938355760384.000000 -0.117175899 -0.183183849 -1.635524750 0.468985111 0.060846865 -0.216315851 0.854141772
1413393938405760512.000000 -0.117025532 -0.183048308 -1.661788940 0.480538130 0.058540124 -0.210117489 0.849415600
1413393938455760384.000000 -0.118131340 -0.183219850 -1.691810966 0.495133191 0.051897328 -0.199640557 0.843974829
1413393938505760512.000000 -0.119999953 -0.183114946 -1.724162579 0.509685636 0.044102933 -0.191686958 0.837574840
1413393938555760384.000000 -0.120700926 -0.182206869 -1.757254601 0.523556054 0.036540873 -0.186227381 0.830586076
1413393938605760512.000000 -0.125077084 -0.180531025 -1.792686701 0.536918283 0.030396694 -0.183247313 0.822930872
1413393938655760384.000000 -0.132441580 -0.177281380 -1.827907920 0.549705803 0.023554241 -0.181568295 0.815047085
1413393938705760512.000000 -0.137403533 -0.175134659 -1.855181217 0.561375737 0.016167587 -0.181657940 0.807215214
1413393938755760384.000000 -0.150718331 -0.169150233 -1.888418078 0.572908878 0.012090114 -0.181395590 0.799202681
1413393938805760512.000000 -0.165900499 -0.161083817 -1.920808077 0.583997607 0.012276432 -0.181682080 0.791067481
1413393938855760384.000000 -0.181275249 -0.151350021 -1.952632666 0.593961239 0.016412841 -0.184058234 0.782983661
1413393938905760512.000000 -0.194982827 -0.144189596 -1.982891679 0.603045523 0.019935958 -0.188610941 0.774831951
1413393938955760384.000000 -0.209396720 -0.131031036 -2.014300346 0.611777544 0.022174483 -0.193421602 0.766697288
1413393939005760512.000000 -0.223009676 -0.116284609 -2.045876265 0.620418072 0.022612220 -0.198389873 0.758427143
1413393939055760384.000000 -0.235149413 -0.099899888 -2.077067614 0.628801882 0.024693139 -0.202523485 0.750321805
1413393939105760512.000000 -0.242441475 -0.083411336 -2.107275486 0.639822125 0.034859497 -0.198092714 0.741735637
1413393939155760384.000000 -0.249890924 -0.063507438 -2.140784979 0.650781453 0.046073873 -0.192784831 0.732935727
1413393939205760512.000000 -0.258661509 -0.040902615 -2.173800230 0.659062564 0.048132669 -0.193853572 0.725079775
1413393939255760384.000000 -0.267367333 -0.014755011 -2.201663256 0.663677871 0.042249620 -0.202127174 0.718951583
1413393939305760512.000000 -0.278832316 0.013619184 -2.233254194 0.665261328 0.029812125 -0.214532778 0.714502871
1413393939355760384.000000 -0.291942298 0.044561386 -2.263815641 0.663322926 0.011134206 -0.232616141 0.711174011
1413393939405760512.000000 -0.305854052 0.077268839 -2.291985750 0.659627557 -0.014869477 -0.250785023 0.708362401
1413393939455760384.000000 -0.324284762 0.107496738 -2.319424152 0.654381633 -0.044187199 -0.267652720 0.705828786
1413393939505760512.000000 -0.342560202 0.137132645 -2.346210003 0.648264110 -0.073773026 -0.281198889 0.703731716
1413393939555760384.000000 -0.362065077 0.163056135 -2.371451855 -0.642344356 0.100174785 0.291359931 -0.701760769
1413393939605760512.000000 -0.384313822 0.183045387 -2.394935608 0.636137009 -0.122752689 -0.299599349 0.700358272
1413393939655760384.000000 -0.405493319 0.197532892 -2.415510178 0.629892409 -0.141093805 -0.306991100 0.699345887
1413393939705760512.000000 -0.425725818 0.204188824 -2.433547020 0.624153793 -0.148271665 -0.316099167 0.698948383
1413393939755760384.000000 -0.444892704 0.202169657 -2.451157331 0.621173382 -0.145046473 -0.321767896 0.699693263
1413393939805760512.000000 -0.461976886 0.190701485 -2.465599775 0.623201787 -0.129050881 -0.319425672 0.702091753
1413393939855760384.000000 -0.476707458 0.170415640 -2.479291916 0.630958140 -0.101825312 -0.304384023 0.706310034
1413393939905760512.000000 -0.489184707 0.143096209 -2.490923166 0.642086685 -0.067884594 -0.277706921 0.711333454
1413393939955760384.000000 -0.499953389 0.113839388 -2.508353710 0.654057741 -0.029319858 -0.245957047 0.714740455
1413393940005760512.000000 -0.509144485 0.084183693 -2.521303654 0.664497495 0.005708511 -0.213715121 0.716056108
1413393940055760384.000000 -0.517534018 0.056417942 -2.534298182 0.674266517 0.034816250 -0.179946333 0.715382338
1413393940105760512.000000 -0.525177121 0.033719063 -2.548886061 0.681614280 0.058215965 -0.150909662 0.713609993
1413393940155760384.000000 -0.533616304 0.016530037 -2.560070992 0.687885880 0.072789118 -0.126338571 0.711022735
1413393940205760512.000000 -0.540932894 0.007935047 -2.570191145 0.692287505 0.084922194 -0.108036242 0.708416820
1413393940255760384.000000 -0.549485087 0.007450342 -2.579736710 0.694391727 0.088239543 -0.099234551 0.707238674
1413393940305760512.000000 -0.555961490 0.013072968 -2.589042902 -0.693805397 -0.080428392 0.104022928 -0.708056927
1413393940355760384.000000 -0.564264059 0.028835297 -2.593964100 -0.689425766 -0.064243503 0.123582967 -0.710839152
1413393940405760512.000000 -0.571220100 0.052029133 -2.597265959 -0.682113469 -0.042689636 0.150556713 -0.714304984
1413393940455760384.000000 -0.575526774 0.079256535 -2.600351810 0.672813475 0.014374001 -0.179919243 0.717457056
1413393940505760512.000000 -0.582305789 0.111246109 -2.600104809 0.661255836 -0.020393180 -0.211647093 0.719395876
1413393940555760384.000000 -0.587729692 0.144161940 -2.599086523 0.649913669 -0.056715831 -0.237480387 0.719721317
1413393940605760512.000000 -0.588581502 0.173362494 -2.598536730 0.639555275 -0.089525707 -0.255245507 0.719586015
1413393940655760384.000000 -0.588417292 0.199742079 -2.595596790 -0.631231964 0.115220904 0.266024768 -0.719375551
1413393940705760512.000000 -0.585374415 0.219657898 -2.590808630 -0.625321567 0.136494115 0.269849807 -0.719390988
1413393940755760384.000000 -0.578227758 0.230133295 -2.584542990 0.621475518 -0.154736117 -0.266466439 0.720292091
1413393940805760512.000000 -0.567702174 0.234486818 -2.574277878 0.620852530 -0.160919771 -0.259273291 0.722097158
1413393940855760384.000000 -0.551668644 0.230515480 -2.560270309 0.623845637 -0.147676662 -0.250173271 0.725549221
1413393940905760512.000000 -0.531022429 0.219699144 -2.542535305 0.627993703 -0.122840479 -0.243205041 0.728961885
1413393940955760384.000000 -0.508860171 0.203881025 -2.522502184 -0.634251952 0.092443712 0.232150272 -0.731631696
1413393941005760512.000000 -0.484602928 0.184904099 -2.500305176 -0.641541362 0.057993487 0.217154309 -0.733420432
1413393941055760384.000000 -0.456835926 0.163873911 -2.476527452 0.649803340 -0.024386253 -0.196388423 0.733888745
1413393941105760512.000000 -0.429783583 0.144395113 -2.451910734 0.657284498 0.008344246 -0.176317856 0.732679725
1413393941155760384.000000 -0.402707994 0.127625942 -2.426296949 0.663807809 0.034761433 -0.158285111 0.730134785
1413393941205760512.000000 -0.379402936 0.116533995 -2.399221897 0.668929398 0.055432711 -0.143702567 0.727193475
1413393941255760384.000000 -0.353907526 0.109049082 -2.371947050 0.671602249 0.065927453 -0.138087496 0.724938571
1413393941305760512.000000 -0.330803275 0.107236862 -2.343307018 0.671338260 0.062074170 -0.145473763 0.724078178
1413393941355760384.000000 -0.311535805 0.113182783 -2.312269211 0.669446111 0.048569351 -0.159837350 0.723833561
1413393941405760512.000000 -0.290314704 0.121644735 -2.282429457 0.665607691 0.028418327 -0.179444969 0.723849714
1413393941455760384.000000 -0.269425929 0.133435726 -2.252288818 0.660396278 0.005537538 -0.200812519 0.723547101
1413393941505760512.000000 -0.252977490 0.149646282 -2.218622446 0.653477669 -0.019534476 -0.224847168 0.722515881
1413393941555760384.000000 -0.232094377 0.163593411 -2.187344790 0.645955682 -0.043395743 -0.247206196 0.720934987
1413393941605760512.000000 -0.210421771 0.175841093 -2.155869007 0.638783574 -0.064703971 -0.266627520 0.718803704
1413393941655760384.000000 -0.193019241 0.187917113 -2.122174740 0.632978380 -0.080146298 -0.281525135 0.716699779
1413393941705760512.000000 -0.169945359 0.192339897 -2.089841366 -0.627092361 0.092475370 0.292841762 -0.715854228
1413393941755760384.000000 -0.148386985 0.191574812 -2.056160927 -0.620825648 0.101621442 0.302264571 -0.716159701
1413393941805760512.000000 -0.130571753 0.186399698 -2.018786430 0.615878165 -0.106539808 -0.308743685 0.716952384
1413393941855760384.000000 -0.111961573 0.173453212 -1.983106971 0.613794327 -0.104082949 -0.308656543 0.719134510
1413393941905760512.000000 -0.093308657 0.153443933 -1.947182298 0.616909921 -0.091257684 -0.298568487 0.722461879
1413393941955760384.000000 -0.074739397 0.127763152 -1.911081791 -0.622069418 0.072552443 0.283601344 -0.726179123
1413393942005760512.000000 -0.059123561 0.102320671 -1.871564865 0.629456282 -0.047964472 -0.263219297 0.729520261
1413393942055760384.000000 -0.038558826 0.069640517 -1.836240172 0.637524784 -0.018935494 -0.238649964 0.732290804
1413393942105760512.000000 -0.017571673 0.036755204 -1.801245689 0.644299269 0.010143148 -0.214572117 0.733985305
1413393942155760384.000000 0.001352604 0.007613301 -1.765139103 0.649569750 0.036331970 -0.193056464 0.734485149
1413393942205760512.000000 0.021854296 -0.020590544 -1.731145859 0.653252661 0.058724117 -0.175008476 0.734291792
1413393942255760384.000000 0.041749209 -0.044382334 -1.697807431 0.654608309 0.075030491 -0.164408281 0.734049320
1413393942305760512.000000 0.060741708 -0.060407162 -1.663878083 0.655650854 0.085062817 -0.156407058 0.733773232
1413393942355760384.000000 0.080685601 -0.072937727 -1.632990241 0.655384839 0.089910179 -0.154002264 0.733941674
1413393942405760512.000000 0.099862456 -0.079046130 -1.603388071 0.653813779 0.087830544 -0.158267245 0.734686911
1413393942455760384.000000 0.110922381 -0.072351813 -1.574430346 0.650443912 0.079374619 -0.168471277 0.736369431
1413393942505760512.000000 0.128772914 -0.066377997 -1.547509670 0.646580160 0.065913148 -0.182552233 0.737742662
1413393942555760384.000000 0.145395488 -0.056305647 -1.521605849 0.641160309 0.046825208 -0.201075613 0.739114046
1413393942605760512.000000 0.156702399 -0.040777564 -1.495562792 0.634158969 0.023072731 -0.221883282 0.740322888
1413393942655760384.000000 0.169166714 -0.025737286 -1.470697403 0.626999021 -0.001583253 -0.241440862 0.740659237
1413393942705760512.000000 0.180126011 -0.010266781 -1.446412802 0.619669616 -0.023165736 -0.260335684 0.740066350
1413393942755760384.000000 0.189617544 0.003607035 -1.422134876 0.613481760 -0.042222191 -0.275233746 0.738988459
1413393942805760512.000000 0.193444461 0.012426734 -1.399709821 0.607915282 -0.056851435 -0.288765043 0.737442672
1413393942855760384.000000 0.198613822 0.019064307 -1.375040054 -0.603906214 0.067895576 0.298407167 -0.735962391
1413393942905760512.000000 0.201272503 0.021476984 -1.349883914 -0.600859404 0.076264411 0.306135386 -0.734460890
1413393942955760384.000000 0.200570121 0.017523170 -1.325116634 0.599385679 -0.082471922 -0.310223550 0.733278036
1413393943005760512.000000 0.200220555 0.009307086 -1.299711108 0.600415289 -0.080681197 -0.309733540 0.732841849
1413393943055760384.000000 0.200767532 -0.005389512 -1.275081277 0.606944799 -0.067046680 -0.298890680 0.733339787
1413393943105760512.000000 0.202721864 -0.026787639 -1.252097130 0.615482390 -0.045656621 -0.283081830 0.734140098
1413393943155760384.000000 0.205574423 -0.050300717 -1.229451180 0.625814378 -0.020302659 -0.261053890 0.734707475
1413393943205760512.000000 0.208935291 -0.075307250 -1.208066940 0.635496080 0.005883158 -0.239217684 0.734087884
1413393943255760384.000000 0.214958310 -0.103847444 -1.190879464 0.643093348 0.031942300 -0.218248308 0.733333766
1413393943305760512.000000 0.217777163 -0.126323044 -1.171476364 0.649539471 0.051250421 -0.198549435 0.732154369
1413393943355760384.000000 0.220991194 -0.145305932 -1.153602481 0.655485690 0.068968117 -0.180952117 0.729957700
1413393943405760512.000000 0.224754617 -0.160554111 -1.138185143 0.659032822 0.080757976 -0.167789727 0.728697777
1413393943455760384.000000 0.227247521 -0.169937968 -1.122541189 0.661105454 0.088145219 -0.159570009 0.727810085
1413393943505760512.000000 0.228282556 -0.174585819 -1.107729554 0.659905016 0.085510261 -0.163146362 0.728420675
1413393943555760384.000000 0.229354888 -0.173598468 -1.093684793 0.654798627 0.072038077 -0.177961469 0.731012404
1413393943605760512.000000 0.228106052 -0.166753292 -1.080173135 0.648926973 0.056274824 -0.195072934 0.733262241
1413393943655760384.000000 0.225554109 -0.156437457 -1.067428112 0.641208589 0.033806302 -0.216855258 0.735311151
1413393943705760512.000000 0.224750906 -0.144138038 -1.058057308 0.632415771 0.010898918 -0.238513380 0.736914456
1413393943755760384.000000 0.222834051 -0.131663561 -1.048208356 0.624061704 -0.012473526 -0.257285744 0.737696052
1413393943805760512.000000 0.221634358 -0.120576262 -1.039423585 0.615578890 -0.033124708 -0.274349302 0.738036513
1413393943855760384.000000 0.222832918 -0.112919867 -1.031581163 0.607262194 -0.047914077 -0.286031604 0.739677548
1413393943905760512.000000 0.225207776 -0.109112799 -1.024649501 0.599337935 -0.058545936 -0.292522758 0.742830336
1413393943955760384.000000 0.229973435 -0.111448765 -1.018579602 0.592571497 -0.061402433 -0.294975519 0.747046411
1413393944005760512.000000 0.238197416 -0.120333970 -1.013946772 0.589230716 -0.057334319 -0.286726117 0.753198624
1413393944055760384.000000 0.246052474 -0.130125463 -1.009211421 0.587389529 -0.047710992 -0.272798121 0.760446250
1413393944105760512.000000 0.255419642 -0.146788359 -1.005407453 0.587158561 -0.037286833 -0.252754241 0.768094957
1413393944155760384.000000 0.265677482 -0.165740490 -1.001724124 0.587773502 -0.026588779 -0.227390498 0.775956810
1413393944205760512.000000 0.277214676 -0.183629811 -0.998202324 0.588060260 -0.014593777 -0.200427413 0.783454537
1413393944255760384.000000 0.289403230 -0.202490509 -0.993777514 0.587026238 0.001381615 -0.175578296 0.790297806
1413393944305760512.000000 0.302203536 -0.219329655 -0.988518059 0.584655344 0.017399661 -0.152600199 0.796610653
1413393944355760384.000000 0.315789074 -0.233065367 -0.983191967 0.580352187 0.032997701 -0.134326473 0.802532852
1413393944405760512.000000 0.328372478 -0.243374407 -0.976144671 0.574319065 0.046197500 -0.122268632 0.808129847
1413393944455760384.000000 0.340440691 -0.249297321 -0.968921542 0.568298340 0.053512465 -0.113898233 0.813142478
1413393944505760512.000000 0.350613892 -0.249647141 -0.963748991 0.559538245 0.057134967 -0.117054045 0.818505347
1413393944555760384.000000 0.360680163 -0.245804965 -0.956278801 0.548995554 0.052200023 -0.130204827 0.823969543
1413393944605760512.000000 0.369687080 -0.237961411 -0.949044108 0.537160873 0.041456491 -0.148771882 0.829220474
1413393944655760384.000000 0.378333002 -0.228559136 -0.942678213 0.526027381 0.023888068 -0.167796418 0.833408058
1413393944705760512.000000 0.385845214 -0.215658277 -0.937150061 0.515477598 0.002848263 -0.186816409 0.836286128
1413393944755760384.000000 0.393885911 -0.202871442 -0.932416141 0.505685568 -0.017353296 -0.203338116 0.838233054
1413393944805760512.000000 0.401299804 -0.193282694 -0.929594636 0.497536242 -0.036530491 -0.216597378 0.839171529
1413393944855760384.000000 0.411463678 -0.184374392 -0.925441027 0.490779817 -0.052071121 -0.226916522 0.839602709
1413393944905760512.000000 0.423056155 -0.178931355 -0.920860648 0.485530943 -0.064324409 -0.234354034 0.839762032
1413393944955760384.000000 0.432723761 -0.178871781 -0.917361319 0.481360197 -0.074115857 -0.237391040 0.840502620
1413393945005760512.000000 0.449044287 -0.183019847 -0.910977542 0.478731155 -0.075617716 -0.236190915 0.842206836
1413393945055760384.000000 0.468607008 -0.192330420 -0.903663516 -0.478526652 0.063675635 0.228605360 -0.845397711
1413393945105760512.000000 0.488833725 -0.205587685 -0.896589994 0.479547411 -0.041710738 -0.215528175 0.849612951
1413393945155760384.000000 0.508495688 -0.220838517 -0.887058973 0.480297893 -0.014743795 -0.198689327 0.854177475
1413393945205760512.000000 0.525970280 -0.236829668 -0.876681507 0.479910254 0.015393982 -0.179891661 0.858538389
1413393945255760384.000000 0.539684415 -0.253432393 -0.867920339 0.477781355 0.044503853 -0.160768256 0.862495244
1413393945305760512.000000 0.549221039 -0.266159236 -0.857813299 0.473774165 0.068461403 -0.143685117 0.866144180
1413393945355760384.000000 0.554006755 -0.275846660 -0.848000884 0.466671556 0.084644005 -0.131529063 0.870490253
1413393945405760512.000000 0.550793290 -0.281187385 -0.840012968 0.457503289 0.091943957 -0.123509489 0.875775397
1413393945455760384.000000 0.545851588 -0.283390999 -0.832250834 0.447224736 0.091064088 -0.118682280 0.881823063
1413393945505760512.000000 0.535930991 -0.282153189 -0.825363755 0.436007619 0.079642579 -0.116093189 0.888862669
1413393945555760384.000000 0.523145258 -0.278384984 -0.820608616 0.423139721 0.063019723 -0.117186368 0.896241486
1413393945605760512.000000 0.509663761 -0.270529628 -0.817081273 0.409303695 0.046322122 -0.121065632 0.903143346
1413393945655760384.000000 0.495893359 -0.259761930 -0.815389156 0.394315183 0.030543905 -0.126341686 0.909736514
1413393945705760512.000000 0.483627260 -0.249757409 -0.816469133 0.378577888 0.014152760 -0.132473007 0.915930927
1413393945755760384.000000 0.470016867 -0.236868232 -0.816682160 0.362258822 -0.003026748 -0.138658807 0.921701252
1413393945805760512.000000 0.456910849 -0.224609464 -0.817337990 0.345792353 -0.020431016 -0.144495919 0.926893294
1413393945855760384.000000 0.446641982 -0.213567123 -0.818608820 0.329402447 -0.036669541 -0.148464486 0.931722939
1413393945905760512.000000 0.436573833 -0.205071181 -0.817917407 -0.313822299 0.047297701 0.151561901 -0.936113000
1413393945955760384.000000 0.430045366 -0.199616671 -0.816345215 -0.301898897 0.046022628 0.146901295 -0.940828860
1413393946005760512.000000 0.429566592 -0.196532428 -0.815543413 0.290934026 -0.032815333 -0.140151635 0.945853174
1413393946055760384.000000 0.428829014 -0.196444243 -0.812116921 -0.281729549 0.012612921 0.130456850 -0.950500071
1413393946105760512.000000 0.428980261 -0.197732657 -0.808473945 -0.272555679 -0.011216620 0.119590417 -0.954612851
1413393946155760384.000000 0.431951284 -0.199732020 -0.806988955 0.263371140 0.036509823 -0.107804395 0.957956672
1413393946205760512.000000 0.431993425 -0.201538146 -0.805720508 0.253228396 0.060688708 -0.096024320 0.960714221
1413393946255760384.000000 0.430343688 -0.202793553 -0.807171643 0.241921932 0.077637598 -0.085744858 0.963376403
1413393946305760512.000000 0.425744563 -0.201868951 -0.813587427 0.228668138 0.084550239 -0.078711398 0.966626465
1413393946355760384.000000 0.418872625 -0.200829521 -0.820120096 0.216581896 0.082287110 -0.068140261 0.970401049
1413393946405760512.000000 0.409122020 -0.198387876 -0.829523683 0.202922329 0.070383631 -0.059099533 0.974872291
1413393946455760384.000000 0.398618460 -0.194177598 -0.842502296 0.189163059 0.055045132 -0.049061116 0.979173362
1413393946505760512.000000 0.387798995 -0.189060301 -0.856296420 0.172955096 0.038383048 -0.041993581 0.983285248
1413393946555760384.000000 0.377025783 -0.182624117 -0.871554375 0.155220300 0.018613469 -0.036972076 0.987012267
1413393946605760512.000000 0.363675028 -0.172497913 -0.888923109 0.135785788 -0.002431436 -0.035485558 0.990099609
1413393946655760384.000000 0.353663892 -0.164459243 -0.903523505 0.114331678 -0.024216071 -0.035397828 0.992516458
1413393946705760512.000000 0.345528156 -0.156261429 -0.916278481 0.091347113 -0.043770630 -0.037207555 0.994160712
1413393946755760384.000000 0.335790575 -0.142473370 -0.929248452 0.068327837 -0.058186382 -0.039068915 0.995198131
1413393946805760512.000000 0.334384888 -0.135583267 -0.937419593 0.046223942 -0.064820610 -0.037886053 0.996105611
1413393946855760384.000000 0.335986525 -0.129652619 -0.943238437 -0.025509272 0.064552851 0.034910932 -0.996977150
1413393946905760512.000000 0.338476717 -0.122616664 -0.948767841 0.006887338 -0.053855568 -0.030962519 0.998044848
1413393946955760384.000000 0.347052962 -0.120587580 -0.948640704 -0.010044032 -0.033085588 -0.025618186 0.999073684
1413393947005760512.000000 0.357256204 -0.120147429 -0.946422100 -0.025804471 -0.003891726 -0.019642850 0.999466479
1413393947055760384.000000 0.358459264 -0.114774629 -0.945572376 -0.041196473 0.024979185 -0.013758183 0.998744071
1413393947105760512.000000 0.362442672 -0.116070338 -0.941615939 -0.056770634 0.049795624 -0.008082162 0.997111976
1413393947155760384.000000 0.361666709 -0.117686167 -0.937995374 0.072711959 -0.066625632 0.001654772 -0.995123804
1413393947205760512.000000 0.355585724 -0.120778389 -0.934959114 0.089117385 -0.073978707 -0.004988554 -0.993257463
1413393947255760384.000000 0.340618193 -0.122865327 -0.936304808 -0.105392881 0.077095419 0.011537290 0.991370618
1413393947305760512.000000 0.325945735 -0.128439859 -0.936607659 -0.122108907 0.076938413 0.018592006 0.989355505
1413393947355760384.000000 0.307826191 -0.135158285 -0.938632250 -0.138856709 0.076681264 0.026372325 0.986986995
1413393947405760512.000000 0.284431010 -0.141883507 -0.944340825 0.154367685 -0.074255742 -0.037330147 -0.984511673
1413393947455760384.000000 0.252866536 -0.147089779 -0.950313210 -0.167349413 0.067981869 0.055711325 0.981971979
1413393947505760512.000000 0.224323884 -0.156077385 -0.957189918 -0.179831386 0.059861213 0.076357126 0.978900850
1413393947555760384.000000 0.195134029 -0.164813340 -0.966436028 -0.192051083 0.052595168 0.096829109 0.975179076
1413393947605760512.000000 0.163094521 -0.171308234 -0.978027821 -0.204580188 0.045100972 0.117205359 0.970760405
1413393947655760384.000000 0.133583903 -0.177648768 -0.991495013 -0.217417508 0.034307212 0.136614084 0.965861917
1413393947705760512.000000 0.104412943 -0.181349084 -1.006706595 -0.231625751 0.018897640 0.150812075 0.960858047
1413393947755760384.000000 0.075821415 -0.178338259 -1.023943663 -0.248935789 0.002218511 0.157208487 0.955673337
1413393947805760512.000000 0.049869239 -0.175578579 -1.041996360 -0.268550634 -0.013941031 0.156265095 0.950403869
1413393947855760384.000000 0.026657201 -0.169276059 -1.060589194 -0.289400160 -0.025962239 0.150242820 0.944987178
1413393947905760512.000000 0.005056456 -0.158808544 -1.079843879 0.309513569 0.032695081 -0.143428981 -0.939446926
1413393947955760384.000000 -0.011814609 -0.144360438 -1.095324278 -0.328691572 -0.033469230 0.135609731 0.934051275
1413393948005760512.000000 -0.025814049 -0.130736247 -1.111071825 -0.349094659 -0.028198680 0.118778430 0.929101408
1413393948055760384.000000 -0.037730768 -0.116933361 -1.124244452 -0.367697030 -0.020998036 0.102126919 0.924082339
1413393948105760512.000000 -0.045098871 -0.101368055 -1.135586262 -0.383640975 -0.014585851 0.089421451 0.919027090
1413393948155760384.000000 -0.054620363 -0.089957997 -1.144166708 -0.396620542 -0.005868725 0.083409548 0.914166629
1413393948205760512.000000 -0.062651664 -0.080719292 -1.150668621 -0.407134056 0.005679783 0.081540219 0.909703732
1413393948255760384.000000 -0.067321189 -0.073582336 -1.156331182 -0.415707111 0.018719921 0.082232155 0.905579984
1413393948305760512.000000 -0.073146328 -0.069764942 -1.160170078 -0.422292739 0.034022655 0.086507797 0.901680529
1413393948355760384.000000 -0.078100234 -0.068874925 -1.163949490 -0.428644985 0.050571717 0.089933410 0.897562325
1413393948405760512.000000 -0.080795012 -0.071795106 -1.169611931 -0.435478002 0.065299533 0.091909945 0.893111110
1413393948455760384.000000 -0.085759588 -0.077991575 -1.174795508 -0.441689253 0.076094434 0.095176876 0.888854146
1413393948505760512.000000 -0.091135383 -0.087700933 -1.181004047 -0.447910070 0.081616044 0.099758945 0.884739280
1413393948555760384.000000 -0.098505989 -0.099305570 -1.187709451 0.452420980 -0.078945190 -0.109497480 -0.881528914
1413393948605760512.000000 -0.107124783 -0.114788383 -1.195636511 0.457213730 -0.066301376 -0.120120935 -0.878709733
1413393948655760384.000000 -0.114644051 -0.133744866 -1.205828190 -0.462092668 0.045951601 0.132956475 0.875603497
1413393948705760512.000000 -0.123780020 -0.153138101 -1.215607405 -0.466914922 0.024805417 0.145381659 0.871917069
1413393948755760384.000000 -0.133093104 -0.173815191 -1.225560904 -0.472237468 0.004177864 0.157483622 0.867279172
1413393948805760512.000000 -0.141141608 -0.194576889 -1.235436916 0.477536887 0.013827398 -0.170084104 -0.861881018
1413393948855760384.000000 -0.145302325 -0.218047112 -1.247733474 -0.482687294 -0.027879287 0.183665887 0.855863631
1413393948905760512.000000 -0.148627803 -0.234413743 -1.255876780 -0.489312559 -0.035737246 0.194751486 0.849333823
1413393948955760384.000000 -0.150248289 -0.249093920 -1.263420343 -0.497487605 -0.037687019 0.203137085 0.842508793
1413393949005760512.000000 -0.148710504 -0.261923909 -1.270496488 0.508788645 0.030693417 -0.205276906 -0.835495949
1413393949055760384.000000 -0.146214008 -0.272222906 -1.277230501 0.522159874 0.021667482 -0.201579973 -0.828399181
1413393949105760512.000000 -0.141229093 -0.279488504 -1.283523560 0.536399722 0.009429827 -0.196169138 -0.820794761
1413393949155760384.000000 -0.134359345 -0.285861313 -1.289608002 0.550802410 -0.003007894 -0.188805595 -0.812994599
1413393949205760512.000000 -0.127505735 -0.292922676 -1.295610905 0.564596474 -0.016467884 -0.181773692 -0.804933548
1413393949255760384.000000 -0.120990664 -0.300243914 -1.301160336 0.577322602 -0.028760504 -0.176182076 -0.796763003
1413393949305760512.000000 -0.113089532 -0.308292449 -1.306376696 0.590099096 -0.041631024 -0.168564245 -0.788439035
1413393949355760384.000000 -0.105140433 -0.314060628 -1.309044600 -0.601313949 0.053372569 0.163337722 0.780316472
1413393949405760512.000000 -0.097502224 -0.327510595 -1.313898444 -0.612212956 0.065902680 0.158512369 0.771832943
1413393949455760384.000000 -0.090411268 -0.344435573 -1.318466902 -0.621243894 0.078068830 0.156960949 0.763756931
1413393949505760512.000000 -0.085203104 -0.364805222 -1.322797537 -0.626790822 0.086776540 0.163283065 0.756929219
1413393949555760384.000000 -0.081473157 -0.387259722 -1.326638222 -0.628062785 0.087571084 0.179749116 0.752036452
1413393949605760512.000000 -0.080427349 -0.415533125 -1.331380248 -0.627148151 0.084722817 0.198913604 0.748291910
1413393949655760384.000000 -0.080298632 -0.446449339 -1.337220073 -0.624604821 0.080684520 0.217922106 0.745566070
1413393949705760512.000000 -0.081707805 -0.478990853 -1.345132828 0.620989799 -0.078432016 -0.237983182 -0.742687166
1413393949755760384.000000 -0.082805872 -0.506077588 -1.352829576 -0.618094623 0.078681648 0.257094741 0.738695264
1413393949805760512.000000 -0.084769629 -0.540563822 -1.367324591 -0.615589142 0.081185833 0.275294065 0.733942866
1413393949855760384.000000 -0.087418713 -0.574829102 -1.386258245 -0.613535106 0.086976685 0.293306023 0.727998197
1413393949905760512.000000 -0.091805540 -0.608229935 -1.410000682 0.611736357 -0.091208965 -0.309425443 -0.722298741
1413393949955760384.000000 -0.097444519 -0.635451138 -1.437553167 0.609974563 -0.094854712 -0.322600186 -0.717539430
1413393950005760512.000000 -0.102944806 -0.664939046 -1.473724604 0.610459685 -0.093963027 -0.330401510 -0.713684022
1413393950055760384.000000 -0.108762383 -0.691265404 -1.517033815 0.614944577 -0.082742758 -0.328049600 -0.712306321
1413393950105760512.000000 -0.115337774 -0.715833545 -1.565988541 0.623359382 -0.062107913 -0.315370500 -0.712816417
1413393950155760384.000000 -0.123888642 -0.736417234 -1.618085265 0.630052507 -0.037743349 -0.304710746 -0.713274717
1413393950205760512.000000 -0.132293880 -0.757267296 -1.675084233 0.635984659 -0.013251509 -0.292962670 -0.713807344
1413393950255760384.000000 -0.140930116 -0.775561512 -1.733720541 0.640776038 0.010131510 -0.281699806 -0.714106977
1413393950305760512.000000 -0.149403214 -0.790552497 -1.793243408 0.644210577 0.027674427 -0.273915529 -0.713580549
1413393950355760384.000000 -0.164696991 -0.796514392 -1.847386122 -0.645364702 -0.037333418 0.272539467 0.712624013
1413393950405760512.000000 -0.176141053 -0.805270433 -1.903644204 -0.645674825 -0.041960858 0.273624957 0.711668968
1413393950455760384.000000 -0.188427299 -0.810595989 -1.958315372 -0.646297038 -0.042740989 0.274310738 0.710793316
1413393950505760512.000000 -0.202844203 -0.812378049 -2.010707140 0.647873282 0.037718758 -0.273592353 -0.709918797
1413393950555760384.000000 -0.222871959 -0.804883718 -2.059754133 -0.650585949 -0.030291643 0.270398110 0.709017098
1413393950605760512.000000 -0.239498436 -0.799549937 -2.109641552 -0.653939247 -0.021008456 0.264334828 0.708554327
1413393950655760384.000000 -0.257721663 -0.791095257 -2.158146143 -0.657806337 -0.010240913 0.256953895 0.707927048
1413393950705760512.000000 -0.277944118 -0.780689836 -2.205289841 -0.661569774 -0.000472471 0.249164954 0.707278013
1413393950755760384.000000 -0.304955810 -0.764582872 -2.248559952 -0.664699852 0.005621568 0.242504627 0.706635714
1413393950805760512.000000 -0.330068260 -0.752727866 -2.292294502 -0.667581975 0.009612513 0.236973703 0.705751717
1413393950855760384.000000 -0.358160496 -0.739984632 -2.333885908 -0.669630647 0.012214905 0.232805088 0.705157816
1413393950905760512.000000 -0.389888644 -0.726935148 -2.373112440 0.671970427 -0.010561302 -0.228308409 -0.704428554
1413393950955760384.000000 -0.421865374 -0.713867068 -2.411391497 0.675230563 -0.004333736 -0.221797258 -0.703456461
1413393951005760512.000000 -0.453684032 -0.700603127 -2.447791100 0.677634954 0.004094142 -0.216232508 -0.702878177
1413393951055760384.000000 -0.486186206 -0.682438135 -2.482294559 -0.679336011 -0.010959174 0.213028669 0.702140510
1413393951105760512.000000 -0.515555263 -0.668502212 -2.514835835 -0.679187596 -0.012577630 0.215322852 0.701556981
1413393951155760384.000000 -0.542613685 -0.653625131 -2.545747042 -0.678531408 -0.009253360 0.218262210 0.701335251
1413393951205760512.000000 -0.567880750 -0.637996197 -2.575022221 -0.678153813 -0.005135822 0.221270904 0.700799763
1413393951255760384.000000 -0.592094898 -0.622513771 -2.602731705 0.677939713 0.000820080 -0.223954231 -0.700172544
1413393951305760512.000000 -0.612007141 -0.606497288 -2.630067825 -0.678173721 0.001836073 0.226368576 0.699166834
1413393951355760384.000000 -0.632220089 -0.590169430 -2.655831337 -0.678543031 0.003034863 0.228869408 0.697989225
1413393951405760512.000000 -0.650990963 -0.573607683 -2.680742264 -0.678892195 0.001808240 0.232020333 0.696612358
1413393951455760384.000000 -0.669599593 -0.556844711 -2.705089092 0.678981721 0.002285846 -0.235814214 -0.695248425
1413393951505760512.000000 -0.686406791 -0.541445971 -2.726420164 -0.678738236 -0.006857994 0.239677474 0.694134116
1413393951555760384.000000 -0.706482589 -0.522878647 -2.747026682 -0.678848743 -0.011078690 0.242595032 0.692956924
1413393951605760512.000000 -0.727920294 -0.502794027 -2.765625477 -0.679502428 -0.014277265 0.243897915 0.691799402
1413393951655760384.000000 -0.750409305 -0.481692791 -2.782467604 -0.681031942 -0.014911499 0.243233308 0.690514863
1413393951705760512.000000 -0.774561644 -0.459795237 -2.797528028 0.683194637 0.014826745 -0.240370661 -0.689381838
1413393951755760384.000000 -0.798996866 -0.437477589 -2.810694218 0.685702205 0.014478022 -0.236877680 -0.688107491
1413393951805760512.000000 -0.823126912 -0.413877249 -2.822150707 0.687926888 0.011642712 -0.234766752 -0.686662734
1413393951855760384.000000 -0.838308513 -0.392360210 -2.833799124 -0.689960897 -0.008227529 0.233849227 0.684982419
1413393951905760512.000000 -0.859863877 -0.367120743 -2.842516899 -0.691921949 -0.005342305 0.233254969 0.683233202
1413393951955760384.000000 -0.879413962 -0.341891050 -2.850177526 -0.693613291 -0.003000244 0.233611017 0.681408525
1413393952005760512.000000 -0.900019884 -0.313004971 -2.857209206 0.695437491 0.001062617 -0.233682647 -0.679527819
1413393952055760384.000000 -0.914471090 -0.287694693 -2.864887238 -0.697321773 0.000469205 0.233602583 0.677622378
1413393952105760512.000000 -0.928413272 -0.259706736 -2.870265245 -0.698558629 0.003603107 0.234423593 0.676053584
1413393952155760384.000000 -0.938905418 -0.231958866 -2.875736475 -0.700450301 0.004533386 0.233818486 0.674298048
1413393952205760512.000000 -0.945744157 -0.204640150 -2.880717039 0.701393962 -0.007010477 -0.235557467 -0.672688723
1413393952255760384.000000 -0.946534872 -0.180842876 -2.887111664 0.702368021 -0.010051894 -0.236927137 -0.671151102
1413393952305760512.000000 -0.946849823 -0.154266119 -2.892327070 0.702493012 -0.011896450 -0.238195717 -0.670540810
1413393952355760384.000000 -0.944066226 -0.128257751 -2.897229433 0.701168418 -0.013938344 -0.238357097 -0.671829224
1413393952405760512.000000 -0.937882662 -0.102801561 -2.903577089 0.698553801 -0.014396016 -0.237481087 -0.674846709
1413393952455760384.000000 -0.933838785 -0.076529741 -2.907533407 0.695648432 -0.013742211 -0.233891040 -0.679102004
1413393952505760512.000000 -0.929601312 -0.050457001 -2.910633564 0.691066802 -0.012316906 -0.230854109 -0.684822202
1413393952555760384.000000 -0.924936831 -0.024542093 -2.913434505 0.685475945 -0.010241694 -0.227908060 -0.691430211
1413393952605760512.000000 -0.913584650 0.003286123 -2.917783260 -0.679662764 0.008431295 0.223698080 0.698531806
1413393952655760384.000000 -0.908125758 0.029323578 -2.918771505 -0.672517776 0.007014730 0.220414236 0.706461847
1413393952705760512.000000 -0.901928604 0.055146933 -2.918673515 -0.665020406 0.006117723 0.216735274 0.714658260
1413393952755760384.000000 -0.896566033 0.080988169 -2.917870998 0.656668782 -0.005667276 -0.214780316 -0.722927034
1413393952805760512.000000 -0.887863457 0.106215477 -2.915518284 -0.649174631 0.005462838 0.212768644 0.730254710
1413393952855760384.000000 -0.881604910 0.131283998 -2.913300991 -0.642269552 0.005775732 0.211833909 0.736602247
1413393952905760512.000000 -0.874676704 0.155786991 -2.910698175 -0.635427117 0.009655075 0.214068875 0.741831422
1413393952955760384.000000 -0.866750658 0.180027008 -2.908098936 0.628510475 -0.013855128 -0.218446761 -0.746366978
1413393953005760512.000000 -0.855426431 0.204339504 -2.904567003 -0.622534394 0.018085655 0.223427311 0.749802709
1413393953055760384.000000 -0.847071171 0.229250669 -2.902368307 -0.617272258 0.021880636 0.227799281 0.752730906
1413393953105760512.000000 -0.839640737 0.254518270 -2.900656462 -0.613117218 0.025187390 0.231552467 0.754875064
1413393953155760384.000000 -0.835872293 0.280164242 -2.898534536 -0.609985650 0.027614703 0.234693483 0.756355762
1413393953205760512.000000 -0.840084136 0.302929878 -2.892762423 -0.607479751 0.029944085 0.236913726 0.757590652
1413393953255760384.000000 -0.845411837 0.329896212 -2.889365673 -0.605423272 0.032544244 0.239316717 0.758374035
1413393953305760512.000000 -0.852826595 0.357643604 -2.886499882 -0.602808654 0.036517050 0.243691057 0.758882642
1413393953355760384.000000 -0.860280573 0.385306835 -2.885235548 -0.601320982 0.040995762 0.246355742 0.758973777
1413393953405760512.000000 -0.866476178 0.409187794 -2.887229443 -0.601226211 0.046056248 0.246730894 0.758636832
1413393953455760384.000000 -0.868984997 0.437689066 -2.892693281 -0.601636052 0.049838498 0.246018350 0.758304119
1413393953505760512.000000 -0.867873311 0.466020107 -2.902263880 -0.604405105 0.051435322 0.239991039 0.757926881
1413393953555760384.000000 -0.862771153 0.495369911 -2.917413712 0.608902335 -0.050667364 -0.230746150 -0.757249713
1413393953605760512.000000 -0.862279117 0.517925501 -2.930633068 -0.614864886 0.045988861 0.218107596 0.756475627
1413393953655760384.000000 -0.856781900 0.544217587 -2.947790384 -0.619642973 0.041370433 0.207843885 0.755732834
1413393953705760512.000000 -0.851427555 0.568658113 -2.965391636 -0.624243081 0.038174320 0.198161811 0.754715323
1413393953755760384.000000 -0.848252654 0.590859413 -2.981940985 -0.627910316 0.036838673 0.190635979 0.753677309
1413393953805760512.000000 -0.849260926 0.606417894 -2.995954990 -0.629726827 0.036582068 0.185569525 0.753438711
1413393953855760384.000000 -0.849916160 0.625830650 -3.009970903 -0.629668891 0.036277026 0.181653351 0.754455507
1413393953905760512.000000 -0.853220403 0.642815590 -3.022114038 -0.627515554 0.037043426 0.179349914 0.756760061
1413393953955760384.000000 -0.859658182 0.655548573 -3.032405138 0.623746395 -0.034641299 -0.178995550 -0.760066509
1413393954005760512.000000 -0.867180824 0.667802572 -3.041614294 0.618011951 -0.027290951 -0.182752281 -0.764145255
1413393954055760384.000000 -0.874176025 0.677991152 -3.049968719 0.611389399 -0.020246955 -0.185835719 -0.768933177
1413393954105760512.000000 -0.882302284 0.687452078 -3.055571079 -0.603412509 0.012988717 0.192026138 0.773854494
1413393954155760384.000000 -0.887890697 0.695625305 -3.062566757 -0.594799578 0.002809096 0.197981149 0.779107928
1413393954205760512.000000 -0.892301857 0.703550816 -3.068580151 -0.585057795 -0.007418942 0.204618216 0.784718871
1413393954255760384.000000 -0.894908190 0.712059736 -3.073761225 -0.574334443 -0.017103450 0.210793525 0.790830910
1413393954305760512.000000 -0.895901084 0.722984791 -3.078395605 -0.563472331 -0.025046056 0.214651868 0.797368407
1413393954355760384.000000 -0.894802272 0.734667540 -3.082071304 -0.552239299 -0.031618085 0.216997683 0.804328322
1413393954405760512.000000 -0.892395556 0.748546124 -3.084630966 -0.540845215 -0.036894258 0.216830820 0.811855674
1413393954455760384.000000 -0.888730943 0.765019417 -3.085844517 -0.529052556 -0.040669955 0.214852542 0.819931626
1413393954505760512.000000 -0.884066105 0.785650253 -3.085587025 -0.517170846 -0.043534834 0.210973665 0.828329206
1413393954555760384.000000 -0.877966285 0.806400895 -3.084068775 -0.504902124 -0.046800882 0.206959352 0.836690784
1413393954605760512.000000 -0.870751262 0.829501271 -3.081430912 -0.493010074 -0.048719641 0.203237340 0.844548464
1413393954655760384.000000 -0.862404823 0.855459213 -3.077433825 0.482256800 0.049708858 -0.198311150 -0.851839304
1413393954705760512.000000 -0.853700876 0.887947679 -3.070061207 -0.472693801 -0.051774558 0.194529340 0.857926786
1413393954755760384.000000 -0.843963027 0.920188069 -3.062859297 -0.464756608 -0.053444110 0.191581085 0.862810373
1413393954805760512.000000 -0.833898485 0.955058336 -3.053939819 -0.457733333 -0.054872565 0.189273730 0.866974473
1413393954855760384.000000 -0.823016703 0.992765188 -3.043234587 -0.452288061 -0.056238953 0.187037885 0.870223880
1413393954905760512.000000 -0.810862541 1.036078691 -3.027090549 -0.448019505 -0.057454094 0.184679627 0.872852266
1413393954955760384.000000 -0.797955990 1.079480648 -3.012799978 -0.445438564 -0.055960502 0.181111142 0.875015259
1413393955005760512.000000 -0.783028185 1.125547767 -2.996570349 -0.444391906 -0.050000291 0.175800696 0.876989186
1413393955055760384.000000 -0.766276479 1.173771501 -2.978250504 -0.443740934 -0.040604111 0.167700469 0.879387200
1413393955105760512.000000 -0.749291241 1.224416375 -2.956403017 -0.442107230 -0.032486793 0.160378277 0.881909668
1413393955155760384.000000 -0.732268512 1.274812102 -2.933712244 -0.439966559 -0.024980225 0.152849555 0.884557784
1413393955205760512.000000 -0.714996696 1.325696826 -2.909293652 -0.435851216 -0.016753040 0.150045320 0.887265146
1413393955255760384.000000 -0.697296619 1.376640201 -2.883548021 -0.429797858 -0.009592382 0.150078267 0.890313625
1413393955305760512.000000 -0.678641737 1.427165866 -2.852929831 -0.423310339 -0.002681361 0.151093110 0.893292844
1413393955355760384.000000 -0.660604537 1.478024960 -2.825636148 -0.415523291 0.001014431 0.150826633 0.896989822
1413393955405760512.000000 -0.642236114 1.528706074 -2.798060894 -0.406972855 0.003370160 0.148629397 0.901260853
1413393955455760384.000000 -0.622159839 1.579585195 -2.770287752 -0.397635937 0.008039059 0.141963378 0.906458795
1413393955505760512.000000 -0.603687882 1.631243229 -2.739455462 -0.386285633 0.014794600 0.133233950 0.912586033
1413393955555760384.000000 -0.583314121 1.680375576 -2.711989641 -0.373411506 0.022594228 0.122628741 0.919247329
1413393955605760512.000000 -0.564790070 1.728234291 -2.684403181 -0.359949946 0.030020367 0.107787706 0.926237941
1413393955655760384.000000 -0.549454927 1.774698853 -2.656428337 -0.346425056 0.034624834 0.091409922 0.932971120
1413393955705760512.000000 -0.538687944 1.821607471 -2.626942873 -0.335131556 0.033051644 0.073118560 0.938748181
1413393955755760384.000000 -0.529119134 1.864585638 -2.599063396 -0.326391488 0.028053476 0.053432714 0.943306208
1413393955805760512.000000 -0.522560596 1.904518843 -2.570951462 -0.318935573 0.021234531 0.035210095 0.946884155
1413393955855760384.000000 -0.518949449 1.941193104 -2.541908026 -0.312326401 0.011643310 0.021738658 0.949654818
1413393955905760512.000000 -0.520653367 1.971796989 -2.507399797 -0.304286391 0.002033613 0.018310379 0.952402472
1413393955955760384.000000 -0.518109083 2.000056982 -2.475943565 -0.292737633 -0.004388574 0.026810663 0.955806792
1413393956005760512.000000 -0.514175594 2.024776936 -2.443267584 -0.280611306 -0.008731686 0.039763141 0.958957791
1413393956055760384.000000 -0.508165419 2.046898365 -2.409490347 -0.268276781 -0.010087534 0.052795812 0.961841166
1413393956105760512.000000 -0.499768674 2.067200899 -2.373522282 -0.256622314 -0.009331561 0.063902549 0.964351833
1413393956155760384.000000 -0.490715027 2.085764885 -2.338124752 -0.244774118 -0.008330535 0.071578681 0.966898561
1413393956205760512.000000 -0.480405509 2.103363276 -2.301970720 -0.232637554 -0.006695897 0.075480901 0.969606996
1413393956255760384.000000 -0.467887759 2.120612860 -2.265562534 -0.221093416 -0.000517377 0.073725566 0.972461879
1413393956305760512.000000 -0.452276289 2.138189077 -2.228819370 -0.209194526 0.007148153 0.068068504 0.975475967
1413393956355760384.000000 -0.437565714 2.154825211 -2.192045927 -0.196265623 0.016417379 0.061200220 0.978501320
1413393956405760512.000000 -0.422405154 2.170687675 -2.155831575 -0.182658747 0.025070274 0.053385030 0.981405795
1413393956455760384.000000 -0.407406420 2.185422182 -2.120185614 -0.168184146 0.032544818 0.045273472 0.984177470
1413393956505760512.000000 -0.392038345 2.198935032 -2.088271856 -0.151854977 0.036001414 0.038374975 0.987001240
1413393956555760384.000000 -0.378883511 2.211643457 -2.053390741 -0.134412065 0.035549287 0.032810077 0.989744008
1413393956605760512.000000 -0.366566628 2.223278761 -2.019428492 -0.115971558 0.032830842 0.028021445 0.992314279
1413393956655760384.000000 -0.354898065 2.233978748 -1.986166239 -0.096756034 0.027328618 0.022928229 0.994668663
1413393956705760512.000000 -0.342383444 2.239182949 -1.953365922 -0.078047931 0.019592578 0.018581701 0.996583939
1413393956755760384.000000 -0.332498521 2.248625040 -1.920905113 -0.059190717 0.010896201 0.013989759 0.998089254
1413393956805760512.000000 -0.322132528 2.257200003 -1.889215112 -0.040032934 0.004585343 0.009501838 0.999142706
1413393956855760384.000000 -0.311316580 2.265393496 -1.858442664 0.020728763 0.000165799 -0.007206985 -0.999759197
1413393956905760512.000000 -0.298576087 2.270991325 -1.833974838 -0.001230463 -0.002750530 0.005441311 0.999980688
1413393956955760384.000000 -0.287255883 2.279171705 -1.802728653 0.018033283 -0.004303996 0.004131780 0.999819636
1413393957005760512.000000 -0.275578469 2.287605047 -1.771552563 0.036034927 -0.005465042 0.000466547 0.999335527
1413393957055760384.000000 -0.263564646 2.295761108 -1.741000295 0.054121144 -0.007017499 -0.004086224 0.998501360
1413393957105760512.000000 -0.247219279 2.300693512 -1.713325858 0.071304642 -0.008575415 -0.012999571 0.997333050
1413393957155760384.000000 -0.234194174 2.310236454 -1.681568980 0.088913977 -0.009144571 -0.022656498 0.995739579
1413393957205760512.000000 -0.220334604 2.319330215 -1.649051905 0.107772581 -0.008873382 -0.032114126 0.993617237
1413393957255760384.000000 -0.206036478 2.328512907 -1.616531849 0.127446353 -0.008989187 -0.041392479 0.990940630
1413393957305760512.000000 -0.191135257 2.338463783 -1.588237405 0.147754923 -0.010188965 -0.050681893 0.987672031
1413393957355760384.000000 -0.176098451 2.347337484 -1.555562377 0.168126076 -0.009781120 -0.059279591 0.983932912
1413393957405760512.000000 -0.161202028 2.356290102 -1.522399545 0.187498271 -0.009031766 -0.067409389 0.979907572
1413393957455760384.000000 -0.145072252 2.365515471 -1.488355637 -0.206779942 0.006258723 0.074526265 -0.975524843
1413393957505760512.000000 -0.131562531 2.378242731 -1.459022880 0.224713519 -0.003498586 -0.081734098 0.970984638
1413393957555760384.000000 -0.119889498 2.386715889 -1.423897743 0.242507920 -0.000414909 -0.087692402 0.966177940
1413393957605760512.000000 -0.110988796 2.395084381 -1.388450742 0.260600716 0.003366818 -0.093471810 0.960905373
1413393957655760384.000000 -0.105366498 2.404001713 -1.353205085 0.279313475 0.009391680 -0.097685173 0.955171943
1413393957705760512.000000 -0.103473708 2.416588545 -1.317960978 0.298049688 0.017838955 -0.102329843 0.948881924
1413393957755760384.000000 -0.103156865 2.425693035 -1.281844974 0.316547155 0.024532968 -0.107731491 0.942119956
1413393957805760512.000000 -0.105467141 2.435577631 -1.246029973 0.333066404 0.030625746 -0.117333561 0.935073137
1413393957855760384.000000 -0.110133827 2.445803881 -1.210998058 0.348320842 0.034530893 -0.129149318 0.927793503
1413393957905760512.000000 -0.116700679 2.461971283 -1.178641796 0.361408293 0.036972564 -0.142777115 0.920669198
1413393957955760384.000000 -0.122811377 2.473990679 -1.147767305 0.372553647 0.038006771 -0.158617273 0.913564324
1413393958005760512.000000 -0.127900898 2.486203194 -1.119888186 0.381436914 0.035745155 -0.173385412 0.907284796
1413393958055760384.000000 -0.131133139 2.497573137 -1.094560623 0.389003813 0.031747725 -0.185668364 0.901773512
1413393958105760512.000000 -0.129740000 2.513665438 -1.078685403 0.395979345 0.027588231 -0.193094909 0.897303581
1413393958155760384.000000 -0.126013786 2.521423817 -1.061444998 0.402679116 0.022934664 -0.196467713 0.893713593
1413393958205760512.000000 -0.118295282 2.525959015 -1.047263145 0.408383280 0.019837055 -0.198152408 0.890822768
1413393958255760384.000000 -0.107532084 2.528253555 -1.035743952 0.414736658 0.016598286 -0.194396868 0.888778865
1413393958305760512.000000 -0.095043927 2.527468204 -1.026530981 0.420505911 0.011003908 -0.188271716 0.887472570
1413393958355760384.000000 -0.081123203 2.525285959 -1.019270182 0.425963968 0.004520718 -0.179361239 0.886771619
1413393958405760512.000000 -0.068415493 2.522231579 -1.012641907 0.429410011 -0.002525152 -0.173115507 0.886358678
1413393958455760384.000000 -0.058101982 2.518584251 -1.005800962 0.431427360 -0.008306638 -0.169215471 0.886096776
1413393958505760512.000000 -0.050393671 2.514403343 -0.998117566 0.431985587 -0.015596430 -0.167682201 0.886018038
1413393958555760384.000000 -0.039460689 2.518372059 -0.996336699 0.431031138 -0.023873536 -0.168286607 0.886183918
1413393958605760512.000000 -0.037587434 2.514525652 -0.986905694 0.429681301 -0.031836484 -0.170039847 0.886254430
1413393958655760384.000000 -0.038084835 2.510418177 -0.976243377 0.427855015 -0.038260411 -0.172267452 0.886453748
1413393958705760512.000000 -0.040308893 2.505202770 -0.964015961 0.426053286 -0.042925384 -0.174203828 0.886729419
1413393958755760384.000000 -0.045764148 2.499103308 -0.947493792 0.425136149 -0.041883346 -0.173384324 0.887379825
1413393958805760512.000000 -0.050919592 2.491432190 -0.931570172 0.424635828 -0.035720751 -0.171139374 0.888324142
1413393958855760384.000000 -0.057385623 2.482635021 -0.914483428 0.424355477 -0.027552349 -0.168123111 0.889324486
1413393958905760512.000000 -0.066189349 2.472784042 -0.896192908 0.423848361 -0.019357529 -0.165533245 0.890267730
1413393958955760384.000000 -0.066930056 2.454775810 -0.874055088 0.423377484 -0.013846034 -0.162477002 0.891157150
1413393959005760512.000000 -0.079924196 2.443595409 -0.853816032 0.423669159 -0.008922993 -0.157094523 0.892046094
1413393959055760384.000000 -0.094318718 2.432025433 -0.833375037 0.425288290 -0.005817881 -0.147635698 0.892916441
1413393959105760512.000000 -0.109830201 2.420678139 -0.812642574 0.427441359 -0.003494739 -0.136843100 0.893619478
1413393959155760384.000000 -0.124994695 2.406431437 -0.787095070 0.429523498 0.000198160 -0.126899049 0.894095182
1413393959205760512.000000 -0.138994247 2.397712946 -0.766213357 0.430019826 0.006027247 -0.121716499 0.894556761
1413393959255760384.000000 -0.151815563 2.390575409 -0.745410740 0.428058803 0.012661394 -0.122925520 0.895262361
1413393959305760512.000000 -0.165917784 2.385514021 -0.725096464 0.425281346 0.013481315 -0.127240002 0.895971060
1413393959355760384.000000 -0.177923977 2.381259203 -0.704687178 0.422094196 0.012144638 -0.132662505 0.896710515
1413393959405760512.000000 -0.185226232 2.366952658 -0.678886294 0.419594079 0.009894326 -0.138098836 0.897090733
1413393959455760384.000000 -0.194962353 2.364474773 -0.660053372 0.417416215 0.007919397 -0.141892120 0.897534251
1413393959505760512.000000 -0.203083068 2.362510443 -0.642123222 0.415569156 0.009539378 -0.144726336 0.897922933
1413393959555760384.000000 -0.208924145 2.357917786 -0.623461485 0.415012568 0.012494132 -0.145436853 0.898029327
1413393959605760512.000000 -0.214308918 2.359448910 -0.609037757 0.415956229 0.024442727 -0.141865060 0.897918344
1413393959655760384.000000 -0.219351679 2.354343653 -0.592606664 0.417678058 0.042033259 -0.135979623 0.897378325
1413393959705760512.000000 -0.222375274 2.355932713 -0.580779612 0.419435084 0.055275459 -0.129952624 0.896733642
1413393959755760384.000000 -0.225862384 2.359596729 -0.571193278 0.420289934 0.065595053 -0.125887737 0.896217644
1413393959805760512.000000 -0.231310278 2.365511656 -0.563419819 0.419389248 0.065038487 -0.127274245 0.896484196
1413393959855760384.000000 -0.237850279 2.372524261 -0.558661163 0.417307407 0.052613210 -0.132214949 0.897555411
1413393959905760512.000000 -0.244760484 2.382470846 -0.555328548 0.414347172 0.039627314 -0.138874650 0.898587704
1413393959955760384.000000 -0.251343846 2.393579960 -0.553922594 0.411229104 0.026305899 -0.146468014 0.899302959
1413393960005760512.000000 -0.267141700 2.398652077 -0.549111605 0.408853799 0.014285801 -0.151720271 0.899786353
1413393960055760384.000000 -0.272332668 2.409712076 -0.550390780 0.406496525 0.003624704 -0.156801060 0.900089383
1413393960105760512.000000 -0.276531577 2.420253277 -0.552600563 0.404467553 -0.005113625 -0.161374241 0.900187910
1413393960155760384.000000 -0.280216187 2.429571390 -0.555165350 0.402511597 -0.014691740 -0.165911496 0.900134385
1413393960205760512.000000 -0.289301872 2.435451984 -0.554556906 0.400432557 -0.023952685 -0.169998378 0.900100350
1413393960255760384.000000 -0.292739034 2.442019701 -0.556619465 0.398094296 -0.036386494 -0.175206438 0.899721980
1413393960305760512.000000 -0.295102447 2.446352482 -0.558180511 0.396572828 -0.044182841 -0.178529799 0.899391472
1413393960355760384.000000 -0.296052873 2.447875977 -0.558704019 0.396629423 -0.046139553 -0.179116607 0.899151564
1413393960405760512.000000 -0.294582665 2.446197987 -0.558895230 0.399599940 -0.039171781 -0.177112877 0.898563564
1413393960455760384.000000 -0.292894244 2.441557646 -0.558422089 0.404632270 -0.029805329 -0.174474433 0.897186220
1413393960505760512.000000 -0.293004215 2.434891939 -0.556736529 0.411647290 -0.020094525 -0.172425047 0.894657671
1413393960555760384.000000 -0.297421575 2.426898241 -0.553673565 0.420203358 -0.013417298 -0.172637939 0.890755475
1413393960605760512.000000 -0.307343781 2.418001413 -0.549094975 0.430990398 -0.007860879 -0.173845008 0.885417104
1413393960655760384.000000 -0.329444826 2.407853842 -0.540482223 0.443212062 -0.002708527 -0.175898597 0.878985465
1413393960705760512.000000 -0.350858778 2.397828579 -0.533036351 0.456201822 -0.000635260 -0.179613471 0.871560991
1413393960755760384.000000 -0.377393246 2.387264252 -0.524376631 0.469446778 -0.000484706 -0.184444398 0.863481224
1413393960805760512.000000 -0.407476008 2.376887560 -0.515030980 0.482881039 -0.001848718 -0.189632446 0.854904771
1413393960855760384.000000 -0.437772393 2.364059448 -0.504698634 0.493501067 -0.008539939 -0.197005153 0.847096622
1413393960905760512.000000 -0.470278740 2.353450298 -0.495318055 0.501821578 -0.018151959 -0.205396727 0.840034425
1413393960955760384.000000 -0.500240326 2.341561556 -0.486409903 0.509929419 -0.027955854 -0.209236622 0.833912790
1413393961005760512.000000 -0.527536273 2.327417850 -0.477636218 0.516183674 -0.036895320 -0.212163419 0.828963161
1413393961055760384.000000 -0.537413776 2.313979626 -0.472488284 0.521577418 -0.040206809 -0.214140996 0.824914634
1413393961105760512.000000 -0.556434810 2.296710968 -0.464281559 0.526320755 -0.035836712 -0.213664949 0.822222352
1413393961155760384.000000 -0.570621431 2.276827574 -0.456171870 0.530358791 -0.027816232 -0.211442426 0.820510805
1413393961205760512.000000 -0.584108055 2.256722212 -0.448080301 0.535344541 -0.017604066 -0.204356417 0.819350243
1413393961255760384.000000 -0.582443237 2.228878260 -0.443171620 0.542984188 -0.001515410 -0.185898349 0.818906367
1413393961305760512.000000 -0.584383130 2.208628654 -0.438328028 0.551024199 0.016040085 -0.163996890 0.818058729
1413393961355760384.000000 -0.581021428 2.190052032 -0.435022593 0.559234023 0.034527283 -0.139527529 0.816454053
1413393961405760512.000000 -0.578925312 2.172084332 -0.431126118 0.564524174 0.051020756 -0.122551814 0.814672053
1413393961455760384.000000 -0.561051488 2.158570290 -0.430765986 0.566256106 0.062058143 -0.115398958 0.813748062
1413393961505760512.000000 -0.548990607 2.150643110 -0.429244161 0.564319432 0.062172793 -0.121438026 0.814205766
1413393961555760384.000000 -0.534710944 2.148969650 -0.429234385 0.559154034 0.058386195 -0.135887027 0.815765023
1413393961605760512.000000 -0.517007291 2.153670311 -0.432962894 0.553834558 0.048741858 -0.151425883 0.817289293
1413393961655760384.000000 -0.497325838 2.164251804 -0.438547850 0.547275305 0.035920523 -0.169502646 0.818821371
1413393961705760512.000000 -0.471777439 2.172139645 -0.446114779 0.543555677 0.029215418 -0.179604560 0.819411993
1413393961755760384.000000 -0.439888656 2.181174040 -0.456930637 0.541619658 0.029138140 -0.184421062 0.819626808
1413393961805760512.000000 -0.411093682 2.189789057 -0.465001106 0.539156854 0.023238696 -0.189840257 0.820201576
1413393961855760384.000000 -0.372004032 2.217196465 -0.488380790 0.537433326 0.018776176 -0.193730175 0.820537388
1413393961905760512.000000 -0.333615422 2.227948189 -0.504532218 0.535714686 0.013144162 -0.197652027 0.820835412
1413393961955760384.000000 -0.292161047 2.238784552 -0.523007870 0.534448981 0.008434040 -0.201263279 0.820844889
1413393962005760512.000000 -0.247763753 2.252297640 -0.544372201 0.532836914 0.002741833 -0.205060780 0.820991755
1413393962055760384.000000 -0.199145973 2.272177935 -0.570820928 0.531940520 -0.003317010 -0.207839832 0.820872068
1413393962105760512.000000 -0.147532701 2.280700207 -0.595063448 0.530966461 -0.008060739 -0.211384162 0.820564687
1413393962155760384.000000 -0.092952371 2.287491083 -0.620589018 0.529843867 -0.014005695 -0.213996649 0.820533276
1413393962205760512.000000 -0.033626080 2.294691801 -0.648389101 0.529429495 -0.019010168 -0.216297001 0.820096791
1413393962255760384.000000 0.037140846 2.318538666 -0.688384771 0.528909385 -0.022591753 -0.218564838 0.819740176
1413393962305760512.000000 0.099594593 2.320370197 -0.716937780 0.528046548 -0.026851369 -0.220920756 0.819536388
1413393962355760384.000000 0.160862446 2.320552826 -0.745239019 0.526366591 -0.032998588 -0.225491628 0.819147646
1413393962405760512.000000 0.219253480 2.319036007 -0.772115111 0.523846805 -0.040498745 -0.231137753 0.818852723
1413393962455760384.000000 0.268391132 2.328115225 -0.799603581 0.518997133 -0.050925933 -0.238445774 0.819263220
1413393962505760512.000000 0.316679418 2.323423386 -0.821581602 0.512854695 -0.061491620 -0.244835332 0.820520937
1413393962555760384.000000 0.360038549 2.316174030 -0.840616822 -0.505092978 0.070659980 0.249677181 -0.823134065
1413393962605760512.000000 0.393889099 2.312527895 -0.857690692 0.496264219 -0.074810036 -0.252527893 0.827257514
1413393962655760384.000000 0.429950058 2.299428225 -0.871912241 0.486058116 -0.073651873 -0.254081160 0.832926035
1413393962705760512.000000 0.464403689 2.281919479 -0.883928776 0.474602371 -0.067409940 -0.253743976 0.840132415
1413393962755760384.000000 0.497338563 2.261813641 -0.895269036 -0.462658018 0.056337468 0.250474006 -0.848549664
1413393962805760512.000000 0.521048725 2.240381241 -0.902446747 0.449111789 -0.041427683 -0.246630400 0.857762098
1413393962855760384.000000 0.550636351 2.211440086 -0.911383510 -0.433527261 0.026389154 0.242613479 -0.867465556
1413393962905760512.000000 0.578321815 2.179219007 -0.920261383 -0.417285949 0.010206756 0.237404197 -0.877158821
1413393962955760384.000000 0.601877809 2.145972013 -0.929579020 0.399622232 0.003627630 -0.231142566 0.887052476
1413393963005760512.000000 0.612551928 2.111281872 -0.937071204 0.381200045 0.014336433 -0.223564237 0.896939278
1413393963055760384.000000 0.629175305 2.072232246 -0.948157847 0.362508982 0.023061737 -0.214497507 0.906667709
1413393963105760512.000000 0.642676771 2.030823708 -0.960422456 0.343209386 0.031916037 -0.205423102 0.915964067
1413393963155760384.000000 0.645039022 1.987568736 -0.972001195 0.324945778 0.038936101 -0.193399787 0.924927413
1413393963205760512.000000 0.650370538 1.942326069 -0.987818182 0.308446229 0.042435773 -0.177676409 0.933537006
1413393963255760384.000000 0.652267098 1.895670891 -1.005604625 0.292665601 0.045483597 -0.160282522 0.941587806
1413393963305760512.000000 0.649552822 1.848362684 -1.025524139 0.276803702 0.047126386 -0.144299477 0.948860645
1413393963355760384.000000 0.638688803 1.796899199 -1.040630102 0.259955734 0.048102334 -0.130393907 0.955566168
1413393963405760512.000000 0.630153716 1.747874379 -1.061999798 0.242475271 0.047317598 -0.118992679 0.961669147
1413393963455760384.000000 0.617886126 1.699140429 -1.084108710 0.224185452 0.045966450 -0.109918870 0.967236161
1413393963505760512.000000 0.604319930 1.648701668 -1.107248664 0.207218751 0.045094475 -0.099903569 0.972134888
1413393963555760384.000000 0.579432249 1.595073104 -1.125818014 0.190902457 0.044019580 -0.091000430 0.976390064
1413393963605760512.000000 0.560127616 1.544669509 -1.150221109 0.175070018 0.044489253 -0.082508601 0.980083466
1413393963655760384.000000 0.538421094 1.494056821 -1.175525308 0.159689084 0.045679327 -0.075741969 0.983196855
1413393963705760512.000000 0.513694763 1.442738891 -1.201090336 -0.144603088 -0.047437206 0.069565080 -0.985900819
1413393963755760384.000000 0.478322983 1.387746096 -1.221988797 0.129197702 0.048788011 -0.064944789 0.988286376
1413393963805760512.000000 0.449118137 1.336906791 -1.249917507 0.113641344 0.049624097 -0.061690189 0.990362287
1413393963855760384.000000 0.415764898 1.286263227 -1.278733015 0.098182969 0.048312716 -0.059013430 0.992241621
1413393963905760512.000000 0.375454962 1.231091022 -1.303594589 0.082501732 0.046443798 -0.056353476 0.993911862
1413393963955760384.000000 0.336960077 1.179753065 -1.334082007 0.066464178 0.042607158 -0.054438721 0.995391190
1413393964005760512.000000 0.295539975 1.127596140 -1.364978552 0.051043537 0.038291279 -0.051932577 0.996609986
1413393964055760384.000000 0.249031037 1.071946144 -1.391796470 0.035611071 0.035541635 -0.048468865 0.997556746
1413393964105760512.000000 0.203686103 1.017848134 -1.424144983 0.020722218 0.033816002 -0.043448381 0.998268247
1413393964155760384.000000 0.155942500 0.962758064 -1.456236124 0.007214568 0.032209385 -0.035028040 0.998841107
1413393964205760512.000000 0.106471784 0.906278729 -1.488195062 0.005519101 -0.031832691 0.024622323 -0.999174654
1413393964255760384.000000 0.056209598 0.848301709 -1.515349388 -0.017948918 0.030732237 -0.012559141 0.999287546
1413393964305760512.000000 0.007242301 0.791451991 -1.549347997 -0.029719569 0.028301932 -0.000097357 0.999157548
1413393964355760384.000000 -0.040703043 0.734610021 -1.584143758 -0.041692987 0.026016202 0.009615258 0.998745441
1413393964405760512.000000 -0.088168055 0.677784383 -1.618159056 0.053621341 -0.024022549 -0.020344054 -0.998065054
1413393964455760384.000000 -0.134712890 0.621162772 -1.648768187 -0.065278009 0.022598684 0.029604470 0.997171879
1413393964505760512.000000 -0.179230198 0.565942168 -1.685731292 -0.076514311 0.020960748 0.038219575 0.996115267
1413393964555760384.000000 -0.222304493 0.511769056 -1.723614693 -0.087310702 0.021322548 0.047717120 0.994809210
1413393964605760512.000000 -0.264754564 0.459057331 -1.762055635 -0.097461253 0.021193556 0.057548478 0.993348122
1413393964655760384.000000 -0.306313902 0.409074575 -1.795943141 -0.107391268 0.022309126 0.067496181 0.991672158
1413393964705760512.000000 -0.346065581 0.360088825 -1.835974574 -0.118110813 0.024727345 0.075344935 0.989829123
1413393964755760384.000000 -0.385125339 0.313418001 -1.876791954 -0.127942562 0.024749039 0.084758677 0.987843275
1413393964805760512.000000 -0.424014062 0.269330740 -1.917029500 0.137471721 -0.022540327 -0.094633304 -0.985717058
1413393964855760384.000000 -0.460807294 0.230186492 -1.957603455 -0.147065565 0.018073527 0.102960005 0.983587563
1413393964905760512.000000 -0.498032212 0.191996843 -2.000962019 -0.157047808 0.010993058 0.112542227 0.981096029
1413393964955760384.000000 -0.534666061 0.157026678 -2.044874430 -0.165541962 0.000554644 0.124205366 0.978349984
1413393965005760512.000000 -0.570263147 0.125772998 -2.088914871 -0.172532499 -0.009951156 0.139821008 0.974978864
1413393965055760384.000000 -0.602991819 0.099459022 -2.131061792 -0.179513216 -0.019465910 0.156563908 0.971022069
1413393965105760512.000000 -0.635739923 0.077245966 -2.174552202 -0.185489267 -0.029001383 0.174949825 0.966511905
1413393965155760384.000000 -0.665792465 0.061512202 -2.217408180 -0.192283913 -0.036876619 0.191520736 0.961762369
1413393965205760512.000000 -0.693366289 0.053474233 -2.259464979 -0.200652599 -0.045146652 0.203375295 0.957255900
1413393965255760384.000000 -0.715001822 0.057339162 -2.297713757 -0.210305735 -0.057506640 0.208993345 0.953302860
1413393965305760512.000000 -0.736467183 0.064743280 -2.337990284 -0.220522180 -0.069214314 0.208293259 0.950364888
1413393965355760384.000000 -0.754931092 0.080029011 -2.375824690 -0.231562480 -0.081900589 0.199533716 0.948608160
1413393965405760512.000000 -0.769499779 0.102975100 -2.411610603 0.243585140 0.092710137 -0.181274518 -0.948267221
1413393965455760384.000000 -0.776787996 0.135189027 -2.441431284 -0.255543500 -0.100956090 0.157387152 0.948543489
1413393965505760512.000000 -0.782755852 0.169147640 -2.469021082 -0.267841935 -0.105401270 0.125708595 0.949393868
1413393965555760384.000000 -0.785216570 0.206482649 -2.490978718 -0.278904647 -0.108837761 0.092874691 0.949600399
1413393965605760512.000000 -0.785580158 0.245421648 -2.506893635 0.286969125 0.108635083 -0.066266909 -0.949450314
1413393965655760384.000000 -0.779385149 0.285530090 -2.514333725 -0.292851359 -0.106544361 0.045139801 0.949130535
1413393965705760512.000000 -0.773104250 0.322654933 -2.517218590 -0.295692176 -0.098421954 0.034976285 0.949555635
1413393965755760384.000000 -0.763498783 0.357709229 -2.513706684 -0.295000643 -0.085032403 0.037474819 0.950967789
1413393965805760512.000000 -0.751048028 0.390988052 -2.504689455 -0.293486565 -0.066005751 0.041331146 0.952785730
1413393965855760384.000000 -0.734173894 0.423524559 -2.489860058 -0.291702926 -0.045108654 0.045421667 0.954364538
1413393965905760512.000000 -0.720978141 0.453852594 -2.472119331 -0.291173071 -0.031184455 0.045899637 0.955059767
1413393965955760384.000000 -0.709094048 0.482856095 -2.450870275 -0.293098032 -0.023424212 0.039312564 0.954986572
1413393966005760512.000000 -0.698680341 0.510045648 -2.426436663 -0.295557648 -0.019454755 0.030959414 0.954624891
1413393966055760384.000000 -0.686923921 0.535491109 -2.398725510 0.297363669 0.018192334 -0.024770124 -0.954269528
1413393966105760512.000000 -0.672939420 0.556728840 -2.369368076 0.296355188 0.015900342 -0.026772259 -0.954570055
1413393966155760384.000000 -0.656010687 0.574295998 -2.338854790 0.294653863 0.015280406 -0.032490719 -0.954929292
1413393966205760512.000000 -0.635616541 0.583964288 -2.309500217 -0.293711752 -0.014429483 0.036251131 0.955097437
1413393966255760384.000000 -0.610369027 0.595548213 -2.276538134 -0.292670190 -0.014743824 0.038781859 0.955312908
1413393966305760512.000000 -0.581165314 0.604657054 -2.242579937 -0.294227868 -0.017099604 0.033853207 0.954982519
1413393966355760384.000000 -0.546977580 0.611021161 -2.207281113 -0.296604753 -0.017203379 0.024656933 0.954526961
1413393966405760512.000000 -0.507512927 0.611206114 -2.171594143 -0.299391061 -0.012274417 0.012892808 0.953964472
1413393966455760384.000000 -0.465605259 0.609656692 -2.134597778 -0.300221831 -0.003400485 0.006534274 0.953840971
1413393966505760512.000000 -0.421957403 0.603839636 -2.096159697 -0.299176544 0.009759755 0.005085261 0.954134405
1413393966555760384.000000 -0.379585177 0.593633771 -2.056151867 -0.296409696 0.024641437 0.007080500 0.954716682
1413393966605760512.000000 -0.340261400 0.577701211 -2.016281128 -0.294018835 0.037752420 0.009622277 0.955005348
1413393966655760384.000000 -0.304058045 0.560762703 -1.974327326 -0.291868180 0.048233557 0.012366300 0.955161572
1413393966705760512.000000 -0.271590382 0.539747357 -1.932513714 -0.290152073 0.057226200 0.014876570 0.955152214
1413393966755760384.000000 -0.242229581 0.514852047 -1.890996218 -0.288904876 0.064042196 0.017292427 0.955056846
1413393966805760512.000000 -0.222536653 0.484917760 -1.848912120 -0.288032115 0.069177739 0.019083083 0.954928219
1413393966855760384.000000 -0.200305790 0.453085303 -1.808505297 -0.286979914 0.069469742 0.023467418 0.955126047
1413393966905760512.000000 -0.181799069 0.418047905 -1.768707871 -0.285043716 0.063913070 0.032484487 0.955829501
1413393966955760384.000000 -0.166367009 0.380075634 -1.730067134 -0.282355577 0.057854585 0.046419442 0.956437886
1413393967005760512.000000 -0.156190842 0.338694990 -1.691817045 -0.280281991 0.050092924 0.064361461 0.956446767
1413393967055760384.000000 -0.145472035 0.297206700 -1.654831767 -0.279289246 0.043933108 0.080231920 0.955840111
1413393967105760512.000000 -0.136623532 0.254986882 -1.618488073 -0.279272407 0.038989641 0.093236059 0.954878986
1413393967155760384.000000 -0.129426509 0.212535828 -1.583055496 -0.281073153 0.035576012 0.102251589 0.953560114
1413393967205760512.000000 -0.128580064 0.173052877 -1.547655821 -0.283656865 0.033519402 0.109913155 0.952015996
1413393967255760384.000000 -0.124194831 0.131767958 -1.514727354 -0.288861871 0.034484610 0.113738112 0.949964941
1413393967305760512.000000 -0.121998437 0.091270387 -1.482879996 -0.295690000 0.035916243 0.116708748 0.947447419
1413393967355760384.000000 -0.121873826 0.051851764 -1.451944470 -0.305199116 0.038096398 0.117264211 0.944272935
1413393967405760512.000000 -0.126916617 0.014829859 -1.421956062 -0.316259742 0.041878700 0.118245788 0.940342486
1413393967455760384.000000 -0.131851792 -0.023332164 -1.393105984 -0.328314483 0.046161234 0.121431768 0.935592413
1413393967505760512.000000 -0.138460726 -0.061178878 -1.365064383 -0.339797229 0.050119232 0.127572924 0.930457473
1413393967555760384.000000 -0.146007150 -0.098812893 -1.339125752 -0.352986306 0.051402882 0.132158950 0.924820244
1413393967605760512.000000 -0.156375825 -0.132415757 -1.312625647 -0.365760773 0.052637473 0.138510540 0.918838024
1413393967655760384.000000 -0.164493650 -0.169770628 -1.291268110 -0.378859192 0.052235343 0.145341948 0.912476301
1413393967705760512.000000 -0.171843082 -0.206299126 -1.272247553 -0.393505424 0.050903529 0.149582401 0.905641973
1413393967755760384.000000 -0.179017827 -0.242731005 -1.255692601 -0.407748312 0.048905715 0.154390946 0.898617327
1413393967805760512.000000 -0.181273207 -0.275963545 -1.244094014 -0.421457559 0.046891011 0.158798844 0.891604066
1413393967855760384.000000 -0.185158297 -0.313106179 -1.233861685 -0.434388340 0.042859230 0.163872465 0.884655714
1413393967905760512.000000 -0.187519789 -0.350143999 -1.226217389 -0.444498509 0.032987364 0.172755077 0.878344297
1413393967955760384.000000 -0.185897708 -0.385719091 -1.220670104 -0.452101707 0.020443831 0.182349876 0.872888744
1413393968005760512.000000 -0.180067852 -0.415414900 -1.215429068 -0.457133740 0.007097370 0.192241982 0.868344128
1413393968055760384.000000 -0.169885278 -0.447826326 -1.213667035 -0.463922054 -0.001530729 0.195262626 0.864087105
1413393968105760512.000000 -0.154864967 -0.477952689 -1.213513017 -0.469354033 -0.006100692 0.197052345 0.860720634
1413393968155760384.000000 -0.135606885 -0.505004883 -1.214281440 -0.473567814 -0.006945125 0.198606312 0.858044863
1413393968205760512.000000 -0.117719248 -0.532008111 -1.213809013 0.475674033 0.005884546 -0.202810988 -0.855901480
1413393968255760384.000000 -0.097085163 -0.555500865 -1.214215755 0.476338714 0.004558753 -0.208080918 -0.854273379
1413393968305760512.000000 -0.079528749 -0.570714831 -1.213635921 -0.476493835 -0.006110273 0.211122781 0.853430450
1413393968355760384.000000 -0.061493784 -0.588938653 -1.213065147 -0.478816509 -0.012373486 0.207038850 0.853063107
1413393968405760512.000000 -0.044851750 -0.604613662 -1.211478949 -0.481754780 -0.020852186 0.198787317 0.853206456
1413393968455760384.000000 -0.029486805 -0.618199825 -1.208262205 -0.484463930 -0.027501198 0.190089762 0.853466094
1413393968505760512.000000 -0.014593959 -0.629050374 -1.202621460 0.487040251 0.028833158 -0.180039451 -0.854134798
1413393968555760384.000000 -0.000645474 -0.639354825 -1.197930694 -0.489193767 -0.028420106 0.171889380 0.854596913
1413393968605760512.000000 0.009796962 -0.647333860 -1.187707663 -0.490986079 -0.029445024 0.166212931 0.854657292
1413393968655760384.000000 0.018007874 -0.654005527 -1.174870849 -0.492717236 -0.030790513 0.164146185 0.854012728
1413393968705760512.000000 0.024254620 -0.659907222 -1.159587145 -0.494510591 -0.031972338 0.166018054 0.852569699
1413393968755760384.000000 0.031471789 -0.665079117 -1.141601801 0.496836960 0.032296438 -0.168333262 -0.850749016
1413393968805760512.000000 0.033094540 -0.668622375 -1.121468067 0.501064003 0.028841494 -0.169508278 -0.848156810
1413393968855760384.000000 0.030782208 -0.672785699 -1.099097013 -0.507665634 -0.020437241 0.168384910 0.844691992
1413393968905760512.000000 0.030730441 -0.673847675 -1.074894667 -0.515457034 -0.009255318 0.168193579 0.840196013
1413393968955760384.000000 0.027995035 -0.674651265 -1.048526645 -0.523082316 0.003869863 0.172177210 0.834700465
1413393969005760512.000000 0.022758394 -0.674956143 -1.020644665 -0.530959249 0.016365489 0.178659752 0.828187943
1413393969055760384.000000 0.018082589 -0.676829755 -0.992063820 0.540259123 -0.027299693 -0.183894888 -0.820705533
1413393969105760512.000000 0.008124381 -0.680830836 -0.964852214 -0.550747693 0.035966121 0.187582999 0.812524557
1413393969155760384.000000 -0.001414582 -0.683132708 -0.937306643 -0.563148201 0.040224813 0.188244984 0.803623021
1413393969205760512.000000 -0.010953188 -0.685638785 -0.910668254 -0.575923860 0.040939663 0.189474240 0.794188440
1413393969255760384.000000 -0.019631907 -0.689135790 -0.885234594 -0.588812470 0.041354451 0.190991223 0.784290850
1413393969305760512.000000 -0.027352661 -0.702599168 -0.862651408 -0.600664020 0.039557688 0.196120322 0.774063766
1413393969355760384.000000 -0.035625920 -0.708165109 -0.838283539 -0.611471832 0.039106324 0.202617809 0.763884127
1413393969405760512.000000 -0.043113425 -0.714707136 -0.814562500 -0.620800614 0.040810935 0.211790383 0.753714681
1413393969455760384.000000 -0.049598336 -0.722398520 -0.791612685 -0.628458023 0.046431288 0.223016992 0.743739247
1413393969505760512.000000 -0.056195378 -0.736664116 -0.771978796 -0.634235620 0.055762026 0.236806601 0.733865440
1413393969555760384.000000 -0.062596962 -0.745763123 -0.752318621 -0.640993655 0.062863484 0.247744262 0.723739028
1413393969605760512.000000 -0.069544181 -0.755649030 -0.734996617 -0.646686077 0.065689296 0.259994924 0.714062214
1413393969655760384.000000 -0.075940296 -0.765354633 -0.721285462 -0.653574586 0.066838264 0.269701481 0.704012871
1413393969705760512.000000 -0.079305947 -0.783937216 -0.713864923 0.659992456 -0.065824196 -0.277963996 -0.694847643
1413393969755760384.000000 -0.082112759 -0.792792082 -0.708279967 0.665037692 -0.064610124 -0.285855830 -0.686903894
1413393969805760512.000000 -0.080741078 -0.801087856 -0.708299518 0.669190764 -0.063926272 -0.292611480 -0.680055737
1413393969855760384.000000 -0.076716155 -0.809830785 -0.713260710 0.673044026 -0.063954487 -0.297009587 -0.674319625
1413393969905760512.000000 -0.070098937 -0.816946387 -0.723801970 0.677041233 -0.063286744 -0.298155248 -0.669860721
1413393969955760384.000000 -0.059805542 -0.824918509 -0.739671528 0.682548821 -0.059935391 -0.294241548 -0.666300833
1413393970005760512.000000 -0.047187924 -0.834311962 -0.759717405 0.688135386 -0.050297003 -0.288682520 -0.663778901
1413393970055760384.000000 -0.031345189 -0.847723067 -0.783725381 0.694973707 -0.035860427 -0.277583539 -0.662323892
1413393970105760512.000000 -0.016376704 -0.857101202 -0.809576750 0.700390518 -0.019118082 -0.267677307 -0.661389828
1413393970155760384.000000 -0.001648098 -0.864145935 -0.841243804 0.703293622 -0.004673447 -0.260630131 -0.661383629
1413393970205760512.000000 0.009708345 -0.871598780 -0.865791202 0.705017924 0.005836115 -0.256882668 -0.661004543
1413393970255760384.000000 0.018748760 -0.878088713 -0.888795555 0.705937624 0.012048087 -0.254603863 -0.660820544
1413393970305760512.000000 0.025316179 -0.883081615 -0.910119593 0.706268072 0.015459084 -0.253149897 -0.660955012
1413393970355760384.000000 0.029493958 -0.884141564 -0.930114806 0.705878377 0.017585466 -0.253139883 -0.661321998
1413393970405760512.000000 0.033607274 -0.885788083 -0.947938025 0.705497801 0.019240636 -0.252506435 -0.661923826
1413393970455760384.000000 0.038107783 -0.885588288 -0.964580774 0.705533147 0.019644659 -0.250495344 -0.662638009
1413393970505760512.000000 0.045619518 -0.874125600 -0.982018232 0.706724167 0.016757060 -0.245325148 -0.663382113
1413393970555760384.000000 0.052311316 -0.870530486 -0.997163475 0.708015382 0.011327849 -0.239615813 -0.664206445
1413393970605760512.000000 0.059430704 -0.865828156 -1.010668516 0.709473133 0.008185728 -0.233064532 -0.665027678
1413393970655760384.000000 0.066514015 -0.860247612 -1.023075342 0.711938679 0.006004212 -0.224149674 -0.665480435
1413393970705760512.000000 0.071511567 -0.856522322 -1.031562567 0.714933336 0.006562565 -0.214305311 -0.665507793
1413393970755760384.000000 0.078911915 -0.842087150 -1.039223313 -0.718522966 -0.012851474 0.203453109 0.664955974
1413393970805760512.000000 0.078220904 -0.837216735 -1.042776823 -0.721954107 -0.023597013 0.192633972 0.664166868
1413393970855760384.000000 0.075283378 -0.832692623 -1.042268991 -0.724939883 -0.034922283 0.184132934 0.662825584
1413393970905760512.000000 0.071516320 -0.828339815 -1.037097692 -0.727146804 -0.043943893 0.177229255 0.661752462
1413393970955760384.000000 0.068555802 -0.826116920 -1.027144432 0.728474677 0.048087422 -0.172977209 -0.661128700
1413393971005760512.000000 0.068836913 -0.820939541 -1.012760520 0.728775918 0.045790233 -0.171499044 -0.661344886
1413393971055760384.000000 0.071536765 -0.815844893 -0.993529916 0.727557361 0.035546053 -0.174006686 -0.662660182
1413393971105760512.000000 0.077642307 -0.810935557 -0.970312178 0.725701272 0.020981252 -0.177301273 -0.664440989
1413393971155760384.000000 0.087594323 -0.795113266 -0.940230012 -0.725325584 -0.004914603 0.174409077 0.665928066
1413393971205760512.000000 0.103220679 -0.793379903 -0.911800623 -0.724870384 0.013845669 0.169153690 0.667651355
1413393971255760384.000000 0.123588532 -0.793926477 -0.881649494 -0.724952161 0.030298585 0.161606863 0.668886840
1413393971305760512.000000 0.146886945 -0.798148334 -0.849798083 -0.725481689 0.045487188 0.151589453 0.669796884
1413393971355760384.000000 0.168700725 -0.808367133 -0.813938439 0.726243556 -0.057681482 -0.141915888 -0.670151591
1413393971405760512.000000 0.189246684 -0.816672325 -0.776208162 -0.726390898 0.066453114 0.135501266 0.670507014
1413393971455760384.000000 0.205700517 -0.834405065 -0.735315382 -0.724309921 0.070517503 0.138356954 0.671758711
1413393971505760512.000000 0.217998683 -0.856572509 -0.691526473 -0.720208526 0.069564313 0.150483236 0.673658192
1413393971555760384.000000 0.227740914 -0.883346498 -0.645412624 -0.714170396 0.067007005 0.170018271 0.675695598
1413393971605760512.000000 0.229794398 -0.906273961 -0.596592784 0.705793083 -0.070021600 -0.195503175 -0.677297354
1413393971655760384.000000 0.239219308 -0.939869046 -0.549534142 0.696472585 -0.077256411 -0.221675500 -0.678098381
1413393971705760512.000000 0.250119716 -0.976177216 -0.504762650 0.688162804 -0.089441322 -0.244729474 -0.677155674
1413393971755760384.000000 0.261978388 -1.014709949 -0.463542759 0.680051684 -0.104345322 -0.266788751 -0.674881935
1413393971805760512.000000 0.270177275 -1.050785899 -0.426403284 0.673666000 -0.116473690 -0.285081118 -0.671816111
1413393971855760384.000000 0.282252133 -1.092775941 -0.396002889 0.669399142 -0.124156915 -0.298781037 -0.668744922
1413393971905760512.000000 0.294672161 -1.136102200 -0.372653127 0.669185579 -0.123983517 -0.304353625 -0.666474104
1413393971955760384.000000 0.306994140 -1.180494547 -0.356292129 0.672367454 -0.115796901 -0.304014474 -0.664897203
1413393972005760512.000000 0.311529398 -1.221235752 -0.345017910 0.677180767 -0.105578981 -0.300756156 -0.663193047
1413393972055760384.000000 0.323697865 -1.266212940 -0.340337396 0.682390690 -0.092840046 -0.295512915 -0.662114680
1413393972105760512.000000 0.333469301 -1.311426401 -0.339035749 0.685344517 -0.083509274 -0.294773638 -0.660634279
1413393972155760384.000000 0.337864965 -1.356606960 -0.338847995 0.685132086 -0.075179793 -0.300706863 -0.659179330
1413393972205760512.000000 0.336909264 -1.400085688 -0.339453697 0.683705032 -0.066351809 -0.308206826 -0.658143938
1413393972255760384.000000 0.329987049 -1.441446066 -0.345041394 0.682908833 -0.056056757 -0.313351452 -0.657498360
1413393972305760512.000000 0.320668817 -1.483528376 -0.349916697 0.687712729 -0.042682052 -0.305374324 -0.657248795
1413393972355760384.000000 0.311476856 -1.523528814 -0.357277632 0.694544196 -0.030875854 -0.290016890 -0.657681763
1413393972405760512.000000 0.301149637 -1.562503815 -0.365992665 0.700042844 -0.019707028 -0.276432663 -0.658131301
1413393972455760384.000000 0.289744675 -1.599365830 -0.374276280 0.704909384 -0.010424517 -0.262770951 -0.658745527
1413393972505760512.000000 0.279914230 -1.636365771 -0.383410215 0.706879914 0.001981553 -0.256093293 -0.659342945
1413393972555760384.000000 0.270329863 -1.671758652 -0.391826272 0.706550241 0.015485352 -0.256219834 -0.659468353
1413393972605760512.000000 0.262023151 -1.704914570 -0.399574280 0.705989718 0.025470614 -0.257423788 -0.659289658
1413393972655760384.000000 0.249732643 -1.737409353 -0.404883027 0.705903888 0.029920164 -0.257927358 -0.658997715
1413393972705760512.000000 0.242825270 -1.765793324 -0.410259485 0.706427515 0.032527272 -0.257438332 -0.658504128
1413393972755760384.000000 0.235565156 -1.792115927 -0.413784742 0.707229733 0.033670444 -0.256920576 -0.657787383
1413393972805760512.000000 0.228615969 -1.816005468 -0.415749073 0.708929718 0.032616071 -0.254518479 -0.656943917
1413393972855760384.000000 0.220069379 -1.839333296 -0.416150928 0.711014032 0.031129442 -0.252070367 -0.655706227
1413393972905760512.000000 0.212771505 -1.859186888 -0.414544582 0.712920845 0.031155501 -0.249357268 -0.654671073
1413393972955760384.000000 0.206037760 -1.876343250 -0.411339879 0.715510368 0.031432290 -0.246077612 -0.653071880
1413393973005760512.000000 0.203358024 -1.886214972 -0.405562878 0.718095660 0.033092920 -0.242175654 -0.651609123
1413393973055760384.000000 0.199304700 -1.898955107 -0.398270369 0.720531523 0.031187078 -0.236677393 -0.651034236
1413393973105760512.000000 0.196161717 -1.909953594 -0.388623476 0.722984731 0.027025595 -0.230903178 -0.650573969
1413393973155760384.000000 0.194568962 -1.919699907 -0.376593113 0.725230455 0.021013211 -0.224190786 -0.650644124
1413393973205760512.000000 0.191890240 -1.927967548 -0.361493587 0.727460027 0.013798057 -0.216502756 -0.650951684
1413393973255760384.000000 0.196117669 -1.935006618 -0.347234726 0.729803383 0.005024701 -0.207057908 -0.651528060
1413393973305760512.000000 0.196746558 -1.944931269 -0.327597141 0.732189536 -0.005778449 -0.196613371 -0.652080059
1413393973355760384.000000 0.198004305 -1.955604792 -0.305780649 0.733976543 -0.015769420 -0.187208623 -0.652673542
1413393973405760512.000000 0.200720698 -1.967580795 -0.281798601 0.735313714 -0.026225820 -0.177894905 -0.653436542
1413393973455760384.000000 0.204272240 -1.980674267 -0.258053303 0.736173034 -0.034529977 -0.169390023 -0.654342473
1413393973505760512.000000 0.208868712 -1.998409629 -0.228948832 0.737486601 -0.042408656 -0.159860432 -0.654797435
1413393973555760384.000000 0.213246986 -2.020056009 -0.197045803 0.737725079 -0.048566747 -0.154421374 -0.655406117
1413393973605760512.000000 0.218317673 -2.045638084 -0.162814379 0.736872196 -0.053991478 -0.152583808 -0.656370819
1413393973655760384.000000 0.223116368 -2.074714184 -0.130819798 0.733728111 -0.061888512 -0.157754645 -0.657971382
1413393973705760512.000000 0.228783578 -2.108549356 -0.092147350 0.727655888 -0.069764532 -0.172738433 -0.660160065
1413393973755760384.000000 0.234376609 -2.146643162 -0.052143097 0.718989432 -0.076942503 -0.194741935 -0.662728965
1413393973805760512.000000 0.240220755 -2.188572168 -0.012164831 0.709018648 -0.083790615 -0.219649926 -0.664850056
1413393973855760384.000000 0.246198833 -2.232043266 0.019842863 0.696436048 -0.092497647 -0.249949947 -0.666292787
1413393973905760512.000000 0.251828492 -2.279163599 0.055011272 0.682998061 -0.101710707 -0.280085146 -0.666873991
1413393973955760384.000000 0.256589472 -2.327840805 0.085436821 0.670108259 -0.104423009 -0.309235722 -0.666651368
1413393974005760512.000000 0.259457767 -2.377787590 0.110745907 0.657688677 -0.093964599 -0.337092876 -0.667071700
1413393974055760384.000000 0.263288498 -2.425551891 0.122732639 0.646668553 -0.076403499 -0.363411129 -0.666269243
1413393974105760512.000000 0.263889790 -2.474259138 0.133257151 0.636076152 -0.053418696 -0.387206435 -0.665300608
1413393974155760384.000000 0.263853431 -2.518720865 0.135201216 0.627449214 -0.027605528 -0.406353503 -0.663643241
1413393974205760512.000000 0.263955355 -2.557106256 0.128096104 0.623240173 0.003958670 -0.414766163 -0.662966967
1413393974255760384.000000 0.267705679 -2.583589315 0.106315851 0.623455465 0.038648613 -0.412052989 -0.663341463
1413393974305760512.000000 0.270323873 -2.604344845 0.083510637 0.626339018 0.070500821 -0.403155327 -0.663471818
1413393974355760384.000000 0.274819255 -2.613911629 0.055904627 0.628979385 0.097483464 -0.393206567 -0.663528919
1413393974405760512.000000 0.279315114 -2.611606121 0.024757624 0.632093906 0.120499879 -0.381567180 -0.663583875
1413393974455760384.000000 0.286025524 -2.598078966 -0.007032156 0.636820853 0.139705688 -0.364907235 -0.664668560
1413393974505760512.000000 0.298049450 -2.566542387 -0.043454170 -0.642537892 -0.154095456 0.343934149 0.667164862
1413393974555760384.000000 0.310661256 -2.529905319 -0.073752642 -0.649333954 -0.162844822 0.319923729 0.670444548
1413393974605760512.000000 0.326128721 -2.482849836 -0.101061344 -0.656757951 -0.163276374 0.295755208 0.674194872
1413393974655760384.000000 0.344173670 -2.426902294 -0.124238491 -0.664660394 -0.156534567 0.270690471 0.678564847
1413393974705760512.000000 0.367518723 -2.354531765 -0.145527840 -0.673327565 -0.143243372 0.244450599 0.682902098
1413393974755760384.000000 0.389490783 -2.285513401 -0.159239292 -0.680617988 -0.127062976 0.222142518 0.686488807
1413393974805760512.000000 0.411422133 -2.212942362 -0.167134047 -0.686901808 -0.110679112 0.202514395 0.689132750
1413393974855760384.000000 0.432013124 -2.138425350 -0.168756247 -0.691229522 -0.088737801 0.191056222 0.691248894
1413393974905760512.000000 0.451808929 -2.054986715 -0.163711309 -0.693485796 -0.064416662 0.186713412 0.692867994
1413393974955760384.000000 0.468581855 -1.978070736 -0.154808998 -0.695468307 -0.042095337 0.183701143 0.693401635
1413393975005760512.000000 0.483097643 -1.901451945 -0.141335011 -0.696609378 -0.020530691 0.182620704 0.693515420
1413393975055760384.000000 0.494352341 -1.826206446 -0.123627663 -0.696603417 -0.002182252 0.184737921 0.693261087
1413393975105760512.000000 0.503525734 -1.750825405 -0.101613283 -0.696276367 0.012813445 0.187666848 0.692687750
1413393975155760384.000000 0.510331750 -1.679007053 -0.078139901 -0.694804847 0.025621952 0.193538070 0.692194223
1413393975205760512.000000 0.515791953 -1.609246016 -0.053025603 -0.693453252 0.032422211 0.199590132 0.691545546
1413393975255760384.000000 0.521348774 -1.542063713 -0.027096391 -0.691807270 0.036540445 0.206016451 0.691104054
1413393975305760512.000000 0.520194709 -1.470417976 0.001683354 -0.690389514 0.038197771 0.210471585 0.691089749
1413393975355760384.000000 0.530422747 -1.407466412 0.027092934 -0.691552162 0.037974805 0.207810760 0.690744758
1413393975405760512.000000 0.541482747 -1.347272873 0.052808046 -0.693442702 0.037849549 0.202745214 0.690361619
1413393975455760384.000000 0.553778708 -1.289896011 0.078971267 -0.695805788 0.036101669 0.194831386 0.690356255
1413393975505760512.000000 0.564512491 -1.232544422 0.107833862 -0.697930694 0.036252245 0.187464312 0.690243304
1413393975555760384.000000 0.578484654 -1.181644917 0.135671973 -0.699725628 0.035888292 0.180990338 0.690172970
1413393975605760512.000000 0.593277335 -1.133923054 0.164850414 -0.700724602 0.036712747 0.176703423 0.690226912
1413393975655760384.000000 0.608397722 -1.089945555 0.195716441 -0.700720727 0.038772795 0.175534114 0.690416574
1413393975705760512.000000 0.618133903 -1.045754910 0.229435027 -0.699041307 0.044107936 0.180772632 0.690447032
1413393975755760384.000000 0.633081436 -1.008528709 0.263324738 -0.696781337 0.050098754 0.188937515 0.690136611
1413393975805760512.000000 0.648456812 -0.974739909 0.297863007 -0.694989920 0.055573370 0.197207212 0.689209700
1413393975855760384.000000 0.664532065 -0.943294942 0.333208263 0.693772256 -0.063712090 -0.204440922 -0.687622547
1413393975905760512.000000 0.675701976 -0.915975392 0.366049230 0.692689717 -0.071750157 -0.212061316 -0.685611308
1413393975955760384.000000 0.691793799 -0.890674174 0.399252921 0.692811489 -0.072851583 -0.217441440 -0.683684289
1413393976005760512.000000 0.707052231 -0.868063748 0.431398004 0.693539500 -0.069429055 -0.222751319 -0.681589663
1413393976055760384.000000 0.719064713 -0.846386969 0.463377357 0.695081770 -0.062111359 -0.226216421 -0.679580569
1413393976105760512.000000 0.725118995 -0.830423415 0.494147450 0.696711957 -0.054988269 -0.229273617 -0.677497149
1413393976155760384.000000 0.733071208 -0.813284338 0.525899708 0.698144019 -0.050782904 -0.231870562 -0.675464392
1413393976205760512.000000 0.738039136 -0.797769248 0.558354914 0.698675513 -0.048743848 -0.236227244 -0.673552811
1413393976255760384.000000 0.740662813 -0.783560097 0.590956569 0.698587656 -0.050435331 -0.240433306 -0.672029376
1413393976305760512.000000 0.733784914 -0.776201189 0.622287631 0.698325932 -0.055167988 -0.243620664 -0.670780480
1413393976355760384.000000 0.734558523 -0.764099479 0.652993083 0.698386908 -0.062378831 -0.244970590 -0.669592440
1413393976405760512.000000 0.736789107 -0.753632843 0.681778848 0.697977185 -0.069155388 -0.244596332 -0.669490874
1413393976455760384.000000 0.740502715 -0.745866060 0.708103061 0.695680857 -0.074472860 -0.244997174 -0.671161950
1413393976505760512.000000 0.739809036 -0.745948434 0.731143117 0.691294432 -0.075490631 -0.247510344 -0.674649477
1413393976555760384.000000 0.746776700 -0.741154015 0.752097309 0.686358631 -0.073370881 -0.249005467 -0.679356277
1413393976605760512.000000 0.753112674 -0.737687886 0.770675898 0.681255043 -0.069921896 -0.250902236 -0.684142232
1413393976655760384.000000 0.757176936 -0.735520244 0.787706614 0.676343083 -0.066992611 -0.252431571 -0.688731015
1413393976705760512.000000 0.754559040 -0.739843488 0.803044319 0.670944273 -0.068725117 -0.254324287 -0.693130553
1413393976755760384.000000 0.753084660 -0.738974094 0.817528605 0.665961981 -0.069743760 -0.256444216 -0.697041452
1413393976805760512.000000 0.748138070 -0.738755107 0.830422401 0.661150515 -0.069065668 -0.260087729 -0.700331569
1413393976855760384.000000 0.740343213 -0.738952041 0.840954244 0.656622231 -0.063444264 -0.264530480 -0.703452706
1413393976905760512.000000 0.726470113 -0.749162436 0.850808144 0.652508318 -0.052478194 -0.269426674 -0.706320226
1413393976955760384.000000 0.718264937 -0.749814987 0.855544567 0.649607778 -0.041392766 -0.273262799 -0.708254099
1413393977005760512.000000 0.710288167 -0.750699639 0.857526422 0.648539782 -0.027360002 -0.273347408 -0.709879398
1413393977055760384.000000 0.702810109 -0.750111938 0.857279360 0.649713874 -0.015038371 -0.269164085 -0.710771739
1413393977105760512.000000 0.697718859 -0.748752713 0.854738832 0.651878655 -0.005122219 -0.262909889 -0.711271048
1413393977155760384.000000 0.689548612 -0.757485271 0.854433298 -0.654210567 0.000771249 0.255395502 0.711885631
1413393977205760512.000000 0.691870272 -0.750104547 0.848739743 -0.657243967 -0.001849701 0.247404754 0.711911380
1413393977255760384.000000 0.697473466 -0.741705179 0.842416048 -0.659753501 -0.001379535 0.240684703 0.711894870
1413393977305760512.000000 0.708476782 -0.730331779 0.835560024 0.662226856 -0.000595207 -0.233900234 -0.711860955
1413393977355760384.000000 0.725341558 -0.709070921 0.826446474 0.664385319 -0.001353068 -0.229932442 -0.711140871
1413393977405760512.000000 0.733859241 -0.709520936 0.821759641 -0.666822076 0.002801149 0.224904731 0.710463524
1413393977455760384.000000 0.750704646 -0.698066711 0.814963102 -0.668291926 0.003414953 0.223253295 0.709600091
1413393977505760512.000000 0.768296361 -0.686415792 0.808829188 -0.670358300 0.001216499 0.220740259 0.708443403
1413393977555760384.000000 0.785884917 -0.674806595 0.804160118 -0.671859384 -0.000048401 0.220107540 0.707218349
1413393977605760512.000000 0.806512475 -0.671183705 0.802400887 -0.673181534 -0.001004742 0.219916642 0.706018686
1413393977655760384.000000 0.820063114 -0.659297943 0.801878214 -0.674314857 -0.001741232 0.220069140 0.704887271
1413393977705760512.000000 0.830893397 -0.646969318 0.803626299 -0.675662875 -0.002474770 0.219980761 0.703620732
1413393977755760384.000000 0.839953899 -0.634127736 0.807479501 -0.676701427 -0.002676165 0.221164033 0.702249646
1413393977805760512.000000 0.846410036 -0.621383190 0.813804567 0.677969515 0.001835872 -0.221669212 -0.700868547
1413393977855760384.000000 0.858380377 -0.610344768 0.821402192 -0.679309666 -0.002005250 0.221688852 0.699563086
1413393977905760512.000000 0.866140485 -0.597011089 0.830166578 -0.680709243 -0.001385674 0.221820980 0.698160827
1413393977955760384.000000 0.874748826 -0.583818316 0.840046406 -0.681958258 -0.000853381 0.222896367 0.696598530
1413393978005760512.000000 0.884387493 -0.570652843 0.850829959 -0.682958245 0.000099486 0.224913180 0.694969237
1413393978055760384.000000 0.902215719 -0.545904994 0.857420921 -0.683417141 0.001057125 0.229071259 0.693156779
1413393978105760512.000000 0.913174689 -0.532325268 0.870401740 -0.684120774 0.003154642 0.232499570 0.691312432
1413393978155760384.000000 0.924769640 -0.518668771 0.884203136 -0.684556365 0.006370289 0.235872269 0.689714670
1413393978205760512.000000 0.937023401 -0.504786730 0.898352385 -0.685451627 0.010196272 0.238814741 0.687764347
1413393978255760384.000000 0.952722311 -0.489029408 0.912560403 0.687192321 -0.014486087 -0.242005140 -0.684828818
1413393978305760512.000000 0.965470910 -0.474801302 0.926586747 0.689993382 -0.018870376 -0.244284526 -0.681086063
1413393978355760384.000000 0.978646040 -0.460626602 0.939904094 0.693962216 -0.025707550 -0.246503964 -0.676011443
1413393978405760512.000000 0.991698146 -0.446812868 0.952385068 0.698644638 -0.030712726 -0.248765945 -0.670125365
1413393978455760384.000000 1.011284113 -0.428547740 0.963276029 0.704645574 -0.037318800 -0.251279145 -0.662526011
1413393978505760512.000000 1.024314523 -0.415822029 0.973775625 0.711283267 -0.043070301 -0.253708541 -0.654104888
1413393978555760384.000000 1.037583828 -0.404162884 0.982824743 0.719293535 -0.048122749 -0.254561067 -0.644592702
1413393978605760512.000000 1.049804807 -0.393579364 0.990487337 0.727412462 -0.049866166 -0.258481801 -0.633696795
1413393978655760384.000000 1.063599467 -0.382512808 0.997270226 0.735834777 -0.051085480 -0.262351602 -0.622180939
1413393978705760512.000000 1.074524641 -0.374804974 1.002951980 0.744013786 -0.050457541 -0.267627686 -0.610141814
1413393978755760384.000000 1.085117817 -0.368389726 1.007622838 0.752122641 -0.049157947 -0.274163723 -0.597268164
1413393978805760512.000000 1.096121550 -0.362735510 1.011339903 0.759621978 -0.048407584 -0.280327529 -0.584848523
1413393978855760384.000000 1.110581636 -0.351491809 1.013240337 0.767661691 -0.048615828 -0.286297202 -0.571284592
1413393978905760512.000000 1.121679068 -0.347661972 1.014029145 0.776058316 -0.049512729 -0.290108860 -0.557780325
1413393978955760384.000000 1.132650971 -0.344390631 1.013401270 0.784101129 -0.051606838 -0.293839604 -0.544224620
1413393979005760512.000000 1.143403888 -0.341222644 1.011556149 0.791512847 -0.054718610 -0.298848599 -0.530285597
1413393979055760384.000000 1.152988076 -0.336866260 1.003646255 0.799067974 -0.057230812 -0.303086728 -0.516094506
1413393979105760512.000000 1.162145138 -0.336544752 0.998443127 0.806662023 -0.060704567 -0.306964695 -0.501382232
1413393979155760384.000000 1.170632839 -0.337673664 0.991399348 0.814805508 -0.062047560 -0.310309112 -0.485747278
1413393979205760512.000000 1.177224755 -0.340080619 0.983134508 0.823423922 -0.061913621 -0.312325835 -0.469672650
1413393979255760384.000000 1.181628346 -0.341171741 0.969826937 0.831466615 -0.062121052 -0.314541340 -0.453726858
1413393979305760512.000000 1.181546926 -0.346284628 0.960875452 0.839357615 -0.063529417 -0.316677094 -0.437216818
1413393979355760384.000000 1.178139448 -0.353266597 0.951918840 0.846750438 -0.066382483 -0.318805277 -0.420678288
1413393979405760512.000000 1.171396852 -0.361844420 0.942692995 0.853353977 -0.069981106 -0.321803331 -0.404143989
1413393979455760384.000000 1.160850525 -0.372889638 0.933329344 0.859708488 -0.073806085 -0.324237019 -0.387716830
1413393979505760512.000000 1.145339251 -0.377883911 0.918546855 0.865382016 -0.078527853 -0.327276200 -0.371264964
1413393979555760384.000000 1.129968643 -0.393068552 0.907881677 0.870936632 -0.082858786 -0.330034733 -0.354514986
1413393979605760512.000000 1.112293482 -0.409969509 0.895583630 0.876444876 -0.085261248 -0.332588881 -0.337579072
1413393979655760384.000000 1.093126893 -0.429474473 0.881875753 0.882323682 -0.084722526 -0.333935291 -0.320646733
1413393979705760512.000000 1.074481487 -0.451710522 0.863883972 0.888475537 -0.082717188 -0.334237039 -0.303405136
1413393979755760384.000000 1.051511526 -0.466401041 0.844941974 0.894228220 -0.079569094 -0.334743172 -0.286307216
1413393979805760512.000000 1.034733176 -0.493897438 0.824703336 0.900034606 -0.073142037 -0.334284931 -0.269891948
1413393979855760384.000000 1.018829823 -0.523719966 0.803005338 0.904873431 -0.065841198 -0.335657239 -0.253383934
1413393979905760512.000000 1.003859282 -0.555102408 0.779935837 0.908924997 -0.059511688 -0.337736487 -0.237166315
1413393979955760384.000000 0.989569664 -0.587889791 0.753305078 0.912359297 -0.053805105 -0.340514630 -0.220806271
1413393980005760512.000000 0.969813108 -0.615229130 0.730507016 0.915319204 -0.049385164 -0.343644798 -0.204108328
1413393980055760384.000000 0.955641747 -0.650815606 0.704080224 0.917128921 -0.042141024 -0.348933220 -0.188001037
1413393980105760512.000000 0.941657662 -0.686985016 0.676752329 0.918243051 -0.033218253 -0.355000049 -0.172340453
1413393980155760384.000000 0.927449226 -0.724173725 0.649257064 0.919201553 -0.021972377 -0.360406160 -0.157140464
1413393980205760512.000000 0.909371436 -0.753459752 0.619256735 0.918926418 -0.010823677 -0.367407024 -0.143070579
1413393980255760384.000000 0.894905210 -0.787890255 0.588629603 0.918379605 -0.001162124 -0.373259455 -0.131358311
1413393980305760512.000000 0.880043387 -0.820604086 0.556519747 0.917687535 0.006233071 -0.378122568 -0.121795051
1413393980355760384.000000 0.864654601 -0.850500464 0.523152471 0.917319417 0.011479676 -0.381220251 -0.114300050
1413393980405760512.000000 0.845412612 -0.869717658 0.485760331 0.918008685 0.015589844 -0.381069332 -0.108642802
1413393980455760384.000000 0.829814851 -0.895023763 0.447524905 0.919413507 0.017199373 -0.378695905 -0.104749918
1413393980505760512.000000 0.813766778 -0.917633355 0.407670856 0.922324300 0.018337162 -0.372238159 -0.102081008
1413393980555760384.000000 0.797100306 -0.936823308 0.366180539 0.926294446 0.017751709 -0.362767547 -0.100316465
1413393980605760512.000000 0.778131664 -0.948665261 0.321647167 0.930596769 0.018022843 -0.351845384 -0.099346913
1413393980655760384.000000 0.761307657 -0.963997662 0.278326273 0.933872879 0.018562214 -0.343126863 -0.098999523
1413393980705760512.000000 0.744318545 -0.976965725 0.234853387 0.935875595 0.018056577 -0.337604970 -0.099165298
1413393980755760384.000000 0.726111889 -0.985309064 0.190460622 0.936007142 0.018219003 -0.337270379 -0.099032357
1413393980805760512.000000 0.709039271 -0.993131280 0.147057414 0.934359193 0.016384808 -0.341800511 -0.099382646
1413393980855760384.000000 0.692225814 -0.998989403 0.104221761 0.931945622 0.013132247 -0.348369747 -0.099717125
1413393980905760512.000000 0.675328374 -1.002798080 0.061111629 0.928402841 0.009052586 -0.357780010 -0.099899068
1413393980955760384.000000 0.659289837 -1.004837394 0.016997218 0.925630927 0.002536216 -0.364915103 -0.100190140
1413393981005760512.000000 0.645226836 -1.003494501 -0.031095266 0.923457563 -0.005782696 -0.370458901 -0.099764980
1413393981055760384.000000 0.630494654 -1.003404737 -0.079009771 0.922388971 -0.013934104 -0.372839510 -0.099976003
1413393981105760512.000000 0.616895795 -1.003063202 -0.129269421 0.922223270 -0.022156574 -0.372839481 -0.100020520
1413393981155760384.000000 0.605931878 -1.002726316 -0.182450056 0.923534214 -0.028783873 -0.369164824 -0.099867322
1413393981205760512.000000 0.595957637 -1.002216578 -0.236824214 0.925189674 -0.034922358 -0.364455223 -0.099884912
1413393981255760384.000000 0.589688122 -1.002220631 -0.298386097 0.926051319 -0.038999975 -0.361727983 -0.100303911
1413393981305760512.000000 0.586166501 -1.003891706 -0.359419465 0.925911248 -0.040876549 -0.361600131 -0.101306006
1413393981355760384.000000 0.583327293 -1.006651044 -0.421807021 0.925045967 -0.042787921 -0.363329023 -0.102231681
1413393981405760512.000000 0.580353141 -1.010601997 -0.485190839 0.924086452 -0.041426145 -0.365522444 -0.103641279
1413393981455760384.000000 0.576520681 -1.015836716 -0.550229549 0.923568606 -0.035995137 -0.366970330 -0.105157889
1413393981505760512.000000 0.570297122 -1.021900296 -0.614662290 0.923699856 -0.028890349 -0.366828561 -0.106681108
1413393981555760384.000000 0.560950100 -1.028401732 -0.678961992 0.924079061 -0.020204647 -0.365937412 -0.108440951
1413393981605760512.000000 0.543744087 -1.031909823 -0.743510306 0.924438238 -0.014054172 -0.364789128 -0.110206008
1413393981655760384.000000 0.527603030 -1.037413001 -0.807630181 0.924375236 -0.009016038 -0.364651352 -0.111707769
1413393981705760512.000000 0.508201361 -1.041867495 -0.871923327 0.924326420 -0.004822907 -0.364368260 -0.113284186
1413393981755760384.000000 0.486095041 -1.045175910 -0.936225176 0.924595714 -0.000038321 -0.363294572 -0.114629552
1413393981805760512.000000 0.463351935 -1.047723889 -1.000809550 0.925542712 0.003943741 -0.360370219 -0.116140462
1413393981855760384.000000 0.436761886 -1.048051834 -1.065230846 0.926235259 0.008722615 -0.357342482 -0.119659968
1413393981905760512.000000 0.397424519 -1.042490721 -1.133244634 0.927117646 0.013002276 -0.353017718 -0.125149056
1413393981955760384.000000 0.367814213 -1.038093925 -1.198274851 0.927886724 0.016519474 -0.348138630 -0.132487401
1413393982005760512.000000 0.338427573 -1.031331420 -1.262919426 0.928436339 0.018277276 -0.342946887 -0.141630873
1413393982055760384.000000 0.309316128 -1.022207499 -1.327264190 0.927996695 0.019473817 -0.339452028 -0.152365625
1413393982105760512.000000 0.278283238 -1.010405660 -1.393155456 0.927363575 0.020035071 -0.334915459 -0.165611401
1413393982155760384.000000 0.250963867 -0.996144414 -1.456598878 0.926278532 0.019717984 -0.330346823 -0.180250585
1413393982205760512.000000 0.224401414 -0.979282975 -1.519500017 0.924039721 0.018538663 -0.327295929 -0.196683630
1413393982255760384.000000 0.198955715 -0.959846258 -1.581742644 0.921202362 0.016609240 -0.323681355 -0.215269029
1413393982305760512.000000 0.170779884 -0.938202381 -1.649802089 0.917626977 0.015126137 -0.319962621 -0.235278398
1413393982355760384.000000 0.146972179 -0.915116310 -1.709691644 0.912107110 0.014153595 -0.319327980 -0.256690532
1413393982405760512.000000 0.124453723 -0.890437603 -1.768333673 0.905592859 0.014352165 -0.318850935 -0.279337943
1413393982455760384.000000 0.102340430 -0.864348888 -1.825055718 0.898228586 0.014869582 -0.317989469 -0.303062856
1413393982505760512.000000 0.080830842 -0.835983276 -1.885255694 0.889826655 0.015623288 -0.316696852 -0.328127444
1413393982555760384.000000 0.060261041 -0.806881428 -1.939356565 0.880628467 0.015794344 -0.314548433 -0.353982061
1413393982605760512.000000 0.040533006 -0.775864124 -1.992489338 0.870673418 0.016852511 -0.310860038 -0.380801678
1413393982655760384.000000 0.020909935 -0.742954731 -2.044614315 0.860016465 0.018527824 -0.305537313 -0.408259064
1413393982705760512.000000 0.005868912 -0.708829403 -2.097985268 0.848343253 0.021345187 -0.299461424 -0.436097592
1413393982755760384.000000 -0.013193890 -0.672562122 -2.147236347 0.835770071 0.024380414 -0.291612864 -0.464603007
1413393982805760512.000000 -0.031421982 -0.634758234 -2.195032597 0.822728992 0.027929489 -0.282323003 -0.492575586
1413393982855760384.000000 -0.048803683 -0.595352650 -2.241235018 0.809018791 0.030914750 -0.271974862 -0.520156384
1413393982905760512.000000 -0.060607307 -0.553942204 -2.286767721 0.793843091 0.034450185 -0.261693180 -0.547853231
1413393982955760384.000000 -0.077191189 -0.512182713 -2.327409029 0.777971089 0.037361484 -0.252623081 -0.574061692
1413393983005760512.000000 -0.093276516 -0.469447613 -2.365037918 0.761354268 0.039153777 -0.244139224 -0.599335253
1413393983055760384.000000 -0.108294651 -0.425603390 -2.399850845 0.744085610 0.041730259 -0.234949946 -0.624014318
1413393983105760512.000000 -0.112289950 -0.383379698 -2.429331303 0.726376832 0.044225786 -0.225096136 -0.647883236
1413393983155760384.000000 -0.125030488 -0.337453604 -2.458163023 0.708677232 0.047911353 -0.214299694 -0.670489967
1413393983205760512.000000 -0.136651516 -0.290781736 -2.483242035 0.690627038 0.051370800 -0.203137621 -0.692192554
1413393983255760384.000000 -0.146766901 -0.243577242 -2.504410505 0.672490478 0.054014735 -0.191312641 -0.712908506
1413393983305760512.000000 -0.148955643 -0.199174643 -2.520189762 -0.653479159 -0.056920145 0.180326536 0.732944369
1413393983355760384.000000 -0.155807704 -0.151194453 -2.533266068 -0.634988129 -0.058202621 0.167214096 0.751958847
1413393983405760512.000000 -0.160324991 -0.103331923 -2.541919708 -0.616255522 -0.057785943 0.153797969 0.770218253
1413393983455760384.000000 -0.162566394 -0.055860639 -2.545840025 -0.597029030 -0.056108490 0.141419500 0.787660301
1413393983505760512.000000 -0.160188168 -0.013788223 -2.540236473 -0.578222036 -0.052421454 0.128062114 0.804059386
1413393983555760384.000000 -0.156438053 0.031010509 -2.534153223 -0.558560312 -0.048733883 0.115842715 0.819887757
1413393983605760512.000000 -0.149839669 0.073655248 -2.523361206 -0.538782597 -0.044392306 0.102892429 0.834958553
1413393983655760384.000000 -0.141053081 0.113888860 -2.508057594 -0.518740654 -0.040816784 0.091480635 0.849042714
1413393983705760512.000000 -0.123716548 0.145919800 -2.490100861 -0.498451799 -0.035865653 0.081443600 0.862337828
1413393983755760384.000000 -0.110520214 0.180409670 -2.466188192 -0.477695972 -0.032128472 0.073094524 0.874889433
1413393983805760512.000000 -0.095559299 0.211495578 -2.438558340 -0.456842512 -0.028257212 0.066976875 0.886572361
1413393983855760384.000000 -0.078507408 0.239124775 -2.407514095 -0.436041802 -0.024332583 0.061180647 0.897514582
1413393983905760512.000000 -0.059304297 0.261004925 -2.376154661 0.415970176 0.020739719 -0.055955019 -0.907418191
1413393983955760384.000000 -0.034661926 0.277155995 -2.340827703 -0.397259593 -0.017825887 0.047207020 0.916317940
1413393984005760512.000000 -0.012916610 0.293659389 -2.301823616 -0.378262520 -0.015266924 0.039546210 0.924727321
1413393984055760384.000000 0.010481816 0.306431025 -2.260039568 -0.359531492 -0.012787729 0.030176593 0.932557225
1413393984105760512.000000 0.035556529 0.314988077 -2.215780735 -0.340412110 -0.010047334 0.020577170 0.939997494
1413393984155760384.000000 0.064921044 0.314919442 -2.171810150 -0.321421653 -0.007760940 0.010625160 0.946844757
1413393984205760512.000000 0.092518918 0.314619988 -2.122942924 -0.301890224 -0.005116057 0.001082203 0.953328431
1413393984255760384.000000 0.121524833 0.309592009 -2.072343588 -0.282348037 -0.002517116 -0.007790721 0.959277093
1413393984305760512.000000 0.151300162 0.299911380 -2.020095825 -0.262518555 0.000456690 -0.013415274 0.964833617
1413393984355760384.000000 0.182644680 0.285695314 -1.966969252 0.243535742 -0.003314297 0.017736891 -0.969724119
1413393984405760512.000000 0.215873569 0.261941344 -1.917933702 -0.225890577 0.007210710 -0.022597859 0.973863900
1413393984455760384.000000 0.248155087 0.239081621 -1.863544941 -0.209662005 0.010018121 -0.027756248 0.977328539
1413393984505760512.000000 0.280999333 0.211687446 -1.808827281 -0.194884568 0.013767713 -0.032349288 0.980195940
1413393984555760384.000000 0.314042866 0.179885060 -1.754193068 -0.181030855 0.017888891 -0.037292290 0.982607305
1413393984605760512.000000 0.345174640 0.144399762 -1.701189995 0.167628706 -0.019329900 0.038626630 -0.984903514
1413393984655760384.000000 0.373897761 0.097554445 -1.650834084 -0.153860301 0.019228403 -0.033806723 0.987326920
1413393984705760512.000000 0.400592238 0.054926194 -1.595589757 -0.139694139 0.019342987 -0.022067714 0.989759862
1413393984755760384.000000 0.424779177 0.010370814 -1.539809227 -0.128346324 0.019832365 -0.011127179 0.991468668
1413393984805760512.000000 0.446256816 -0.035496313 -1.483174920 -0.119131766 0.020016918 -0.000182174 0.992676675
1413393984855760384.000000 0.464042336 -0.084344029 -1.426753998 -0.111581042 0.017160665 0.014223728 0.993505359
1413393984905760512.000000 0.479020953 -0.131155953 -1.369529486 -0.107472084 0.012520824 0.030974036 0.993646681
1413393984955760384.000000 0.491440028 -0.177149728 -1.312140703 -0.106883660 0.007897183 0.048006486 0.993080556
1413393985005760512.000000 0.501848280 -0.221743166 -1.254953980 -0.110429868 0.004679221 0.062954798 0.991877079
1413393985055760384.000000 0.511319876 -0.263586402 -1.205526114 -0.119202830 0.002363120 0.072511934 0.990215719
1413393985105760512.000000 0.518676817 -0.303467840 -1.148338675 -0.131680012 0.003013259 0.078575023 0.988168657
1413393985155760384.000000 0.525222778 -0.340735734 -1.091059089 -0.148147866 0.006095237 0.079120770 0.985776365
1413393985205760512.000000 0.529618144 -0.375993550 -1.033902287 -0.166196853 0.010326644 0.078640595 0.982897580
1413393985255760384.000000 0.530763984 -0.410762459 -0.977762103 -0.185556993 0.013998007 0.077433169 0.979477882
1413393985305760512.000000 0.532394469 -0.443711936 -0.921530783 -0.206040472 0.017174769 0.075619094 0.975466132
1413393985355760384.000000 0.533832371 -0.476241171 -0.866301656 -0.227055103 0.018293610 0.073957123 0.970897377
1413393985405760512.000000 0.535925090 -0.508809745 -0.811724305 -0.247643396 0.019722285 0.073822111 0.965833426
1413393985455760384.000000 0.535596609 -0.542547405 -0.761273623 -0.267864496 0.020147864 0.076049991 0.960239112
1413393985505760512.000000 0.538138151 -0.576119244 -0.708308816 -0.287637204 0.021166366 0.078856632 0.954252899
1413393985555760384.000000 0.540615022 -0.610615849 -0.655832350 -0.305596441 0.020584503 0.085984848 0.948047340
1413393985605760512.000000 0.543109596 -0.645807743 -0.603580713 -0.322040826 0.018227011 0.096505411 0.941617846
1413393985655760384.000000 0.541778922 -0.682490110 -0.553758740 -0.336712539 0.013726945 0.109701641 0.935094595
1413393985705760512.000000 0.544560790 -0.718636632 -0.502707601 -0.350290507 0.008634190 0.124766432 0.928253949
1413393985755760384.000000 0.547578871 -0.754408360 -0.452197552 -0.363969088 0.002502621 0.139073029 0.920966387
1413393985805760512.000000 0.551573217 -0.789268911 -0.401970088 -0.377125233 -0.002727308 0.152247131 0.913558960
1413393985855760384.000000 0.545945525 -0.824997187 -0.353204727 -0.389763325 -0.006848130 0.165170684 0.905956030
1413393985905760512.000000 0.553271770 -0.855623066 -0.304145515 -0.402224064 -0.008855699 0.178643748 0.897899747
1413393985955760384.000000 0.562673569 -0.883194864 -0.255732805 -0.415078461 -0.010454888 0.190230101 0.889614046
1413393986005760512.000000 0.574624360 -0.907036602 -0.208154082 -0.428216666 -0.009492560 0.200690538 0.881058335
1413393986055760384.000000 0.588582218 -0.927524924 -0.160832465 0.441319227 0.008086159 -0.209228307 -0.872579813
1413393986105760512.000000 0.587438941 -0.949820280 -0.114629120 -0.454352438 -0.004796979 0.219027981 0.863462567
1413393986155760384.000000 0.601345360 -0.964382768 -0.071031719 -0.466999978 -0.001140654 0.228356659 0.854261637
1413393986205760512.000000 0.614634812 -0.975670636 -0.028770953 -0.478712350 0.004631891 0.239783645 0.844580889
1413393986255760384.000000 0.628884137 -0.983505249 0.011283606 -0.490787864 0.011714638 0.250561148 0.834391534
1413393986305760512.000000 0.629233122 -0.996002316 0.054554045 -0.502726436 0.019194447 0.260335624 0.824089289
1413393986355760384.000000 0.643221378 -0.997909129 0.088327169 -0.515018821 0.024176726 0.269834697 0.813240707
1413393986405760512.000000 0.657025218 -0.995099008 0.118777364 -0.528219700 0.030036360 0.278325468 0.801633835
1413393986455760384.000000 0.669438541 -0.989277840 0.145006090 -0.541445553 0.033320460 0.285532176 0.790062010
1413393986505760512.000000 0.684410334 -0.981024802 0.167187601 0.556812406 -0.036481526 -0.285695076 -0.779106855
1413393986555760384.000000 0.684250236 -0.977555811 0.190483838 -0.575113058 0.035608437 0.279076785 0.768175244
1413393986605760512.000000 0.697068095 -0.963631451 0.204339474 -0.594747066 0.031626649 0.267448574 0.757460952
1413393986655760384.000000 0.709272206 -0.947383642 0.216185123 -0.613947928 0.025486423 0.254959404 0.746601701
1413393986705760512.000000 0.720465422 -0.930489898 0.226389527 -0.632457554 0.023714865 0.243118107 0.735070527
1413393986755760384.000000 0.734127045 -0.913122892 0.234759152 0.649817169 -0.022557946 -0.231933206 -0.723488629
1413393986805760512.000000 0.753100038 -0.893639565 0.249118805 -0.666706264 0.021131964 0.222401589 0.711051166
1413393986855760384.000000 0.765751898 -0.877454162 0.258239090 -0.681665599 0.020148415 0.213243440 0.699609458
1413393986905760512.000000 0.778264523 -0.862556100 0.268811882 -0.693745136 0.019364249 0.206884906 0.689595103
1413393986955760384.000000 0.790009320 -0.849163651 0.281103313 -0.702248573 0.017918425 0.206678376 0.681035995
1413393987005760512.000000 0.799311876 -0.837799191 0.295844436 0.707718372 -0.015738688 -0.211580396 -0.673884869
1413393987055760384.000000 0.808584571 -0.826945543 0.312498391 0.711696565 -0.013104586 -0.217371300 -0.667881787
1413393987105760512.000000 0.818766713 -0.823883235 0.334764123 0.714475453 -0.010530594 -0.223005697 -0.663085520
1413393987155760384.000000 0.824458659 -0.814565718 0.355717123 0.716408491 -0.008435532 -0.228091463 -0.659289002
1413393987205760512.000000 0.828864336 -0.805383503 0.378429413 0.717913985 -0.007063698 -0.232382640 -0.656161547
1413393987255760384.000000 0.833580732 -0.796031713 0.402554393 0.718496025 -0.004664684 -0.236516103 -0.654065669
1413393987305760512.000000 0.839613140 -0.786454558 0.427099109 0.719047129 -0.003313490 -0.239580885 -0.652350605
1413393987355760384.000000 0.853517890 -0.777339995 0.451721787 0.718951106 -0.002345611 -0.242138594 -0.651515782
1413393987405760512.000000 0.862227798 -0.767022192 0.477161527 0.718729675 -0.001162621 -0.243638769 -0.651203930
1413393987455760384.000000 0.872539759 -0.756498814 0.503089070 0.717987061 -0.001624793 -0.244817227 -0.651580036
1413393987505760512.000000 0.884081006 -0.745855629 0.529485941 0.717972219 -0.001685688 -0.245087147 -0.651494801
1413393987555760384.000000 0.896760583 -0.735272527 0.555891275 0.719221532 -0.002155896 -0.243171781 -0.650832772
1413393987605760512.000000 0.918620467 -0.721249700 0.580883980 0.721356332 -0.001622711 -0.241878748 -0.648950875
1413393987655760384.000000 0.932103276 -0.709488273 0.608225286 0.724340260 -0.002272127 -0.240283251 -0.646212041
1413393987705760512.000000 0.945360482 -0.697896719 0.636191547 0.727672458 -0.002746201 -0.240467772 -0.642386615
1413393987755760384.000000 0.958840728 -0.686262429 0.664866805 0.731270015 -0.005057941 -0.241348580 -0.637941539
1413393987805760512.000000 0.970392942 -0.675873697 0.694797873 0.733533442 -0.006189484 -0.244437829 -0.634145617
1413393987855760384.000000 0.991861999 -0.660699010 0.723370552 0.735408068 -0.009320414 -0.248196080 -0.630465627
1413393987905760512.000000 1.001716375 -0.649488688 0.755298674 0.736475646 -0.011453137 -0.252323598 -0.627539158
1413393987955760384.000000 1.009604216 -0.638067842 0.788330317 0.737918973 -0.013404532 -0.254557371 -0.624897182
1413393988005760512.000000 1.013464689 -0.626675248 0.822840393 0.739430726 -0.015074849 -0.255818248 -0.622552812
1413393988055760384.000000 1.020633221 -0.610757113 0.852731764 0.740460694 -0.015490949 -0.257833540 -0.620483696
1413393988105760512.000000 1.020669937 -0.598431706 0.888950586 0.742497623 -0.016160551 -0.256360412 -0.618640125
1413393988155760384.000000 1.017268896 -0.586470485 0.926459730 0.744943082 -0.016264142 -0.253269345 -0.616968334
1413393988205760512.000000 1.011559606 -0.574978590 0.965187490 0.747662008 -0.015344014 -0.249631792 -0.615182936
1413393988255760384.000000 1.008918762 -0.558336854 1.003281236 0.750075102 -0.013693583 -0.246129274 -0.613693953
1413393988305760512.000000 1.001049638 -0.546855688 1.044109225 0.752113998 -0.012651416 -0.242217213 -0.612776816
1413393988355760384.000000 0.994122148 -0.535592198 1.085691571 0.754264414 -0.011316921 -0.237402171 -0.612043679
1413393988405760512.000000 0.987830281 -0.524642944 1.128200531 0.756328523 -0.007775696 -0.232851356 -0.611299455
1413393988455760384.000000 0.982580185 -0.513425946 1.172468662 0.758410215 -0.000411305 -0.228380516 -0.610455751
1413393988505760512.000000 0.982837677 -0.498792887 1.210743189 0.760627806 0.010120906 -0.223490253 -0.609421849
1413393988555760384.000000 0.980796695 -0.488561392 1.257911563 0.762739480 0.019259768 -0.218079135 -0.608522058
1413393988605760512.000000 0.981008291 -0.478388667 1.307467461 0.764714539 0.025740802 -0.212907180 -0.607634425
1413393988655760384.000000 0.982913613 -0.468166947 1.359812498 0.764583588 0.023647778 -0.215222836 -0.607068241
1413393988705760512.000000 0.985653043 -0.456350207 1.413896322 0.763587773 0.020603735 -0.220953226 -0.606373549
1413393988755760384.000000 0.992097437 -0.444386244 1.465840101 0.761154592 0.011194300 -0.231894910 -0.605593204
1413393988805760512.000000 0.998054028 -0.433910370 1.524192810 0.758955300 0.002296863 -0.245518014 -0.603077531
1413393988855760384.000000 1.005798340 -0.423030615 1.582672358 0.755260348 -0.008080008 -0.265512288 -0.599182665
1413393988905760512.000000 1.017255187 -0.411250353 1.639463305 0.751552105 -0.019429913 -0.287012339 -0.593646228
1413393988955760384.000000 1.034324169 -0.395887375 1.691385269 0.749394417 -0.028118841 -0.306268841 -0.586358964
1413393989005760512.000000 1.049458385 -0.385305882 1.736183882 0.747884750 -0.036166511 -0.323994309 -0.578263044
1413393989055760384.000000 1.070372462 -0.371025801 1.780568957 0.746680200 -0.042137362 -0.340220064 -0.570038199
1413393989105760512.000000 1.093792200 -0.355715036 1.819075346 0.745059669 -0.047806680 -0.356319219 -0.561815977
1413393989155760384.000000 1.119574070 -0.339695454 1.850461602 0.744172037 -0.050602242 -0.370153576 -0.553745210
1413393989205760512.000000 1.147373915 -0.321887732 1.872857571 0.744465292 -0.049988016 -0.380263090 -0.546509504
1413393989255760384.000000 1.175517321 -0.303256273 1.887199998 0.747563720 -0.045229450 -0.383633018 -0.540304124
1413393989305760512.000000 1.208215952 -0.281133890 1.893786669 0.759583533 -0.033014409 -0.366478056 -0.536317825
1413393989355760384.000000 1.241739273 -0.256975174 1.895404100 0.773844719 -0.022216888 -0.341375858 -0.533041716
1413393989405760512.000000 1.275560141 -0.231337547 1.893792748 0.788037658 -0.015561589 -0.313627452 -0.529520869
1413393989455760384.000000 1.305889010 -0.204874516 1.891329527 0.800758600 -0.012205638 -0.286078900 -0.526113808
1413393989505760512.000000 1.334776282 -0.177429438 1.890146017 0.810085714 -0.011131433 -0.263997227 -0.523395360
1413393989555760384.000000 1.360236168 -0.150491953 1.891359091 0.816625118 -0.011959827 -0.247810692 -0.521124125
1413393989605760512.000000 1.381867647 -0.124348164 1.895760417 0.820195854 -0.011819011 -0.239657953 -0.519329548
1413393989655760384.000000 1.400697231 -0.102021456 1.903194666 0.822143435 -0.010989480 -0.235767141 -0.518047631
1413393989705760512.000000 1.416250467 -0.077525854 1.913151622 0.823052227 -0.009433596 -0.237850145 -0.515677750
1413393989755760384.000000 1.429467320 -0.053748131 1.925673127 0.823834777 -0.009000503 -0.242046639 -0.512473166
1413393989805760512.000000 1.440485477 -0.030873060 1.940767527 0.824678719 -0.010680576 -0.247996256 -0.508221269
1413393989855760384.000000 1.449600697 -0.007462263 1.957690716 0.825919747 -0.017153803 -0.254791111 -0.502636969
1413393989905760512.000000 1.452245951 0.007422686 1.977699041 0.827432513 -0.025198495 -0.262203783 -0.495953321
1413393989955760384.000000 1.457731724 0.027869225 1.997426748 0.829835474 -0.035742391 -0.268880248 -0.487646371
1413393990005760512.000000 1.461058617 0.046536922 2.018213511 0.833294928 -0.047671489 -0.275389761 -0.476977438
1413393990055760384.000000 1.462512970 0.063226938 2.038940668 0.838980794 -0.054797780 -0.278941154 -0.464004636
1413393990105760512.000000 1.462701082 0.076130152 2.060437441 0.845840573 -0.059153132 -0.281548828 -0.449204862
1413393990155760384.000000 1.459895372 0.087919712 2.081884861 0.853467762 -0.061599240 -0.283993125 -0.432603955
1413393990205760512.000000 1.454862714 0.097556353 2.103696108 0.861212671 -0.063245483 -0.286892116 -0.414735645
1413393990255760384.000000 1.447528958 0.104646921 2.126073599 0.868476093 -0.063868158 -0.291399986 -0.395924449
1413393990305760512.000000 1.437991142 0.106762886 2.146442413 0.874753058 -0.065114394 -0.298121005 -0.376418740
1413393990355760384.000000 1.427679539 0.108761787 2.169494629 0.880034149 -0.066001423 -0.306840152 -0.356416702
1413393990405760512.000000 1.418154836 0.108175755 2.191580057 0.885218740 -0.067431703 -0.314633012 -0.335926890
1413393990455760384.000000 1.409443617 0.105064392 2.212339878 0.889745116 -0.071454369 -0.322253078 -0.315279186
1413393990505760512.000000 1.402543783 0.098954439 2.230162144 0.893135667 -0.075310238 -0.330960095 -0.295131534
1413393990555760384.000000 1.394706726 0.091150999 2.248275757 0.895070970 -0.078415468 -0.341469139 -0.275858521
1413393990605760512.000000 1.386600137 0.080974102 2.264683723 0.894551635 -0.078861356 -0.356772542 -0.257432699
1413393990655760384.000000 1.378203869 0.068560123 2.278594494 0.892133176 -0.074364506 -0.375212431 -0.240383074
1413393990705760512.000000 1.368107319 0.057875395 2.280466795 0.887498379 -0.060813095 -0.397088706 -0.225763112
1413393990755760384.000000 1.359511137 0.042702198 2.286391735 0.883901358 -0.040552933 -0.414181739 -0.213371322
1413393990805760512.000000 1.350975275 0.027556419 2.287211418 0.880371928 -0.018901231 -0.428168058 -0.203126311
1413393990855760384.000000 1.342021227 0.014006972 2.282144308 0.877078176 0.002171814 -0.438955843 -0.195056304
1413393990905760512.000000 1.335717201 0.001795888 2.267055511 0.876217604 0.019390829 -0.442940980 -0.188865200
1413393990955760384.000000 1.328379631 -0.005575657 2.248487473 0.880500615 0.035636496 -0.435044736 -0.184891492
1413393991005760512.000000 1.321986914 -0.008491993 2.223828793 0.889119864 0.046931352 -0.416645557 -0.183493599
1413393991055760384.000000 1.316212058 -0.006371498 2.193770885 0.900106966 0.053579707 -0.391626477 -0.183208793
1413393991105760512.000000 1.308844805 0.002851367 2.155783653 0.912518620 0.053204540 -0.361538172 -0.183764070
1413393991155760384.000000 1.304614663 0.014127374 2.121608257 0.925222218 0.047615997 -0.327655286 -0.185306847
1413393991205760512.000000 1.300939679 0.028581738 2.088126898 0.936640561 0.036309045 -0.294191867 -0.186647817
1413393991255760384.000000 1.297677040 0.044716954 2.056480408 0.946282268 0.024265639 -0.261430204 -0.188720450
1413393991305760512.000000 1.291882753 0.067082047 2.024714470 0.953842640 0.012256213 -0.231696784 -0.190658465
1413393991355760384.000000 1.290080190 0.085056186 2.003722668 0.957532585 -0.003297779 -0.213893428 -0.193313509
1413393991405760512.000000 1.289212704 0.102495074 1.988746047 0.958631933 -0.017431090 -0.205745831 -0.195933029
1413393991455760384.000000 1.287754059 0.120617151 1.977998376 0.955380917 -0.029077314 -0.216382682 -0.198948473
1413393991505760512.000000 1.284702778 0.137218595 1.972196817 0.948864996 -0.040125433 -0.239174783 -0.202090606
1413393991555760384.000000 1.286085963 0.150034785 1.973112941 0.941099823 -0.052215703 -0.263694614 -0.205109552
1413393991605760512.000000 1.288445711 0.160317898 1.976973534 0.931593120 -0.063474633 -0.291463554 -0.207736209
1413393991655760384.000000 1.291515112 0.167721272 1.982199550 0.921212375 -0.072852597 -0.319572717 -0.209603578
1413393991705760512.000000 1.294549227 0.174844503 1.984269381 0.911706090 -0.077541843 -0.344241232 -0.210421890
1413393991755760384.000000 1.300702810 0.175794840 1.986490846 0.904296458 -0.079792768 -0.362860411 -0.210269958
1413393991805760512.000000 1.307862401 0.173525572 1.985114813 0.899664044 -0.078285292 -0.375056833 -0.209304824
1413393991855760384.000000 1.317402720 0.168605447 1.978186131 0.901579738 -0.072194375 -0.372423261 -0.207949325
1413393991905760512.000000 1.327121973 0.163534284 1.964365244 0.908756018 -0.057744991 -0.357824922 -0.206856012
1413393991955760384.000000 1.339157343 0.154651046 1.949854016 0.919151962 -0.041318491 -0.333314747 -0.205800354
1413393992005760512.000000 1.351719618 0.145030260 1.934824467 0.928923190 -0.030410152 -0.306636423 -0.205307111
1413393992055760384.000000 1.363852620 0.135021925 1.921231508 0.936810017 -0.021401586 -0.282708168 -0.204951435
1413393992105760512.000000 1.376568913 0.127859712 1.908105969 0.942242861 -0.015225425 -0.265024751 -0.204226702
1413393992155760384.000000 1.386140347 0.116957307 1.901195049 0.943388760 -0.011403508 -0.261179566 -0.204139486
1413393992205760512.000000 1.393753052 0.105997682 1.898369670 0.939781785 -0.005646324 -0.274179131 -0.203971237
1413393992255760384.000000 1.400674820 0.095117092 1.898083806 0.934012294 -0.000195128 -0.293598473 -0.203521550
1413393992305760512.000000 1.408932209 0.086374760 1.898061872 0.927050233 0.002115855 -0.315294296 -0.202886432
1413393992355760384.000000 1.416599035 0.077212691 1.901261926 0.919025660 -0.006312643 -0.338344485 -0.202175602
1413393992405760512.000000 1.424240589 0.069013834 1.904033184 0.911367178 -0.018057818 -0.358375311 -0.201620892
1413393992455760384.000000 1.430705428 0.061382651 1.905822754 0.905473530 -0.032531664 -0.372490257 -0.200774387
1413393992505760512.000000 1.436395884 0.056249976 1.902052641 0.902895570 -0.044684183 -0.377985835 -0.199774146
1413393992555760384.000000 1.440311670 0.048299551 1.898839355 0.904207110 -0.052532867 -0.374208778 -0.199041799
1413393992605760512.000000 1.441235900 0.039598465 1.893251777 0.908736110 -0.055625141 -0.362925529 -0.198468268
1413393992655760384.000000 1.441048145 0.029402018 1.885528564 0.917094052 -0.050784916 -0.342176229 -0.198178977
1413393992705760512.000000 1.441882372 0.017179966 1.876320362 0.926926553 -0.043101460 -0.315700054 -0.198199347
1413393992755760384.000000 1.440618157 0.005160213 1.868006229 0.935998738 -0.034526478 -0.288651913 -0.198480189
1413393992805760512.000000 1.439343452 -0.007749200 1.861790895 0.942872703 -0.026170343 -0.266174883 -0.198638171
1413393992855760384.000000 1.435482979 -0.022876382 1.857569814 0.946822643 -0.017601896 -0.252231419 -0.198988721
1413393992905760512.000000 1.439036846 -0.034235597 1.861634254 0.947545707 -0.011210371 -0.249558121 -0.199379683
1413393992955760384.000000 1.438455343 -0.049050450 1.866501689 0.945009232 -0.004799371 -0.259305120 -0.199237272
1413393993005760512.000000 1.439106464 -0.063887715 1.874918699 0.940363228 0.001527863 -0.275779277 -0.199149698
1413393993055760384.000000 1.441134930 -0.078415513 1.886207700 0.934840500 0.007459709 -0.293873519 -0.199138403
1413393993105760512.000000 1.443715215 -0.093570590 1.894522190 0.929646730 0.009985331 -0.310287684 -0.198440939
1413393993155760384.000000 1.447520256 -0.105822086 1.908612609 0.922477543 0.009214951 -0.331199646 -0.198133841
1413393993205760512.000000 1.459164619 -0.116111755 1.930462360 0.913830221 0.006391949 -0.354671091 -0.197691455
1413393993255760384.000000 1.462468982 -0.125213265 1.943201542 0.903761744 0.006138497 -0.380225390 -0.196483597
1413393993305760512.000000 1.465811849 -0.132428765 1.953166962 0.893460453 0.006130484 -0.404287130 -0.195557490
1413393993355760384.000000 1.469244123 -0.137496829 1.958844662 0.885729551 0.008605454 -0.421335131 -0.194642976
1413393993405760512.000000 1.476224780 -0.141756654 1.961660147 0.881099939 0.014110527 -0.431013912 -0.194141522
1413393993455760384.000000 1.480193496 -0.141491413 1.955211878 0.880329072 0.020345703 -0.432274759 -0.194281697
1413393993505760512.000000 1.484378099 -0.137871861 1.942037106 0.884628177 0.023583533 -0.423015296 -0.194768876
1413393993555760384.000000 1.489939094 -0.130786896 1.923398972 0.893229723 0.023539124 -0.404277682 -0.195310697
1413393993605760512.000000 1.499363184 -0.123691440 1.907634258 0.904300749 0.020529497 -0.378582776 -0.196198627
1413393993655760384.000000 1.505658388 -0.111084580 1.882237673 0.916606367 0.016266346 -0.347379565 -0.197219923
1413393993705760512.000000 1.506249189 -0.092327476 1.846889615 0.928252935 0.011156647 -0.315017343 -0.197449028
1413393993755760384.000000 1.517333269 -0.080878854 1.831921697 0.938423693 0.006123605 -0.283164293 -0.197842211
1413393993805760512.000000 1.517106533 -0.064445972 1.808657169 0.945952356 0.002143332 -0.257028103 -0.197752461
1413393993855760384.000000 1.513575792 -0.048527360 1.793495297 0.951703072 -0.001219791 -0.235167548 -0.197372913
1413393993905760512.000000 1.505723000 -0.032805681 1.783845544 0.955955029 -0.004227109 -0.217607349 -0.196924224
1413393993955760384.000000 1.495407701 -0.017377734 1.780388713 0.959569037 -0.007974512 -0.201521486 -0.196348995
1413393994005760512.000000 1.500170231 -0.005770326 1.785356164 0.961711347 -0.013340672 -0.190843359 -0.196245432
1413393994055760384.000000 1.493790030 0.007482052 1.794203877 0.962879121 -0.022719918 -0.183668748 -0.196503401
1413393994105760512.000000 1.493730068 0.018325090 1.809773445 0.962591410 -0.032526229 -0.183781356 -0.196428984
1413393994155760384.000000 1.501344919 0.026587844 1.833020568 0.961205959 -0.043211345 -0.188043490 -0.197118372
1413393994205760512.000000 1.515338182 0.031525373 1.861926436 0.958789825 -0.053975530 -0.196624503 -0.197857633
1413393994255760384.000000 1.526952624 0.024261832 1.915584683 0.955074847 -0.061036713 -0.211285025 -0.198658809
1413393994305760512.000000 1.552338243 0.022597194 1.952324510 0.949156046 -0.067446560 -0.233654529 -0.199898601
1413393994355760384.000000 1.582223058 0.016810298 1.991617918 0.941886008 -0.064192571 -0.261994243 -0.200222790
1413393994405760512.000000 1.611873150 0.007943988 2.034133434 0.932722867 -0.059974372 -0.293564290 -0.200627133
1413393994455760384.000000 1.625568032 -0.007807851 2.095676661 0.921365499 -0.053332157 -0.328336716 -0.201087952
1413393994505760512.000000 1.645739079 -0.020470858 2.143001795 0.908297658 -0.044747230 -0.364525646 -0.200285241
1413393994555760384.000000 1.660211563 -0.033887267 2.191111326 0.894624412 -0.036409728 -0.398466110 -0.198862702
1413393994605760512.000000 1.668972969 -0.047534943 2.240380287 0.881239712 -0.028677009 -0.428807735 -0.196769506
1413393994655760384.000000 1.671331644 -0.064148307 2.290435076 0.868365884 -0.022075169 -0.456112236 -0.193429738
1413393994705760512.000000 1.669517994 -0.076225400 2.331121445 0.857578576 -0.016402401 -0.477718234 -0.189934835
1413393994755760384.000000 1.662951231 -0.087122560 2.365594149 0.851034820 -0.008372884 -0.490841419 -0.186398521
1413393994805760512.000000 1.657922983 -0.095644712 2.387590170 0.852569401 0.002562991 -0.489052653 -0.184245527
1413393994855760384.000000 1.647645950 -0.099977016 2.399933338 0.861783862 0.010753136 -0.472925484 -0.183178782
1413393994905760512.000000 1.641431808 -0.101330996 2.403317213 0.874681056 0.016279021 -0.448751271 -0.182456762
1413393994955760384.000000 1.633158684 -0.099422574 2.401535988 0.887348413 0.016139591 -0.423416674 -0.181853622
1413393995005760512.000000 1.623198986 -0.095480084 2.398198366 0.898411095 0.011530138 -0.400057495 -0.180772409
1413393995055760384.000000 1.611313343 -0.089030504 2.391491413 0.907323956 0.002835152 -0.380058557 -0.179752097
1413393995105760512.000000 1.597536922 -0.081164718 2.383777857 0.914361596 -0.009238258 -0.362810314 -0.179516852
1413393995155760384.000000 1.581819057 -0.072279930 2.375640631 0.918488741 -0.021067524 -0.350966901 -0.180988625
1413393995205760512.000000 1.564152002 -0.064074039 2.373310328 0.920287251 -0.038762141 -0.342693329 -0.184743464
1413393995255760384.000000 1.544432044 -0.055110216 2.365520239 0.920033932 -0.052485600 -0.337832123 -0.191447958
1413393995305760512.000000 1.523119450 -0.047200680 2.357973099 0.917954028 -0.062994599 -0.336542785 -0.200327486
1413393995355760384.000000 1.494276762 -0.032270193 2.326033115 0.914719820 -0.070709340 -0.336704969 -0.211937845
1413393995405760512.000000 1.473057270 -0.027467489 2.316612482 0.911261916 -0.075426839 -0.336170882 -0.225614130
1413393995455760384.000000 1.452807426 -0.025075912 2.305368900 0.907638669 -0.078209497 -0.334744304 -0.240876779
1413393995505760512.000000 1.430853724 -0.022786617 2.286824226 0.903648436 -0.077655196 -0.333285838 -0.257506788
1413393995555760384.000000 1.411847591 -0.027080297 2.275129795 0.899971187 -0.075298652 -0.329303592 -0.275574327
1413393995605760512.000000 1.393004894 -0.032598972 2.260565042 0.896286845 -0.070900403 -0.323887378 -0.294516772
1413393995655760384.000000 1.374736428 -0.040118694 2.245115280 0.892196715 -0.064828970 -0.316939950 -0.315168858
1413393995705760512.000000 1.356352091 -0.048310757 2.226991177 0.888379812 -0.057125688 -0.306992412 -0.336561501
1413393995755760384.000000 1.341573954 -0.057581902 2.201669455 0.883717179 -0.050112415 -0.296361178 -0.358751833
1413393995805760512.000000 1.325730443 -0.069385767 2.185024738 0.877822816 -0.045074549 -0.286071986 -0.381520927
1413393995855760384.000000 1.310551167 -0.082592964 2.169179678 0.870795608 -0.043073904 -0.276353925 -0.404336780
1413393995905760512.000000 1.295711160 -0.097435713 2.154515266 0.862515569 -0.043047089 -0.268224001 -0.426930636
1413393995955760384.000000 1.281760931 -0.111128569 2.134166718 0.853902638 -0.042796154 -0.260158271 -0.448705286
1413393996005760512.000000 1.267507195 -0.129741192 2.121252775 0.845367491 -0.043536775 -0.252942473 -0.468485385
1413393996055760384.000000 1.253362894 -0.150663137 2.109454393 0.837255597 -0.044374112 -0.247334331 -0.485653937
1413393996105760512.000000 1.239163160 -0.172317028 2.098501444 0.829957485 -0.045999885 -0.242929354 -0.500039876
1413393996155760384.000000 1.229635239 -0.198075771 2.085036278 0.822781920 -0.050494716 -0.241422191 -0.512050390
1413393996205760512.000000 1.215687752 -0.225289583 2.076479673 0.815235794 -0.054570682 -0.244190022 -0.522287309
1413393996255760384.000000 1.200692892 -0.255073309 2.068844795 0.807316422 -0.053813443 -0.252170920 -0.530805290
1413393996305760512.000000 1.185549259 -0.287176847 2.061320305 0.800867915 -0.050127588 -0.259205282 -0.537504017
1413393996355760384.000000 1.171391010 -0.320338964 2.050718784 0.795146048 -0.043834023 -0.266487300 -0.542960286
1413393996405760512.000000 1.153866053 -0.354993820 2.043363333 0.791327417 -0.036764067 -0.271138757 -0.546747804
1413393996455760384.000000 1.133612633 -0.390368938 2.036803722 0.787998497 -0.029943423 -0.275965780 -0.549549401
1413393996505760512.000000 1.110795975 -0.426171064 2.030958891 0.785230398 -0.024326507 -0.280728340 -0.551373780
1413393996555760384.000000 1.089836836 -0.461758852 2.024323463 0.782987058 -0.018278845 -0.286042571 -0.552065969
1413393996605760512.000000 1.062482238 -0.496848583 2.019445896 0.781162798 -0.012954044 -0.290476888 -0.552485466
1413393996655760384.000000 1.035058737 -0.530817032 2.014557600 0.778883100 -0.008627204 -0.294267833 -0.553780735
1413393996705760512.000000 1.008670449 -0.563418865 2.009163857 0.776748359 -0.005508568 -0.296303421 -0.555730164
1413393996755760384.000000 0.987128973 -0.593232393 2.002471685 0.774493039 -0.003299268 -0.297204018 -0.558408082
1413393996805760512.000000 0.963512063 -0.622040033 1.995183229 0.772838235 -0.001291389 -0.294101954 -0.562337577
1413393996855760384.000000 0.941416204 -0.648994207 1.987562180 0.770642877 0.000543105 -0.290449947 -0.567228436
1413393996905760512.000000 0.920662880 -0.674386978 1.979717851 0.768055260 0.002281543 -0.286623955 -0.572654068
1413393996955760384.000000 0.905279756 -0.698073149 1.972594023 0.764589846 0.005018399 -0.283606529 -0.578743935
1413393997005760512.000000 0.887384772 -0.720194101 1.964594841 0.760936081 0.006942753 -0.280720264 -0.584913909
1413393997055760384.000000 0.870677233 -0.740696907 1.956334233 0.757124126 0.007908899 -0.279358387 -0.590473890
1413393997105760512.000000 0.855040193 -0.759220839 1.947937489 0.754019320 0.009930738 -0.277313083 -0.595360160
1413393997155760384.000000 0.842506111 -0.775628328 1.940189362 0.751395881 0.009875891 -0.275736302 -0.599396586
1413393997205760512.000000 0.829815567 -0.790629148 1.931465983 0.749888778 0.007684868 -0.272136152 -0.602950811
1413393997255760384.000000 0.818100572 -0.804179430 1.922911406 0.748811662 0.005100583 -0.268022627 -0.606151044
1413393997305760512.000000 0.806815982 -0.816485167 1.914730549 0.747968972 0.003170403 -0.263812602 -0.609044552
1413393997355760384.000000 0.796513677 -0.827863455 1.909364581 0.747347772 0.001263268 -0.260086060 -0.611412346
1413393997405760512.000000 0.781416297 -0.837985992 1.903990388 0.746590972 -0.000737830 -0.257708848 -0.613341391
1413393997455760384.000000 0.762200832 -0.847369432 1.900758266 0.745927513 -0.001650145 -0.255890548 -0.614906192
1413393997505760512.000000 0.739815176 -0.856341600 1.899330020 0.745237708 -0.002592752 -0.255025178 -0.616097569
1413393997555760384.000000 0.715891182 -0.865283966 1.898816586 0.745328307 -0.003831677 -0.252813309 -0.616892636
1413393997605760512.000000 0.693837821 -0.874369621 1.901341558 0.745211780 -0.005499142 -0.251192212 -0.617682576
1413393997655760384.000000 0.672555149 -0.882719994 1.902406096 0.745769143 -0.006923260 -0.248825237 -0.617953420
1413393997705760512.000000 0.652823925 -0.890854359 1.904076099 0.745522857 -0.007489123 -0.249064028 -0.618147790
1413393997755760384.000000 0.635382831 -0.898774385 1.905864000 0.745235026 -0.007019506 -0.249633104 -0.618270934
1413393997805760512.000000 0.620775044 -0.907682180 1.910037041 0.745350778 -0.005316744 -0.250676244 -0.617726028
1413393997855760384.000000 0.607256830 -0.915373564 1.912559748 0.745248854 -0.003974499 -0.251806438 -0.617399335
1413393997905760512.000000 0.595208049 -0.922735214 1.915499687 0.745409846 -0.002596163 -0.252830833 -0.616793394
1413393997955760384.000000 0.584537446 -0.929571867 1.919033170 0.745808303 -0.001342859 -0.253817946 -0.615909696
1413393998005760512.000000 0.575664103 -0.935958147 1.924844265 0.746257424 -0.000294448 -0.254238635 -0.615193129
1413393998055760384.000000 0.567274868 -0.941365242 1.929602742 0.746545017 0.001261248 -0.255448878 -0.614341021
1413393998105760512.000000 0.559907198 -0.946177959 1.935004950 0.747285306 0.002219199 -0.256130576 -0.613153219
1413393998155760384.000000 0.553231478 -0.950288057 1.941106558 0.748420119 0.002661722 -0.256586730 -0.611574709
1413393998205760512.000000 0.547871530 -0.954514980 1.950363398 0.750141919 0.002480707 -0.256044298 -0.609690428
1413393998255760384.000000 0.543549061 -0.957501173 1.957964420 0.751474142 0.002398927 -0.256306589 -0.607937396
1413393998305760512.000000 0.540605187 -0.959767580 1.966177464 0.752895713 0.000842951 -0.256269068 -0.606195986
1413393998355760384.000000 0.539139271 -0.961329460 1.975299001 0.753827929 -0.000022509 -0.256937534 -0.604753375
1413393998405760512.000000 0.538537264 -0.961930513 1.984239817 0.753718257 0.000753521 -0.260732532 -0.603263557
1413393998455760384.000000 0.539625585 -0.962660313 1.995889187 0.752741396 0.000358443 -0.266608983 -0.601913452
1413393998505760512.000000 0.542574644 -0.961845875 2.006077766 0.751719296 -0.003094082 -0.272550404 -0.600520492
1413393998555760384.000000 0.546531320 -0.960286140 2.016261578 0.751045942 -0.007111750 -0.276888549 -0.599343121
1413393998605760512.000000 0.550551593 -0.958069801 2.026581049 0.750201106 -0.015015041 -0.280998647 -0.598341584
1413393998655760384.000000 0.554623783 -0.955287218 2.036643982 0.749763370 -0.023089007 -0.283483684 -0.597460389
1413393998705760512.000000 0.556586683 -0.952329636 2.047018528 0.748759985 -0.031695593 -0.286328971 -0.596967101
1413393998755760384.000000 0.557320476 -0.949354410 2.056627274 0.747646213 -0.038791746 -0.288888842 -0.596710682
1413393998805760512.000000 0.556836367 -0.943497896 2.065142393 0.747305870 -0.043974776 -0.289205998 -0.596623957
1413393998855760384.000000 0.555677831 -0.940845013 2.072188139 0.747461021 -0.045541715 -0.288190454 -0.596803486
1413393998905760512.000000 0.553492308 -0.938849211 2.078238010 0.748038769 -0.043532565 -0.286333591 -0.597123146
1413393998955760384.000000 0.550668955 -0.937065840 2.082640648 0.749969721 -0.037814084 -0.281224191 -0.597518623
1413393999005760512.000000 0.547010541 -0.934170246 2.085690975 0.752719522 -0.031629376 -0.273895591 -0.597824574
1413393999055760384.000000 0.543332934 -0.932998180 2.089184761 0.755746603 -0.025001416 -0.265943021 -0.597909927
1413393999105760512.000000 0.538635015 -0.932156086 2.092991829 0.757986248 -0.016388288 -0.259803146 -0.598072469
1413393999155760384.000000 0.532599926 -0.931897640 2.097022057 0.758679032 -0.008004786 -0.258256108 -0.598035038
1413393999205760512.000000 0.526989222 -0.929692268 2.100931168 0.758545220 -0.001885232 -0.259296566 -0.597805083
1413393999255760384.000000 0.520628333 -0.928476572 2.107417583 0.757381320 0.001508011 -0.262864500 -0.597723722
1413393999305760512.000000 0.514437854 -0.926261663 2.114655495 0.755071342 0.000390086 -0.269720435 -0.597593486
1413393999355760384.000000 0.507574260 -0.923763514 2.123002529 0.752567589 -0.005087865 -0.277011812 -0.597394943
1413393999405760512.000000 0.502457440 -0.917788744 2.128358603 0.750332057 -0.011118152 -0.283233732 -0.597207606
1413393999455760384.000000 0.496365517 -0.913238049 2.135996819 0.748476386 -0.015267365 -0.288380116 -0.596981585
1413393999505760512.000000 0.491075635 -0.907879353 2.142553091 0.747629046 -0.020206997 -0.291195720 -0.596529603
1413393999555760384.000000 0.485814691 -0.900477648 2.147848845 0.746968687 -0.025122637 -0.293540806 -0.596020460
1413393999605760512.000000 0.479618222 -0.894840479 2.151909828 0.746956408 -0.031164819 -0.294069976 -0.595489621
1413393999655760384.000000 0.474498212 -0.886542082 2.153810024 0.746943653 -0.035112429 -0.294209301 -0.595216990
1413393999705760512.000000 0.468603402 -0.878338814 2.154763699 0.746910691 -0.038543273 -0.294393450 -0.594954967
1413393999755760384.000000 0.460511923 -0.869579077 2.154650688 0.746557534 -0.041089937 -0.294767559 -0.595042467
1413393999805760512.000000 0.450506836 -0.860897779 2.153750896 0.746505141 -0.043376323 -0.294227690 -0.595213234
1413393999855760384.000000 0.437648833 -0.852306604 2.152273893 0.745793045 -0.044604320 -0.295435399 -0.595416784
1413393999905760512.000000 0.422304779 -0.845059633 2.150593996 0.745328486 -0.045642734 -0.295466453 -0.595904171
1413393999955760384.000000 0.405909657 -0.836996794 2.147148132 0.746100545 -0.043093000 -0.292488068 -0.596596837
1413394000005760512.000000 0.389396757 -0.832107544 2.145328999 0.750604808 -0.036125083 -0.281353474 -0.596764386
1413394000055760384.000000 0.383847147 -0.827958584 2.141272545 0.758999765 -0.022111492 -0.263423860 -0.595011234
1413394000105760512.000000 0.389792323 -0.826331615 2.139755964 0.756501377 -0.027887117 -0.268910557 -0.595495760
1413394000155760384.000000 0.400361896 -0.826990604 2.136600018 0.762217283 -0.023917913 -0.256389678 -0.593899965
1413394000205760512.000000 0.405798405 -0.829365492 2.137901306 0.767019093 -0.017067075 -0.246566013 -0.592111290
1413394000255760384.000000 0.403151453 -0.830915689 2.140719414 0.770233393 -0.007423361 -0.241300866 -0.590304554
1413394000305760512.000000 0.392630011 -0.836237192 2.148941278 0.772525370 -0.007902238 -0.245141089 -0.585703075
1413394000355760384.000000 0.384447873 -0.838161945 2.146328449 0.767450690 -0.037364930 -0.263157487 -0.583413541
1413394000405760512.000000 0.389695466 -0.839735508 2.141196966 0.769647419 -0.028956193 -0.255073220 -0.584587157
1413394000455760384.000000 0.389326274 -0.838374376 2.142179012 0.769270658 -0.025804752 -0.256402761 -0.584649026
1413394000505760512.000000 0.384484947 -0.837609768 2.144563437 0.768542767 -0.025174459 -0.259071797 -0.584457099
1413394000555760384.000000 0.385889292 -0.837787628 2.142192602 0.769066036 -0.027344782 -0.257181585 -0.584506094
1413394000605760512.000000 0.386613667 -0.838129282 2.142650366 0.768715680 -0.031813778 -0.258063734 -0.584352076
1413394000655760384.000000 0.385095388 -0.837065935 2.142992496 0.769494355 -0.026384357 -0.255929828 -0.584536016
1413394000705760512.000000 0.385935426 -0.838675976 2.143755674 0.768617928 -0.029177973 -0.258514315 -0.584419012
1413394000755760384.000000 0.385390729 -0.838324785 2.143013954 0.768986762 -0.027333962 -0.257329911 -0.584545672
1413394000805760512.000000 0.385724127 -0.838659525 2.143754721 0.768950045 -0.029905237 -0.257503718 -0.584391534
1413394000855760384.000000 0.385770530 -0.838274479 2.143389225 0.769193590 -0.028025404 -0.256736875 -0.584501505
1413394000905760512.000000 0.385492563 -0.837530613 2.143034220 0.768764079 -0.029375298 -0.258124501 -0.584389210
1413394000955760384.000000 0.385631949 -0.837058067 2.142733097 0.769010663 -0.028422380 -0.257358581 -0.584449649
1413394001005760512.000000 0.385414869 -0.836668253 2.142621040 0.768881559 -0.029516626 -0.257722378 -0.584404945
1413394001055760384.000000 0.385222077 -0.836302519 2.142262936 0.769001484 -0.028782504 -0.257450700 -0.584403574
1413394001105760512.000000 0.385083318 -0.835916758 2.142585754 0.768748641 -0.029243557 -0.258180320 -0.584391475
1413394001155760384.000000 0.385087997 -0.835955143 2.142459869 0.768981040 -0.028978724 -0.257427543 -0.584430933
1413394001205760512.000000 0.384920478 -0.836272955 2.142482519 0.768852592 -0.029425848 -0.257981956 -0.584333181
1413394001255760384.000000 0.385035366 -0.836801052 2.142812729 0.768838108 -0.028975055 -0.257779419 -0.584464014
1413394001305760512.000000 0.385365725 -0.838081360 2.143343687 0.768850267 -0.029359991 -0.257847071 -0.584399045
1413394001355760384.000000 0.385344028 -0.838553905 2.143419981 0.768974245 -0.029106058 -0.257639050 -0.584340394
1413394001405760512.000000 0.385362417 -0.838080645 2.143229961 0.768808424 -0.029388811 -0.257838637 -0.584456384
1413394001455760384.000000 0.385233194 -0.838148117 2.143121481 0.768892825 -0.029150801 -0.257753402 -0.584394753
1413394001505760512.000000 0.385217696 -0.838204861 2.143167734 0.768882751 -0.029413013 -0.257811517 -0.584369242
1413394001555760384.000000 0.385187328 -0.838302374 2.143159628 0.768865526 -0.029191950 -0.257892817 -0.584367216
1413394001605760512.000000 0.385230929 -0.838508129 2.143296242 0.768829882 -0.029378947 -0.257994473 -0.584359825
1413394001655760384.000000 0.385292202 -0.838778973 2.143407106 0.768854916 -0.029372247 -0.257907808 -0.584365487
1413394001705760512.000000 0.385343164 -0.838910341 2.143489122 0.768772602 -0.029417444 -0.258020699 -0.584421635
1413394001755760384.000000 0.385382265 -0.838966370 2.143573761 0.768770397 -0.029440634 -0.257999837 -0.584432662
1413394001805760512.000000 0.385210931 -0.838801861 2.143633842 0.768755794 -0.029539505 -0.257941812 -0.584472358
1413394001855760384.000000 0.385163516 -0.838775158 2.143591642 0.768732667 -0.029529162 -0.257994592 -0.584480107
1413394001905760512.000000 0.385380298 -0.838978052 2.143530846 0.768697023 -0.029621987 -0.258082002 -0.584483743
1413394001955760384.000000 0.385428578 -0.838840961 2.143471003 0.768687427 -0.029652020 -0.258128703 -0.584474206
1413394002005760512.000000 0.385397762 -0.838638783 2.143424749 0.768726528 -0.029654898 -0.258194327 -0.584393680
1413394002055760384.000000 0.385360420 -0.838485479 2.143311024 0.768780053 -0.029655641 -0.258173704 -0.584332228
1413394002105760512.000000 0.385360658 -0.838514090 2.143318653 0.768813550 -0.029699096 -0.258166969 -0.584289014
1413394002155760384.000000 0.385318398 -0.838450909 2.143305779 0.768778384 -0.029715676 -0.258242935 -0.584300816
1413394002205760512.000000 0.385378629 -0.838527203 2.143409729 0.768763900 -0.029736897 -0.258291870 -0.584297180
1413394002255760384.000000 0.385352224 -0.838664055 2.143521547 0.768786728 -0.029787360 -0.258194417 -0.584307671
1413394002305760512.000000 0.385105640 -0.838953257 2.143758535 0.768761992 -0.029785832 -0.258193016 -0.584340811
1413394002355760384.000000 0.385063857 -0.838986158 2.143801451 0.768782556 -0.029872129 -0.258207202 -0.584303081
1413394002405760512.000000 0.385064811 -0.839054823 2.143860817 0.768785298 -0.029842189 -0.258192778 -0.584307492
1413394002455760384.000000 0.385435998 -0.838592768 2.143264055 0.768723309 -0.029899130 -0.258287162 -0.584344327
1413394002505760512.000000 0.385356158 -0.838570356 2.143256903 0.768713534 -0.029891916 -0.258312881 -0.584346235
1413394002555760384.000000 0.385228157 -0.838647604 2.143353462 0.768720448 -0.029868424 -0.258320212 -0.584335148
1413394002605760512.000000 0.385152459 -0.838729620 2.143475533 0.768705189 -0.029938361 -0.258360773 -0.584333599
1413394002655760384.000000 0.385104924 -0.838843107 2.143563032 0.768711746 -0.029877452 -0.258359939 -0.584328532
1413394002705760512.000000 0.385096192 -0.838964224 2.143675566 0.768706381 -0.029969744 -0.258393615 -0.584315896
1413394002755760384.000000 0.385040909 -0.839029789 2.143715858 0.768694878 -0.029868666 -0.258430988 -0.584319770
1413394002805760512.000000 0.385391742 -0.839071274 2.143625736 0.768735707 -0.030040549 -0.258393079 -0.584273994
1413394002855760384.000000 0.385382146 -0.839147806 2.143708229 0.768684566 -0.029892916 -0.258536696 -0.584285319
1413394002905760512.000000 0.385238707 -0.838991642 2.143429995 0.768666863 -0.029949633 -0.258621663 -0.584268034
1413394002955760384.000000 0.385199994 -0.838979006 2.143450975 0.768682599 -0.030056344 -0.258598238 -0.584252298
1413394003005760512.000000 0.385156244 -0.838937521 2.143434525 0.768636227 -0.029998716 -0.258712471 -0.584265590
1413394003055760384.000000 0.385203272 -0.838990450 2.143580437 0.768648386 -0.030087223 -0.258664787 -0.584266186
1413394003105760512.000000 0.385121286 -0.838841200 2.143494606 0.768637598 -0.030029882 -0.258675456 -0.584278643
1413394003155760384.000000 0.385118097 -0.838807583 2.143508911 0.768608272 -0.030152822 -0.258768350 -0.584269702
1413394003205760512.000000 0.385128349 -0.838815212 2.143496990 0.768646359 -0.030091984 -0.258664310 -0.584268868
1413394003255760384.000000 0.385211796 -0.838894367 2.143582344 0.768594027 -0.030113807 -0.258751482 -0.584298015
1413394003305760512.000000 0.385321140 -0.839073896 2.143650293 0.768631518 -0.030095665 -0.258799195 -0.584228456
1413394003355760384.000000 0.385342002 -0.839149714 2.143651247 0.768630028 -0.030220941 -0.258820742 -0.584214389
