1403637149738319104.000000 -0.000000020 0.000000015 -0.000000001 0.000000004 0.000000041 -0.000000083 1.000000000
1403637149788318976.000000 0.000270182 0.003292330 0.002301207 0.002570968 -0.003860941 0.000432827 0.999989152
1403637149838319104.000000 0.000120668 0.004768152 0.001925242 0.003741927 -0.009154076 -0.000966899 0.999950707
1403637149888318976.000000 0.000377026 0.007766102 -0.007066510 0.004475426 -0.017965388 0.000552908 0.999828458
1403637149938319104.000000 0.006207546 0.016001603 -0.019337676 0.002947932 -0.027773490 -0.003199660 0.999604762
1403637149988318976.000000 0.002640577 0.014229215 0.000163846 0.001153277 -0.037269462 -0.006133779 0.999285817
1403637150038319104.000000 -0.001572697 0.017040821 -0.004296612 -0.002290464 -0.047384560 -0.014407807 0.998770177
1403637150088318976.000000 0.002365005 0.020273877 0.017472809 -0.006188685 -0.054733440 -0.018596623 0.998308659
1403637150138319104.000000 0.013074831 0.032119896 -0.004753833 -0.009763514 -0.061153132 -0.024491316 0.997780144
1403637150188318976.000000 0.025086369 0.040607158 -0.003482244 -0.013048764 -0.062436387 -0.027048420 0.997597039
1403637150238319104.000000 0.037770871 0.050606120 -0.011568991 -0.016021412 -0.061347496 -0.028632106 0.997577131
1403637150288318976.000000 0.054077331 0.058261413 -0.013642137 -0.018789968 -0.057795271 -0.029509356 0.997715294
1403637150338319104.000000 0.069156289 0.063545324 0.005810167 -0.021584829 -0.052634742 -0.029397028 0.997947633
1403637150388318976.000000 0.088364474 0.070830569 0.011865097 -0.023018310 -0.044544578 -0.027315408 0.998368621
1403637150438319104.000000 0.107227191 0.077737555 0.019381447 -0.024322379 -0.037738226 -0.025872700 0.998656571
1403637150488318976.000000 0.123672336 0.083192460 0.023711216 -0.026187785 -0.033073109 -0.024751740 0.998803198
1403637150538319104.000000 0.144136861 0.091412038 0.035910908 -0.028103175 -0.030067621 -0.024109105 0.998861849
1403637150588318976.000000 0.159422174 0.100264408 0.044166606 -0.029070452 -0.028356619 -0.023691699 0.998894155
1403637150638319104.000000 0.176850230 0.107664168 0.053765360 -0.030323341 -0.026827913 -0.023380669 0.998906493
1403637150688318976.000000 0.194406033 0.115632817 0.064484693 -0.031475101 -0.026372025 -0.023193838 0.998887360
1403637150738319104.000000 0.211424574 0.124267012 0.076973975 -0.032472502 -0.026164792 -0.023734909 0.998848200
1403637150788318976.000000 0.226347849 0.130160600 0.085322142 -0.033462636 -0.025444245 -0.024303172 0.998820484
1403637150838319104.000000 0.245285437 0.146694347 0.080632694 -0.034421187 -0.024338976 -0.024372263 0.998813748
1403637150888318976.000000 0.260769188 0.153635696 0.092335910 -0.035097476 -0.020475492 -0.025341008 0.998852730
1403637150938319104.000000 0.276080370 0.161402822 0.105974704 -0.035082374 -0.016528459 -0.025758559 0.998915732
1403637150988318976.000000 0.289978743 0.166447610 0.115790121 -0.035235714 -0.012444066 -0.026112100 0.998960376
1403637151038319104.000000 0.301857263 0.173928499 0.128759757 -0.034686815 -0.009003070 -0.026533138 0.999005377
1403637151088318976.000000 0.312791556 0.179816008 0.138316989 -0.034201663 -0.005452933 -0.026802361 0.999040663
1403637151138319104.000000 0.324184358 0.184305564 0.148367524 -0.034018584 -0.001384232 -0.027995974 0.999028087
1403637151188318976.000000 0.333873242 0.189937204 0.158527389 -0.033229161 -0.000201474 -0.028779402 0.999033332
1403637151238319104.000000 0.343408406 0.194523111 0.166738346 -0.032537237 -0.003115028 -0.028329084 0.999064088
1403637151288318976.000000 0.355514824 0.199577674 0.173863441 -0.030910756 -0.006818033 -0.026418755 0.999149680
1403637151338319104.000000 0.366607159 0.204720959 0.183006912 -0.028738987 -0.010923783 -0.022663284 0.999270380
1403637151388318976.000000 0.380832702 0.208131775 0.190067664 -0.026286066 -0.014660838 -0.016976746 0.999402821
1403637151438319104.000000 0.398999900 0.211970896 0.194972754 -0.024384374 -0.017755074 -0.012379772 0.999468386
1403637151488318976.000000 0.417527825 0.218037501 0.194109052 -0.024513809 -0.019757373 -0.014377126 0.999400914
1403637151538319104.000000 0.435256511 0.220004618 0.202403873 -0.024524974 -0.020502273 -0.015298709 0.999371886
1403637151588318976.000000 0.456319630 0.226582661 0.200422972 -0.024535038 -0.021096723 -0.017495228 0.999323189
1403637151638319104.000000 0.470975071 0.233214632 0.206481189 -0.024595516 -0.021183677 -0.019618636 0.999280453
1403637151688318976.000000 0.487253636 0.239719272 0.209886432 -0.024679478 -0.020720812 -0.021643868 0.999246299
1403637151738319104.000000 0.500986099 0.247236177 0.216499925 -0.024728920 -0.021484001 -0.022423191 0.999211788
1403637151788318976.000000 0.515731633 0.253298193 0.216850817 -0.024723493 -0.022115119 -0.023578402 0.999171555
1403637151838319104.000000 0.529902220 0.257590830 0.224842221 -0.024507007 -0.022080202 -0.023814481 0.999172091
1403637151888318976.000000 0.541072905 0.264970064 0.230414093 -0.024646914 -0.022149717 -0.024799397 0.999143183
1403637151938319104.000000 0.545672536 0.272144496 0.238488376 -0.024818448 -0.021957075 -0.026063176 0.999110997
1403637151988318976.000000 0.554706335 0.279396743 0.245756969 -0.024577314 -0.021840779 -0.025854956 0.999124885
1403637152038319104.000000 0.567367136 0.285125136 0.250159472 -0.024155799 -0.022145096 -0.025723567 0.999131799
1403637152088318976.000000 0.588298917 0.291361183 0.261012971 -0.023473948 -0.023450041 -0.024243854 0.999155343
1403637152138319104.000000 0.603442252 0.296665013 0.263997197 -0.023224965 -0.024658980 -0.023434622 0.999151349
1403637152188318976.000000 0.615384758 0.304525495 0.271513283 -0.023074638 -0.025356555 -0.022831159 0.999151349
1403637152238319104.000000 0.626984239 0.311778605 0.275842845 0.022621956 0.026201572 0.021651421 -0.999166131
1403637152288318976.000000 0.637888968 0.318423450 0.284292936 -0.022553204 -0.026858961 -0.021400820 0.999155700
1403637152338319104.000000 0.646044195 0.326484799 0.290073395 -0.021980578 -0.028040387 -0.019815637 0.999168634
1403637152388318976.000000 0.654321492 0.333843797 0.303374708 -0.021960681 -0.027632765 -0.020543475 0.999165773
1403637152438319104.000000 0.659723341 0.342723846 0.310742378 -0.021903234 -0.028055022 -0.020493558 0.999156296
1403637152488318976.000000 0.664041698 0.351671517 0.319381267 0.021973340 0.028271860 0.021283012 -0.999132097
1403637152538319104.000000 0.668346345 0.359322786 0.334201783 -0.021718869 -0.027985172 -0.021081449 0.999150038
1403637152588318976.000000 0.669763327 0.368871897 0.344309688 -0.022076841 -0.028436894 -0.021763492 0.999114811
1403637152638319104.000000 0.671788633 0.377423853 0.358924508 -0.022042681 -0.027475119 -0.021859854 0.999140382
1403637152688318976.000000 0.672572613 0.387066424 0.370286107 -0.022010423 -0.026692325 -0.021695927 0.999165833
1403637152738319104.000000 0.675676942 0.394960731 0.388765633 -0.021905739 -0.024780337 -0.021128360 0.999229550
1403637152788318976.000000 0.678505182 0.404511094 0.400322080 -0.020646527 -0.022141790 -0.018960938 0.999361813
1403637152838319104.000000 0.683865368 0.414048344 0.414745241 -0.020409748 -0.019632177 -0.018252192 0.999432325
1403637152888318976.000000 0.689871967 0.423973292 0.423372537 -0.019884057 -0.017343426 -0.018103581 0.999487936
1403637152938319104.000000 0.698215425 0.433979899 0.433855265 -0.019824870 -0.015516626 -0.019322909 0.999496341
1403637152988318976.000000 0.707861423 0.444321692 0.439939886 -0.019892791 -0.015243716 -0.019980073 0.999486268
1403637153038319104.000000 0.718468785 0.454736114 0.444947630 0.019841939 0.014670824 0.020805661 -0.999478996
1403637153088318976.000000 0.726955354 0.467782199 0.458196431 -0.020591227 -0.015404698 -0.021765182 0.999432385
1403637153138319104.000000 0.735583127 0.478668690 0.463121146 -0.020915728 -0.016397096 -0.022540990 0.999392629
1403637153188318976.000000 0.742972195 0.489743590 0.469582260 0.021199698 0.017736161 0.022855503 -0.999356627
1403637153238319104.000000 0.748774171 0.501331091 0.480064213 -0.022015460 -0.018885307 -0.024502339 0.999278903
1403637153288318976.000000 0.753453314 0.512424767 0.486356854 -0.022395017 -0.019377787 -0.025477087 0.999236643
1403637153338319104.000000 0.757309794 0.524039030 0.489511549 0.022759270 0.019294271 0.026503114 -0.999203324
1403637153388318976.000000 0.759814978 0.534926236 0.506169796 -0.023443865 -0.019936277 -0.027672518 0.999143243
1403637153438319104.000000 0.764584124 0.545925260 0.512783825 -0.023567384 -0.021080427 -0.028244462 0.999100864
1403637153488318976.000000 0.770772696 0.556321859 0.520212352 0.024181474 0.022832463 0.029316058 -0.999016821
1403637153538319104.000000 0.778355360 0.566247106 0.526401937 0.024535723 0.025331624 0.029591909 -0.998939753
1403637153588318976.000000 0.786789358 0.575985670 0.536125481 -0.024294822 -0.026690515 -0.028648034 0.998937845
1403637153638319104.000000 0.797767222 0.585194707 0.542471945 -0.024505200 -0.027353957 -0.029163012 0.998899877
1403637153688318976.000000 0.811126947 0.593829095 0.549091458 -0.024136683 -0.026084477 -0.028823178 0.998952627
1403637153738319104.000000 0.822832882 0.601700723 0.554609001 -0.024488604 -0.025082842 -0.029516662 0.998949409
1403637153788318976.000000 0.836846888 0.609545171 0.561784387 -0.024367925 -0.022351120 -0.029211350 0.999026239
1403637153838319104.000000 0.849616885 0.617194235 0.569606364 -0.023781979 -0.020694138 -0.027812470 0.999115944
1403637153888318976.000000 0.860299349 0.624611914 0.581232667 -0.024193443 -0.019686885 -0.028266378 0.999113739
1403637153938319104.000000 0.870108426 0.632215738 0.590321720 -0.024478493 -0.018057510 -0.028763412 0.999123335
1403637153988318976.000000 0.876125276 0.639646590 0.596509814 -0.024052585 -0.017353069 -0.027828693 0.999172628
1403637154038319104.000000 0.881760776 0.646995962 0.606975734 -0.024085609 -0.017945468 -0.027776353 0.999162853
1403637154088318976.000000 0.885066807 0.654197991 0.618293047 0.023474434 0.019848578 0.025837405 -0.999193370
1403637154138319104.000000 0.886178017 0.661646843 0.630248189 0.022126535 0.024404036 0.021712733 -0.999221444
1403637154188318976.000000 0.882278919 0.668986380 0.634215832 -0.019607341 -0.030414509 -0.013008250 0.999260366
1403637154238319104.000000 0.880700588 0.677211165 0.647312343 -0.017299116 -0.034816328 -0.004891557 0.999232054
1403637154288318976.000000 0.878188312 0.686444581 0.661383867 -0.015585742 -0.038805492 0.001346956 0.999124348
1403637154338319104.000000 0.874168038 0.696790457 0.671635687 -0.014767151 -0.040373106 0.004386846 0.999065936
1403637154388318976.000000 0.870817184 0.709138513 0.687481523 -0.015988650 -0.039690819 0.001913020 0.999082267
1403637154438319104.000000 0.867895126 0.722675622 0.704019785 0.017623553 0.035492312 0.002093605 -0.999212384
1403637154488318976.000000 0.863838911 0.737011492 0.721441150 -0.019336779 -0.030499311 -0.006359422 0.999327481
1403637154538319104.000000 0.860957563 0.752741396 0.739572883 -0.021200245 -0.027314592 -0.010245992 0.999349594
1403637154588318976.000000 0.858819246 0.769185007 0.757315099 0.023728512 0.026311710 0.014576574 -0.999265850
1403637154638319104.000000 0.857020140 0.785957694 0.775390089 0.026739767 0.027751388 0.019665565 -0.999063611
1403637154688318976.000000 0.856731355 0.802136660 0.790779352 -0.030358208 -0.031900398 -0.024935946 0.998718679
1403637154738319104.000000 0.855203867 0.818872392 0.809445858 -0.034557521 -0.035626169 -0.027984088 0.998375416
1403637154788318976.000000 0.856269002 0.834833086 0.819602549 -0.040111866 -0.038932003 -0.028300900 0.998035312
1403637154838319104.000000 0.856412828 0.851025581 0.838833213 -0.046303038 -0.042119026 -0.026415776 0.997689426
1403637154888318976.000000 0.858003199 0.866717279 0.858658314 -0.051652618 -0.043158647 -0.023355603 0.997458756
1403637154938319104.000000 0.860306978 0.882781327 0.879873991 0.056906566 0.046252161 0.021744061 -0.997070551
1403637154988318976.000000 0.865222812 0.898052037 0.901815772 0.061319835 0.045374326 0.017917180 -0.996925294
1403637155038319104.000000 0.873836517 0.912561357 0.921815932 -0.066879861 -0.043930221 -0.016309492 0.996660113
1403637155088318976.000000 0.884190977 0.927002192 0.944778204 -0.072980456 -0.041713599 -0.012288598 0.996384919
1403637155138319104.000000 0.899718285 0.940611482 0.961362839 -0.079674006 -0.035495564 -0.009029035 0.996147931
1403637155188318976.000000 0.913902640 0.953948736 0.984871268 -0.085157499 -0.031413451 -0.005334776 0.995857894
1403637155238319104.000000 0.930230796 0.966689229 1.008441925 -0.089922182 -0.027153920 -0.004454198 0.995568693
1403637155288318976.000000 0.949437141 0.978695035 1.027886748 -0.092908643 -0.023732340 -0.002955712 0.995387435
1403637155338319104.000000 0.967942476 0.990879416 1.051658511 -0.096396565 -0.019522471 -0.002093916 0.995149374
1403637155388318976.000000 0.986986518 1.003540039 1.074636221 -0.100829959 -0.015730709 0.000452898 0.994779229
1403637155438319104.000000 1.002739191 1.016645908 1.098842144 -0.106897421 -0.013044129 0.003099134 0.994179726
1403637155488318976.000000 1.017175317 1.029152870 1.121899724 -0.114112519 -0.009723123 0.006473044 0.993399203
1403637155538319104.000000 1.028666258 1.042873621 1.146315813 -0.120652415 -0.008040604 0.010636180 0.992605269
1403637155588318976.000000 1.039413929 1.056103468 1.165995240 -0.126147881 -0.007083916 0.015883632 0.991859019
1403637155638319104.000000 1.047411442 1.069448471 1.191238999 -0.130484134 -0.006211813 0.021745710 0.991192460
1403637155688318976.000000 1.053519726 1.081077218 1.215468645 -0.134775862 -0.006787219 0.027032923 0.990484059
1403637155738319104.000000 1.058143973 1.095227480 1.239377975 -0.140160099 -0.005853654 0.031727575 0.989603102
1403637155788318976.000000 1.061096907 1.112840176 1.260631442 -0.146458521 -0.005717901 0.037819330 0.988477111
1403637155838319104.000000 1.062597513 1.128838897 1.284155726 -0.154195726 -0.004631290 0.043407589 0.987075508
1403637155888318976.000000 1.062867403 1.145473003 1.305150390 -0.163954660 -0.006844713 0.047779582 0.985286355
1403637155938319104.000000 1.061500072 1.164085507 1.327751160 -0.174587920 -0.009437430 0.051506028 0.983248293
1403637155988318976.000000 1.059639454 1.183605671 1.349862218 -0.185814381 -0.009462430 0.055394370 0.980976582
1403637156038319104.000000 1.058696270 1.203337908 1.370220900 -0.196694136 -0.007450984 0.060508341 0.978567719
1403637156088318976.000000 1.056861997 1.224291444 1.390679717 -0.207413509 -0.004731400 0.066366315 0.975988150
1403637156138319104.000000 1.054812670 1.246091247 1.408034682 -0.218651235 -0.001683953 0.071738280 0.973161101
1403637156188318976.000000 1.052446961 1.268957138 1.425824404 -0.230353341 0.000443295 0.077669919 0.970002353
1403637156238319104.000000 1.049965978 1.296435833 1.446318388 -0.242247775 0.002912786 0.083965860 0.966569841
1403637156288318976.000000 1.048414588 1.321354270 1.461480856 -0.254962981 0.004275245 0.088896841 0.962846279
1403637156338319104.000000 1.046192288 1.346970439 1.474759459 -0.267315954 0.005773432 0.095210411 0.958876371
1403637156388318976.000000 1.043986440 1.375924230 1.488671541 -0.280459642 0.006323389 0.099976599 0.954624116
1403637156438319104.000000 1.041777730 1.404108882 1.499435902 -0.293351591 0.006852767 0.105093174 0.950185955
1403637156488318976.000000 1.038094521 1.433663249 1.509077787 -0.306377083 0.008175962 0.109470911 0.945559382
1403637156538319104.000000 1.034575939 1.463497519 1.516292095 -0.319355100 0.010414293 0.113216944 0.940789998
1403637156588318976.000000 1.029816270 1.494213223 1.522353411 -0.332055986 0.010954504 0.116507024 0.935972810
1403637156638319104.000000 1.023458838 1.528928161 1.532745242 -0.345163524 0.012515885 0.119246714 0.930852175
1403637156688318976.000000 1.015586853 1.561325073 1.536561012 -0.357777983 0.012848671 0.121752866 0.925746262
1403637156738319104.000000 1.006708980 1.594446063 1.541366339 -0.370034784 0.013757145 0.123339042 0.920691371
1403637156788318976.000000 0.994849622 1.627820134 1.543876648 -0.380571485 0.011257948 0.124296889 0.916290879
1403637156838319104.000000 0.982140839 1.663824320 1.549027443 -0.389807850 0.007087255 0.123890705 0.912497044
1403637156888318976.000000 0.967915535 1.697785616 1.550390124 -0.397008508 0.002926492 0.124390393 0.909341991
1403637156938319104.000000 0.952534080 1.731917024 1.551589251 -0.403096944 -0.001341866 0.122707829 0.906892478
1403637156988318976.000000 0.936033368 1.770290136 1.559107304 -0.407359302 -0.005483609 0.122895770 0.904944777
1403637157038319104.000000 0.917811692 1.804799199 1.561246157 -0.409907073 -0.008533362 0.123810440 0.903645098
1403637157088318976.000000 0.899331093 1.839689612 1.563854218 -0.411062717 -0.010172575 0.125540107 0.902864218
1403637157138319104.000000 0.883562922 1.871086240 1.569892287 -0.411338657 -0.010516002 0.128170311 0.902364910
1403637157188318976.000000 0.867753863 1.907313108 1.573009729 -0.410702258 -0.010142138 0.130139962 0.902377069
1403637157238319104.000000 0.853465497 1.944229245 1.575564861 -0.410094321 -0.009350548 0.131796360 0.902421772
1403637157288318976.000000 0.842355609 1.981438398 1.581447601 -0.408905774 -0.008065956 0.133460388 0.902728856
1403637157338319104.000000 0.831913590 2.020629168 1.583309174 -0.407074749 -0.006411133 0.135358706 0.903286815
1403637157388318976.000000 0.824011922 2.060811758 1.584346533 -0.404677421 -0.004707533 0.138609260 0.903881371
1403637157438319104.000000 0.819054425 2.103852749 1.586458564 -0.401890665 -0.002862278 0.142645195 0.904504359
1403637157488318976.000000 0.815114856 2.146197319 1.585676193 -0.399030954 -0.001518202 0.145404473 0.905333936
1403637157538319104.000000 0.812879741 2.189706326 1.583328009 -0.396455795 -0.000247264 0.147792339 0.906079650
1403637157588318976.000000 0.814131379 2.226785898 1.581878662 -0.394326925 0.000999965 0.148940265 0.906819820
1403637157638319104.000000 0.814670205 2.273602009 1.576507688 -0.392743289 0.000831822 0.148794875 0.907530785
1403637157688318976.000000 0.816832960 2.321742773 1.569326401 -0.391227812 0.000919977 0.148940310 0.908161223
1403637157738319104.000000 0.822002411 2.370016336 1.560569763 -0.389903396 0.000792615 0.149009585 0.908719361
1403637157788318976.000000 0.827597976 2.422167301 1.550570011 -0.389845282 0.003678579 0.146037355 0.909219623
1403637157838319104.000000 0.832547307 2.475682735 1.539540410 -0.390593559 0.006140059 0.141548425 0.909595013
1403637157888318976.000000 0.836100698 2.524261236 1.526855230 -0.391406506 0.008284407 0.138225645 0.909739554
1403637157938319104.000000 0.838108540 2.579810143 1.514223099 -0.392579228 0.010414144 0.133569092 0.909907937
1403637157988318976.000000 0.837999582 2.636003971 1.500990510 -0.393872529 0.010656897 0.129242510 0.909971058
1403637158038319104.000000 0.838052630 2.680007219 1.492837787 -0.395634979 0.010612185 0.123662367 0.909982443
1403637158088318976.000000 0.837669373 2.735816479 1.477574468 -0.397258520 0.009946945 0.119272381 0.909868598
1403637158138319104.000000 0.838728189 2.791814804 1.461609483 -0.397661060 0.010044063 0.117168233 0.909965098
1403637158188318976.000000 0.840881348 2.843135834 1.448289037 -0.398385048 0.009659603 0.115150869 0.909910142
1403637158238319104.000000 0.845235348 2.898485184 1.430226088 -0.399055660 0.011286423 0.115001917 0.909616292
1403637158288318976.000000 0.849547029 2.952643156 1.410206556 -0.400861800 0.010597368 0.115443356 0.908774137
1403637158338319104.000000 0.854419529 3.005706787 1.391345978 -0.404629380 0.010876467 0.116240494 0.906997740
1403637158388318976.000000 0.859533906 3.059271097 1.369367957 -0.409029633 0.012122468 0.119493686 0.904582322
1403637158438319104.000000 0.863460720 3.112807751 1.346779704 -0.414939761 0.013347060 0.122152545 0.901512980
1403637158488318976.000000 0.863952279 3.161516428 1.326042414 -0.421452790 0.015715109 0.126370668 0.897864759
1403637158538319104.000000 0.864459395 3.215684891 1.302982807 -0.428427041 0.018438255 0.131975770 0.893696070
1403637158588318976.000000 0.862788379 3.269867420 1.279419780 -0.435714245 0.021181276 0.139265716 0.888993621
1403637158638319104.000000 0.857174516 3.315446854 1.260311365 -0.443681538 0.023616269 0.146379977 0.883833706
1403637158688318976.000000 0.851816654 3.368948698 1.234808087 -0.453151524 0.025750082 0.151581675 0.878073871
1403637158738319104.000000 0.844318748 3.422005892 1.208033800 -0.462962925 0.026506176 0.155972302 0.872144163
1403637158788318976.000000 0.832958579 3.472615480 1.182444692 -0.471899867 0.025818197 0.159499019 0.866720319
1403637158838319104.000000 0.822482765 3.525653839 1.154294729 -0.479631603 0.022212708 0.162195876 0.862062991
1403637158888318976.000000 0.811917126 3.578459024 1.125114202 -0.485553116 0.020544684 0.164888680 0.858270288
1403637158938319104.000000 0.800206065 3.623025179 1.097736955 -0.491942197 0.016482230 0.162872076 0.855098844
1403637158988318976.000000 0.791802227 3.676085472 1.066521049 -0.496591747 0.012112982 0.162397534 0.852570772
1403637159038319104.000000 0.784983456 3.729462624 1.034425735 -0.500759542 0.008265270 0.161160022 0.850411117
1403637159088318976.000000 0.777588904 3.779306889 1.003033400 -0.503112793 0.007100669 0.161208138 0.849022448
1403637159138319104.000000 0.772538722 3.831931591 0.969900131 -0.504022062 0.007906248 0.162798375 0.848172188
1403637159188318976.000000 0.766335011 3.884387970 0.936825275 -0.503598452 0.010529620 0.166092277 0.847756565
1403637159238319104.000000 0.757011890 3.934984207 0.905363083 -0.502707124 0.013086920 0.169064999 0.847662270
1403637159288318976.000000 0.747285366 3.987212420 0.872286320 -0.501320064 0.014703280 0.171669573 0.847933769
1403637159338319104.000000 0.736229181 4.039845943 0.838878632 -0.499999195 0.015772816 0.173758149 0.848268867
1403637159388318976.000000 0.724434137 4.086321354 0.810838223 -0.498699814 0.016246796 0.174983755 0.848772883
1403637159438319104.000000 0.710844755 4.139964581 0.776525974 -0.497872144 0.015836319 0.173898876 0.849489093
1403637159488318976.000000 0.696150422 4.194339752 0.741842747 -0.496579319 0.016347546 0.173532963 0.850310624
1403637159538319104.000000 0.679895103 4.248069763 0.708171129 -0.496930718 0.012629732 0.169496968 0.850982547
1403637159588318976.000000 0.663024902 4.303339005 0.672835112 -0.496927083 0.009160246 0.166604459 0.851599932
1403637159638319104.000000 0.646047533 4.359016418 0.637142658 -0.497268438 0.005251622 0.162946120 0.852141440
1403637159688318976.000000 0.631008923 4.412453175 0.602053404 -0.497314781 0.003223751 0.159906521 0.852700233
1403637159738319104.000000 0.615966856 4.469647408 0.565414667 -0.497747958 0.001145958 0.156553268 0.853074908
1403637159788318976.000000 0.602749050 4.527661324 0.528892994 -0.497724086 0.000770375 0.154600263 0.853445351
1403637159838319104.000000 0.594486475 4.578054428 0.498136759 -0.499089003 0.000721128 0.152764425 0.852978766
1403637159888318976.000000 0.583659410 4.636057377 0.460631847 -0.502181530 -0.000189531 0.151763111 0.851341069
1403637159938319104.000000 0.572405934 4.694615364 0.423118114 -0.506539404 -0.000304239 0.154838338 0.848199785
1403637159988318976.000000 0.562881827 4.749114037 0.389005899 -0.512924552 -0.000960038 0.157384187 0.843882620
1403637160038319104.000000 0.550518453 4.808201790 0.352145672 -0.520439565 0.002352586 0.160099626 0.838752210
1403637160088318976.000000 0.537468970 4.867862225 0.315806389 -0.528412998 0.007230688 0.163322806 0.833098590
1403637160138319104.000000 0.525822461 4.924474239 0.282950640 -0.537208140 0.012628643 0.166937873 0.826667905
1403637160188318976.000000 0.511880517 4.983994007 0.246523857 -0.547175765 0.016212953 0.170099333 0.819391310
1403637160238319104.000000 0.496349931 5.042984009 0.209929228 -0.558095634 0.017643642 0.172670260 0.811420381
1403637160288318976.000000 0.481327653 5.099363327 0.175677538 -0.569098949 0.019709360 0.176642567 0.802829683
1403637160338319104.000000 0.463077426 5.156742096 0.139067411 -0.580913186 0.020278620 0.179713368 0.793619514
1403637160388318976.000000 0.444749713 5.205486774 0.108573437 -0.593295813 0.021997485 0.184920087 0.783148050
1403637160438319104.000000 0.424562812 5.260459900 0.071086407 -0.606040299 0.021241788 0.188488051 0.772487104
1403637160488318976.000000 0.403552175 5.315250397 0.033374310 -0.619156957 0.019255389 0.191590309 0.761293113
1403637160538319104.000000 0.383875132 5.366934776 0.002109051 -0.632261217 0.016227789 0.195219919 0.749581039
1403637160588318976.000000 0.361494064 5.420017719 -0.035427094 -0.644792020 0.014950766 0.198805407 0.737899840
1403637160638319104.000000 0.339133024 5.473260403 -0.072439194 0.656767309 -0.012076296 -0.201930657 -0.726453722
1403637160688318976.000000 0.317507982 5.523221970 -0.101513863 -0.666237831 0.010046907 0.206434160 0.716527164
1403637160738319104.000000 0.295495629 5.575650215 -0.137049675 -0.673549891 0.007215984 0.211051613 0.708333135
1403637160788318976.000000 0.275194764 5.628084183 -0.172175407 -0.679794192 0.003872740 0.213849336 0.701522171
1403637160838319104.000000 0.258977056 5.677641869 -0.199077606 0.684692621 -0.002971798 -0.216143891 -0.696038187
1403637160888318976.000000 0.243660927 5.730739594 -0.233054638 0.688089669 -0.002497192 -0.219032466 -0.691773951
1403637160938319104.000000 0.230993271 5.784621716 -0.266866207 0.690226853 -0.001238641 -0.222613052 -0.688497603
1403637160988318976.000000 0.222654462 5.839790821 -0.299468517 0.691334367 -0.001745628 -0.226543903 -0.686098874
1403637161038319104.000000 0.216925621 5.887307167 -0.325468540 0.691272557 -0.003274389 -0.231018841 -0.684661925
1403637161088318976.000000 0.214695215 5.943778038 -0.359604359 0.690969527 -0.006757022 -0.234967247 -0.683597803
1403637161138319104.000000 0.215414047 6.001327038 -0.394617558 0.690198839 -0.012375477 -0.238733098 -0.682992637
1403637161188318976.000000 0.217709780 6.052619457 -0.424374580 0.688591540 -0.020835612 -0.243692115 -0.682657838
1403637161238319104.000000 0.222201824 6.112265110 -0.461037159 0.687221885 -0.031343568 -0.246643052 -0.682576656
1403637161288318976.000000 0.227367640 6.171681881 -0.499371052 0.685164332 -0.039734647 -0.250666112 -0.682742715
1403637161338319104.000000 0.234007120 6.221024990 -0.536136627 0.683885753 -0.045021296 -0.252350509 -0.683075845
1403637161388318976.000000 0.241852283 6.279771328 -0.579802036 0.684113801 -0.045061421 -0.251025409 -0.683333158
1403637161438319104.000000 0.250128746 6.338175774 -0.626159191 0.686093271 -0.041344348 -0.248053923 -0.682668328
1403637161488318976.000000 0.258400440 6.389719963 -0.671461105 0.688806772 -0.039469011 -0.245915785 -0.680817783
1403637161538319104.000000 0.266873598 6.447330475 -0.721888065 0.692143619 -0.035797834 -0.245947748 -0.677617550
1403637161588318976.000000 0.274585962 6.504624844 -0.773590565 0.696380317 -0.034701724 -0.245862976 -0.673351169
1403637161638319104.000000 0.278907061 6.554933548 -0.822268963 0.700906754 -0.033972062 -0.245492682 -0.668811679
1403637161688318976.000000 0.283857822 6.610947132 -0.874958992 0.705768049 -0.034988895 -0.243677273 -0.664295614
1403637161738319104.000000 0.287577868 6.667317867 -0.928247452 0.710843027 -0.036884353 -0.239685684 -0.660221696
1403637161788318976.000000 0.291757822 6.714246273 -0.978828907 0.716563702 -0.039320990 -0.232540801 -0.656441271
1403637161838319104.000000 0.292968273 6.769537449 -1.033005714 0.722492039 -0.043829661 -0.224120766 -0.652575016
1403637161888318976.000000 0.292817593 6.823377609 -1.087111473 0.728423774 -0.047669742 -0.215559795 -0.648583412
1403637161938319104.000000 0.290592909 6.868844986 -1.137112617 0.733339846 -0.053387415 -0.207925558 -0.645081043
1403637161988318976.000000 0.287817717 6.917637825 -1.189841747 0.737565041 -0.057712678 -0.200884163 -0.642115712
1403637162038319104.000000 0.283402205 6.963700294 -1.241724968 0.740974665 -0.061583992 -0.195258379 -0.639560878
1403637162088318976.000000 0.276580334 7.005434513 -1.291374207 0.743255794 -0.063997194 -0.192404568 -0.637538850
1403637162138319104.000000 0.268282413 7.045763016 -1.340478897 0.744093418 -0.067196682 -0.192204401 -0.636291742
1403637162188318976.000000 0.257642508 7.082944870 -1.388228416 0.743061185 -0.070235878 -0.196608156 -0.635824144
1403637162238319104.000000 0.244268417 7.112650871 -1.430201530 0.740968466 -0.072437845 -0.203586653 -0.635823131
1403637162288318976.000000 0.230350971 7.142955780 -1.476131439 0.738814831 -0.074033737 -0.209695965 -0.636159897
1403637162338319104.000000 0.214680672 7.170345783 -1.522009373 0.737022638 -0.073869906 -0.214527965 -0.636646390
1403637162388318976.000000 0.196674109 7.193473339 -1.567029953 0.734640598 -0.075294949 -0.220128447 -0.637320459
1403637162438319104.000000 0.176997423 7.215406418 -1.613382339 0.731613398 -0.076086484 -0.227219939 -0.638219237
1403637162488318976.000000 0.156056881 7.235098839 -1.660933495 0.729132056 -0.069671825 -0.234415010 -0.639188409
1403637162538319104.000000 0.136698484 7.251727104 -1.709539413 0.727796495 -0.061296165 -0.238662347 -0.639996469
1403637162588318976.000000 0.118895292 7.266846180 -1.761431217 0.727701783 -0.055744704 -0.238897562 -0.640523732
1403637162638319104.000000 0.103203773 7.280142307 -1.815339565 0.729310989 -0.053300325 -0.234131202 -0.640661597
1403637162688318976.000000 0.088838816 7.296757698 -1.872316360 0.731728971 -0.058389794 -0.227378875 -0.639892459
1403637162738319104.000000 0.075410604 7.308684826 -1.929347038 0.735121667 -0.068293311 -0.220879421 -0.637294769
1403637162788318976.000000 0.060381413 7.318021297 -1.986826420 0.739588857 -0.076451719 -0.216508418 -0.632682860
1403637162838319104.000000 0.045634985 7.326326370 -2.041144371 0.745179176 -0.078400359 -0.214637324 -0.626492023
1403637162888318976.000000 0.026291847 7.330235958 -2.099369049 0.751991153 -0.079762906 -0.213451281 -0.618535221
1403637162938319104.000000 0.005097866 7.331189156 -2.157847404 0.760183871 -0.078289635 -0.212470815 -0.608972490
1403637162988318976.000000 -0.018467665 7.331395626 -2.214486599 0.768874705 -0.075372458 -0.212399617 -0.598361969
1403637163038319104.000000 -0.042776346 7.326195717 -2.272260666 0.778078675 -0.072638921 -0.213390395 -0.586329162
1403637163088318976.000000 -0.068006754 7.317886353 -2.329547882 0.787998974 -0.070045449 -0.214856744 -0.572702229
1403637163138319104.000000 -0.094581842 7.310437202 -2.385373116 0.798738718 -0.066877127 -0.215706110 -0.557687104
1403637163188318976.000000 -0.121545553 7.296249866 -2.440134048 0.809081435 -0.064785637 -0.217859864 -0.541966021
1403637163238319104.000000 -0.149012566 7.279431343 -2.493744850 0.819632709 -0.063042089 -0.218969032 -0.525623977
1403637163288318976.000000 -0.176704884 7.263127804 -2.546889305 0.829102516 -0.062164798 -0.220908925 -0.509827316
1403637163338319104.000000 -0.205004454 7.240681648 -2.597006798 0.837555945 -0.063116193 -0.224010944 -0.494303197
1403637163388318976.000000 -0.233759165 7.215852261 -2.645146370 0.844621420 -0.065170676 -0.228715837 -0.479642123
1403637163438319104.000000 -0.263321638 7.192944527 -2.691195488 0.850675404 -0.067559458 -0.234747410 -0.465489835
1403637163488318976.000000 -0.293606758 7.163262844 -2.735349655 0.855148911 -0.070631966 -0.242028415 -0.452938944
1403637163538319104.000000 -0.323795557 7.131212234 -2.778224945 0.858406603 -0.071890883 -0.250398189 -0.441894293
1403637163588318976.000000 -0.353918314 7.109262466 -2.821797371 0.859674275 -0.073987998 -0.260858059 -0.432942420
1403637163638319104.000000 -0.380913973 7.072626591 -2.864226341 0.860077500 -0.073280416 -0.272001535 -0.425337374
1403637163688318976.000000 -0.405154705 7.034333229 -2.907597542 0.860026062 -0.074394755 -0.280848294 -0.419457763
1403637163738319104.000000 -0.427830696 7.002291679 -2.949576378 0.859042287 -0.075915918 -0.290624470 -0.414512545
1403637163788318976.000000 -0.448880672 6.961241245 -2.996912956 0.858906448 -0.076442234 -0.296161264 -0.410761386
1403637163838319104.000000 -0.467613935 6.918159008 -3.045907021 0.857983828 -0.079061851 -0.301543146 -0.408270568
1403637163888318976.000000 -0.479982615 6.880576134 -3.094080925 0.857090473 -0.083682641 -0.305649012 -0.406167328
1403637163938319104.000000 -0.494816065 6.834457397 -3.147416115 0.857100248 -0.087924294 -0.306298882 -0.404758632
1403637163988318976.000000 -0.508938074 6.786616325 -3.203281403 0.857479751 -0.091116101 -0.305681288 -0.403714418
1403637164038319104.000000 -0.517854214 6.741977692 -3.258971214 0.857920587 -0.091568239 -0.304611683 -0.403483957
1403637164088318976.000000 -0.529013872 6.690337181 -3.319831848 0.858961940 -0.092074037 -0.301521212 -0.403474659
1403637164138319104.000000 -0.539226770 6.636791229 -3.383127213 0.859833777 -0.091618970 -0.298133403 -0.404237926
1403637164188318976.000000 -0.546171904 6.586238861 -3.447365761 0.860775113 -0.090182863 -0.294561744 -0.405175030
1403637164238319104.000000 -0.555114031 6.528024197 -3.513535500 0.861353517 -0.086844295 -0.292047322 -0.406493098
1403637164288318976.000000 -0.563060045 6.467969894 -3.581302643 0.862829149 -0.080602311 -0.287209094 -0.408093333
1403637164338319104.000000 -0.570269585 6.410750389 -3.648053646 0.863170087 -0.073893182 -0.285278440 -0.409992099
1403637164388318976.000000 -0.580477715 6.347991943 -3.716137886 0.862749875 -0.070078038 -0.284775078 -0.411891848
1403637164438319104.000000 -0.592824697 6.284501076 -3.784572601 0.861616731 -0.066301525 -0.286269605 -0.413848430
1403637164488318976.000000 -0.604652166 6.224292755 -3.851711273 0.859566271 -0.067373909 -0.289142728 -0.415936559
1403637164538319104.000000 -0.621638775 6.159289360 -3.918894768 0.857219398 -0.072052807 -0.291865855 -0.418088198
1403637164588318976.000000 -0.641050339 6.093937874 -3.986221790 0.854943693 -0.074959755 -0.294411212 -0.420445621
1403637164638319104.000000 -0.659727335 6.031819344 -4.053895950 0.853082955 -0.077412449 -0.296497196 -0.422310591
1403637164688318976.000000 -0.682857990 5.965085030 -4.122040749 0.852350116 -0.075172447 -0.296396255 -0.424261361
1403637164738319104.000000 -0.705944300 5.899963379 -4.191577435 0.853421867 -0.069963418 -0.292672455 -0.425580978
1403637164788318976.000000 -0.731847286 5.832208633 -4.262212753 0.856263340 -0.063633621 -0.286201984 -0.425267369
1403637164838319104.000000 -0.758192778 5.763009071 -4.332818031 0.859222054 -0.059458394 -0.280476511 -0.423715919
1403637164888318976.000000 -0.787268877 5.693670273 -4.403362751 0.862659633 -0.054751463 -0.275891393 -0.420362473
1403637164938319104.000000 -0.817518950 5.623796463 -4.473701000 0.865766585 -0.051975407 -0.273362279 -0.415956616
1403637164988318976.000000 -0.849282026 5.553106785 -4.543211937 0.868713975 -0.050443757 -0.272513360 -0.410521626
1403637165038319104.000000 -0.881943464 5.482921124 -4.612637520 0.872128546 -0.049269266 -0.271779597 -0.403856754
1403637165088318976.000000 -0.914939404 5.412639618 -4.681716442 0.876038790 -0.049867928 -0.270621359 -0.396022022
1403637165138319104.000000 -0.947911978 5.342079163 -4.750468731 0.881049573 -0.051724207 -0.267436922 -0.386721969
1403637165188318976.000000 -0.982389450 5.271852016 -4.818379879 0.885978281 -0.050569683 -0.266346782 -0.376224190
1403637165238319104.000000 -1.015053511 5.199245453 -4.884514809 0.890452206 -0.050308149 -0.266887963 -0.365150422
1403637165288318976.000000 -1.039072037 5.132336617 -4.946814060 0.894730628 -0.047531668 -0.270268142 -0.352353692
1403637165338319104.000000 -1.067936420 5.059679031 -5.010481358 0.897280633 -0.045355879 -0.276554734 -0.341097981
1403637165388318976.000000 -1.093665838 4.986168861 -5.071680546 0.899138510 -0.042179391 -0.283371449 -0.330864936
1403637165438319104.000000 -1.117529392 4.914315701 -5.134738445 0.900082588 -0.040392790 -0.290808558 -0.321947426
1403637165488318976.000000 -1.138006449 4.841667175 -5.195706844 0.901212692 -0.039553881 -0.295552552 -0.314483553
1403637165538319104.000000 -1.156203032 4.770795822 -5.259454250 0.902870595 -0.036341392 -0.298028290 -0.307706386
1403637165588318976.000000 -1.172566414 4.698616982 -5.319758892 0.904009819 -0.034052350 -0.300937951 -0.301733434
1403637165638319104.000000 -1.187540531 4.629097939 -5.383275509 0.906107426 -0.026869679 -0.300743103 -0.296312392
1403637165688318976.000000 -1.204630136 4.554779530 -5.443648338 0.908144236 -0.019715877 -0.299901754 -0.291452289
1403637165738319104.000000 -1.220481873 4.487915516 -5.505714417 0.909820259 -0.012456864 -0.298603028 -0.287937850
1403637165788318976.000000 -1.237436771 4.420592308 -5.564814568 0.911275506 -0.004734522 -0.297017366 -0.285193413
1403637165838319104.000000 -1.255007982 4.357450008 -5.624511719 0.912681758 0.002683112 -0.294850618 -0.282962859
1403637165888318976.000000 -1.271423340 4.297824383 -5.677768707 0.913217247 0.008881373 -0.293352962 -0.282665193
1403637165938319104.000000 -1.290934324 4.239727497 -5.733277798 0.913260639 0.014956220 -0.291104496 -0.284586638
1403637165988318976.000000 -1.310006857 4.184556007 -5.783676624 0.912675500 0.021123821 -0.289133161 -0.288061291
1403637166038319104.000000 -1.332530260 4.133292675 -5.835416317 0.911581278 0.025544545 -0.287222266 -0.293036640
1403637166088318976.000000 -1.357712507 4.084665775 -5.882914066 0.910622299 0.030537548 -0.285580635 -0.297116578
1403637166138319104.000000 -1.386653185 4.039083481 -5.929246426 0.909662545 0.033101536 -0.283835351 -0.301423132
1403637166188318976.000000 -1.415281534 3.998008251 -5.970462799 0.908614218 0.035363089 -0.282739669 -0.305332571
1403637166238319104.000000 -1.448822260 3.958525658 -6.011785984 0.908263445 0.033750504 -0.279653877 -0.309373856
1403637166288318976.000000 -1.479429483 3.924688816 -6.047640800 0.908490539 0.028881049 -0.275223166 -0.313150465
1403637166338319104.000000 -1.510133743 3.891463995 -6.084846973 0.910400033 0.022493877 -0.264249176 -0.317550540
1403637166388318976.000000 -1.536842108 3.860480785 -6.118802547 0.912972093 0.012608163 -0.249307320 -0.322752088
1403637166438319104.000000 -1.558843255 3.835626602 -6.148244858 0.914479315 0.003297426 -0.236572415 -0.328253478
1403637166488318976.000000 -1.582089782 3.806594133 -6.175239563 0.914640665 -0.000975430 -0.228972882 -0.333171099
1403637166538319104.000000 -1.598656535 3.780131578 -6.196587086 0.913635492 -0.003826956 -0.226574704 -0.337519735
1403637166588318976.000000 -1.618310809 3.751580477 -6.215531349 0.911362827 -0.002353122 -0.230018616 -0.341326505
1403637166638319104.000000 -1.635382533 3.722366571 -6.228969097 0.907993853 0.001520170 -0.238610074 -0.344398409
1403637166688318976.000000 -1.653257012 3.700427771 -6.242675304 0.903620124 0.007363434 -0.251188308 -0.346873194
1403637166738319104.000000 -1.668716311 3.672917604 -6.250925541 0.900292218 0.016513145 -0.259435654 -0.349133819
1403637166788318976.000000 -1.683843851 3.647366047 -6.256868362 0.897695005 0.024950404 -0.264853448 -0.351246029
1403637166838319104.000000 -1.693461776 3.629035950 -6.261091709 0.896389723 0.034081168 -0.266254604 -0.352750003
1403637166888318976.000000 -1.707511067 3.609178782 -6.262909412 0.896458685 0.043190986 -0.262731135 -0.354215771
1403637166938319104.000000 -1.719436646 3.597933292 -6.264540672 0.896981120 0.051560506 -0.257298112 -0.355758458
1403637166988318976.000000 -1.730692387 3.585354090 -6.261279583 0.898679018 0.058085397 -0.248590603 -0.356658041
1403637167038319104.000000 -1.739191890 3.580717325 -6.256762981 0.900091588 0.064710774 -0.240081653 -0.357782781
1403637167088318976.000000 -1.743234038 3.574433088 -6.245109081 0.901380479 0.070043899 -0.231480986 -0.359198749
1403637167138319104.000000 -1.740842581 3.567697287 -6.225314140 0.902826130 0.074731797 -0.223370865 -0.359757811
1403637167188318976.000000 -1.736739159 3.574782848 -6.209073067 0.904213369 0.077594690 -0.215495899 -0.360470414
1403637167238319104.000000 -1.726545691 3.579126596 -6.182749271 0.905221820 0.079961725 -0.210094467 -0.360610425
1403637167288318976.000000 -1.712887764 3.589120626 -6.153622627 0.905640125 0.080890067 -0.208217055 -0.360442013
1403637167338319104.000000 -1.696255326 3.601174831 -6.117136002 0.905545056 0.080339700 -0.210051641 -0.359738916
1403637167388318976.000000 -1.678667545 3.616501331 -6.075129032 0.904714406 0.077666268 -0.215929776 -0.358934760
1403637167438319104.000000 -1.670945764 3.644461870 -6.033358574 0.902611494 0.069213621 -0.226976514 -0.359143049
1403637167488318976.000000 -1.653005123 3.667610884 -5.982229710 0.900174856 0.054754097 -0.238830820 -0.360065341
1403637167538319104.000000 -1.634827256 3.694097042 -5.928076744 0.897002518 0.038453531 -0.251968384 -0.361136705
1403637167588318976.000000 -1.619689107 3.723761797 -5.872849464 0.894067645 0.021654410 -0.262734652 -0.362139195
1403637167638319104.000000 -1.601310492 3.754376650 -5.814559937 0.891325176 0.005779297 -0.271167517 -0.363282770
1403637167688318976.000000 -1.583853006 3.786364079 -5.755722523 0.888723195 -0.005319045 -0.276982784 -0.365271598
1403637167738319104.000000 -1.575051785 3.818778992 -5.697411537 0.885925651 -0.011198667 -0.281585634 -0.368402034
1403637167788318976.000000 -1.560012341 3.852589369 -5.636666298 0.882614672 -0.013889910 -0.286165655 -0.372703284
1403637167838319104.000000 -1.546169519 3.887107372 -5.575714588 0.878814995 -0.014332698 -0.290281445 -0.378438264
1403637167888318976.000000 -1.544871569 3.928031206 -5.513797760 0.875050604 -0.012400266 -0.294048548 -0.384276211
1403637167938319104.000000 -1.529741049 3.964064121 -5.454857826 0.872132719 -0.008769514 -0.296073198 -0.389420569
1403637167988318976.000000 -1.512732029 4.000706673 -5.397479057 0.870543301 -0.002481245 -0.294632107 -0.394132167
1403637168038319104.000000 -1.501260757 4.039679050 -5.341381073 0.869459391 0.002745737 -0.291747689 -0.398642927
1403637168088318976.000000 -1.482353210 4.078993797 -5.286339760 0.867969155 0.004106398 -0.290533394 -0.402744412
1403637168138319104.000000 -1.465459347 4.119456291 -5.231083870 0.865668297 0.001149351 -0.292713195 -0.406123310
1403637168188318976.000000 -1.457526207 4.162352562 -5.174634933 0.864152491 -0.001826239 -0.293190897 -0.408994317
1403637168238319104.000000 -1.447249174 4.205508232 -5.119134426 0.864013910 -0.004304693 -0.290461600 -0.411209792
1403637168288318976.000000 -1.443790674 4.249360085 -5.063360691 0.864447892 -0.005404217 -0.286563665 -0.413015753
1403637168338319104.000000 -1.441575527 4.293957710 -5.006881714 0.865845621 -0.006516697 -0.280606657 -0.414160520
1403637168388318976.000000 -1.442118406 4.338609695 -4.949307442 0.867946029 -0.008037166 -0.272515774 -0.415139079
1403637168438319104.000000 -1.447420120 4.385203362 -4.891694546 0.870007217 -0.009500443 -0.264689058 -0.415857017
1403637168488318976.000000 -1.451082468 4.430028915 -4.832943916 0.871272147 -0.014784733 -0.258904845 -0.416694880
1403637168538319104.000000 -1.456003189 4.474574089 -4.773142815 0.871571302 -0.018309051 -0.256988436 -0.417115390
1403637168588318976.000000 -1.463935733 4.522525787 -4.706547260 0.870418012 -0.020472601 -0.259513855 -0.417858809
1403637168638319104.000000 -1.467143297 4.566093445 -4.645618439 0.869323015 -0.020254942 -0.262671590 -0.418175697
1403637168688318976.000000 -1.468554020 4.609424114 -4.585103512 0.868338287 -0.018217644 -0.266147375 -0.418117672
1403637168738319104.000000 -1.467855215 4.652918816 -4.524005890 0.867695749 -0.015559404 -0.268540412 -0.418028802
1403637168788318976.000000 -1.465363145 4.695555210 -4.464412689 0.866948545 -0.016141422 -0.271392792 -0.417714864
1403637168838319104.000000 -1.460848451 4.738606453 -4.406083584 0.867235541 -0.012415835 -0.271799862 -0.416981012
1403637168888318976.000000 -1.454708457 4.785413265 -4.343266964 0.867318213 -0.009714668 -0.271808088 -0.416875541
1403637168938319104.000000 -1.449963689 4.829301834 -4.285149574 0.867813945 -0.005531417 -0.271546692 -0.416089922
1403637168988318976.000000 -1.446289778 4.873989582 -4.226573467 0.868271410 -0.003420003 -0.271376640 -0.415268481
1403637169038319104.000000 -1.442470789 4.919673920 -4.164081097 0.869091630 0.000350029 -0.269816995 -0.414582342
1403637169088318976.000000 -1.438992023 4.966645241 -4.104892731 0.869751275 0.005457902 -0.267609447 -0.414593905
1403637169138319104.000000 -1.433698535 5.015209675 -4.045276642 0.869627059 0.006991775 -0.265114993 -0.416430026
1403637169188318976.000000 -1.425788164 5.063230515 -3.981847763 0.868858337 0.008202652 -0.261432648 -0.420322418
1403637169238319104.000000 -1.415718555 5.114746094 -3.921410084 0.866966724 0.008185782 -0.257934183 -0.426346958
1403637169288318976.000000 -1.402589440 5.167236805 -3.860575199 0.864125967 0.006720965 -0.254079700 -0.434378594
1403637169338319104.000000 -1.385973692 5.217020988 -3.795280457 0.860369384 0.004273517 -0.250551641 -0.443813264
1403637169388318976.000000 -1.367394090 5.270197868 -3.732937336 0.855952501 0.002852391 -0.246710643 -0.454391032
1403637169438319104.000000 -1.347195983 5.324078560 -3.669618607 0.850550056 0.002394483 -0.242874414 -0.466444999
1403637169488318976.000000 -1.324079275 5.375191212 -3.600841522 0.844827712 0.001071240 -0.238015771 -0.479180098
1403637169538319104.000000 -1.299647331 5.428362370 -3.535222530 0.838709891 0.002175592 -0.231539652 -0.492900014
1403637169588318976.000000 -1.273462176 5.481667042 -3.468524933 0.831718564 0.001713365 -0.224914744 -0.507596970
1403637169638319104.000000 -1.244496346 5.533369064 -3.397315025 0.824777722 0.004408882 -0.215662479 -0.522696972
1403637169688318976.000000 -1.215248227 5.585112572 -3.328227997 0.816548824 0.003545127 -0.209233657 -0.538011968
1403637169738319104.000000 -1.186243415 5.636037350 -3.257106304 0.807457864 0.003461652 -0.204374164 -0.553381562
1403637169788318976.000000 -1.157761216 5.687476158 -3.180267334 0.798338175 0.003515746 -0.200349599 -0.567894340
1403637169838319104.000000 -1.131067038 5.736606598 -3.104600906 0.789438665 0.003157354 -0.195965618 -0.581699431
1403637169888318976.000000 -1.105564356 5.785026550 -3.027095795 0.781581104 0.006424793 -0.189796925 -0.594194353
1403637169938319104.000000 -1.080832720 5.834109783 -2.945452213 0.773759544 0.007339897 -0.183923602 -0.606147230
1403637169988318976.000000 -1.058044672 5.881417274 -2.863396168 0.766471982 0.009219669 -0.177314430 -0.617248237
1403637170038319104.000000 -1.036621094 5.927704811 -2.778632164 0.758781314 0.010616498 -0.172802493 -0.627915323
1403637170088318976.000000 -1.014165163 5.973657608 -2.690252781 0.750840485 0.012012523 -0.169158325 -0.638341486
1403637170138319104.000000 -0.993868589 6.017413139 -2.600050449 0.742853045 0.011761522 -0.164631769 -0.648789287
1403637170188318976.000000 -0.974264681 6.060161114 -2.507274628 0.734712660 0.010799742 -0.159872696 -0.659182370
1403637170238319104.000000 -0.953826308 6.103653431 -2.411931992 0.726701260 0.011161054 -0.154770717 -0.669198632
1403637170288318976.000000 -0.935639858 6.144191742 -2.313835144 0.718550503 0.011912250 -0.149000660 -0.679221690
1403637170338319104.000000 -0.917697668 6.183307648 -2.213118553 0.709378064 0.008996516 -0.144494802 -0.689799309
1403637170388318976.000000 -0.898377776 6.220632553 -2.110068321 -0.698282719 -0.001967009 0.143267229 0.701335847
1403637170438319104.000000 -0.880670071 6.256624222 -2.004345894 -0.686525881 0.008316475 0.141810074 0.713093996
1403637170488318976.000000 -0.863379478 6.290544510 -1.897116661 -0.673783302 0.020195935 0.140705079 0.725127816
1403637170538319104.000000 -0.845562875 6.324981689 -1.789515257 -0.661096036 0.031802520 0.137453258 0.736917436
1403637170588318976.000000 -0.830091357 6.353348255 -1.680858850 -0.648638487 0.043421287 0.132943839 0.748136818
1403637170638319104.000000 -0.816249132 6.378949165 -1.572059393 -0.635722339 0.052735120 0.128399387 0.759335041
1403637170688318976.000000 -0.799763441 6.400292873 -1.462904692 -0.623239100 0.061184470 0.121877030 0.770049095
1403637170738319104.000000 -0.788536489 6.417746067 -1.355736494 -0.610421598 0.066340618 0.115892082 0.780739009
1403637170788318976.000000 -0.777910709 6.430848122 -1.249666452 -0.595801771 0.069944032 0.112750851 0.792095542
1403637170838319104.000000 -0.765862226 6.442949295 -1.143562555 -0.581355453 0.066922873 0.111538373 0.803185225
1403637170888318976.000000 -0.754229188 6.446851730 -1.041938305 -0.565969884 0.064786911 0.108941205 0.814624190
1403637170938319104.000000 -0.741537273 6.446677685 -0.942752838 -0.550334632 0.060415339 0.106641598 0.825899184
1403637170988318976.000000 -0.726114154 6.447087288 -0.843216419 -0.534819484 0.055748254 0.105016023 0.836559594
1403637171038319104.000000 -0.710680962 6.439240932 -0.749088287 -0.518953979 0.053427529 0.103435196 0.846837282
1403637171088318976.000000 -0.694727480 6.428464890 -0.657208681 -0.502629340 0.051512230 0.103878587 0.856691062
1403637171138319104.000000 -0.676316679 6.420837402 -0.564303994 -0.489013553 0.047306806 0.102385715 0.864953816
1403637171188318976.000000 -0.657867849 6.404954433 -0.478376269 -0.477007776 0.045737203 0.100425668 0.871944070
1403637171238319104.000000 -0.637583077 6.386923790 -0.395668149 -0.466394722 0.047328971 0.099392287 0.877699971
1403637171288318976.000000 -0.614829957 6.371063232 -0.312945366 -0.458136976 0.048869953 0.095912598 0.882339537
1403637171338319104.000000 -0.591366649 6.348864079 -0.236951232 -0.452056199 0.049666446 0.091255166 0.885918140
1403637171388318976.000000 -0.567284584 6.324472904 -0.164110422 -0.448373437 0.048296873 0.084423289 0.888538957
1403637171438319104.000000 -0.541384280 6.300935745 -0.090355635 -0.446580797 0.046415363 0.076860182 0.890226841
1403637171488318976.000000 -0.515433609 6.270951271 -0.023164272 -0.444675505 0.044135973 0.072657719 0.891648293
1403637171538319104.000000 -0.489046007 6.238126755 0.042083025 -0.443443328 0.041968688 0.069477439 0.892619491
1403637171588318976.000000 -0.465947956 6.206454277 0.114662290 -0.443319559 0.040307328 0.067214534 0.892930806
1403637171638319104.000000 -0.441957563 6.168149948 0.177461267 -0.444194704 0.038430277 0.063370466 0.892859638
1403637171688318976.000000 -0.419918418 6.127035141 0.239651561 -0.445372611 0.037574090 0.061366498 0.892449260
1403637171738319104.000000 -0.400156856 6.082936764 0.301308155 0.447210133 -0.037602693 -0.059576772 -0.891650081
1403637171788318976.000000 -0.378866702 6.044993877 0.369580984 -0.449558198 0.037098199 0.057635024 0.890617430
1403637171838319104.000000 -0.362924606 5.995082855 0.429934025 -0.452344894 0.037099957 0.055295411 0.889353752
1403637171888318976.000000 -0.349317342 5.941889286 0.489854097 -0.454752505 0.037765473 0.054046877 0.888173938
1403637171938319104.000000 -0.332008749 5.893822670 0.554139614 -0.457034618 0.038058016 0.054149024 0.886983037
1403637171988318976.000000 -0.322229952 5.834239006 0.613355875 -0.459396124 0.039308786 0.053379420 0.885754347
1403637172038319104.000000 -0.314795971 5.771036625 0.671938658 -0.461620212 0.039826497 0.053133912 0.884588897
1403637172088318976.000000 -0.300814986 5.712704182 0.734071970 -0.463748902 0.041054044 0.052963261 0.883428812
1403637172138319104.000000 -0.296772480 5.643937588 0.792846441 -0.464123696 0.041956130 0.057195935 0.882925570
1403637172188318976.000000 -0.293642223 5.571882248 0.851011992 -0.462933868 0.043141544 0.065436572 0.882920802
1403637172238319104.000000 -0.283149540 5.502966881 0.910333633 -0.460309356 0.041048214 0.078438796 0.883333266
1403637172288318976.000000 -0.278690159 5.425769329 0.966029644 -0.457044274 0.039478876 0.092476167 0.883742154
1403637172338319104.000000 -0.272361279 5.346836567 1.019342422 -0.454526752 0.038334548 0.104714088 0.883725524
1403637172388318976.000000 -0.257004112 5.272305012 1.071310282 -0.452130258 0.037775919 0.116108961 0.883555293
1403637172438319104.000000 -0.247213691 5.191447258 1.119268179 -0.450482219 0.037905313 0.125388891 0.883123219
1403637172488318976.000000 -0.237008959 5.109517097 1.163870335 -0.448626727 0.038437705 0.135058805 0.882618725
1403637172538319104.000000 -0.223155499 5.035600662 1.208798885 -0.448122263 0.040478509 0.140796348 0.881886780
1403637172588318976.000000 -0.210270882 4.953228951 1.245585203 -0.447906762 0.041168302 0.145420492 0.881213665
1403637172638319104.000000 -0.196554661 4.871562004 1.279010296 -0.447917312 0.042065043 0.149136797 0.880544662
1403637172688318976.000000 -0.177771270 4.796442986 1.312742949 -0.447523326 0.041802272 0.153630823 0.879984736
1403637172738319104.000000 -0.162234843 4.717851162 1.339729548 -0.448019296 0.040730257 0.156921402 0.879201591
1403637172788318976.000000 -0.146476150 4.640622616 1.363330364 -0.449492663 0.037160370 0.161789641 0.877724111
1403637172838319104.000000 -0.129001737 4.567701340 1.385741234 -0.451691031 0.030464476 0.169324383 0.875429332
1403637172888318976.000000 -0.114747226 4.493804932 1.403426886 -0.454820633 0.020246955 0.177884832 0.872402012
1403637172938319104.000000 -0.103371918 4.422359943 1.419910192 -0.458283007 0.008758068 0.186853662 0.868899167
1403637172988318976.000000 -0.097326696 4.354232788 1.437781811 -0.461406797 -0.001338918 0.195468739 0.865386605
1403637173038319104.000000 -0.093102455 4.289648056 1.453892946 -0.463958561 -0.010145229 0.203802407 0.862034917
1403637173088318976.000000 -0.091761708 4.230021954 1.470436811 -0.468124688 -0.015623888 0.209711537 0.858275175
1403637173138319104.000000 -0.091943741 4.171875954 1.487097025 -0.473231971 -0.019567518 0.217215031 0.853514135
1403637173188318976.000000 -0.096025288 4.121462822 1.503308296 -0.479894966 -0.020302679 0.223958358 0.848016143
1403637173238319104.000000 -0.101608038 4.075964451 1.518617868 -0.489036262 -0.018659024 0.227771565 0.841793060
1403637173288318976.000000 -0.115185916 4.027048111 1.532475710 -0.499563873 -0.013600017 0.230238914 0.835009634
1403637173338319104.000000 -0.120404601 3.992605448 1.545247555 -0.511355400 -0.008053333 0.230566278 0.827822506
1403637173388318976.000000 -0.126131475 3.962595224 1.556349754 -0.522562802 -0.002247834 0.232088774 0.820401073
1403637173438319104.000000 -0.138950229 3.926979780 1.564390182 -0.533576548 0.003340516 0.233339012 0.812919378
1403637173488318976.000000 -0.146199226 3.904832840 1.571907043 -0.544609785 0.007852083 0.235260978 0.804978848
1403637173538319104.000000 -0.155055165 3.885832787 1.577798843 -0.554523885 0.012150397 0.238207877 0.797253191
1403637173588318976.000000 -0.171272039 3.859934330 1.581172466 -0.563586950 0.017000500 0.243016884 0.789318442
1403637173638319104.000000 -0.183785915 3.846973181 1.584056139 -0.571065307 0.022146692 0.250824422 0.781332850
1403637173688318976.000000 -0.198518395 3.836918831 1.585020304 -0.577884972 0.026180638 0.259154022 0.773435652
1403637173738319104.000000 -0.220265269 3.816252470 1.580741882 -0.584154963 0.028574497 0.268342018 0.765466630
1403637173788318976.000000 -0.239508152 3.811666965 1.576860428 -0.590122283 0.028865177 0.277373850 0.757618845
1403637173838319104.000000 -0.260563850 3.811554432 1.570225000 -0.595139325 0.027434390 0.288108379 0.749700069
1403637173888318976.000000 -0.289432645 3.800587177 1.556865215 0.600058317 -0.023247937 -0.296904981 -0.742453456
1403637173938319104.000000 -0.310181022 3.808268785 1.541670561 0.605972111 -0.014573644 -0.299839318 -0.736669421
1403637173988318976.000000 -0.327926636 3.820327759 1.521124125 0.613941073 -0.007082818 -0.295042932 -0.732103765
1403637174038319104.000000 -0.345735908 3.825483799 1.493200541 0.624010384 -0.000588363 -0.281224161 -0.729056776
1403637174088318976.000000 -0.355265856 3.845403910 1.463493824 0.633807898 -0.001345224 -0.265319020 -0.726561546
1403637174138319104.000000 -0.360679567 3.868501425 1.430945158 0.643236697 -0.006232438 -0.246765688 -0.724785745
1403637174188318976.000000 -0.366203189 3.885181427 1.395859241 -0.650341451 0.015554790 0.231241271 0.723423541
1403637174238319104.000000 -0.366692960 3.910289526 1.360606194 -0.655418932 0.025810532 0.218876317 0.722393930
1403637174288318976.000000 -0.366321445 3.935390949 1.324165583 -0.658262312 0.036038283 0.211656153 0.721521854
1403637174338319104.000000 -0.369325459 3.948725224 1.284183741 0.658491790 -0.041312404 -0.210302338 -0.721425533
1403637174388318976.000000 -0.368666410 3.970584393 1.245749474 0.657679319 -0.047198292 -0.211666912 -0.721406579
1403637174438319104.000000 -0.367337883 3.991702557 1.205808163 0.655850470 -0.054778066 -0.216565743 -0.721081793
1403637174488318976.000000 -0.364468873 4.006863594 1.162662983 0.654119492 -0.065142520 -0.222821057 -0.719885349
1403637174538319104.000000 -0.362164795 4.024834633 1.117305517 0.655043602 -0.070022464 -0.226044044 -0.717578471
1403637174588318976.000000 -0.359953165 4.041042328 1.068736076 0.657578528 -0.073317491 -0.229542807 -0.713810325
1403637174638319104.000000 -0.355673313 4.052853107 1.016443491 0.663836956 -0.071613148 -0.228130117 -0.708624601
1403637174688318976.000000 -0.355664015 4.067027092 0.961896181 0.672983587 -0.070612624 -0.223782673 -0.701447248
1403637174738319104.000000 -0.357979119 4.079836845 0.905834198 0.683393776 -0.068843335 -0.219333872 -0.692911446
1403637174788318976.000000 -0.357764125 4.088986874 0.848505974 0.694617093 -0.066826217 -0.214649007 -0.683350027
1403637174838319104.000000 -0.365200818 4.098551750 0.791059494 0.704488456 -0.063366935 -0.215796828 -0.673136294
1403637174888318976.000000 -0.375478804 4.106184483 0.733818531 0.712490857 -0.060317669 -0.223073110 -0.662538290
1403637174938319104.000000 -0.383166552 4.112606525 0.676419735 0.720323384 -0.057664439 -0.231342480 -0.651375234
1403637174988318976.000000 -0.395766318 4.117688656 0.618507385 0.728380859 -0.055229761 -0.237362266 -0.640367270
1403637175038319104.000000 -0.409605145 4.122015953 0.560423851 0.735477328 -0.054687172 -0.241970733 -0.630501926
1403637175088318976.000000 -0.417946815 4.123160362 0.503559589 0.742749751 -0.056301270 -0.242649212 -0.621509850
1403637175138319104.000000 -0.433091342 4.126588821 0.444718361 0.749220729 -0.060816124 -0.241402119 -0.613754749
1403637175188318976.000000 -0.449402571 4.128748894 0.385570049 0.754801929 -0.067640580 -0.239340499 -0.606971979
1403637175238319104.000000 -0.461573482 4.128083229 0.326642990 0.760100067 -0.075408749 -0.236018658 -0.600713491
1403637175288318976.000000 -0.479801834 4.126849651 0.266755104 0.765058696 -0.082242206 -0.230923548 -0.595479429
1403637175338319104.000000 -0.499297917 4.123236179 0.206434250 0.769799292 -0.086412698 -0.225365326 -0.590891182
1403637175388318976.000000 -0.515558064 4.115203381 0.147110462 0.773120284 -0.089831963 -0.221428126 -0.587524414
1403637175438319104.000000 -0.538172245 4.106159687 0.087294579 0.773954570 -0.092308551 -0.222599834 -0.585596204
1403637175488318976.000000 -0.562531412 4.094153881 0.027389050 0.773481369 -0.093086675 -0.227517039 -0.584206760
1403637175538319104.000000 -0.584894001 4.077205658 -0.031048298 0.771576703 -0.093091443 -0.234786853 -0.583848119
1403637175588318976.000000 -0.612136722 4.059305668 -0.091834545 0.769153416 -0.091759034 -0.242322877 -0.584177196
1403637175638319104.000000 -0.639924586 4.039120674 -0.153851509 0.766599298 -0.087585963 -0.250318557 -0.584803283
1403637175688318976.000000 -0.664279103 4.014436245 -0.214628220 0.764687002 -0.084400475 -0.256000400 -0.585315526
1403637175738319104.000000 -0.689010799 3.989660263 -0.280958176 0.762787938 -0.082827643 -0.260143399 -0.586190820
1403637175788318976.000000 -0.711999655 3.962720871 -0.350003242 0.762224793 -0.079063535 -0.261129677 -0.587004006
1403637175838319104.000000 -0.732491732 3.934810638 -0.421891689 0.762778878 -0.074877180 -0.259092540 -0.587735355
1403637175888318976.000000 -0.751685798 3.903864384 -0.493126869 0.764415801 -0.068714447 -0.254788727 -0.588242769
1403637175938319104.000000 -0.769149840 3.872826099 -0.569608688 0.766424060 -0.063828781 -0.248240843 -0.588979244
1403637175988318976.000000 -0.784282982 3.840216160 -0.647600174 0.768169880 -0.062444054 -0.241539598 -0.589639246
1403637176038319104.000000 -0.797628224 3.807172298 -0.727377415 0.768985748 -0.065689869 -0.236227050 -0.590374947
1403637176088318976.000000 -0.809292197 3.765028000 -0.800675869 0.769685090 -0.068682522 -0.230551183 -0.591366053
1403637176138319104.000000 -0.821659327 3.728293419 -0.881210566 0.770705223 -0.069274537 -0.224304020 -0.592370152
1403637176188318976.000000 -0.835299015 3.689777136 -0.961092234 0.771064460 -0.071168348 -0.219401866 -0.593512893
1403637176238319104.000000 -0.851430655 3.647683144 -1.035999775 0.772106946 -0.071761273 -0.215345249 -0.593572021
1403637176288318976.000000 -0.868597150 3.604692459 -1.114831686 0.773284495 -0.072262563 -0.213738516 -0.592558146
1403637176338319104.000000 -0.887539566 3.559414625 -1.192713976 0.774157107 -0.073274799 -0.213767469 -0.591282547
1403637176388318976.000000 -0.908097267 3.508679628 -1.265378237 0.775324702 -0.071686544 -0.213436738 -0.590065718
1403637176438319104.000000 -0.929905593 3.459048271 -1.341363430 0.775792301 -0.069917448 -0.216030642 -0.588717878
1403637176488318976.000000 -0.952765822 3.407458544 -1.416870356 0.777700007 -0.064410396 -0.218087405 -0.586064756
1403637176538319104.000000 -0.967145920 3.349445105 -1.491308451 0.779642940 -0.060564075 -0.221934825 -0.582437932
1403637176588318976.000000 -0.991426408 3.294648647 -1.565441847 0.781894386 -0.059570488 -0.226798818 -0.577628732
1403637176638319104.000000 -1.016928434 3.238735676 -1.638828039 0.784033120 -0.057817448 -0.232583135 -0.572585702
1403637176688318976.000000 -1.043202639 3.182189941 -1.708830118 0.786187470 -0.055761922 -0.237852007 -0.567649901
1403637176738319104.000000 -1.071177721 3.124916792 -1.780594826 0.787616074 -0.054190360 -0.243663833 -0.563340366
1403637176788318976.000000 -1.099671364 3.066896200 -1.851776600 0.789195836 -0.052380037 -0.247637331 -0.559555233
1403637176838319104.000000 -1.128181696 3.004760027 -1.921378851 0.790679097 -0.050327394 -0.251497328 -0.555916309
1403637176888318976.000000 -1.158922672 2.946098328 -1.991429329 0.790985644 -0.047052663 -0.257134318 -0.553181410
1403637176938319104.000000 -1.190410495 2.887550116 -2.061287403 0.791311622 -0.043245513 -0.261623681 -0.550916433
1403637176988318976.000000 -1.223275065 2.830217600 -2.129538298 0.791106343 -0.038055118 -0.266641825 -0.549185514
1403637177038319104.000000 -1.255326986 2.770612717 -2.199824572 0.789679945 -0.033274077 -0.274338067 -0.547756493
1403637177088318976.000000 -1.290854931 2.714337826 -2.268471003 0.787413597 -0.025137048 -0.283604145 -0.546732783
1403637177138319104.000000 -1.327517986 2.659336090 -2.337145090 0.784621418 -0.019143706 -0.293619126 -0.545702040
1403637177188318976.000000 -1.364789009 2.605635881 -2.405132294 0.782271564 -0.013682208 -0.302027553 -0.544649780
1403637177238319104.000000 -1.401492238 2.555178165 -2.478099108 0.780348182 -0.008959298 -0.308712214 -0.543758512
1403637177288318976.000000 -1.440822959 2.507029533 -2.548072815 0.779127598 -0.006549253 -0.312822133 -0.543193877
1403637177338319104.000000 -1.481516600 2.462070227 -2.618870735 0.777927637 -0.003615048 -0.316448241 -0.542840838
1403637177388318976.000000 -1.522105098 2.419574261 -2.692081690 0.777726769 -0.000475446 -0.317587107 -0.542475283
1403637177438319104.000000 -1.563567281 2.384424448 -2.768150330 0.778464258 0.005614131 -0.316089302 -0.542263329
1403637177488318976.000000 -1.606710196 2.349011660 -2.842569828 0.780105829 0.013134774 -0.313935280 -0.541024089
1403637177538319104.000000 -1.649899721 2.317189932 -2.918064594 0.782625735 0.018528985 -0.310892016 -0.538980365
1403637177588318976.000000 -1.690916777 2.293558836 -2.996653080 0.785914898 0.026600925 -0.305620462 -0.536867201
1403637177638319104.000000 -1.730115056 2.269285679 -3.074103594 0.789376974 0.032459162 -0.298460066 -0.535492301
1403637177688318976.000000 -1.765819550 2.249651909 -3.152055740 0.792963028 0.036333662 -0.290894240 -0.534106851
1403637177738319104.000000 -1.798387647 2.240845442 -3.231606007 0.796500981 0.040199492 -0.282944053 -0.532834709
1403637177788318976.000000 -1.828744411 2.230251312 -3.309313774 0.800174952 0.038589314 -0.277073383 -0.530529380
1403637177838319104.000000 -1.858758211 2.222326279 -3.385300159 0.802531004 0.034550853 -0.278030843 -0.526734352
1403637177888318976.000000 -1.888062835 2.221451521 -3.461634398 0.805830002 0.030977454 -0.279371023 -0.521181703
1403637177938319104.000000 -1.918825626 2.218814850 -3.534988880 0.810088694 0.028717261 -0.280696362 -0.513946831
1403637177988318976.000000 -1.950622082 2.218340397 -3.606813908 0.815230310 0.030931676 -0.281019330 -0.505441308
1403637178038319104.000000 -1.980871320 2.228310347 -3.680317879 0.822000265 0.036878452 -0.277830780 -0.495747507
1403637178088318976.000000 -2.013686180 2.232201815 -3.748730421 0.829496443 0.045384072 -0.272376090 -0.485476434
1403637178138319104.000000 -2.047105551 2.238880634 -3.814126015 0.835657597 0.050196562 -0.270429760 -0.475420326
1403637178188318976.000000 -2.081007719 2.255120516 -3.878767490 0.841001987 0.054825559 -0.269152939 -0.466118604
1403637178238319104.000000 -2.109091043 2.268800259 -3.939279556 0.846449852 0.058577139 -0.264739603 -0.458262444
1403637178288318976.000000 -2.134137392 2.286337852 -3.997133970 0.851432383 0.061434090 -0.258973777 -0.451908618
1403637178338319104.000000 -2.153218031 2.318798065 -4.056038857 0.856442928 0.064199463 -0.251413882 -0.446290314
1403637178388318976.000000 -2.172808409 2.345406771 -4.108684540 0.860003710 0.069213234 -0.246167660 -0.441593319
1403637178438319104.000000 -2.188276529 2.375352144 -4.157429695 0.863173902 0.071408443 -0.241032973 -0.437875420
1403637178488318976.000000 -2.197887897 2.419096470 -4.205333233 0.864852905 0.072975434 -0.240081012 -0.434816301
1403637178538319104.000000 -2.206983328 2.456500053 -4.245897293 0.866013348 0.071183242 -0.240160376 -0.432754993
1403637178588318976.000000 -2.213689327 2.497417212 -4.282199860 0.866841137 0.069199450 -0.240508437 -0.431223422
1403637178638319104.000000 -2.219412804 2.541758776 -4.313783646 0.867059052 0.060672011 -0.242448419 -0.430983037
1403637178688318976.000000 -2.222086668 2.601045132 -4.345612049 0.866988838 0.050322130 -0.244214118 -0.431459725
1403637178738319104.000000 -2.226277351 2.651355505 -4.369594574 0.867635131 0.037658606 -0.243461967 -0.431876689
1403637178788318976.000000 -2.230402708 2.703882933 -4.390434742 0.868113399 0.025406325 -0.241954684 -0.432656467
1403637178838319104.000000 -2.233900785 2.760663271 -4.407927990 0.868645787 0.015164016 -0.240279898 -0.433001369
1403637178888318976.000000 -2.240117550 2.821823835 -4.428070068 0.868003905 0.003565728 -0.241596207 -0.433806181
1403637178938319104.000000 -2.245234966 2.877993107 -4.440035820 0.867463112 -0.006136728 -0.242205650 -0.434518784
1403637178988318976.000000 -2.250347853 2.934181929 -4.449914932 0.867346048 -0.013171347 -0.241298005 -0.435100824
1403637179038319104.000000 -2.255722284 2.989712954 -4.457233429 0.867100954 -0.019401774 -0.240377069 -0.435865104
1403637179088318976.000000 -2.264097214 3.049192429 -4.467040539 0.866171718 -0.020852180 -0.242238373 -0.436614603
1403637179138319104.000000 -2.271604538 3.103096247 -4.469706059 0.864637673 -0.019437462 -0.246571556 -0.437294573
1403637179188318976.000000 -2.278824091 3.156762838 -4.470828533 0.863473594 -0.018867118 -0.249286503 -0.438079566
1403637179238319104.000000 -2.284513950 3.209539175 -4.470543861 0.862195671 -0.014815790 -0.252231061 -0.439065754
1403637179288318976.000000 -2.289143801 3.263148785 -4.471978664 0.861312866 -0.011806841 -0.253627032 -0.440084308
1403637179338319104.000000 -2.284361601 3.313857079 -4.471289635 0.861226082 -0.008437451 -0.253566444 -0.440366417
1403637179388318976.000000 -2.274322271 3.364065409 -4.470272064 0.860642374 -0.005917791 -0.254421651 -0.441054821
1403637179438319104.000000 -2.259631634 3.413985252 -4.468926430 0.860212982 -0.004211505 -0.254746646 -0.441723883
1403637179488318976.000000 -2.241012096 3.469936371 -4.471069336 0.859666646 -0.004540038 -0.255725920 -0.442218304
1403637179538319104.000000 -2.225387573 3.520447969 -4.467301846 0.859460235 -0.004974502 -0.255749494 -0.442600936
1403637179588318976.000000 -2.210954189 3.570887804 -4.461915493 0.859942734 -0.004968409 -0.254667729 -0.442287505
1403637179638319104.000000 -2.200499535 3.621577263 -4.453898430 0.860021114 -0.006176495 -0.254379064 -0.442286015
1403637179688318976.000000 -2.199458599 3.670578480 -4.446921825 0.860693216 -0.006647052 -0.252579868 -0.442002922
1403637179738319104.000000 -2.197759390 3.721995831 -4.433662415 0.861801505 -0.004281249 -0.250466168 -0.441074491
1403637179788318976.000000 -2.202706337 3.773713589 -4.417114258 0.863252878 0.001644319 -0.247603789 -0.439868480
1403637179838319104.000000 -2.213832855 3.825992107 -4.397389412 0.865514278 0.009329496 -0.241834581 -0.438536346
1403637179888318976.000000 -2.224535942 3.882610559 -4.377674103 0.867824256 0.016483096 -0.235428184 -0.437244892
1403637179938319104.000000 -2.241891623 3.935880423 -4.350759506 0.869738042 0.020850379 -0.229824260 -0.436236024
1403637179988318976.000000 -2.260341406 3.989852667 -4.319942474 0.870271564 0.021806261 -0.228011712 -0.436076432
1403637180038319104.000000 -2.278815031 4.045897484 -4.285413742 0.869458556 0.017765669 -0.231426507 -0.436082631
1403637180088318976.000000 -2.279059649 4.100400925 -4.250144958 0.867962539 0.012514968 -0.236079141 -0.436750710
1403637180138319104.000000 -2.293493032 4.156340599 -4.210461617 0.866298497 0.004957442 -0.240678132 -0.437694490
1403637180188318976.000000 -2.305782795 4.211780548 -4.168237209 0.864185512 -0.002117579 -0.246330261 -0.438748658
1403637180238319104.000000 -2.313918591 4.268380165 -4.126075268 0.862492859 -0.007480441 -0.250372112 -0.439731777
1403637180288318976.000000 -2.315182686 4.324453831 -4.085469723 0.860596657 -0.012292228 -0.254868746 -0.440754235
1403637180338319104.000000 -2.317935467 4.379696846 -4.041926384 0.859402478 -0.015451465 -0.257448435 -0.441485018
1403637180388318976.000000 -2.319453716 4.434714317 -3.997836113 0.856717885 -0.016521348 -0.264965415 -0.442215860
1403637180438319104.000000 -2.319191217 4.489428520 -3.953931332 0.853939533 -0.014261452 -0.273289114 -0.442602545
1403637180488318976.000000 -2.309157372 4.534507751 -3.906693935 0.850524962 -0.010863277 -0.283752888 -0.442689210
1403637180538319104.000000 -2.304074049 4.589624405 -3.864694118 0.848310471 -0.008067332 -0.290668756 -0.442511022
1403637180588318976.000000 -2.295808315 4.646385193 -3.825068951 0.847693741 -0.004697930 -0.293186069 -0.442080587
1403637180638319104.000000 -2.282828569 4.705097198 -3.788541317 0.850354075 0.001428292 -0.286418200 -0.441430092
1403637180688318976.000000 -2.270005465 4.758337021 -3.747918606 0.853734851 0.003062585 -0.277157336 -0.440807641
1403637180738319104.000000 -2.253850460 4.819377899 -3.712105274 0.855909586 0.001579680 -0.271786928 -0.439941138
1403637180788318976.000000 -2.235077858 4.881055355 -3.676635265 0.858629465 0.001725611 -0.265267581 -0.438617915
1403637180838319104.000000 -2.214677095 4.944246292 -3.641026974 0.860740244 0.003864608 -0.260748327 -0.437174737
1403637180888318976.000000 -2.193935633 4.993291378 -3.597577572 0.863757968 0.009600828 -0.253923535 -0.435146958
1403637180938319104.000000 -2.169813156 5.057971954 -3.560717106 0.865629137 0.014447985 -0.250634164 -0.433197409
1403637180988318976.000000 -2.143433094 5.123476982 -3.522543430 0.867720246 0.019790288 -0.246786013 -0.431006581
1403637181038319104.000000 -2.114922762 5.188365936 -3.481398106 0.869616985 0.025986455 -0.243744954 -0.428578466
1403637181088318976.000000 -2.083491564 5.245625496 -3.434391499 0.870402753 0.025552824 -0.243684530 -0.427040875
1403637181138319104.000000 -2.049607754 5.313986301 -3.390094280 0.870399475 0.019952444 -0.246143222 -0.425934404
1403637181188318976.000000 -2.013508320 5.382982731 -3.343836308 0.869689584 0.011003038 -0.250252903 -0.425314665
1403637181238319104.000000 -1.975301385 5.449982643 -3.294665813 0.869519651 0.000976435 -0.252330720 -0.424575001
1403637181288318976.000000 -1.931853533 5.508611679 -3.242963791 0.869317710 -0.008273868 -0.253849685 -0.424003124
1403637181338319104.000000 -1.888883114 5.577392101 -3.194109917 0.870278716 -0.013998956 -0.252061009 -0.422947317
1403637181388318976.000000 -1.843821883 5.645279408 -3.144660950 0.871864319 -0.016176797 -0.248485103 -0.421718121
1403637181438319104.000000 -1.797051311 5.712183475 -3.094526768 0.873117089 -0.016006647 -0.245921239 -0.420634210
1403637181488318976.000000 -1.756005526 5.767729759 -3.040180683 0.873472691 -0.013990548 -0.246435151 -0.419665933
1403637181538319104.000000 -1.705296516 5.831409931 -2.987294674 0.873387516 -0.011393293 -0.248986468 -0.418414086
1403637181588318976.000000 -1.652563810 5.894279480 -2.933197975 0.872982383 -0.010571101 -0.252477169 -0.417187452
1403637181638319104.000000 -1.596216679 5.953557968 -2.876954079 0.872771561 -0.009096127 -0.255655348 -0.415725350
1403637181688318976.000000 -1.551069498 6.011439800 -2.821689129 0.872765601 -0.009552227 -0.257720768 -0.414450288
1403637181738319104.000000 -1.493527770 6.071540833 -2.764231205 0.872395933 -0.012344080 -0.260903239 -0.413161606
1403637181788318976.000000 -1.436837554 6.131223679 -2.706295490 0.872723460 -0.016448362 -0.261885405 -0.411702901
1403637181838319104.000000 -1.381149292 6.190752029 -2.647566319 0.872991145 -0.020448413 -0.262110978 -0.410811633
1403637181888318976.000000 -1.338575363 6.248639107 -2.590937614 0.873221040 -0.023258260 -0.261783689 -0.410382152
1403637181938319104.000000 -1.285982728 6.306718826 -2.530217648 0.873095751 -0.024552656 -0.262844771 -0.409894645
1403637181988318976.000000 -1.234714270 6.364248276 -2.469009399 0.873350024 -0.025567705 -0.262435049 -0.409553409
1403637182038319104.000000 -1.184269905 6.421041965 -2.407039642 0.873794138 -0.026656760 -0.260919422 -0.409505099
1403637182088318976.000000 -1.144553542 6.478363991 -2.350728989 0.875010908 -0.029116198 -0.256163090 -0.409742296
1403637182138319104.000000 -1.096177697 6.533445358 -2.287425041 0.875244856 -0.032490328 -0.254101217 -0.410272449
1403637182188318976.000000 -1.048889637 6.587203979 -2.223232269 0.875011265 -0.038677536 -0.252411991 -0.411275536
1403637182238319104.000000 -1.004736662 6.638051033 -2.157668114 0.874632180 -0.045387179 -0.250400454 -0.412623614
1403637182288318976.000000 -0.963753700 6.691752434 -2.099570274 0.873895705 -0.052057974 -0.249413431 -0.413991868
1403637182338319104.000000 -0.920385718 6.739569664 -2.033071518 0.873356581 -0.058001012 -0.247638717 -0.415402651
1403637182388318976.000000 -0.878019571 6.784706116 -1.966026306 0.873324156 -0.061197110 -0.245257095 -0.416423857
1403637182438319104.000000 -0.836102962 6.826567173 -1.898656845 0.872980237 -0.067038335 -0.242307410 -0.417969406
1403637182488318976.000000 -0.794180632 6.869352341 -1.837721825 0.874859154 -0.065384626 -0.235141024 -0.418395966
1403637182538319104.000000 -0.750114918 6.905493259 -1.770243645 0.875786245 -0.062986493 -0.230875179 -0.419198960
1403637182588318976.000000 -0.703963280 6.938327789 -1.702687263 0.876895666 -0.059497636 -0.226968601 -0.419522882
1403637182638319104.000000 -0.657846212 6.968828201 -1.634689331 0.877151966 -0.056990322 -0.225700527 -0.420018882
1403637182688318976.000000 -0.609409928 6.995460033 -1.565218925 0.876635790 -0.056889065 -0.226702183 -0.420570433
1403637182738319104.000000 -0.560409188 7.027140617 -1.507306099 0.876162052 -0.059053987 -0.226804420 -0.421203643
1403637182788318976.000000 -0.512452006 7.047843933 -1.435265541 0.875259876 -0.061979778 -0.229261845 -0.421328515
1403637182838319104.000000 -0.465760827 7.065830708 -1.361815453 0.874458373 -0.065902717 -0.231429681 -0.421212196
1403637182888318976.000000 -0.420835018 7.080781937 -1.287319183 0.874020159 -0.068974800 -0.232773304 -0.420889407
1403637182938319104.000000 -0.377595663 7.097681522 -1.217674255 0.873435140 -0.073613837 -0.234232783 -0.420508176
1403637182988318976.000000 -0.337639809 7.106949329 -1.141120911 0.872592628 -0.078841083 -0.236198336 -0.420210212
1403637183038319104.000000 -0.301836252 7.113629341 -1.062931061 0.871511936 -0.084855266 -0.238599256 -0.419925064
1403637183088318976.000000 -0.270260572 7.118675709 -0.984865189 0.870719016 -0.090088390 -0.240149453 -0.419596076
1403637183138319104.000000 -0.250156999 7.126582623 -0.906512260 0.869666040 -0.095480181 -0.242072850 -0.419482261
1403637183188318976.000000 -0.227454424 7.124593258 -0.825340271 0.868937075 -0.098352976 -0.243622214 -0.419432282
1403637183238319104.000000 -0.208076715 7.119148254 -0.743626595 0.868000507 -0.101057939 -0.245604187 -0.419572473
1403637183288318976.000000 -0.190938830 7.110856533 -0.663725853 0.867285967 -0.102733389 -0.247445822 -0.419561088
1403637183338319104.000000 -0.173819184 7.100561619 -0.583008766 0.866439521 -0.104860589 -0.249683529 -0.419457972
1403637183388318976.000000 -0.159680247 7.084456921 -0.502969742 0.865654767 -0.106907092 -0.251602173 -0.419415146
1403637183438319104.000000 -0.146650076 7.064736366 -0.424090385 0.865752637 -0.107581891 -0.251584440 -0.419051081
1403637183488318976.000000 -0.129366636 7.041723728 -0.345854759 0.865861177 -0.107968509 -0.251473457 -0.418793887
1403637183538319104.000000 -0.119197249 7.015109062 -0.268779755 0.865006387 -0.109855741 -0.253518224 -0.418836653
1403637183588318976.000000 -0.110378027 6.984542370 -0.192696571 0.864547908 -0.111645602 -0.254305035 -0.418833196
1403637183638319104.000000 -0.103048801 6.950392723 -0.117130280 0.863985240 -0.114179999 -0.255440116 -0.418620229
1403637183688318976.000000 -0.096987724 6.909511566 -0.038640976 0.863840759 -0.116177849 -0.255580008 -0.418283105
1403637183738319104.000000 -0.093047380 6.867765427 0.034726143 0.862329006 -0.118594930 -0.259440750 -0.418347359
1403637183788318976.000000 -0.089665771 6.821620941 0.106743813 0.859727204 -0.121425204 -0.265786558 -0.418906510
1403637183838319104.000000 -0.086394072 6.772394657 0.175346375 0.857323766 -0.123359323 -0.272117615 -0.419202119
1403637183888318976.000000 -0.074518442 6.717289448 0.241683006 0.854875565 -0.125558943 -0.278450370 -0.419390231
1403637183938319104.000000 -0.070122123 6.661324978 0.302842140 0.852787375 -0.128114149 -0.283805758 -0.419278890
1403637183988318976.000000 -0.065411687 6.601019859 0.360496044 0.850780308 -0.129800156 -0.289262921 -0.419108331
1403637184038319104.000000 -0.067825437 6.539504528 0.413404942 0.849102616 -0.131915942 -0.293648779 -0.418799967
1403637184088318976.000000 -0.052121878 6.455288887 0.473931313 0.848528326 -0.131951764 -0.295960039 -0.418325454
1403637184138319104.000000 -0.043933034 6.381764412 0.518754959 0.848864794 -0.129597649 -0.296879888 -0.417726576
1403637184188318976.000000 -0.034797311 6.304901123 0.558488846 0.849312901 -0.125807539 -0.297684103 -0.417401850
1403637184238319104.000000 -0.026127219 6.225038528 0.594062328 0.851554990 -0.118706010 -0.295042247 -0.416789174
1403637184288318976.000000 -0.023074985 6.129437447 0.641716003 0.854168415 -0.107342355 -0.292136580 -0.416569531
1403637184338319104.000000 -0.022181034 6.046061516 0.673989773 0.856708288 -0.094600268 -0.289699227 -0.416144282
1403637184388318976.000000 -0.025915384 5.961934090 0.705511570 0.858310461 -0.082247198 -0.289099753 -0.415884525
1403637184438319104.000000 -0.032375336 5.876796722 0.736269951 0.859086692 -0.071582578 -0.289686263 -0.415845990
1403637184488318976.000000 -0.044442534 5.782592297 0.777461052 0.858570397 -0.063407548 -0.292635471 -0.416174233
1403637184538319104.000000 -0.054615378 5.697146416 0.806266785 0.857569993 -0.056467056 -0.296502084 -0.416499466
1403637184588318976.000000 -0.066427946 5.611920834 0.834274769 0.855840683 -0.050164927 -0.301973820 -0.416931599
1403637184638319104.000000 -0.079087615 5.527431011 0.860828876 0.854259908 -0.045165624 -0.306591660 -0.417374671
1403637184688318976.000000 -0.099646330 5.424240589 0.908862114 0.852775693 -0.041509744 -0.310688823 -0.417759657
1403637184738319104.000000 -0.112657428 5.339555740 0.933027267 0.850758851 -0.039107360 -0.315771312 -0.418292373
1403637184788318976.000000 -0.125373006 5.256098747 0.954545975 0.849396348 -0.036186926 -0.319456756 -0.418525696
1403637184838319104.000000 -0.136246800 5.174551964 0.972728252 0.848254204 -0.033829536 -0.322256565 -0.418892831
1403637184888318976.000000 -0.139500260 5.081526279 0.997893810 0.847383618 -0.032548293 -0.324770004 -0.418815136
1403637184938319104.000000 -0.146147609 5.001903057 1.010368347 0.847073913 -0.028879547 -0.325452536 -0.419180751
1403637184988318976.000000 -0.151863456 4.924131870 1.019990921 0.845851302 -0.029868400 -0.328424186 -0.419262588
1403637185038319104.000000 -0.155749202 4.846676826 1.026722908 0.845658362 -0.026000489 -0.329133987 -0.419352829
1403637185088318976.000000 -0.163019180 4.768729210 1.039613247 0.845170021 -0.025408451 -0.330458462 -0.419331878
1403637185138319104.000000 -0.163306952 4.696074486 1.039166451 0.844726264 -0.025869895 -0.332110465 -0.418892622
1403637185188318976.000000 -0.163265347 4.624487877 1.037478924 0.844526589 -0.024817044 -0.332759410 -0.418843865
1403637185238319104.000000 -0.162514448 4.555454254 1.032876968 0.844026804 -0.022956885 -0.334232628 -0.418784320
1403637185288318976.000000 -0.166573644 4.483655930 1.034539223 0.843688488 -0.020687403 -0.335866332 -0.418276995
1403637185338319104.000000 -0.163340569 4.419566154 1.022888184 0.842915714 -0.016015975 -0.338013142 -0.418310732
1403637185388318976.000000 -0.158931494 4.356918335 1.009332180 0.842343688 -0.009726534 -0.339946389 -0.418089718
1403637185438319104.000000 -0.152433634 4.296012878 0.993201733 0.841733277 -0.004695450 -0.341979176 -0.417748034
1403637185488318976.000000 -0.146855831 4.236850739 0.977930069 0.842367113 -0.001028759 -0.341259658 -0.417083412
1403637185538319104.000000 -0.137546182 4.180958271 0.956605434 0.843184888 0.000498330 -0.339817315 -0.416609228
1403637185588318976.000000 -0.126503110 4.127931118 0.933122873 0.844790637 -0.001292998 -0.336375087 -0.416147858
1403637185638319104.000000 -0.116394043 4.075835228 0.910296202 0.847623825 -0.005669199 -0.329488277 -0.415859640
1403637185688318976.000000 -0.105637431 4.027553082 0.883764267 0.851195514 -0.010312845 -0.320720464 -0.415329039
1403637185738319104.000000 -0.096372604 3.981264114 0.856348276 0.854290843 -0.014037128 -0.312682718 -0.414993703
1403637185788318976.000000 -0.088124871 3.943508148 0.824470997 0.857220232 -0.014568050 -0.305306822 -0.414426297
1403637185838319104.000000 -0.083216667 3.900402546 0.796665192 0.859062433 -0.013204795 -0.300767601 -0.413976192
1403637185888318976.000000 -0.079647779 3.859031677 0.768728733 0.860800862 -0.013383924 -0.295868933 -0.413889408
1403637185938319104.000000 -0.077699780 3.818989754 0.741131306 0.862044215 -0.014116340 -0.292855889 -0.413419783
1403637185988318976.000000 -0.074894190 3.785648823 0.710252047 0.863214254 -0.016219649 -0.289358497 -0.413363874
1403637186038319104.000000 -0.075315475 3.747578382 0.684043407 0.864357471 -0.018982057 -0.285724401 -0.413385391
1403637186088318976.000000 -0.075284719 3.710287333 0.657929897 0.865338564 -0.020445660 -0.282671481 -0.413361907
1403637186138319104.000000 -0.074124694 3.673532486 0.632000208 0.865632474 -0.021706292 -0.281419516 -0.413536608
1403637186188318976.000000 -0.071915984 3.639553070 0.605073690 0.865859270 -0.022366583 -0.280734956 -0.413491666
1403637186238319104.000000 -0.063010335 3.610906124 0.572998762 0.865739763 -0.021692690 -0.281267285 -0.413416177
1403637186288318976.000000 -0.057058573 3.577522755 0.545054913 0.865699530 -0.020744748 -0.281151772 -0.413627505
1403637186338319104.000000 -0.047881126 3.544998169 0.516276598 0.866553426 -0.022045325 -0.278470904 -0.413585812
1403637186388318976.000000 -0.036928773 3.512980938 0.487701416 0.866916358 -0.024026772 -0.277543426 -0.413338244
1403637186438319104.000000 -0.023901463 3.482032299 0.458520889 0.866849542 -0.027198525 -0.277550668 -0.413276970
1403637186488318976.000000 -0.003503919 3.455615044 0.426182270 0.866591275 -0.030687297 -0.278365284 -0.413026363
1403637186538319104.000000 0.012007356 3.424648523 0.397496939 0.866383135 -0.035754625 -0.278630942 -0.412876129
1403637186588318976.000000 0.027599573 3.393629789 0.368686438 0.866506636 -0.037925657 -0.278527796 -0.412492663
1403637186638319104.000000 0.042048693 3.362485409 0.340528965 0.866416574 -0.039243799 -0.279217660 -0.412091970
1403637186688318976.000000 0.058408737 3.335642815 0.312280178 0.866041899 -0.040300027 -0.281209975 -0.411422491
1403637186738319104.000000 0.068640232 3.304163694 0.285764456 0.864692330 -0.042032018 -0.285531819 -0.411110848
1403637186788318976.000000 0.076578975 3.272346973 0.260135889 0.862891495 -0.045578867 -0.290680826 -0.410908222
1403637186838319104.000000 0.082445383 3.241701603 0.234505892 0.860522628 -0.051238466 -0.296792835 -0.410840005
1403637186888318976.000000 0.091390848 3.213936329 0.205955505 0.858348966 -0.057314422 -0.302116126 -0.410704374
1403637186938319104.000000 0.092507362 3.181895971 0.180020809 0.856392384 -0.064860255 -0.306267142 -0.410592020
1403637186988318976.000000 0.091247916 3.149310827 0.153237581 0.854785740 -0.070449099 -0.309567213 -0.410544097
1403637187038319104.000000 0.088930309 3.116955996 0.123727560 0.854279041 -0.075637929 -0.310025156 -0.410330087
1403637187088318976.000000 0.087592244 3.084901810 0.092815161 0.854745924 -0.078339830 -0.308312267 -0.410141259
1403637187138319104.000000 0.080489039 3.049759865 0.061339140 0.855963767 -0.078067288 -0.305085540 -0.410066396
1403637187188318976.000000 0.071103752 3.013342381 0.028645515 0.857779980 -0.075110435 -0.302349657 -0.408847928
1403637187238319104.000000 0.059466362 2.975549936 -0.005279064 0.859234989 -0.070048518 -0.302726328 -0.406405389
1403637187288318976.000000 0.050122619 2.939949274 -0.043117285 0.860055089 -0.061341703 -0.306608737 -0.403154612
1403637187338319104.000000 0.035469651 2.901657820 -0.079686403 0.860744417 -0.053215709 -0.310175389 -0.400098085
1403637187388318976.000000 0.019767284 2.863573074 -0.117357016 0.861521184 -0.043851294 -0.312742680 -0.397555500
1403637187438319104.000000 0.001553535 2.825216770 -0.155868530 0.862227023 -0.036553118 -0.315037608 -0.394942701
1403637187488318976.000000 -0.011881828 2.790260077 -0.194083214 0.862567842 -0.031987008 -0.317510366 -0.392607689
1403637187538319104.000000 -0.029675484 2.754674435 -0.234708548 0.862574160 -0.028498644 -0.320161223 -0.390705079
1403637187588318976.000000 -0.048326015 2.720399141 -0.276486874 0.862773836 -0.026749428 -0.321873426 -0.388977289
1403637187638319104.000000 -0.068018556 2.687808990 -0.319499254 0.862610638 -0.026746813 -0.324006021 -0.387566417
1403637187688318976.000000 -0.086437702 2.656073332 -0.360658169 0.862601101 -0.027938925 -0.325464964 -0.386278898
1403637187738319104.000000 -0.107677341 2.625374317 -0.405512333 0.862202108 -0.028326210 -0.327671379 -0.385274798
1403637187788318976.000000 -0.129522204 2.595982075 -0.451857090 0.862229645 -0.028329153 -0.328549713 -0.384464055
1403637187838319104.000000 -0.153470278 2.568974018 -0.499134302 0.861359894 -0.028629711 -0.331477970 -0.383877367
1403637187888318976.000000 -0.175502062 2.541798115 -0.546735525 0.861384869 -0.026687026 -0.332131296 -0.383396447
1403637187938319104.000000 -0.200177670 2.517338753 -0.597536087 0.861907184 -0.023592679 -0.331463039 -0.383003563
1403637187988318976.000000 -0.225452065 2.494476557 -0.649555922 0.862804711 -0.022336980 -0.329511076 -0.382742286
1403637188038319104.000000 -0.250957847 2.473484039 -0.703151703 0.864103436 -0.019953851 -0.326653242 -0.382393479
1403637188088318976.000000 -0.276093602 2.452561378 -0.756345272 0.865295887 -0.017971097 -0.323862791 -0.382168949
1403637188138319104.000000 -0.303621888 2.434784889 -0.811811209 0.866677225 -0.016808229 -0.320287257 -0.382105023
1403637188188318976.000000 -0.331753016 2.418691635 -0.868422270 0.869281471 -0.012705580 -0.313740045 -0.381779492
1403637188238319104.000000 -0.360225677 2.404297113 -0.925274611 0.872616708 -0.008677475 -0.305082560 -0.381299645
1403637188288318976.000000 -0.387193441 2.389676094 -0.980196476 0.875160158 -0.007282822 -0.298140347 -0.380990952
1403637188338319104.000000 -0.417879403 2.378502369 -1.035494804 0.876551807 -0.008126189 -0.294605762 -0.380523860
1403637188388318976.000000 -0.448786616 2.368474960 -1.089980602 0.878161669 -0.011702808 -0.289935827 -0.380305827
1403637188438319104.000000 -0.480624557 2.358984470 -1.142043114 0.879301846 -0.015608843 -0.286618620 -0.380045414
1403637188488318976.000000 -0.510804296 2.348457336 -1.197085142 0.880569041 -0.018878030 -0.283550203 -0.379263937
1403637188538319104.000000 -0.543962061 2.340037346 -1.248018026 0.882172823 -0.023515571 -0.281529784 -0.376774788
1403637188588318976.000000 -0.578119278 2.332203865 -1.297780514 0.883279741 -0.028591838 -0.282298982 -0.373238236
1403637188638319104.000000 -0.612851918 2.324450016 -1.346655846 0.885101616 -0.033344068 -0.282444805 -0.368386000
1403637188688318976.000000 -0.647125006 2.315774679 -1.398540258 0.886302471 -0.041159481 -0.284972608 -0.362718314
1403637188738319104.000000 -0.683690965 2.307607651 -1.445610046 0.888058007 -0.049209625 -0.287265718 -0.355541736
1403637188788318976.000000 -0.721485853 2.298834085 -1.492160797 0.889328718 -0.058034223 -0.291132748 -0.347804725
1403637188838319104.000000 -0.759496093 2.287810802 -1.538167238 0.890796542 -0.064054176 -0.294982344 -0.339652807
1403637188888318976.000000 -0.797982574 2.276621819 -1.589438200 0.892420650 -0.067374721 -0.297871798 -0.332142204
1403637188938319104.000000 -0.834972024 2.263816357 -1.636516094 0.893765926 -0.068660304 -0.300547868 -0.325790256
1403637188988318976.000000 -0.870618761 2.248894691 -1.683531046 0.895096958 -0.065269381 -0.303343087 -0.320194423
1403637189038319104.000000 -0.903289676 2.233470917 -1.732122898 0.896430016 -0.057968196 -0.305739671 -0.315556824
1403637189088318976.000000 -0.934105277 2.216468811 -1.781130314 0.897022486 -0.051417708 -0.309241503 -0.311571151
1403637189138319104.000000 -0.964462280 2.197377682 -1.836087227 0.896206617 -0.044527043 -0.315527797 -0.308663905
1403637189188318976.000000 -0.994866312 2.180597305 -1.886246443 0.895298898 -0.041187253 -0.320948184 -0.306163222
1403637189238319104.000000 -1.027523518 2.164296627 -1.936821461 0.894147635 -0.039899960 -0.326312751 -0.304019868
1403637189288318976.000000 -1.062665224 2.148935556 -1.987729073 0.893416524 -0.042456388 -0.329206705 -0.302700162
1403637189338319104.000000 -1.108052731 2.130704880 -2.045916557 0.893523276 -0.047285512 -0.328521490 -0.302413702
1403637189388318976.000000 -1.148057103 2.116044998 -2.097668409 0.895309985 -0.051174272 -0.323478013 -0.301932663
1403637189438319104.000000 -1.187826514 2.101437092 -2.150672197 0.897755861 -0.054194979 -0.316166252 -0.301887751
1403637189488318976.000000 -1.226267457 2.086796284 -2.205115557 0.899789751 -0.055642556 -0.309920162 -0.302046031
1403637189538319104.000000 -1.268537164 2.069032669 -2.261508942 0.901416838 -0.054090649 -0.304873377 -0.302612334
1403637189588318976.000000 -1.303084493 2.053521395 -2.319029808 0.902779102 -0.051249322 -0.300525069 -0.303394437
1403637189638319104.000000 -1.334971189 2.037222147 -2.377395153 0.903733790 -0.047968827 -0.297701597 -0.303871691
1403637189688318976.000000 -1.363701224 2.019868374 -2.436040401 0.904733479 -0.045371857 -0.294309258 -0.304599673
1403637189738319104.000000 -1.398681164 1.997900248 -2.494488955 0.904102385 -0.043185540 -0.295133263 -0.305990577
1403637189788318976.000000 -1.423676610 1.979336500 -2.552862167 0.903456211 -0.041592989 -0.296553731 -0.306745619
1403637189838319104.000000 -1.446453333 1.959992528 -2.610818624 0.902962089 -0.038240578 -0.297988981 -0.307245433
1403637189888318976.000000 -1.467379332 1.938816190 -2.669579744 0.903234482 -0.038018599 -0.296745747 -0.307675093
1403637189938319104.000000 -1.484751821 1.918264627 -2.727380991 0.903543115 -0.039191555 -0.295436889 -0.307881594
1403637189988318976.000000 -1.499906301 1.897053242 -2.785244703 0.904235363 -0.037719507 -0.293624848 -0.307766348
1403637190038319104.000000 -1.513191700 1.874999523 -2.842228413 0.905028224 -0.038258690 -0.291444093 -0.307441920
1403637190088318976.000000 -1.525199652 1.852832794 -2.898867130 0.906012356 -0.037341651 -0.289081365 -0.306886286
1403637190138319104.000000 -1.535458922 1.831413507 -2.954997540 0.906394899 -0.038107388 -0.288147479 -0.306540698
1403637190188318976.000000 -1.545595646 1.809394121 -3.011505604 0.907088161 -0.037828960 -0.286585599 -0.305988371
1403637190238319104.000000 -1.554537654 1.787822008 -3.068041563 0.907204151 -0.039821684 -0.286195278 -0.305756837
1403637190288318976.000000 -1.562195420 1.765304685 -3.123474121 0.907693028 -0.040107474 -0.285341412 -0.305065602
1403637190338319104.000000 -1.570584774 1.742876768 -3.178619623 0.907941639 -0.040512916 -0.285186827 -0.304416269
1403637190388318976.000000 -1.575391769 1.720213413 -3.232813597 0.907916129 -0.041720267 -0.285744339 -0.303805828
1403637190438319104.000000 -1.578849792 1.697355390 -3.286480427 0.907824993 -0.043841943 -0.286044776 -0.303496540
1403637190488318976.000000 -1.582148910 1.674380660 -3.339820385 0.908418000 -0.044457119 -0.284806371 -0.302796513
1403637190538319104.000000 -1.579056978 1.651885033 -3.393462420 0.908779681 -0.042255901 -0.285023987 -0.301820010
1403637190588318976.000000 -1.584384441 1.628962159 -3.444444656 0.909381807 -0.039716456 -0.283736259 -0.301564515
1403637190638319104.000000 -1.591182709 1.606153131 -3.493813753 0.909694970 -0.034491543 -0.282082915 -0.302811325
1403637190688318976.000000 -1.598923087 1.583676338 -3.541299582 0.909237802 -0.030107107 -0.280247450 -0.306335896
1403637190738319104.000000 -1.598583221 1.559025526 -3.587180853 0.907178640 -0.029915284 -0.280893147 -0.311819077
1403637190788318976.000000 -1.607838631 1.537764788 -3.630893707 0.905242145 -0.031320669 -0.280262142 -0.317818850
1403637190838319104.000000 -1.618223429 1.516787767 -3.673173666 0.902979195 -0.033707891 -0.280331433 -0.323893130
1403637190888318976.000000 -1.629555225 1.495969534 -3.714056969 0.900842011 -0.037092697 -0.280242145 -0.329502851
1403637190938319104.000000 -1.632203341 1.472881079 -3.755851507 0.899054766 -0.039659746 -0.279894054 -0.334345639
1403637190988318976.000000 -1.645631075 1.451753378 -3.794284582 0.897596359 -0.042028114 -0.279187858 -0.338538975
1403637191038319104.000000 -1.660377502 1.430208921 -3.831306696 0.896378577 -0.043149371 -0.278312296 -0.342324346
1403637191088318976.000000 -1.675922275 1.408243179 -3.867421627 0.895482779 -0.044679593 -0.277151346 -0.345400661
1403637191138319104.000000 -1.688009501 1.383325100 -3.901692629 0.894721925 -0.045095626 -0.276636332 -0.347723186
1403637191188318976.000000 -1.705189228 1.360492229 -3.935860872 0.894379914 -0.044572506 -0.275423437 -0.349628121
1403637191238319104.000000 -1.723335266 1.337271452 -3.969060659 0.894123375 -0.044182397 -0.274925023 -0.350724488
1403637191288318976.000000 -1.742563725 1.313987017 -4.001192093 0.894001067 -0.042720947 -0.274272919 -0.351726472
1403637191338319104.000000 -1.759416461 1.287781239 -4.029668808 0.893969655 -0.042854581 -0.273412257 -0.352459252
1403637191388318976.000000 -1.779056907 1.264056683 -4.060156822 0.894574821 -0.040495496 -0.271632999 -0.352578580
1403637191438319104.000000 -1.797787905 1.240293741 -4.090036392 0.894982517 -0.038670573 -0.270447046 -0.352660358
1403637191488318976.000000 -1.814148426 1.215088606 -4.118208408 0.895234346 -0.038621832 -0.270092189 -0.352298349
1403637191538319104.000000 -1.829291940 1.186591864 -4.143160820 0.895931423 -0.035433356 -0.269052356 -0.351656407
1403637191588318976.000000 -1.840831280 1.161212206 -4.171193123 0.896527827 -0.031473961 -0.268698931 -0.350782305
1403637191638319104.000000 -1.849998951 1.135807514 -4.198414803 0.895917237 -0.027320327 -0.272377789 -0.349851876
1403637191688318976.000000 -1.856486559 1.110482216 -4.224666119 0.894707501 -0.023738202 -0.278063595 -0.348734260
1403637191738319104.000000 -1.863875747 1.082110882 -4.246889591 0.893559694 -0.021684093 -0.282767981 -0.348027587
1403637191788318976.000000 -1.866071343 1.057888508 -4.272366524 0.892554760 -0.018468617 -0.287283331 -0.347092688
1403637191838319104.000000 -1.866066575 1.034920216 -4.298358917 0.892959237 -0.012388725 -0.287591189 -0.346065938
1403637191888318976.000000 -1.863384008 1.011173487 -4.324277401 0.893685460 -0.005731650 -0.286711246 -0.345094442
1403637191938319104.000000 -1.864479542 0.988373756 -4.344659328 0.894796669 0.000725135 -0.284527630 -0.344067425
1403637191988318976.000000 -1.857179165 0.969346523 -4.369833946 0.895436227 0.006228447 -0.283397347 -0.343280137
1403637192038319104.000000 -1.848030686 0.951976299 -4.393927097 0.894829690 0.008260681 -0.286445796 -0.342287093
1403637192088318976.000000 -1.837309241 0.936439514 -4.416890621 0.893236578 0.008513377 -0.292295605 -0.341495663
1403637192138319104.000000 -1.828914642 0.919901848 -4.434263229 0.891940892 0.009241768 -0.296949327 -0.340847790
1403637192188318976.000000 -1.814226985 0.907911301 -4.456195831 0.890937865 0.011042015 -0.300470471 -0.340331227
1403637192238319104.000000 -1.797529221 0.898646832 -4.478456497 0.890574574 0.013704156 -0.301993340 -0.339837134
1403637192288318976.000000 -1.778840065 0.891791344 -4.500645638 0.890970170 0.019061051 -0.301266968 -0.339186013
1403637192338319104.000000 -1.767231703 0.888774395 -4.520219326 0.891985357 0.023765411 -0.298351288 -0.338797688
1403637192388318976.000000 -1.748216629 0.887809277 -4.541097641 0.893043458 0.025069186 -0.295403272 -0.338499367
1403637192438319104.000000 -1.730688095 0.889571667 -4.560385704 0.892694354 0.022727076 -0.296922594 -0.338256389
1403637192488318976.000000 -1.715081453 0.894012928 -4.577944756 0.891110957 0.016784653 -0.302216619 -0.338089943
1403637192538319104.000000 -1.706577301 0.901053905 -4.593536377 0.889483929 0.010239618 -0.307314038 -0.338040888
1403637192588318976.000000 -1.693381429 0.909892559 -4.609005928 0.887484014 0.003986789 -0.313103437 -0.338116109
1403637192638319104.000000 -1.681459188 0.920583725 -4.624351025 0.885856390 -0.000127019 -0.317743242 -0.338079363
1403637192688318976.000000 -1.671099663 0.933403969 -4.640076637 0.884608686 -0.002882624 -0.321036994 -0.338222593
1403637192738319104.000000 -1.668333173 0.948431969 -4.656239510 0.884259343 -0.004937834 -0.321901500 -0.338290632
1403637192788318976.000000 -1.660586834 0.964682102 -4.672904015 0.884282470 -0.005729651 -0.321602374 -0.338502139
1403637192838319104.000000 -1.652900219 0.982562065 -4.690441608 0.884998083 -0.006398981 -0.319159091 -0.338932037
1403637192888318976.000000 -1.644533515 1.002189636 -4.709240913 0.886361778 -0.007162668 -0.315137923 -0.339116096
1403637192938319104.000000 -1.638281941 1.022822857 -4.729391098 0.887346804 -0.009340950 -0.311565429 -0.339787364
1403637192988318976.000000 -1.626227617 1.044409752 -4.749950886 0.888295412 -0.010087870 -0.308189571 -0.340365440
1403637193038319104.000000 -1.612960696 1.067630768 -4.771703243 0.888359070 -0.012947727 -0.307391971 -0.340823710
1403637193088318976.000000 -1.598240018 1.091646194 -4.793972492 0.887052119 -0.018325219 -0.310424864 -0.341231734
1403637193138319104.000000 -1.589493752 1.119246006 -4.815649986 0.884068251 -0.027707450 -0.317904979 -0.341455907
1403637193188318976.000000 -1.573347330 1.144338608 -4.839737415 0.880414903 -0.037914421 -0.326546222 -0.341759890
1403637193238319104.000000 -1.557374716 1.168983936 -4.865258217 0.877809465 -0.044202723 -0.332489133 -0.341976225
1403637193288318976.000000 -1.544587135 1.193637371 -4.892182827 0.876398563 -0.048014656 -0.335829526 -0.341816783
1403637193338319104.000000 -1.539107680 1.219436169 -4.920434952 0.878194809 -0.042152096 -0.332134336 -0.341590375
1403637193388318976.000000 -1.534461856 1.244715691 -4.950012684 0.880866170 -0.036374621 -0.326018333 -0.341267824
1403637193438319104.000000 -1.532714009 1.270684242 -4.980614662 0.883776367 -0.030239042 -0.319152772 -0.340832055
1403637193488318976.000000 -1.532280922 1.297364712 -5.011869907 0.885962009 -0.024661848 -0.313556969 -0.340800822
1403637193538319104.000000 -1.530661702 1.323672771 -5.040180206 0.887757659 -0.019188527 -0.308931679 -0.340704411
1403637193588318976.000000 -1.529172659 1.351556301 -5.073159218 0.888541639 -0.014347202 -0.306548297 -0.341051608
1403637193638319104.000000 -1.526504159 1.380646229 -5.107100964 0.889168978 -0.011210336 -0.304697543 -0.341192544
1403637193688318976.000000 -1.523431301 1.412137508 -5.141988754 0.889474690 -0.008500619 -0.303835899 -0.341242284
1403637193738319104.000000 -1.512177348 1.439902306 -5.173609257 0.889850259 -0.005575274 -0.302593261 -0.341427743
1403637193788318976.000000 -1.506144404 1.473237514 -5.209556580 0.890004158 -0.004085950 -0.302092880 -0.341490537
1403637193838319104.000000 -1.498934031 1.507668495 -5.245545387 0.889975429 -0.002364157 -0.301885992 -0.341764510
1403637193888318976.000000 -1.490917087 1.543495178 -5.280762672 0.890054405 -0.002356142 -0.301827371 -0.341610909
1403637193938319104.000000 -1.479192734 1.577298641 -5.314297676 0.890557826 -0.004013867 -0.300155669 -0.341756284
1403637193988318976.000000 -1.474723816 1.615699291 -5.348229408 0.891908407 -0.005615229 -0.296094865 -0.341753900
1403637194038319104.000000 -1.473934174 1.654880047 -5.380254745 0.893209338 -0.007878050 -0.292190790 -0.341671765
1403637194088318976.000000 -1.476221919 1.693305016 -5.409220695 0.894079268 -0.009752192 -0.289797813 -0.341386110
1403637194138319104.000000 -1.471604824 1.729376793 -5.433094501 0.894757330 -0.010127901 -0.287992924 -0.341125906
1403637194188318976.000000 -1.479696751 1.770975828 -5.460249901 0.894845903 -0.010710036 -0.287858963 -0.340988904
1403637194238319104.000000 -1.488360643 1.812762499 -5.486068726 0.893987179 -0.011748734 -0.290449023 -0.341010600
1403637194288318976.000000 -1.495851994 1.854827642 -5.511076927 0.893688202 -0.012033680 -0.291520417 -0.340870351
1403637194338319104.000000 -1.497399092 1.895539761 -5.535276413 0.893052757 -0.011337919 -0.293851584 -0.340557694
1403637194388318976.000000 -1.501793623 1.938789368 -5.559669495 0.892552197 -0.010798652 -0.295324981 -0.340613127
1403637194438319104.000000 -1.504134655 1.982861757 -5.584549904 0.892339706 -0.009397629 -0.296173096 -0.340474904
1403637194488318976.000000 -1.504707456 2.028402090 -5.610226631 0.892087579 -0.010958572 -0.296967566 -0.340396732
1403637194538319104.000000 -1.496420979 2.067319155 -5.633226871 0.891714573 -0.010725972 -0.298196971 -0.340306908
1403637194588318976.000000 -1.492778897 2.114396095 -5.659587383 0.891546667 -0.010815965 -0.298937768 -0.340093821
1403637194638319104.000000 -1.486666799 2.161736727 -5.685961246 0.891523361 -0.009898379 -0.299533397 -0.339658648
1403637194688318976.000000 -1.479594111 2.209698677 -5.712157249 0.890629888 -0.008539290 -0.302642286 -0.339283466
1403637194738319104.000000 -1.469761372 2.255593300 -5.737608433 0.889622808 -0.007646048 -0.306131035 -0.338816583
1403637194788318976.000000 -1.462206841 2.304937840 -5.763812542 0.888929844 -0.007190880 -0.308648676 -0.338360876
1403637194838319104.000000 -1.455995560 2.355413914 -5.789686203 0.888505816 -0.007245237 -0.310508281 -0.337771565
1403637194888318976.000000 -1.450549126 2.407702208 -5.815451145 0.888069928 -0.006962467 -0.312162995 -0.337398410
1403637194938319104.000000 -1.445627213 2.455331326 -5.840915203 0.888687968 -0.009867917 -0.310271561 -0.337443411
1403637194988318976.000000 -1.442496300 2.509075403 -5.866407871 0.890105724 -0.012536065 -0.306652158 -0.336926103
1403637195038319104.000000 -1.440522909 2.563467026 -5.891405106 0.892073631 -0.014072300 -0.301118612 -0.336651564
1403637195088318976.000000 -1.440095663 2.618411064 -5.915655136 0.893696427 -0.015997767 -0.296524882 -0.336338967
1403637195138319104.000000 -1.440765142 2.670975208 -5.938915730 0.895400524 -0.017674090 -0.291843951 -0.335816562
1403637195188318976.000000 -1.442395210 2.726107359 -5.961157799 0.896797776 -0.019256810 -0.287536472 -0.335716814
1403637195238319104.000000 -1.444968224 2.781267166 -5.982541084 0.897910357 -0.020609165 -0.284266442 -0.335447520
1403637195288318976.000000 -1.448657274 2.836317778 -6.002628803 0.898775160 -0.021211447 -0.281576872 -0.335362285
1403637195338319104.000000 -1.461567640 2.887549877 -6.020558834 0.899330497 -0.023142466 -0.279506743 -0.335477352
1403637195388318976.000000 -1.466505051 2.941882610 -6.038219929 0.899697661 -0.022097522 -0.278228551 -0.335625857
1403637195438319104.000000 -1.470325947 2.996345520 -6.055136204 0.899318933 -0.023804871 -0.277416080 -0.337193131
1403637195488318976.000000 -1.472538710 3.051045418 -6.071619511 0.897904992 -0.024369022 -0.277782768 -0.340601742
1403637195538319104.000000 -1.475841999 3.104040384 -6.088532925 0.895851493 -0.024621243 -0.279125839 -0.344866186
1403637195588318976.000000 -1.473161936 3.156995296 -6.103983402 0.894480348 -0.024057714 -0.278636664 -0.348837763
1403637195638319104.000000 -1.468220711 3.209587097 -6.119241714 0.893241942 -0.024168696 -0.277927041 -0.352549702
1403637195688318976.000000 -1.461174011 3.261506557 -6.134546280 0.892338097 -0.024714749 -0.276634902 -0.355802089
1403637195738319104.000000 -1.455549002 3.315556526 -6.151379585 0.891873538 -0.023788640 -0.274922550 -0.358348161
1403637195788318976.000000 -1.446440935 3.365697622 -6.164669991 0.890978813 -0.021709248 -0.274987876 -0.360648304
1403637195838319104.000000 -1.435482979 3.415393114 -6.177861214 0.891615033 -0.016851010 -0.270956606 -0.362382859
1403637195888318976.000000 -1.425055265 3.465786695 -6.190356731 0.891894400 -0.010956137 -0.268591195 -0.363679975
1403637195938319104.000000 -1.416278124 3.516264915 -6.201487541 0.892214715 -0.005193953 -0.266327530 -0.364685744
1403637195988318976.000000 -1.405798674 3.566210747 -6.210583210 0.893174827 0.002297842 -0.262411505 -0.365203679
1403637196038319104.000000 -1.396262527 3.616553783 -6.217021465 0.894233108 0.009064257 -0.258080155 -0.365594953
1403637196088318976.000000 -1.387683630 3.666817188 -6.221844196 0.896244705 0.014451571 -0.250719160 -0.365618229
1403637196138319104.000000 -1.380181432 3.725526571 -6.226041794 0.898491621 0.019288290 -0.242669970 -0.365311056
1403637196188318976.000000 -1.371394277 3.778205156 -6.224821568 0.901069760 0.023051001 -0.232969746 -0.365057677
1403637196238319104.000000 -1.362728119 3.831751585 -6.219925404 0.903439045 0.024432169 -0.224108636 -0.364659131
1403637196288318976.000000 -1.354502082 3.887250662 -6.210590839 0.905541003 0.025632415 -0.216252103 -0.364106536
1403637196338319104.000000 -1.345536590 3.947673559 -6.198041916 0.907424748 0.027612261 -0.209445029 -0.363250166
1403637196388318976.000000 -1.337381721 4.003763676 -6.179845810 0.908962131 0.028883563 -0.204208344 -0.362288058
1403637196438319104.000000 -1.329307914 4.060011387 -6.156075954 0.909898281 0.029322458 -0.201218218 -0.361575037
1403637196488318976.000000 -1.321937561 4.117260933 -6.126979828 0.910123229 0.027626237 -0.201275766 -0.361110389
1403637196538319104.000000 -1.310403705 4.182929039 -6.096950531 0.910146594 0.026552955 -0.202640072 -0.360368252
1403637196588318976.000000 -1.302009225 4.241285801 -6.058301926 0.910107672 0.022567764 -0.203561768 -0.360218644
1403637196638319104.000000 -1.293681026 4.299622536 -6.014880180 0.909615934 0.020365730 -0.206932202 -0.359671026
1403637196688318976.000000 -1.280493855 4.364881039 -5.970666885 0.909147084 0.016655453 -0.210031539 -0.359250695
1403637196738319104.000000 -1.271734118 4.423814297 -5.918098450 0.908831894 0.012473333 -0.212086454 -0.359010339
1403637196788318976.000000 -1.263956547 4.482506752 -5.861097336 0.908141136 0.008422990 -0.215617180 -0.358772784
1403637196838319104.000000 -1.257779598 4.536178112 -5.796332359 0.908345878 0.008226153 -0.215848744 -0.358119339
1403637196888318976.000000 -1.243161321 4.603538990 -5.741020203 0.909164488 0.008645501 -0.213949397 -0.357170850
1403637196938319104.000000 -1.234263897 4.660904408 -5.672204971 0.909350038 0.005975548 -0.213886976 -0.356790245
1403637196988318976.000000 -1.224699855 4.717804909 -5.599332809 0.908600330 -0.002257917 -0.216227412 -0.357331961
1403637197038319104.000000 -1.213668466 4.776573181 -5.524073124 0.906548023 -0.009212875 -0.220650345 -0.359721184
1403637197088318976.000000 -1.193864226 4.841904640 -5.454066277 0.903895080 -0.014333912 -0.224830955 -0.363619834
1403637197138319104.000000 -1.178473711 4.897659302 -5.373045921 0.900663495 -0.018475484 -0.228186503 -0.369316727
1403637197188318976.000000 -1.156034231 4.956785202 -5.294151783 0.896181583 -0.021514030 -0.232980862 -0.376982450
1403637197238319104.000000 -1.136303186 5.010946751 -5.209393978 0.891475439 -0.023391113 -0.235073686 -0.386606753
1403637197288318976.000000 -1.114431381 5.063632488 -5.122930527 0.885089755 -0.024694964 -0.239824399 -0.398108751
1403637197338319104.000000 -1.080770969 5.120295525 -5.042095661 0.878119290 -0.025390854 -0.243382365 -0.411128789
1403637197388318976.000000 -1.053536892 5.170573711 -4.954442501 0.870682597 -0.027126826 -0.244600564 -0.425848216
1403637197438319104.000000 -1.024400473 5.219472408 -4.866213322 0.862087667 -0.027126823 -0.245830297 -0.442308247
1403637197488318976.000000 -0.984580040 5.273253918 -4.783888817 0.852998912 -0.022398049 -0.245499641 -0.460023016
1403637197538319104.000000 -0.951313019 5.319443226 -4.695495129 0.843202174 -0.018856004 -0.243685156 -0.478823662
1403637197588318976.000000 -0.916677237 5.364584923 -4.606565475 0.832478344 -0.012728055 -0.241045877 -0.498713106
1403637197638319104.000000 -0.872228622 5.416699409 -4.522928715 0.821318865 -0.009098415 -0.237126991 -0.518770933
1403637197688318976.000000 -0.833779454 5.460540771 -4.433989048 0.809860528 -0.007511051 -0.232189879 -0.538662553
1403637197738319104.000000 -0.793518424 5.503451824 -4.345559120 0.798845589 -0.004199945 -0.225788236 -0.557537198
1403637197788318976.000000 -0.744196296 5.552282333 -4.262589931 0.788195610 -0.001438123 -0.217550278 -0.575688839
1403637197838319104.000000 -0.699528575 5.591438293 -4.172578812 0.778088212 0.001755376 -0.206929624 -0.593090117
1403637197888318976.000000 -0.652791858 5.629563808 -4.081971169 0.767696559 0.005486974 -0.198592290 -0.609239757
1403637197938319104.000000 -0.604674220 5.666669369 -3.990398645 0.757285535 0.006797935 -0.191378027 -0.624377251
1403637197988318976.000000 -0.547435880 5.715432167 -3.908148527 0.747065246 0.009219242 -0.184484571 -0.638571858
1403637198038319104.000000 -0.494663835 5.749322414 -3.814813852 0.737028539 0.009473844 -0.178685546 -0.651744425
1403637198088318976.000000 -0.439452887 5.781506538 -3.720467806 0.727183044 0.009147486 -0.173503101 -0.664091766
1403637198138319104.000000 -0.378426909 5.821635246 -3.632586479 0.717208087 0.009776466 -0.168632880 -0.676076949
1403637198188318976.000000 -0.318470478 5.852106094 -3.536442518 0.707210720 0.009649267 -0.165255442 -0.687350392
1403637198238319104.000000 -0.256574988 5.880763054 -3.439281940 0.697243810 0.011084782 -0.161952779 -0.698211670
1403637198288318976.000000 -0.189361095 5.916282654 -3.347760439 -0.688315749 -0.011467613 0.154224768 0.708734572
1403637198338319104.000000 -0.125054598 5.942259312 -3.248740911 -0.679152310 -0.012180790 0.149299622 0.718549609
1403637198388318976.000000 -0.060556412 5.967535973 -3.148360968 -0.671812356 -0.013177251 0.139874399 0.727275610
1403637198438319104.000000 0.005136311 5.999053001 -3.051493406 -0.665738702 -0.013350287 0.132127672 0.734272540
1403637198488318976.000000 0.065893769 6.022258759 -2.947657824 -0.661355436 -0.014082595 0.125151604 0.739423931
1403637198538319104.000000 0.123711228 6.043993950 -2.841314077 -0.658333838 -0.014885622 0.118384205 0.743209422
1403637198588318976.000000 0.178796649 6.068932533 -2.736277103 -0.656239688 -0.015744371 0.112423174 0.745964229
1403637198638319104.000000 0.229205191 6.087980270 -2.624375582 -0.655078709 -0.016884724 0.107520282 0.747680545
1403637198688318976.000000 0.275210142 6.105107784 -2.509373903 -0.653673887 -0.016072568 0.105885096 0.749159932
1403637198738319104.000000 0.317916572 6.125598907 -2.394351721 -0.652493715 -0.014981654 0.105485976 0.750266731
1403637198788318976.000000 0.356119514 6.139111519 -2.273955345 -0.652085185 -0.012766140 0.104373753 0.750818253
1403637198838319104.000000 0.391292930 6.150684357 -2.150624990 -0.651960135 -0.006792778 0.102404982 0.751275718
1403637198888318976.000000 0.422727942 6.162718773 -2.026021481 -0.652394354 0.000253760 0.100814670 0.751144528
1403637198938319104.000000 0.454521835 6.169811249 -1.897688866 -0.651564837 0.009991005 0.103287272 0.751462102
1403637198988318976.000000 0.487225473 6.173446655 -1.767554760 -0.649606764 0.021108741 0.105090059 0.752676308
1403637199038319104.000000 0.518631756 6.174729347 -1.636279821 -0.646057725 0.029348124 0.108892076 0.754911065
1403637199088318976.000000 0.553129911 6.172200203 -1.504693270 -0.641190946 0.033897787 0.114092454 0.758095086
1403637199138319104.000000 0.589143276 6.165741920 -1.373096228 -0.635357738 0.036023363 0.118823789 0.762170434
1403637199188318976.000000 0.623638153 6.154365540 -1.241064072 -0.628763139 0.036098368 0.122890696 0.766975760
1403637199238319104.000000 0.663075328 6.141326427 -1.110896111 -0.621265531 0.036072187 0.124298632 0.772837520
1403637199288318976.000000 0.704662383 6.125221252 -0.981837034 -0.614110470 0.035252493 0.122471109 0.778862298
1403637199338319104.000000 0.744158804 6.103057861 -0.850688457 -0.606123149 0.035879891 0.119065471 0.785589516
1403637199388318976.000000 0.788573921 6.079925060 -0.723984480 -0.597516835 0.034985274 0.114456423 0.792874098
1403637199438319104.000000 0.833692372 6.053720951 -0.597934484 -0.587460637 0.035220012 0.109917559 0.800979257
1403637199488318976.000000 0.874553800 6.021634102 -0.469008207 -0.577349484 0.035106704 0.104697876 0.808995306
1403637199538319104.000000 0.917955935 5.989548683 -0.344461203 -0.566177130 0.035039309 0.101036400 0.817317247
1403637199588318976.000000 0.959072649 5.954899788 -0.220066309 -0.555037796 0.035879314 0.096658781 0.825410724
1403637199638319104.000000 0.992942274 5.914775372 -0.091080904 -0.542853475 0.040233981 0.095043510 0.833461523
1403637199688318976.000000 1.028621078 5.874751568 0.032978058 -0.529728949 0.045405332 0.093394190 0.841785729
1403637199738319104.000000 1.061171770 5.832320213 0.156584024 -0.516034544 0.049582176 0.092826471 0.850078404
1403637199788318976.000000 1.088905334 5.786777496 0.281118870 0.499901593 -0.056813411 -0.094986469 -0.858980954
1403637199838319104.000000 1.107555985 5.737799168 0.411012411 -0.483047575 0.064698733 0.095528252 0.867959380
1403637199888318976.000000 1.123299956 5.690193176 0.535174131 -0.464491129 0.074496940 0.097502135 0.877035677
1403637199938319104.000000 1.134188414 5.641270638 0.658083677 -0.445418060 0.084209837 0.098342650 0.885912120
1403637199988318976.000000 1.137537956 5.588492393 0.782631516 -0.425488204 0.096884489 0.096888535 0.894531131
1403637200038319104.000000 1.143253326 5.534885883 0.898433924 -0.405390173 0.107119866 0.094763286 0.902886569
1403637200088318976.000000 1.146394491 5.479032993 1.009105206 -0.385992855 0.114480816 0.089096554 0.911024451
1403637200138319104.000000 1.140449762 5.420688629 1.117855906 -0.366761506 0.120812632 0.081666820 0.918814957
1403637200188318976.000000 1.137250662 5.360733986 1.217377424 -0.349451780 0.117969669 0.074570633 0.926501930
1403637200238319104.000000 1.125701785 5.297984123 1.313131690 -0.332795888 0.112891316 0.068392381 0.933715701
1403637200288318976.000000 1.117174149 5.233719826 1.400793314 -0.321339935 0.100988992 0.056936767 0.939840496
1403637200338319104.000000 1.106228590 5.167543888 1.482538700 -0.312030941 0.084065825 0.047710765 0.945141912
1403637200388318976.000000 1.085595369 5.099689960 1.561704755 -0.303279698 0.067781471 0.042427670 0.949540436
1403637200438319104.000000 1.075015664 5.029830933 1.632952929 -0.295649648 0.051488046 0.040497586 0.953047931
1403637200488318976.000000 1.065544128 4.958539963 1.700156212 -0.290174276 0.036655050 0.038943019 0.955478370
1403637200538319104.000000 1.051501751 4.886638165 1.766757607 -0.283201188 0.028852731 0.044027694 0.957614899
1403637200588318976.000000 1.045485616 4.812665462 1.828201056 -0.277470499 0.026346847 0.049808033 0.959080338
1403637200638319104.000000 1.041427255 4.738317490 1.886594534 -0.273613811 0.023810849 0.054421842 0.960003614
1403637200688318976.000000 1.029017091 4.663468361 1.942412972 -0.271723181 0.022857016 0.058071885 0.960349798
1403637200738319104.000000 1.027690887 4.589481831 1.995728254 -0.270648152 0.021534769 0.062197361 0.960425615
1403637200788318976.000000 1.027658105 4.515626431 2.046306133 -0.270576060 0.023720104 0.067401983 0.960043252
1403637200838319104.000000 1.016620755 4.445196152 2.093370914 -0.272334874 0.027439635 0.073316157 0.959012866
1403637200888318976.000000 1.019690394 4.372962475 2.138313055 -0.275839925 0.029921614 0.076858163 0.957658589
1403637200938319104.000000 1.023209810 4.301698208 2.180535793 -0.280164778 0.030288376 0.079006597 0.956215680
1403637200988318976.000000 1.018525720 4.232343197 2.217890501 -0.284714222 0.030204738 0.080406219 0.954756737
1403637201038319104.000000 1.023068309 4.162068367 2.253993273 -0.289828718 0.030402785 0.081131570 0.953148842
1403637201088318976.000000 1.029160976 4.092649937 2.287475586 -0.294467360 0.029538216 0.081990190 0.951679647
1403637201138319104.000000 1.028034925 4.027866364 2.316016674 -0.299297094 0.028222613 0.082205944 0.950193167
1403637201188318976.000000 1.036563993 3.960361481 2.344843149 -0.303084195 0.028425898 0.084734321 0.948763490
1403637201238319104.000000 1.046119690 3.893381357 2.371368647 -0.305867434 0.027132189 0.088882111 0.947527826
1403637201288318976.000000 1.049566984 3.826852798 2.391258717 -0.307973266 0.028730614 0.096525900 0.946049631
1403637201338319104.000000 1.058559179 3.761814594 2.412231922 -0.309393466 0.031122822 0.109213538 0.944128990
1403637201388318976.000000 1.065379381 3.698208570 2.431232691 -0.312032282 0.031035982 0.122043297 0.941689014
1403637201438319104.000000 1.065512419 3.638063192 2.445484400 -0.314901203 0.030649748 0.135464638 0.938907504
1403637201488318976.000000 1.067109466 3.578579187 2.460194588 -0.318753809 0.029420458 0.148347765 0.935694098
1403637201538319104.000000 1.066539526 3.521984577 2.472857475 -0.322542548 0.028672278 0.159964502 0.932499647
1403637201588318976.000000 1.063090920 3.476143122 2.482040405 -0.325728089 0.029425954 0.169092953 0.929754198
1403637201638319104.000000 1.058740616 3.425982237 2.489222527 -0.328748524 0.030380722 0.176765159 0.927230060
1403637201688318976.000000 1.052891493 3.379684925 2.493343830 -0.332409561 0.032542299 0.180804580 0.925070107
1403637201738319104.000000 1.044590592 3.338986635 2.492159367 -0.337608218 0.035354152 0.177928209 0.923640847
1403637201788318976.000000 1.035820246 3.299746752 2.489612341 -0.343224615 0.036561266 0.172129154 0.922622144
1403637201838319104.000000 1.026449680 3.263632536 2.483558893 -0.347182721 0.038007963 0.168701082 0.921715558
1403637201888318976.000000 1.018257141 3.235160589 2.472684383 -0.350192934 0.038772415 0.164982200 0.921217978
1403637201938319104.000000 1.009429216 3.204984665 2.459062338 -0.352058589 0.038718406 0.162992954 0.920863152
1403637201988318976.000000 1.000980139 3.177359819 2.442116737 -0.351545691 0.036813702 0.165134743 0.920755625
1403637202038319104.000000 1.001259565 3.166875839 2.428230047 -0.349510252 0.033985864 0.169928268 0.920767128
1403637202088318976.000000 0.993264437 3.144992352 2.404527664 -0.346512914 0.029368440 0.175755739 0.920964837
1403637202138319104.000000 0.985431314 3.126001596 2.376986980 -0.344050229 0.022204654 0.179832339 0.921301663
1403637202188318976.000000 0.981547952 3.116198301 2.347360373 -0.343597978 0.013422202 0.178763911 0.921848059
1403637202238319104.000000 0.975008905 3.104798079 2.313010693 -0.346128970 0.003569194 0.170538649 0.922550082
1403637202288318976.000000 0.967491627 3.096989632 2.277371645 -0.349375308 -0.007188648 0.159776628 0.923231721
1403637202338319104.000000 0.959272027 3.093898773 2.241512537 0.351873636 0.016277706 -0.150776178 -0.923681021
1403637202388318976.000000 0.949594140 3.092496395 2.205609798 0.354218423 0.022969697 -0.142233118 -0.923997581
1403637202438319104.000000 0.939332008 3.093780518 2.170121670 0.355979919 0.026175385 -0.135970369 -0.924178183
1403637202488318976.000000 0.937372983 3.108890533 2.143214703 -0.356970251 -0.025512243 0.131395265 0.924476445
1403637202538319104.000000 0.928096533 3.114716053 2.109044552 -0.357778579 -0.022708854 0.127529696 0.924778342
1403637202588318976.000000 0.920440376 3.122775555 2.075522423 -0.358018458 -0.017846804 0.125238374 0.925105274
1403637202638319104.000000 0.915164649 3.132675648 2.041669846 -0.358756572 -0.012326673 0.121415839 0.925418794
1403637202688318976.000000 0.913995862 3.150427580 2.011260033 -0.359547317 -0.008941330 0.117637902 0.925638795
1403637202738319104.000000 0.912911296 3.162245750 1.975602388 -0.360291898 -0.005014367 0.113755122 0.925864220
1403637202788318976.000000 0.912825525 3.174790621 1.939458251 -0.362052858 -0.004748971 0.107538484 0.925921559
1403637202838319104.000000 0.914301276 3.192513227 1.906566262 -0.363990724 -0.005149444 0.101837404 0.925804198
1403637202888318976.000000 0.913298845 3.206969500 1.871747613 -0.365955532 -0.006456405 0.096230656 0.925621212
1403637202938319104.000000 0.910878003 3.221658468 1.837899566 -0.367699206 -0.007690409 0.091361172 0.925414205
1403637202988318976.000000 0.907437563 3.237396955 1.805941463 0.369134068 0.008904980 -0.087883510 -0.925168812
1403637203038319104.000000 0.900722980 3.249621391 1.779572606 -0.370421201 -0.009194653 0.085566849 0.924868643
1403637203088318976.000000 0.895335078 3.264034748 1.748803377 -0.370725304 -0.009063312 0.085223787 0.924779713
1403637203138319104.000000 0.889274120 3.278341770 1.719439864 -0.370356649 -0.007646864 0.086833991 0.924790442
1403637203188318976.000000 0.882682145 3.292759180 1.691040516 0.371253371 0.008862320 -0.085075870 -0.924583435
1403637203238319104.000000 0.875494778 3.306373835 1.663414955 0.371871173 0.007884532 -0.084528528 -0.924394190
1403637203288318976.000000 0.867836356 3.319787502 1.637046814 0.372529209 0.007823560 -0.083710156 -0.924204230
1403637203338319104.000000 0.859665990 3.332898378 1.611742020 0.372798055 0.007423524 -0.083296984 -0.924136460
1403637203388318976.000000 0.850450039 3.345687389 1.587202668 0.372646987 0.006922476 -0.084486149 -0.924093306
1403637203438319104.000000 0.841336727 3.354817152 1.564351678 -0.373467445 -0.007761700 0.083724611 0.923824728
1403637203488318976.000000 0.830530941 3.366994858 1.542109132 -0.373638242 -0.007704752 0.083904885 0.923739791
1403637203538319104.000000 0.819064140 3.378840685 1.521081567 -0.374151438 -0.007181224 0.083013929 0.923616767
1403637203588318976.000000 0.806632400 3.390874147 1.500800371 0.374996006 0.006984959 -0.081516199 -0.923409104
1403637203638319104.000000 0.793790579 3.402374029 1.481764913 0.376211822 0.007750500 -0.079553314 -0.923079550
1403637203688318976.000000 0.780363500 3.413137674 1.464311242 0.376320988 0.007307852 -0.079968795 -0.923002779
1403637203738319104.000000 0.766575336 3.423288107 1.448145509 0.376753777 0.006023399 -0.080224432 -0.922813356
1403637203788318976.000000 0.752035677 3.432962418 1.433060408 0.377111763 0.005811229 -0.080557458 -0.922639430
1403637203838319104.000000 0.736868441 3.436316490 1.413167715 -0.377301276 -0.005446500 0.081169583 0.922510505
1403637203888318976.000000 0.721159279 3.444544792 1.399608135 -0.377687663 -0.004965513 0.080647603 0.922400892
1403637203938319104.000000 0.704759896 3.452033758 1.387035251 -0.378035069 -0.004621818 0.080396801 0.922282219
1403637203988318976.000000 0.687699258 3.458745480 1.375019073 -0.378338397 -0.005018126 0.080271088 0.922166765
1403637204038319104.000000 0.670430779 3.465316534 1.365567088 0.379001230 0.005417675 -0.079701722 -0.921941698
1403637204088318976.000000 0.654474199 3.470957518 1.355010748 0.379034817 0.004938349 -0.080700360 -0.921843708
1403637204138319104.000000 0.640703738 3.475628853 1.344133258 0.379328787 0.004943947 -0.080213226 -0.921765268
1403637204188318976.000000 0.629948080 3.479830503 1.333343744 0.379414171 0.005350733 -0.081008859 -0.921658218
1403637204238319104.000000 0.620197237 3.478653908 1.312995434 -0.379742175 -0.005558409 0.080265045 0.921587050
1403637204288318976.000000 0.612267613 3.480297327 1.301672935 -0.379685670 -0.006529515 0.081873901 0.921462417
1403637204338319104.000000 0.606747746 3.480990410 1.290250540 -0.379304558 -0.005435259 0.083174556 0.921509981
1403637204388318976.000000 0.603315473 3.480362654 1.278384089 -0.379023612 -0.003046492 0.085327499 0.921439648
1403637204438319104.000000 0.600809991 3.479906559 1.266807437 0.379825145 0.000733903 -0.085031867 -0.921141624
1403637204488318976.000000 0.600900650 3.478867054 1.254949689 0.379679352 -0.003975667 -0.087160818 -0.920994461
1403637204538319104.000000 0.603064895 3.477348566 1.242697001 0.380408049 -0.005783190 -0.087366655 -0.920664668
1403637204588318976.000000 0.606688559 3.475121260 1.229946375 0.381250769 -0.005727523 -0.088478372 -0.920210183
1403637204638319104.000000 0.611927867 3.472251177 1.216590524 0.382095158 -0.004748722 -0.089752093 -0.919742048
1403637204688318976.000000 0.617994785 3.468842030 1.202728152 0.383830756 -0.002455321 -0.088640794 -0.919135869
1403637204738319104.000000 0.622953951 3.462506533 1.183134913 -0.384428263 0.002104673 0.089697525 0.918784440
1403637204788318976.000000 0.627224088 3.458141088 1.169836879 -0.385492206 0.000015945 0.090294681 0.918282509
1403637204838319104.000000 0.630206347 3.453122139 1.156747937 -0.385836661 -0.001193816 0.091931358 0.917974591
1403637204888318976.000000 0.631271243 3.448028564 1.143970013 -0.386797041 -0.002210357 0.091678552 0.917593718
1403637204938319104.000000 0.632453620 3.443615437 1.136519670 0.387243032 0.004274909 -0.092360415 -0.917329907
1403637204988318976.000000 0.630797148 3.438408852 1.126906157 0.387363225 0.007521795 -0.093888789 -0.917103112
1403637205038319104.000000 0.627911806 3.433120728 1.117962480 0.387367338 0.010699686 -0.095102288 -0.916944742
1403637205088318976.000000 0.624073923 3.427929401 1.109879494 0.387342483 0.012864483 -0.095685981 -0.916866660
1403637205138319104.000000 0.619357347 3.422708511 1.102277994 0.387384772 0.013105203 -0.095957235 -0.916817129
1403637205188318976.000000 0.613642931 3.417618275 1.095252633 0.387449354 0.013461079 -0.095158510 -0.916867912
1403637205238319104.000000 0.604291022 3.412724018 1.085651398 -0.385804713 -0.014144055 0.094951309 0.917572320
1403637205288318976.000000 0.597486854 3.407402754 1.080438852 -0.383393824 -0.015064326 0.094011530 0.918664277
1403637205338319104.000000 0.591474354 3.401923180 1.075589180 -0.380080014 -0.014453791 0.091910161 0.920262396
1403637205388318976.000000 0.586709023 3.396480083 1.070943594 -0.377057046 -0.014795490 0.089930348 0.921695054
1403637205438319104.000000 0.584038675 3.390758038 1.067390919 0.374440491 0.014151175 -0.087415382 -0.923012853
1403637205488318976.000000 0.583571076 3.384887457 1.063229322 0.371605009 0.012010639 -0.084798135 -0.924432158
1403637205538319104.000000 0.584423482 3.378751755 1.059130669 0.368986756 0.009423441 -0.082385264 -0.925728202
1403637205588318976.000000 0.585028350 3.372553110 1.055626392 0.367019445 0.008244867 -0.079976216 -0.926732242
1403637205638319104.000000 0.584069192 3.366047859 1.053083420 0.364923775 0.006682430 -0.078978352 -0.927657545
1403637205688318976.000000 0.591300488 3.362394571 1.053445101 -0.363495141 -0.006975096 0.078131326 0.928287804
1403637205738319104.000000 0.586826563 3.355604649 1.052381992 -0.361992657 -0.007070222 0.078377217 0.928853214
1403637205788318976.000000 0.580978453 3.348352909 1.052521706 -0.361064434 -0.007018913 0.077845782 0.929259539
1403637205838319104.000000 0.574123800 3.340778112 1.053406954 -0.360566556 -0.007359407 0.077229969 0.929501593
1403637205888318976.000000 0.565050721 3.332877874 1.054376125 0.359641194 0.007041411 -0.077896707 -0.929806828
1403637205938319104.000000 0.556629479 3.324792862 1.056120634 0.359291494 0.006733302 -0.077796429 -0.929952681
1403637205988318976.000000 0.539616585 3.315172434 1.056767225 0.358893186 0.005656874 -0.076788947 -0.930197358
1403637206038319104.000000 0.542890966 3.306786060 1.059377193 0.358306706 0.005680925 -0.077707544 -0.930347085
1403637206088318976.000000 0.538190722 3.296581984 1.060380220 0.357545763 0.005015340 -0.078890875 -0.930544019
1403637206138319104.000000 0.538125038 3.277071714 1.062978506 -0.356259257 -0.003829162 0.082089178 0.930766463
1403637206188318976.000000 0.536944270 3.266273022 1.064126730 -0.354279667 -0.001804531 0.086430497 0.931134999
1403637206238319104.000000 0.538319111 3.255407095 1.064714432 -0.353267998 -0.001028321 0.088436715 0.931332171
1403637206288318976.000000 0.542341411 3.244893074 1.065101743 -0.352540314 0.000537654 0.090300865 0.931429446
1403637206338319104.000000 0.545242250 3.235469103 1.062343717 0.352034301 -0.001925580 -0.091858223 -0.931466699
1403637206388318976.000000 0.546139419 3.236652613 1.062062740 0.351532608 -0.002596824 -0.091723368 -0.931667805
1403637206438319104.000000 0.553196549 3.227545977 1.060344696 0.351826727 -0.002449285 -0.091779165 -0.931551754
1403637206488318976.000000 0.569159925 3.218240499 1.057538867 0.352037996 -0.001904588 -0.091663592 -0.931484580
1403637206538319104.000000 0.578010976 3.198547363 1.054613352 0.352522016 -0.002257978 -0.091607355 -0.931306183
1403637206588318976.000000 0.585049629 3.189560890 1.052502036 0.353113353 -0.002010684 -0.090768680 -0.931164861
1403637206638319104.000000 0.590656638 3.164651632 1.045602560 -0.354147464 0.001575870 0.089904122 0.930856764
1403637206688318976.000000 0.594581723 3.155633211 1.043726206 -0.355123132 0.001033493 0.088577338 0.930612981
1403637206738319104.000000 0.597010732 3.146532774 1.041754484 -0.355719268 0.001289879 0.087759227 0.930462599
1403637206788318976.000000 0.597850800 3.137176752 1.039505243 -0.356450260 0.001923718 0.086600818 0.930290222
1403637206838319104.000000 0.598006427 3.129315376 1.036996365 0.356900692 -0.001917741 -0.086352199 -0.930140674
1403637206888318976.000000 0.599592030 3.119981050 1.034343123 0.357420683 -0.002892497 -0.085773282 -0.929992020
1403637206938319104.000000 0.601513207 3.102113247 1.027191758 -0.357618719 0.004646196 0.085612997 0.929923475
1403637206988318976.000000 0.604475737 3.091964960 1.023406029 -0.358133823 0.004885397 0.085610397 0.929724336
1403637207038319104.000000 0.609813988 3.089814186 1.022875547 0.358508080 -0.005342306 -0.085584916 -0.929579854
1403637207088318976.000000 0.614942908 3.071371555 1.014600396 -0.358989030 0.004656652 0.086362980 0.929325938
1403637207138319104.000000 0.618491352 3.064814091 1.015440702 0.359824121 -0.006203617 -0.086350776 -0.928994954
1403637207188318976.000000 0.621836245 3.043887854 1.001947641 -0.360438526 0.006075406 0.087005004 0.928696573
1403637207238319104.000000 0.622803152 3.032121420 0.998146355 -0.360959560 0.007867038 0.086889647 0.928491533
1403637207288318976.000000 0.621313512 3.020232201 0.994547784 -0.361489445 0.007468016 0.087616771 0.928220272
1403637207338319104.000000 0.618366420 3.006413460 0.990684152 0.361958027 -0.007219848 -0.088208795 -0.927983582
1403637207388318976.000000 0.613527536 2.993691206 0.987015784 0.362526119 -0.006987065 -0.087956518 -0.927787542
1403637207438319104.000000 0.606351614 2.983570576 0.989017248 0.363162220 -0.007221064 -0.087917008 -0.927540720
1403637207488318976.000000 0.599034190 2.967266798 0.979288697 0.363510758 -0.006774385 -0.088721134 -0.927330911
1403637207538319104.000000 0.590624034 2.956000328 0.970709920 -0.363364786 0.005078146 0.090426974 0.927234173
1403637207588318976.000000 0.579415798 2.941887856 0.966656327 -0.362420082 0.002777518 0.095178694 0.927138150
1403637207638319104.000000 0.568263292 2.927536011 0.962042689 -0.360439509 -0.001651441 0.102301031 0.927154362
1403637207688318976.000000 0.558629632 2.913402557 0.955969632 -0.359053433 -0.005054992 0.107637830 0.927075624
1403637207738319104.000000 0.550302565 2.900056839 0.950513244 0.358819664 0.007580120 -0.109265685 -0.926958501
1403637207788318976.000000 0.548746049 2.889874935 0.941791594 -0.359449923 -0.008029277 0.108084001 0.926849067
1403637207838319104.000000 0.546088636 2.877674341 0.932531476 -0.360733330 -0.007541282 0.105550967 0.926646411
1403637207888318976.000000 0.545464516 2.866067171 0.922182381 -0.362413377 -0.007339983 0.102014571 0.926388562
1403637207938319104.000000 0.548079312 2.855473995 0.911591291 -0.363702565 -0.006199697 0.098875672 0.926231980
1403637207988318976.000000 0.559674501 2.853980541 0.903097391 -0.364636242 -0.005861392 0.096526258 0.926114857
1403637208038319104.000000 0.566396296 2.842552185 0.889931500 -0.365703642 -0.005691838 0.094094254 0.925945342
1403637208088318976.000000 0.574525893 2.831434727 0.876784980 -0.366642475 -0.006016093 0.092350610 0.925747573
1403637208138319104.000000 0.584478974 2.820060253 0.863322616 -0.367256284 -0.006487655 0.091250829 0.925610125
1403637208188318976.000000 0.596540213 2.809795856 0.849341631 0.368199974 0.005866689 -0.089303441 -0.925429344
1403637208238319104.000000 0.607212961 2.798452139 0.835853457 0.368545413 0.006997736 -0.089931272 -0.925223053
1403637208288318976.000000 0.616930604 2.786900043 0.823180914 0.367514610 0.004955465 -0.094388552 -0.925202370
1403637208338319104.000000 0.625126600 2.775703907 0.811052680 0.366582423 0.002274579 -0.098677494 -0.925135076
1403637208388318976.000000 0.623878121 2.751411915 0.794732630 0.366140097 -0.000162010 -0.101687215 -0.924987197
1403637208438319104.000000 0.636580646 2.766028643 0.797940552 -0.366546243 0.001355835 0.102048099 0.924785554
1403637208488318976.000000 0.639829934 2.756691217 0.787484646 -0.367186964 0.001386688 0.101616114 0.924578846
1403637208538319104.000000 0.642041683 2.748341560 0.777569473 -0.368048966 0.002351314 0.100222364 0.924386263
1403637208588318976.000000 0.642612636 2.740200758 0.767751873 -0.369564652 0.001453779 0.097591341 0.924064875
1403637208638319104.000000 0.639796555 2.732180595 0.754498005 0.370304912 -0.001184166 -0.095635630 -0.923973322
1403637208688318976.000000 0.637356699 2.724317312 0.743909955 0.371465564 -0.000818773 -0.093180969 -0.923758626
1403637208738319104.000000 0.636413097 2.726522207 0.743474483 -0.372018993 0.001637056 0.091790587 0.923674047
1403637208788318976.000000 0.631663144 2.718576670 0.733666062 -0.372336060 0.002566010 0.090753622 0.923646629
1403637208838319104.000000 0.625577211 2.710598469 0.724360764 -0.372774899 0.002499211 0.089852989 0.923557878
1403637208888318976.000000 0.618219614 2.702835560 0.715566218 -0.373574138 0.001242022 0.088043809 0.923411727
1403637208938319104.000000 0.609934628 2.695784569 0.706229746 0.375245035 0.000719966 -0.083323494 -0.923172772
1403637208988318976.000000 0.600000381 2.687688351 0.697745800 0.377623469 0.003618963 -0.077503480 -0.922702968
1403637209038319104.000000 0.588690639 2.679237366 0.690059662 0.379887849 0.006512930 -0.071583688 -0.922235608
1403637209088318976.000000 0.576662660 2.669859886 0.683644950 0.381004006 0.008985321 -0.066090651 -0.922164500
1403637209138319104.000000 0.565381587 2.659139872 0.678401947 0.379651785 0.009319680 -0.062217519 -0.922987938
1403637209188318976.000000 0.554925263 2.646990776 0.674860179 0.374196261 0.010141300 -0.063582860 -0.925111711
1403637209238319104.000000 0.547968447 2.643272877 0.683925211 -0.366122425 -0.009430952 0.067873888 0.928040206
1403637209288318976.000000 0.541478634 2.628628731 0.681674063 -0.357331753 -0.011597510 0.071573615 0.931158841
1403637209338319104.000000 0.537051558 2.613219261 0.679340899 -0.349189103 -0.013782427 0.074079037 0.934017897
1403637209388318976.000000 0.534217358 2.597569942 0.676809192 -0.342400163 -0.017269267 0.075440638 0.936361372
1403637209438319104.000000 0.532874405 2.579342365 0.669198513 -0.336559683 -0.021465322 0.075906307 0.938352346
1403637209488318976.000000 0.532769859 2.562998533 0.666319609 -0.331290871 -0.028229089 0.076869838 0.939968407
1403637209538319104.000000 0.534214735 2.547058105 0.663924336 -0.326701880 -0.036840923 0.077640422 0.941212296
1403637209588318976.000000 0.537733674 2.532131195 0.662682056 -0.322716445 -0.046361819 0.078725331 0.942075908
1403637209638319104.000000 0.546198428 2.523482561 0.670543849 -0.318960458 -0.054721877 0.080620900 0.942746043
1403637209688318976.000000 0.554605067 2.510726213 0.671782613 -0.315872312 -0.060760692 0.081924759 0.943303347
1403637209738319104.000000 0.565471292 2.500056982 0.675786078 -0.313481003 -0.065163314 0.083077997 0.943706274
1403637209788318976.000000 0.578820109 2.491787672 0.682827950 -0.312054694 -0.067977883 0.083577134 0.943936348
1403637209838319104.000000 0.593261182 2.485732555 0.693027020 0.311152726 0.070736006 -0.083997138 -0.943994164
1403637209888318976.000000 0.607972622 2.479220152 0.705714941 -0.309929162 -0.073046409 0.086300887 0.944012940
1403637209938319104.000000 0.619874835 2.475961447 0.721016407 -0.309336543 -0.076695316 0.088053226 0.943756044
1403637209988318976.000000 0.627940178 2.474766970 0.739733577 -0.308864892 -0.081671141 0.089262672 0.943379283
1403637210038319104.000000 0.632668376 2.475208282 0.761691809 -0.308414400 -0.087852187 0.090829208 0.942821681
1403637210088318976.000000 0.636521816 2.474674225 0.785869718 -0.308354765 -0.093913220 0.092401877 0.942103803
1403637210138319104.000000 0.635811448 2.479280472 0.815404356 -0.307650864 -0.099038668 0.095243551 0.941525936
1403637210188318976.000000 0.633633316 2.486419439 0.848951042 -0.307216048 -0.105156586 0.097420938 0.940781415
1403637210238319104.000000 0.631400704 2.495967627 0.886632562 -0.306734145 -0.110191025 0.099421866 0.940152943
1403637210288318976.000000 0.631530344 2.506236792 0.927457988 -0.306567997 -0.114646018 0.100309268 0.939579964
1403637210338319104.000000 0.631929815 2.521611691 0.973373115 -0.306093305 -0.116932645 0.101636767 0.939310193
1403637210388318976.000000 0.633778453 2.539754629 1.023546457 -0.305870742 -0.118910290 0.102450222 0.939046025
1403637210438319104.000000 0.637736797 2.561053276 1.078232408 -0.305833012 -0.117256030 0.101758108 0.939341545
1403637210488318976.000000 0.643689513 2.584744453 1.137963772 0.306619257 0.111702226 -0.099036671 -0.940052629
1403637210538319104.000000 0.654860139 2.609515190 1.197623014 -0.307187706 -0.103797957 0.096003659 0.941087186
1403637210588318976.000000 0.664039195 2.638656139 1.264070034 -0.307270229 -0.096402258 0.094332792 0.942015350
1403637210638319104.000000 0.673838794 2.669760466 1.333550930 -0.307065308 -0.088716388 0.093093559 0.942960203
1403637210688318976.000000 0.683819711 2.702847719 1.405848145 -0.306919634 -0.082870334 0.091492608 0.943695962
1403637210738319104.000000 0.695027173 2.737630606 1.479362488 -0.306240529 -0.078831643 0.091512553 0.944260418
1403637210788318976.000000 0.705189943 2.774078369 1.557314157 -0.304156393 -0.073524565 0.095497124 0.944967389
1403637210838319104.000000 0.715336561 2.812042952 1.637194872 -0.302575678 -0.068431012 0.098575480 0.945541203
1403637210888318976.000000 0.725245237 2.851578236 1.718575120 -0.300997138 -0.062695883 0.102700226 0.946003556
1403637210938319104.000000 0.734660745 2.890910387 1.796188354 -0.299487889 -0.054142095 0.106192373 0.946625054
1403637210988318976.000000 0.744363070 2.933905840 1.879971504 -0.298880249 -0.045404620 0.107923225 0.947080553
1403637211038319104.000000 0.753799260 2.978671551 1.964216948 -0.298577130 -0.036682405 0.109105326 0.947418749
1403637211088318976.000000 0.762570083 3.025318623 2.048664808 -0.298350394 -0.028758559 0.111172922 0.947523415
1403637211138319104.000000 0.770167410 3.073795080 2.131826401 -0.299521685 -0.025111673 0.109526321 0.947449267
1403637211188318976.000000 0.777673125 3.124295712 2.216270447 -0.302282065 -0.022984443 0.104350872 0.947210789
1403637211238319104.000000 0.784749031 3.176043272 2.300308466 -0.304886460 -0.019529454 0.099394694 0.946986616
1403637211288318976.000000 0.791345656 3.228898764 2.384384155 -0.308173567 -0.015278229 0.093992606 0.946552217
1403637211338319104.000000 0.797408700 3.281389236 2.466498375 -0.311180294 -0.010569908 0.089506626 0.946067512
1403637211388318976.000000 0.802321494 3.335549116 2.549933434 -0.313370913 -0.006241633 0.086497575 0.945662737
1403637211438319104.000000 0.805876017 3.389595032 2.632824659 -0.314916968 -0.004150217 0.084697783 0.945323408
1403637211488318976.000000 0.808334589 3.443869591 2.715361595 -0.315853715 -0.002813869 0.084249988 0.945055783
1403637211538319104.000000 0.810062170 3.495774508 2.797799587 -0.315772921 -0.004574466 0.086162925 0.944903493
1403637211588318976.000000 0.812819481 3.549703121 2.877894878 -0.315770149 -0.007361655 0.087860785 0.944730461
1403637211638319104.000000 0.817452431 3.603601694 2.956434727 -0.315135211 -0.009628078 0.089803472 0.944739401
1403637211688318976.000000 0.823531866 3.657138109 3.033263445 -0.314292133 -0.010893591 0.092324197 0.944763482
1403637211738319104.000000 0.830633938 3.709485531 3.112245321 -0.312821180 -0.015515638 0.097260542 0.944691777
1403637211788318976.000000 0.839774907 3.763298035 3.186318874 -0.310618401 -0.019595208 0.103447109 0.944685698
1403637211838319104.000000 0.850574017 3.817663908 3.259061337 -0.308246881 -0.022598580 0.110403381 0.944608033
1403637211888318976.000000 0.863683462 3.873527050 3.330233812 -0.307463408 -0.025595516 0.113324285 0.944440961
1403637211938319104.000000 0.879846036 3.930092096 3.405315399 -0.308084995 -0.027155316 0.112821415 0.944255054
1403637211988318976.000000 0.896967530 3.988987446 3.473633766 -0.309337109 -0.026399430 0.109467365 0.944261968
1403637212038319104.000000 0.917063534 4.049479961 3.540964365 -0.311890274 -0.023512103 0.103399165 0.944182396
1403637212088318976.000000 0.938846111 4.110622883 3.607474327 -0.314123333 -0.016988121 0.097420104 0.944217861
1403637212138319104.000000 0.961857319 4.170753002 3.676463127 -0.315775126 -0.009429368 0.092329130 0.944284141
1403637212188318976.000000 0.986465335 4.231595039 3.740209579 -0.317783296 -0.003244294 0.087532565 0.944108784
1403637212238319104.000000 1.011324883 4.291992664 3.802683353 -0.318941534 0.001855418 0.084825754 0.943969011
1403637212288318976.000000 1.037021637 4.351922989 3.863889694 -0.319931537 0.004449909 0.082414396 0.943838954
1403637212338319104.000000 1.067068696 4.413211823 3.934093475 -0.320870072 0.007332209 0.081354544 0.943594277
1403637212388318976.000000 1.094903708 4.471312523 3.991734505 -0.321780831 0.008707897 0.080713019 0.943327487
1403637212438319104.000000 1.123486400 4.528223515 4.047375202 -0.322900921 0.009274878 0.079780489 0.943018675
1403637212488318976.000000 1.152423620 4.584164619 4.101799488 -0.323410094 0.006795350 0.080395363 0.942813039
1403637212538319104.000000 1.183245420 4.642885208 4.162806511 -0.324139923 0.002716422 0.081307352 0.942504704
1403637212588318976.000000 1.212907791 4.696855068 4.214751720 -0.324429542 -0.001539975 0.083429605 0.942222178
1403637212638319104.000000 1.243024945 4.750232697 4.266041756 -0.325023055 -0.006996617 0.084887847 0.941862643
1403637212688318976.000000 1.273682952 4.803236485 4.317022800 -0.324905872 -0.011408417 0.086451903 0.941717684
1403637212738319104.000000 1.306184530 4.861855984 4.373729229 -0.325670689 -0.015184285 0.085866079 0.941453755
1403637212788318976.000000 1.338486433 4.914976597 4.424488544 -0.326194823 -0.016959384 0.084852502 0.941333890
1403637212838319104.000000 1.370910525 4.968176365 4.475349426 -0.326618552 -0.020278119 0.084323213 0.941168845
1403637212888318976.000000 1.404396772 5.021261215 4.526224613 -0.327194601 -0.021417635 0.082570270 0.941098928
1403637212938319104.000000 1.439169407 5.080383301 4.581534386 -0.327679127 -0.022500254 0.080073610 0.941120863
1403637212988318976.000000 1.473562479 5.133402348 4.632727146 -0.327684253 -0.023342136 0.077861108 0.941284180
1403637213038319104.000000 1.508371353 5.186158180 4.684573174 -0.327066451 -0.023754207 0.077758707 0.941497207
1403637213088318976.000000 1.544162631 5.238683701 4.737899780 0.325604498 0.023049768 -0.079051740 -0.941913664
1403637213138319104.000000 1.576825380 5.295711517 4.792929173 -0.323975533 -0.023576280 0.080949888 0.942301035
1403637213188318976.000000 1.608414888 5.347955227 4.847280979 -0.322413892 -0.023092547 0.082646750 0.942701221
1403637213238319104.000000 1.638568878 5.400353909 4.902100563 -0.321471363 -0.022334659 0.083227500 0.942990243
1403637213288318976.000000 1.665789247 5.453268051 4.956959248 0.320531368 0.022188757 -0.084018886 -0.943243504
1403637213338319104.000000 1.695255518 5.510569096 5.014719963 -0.320344806 -0.020885037 0.083673164 0.943367362
1403637213388318976.000000 1.721471310 5.563080311 5.070590496 -0.320463896 -0.019669911 0.082562871 0.943450809
1403637213438319104.000000 1.746600270 5.615444660 5.126780510 -0.320538819 -0.017336549 0.081654117 0.943550229
1403637213488318976.000000 1.769395232 5.667756557 5.182718277 0.321071386 0.015670938 -0.080311172 -0.943513513
1403637213538319104.000000 1.795506001 5.724636078 5.241273403 -0.321489751 -0.014277929 0.078355633 0.943557560
1403637213588318976.000000 1.817081451 5.776317120 5.297504425 -0.324039161 -0.014440552 0.070880562 0.943274140
1403637213638319104.000000 1.836730480 5.827299595 5.354124069 -0.325932175 -0.015703533 0.065209322 0.943010807
1403637213688318976.000000 1.854615688 5.877665997 5.410867214 0.327614069 0.018972510 -0.059541389 -0.942742825
1403637213738319104.000000 1.874875188 5.931293488 5.470940113 -0.328929394 -0.020661544 0.055373359 0.942503333
1403637213788318976.000000 1.889684558 5.978620529 5.529048443 -0.329512179 -0.023965657 0.053167824 0.942348480
1403637213838319104.000000 1.903525829 6.024559021 5.587934494 -0.329508156 -0.025411911 0.051283807 0.942416430
1403637213888318976.000000 1.917229891 6.069536209 5.647940636 0.329658210 0.026576938 -0.049678776 -0.942417800
1403637213938319104.000000 1.931575060 6.117853642 5.711987495 -0.329553992 -0.027908817 0.049339261 0.942433536
1403637213988318976.000000 1.945801020 6.159978867 5.774149895 -0.329463184 -0.025449913 0.047329802 0.942637920
1403637214038319104.000000 1.962169290 6.200122356 5.837150574 -0.327338517 -0.021592341 0.046472780 0.943516672
1403637214088318976.000000 1.979986072 6.238292217 5.900802612 -0.323151678 -0.016413672 0.046910521 0.945041299
1403637214138319104.000000 2.000643253 6.279126644 5.967762947 -0.317160636 -0.011718002 0.049944542 0.946983337
1403637214188318976.000000 2.022132635 6.313748360 6.031308174 -0.310424954 -0.007179472 0.051118575 0.949195266
1403637214238319104.000000 2.045618296 6.347113609 6.094231606 -0.303515643 -0.003817545 0.050180431 0.951496482
1403637214288318976.000000 2.071841240 6.381011963 6.157690525 0.296019495 0.000645756 -0.046705406 -0.954039216
1403637214338319104.000000 2.096608639 6.413129807 6.220289230 -0.287281513 0.002893617 0.042321634 0.956906497
1403637214388318976.000000 2.124758005 6.441908836 6.280678749 -0.278379887 0.005818165 0.034225814 0.959843457
1403637214438319104.000000 2.153482914 6.468317986 6.339773178 -0.268814921 0.006622548 0.024035841 0.962869167
1403637214488318976.000000 2.182106018 6.493111610 6.397208691 0.258148789 -0.007058495 -0.013520516 -0.965984821
1403637214538319104.000000 2.211297750 6.511797428 6.456811905 -0.247989893 0.007480866 0.002665809 0.968730092
1403637214588318976.000000 2.242053032 6.530298233 6.511384010 -0.238707408 0.007345512 -0.008394216 0.971027553
1403637214638319104.000000 2.273868322 6.545701981 6.564743042 -0.230434835 0.008536320 -0.019590007 0.972853124
1403637214688318976.000000 2.306668282 6.559400558 6.618676662 0.223416820 -0.009746739 0.029725313 -0.974220872
1403637214738319104.000000 2.338098526 6.563642979 6.670046806 -0.218285605 0.010323182 -0.039619811 0.975025713
1403637214788318976.000000 2.372169971 6.568517208 6.720917225 -0.213048413 0.011953191 -0.046040002 0.975883126
1403637214838319104.000000 2.406360626 6.569091320 6.771134377 -0.208442613 0.012386766 -0.049130995 0.976721227
1403637214888318976.000000 2.438908577 6.564998150 6.820537090 0.204891473 -0.012517144 0.050572522 -0.977397203
1403637214938319104.000000 2.467106342 6.552496433 6.867472172 -0.202181488 0.013475581 -0.051485993 0.977900982
1403637214988318976.000000 2.496239185 6.540740013 6.915916920 -0.200113654 0.015205143 -0.051776700 0.978285491
1403637215038319104.000000 2.523110867 6.525194168 6.963642120 -0.198352501 0.016797287 -0.051180955 0.978649437
1403637215088318976.000000 2.547339916 6.504901886 7.010146618 0.197834805 -0.019385831 0.051564660 -0.978686273
1403637215138319104.000000 2.567063093 6.477935314 7.052936554 -0.197549805 0.022127772 -0.051517684 0.978688121
1403637215188318976.000000 2.587859154 6.450595379 7.098066807 -0.197234884 0.024717765 -0.050574455 0.978738904
1403637215238319104.000000 2.606902838 6.419487476 7.143007755 -0.195740968 0.027379241 -0.047122132 0.979140103
1403637215288318976.000000 2.626966715 6.386902332 7.190057278 0.192931131 -0.029190548 0.044266604 -0.979778528
1403637215338319104.000000 2.636904716 6.344837666 7.228624821 -0.188094661 0.033040829 -0.040482283 0.980759859
1403637215388318976.000000 2.650191069 6.302746296 7.270135403 -0.182130381 0.037413329 -0.038130045 0.981822252
1403637215438319104.000000 2.662281752 6.256995678 7.309749603 -0.173256695 0.044089001 -0.033977080 0.983302593
1403637215488318976.000000 2.673215866 6.207191467 7.345449448 0.163412631 -0.051330447 0.031812012 -0.984707892
1403637215538319104.000000 2.679023504 6.152401447 7.374921799 -0.152911648 0.056395270 -0.031435441 0.986128509
1403637215588318976.000000 2.689257622 6.097407818 7.404174805 -0.141761020 0.058130674 -0.031940956 0.987676263
1403637215638319104.000000 2.699917316 6.039259434 7.429479599 -0.129033610 0.057674766 -0.032726932 0.989420533
1403637215688318976.000000 2.706486940 5.978154659 7.446765900 -0.116277732 0.055389624 -0.036541987 0.990997612
1403637215738319104.000000 2.716650248 5.915455341 7.464126587 -0.102898978 0.048002362 -0.039117653 0.992762566
1403637215788318976.000000 2.727242708 5.850846767 7.478524208 -0.088897161 0.039398145 -0.041137554 0.994410813
1403637215838319104.000000 2.737869501 5.784562111 7.488956451 0.074888133 -0.031023696 0.043288581 -0.995768785
1403637215888318976.000000 2.746950626 5.718704224 7.497240543 -0.061298467 0.024606174 -0.044861630 0.996807158
1403637215938319104.000000 2.760076761 5.649842262 7.502475262 -0.048848383 0.019360047 -0.044832435 0.997611761
1403637215988318976.000000 2.773844719 5.580080032 7.504405975 -0.037578169 0.014009743 -0.044707868 0.998194754
1403637216038319104.000000 2.788844109 5.510349274 7.504516125 0.025888493 -0.011738208 0.043517023 -0.998648226
1403637216088318976.000000 2.796678782 5.437385082 7.495539665 -0.014551750 0.009014661 -0.043405622 0.998910964
1403637216138319104.000000 2.810835123 5.366753578 7.492057323 -0.003956823 0.007127395 -0.043060470 0.999039233
1403637216188318976.000000 2.823666811 5.296568394 7.487480640 0.005201211 0.007073876 -0.042836532 0.999043584
1403637216238319104.000000 2.836404324 5.224617958 7.478470802 0.012615184 0.005992913 -0.041616175 0.999036074
1403637216288318976.000000 2.845061779 5.155785084 7.471556664 0.018754419 0.007182137 -0.040172689 0.998990953
1403637216338319104.000000 2.851695299 5.088121891 7.464035034 0.022945719 0.008752244 -0.039834391 0.998904526
1403637216388318976.000000 2.853530884 5.022904396 7.454370499 0.026257757 0.012442035 -0.039226137 0.998807847
1403637216438319104.000000 2.856401443 4.957242966 7.444859982 0.028372465 0.017291825 -0.039283741 0.998675585
1403637216488318976.000000 2.857165813 4.892692089 7.434110641 0.029531976 0.021062402 -0.039962739 0.998542547
1403637216538319104.000000 2.853689909 4.830725670 7.420216560 0.030108763 0.025586786 -0.039571911 0.998435199
1403637216588318976.000000 2.850401402 4.768557549 7.406045437 0.031240778 0.027908163 -0.037041608 0.998435318
1403637216638319104.000000 2.846023560 4.707437992 7.389952660 0.031885553 0.030789282 -0.034453891 0.998422921
1403637216688318976.000000 2.835878134 4.647245884 7.367664814 0.032268021 0.035316627 -0.030920831 0.998376429
1403637216738319104.000000 2.828201771 4.588696957 7.346567631 0.031986956 0.040574860 -0.029018465 0.998242736
1403637216788318976.000000 2.819638014 4.531659126 7.323141098 0.030953791 0.045458313 -0.028307881 0.998085260
1403637216838319104.000000 2.809831619 4.476524353 7.295211792 0.029288296 0.049907204 -0.029150875 0.997898698
1403637216888318976.000000 2.802122355 4.422275066 7.264704704 0.027354494 0.053722579 -0.030462939 0.997716308
1403637216938319104.000000 2.795206070 4.369249344 7.229959488 0.024899520 0.055822544 -0.032237891 0.997609437
1403637216988318976.000000 2.785493135 4.318223000 7.189608574 0.022984887 0.054697283 -0.032420851 0.997711778
1403637217038319104.000000 2.777710915 4.266807556 7.146704674 0.022427587 0.049977265 -0.029240845 0.998070359
1403637217088318976.000000 2.772407055 4.214367867 7.102898121 -0.023004364 -0.043668434 0.022414079 -0.998529732
1403637217138319104.000000 2.760105133 4.169159889 7.053320885 0.023642382 0.038452368 -0.015923558 0.998853862
1403637217188318976.000000 2.748089075 4.122080326 7.002498627 0.024694707 0.035109669 -0.008066287 0.999045849
1403637217238319104.000000 2.733863831 4.077125549 6.950033188 0.025610983 0.033360634 -0.000677930 0.999114990
1403637217288318976.000000 2.716501474 4.035486221 6.896412373 -0.025549872 -0.031447779 -0.004008050 -0.999170721
1403637217338319104.000000 2.693955183 3.997238398 6.835659981 0.025632709 0.029456390 0.008289995 0.999203026
1403637217388318976.000000 2.672173977 3.960341930 6.779684067 0.025278458 0.028734522 0.012129894 0.999193847
1403637217438319104.000000 2.648206711 3.926362753 6.722513676 0.024531370 0.027855599 0.015114295 0.999196649
1403637217488318976.000000 2.621667624 3.896825314 6.661312103 0.024384841 0.027350942 0.016522555 0.999191880
1403637217538319104.000000 2.594825983 3.868306875 6.601692677 0.024868181 0.028864726 0.015115310 0.999159694
1403637217588318976.000000 2.566955328 3.842552900 6.540749073 0.026693005 0.031096734 0.011284279 0.999096215
1403637217638319104.000000 2.538834572 3.820906639 6.476873398 0.029098898 0.033747237 0.003546073 0.999000430
1403637217688318976.000000 2.509196281 3.799871683 6.412332535 0.031993251 0.038643748 -0.009478485 0.998695791
1403637217738319104.000000 2.480126858 3.780227184 6.345840931 0.036674608 0.042454448 -0.024743846 0.998118401
1403637217788318976.000000 2.453160763 3.761940956 6.273764133 0.043701135 0.046070173 -0.039451078 0.997201860
1403637217838319104.000000 2.424140453 3.743652105 6.201068401 0.053985007 0.044526387 -0.050041478 0.996292591
1403637217888318976.000000 2.396102667 3.725414038 6.125329971 0.064602144 0.044117276 -0.060635500 0.995089829
1403637217938319104.000000 2.370128632 3.708330870 6.044414520 0.074677929 0.041109715 -0.066999368 0.994104743
1403637217988318976.000000 2.342707396 3.690575838 5.962421417 0.084612556 0.037893575 -0.071987122 0.993087471
1403637218038319104.000000 2.315680027 3.672998667 5.877450943 0.093706630 0.034992401 -0.074730188 0.992174387
1403637218088318976.000000 2.291119576 3.655574083 5.789015770 0.101685137 0.029715657 -0.075803317 0.991479218
1403637218138319104.000000 2.263519287 3.638831377 5.699934483 0.108222187 0.027084203 -0.077664956 0.990718246
1403637218188318976.000000 2.234085321 3.622738123 5.609443188 0.113488413 0.024332136 -0.079073973 0.990088761
1403637218238319104.000000 2.203419447 3.607657671 5.517652988 -0.117452130 -0.021994118 0.080750346 -0.989545643
1403637218288318976.000000 2.174679518 3.589990616 5.424321651 0.120724887 0.020564372 -0.081405528 0.989128828
1403637218338319104.000000 2.139998913 3.575252056 5.331521988 0.122298568 0.020626204 -0.084308714 0.988690853
1403637218388318976.000000 2.103281736 3.560858965 5.237486839 0.124210745 0.020635635 -0.083931603 0.988484442
1403637218438319104.000000 2.065256357 3.547082186 5.142146587 -0.125429377 -0.020461014 0.083682358 -0.988355279
1403637218488318976.000000 2.032578945 3.530184031 5.044576645 0.125629574 0.021282779 -0.084283307 0.988261402
1403637218538319104.000000 1.993453979 3.516884327 4.945729733 0.125779733 0.020987380 -0.084827170 0.988202095
1403637218588318976.000000 1.955324531 3.503549099 4.845804691 0.125155270 0.021107137 -0.085247546 0.988242686
1403637218638319104.000000 1.924982309 3.486343622 4.744928837 0.124249645 0.017976478 -0.084888004 0.988449812
1403637218688318976.000000 1.888944864 3.472620964 4.642702103 0.122639462 0.015718793 -0.086546652 0.988545537
1403637218738319104.000000 1.852743626 3.459040165 4.538118362 0.122154035 0.011418765 -0.084695995 0.988824844
1403637218788318976.000000 1.815695167 3.445427656 4.431156158 -0.121219851 -0.009725299 0.083551660 -0.989055276
1403637218838319104.000000 1.785374522 3.426975250 4.328075886 0.118373081 0.007699616 -0.087317571 0.989092588
1403637218888318976.000000 1.739678383 3.414143085 4.223547935 0.115441635 0.006059712 -0.091847256 0.989040315
1403637218938319104.000000 1.689743638 3.401070118 4.119294167 0.113311917 0.006720833 -0.095831469 0.988904238
1403637218988318976.000000 1.646225810 3.382652283 4.018745422 0.110719152 0.006042919 -0.100389481 0.988750160
1403637219038319104.000000 1.590267181 3.368592978 3.914806843 0.108877771 0.005978249 -0.103790939 0.988603711
1403637219088318976.000000 1.532425404 3.353604317 3.810613155 0.107949868 0.005985686 -0.105282828 0.988547742
1403637219138319104.000000 1.475912094 3.337841749 3.706051826 -0.107549697 -0.006475043 0.105899721 -0.988522351
1403637219188318976.000000 1.431942463 3.313120842 3.606769562 0.107195027 0.005664574 -0.105697580 0.988587558
1403637219238319104.000000 1.376105428 3.294472456 3.499208450 0.107165806 0.005348527 -0.104321338 0.988738596
1403637219288318976.000000 1.321054578 3.274729490 3.389261723 0.107181452 0.003895135 -0.103127204 0.988868952
1403637219338319104.000000 1.268339276 3.252379656 3.276563883 -0.107324362 -0.003218381 0.100681990 -0.989107847
1403637219388318976.000000 1.228023887 3.224845886 3.172627687 0.106715344 0.000545926 -0.100106627 0.989237189
1403637219438319104.000000 1.176757932 3.200875044 3.058850527 0.107026130 -0.001148936 -0.098673001 0.989347160
1403637219488318976.000000 1.125900030 3.175861120 2.944230556 0.107062958 -0.009960587 -0.096541636 0.989503980
1403637219538319104.000000 1.079956293 3.147960901 2.830218554 -0.106488861 0.017073207 0.095523402 -0.989567578
1403637219588318976.000000 1.040371418 3.119328022 2.724557400 0.106281206 -0.025476623 -0.094060615 0.989549398
1403637219638319104.000000 0.995562792 3.090909004 2.609618187 0.106006786 -0.031791463 -0.092452675 0.989547551
1403637219688318976.000000 0.952217996 3.061809540 2.495024681 0.105360374 -0.037105907 -0.091911927 0.989481986
1403637219738319104.000000 0.911198318 3.031467676 2.381118298 0.105148524 -0.039508510 -0.091096133 0.989486992
1403637219788318976.000000 0.884604633 2.997184038 2.278859854 0.104588233 -0.042779390 -0.089866765 0.989522755
1403637219838319104.000000 0.849227309 2.964365244 2.168344259 0.103987083 -0.045234885 -0.090712294 0.989399791
1403637219888318976.000000 0.816059053 2.930271149 2.059646368 0.104195043 -0.048255775 -0.089944929 0.989305139
1403637219938319104.000000 0.788639486 2.893799067 1.955799937 -0.104150586 0.048349209 0.089215614 -0.989371359
1403637219988318976.000000 0.770015299 2.859992027 1.859530091 0.104252689 -0.048308410 -0.089160152 0.989367604
1403637220038319104.000000 0.746597886 2.821962595 1.756907344 0.104445390 -0.049222909 -0.088819526 0.989332855
1403637220088318976.000000 0.725825667 2.782949924 1.656221271 0.104402207 -0.050023913 -0.087993242 0.989371061
1403637220138319104.000000 0.707925737 2.742825270 1.557100177 0.103473723 -0.049755789 -0.090144366 0.989288449
1403637220188318976.000000 0.698670387 2.705167055 1.465751648 0.104589291 -0.050963908 -0.087827548 0.989318013
1403637220238319104.000000 0.685156286 2.663116455 1.369743109 0.105244972 -0.050567329 -0.085541300 0.989469111
1403637220288318976.000000 0.674263954 2.620297909 1.275026560 0.106500022 -0.048858739 -0.080994770 0.989803255
1403637220338319104.000000 0.666291475 2.576898575 1.181768060 0.108001888 -0.047069810 -0.075975619 0.990125120
1403637220388318976.000000 0.663836479 2.538577080 1.092949986 0.109961696 -0.045207463 -0.069340341 0.990483046
1403637220438319104.000000 0.658365309 2.495207071 1.002471089 0.110871628 -0.042687435 -0.064716280 0.990806282
1403637220488318976.000000 0.652305722 2.452348471 0.914157689 0.111476384 -0.041227467 -0.061143011 0.991027176
1403637220538319104.000000 0.645610809 2.410487175 0.827749670 0.112355068 -0.038345512 -0.057445906 0.991264820
1403637220588318976.000000 0.637862682 2.377161503 0.748245418 0.113173738 -0.036204454 -0.054031018 0.991444230
1403637220638319104.000000 0.629313052 2.337544441 0.666180849 0.112498589 -0.035943672 -0.054989491 0.991477907
1403637220688318976.000000 0.619681656 2.298800468 0.585657060 0.112279899 -0.036975659 -0.054618753 0.991485178
1403637220738319104.000000 0.609600067 2.260985851 0.506765425 0.111459889 -0.037075125 -0.055893011 0.991503000
1403637220788318976.000000 0.596997440 2.231475592 0.426974416 0.111332662 -0.038190339 -0.056206673 0.991457224
1403637220838319104.000000 0.585843325 2.195587158 0.352328777 0.111103058 -0.039153233 -0.056346748 0.991437495
1403637220888318976.000000 0.574235797 2.160969734 0.279992491 0.110311151 -0.039841197 -0.057147063 0.991452634
1403637220938319104.000000 0.561516523 2.127452135 0.209490061 0.109909512 -0.041059144 -0.057037659 0.991453946
1403637220988318976.000000 0.543726385 2.102015972 0.139633507 0.108961657 -0.042061012 -0.056674231 0.991537392
1403637221038319104.000000 0.528860092 2.071749926 0.073629603 0.105903618 -0.045026962 -0.057282515 0.991703451
1403637221088318976.000000 0.513597429 2.042277575 0.009786738 0.101799414 -0.046402607 -0.056151606 0.992134452
1403637221138319104.000000 0.497301191 2.013895750 -0.051641092 0.096368842 -0.049202502 -0.055303574 0.992589414
1403637221188318976.000000 0.475485086 1.991394162 -0.119876042 0.089799806 -0.050572366 -0.054530293 0.993179202
1403637221238319104.000000 0.458079398 1.965447903 -0.177211493 0.081868745 -0.051678944 -0.053184453 0.993880391
1403637221288318976.000000 0.440066695 1.940411925 -0.232351273 0.073543131 -0.051964168 -0.051874965 0.994585395
1403637221338319104.000000 0.423944622 1.913740277 -0.279025763 -0.066384107 0.051695012 0.049086269 -0.995244443
1403637221388318976.000000 0.395530403 1.894972563 -0.342546403 0.060224015 -0.051963598 -0.046872202 0.995728850
1403637221438319104.000000 0.375431955 1.871113539 -0.390939653 0.054882757 -0.050392173 -0.044218600 0.996239543
1403637221488318976.000000 0.354257822 1.847869635 -0.436977595 0.049940247 -0.051196806 -0.042788234 0.996520996
1403637221538319104.000000 0.331738651 1.826985955 -0.480748743 -0.046705898 0.051726099 0.039383691 -0.996790826
1403637221588318976.000000 0.305366457 1.805489540 -0.528644741 0.043028336 -0.052211091 -0.038023949 0.996983886
1403637221638319104.000000 0.282936186 1.784870267 -0.568142533 0.039595678 -0.052394807 -0.037320528 0.997143030
1403637221688318976.000000 0.259901047 1.764725566 -0.605394125 0.036895245 -0.053716876 -0.035673212 0.997236550
1403637221738319104.000000 0.236363918 1.744825244 -0.641855538 -0.034480166 0.053678595 0.034424819 -0.997368932
1403637221788318976.000000 0.206057414 1.726864696 -0.681268454 0.032577120 -0.053763621 -0.032866705 0.997480869
1403637221838319104.000000 0.182268202 1.708909631 -0.712174594 0.029732447 -0.054587979 -0.031331535 0.997574329
1403637221888318976.000000 0.158286408 1.691937327 -0.740755916 0.026080208 -0.055261794 -0.028751997 0.997717083
1403637221938319104.000000 0.133497193 1.676104307 -0.767976820 -0.020798773 0.055949830 0.025182419 -0.997899234
1403637221988318976.000000 0.104264289 1.662360430 -0.796365380 0.013286873 -0.055817105 -0.023176029 0.998083591
1403637222038319104.000000 0.079734541 1.649111032 -0.818696916 0.004067435 -0.055390902 -0.019815590 0.998259842
1403637222088318976.000000 0.054824583 1.637104273 -0.838746488 -0.006667374 -0.055963330 -0.016512614 0.998274088
1403637222138319104.000000 0.029005941 1.626423359 -0.858525515 0.017840175 0.055530131 0.012546798 -0.998218775
1403637222188318976.000000 -0.004229017 1.617136836 -0.877880692 -0.029948749 -0.054888502 -0.008608612 0.998006165
1403637222238319104.000000 -0.028510138 1.607934237 -0.893025041 -0.041202586 -0.051514249 -0.004913728 0.997809887
1403637222288318976.000000 -0.052931584 1.599445581 -0.906308889 -0.051347904 -0.047878750 -0.003224655 0.997527301
1403637222338319104.000000 -0.082436755 1.592381120 -0.919181287 -0.059505440 -0.041306138 -0.000665732 0.997372866
1403637222388318976.000000 -0.106651776 1.585138798 -0.930093288 -0.066856496 -0.034549043 0.001630868 0.997162938
1403637222438319104.000000 -0.129308805 1.578357577 -0.940264165 -0.073140569 -0.028118175 0.003092840 0.996920466
1403637222488318976.000000 -0.150410712 1.572393179 -0.951020837 0.078505784 0.022516137 -0.003301160 -0.996653914
1403637222538319104.000000 -0.174957305 1.565804601 -0.960881591 -0.082291923 -0.019503260 0.005488602 0.996402323
1403637222588318976.000000 -0.192309141 1.559905410 -0.972316265 -0.085612163 -0.018020799 0.006534673 0.996144176
1403637222638319104.000000 -0.207580864 1.554504275 -0.984375715 -0.088698559 -0.016123734 0.006088582 0.995909452
1403637222688318976.000000 -0.221446395 1.549373746 -0.996971130 -0.090835884 -0.016849060 0.005473167 0.995708346
1403637222738319104.000000 -0.239323512 1.545103312 -1.006985068 -0.091946118 -0.018036054 0.006480139 0.995579541
1403637222788318976.000000 -0.249531597 1.540495038 -1.020738006 -0.092951179 -0.021736484 0.006339880 0.995413244
1403637222838319104.000000 -0.257695615 1.536004782 -1.034902573 -0.093130514 -0.026411410 0.006642457 0.995281458
1403637222888318976.000000 -0.264299124 1.531399727 -1.049778581 0.092955686 0.031712472 -0.007400829 -0.995137572
1403637222938319104.000000 -0.272612363 1.528195143 -1.058090806 -0.092427231 -0.037924770 0.007706837 0.994967163
1403637222988318976.000000 -0.273894191 1.524711251 -1.071994901 -0.092000104 -0.042750716 0.007638217 0.994811594
1403637223038319104.000000 -0.273044318 1.521618962 -1.085030079 -0.091134742 -0.046326026 0.007970959 0.994728565
1403637223088318976.000000 -0.271118373 1.518560410 -1.096426487 0.090339921 0.048888933 -0.007582353 -0.994681418
1403637223138319104.000000 -0.266970247 1.517212987 -1.103838682 -0.089577757 -0.049709711 0.006822991 0.994715154
1403637223188318976.000000 -0.259121299 1.515476227 -1.114117384 -0.088455811 -0.049441338 0.006233287 0.994832814
1403637223238319104.000000 -0.248570278 1.514337540 -1.122980833 -0.087604068 -0.047618549 0.004906343 0.995004475
1403637223288318976.000000 -0.235392615 1.513831496 -1.130943894 -0.086613305 -0.043720756 0.003067471 0.995277464
1403637223338319104.000000 -0.219304368 1.512596369 -1.131488442 -0.085409343 -0.038709734 0.001191651 0.995593011
1403637223388318976.000000 -0.202537760 1.512553334 -1.137932897 -0.084485576 -0.034557320 -0.001131696 0.995824695
1403637223438319104.000000 -0.183951512 1.512643933 -1.143694401 -0.083101623 -0.030564247 -0.002244612 0.996069789
1403637223488318976.000000 -0.164002717 1.513180614 -1.147893906 0.082001083 0.027538262 0.003662311 -0.996245027
1403637223538319104.000000 -0.143508509 1.513139606 -1.150709987 -0.081347406 -0.024747651 -0.005011209 0.996365964
1403637223588318976.000000 -0.123729348 1.513845801 -1.154465556 -0.080719091 -0.022460667 -0.005811854 0.996466875
1403637223638319104.000000 -0.105401769 1.514734745 -1.157524228 -0.080355465 -0.020664435 -0.006691542 0.996529639
1403637223688318976.000000 -0.088846110 1.515792608 -1.159779072 -0.079897813 -0.019656021 -0.007077470 0.996584117
1403637223738319104.000000 -0.068083979 1.510528326 -1.158877730 -0.080165967 -0.019549105 -0.008265997 0.996555567
1403637223788318976.000000 -0.054942340 1.511768341 -1.159393787 -0.079796702 -0.018411741 -0.008211339 0.996607304
1403637223838319104.000000 -0.043426793 1.512968898 -1.159003258 -0.079659335 -0.017771475 -0.008663904 0.996626079
1403637223888318976.000000 -0.033286721 1.514127612 -1.158106327 -0.079728268 -0.016791221 -0.009313831 0.996631742
1403637223938319104.000000 -0.024205426 1.513884664 -1.155830383 -0.080171250 -0.016524801 -0.010778306 0.996585906
1403637223988318976.000000 -0.017597346 1.515202999 -1.153547287 -0.080044791 -0.016104093 -0.010265374 0.996608317
1403637224038319104.000000 -0.012644293 1.516408443 -1.151309133 -0.080180869 -0.015634583 -0.010082847 0.996606708
1403637224088318976.000000 -0.009350535 1.517404318 -1.148503065 -0.080107577 -0.015912276 -0.010026698 0.996608794
1403637224138319104.000000 -0.001896761 1.516276717 -1.142277122 -0.080791108 -0.015329224 -0.011264317 0.996549547
1403637224188318976.000000 -0.001613043 1.517043948 -1.138518810 -0.080804072 -0.015104471 -0.011236988 0.996552289
1403637224238319104.000000 -0.002797759 1.517452717 -1.134300590 -0.081226848 -0.014590346 -0.012246261 0.996513665
1403637224288318976.000000 -0.005471909 1.517801404 -1.129904985 -0.081410393 -0.013639076 -0.012687892 0.996506631
1403637224338319104.000000 -0.008653005 1.516843677 -1.123817563 -0.081444554 -0.013113874 -0.012496495 0.996513247
1403637224388318976.000000 -0.014233946 1.516494513 -1.118834615 -0.081705868 -0.013299681 -0.013287672 0.996479213
1403637224438319104.000000 -0.021128461 1.516026139 -1.113773346 -0.082401216 -0.013146201 -0.014478761 0.996407330
1403637224488318976.000000 -0.029470151 1.515124559 -1.108476758 -0.082498603 -0.012940758 -0.015058642 0.996393442
1403637224538319104.000000 -0.040575907 1.512175798 -1.099936366 -0.082939573 -0.011966291 -0.015715683 0.996358871
1403637224588318976.000000 -0.050515126 1.510462999 -1.094483018 -0.082704678 -0.011564265 -0.014824283 0.996396720
1403637224638319104.000000 -0.059602443 1.508110166 -1.089740753 -0.081675947 -0.010924979 -0.012327172 0.996522903
1403637224688318976.000000 -0.065153159 1.505262375 -1.083490491 -0.080106944 -0.010060008 -0.007831677 0.996704757
1403637224738319104.000000 -0.072458558 1.502432585 -1.080195785 -0.078628071 -0.011186621 -0.003305987 0.996835828
1403637224788318976.000000 -0.078288749 1.499756694 -1.077981353 -0.078161187 -0.011592622 -0.001848249 0.996871650
1403637224838319104.000000 -0.082363084 1.497551680 -1.077461958 0.078372255 0.012197386 0.002013211 -0.996847570
1403637224888318976.000000 -0.087050259 1.495906830 -1.079124331 0.079230979 0.010959857 0.004590113 -0.996785522
1403637224938319104.000000 -0.087124787 1.492900252 -1.066659570 -0.080748171 -0.010392130 -0.007934639 0.996648848
1403637224988318976.000000 -0.093077764 1.491389275 -1.066696882 -0.081515387 -0.010090750 -0.010226538 0.996568561
1403637225038319104.000000 -0.100395709 1.489714265 -1.066708207 -0.081887409 -0.010023086 -0.011537221 0.996524394
1403637225088318976.000000 -0.108764194 1.487842798 -1.066485524 -0.082492784 -0.010045520 -0.013326247 0.996451974
1403637225138319104.000000 -0.116712704 1.484954476 -1.062098265 -0.082734682 -0.008801588 -0.014600649 0.996425807
1403637225188318976.000000 -0.128135562 1.482277036 -1.061820626 -0.082605854 -0.008280152 -0.014934885 0.996436000
1403637225238319104.000000 -0.143351838 1.479250908 -1.065409660 0.082290359 0.007468737 0.015695948 -0.996456861
1403637225288318976.000000 -0.154587030 1.476340413 -1.062045693 0.081556305 0.007690977 0.015034903 -0.996525705
1403637225338319104.000000 -0.166692764 1.470282912 -1.049226403 -0.081521727 -0.006542488 -0.015803577 0.996524811
1403637225388318976.000000 -0.177233711 1.465751529 -1.049278975 -0.081148729 -0.005620673 -0.016207254 0.996554434
1403637225438319104.000000 -0.186247826 1.460741282 -1.051369190 -0.080546431 -0.004270333 -0.016689157 0.996601999
1403637225488318976.000000 -0.193879858 1.454618454 -1.054160118 0.080328725 0.003725293 0.017023657 -0.996616125
1403637225538319104.000000 -0.200555161 1.447667718 -1.056169271 -0.080036186 -0.004082042 -0.017886043 0.996623099
1403637225588318976.000000 -0.204777226 1.440421104 -1.062010288 -0.079398073 -0.005496402 -0.017872050 0.996667624
1403637225638319104.000000 -0.207126245 1.432536840 -1.069001317 -0.079279877 -0.007372787 -0.018623196 0.996651173
1403637225688318976.000000 -0.206470504 1.424375176 -1.075106859 0.078965418 0.011422057 0.017690968 -0.996654987
1403637225738319104.000000 -0.213839173 1.412943602 -1.080004573 -0.079070173 -0.013486929 -0.018459201 0.996606946
1403637225788318976.000000 -0.210328296 1.403535128 -1.087673545 -0.079103038 -0.017445279 -0.018410910 0.996543825
1403637225838319104.000000 -0.204539195 1.393383741 -1.095719457 -0.078834094 -0.020948417 -0.017359134 0.996516526
1403637225888318976.000000 -0.195847079 1.382631302 -1.103808165 -0.078591555 -0.023595449 -0.017321505 0.996477127
1403637225938319104.000000 -0.189770818 1.369519591 -1.112201571 -0.078152299 -0.021040063 -0.017551139 0.996564925
1403637225988318976.000000 -0.176957980 1.357661247 -1.120733619 -0.077961877 -0.017302485 -0.017747108 0.996648252
1403637226038319104.000000 -0.162189215 1.345180392 -1.128990889 -0.077452332 -0.012968428 -0.017823055 0.996752441
1403637226088318976.000000 -0.148801699 1.332092643 -1.136797667 0.077352017 0.009999935 0.018158996 -0.996788383
1403637226138319104.000000 -0.144505903 1.314548254 -1.148066044 -0.077210218 -0.006860179 -0.018052906 0.996827781
1403637226188318976.000000 -0.134120852 1.301112056 -1.155359626 -0.077293664 -0.005448553 -0.018159062 0.996828079
1403637226238319104.000000 -0.125396520 1.287270904 -1.162761092 -0.077234425 -0.004285548 -0.018351046 0.996834934
1403637226288318976.000000 -0.118786231 1.273175597 -1.170308828 -0.077657998 -0.005543448 -0.019093575 0.996781766
1403637226338319104.000000 -0.117252037 1.257397175 -1.180243969 -0.077896342 -0.009050780 -0.019219665 0.996735156
1403637226388318976.000000 -0.113618813 1.242876887 -1.187520742 -0.078268349 -0.014173477 -0.019776143 0.996635437
1403637226438319104.000000 -0.111607343 1.227979779 -1.194447637 -0.078735612 -0.021497233 -0.019731902 0.996468425
1403637226488318976.000000 -0.110632107 1.212418795 -1.200952291 -0.078696594 -0.027284397 -0.018965332 0.996344745
1403637226538319104.000000 -0.113467142 1.193851471 -1.216034293 -0.078962512 -0.030920958 -0.019381821 0.996209383
1403637226588318976.000000 -0.114057906 1.177847028 -1.221273065 -0.079394557 -0.034614660 -0.020338932 0.996034503
1403637226638319104.000000 -0.115345888 1.161390066 -1.225325584 -0.079415679 -0.036332037 -0.020452552 0.995969296
1403637226688318976.000000 -0.117833920 1.144441485 -1.228423119 -0.079349928 -0.037360113 -0.019866155 0.995948374
1403637226738319104.000000 -0.120424256 1.125689864 -1.233924270 -0.078908660 -0.038203798 -0.018729603 0.995973468
1403637226788318976.000000 -0.124918565 1.108056307 -1.234127045 -0.078373514 -0.038613994 -0.018124770 0.996011138
1403637226838319104.000000 -0.130225837 1.090345502 -1.233092308 -0.078440271 -0.038115583 -0.018082194 0.996025860
1403637226888318976.000000 -0.136223033 1.072049737 -1.230602622 -0.077835970 -0.037682235 -0.015666850 0.996130645
1403637226938319104.000000 -0.139607295 1.054279208 -1.236750841 -0.076736227 -0.036619768 -0.011807304 0.996308804
1403637226988318976.000000 -0.146237627 1.035988688 -1.231524587 -0.075411074 -0.034541965 -0.006825010 0.996530712
1403637227038319104.000000 -0.152873978 1.017894149 -1.224973202 -0.073030718 -0.031863555 0.000993720 0.996820033
1403637227088318976.000000 -0.158869877 1.000416279 -1.218116999 -0.070969388 -0.028971214 0.008592079 0.997020662
1403637227138319104.000000 -0.159287140 0.984427273 -1.220141530 -0.069028944 -0.026312523 0.015623351 0.997145236
1403637227188318976.000000 -0.161780760 0.969211221 -1.213181615 -0.068819195 -0.025117068 0.017945047 0.997151494
1403637227238319104.000000 -0.162003979 0.955264986 -1.206670403 -0.069148995 -0.023835316 0.018733272 0.997145593
1403637227288318976.000000 -0.159981295 0.942693710 -1.201237321 -0.071326308 -0.023495924 0.014248738 0.997074485
1403637227338319104.000000 -0.151966989 0.932373047 -1.203357935 -0.073269635 -0.024280392 0.009979607 0.996966660
1403637227388318976.000000 -0.147009924 0.922088504 -1.198137522 -0.075541407 -0.024339212 0.005992013 0.996827602
1403637227438319104.000000 -0.142734960 0.912560940 -1.192188978 -0.077391803 -0.026146268 0.002315487 0.996655166
1403637227488318976.000000 -0.139166579 0.903685689 -1.185489655 -0.078563601 -0.026777726 0.000782824 0.996549129
1403637227538319104.000000 -0.132771015 0.897379041 -1.187829256 -0.079406165 -0.027268613 0.000740038 0.996469080
1403637227588318976.000000 -0.132571086 0.889746189 -1.180212975 -0.079695411 -0.028169101 0.002182976 0.996418834
1403637227638319104.000000 -0.133510351 0.882737219 -1.171735168 -0.079083316 -0.027771682 0.005688550 0.996464849
1403637227688318976.000000 -0.135549024 0.876459599 -1.162412763 -0.078955390 -0.028568186 0.008146337 0.996435463
1403637227738319104.000000 -0.133975878 0.872376263 -1.158415914 -0.078209281 -0.028749954 0.010683916 0.996465087
1403637227788318976.000000 -0.137267902 0.867766678 -1.148414850 -0.077736229 -0.028726246 0.013367751 0.996470392
1403637227838319104.000000 -0.140788510 0.864535034 -1.138185263 -0.079081029 -0.028108330 0.011256183 0.996408343
1403637227888318976.000000 -0.144300789 0.862043738 -1.127648115 -0.079530537 -0.023739090 0.009416215 0.996505260
1403637227938319104.000000 -0.144549787 0.862278283 -1.121010303 -0.080976106 -0.018398682 0.004729454 0.996535003
1403637227988318976.000000 -0.149165526 0.861281276 -1.110222340 -0.081956089 -0.013731224 0.000795292 0.996541023
1403637228038319104.000000 -0.154075369 0.860688210 -1.099611998 -0.083121590 -0.008762937 -0.003938064 0.996493161
1403637228088318976.000000 -0.160037696 0.860036612 -1.089271188 -0.083331190 -0.006372792 -0.006091923 0.996482909
1403637228138319104.000000 -0.165483981 0.859874427 -1.080819726 -0.082509451 -0.003082796 -0.006626216 0.996563554
1403637228188318976.000000 -0.171726584 0.859067559 -1.072301149 -0.082138442 -0.001675221 -0.007837283 0.996588767
1403637228238319104.000000 -0.176785469 0.857810736 -1.065096498 -0.081220500 0.000489531 -0.008083677 0.996663272
1403637228288318976.000000 -0.179922327 0.856386662 -1.059405208 -0.081085332 0.001060984 -0.009446524 0.996661842
1403637228338319104.000000 -0.181616917 0.854418278 -1.055476189 -0.080287807 0.002231420 -0.008909713 0.996729434
1403637228388318976.000000 -0.182058394 0.852413118 -1.052766442 -0.080672175 0.001543628 -0.011706949 0.996670783
1403637228438319104.000000 -0.181392983 0.849915206 -1.051110983 -0.080419518 0.002318426 -0.012703515 0.996677458
1403637228488318976.000000 -0.179031566 0.846826553 -1.050978303 0.080940083 -0.003091474 0.014904663 -0.996602774
1403637228538319104.000000 -0.176808640 0.842112720 -1.051196575 -0.080988757 0.003994907 -0.016813142 0.996565223
1403637228588318976.000000 -0.172447562 0.837623298 -1.054315329 -0.081557900 0.004572011 -0.019179262 0.996473551
1403637228638319104.000000 -0.166699395 0.832217872 -1.058529139 -0.081574216 0.004237195 -0.020548165 0.996446431
1403637228688318976.000000 -0.160798311 0.826090336 -1.064145803 -0.081618853 0.000877699 -0.019967297 0.996463239
1403637228738319104.000000 -0.155370221 0.820276678 -1.071782470 -0.081207782 -0.003662017 -0.018059665 0.996526837
1403637228788318976.000000 -0.151741147 0.812715709 -1.078536987 -0.080028683 -0.008227338 -0.014232587 0.996657073
1403637228838319104.000000 -0.149345651 0.804779232 -1.085170150 -0.079274662 -0.012705822 -0.010699531 0.996714413
1403637228888318976.000000 -0.148022518 0.796863019 -1.091603041 -0.078484170 -0.015759351 -0.007241680 0.996764541
1403637228938319104.000000 -0.149128750 0.787180662 -1.091239572 -0.079004973 -0.016316282 -0.006852422 0.996717215
1403637228988318976.000000 -0.149053499 0.779677868 -1.097202778 -0.080422238 -0.015636645 -0.009815174 0.996589899
1403637229038319104.000000 -0.149862573 0.771827579 -1.103110433 -0.081427932 -0.014364476 -0.012520937 0.996497095
1403637229088318976.000000 -0.151058376 0.764155447 -1.109025598 0.082122505 0.011070882 0.014744500 -0.996451735
1403637229138319104.000000 -0.154395893 0.757980525 -1.115704060 -0.082717448 -0.007967906 -0.017070929 0.996395051
1403637229188318976.000000 -0.158170611 0.749426007 -1.121730924 -0.083412401 -0.006315585 -0.019391909 0.996306479
1403637229238319104.000000 -0.163393185 0.740378082 -1.127628326 -0.084115990 -0.005358742 -0.020305019 0.996234715
1403637229288318976.000000 -0.170070037 0.730936825 -1.133591294 -0.085821092 -0.005346208 -0.020755120 0.996080041
1403637229338319104.000000 -0.180728391 0.718444526 -1.130999923 -0.089044519 -0.006052514 -0.019821852 0.995812058
1403637229388318976.000000 -0.190110922 0.708492577 -1.136802673 -0.093013749 -0.009371033 -0.014677710 0.995512605
1403637229438319104.000000 -0.201977938 0.698402703 -1.143516183 -0.097831167 -0.015155237 -0.006347375 0.995067418
1403637229488318976.000000 -0.214893430 0.688375056 -1.150671721 -0.103744835 -0.020953042 0.005394581 0.994368613
1403637229538319104.000000 -0.228131384 0.678625584 -1.154932857 -0.110847957 -0.025775898 0.018728778 0.993326545
1403637229588318976.000000 -0.241237298 0.670075178 -1.161559224 -0.119849816 -0.030200699 0.031457648 0.991833866
1403637229638319104.000000 -0.254225194 0.663346231 -1.167543054 -0.130528957 -0.033282947 0.043977883 0.989909351
1403637229688318976.000000 -0.267393559 0.658741593 -1.172789812 -0.142758027 -0.035400059 0.055006284 0.987593770
1403637229738319104.000000 -0.281718105 0.655564904 -1.173195958 -0.157223195 -0.036030348 0.061572235 0.984983087
1403637229788318976.000000 -0.293785393 0.655299067 -1.177009702 -0.174656287 -0.034174774 0.060584314 0.982169509
1403637229838319104.000000 -0.305475175 0.656964600 -1.179735661 -0.192769036 -0.029829495 0.057994399 0.979074597
1403637229888318976.000000 -0.317003787 0.659820020 -1.181964278 -0.211162567 -0.025006233 0.054143678 0.975629866
1403637229938319104.000000 -0.329402715 0.663333416 -1.181267262 -0.229111373 -0.020467563 0.051615782 0.971815348
1403637229988318976.000000 -0.341036350 0.668012023 -1.181462049 -0.246213406 -0.015524614 0.050627518 0.967767954
1403637230038319104.000000 -0.353515267 0.672604084 -1.181207180 -0.262112528 -0.014703481 0.052632362 0.963488817
1403637230088318976.000000 -0.364951223 0.676381230 -1.181421041 -0.275779545 -0.015675977 0.059244651 0.959265351
1403637230138319104.000000 -0.376345515 0.678905606 -1.180706859 0.288232803 0.018616468 -0.067222819 -0.955016434
1403637230188318976.000000 -0.390516788 0.678904176 -1.183157682 -0.300026029 -0.020965457 0.073582418 0.950857818
1403637230238319104.000000 -0.397442222 0.682170272 -1.182753325 -0.310134113 -0.023031853 0.078019641 0.947206020
1403637230288318976.000000 -0.401494950 0.685536742 -1.181851387 -0.318894476 -0.025026949 0.080136701 0.944064736
1403637230338319104.000000 -0.403364867 0.688960314 -1.180244923 -0.325918734 -0.024986552 0.080937244 0.941595435
1403637230388318976.000000 -0.403036594 0.688124418 -1.182605028 -0.331267297 -0.022004183 0.082111068 0.939699769
1403637230438319104.000000 -0.400061786 0.691991746 -1.179494023 -0.336399734 -0.016847793 0.080647007 0.938108504
1403637230488318976.000000 -0.394960254 0.695625842 -1.176104307 -0.340246290 -0.010549086 0.078316763 0.937009990
1403637230538319104.000000 -0.388268530 0.698919177 -1.172837853 -0.343788862 -0.004064891 0.076665998 0.935903370
1403637230588318976.000000 -0.378477395 0.701517701 -1.169962406 0.348467678 -0.002691254 -0.074719340 -0.934333980
1403637230638319104.000000 -0.368261486 0.703782499 -1.167951584 0.353597730 -0.008990422 -0.076950341 -0.932183743
1403637230688318976.000000 -0.357842088 0.705272198 -1.166904449 0.359743297 -0.012747023 -0.079863980 -0.929539740
1403637230738319104.000000 -0.347167820 0.706015587 -1.166782975 0.366422325 -0.013431275 -0.086197883 -0.926349998
1403637230788318976.000000 -0.335993052 0.706092477 -1.167915702 0.373779148 -0.010966916 -0.094132081 -0.922663629
1403637230838319104.000000 -0.325465441 0.705992579 -1.169875383 0.381729752 -0.005716844 -0.105332166 -0.918234706
1403637230888318976.000000 -0.317677557 0.693200469 -1.188752532 -0.391683251 0.000193980 0.115250207 0.912853599
1403637230938319104.000000 -0.310216039 0.694086671 -1.191493273 -0.402558535 -0.004806296 0.125730693 0.906705797
1403637230988318976.000000 -0.304415882 0.695780516 -1.194801807 -0.414957404 -0.008809679 0.134502351 0.899801075
1403637231038319104.000000 -0.299665004 0.698064446 -1.198345304 -0.428901374 -0.011986944 0.142350480 0.891984463
1403637231088318976.000000 -0.294716120 0.699527323 -1.204847336 -0.443402886 -0.012552109 0.150270879 0.883546889
1403637231138319104.000000 -0.294973910 0.705049813 -1.207263231 -0.459220320 -0.013136227 0.157113418 0.874219418
1403637231188318976.000000 -0.298994184 0.712378979 -1.208626866 -0.474802703 -0.011308244 0.165962875 0.864228487
1403637231238319104.000000 -0.306650221 0.721455634 -1.209336877 -0.491578937 -0.009012227 0.173635200 0.853299320
1403637231288318976.000000 -0.316929311 0.724293113 -1.214572072 -0.508438528 -0.006318179 0.181576952 0.841712594
1403637231338319104.000000 -0.332427979 0.736018598 -1.214197755 -0.525934517 -0.002663197 0.188797578 0.829301715
1403637231388318976.000000 -0.351293921 0.749020100 -1.213541031 -0.544165254 0.001771839 0.194624662 0.816089690
1403637231438319104.000000 -0.374154598 0.763260841 -1.212323785 -0.561969399 0.006132562 0.201275349 0.802272379
1403637231488318976.000000 -0.397725105 0.774698853 -1.213635802 -0.578719258 0.010440774 0.210962802 0.787699103
1403637231538319104.000000 -0.429212511 0.790729761 -1.212136626 -0.595456958 0.013463704 0.221216634 0.772213042
1403637231588318976.000000 -0.464200020 0.807708979 -1.210897565 -0.611603022 0.015118963 0.231396288 0.756418586
1403637231638319104.000000 -0.501166463 0.825542927 -1.210965514 -0.628417611 0.015621381 0.238227427 0.740334392
1403637231688318976.000000 -0.534296751 0.841384292 -1.213903189 0.645154297 -0.015583243 -0.243191212 -0.724148571
1403637231738319104.000000 -0.569193006 0.861480355 -1.217923164 0.660407305 -0.017938128 -0.248295099 -0.708441913
1403637231788318976.000000 -0.602437317 0.883280396 -1.223987222 0.675137818 -0.020108135 -0.252085745 -0.692991674
1403637231838319104.000000 -0.634571314 0.905986786 -1.231854796 0.688114345 -0.021072332 -0.256880134 -0.678282559
1403637231888318976.000000 -0.663575172 0.927712679 -1.242555857 0.699546695 -0.020539228 -0.262360483 -0.664364040
1403637231938319104.000000 -0.690043747 0.951297283 -1.252009153 0.709668636 -0.022314537 -0.268214971 -0.651101589
1403637231988318976.000000 -0.715533614 0.976677775 -1.266416311 0.719608724 -0.024067305 -0.272355527 -0.638284087
1403637232038319104.000000 -0.737180710 1.004095316 -1.284185290 0.730264962 -0.031483501 -0.272467524 -0.625686288
1403637232088318976.000000 -0.756581545 1.032823682 -1.304978132 0.740961313 -0.040412460 -0.271232218 -0.613005936
1403637232138319104.000000 -0.772966921 1.061511159 -1.328273773 0.751299322 -0.048365533 -0.269755661 -0.600368261
1403637232188318976.000000 -0.793459356 1.087249875 -1.349277496 0.760435343 -0.055765957 -0.269562542 -0.588187397
1403637232238319104.000000 -0.809183121 1.113104582 -1.376965404 0.769158006 -0.058502652 -0.269681931 -0.576407135
1403637232288318976.000000 -0.823633313 1.138128757 -1.407205701 0.777780652 -0.059295703 -0.269376248 -0.564781189
1403637232338319104.000000 -0.836909473 1.161396384 -1.439334869 0.786674976 -0.059451897 -0.267585337 -0.553178191
1403637232388318976.000000 -0.848870039 1.183558106 -1.473278999 0.795959294 -0.058294367 -0.264705628 -0.541277647
1403637232438319104.000000 -0.865047216 1.204904914 -1.505511284 0.804007649 -0.058619354 -0.264225930 -0.529452682
1403637232488318976.000000 -0.876156330 1.224292636 -1.541934729 0.811035991 -0.060269989 -0.266322374 -0.517359316
1403637232538319104.000000 -0.887064338 1.242181540 -1.579018831 0.815319240 -0.064084336 -0.275763303 -0.505076706
1403637232588318976.000000 -0.897110462 1.258559465 -1.617289662 0.819404364 -0.066248477 -0.285806686 -0.492445171
1403637232638319104.000000 -0.909280539 1.272530437 -1.656555057 0.823387325 -0.068588428 -0.296116531 -0.479211837
1403637232688318976.000000 -0.920699835 1.288673878 -1.699546695 0.827423811 -0.071339317 -0.305208266 -0.465970397
1403637232738319104.000000 -0.929783940 1.300030231 -1.744083047 0.830822527 -0.072256841 -0.315097928 -0.453019083
1403637232788318976.000000 -0.938104331 1.309718728 -1.791567683 0.833883107 -0.073580407 -0.324407369 -0.440436989
1403637232838319104.000000 -0.945803106 1.318410039 -1.841952920 0.836600840 -0.070808306 -0.332237422 -0.429771423
1403637232888318976.000000 -0.952806532 1.326658249 -1.895873189 0.839123487 -0.066014037 -0.338514477 -0.420620918
1403637232938319104.000000 -0.963762581 1.339928627 -1.955474377 0.841035485 -0.060678512 -0.344259620 -0.412871450
1403637232988318976.000000 -0.969573379 1.347203970 -2.015608072 0.843034506 -0.054908816 -0.347397208 -0.406931341
1403637233038319104.000000 -0.975049973 1.354664326 -2.078914642 0.844366193 -0.048693396 -0.350448906 -0.402318567
1403637233088318976.000000 -0.980144382 1.363056540 -2.145554066 0.845389903 -0.042597026 -0.352742732 -0.398840904
1403637233138319104.000000 -0.986082673 1.372772336 -2.214958191 0.845766842 -0.036880471 -0.355109543 -0.396504223
1403637233188318976.000000 -1.001435280 1.390899777 -2.292251587 0.845020115 -0.031073574 -0.358900964 -0.395178020
1403637233238319104.000000 -1.011281967 1.403110027 -2.366043568 0.844242692 -0.027363574 -0.361806482 -0.394463748
1403637233288318976.000000 -1.023159623 1.417193055 -2.442059278 0.843094587 -0.022651436 -0.364748687 -0.394508332
1403637233338319104.000000 -1.036997437 1.433225274 -2.520369053 0.841524184 -0.019539703 -0.367905051 -0.395096421
1403637233388318976.000000 -1.053919077 1.453940392 -2.601188660 0.839597046 -0.015991140 -0.371386647 -0.396097392
1403637233438319104.000000 -1.081793070 1.479398966 -2.688199520 0.838411570 -0.011455573 -0.372864664 -0.397374868
1403637233488318976.000000 -1.105497956 1.503332019 -2.772775650 0.839247763 -0.003372544 -0.369426936 -0.398968279
1403637233538319104.000000 -1.131659508 1.530115604 -2.859276056 0.842411041 0.008388241 -0.359584540 -0.401213378
1403637233588318976.000000 -1.160194993 1.559481621 -2.946953297 0.848108113 0.022454407 -0.342694610 -0.403446317
1403637233638319104.000000 -1.191829443 1.593213558 -3.037606478 0.854585707 0.036262855 -0.322004259 -0.405809641
1403637233688318976.000000 -1.234634519 1.631084442 -3.124245644 0.860610425 0.047723237 -0.301694304 -0.407495767
1403637233738319104.000000 -1.270238996 1.672465324 -3.210558653 0.865634382 0.058078412 -0.283092231 -0.408855677
1403637233788318976.000000 -1.306306601 1.717894554 -3.294283390 0.869945824 0.066605628 -0.266630501 -0.409470707
1403637233838319104.000000 -1.342643619 1.767285824 -3.374620914 0.872904420 0.072742708 -0.254702151 -0.409723431
1403637233888318976.000000 -1.380187750 1.821141481 -3.453104258 0.875127912 0.077453770 -0.245416164 -0.409784228
1403637233938319104.000000 -1.421320915 1.883253574 -3.524682283 0.876339018 0.081718363 -0.239896923 -0.409635842
1403637233988318976.000000 -1.456669807 1.945021629 -3.592164040 0.877131701 0.085874416 -0.235909656 -0.409404844
1403637234038319104.000000 -1.490750551 2.010821581 -3.654773235 0.878343344 0.090684786 -0.229947641 -0.409161806
1403637234088318976.000000 -1.523722768 2.080374718 -3.711982727 0.879693568 0.094374798 -0.223370567 -0.409070045
1403637234138319104.000000 -1.555678010 2.153730869 -3.763167143 0.881324649 0.099664941 -0.215993673 -0.408265382
1403637234188318976.000000 -1.591292024 2.214482069 -3.795102835 0.883181095 0.103174917 -0.208943292 -0.407048970
1403637234238319104.000000 -1.620753765 2.295505285 -3.833158970 0.884270668 0.103328988 -0.205621138 -0.406335533
1403637234288318976.000000 -1.649291396 2.380263090 -3.864768982 0.885456085 0.100022666 -0.203379601 -0.405708939
1403637234338319104.000000 -1.676510453 2.469442844 -3.890154123 0.886241257 0.093724616 -0.202727720 -0.405824542
1403637234388318976.000000 -1.702385664 2.562033415 -3.909039021 0.886417389 0.084570400 -0.204167634 -0.406728089
1403637234438319104.000000 -1.728402495 2.657697678 -3.919911623 0.885756910 0.072501607 -0.206089228 -0.409518600
1403637234488318976.000000 -1.751293659 2.756367683 -3.926441193 0.884395599 0.062486541 -0.207074255 -0.413594216
1403637234538319104.000000 -1.769461632 2.840825319 -3.920504570 0.882615268 0.050476827 -0.206963390 -0.419056833
1403637234588318976.000000 -1.790694237 2.943249464 -3.916045666 0.879833817 0.039012700 -0.208184317 -0.425475955
1403637234638319104.000000 -1.811508298 3.046466351 -3.906851292 0.876736760 0.028950354 -0.208145544 -0.432631522
1403637234688318976.000000 -1.831984043 3.149795771 -3.893153667 0.873162568 0.020466341 -0.207682669 -0.440495461
1403637234738319104.000000 -1.852652669 3.253203869 -3.875139713 0.868610620 0.011219509 -0.209025875 -0.449108064
1403637234788318976.000000 -1.873793840 3.353875875 -3.850799561 0.863373220 0.001582531 -0.210633785 -0.458495080
1403637234838319104.000000 -1.886029840 3.448439121 -3.823224545 0.857940793 -0.006833465 -0.212020203 -0.467908531
1403637234888318976.000000 -1.904933453 3.549021482 -3.794401169 0.851269424 -0.016568046 -0.215772569 -0.478025317
1403637234938319104.000000 -1.921513915 3.647783279 -3.763128519 0.844640553 -0.024925068 -0.217209846 -0.488652229
1403637234988318976.000000 -1.936210871 3.744033098 -3.730427265 0.838409066 -0.029603824 -0.217806548 -0.498752743
1403637235038319104.000000 -1.948518157 3.837795734 -3.696749449 0.832971096 -0.030473633 -0.215635791 -0.508656740
1403637235088318976.000000 -1.949892640 3.914301872 -3.655979156 0.827358425 -0.029883521 -0.213220417 -0.518769860
1403637235138319104.000000 -1.958265305 4.004053116 -3.619819403 0.821419835 -0.028674820 -0.210611433 -0.529235423
1403637235188318976.000000 -1.963935614 4.091907978 -3.582896471 0.815570772 -0.027907981 -0.207473114 -0.539462984
1403637235238319104.000000 -1.967427135 4.176666260 -3.544686079 0.809886456 -0.027029349 -0.205472648 -0.548757076
1403637235288318976.000000 -1.968658805 4.258125305 -3.505144358 0.804592073 -0.024048276 -0.205274135 -0.556700885
1403637235338319104.000000 -1.958300829 4.333242416 -3.467744350 0.799407005 -0.019061035 -0.208145022 -0.563259184
1403637235388318976.000000 -1.957592726 4.411118507 -3.426583767 0.793884516 -0.014049851 -0.215007529 -0.568613887
1403637235438319104.000000 -1.954994321 4.487006187 -3.384416342 0.788246572 -0.009698555 -0.222120658 -0.573790729
1403637235488318976.000000 -1.950973272 4.561679840 -3.341439009 0.782331526 -0.004686997 -0.228827208 -0.579287052
1403637235538319104.000000 -1.944798946 4.635629654 -3.298013926 0.776461482 -0.001497304 -0.234521762 -0.584897399
1403637235588318976.000000 -1.926223040 4.699500084 -3.245569944 0.771960616 0.003366980 -0.236309871 -0.590104401
1403637235638319104.000000 -1.915154815 4.772957802 -3.202451944 0.767191410 0.005002899 -0.236569673 -0.596177220
1403637235688318976.000000 -1.901388764 4.846003532 -3.159195900 0.763161182 0.005383412 -0.233705893 -0.602443039
1403637235738319104.000000 -1.884859443 4.919661522 -3.116151333 0.760018706 0.004594789 -0.226727992 -0.609052539
1403637235788318976.000000 -1.865866303 4.993109703 -3.072865725 0.757915556 0.006056264 -0.215607598 -0.615662813
1403637235838319104.000000 -1.835825920 5.058250427 -3.021156311 0.756875038 0.008272895 -0.200022936 -0.622143567
1403637235888318976.000000 -1.811511755 5.128610134 -2.975002527 0.754392564 0.011114167 -0.186969176 -0.629135072
1403637235938319104.000000 -1.785006285 5.198245525 -2.926675797 0.751718581 0.016965779 -0.173304856 -0.636079252
1403637235988318976.000000 -1.757000446 5.266595840 -2.875058174 0.746763587 0.021047130 -0.166024819 -0.643690109
1403637236038319104.000000 -1.726120234 5.333948135 -2.820736408 0.741938293 0.025643351 -0.156896740 -0.651347458
1403637236088318976.000000 -1.687671900 5.401643753 -2.760812044 0.736095011 0.028762197 -0.152020887 -0.658958733
1403637236138319104.000000 -1.651164770 5.464966774 -2.699225903 0.729960322 0.031908091 -0.146359161 -0.666872442
1403637236188318976.000000 -1.611660004 5.526995659 -2.634181499 0.723041713 0.034994073 -0.142998159 -0.674935281
1403637236238319104.000000 -1.569184065 5.586924553 -2.565683842 0.716599107 0.036545571 -0.137819082 -0.682756305
1403637236288318976.000000 -1.523865819 5.645239353 -2.493247271 0.709042490 0.036219560 -0.135442957 -0.691087663
1403637236338319104.000000 -1.472446680 5.706819057 -2.420156717 -0.701384723 -0.035329301 0.132666171 0.699436247
1403637236388318976.000000 -1.421832919 5.759957314 -2.340311289 -0.693283916 -0.033141199 0.131210759 0.707843840
1403637236438319104.000000 -1.369087696 5.811164856 -2.257177114 -0.685311437 -0.030110734 0.131211430 0.715699077
1403637236488318976.000000 -1.314299941 5.860630512 -2.171045065 -0.677869141 -0.025397006 0.131513596 0.722878039
1403637236538319104.000000 -1.258237123 5.909327984 -2.082397938 -0.671783566 -0.021672083 0.131602421 0.728641212
1403637236588318976.000000 -1.200623035 5.966925621 -1.997957230 -0.667016923 -0.017773539 0.131416619 0.733145535
1403637236638319104.000000 -1.146007299 6.012113571 -1.904433966 -0.663965046 -0.013353951 0.128404886 0.736535370
1403637236688318976.000000 -1.092522025 6.055369377 -1.808406115 -0.660970092 -0.009957533 0.125968173 0.739696860
1403637236738319104.000000 -1.038853884 6.096477985 -1.709882975 -0.657885432 -0.003843969 0.121170141 0.743296623
1403637236788318976.000000 -0.984601974 6.134726524 -1.608996868 -0.653964400 0.001951446 0.116785951 0.747454286
1403637236838319104.000000 -0.928596795 6.181994438 -1.512449503 -0.648813367 0.009311025 0.113088928 0.752439678
1403637236888318976.000000 -0.870727420 6.214142323 -1.407899141 -0.642900467 0.018939197 0.108072169 0.758050680
1403637236938319104.000000 -0.811177015 6.242212296 -1.302508831 -0.637021244 0.029619221 0.102396563 0.763440669
1403637236988318976.000000 -0.750334084 6.266283512 -1.196815252 -0.632262826 0.040011149 0.095275804 0.767831624
1403637237038319104.000000 -0.688036680 6.287902832 -1.092109203 0.627654731 -0.052120887 -0.088598676 -0.771675646
1403637237088318976.000000 -0.623669922 6.311988831 -0.993475437 -0.623063028 0.063415103 0.082759365 0.775191605
1403637237138319104.000000 -0.558737993 6.320458889 -0.888030529 -0.617265821 0.075244188 0.078101106 0.779244184
1403637237188318976.000000 -0.492831498 6.323086739 -0.783231497 -0.610301137 0.084211923 0.076675653 0.783939838
1403637237238319104.000000 -0.426492214 6.318584919 -0.679742575 -0.602321863 0.089540787 0.076821946 0.789486706
1403637237288318976.000000 -0.359232992 6.310866356 -0.579791069 0.593564391 -0.091668926 -0.078602456 -0.795675755
1403637237338319104.000000 -0.296178937 6.298463821 -0.487322569 -0.586532414 0.091089815 0.079229578 0.800877750
1403637237388318976.000000 -0.227455974 6.275602818 -0.390296221 -0.579666018 0.091405489 0.081159756 0.805633664
1403637237438319104.000000 -0.158010006 6.246312141 -0.295939922 -0.573517919 0.092465483 0.082813650 0.809734046
1403637237488318976.000000 -0.088417590 6.210982323 -0.204550266 -0.568766296 0.091828071 0.083447106 0.813086212
1403637237538319104.000000 -0.018792987 6.173680782 -0.118709803 0.563693762 -0.092563309 -0.085596360 -0.816305518
1403637237588318976.000000 0.045739651 6.126844883 -0.033349991 -0.559531927 0.093240269 0.087849706 0.818848431
1403637237638319104.000000 0.117173374 6.075098038 0.048219919 -0.555382967 0.096001573 0.090943776 0.821013272
1403637237688318976.000000 0.188052237 6.018329620 0.126744270 -0.551394582 0.099199109 0.094197951 0.822952151
1403637237738319104.000000 0.257772982 5.956560135 0.201998472 -0.547840714 0.101462729 0.099319085 0.824446321
1403637237788318976.000000 0.314929366 5.891139507 0.278024912 -0.544764042 0.103465565 0.104658730 0.825574756
1403637237838319104.000000 0.379113495 5.821541786 0.347027540 -0.543211043 0.103222825 0.111861132 0.825683951
1403637237888318976.000000 0.439633965 5.748262405 0.413170338 -0.543158829 0.101571679 0.120228879 0.824746490
1403637237938319104.000000 0.496418715 5.671335220 0.475944757 -0.544492960 0.099851429 0.129345924 0.822694838
1403637237988318976.000000 0.543135166 5.589602470 0.539447308 -0.547610641 0.096879363 0.139138356 0.819376349
1403637238038319104.000000 0.592663765 5.507644653 0.596179724 -0.550921440 0.094048962 0.151219428 0.815336227
1403637238088318976.000000 0.638813257 5.423942089 0.649916172 -0.554442286 0.092344113 0.166618630 0.810126245
1403637238138319104.000000 0.682290673 5.339121819 0.700043201 -0.559441328 0.091122210 0.181097642 0.803695142
1403637238188318976.000000 0.716997385 5.254663467 0.750642538 -0.565433383 0.092268370 0.196072787 0.795818567
1403637238238319104.000000 0.754930735 5.167517662 0.792488575 -0.572377443 0.093784690 0.210946441 0.786822796
1403637238288318976.000000 0.790152192 5.079805851 0.829775572 -0.580159247 0.097050659 0.225971490 0.776487827
1403637238338319104.000000 0.822270751 4.991990089 0.862550735 -0.588644087 0.099776514 0.240587458 0.765284598
1403637238388318976.000000 0.849670887 4.906708717 0.892337799 -0.598954499 0.105200492 0.253065914 0.752425492
1403637238438319104.000000 0.875672936 4.818544388 0.914414883 -0.609584093 0.109725654 0.264800638 0.739086032
1403637238488318976.000000 0.898776293 4.730202198 0.930674553 -0.620994806 0.114467755 0.274609834 0.725156605
1403637238538319104.000000 0.918567777 4.641716480 0.940856934 -0.632683218 0.116966762 0.283484638 0.711102903
1403637238588318976.000000 0.931800365 4.555451393 0.947759628 0.643498778 -0.118914492 -0.292346537 -0.697353721
1403637238638319104.000000 0.944163084 4.465443611 0.947139740 0.650790453 -0.118714616 -0.305768669 -0.684751153
1403637238688318976.000000 0.953861594 4.376144409 0.940155983 0.656024873 -0.113402717 -0.320014149 -0.674063981
1403637238738319104.000000 0.960603237 4.287683487 0.926860332 0.658763349 -0.106165595 -0.335812718 -0.664822936
1403637238788318976.000000 0.963451743 4.206151962 0.908683777 0.660344899 -0.097320005 -0.351480573 -0.656456351
1403637238838319104.000000 0.964990735 4.121583939 0.881645203 0.660464108 -0.087746315 -0.367139459 -0.649073541
1403637238888318976.000000 0.964265108 4.040028572 0.846983433 0.659782529 -0.077367783 -0.381834328 -0.642575979
1403637238938319104.000000 0.961486101 3.962714672 0.804271460 0.658476293 -0.066474088 -0.395375937 -0.636920750
1403637238988318976.000000 0.955118418 3.892945766 0.755432606 0.657856107 -0.055571318 -0.405637473 -0.632135689
1403637239038319104.000000 0.949710131 3.826436520 0.695055485 0.659969091 -0.044513948 -0.408854514 -0.628726780
1403637239088318976.000000 0.943161726 3.766773224 0.625820875 0.664003670 -0.034068491 -0.406992078 -0.626335323
1403637239138319104.000000 0.936210871 3.714882851 0.547662497 0.672150731 -0.025780357 -0.397003293 -0.624449551
1403637239188318976.000000 0.926483989 3.668683052 0.465592861 0.682097316 -0.019938273 -0.383351952 -0.622404337
1403637239238319104.000000 0.917685986 3.629111290 0.373921871 0.692829430 -0.018039800 -0.368775010 -0.619408548
1403637239288318976.000000 0.906851530 3.594047070 0.277981281 0.702169061 -0.017955789 -0.357449353 -0.615521133
1403637239338319104.000000 0.893439293 3.563190699 0.178684235 0.710612118 -0.018672356 -0.349822611 -0.610168755
1403637239388318976.000000 0.876959324 3.536061764 0.077057123 0.718345225 -0.021179039 -0.345907092 -0.603224695
1403637239438319104.000000 0.853566527 3.511005878 -0.022258043 0.726006925 -0.023750035 -0.344226211 -0.594859779
1403637239488318976.000000 0.829134822 3.490300655 -0.128634214 0.734147787 -0.025878081 -0.343097419 -0.585355997
1403637239538319104.000000 0.800218582 3.472027063 -0.236687899 0.743175685 -0.028893305 -0.341370583 -0.574735761
1403637239588318976.000000 0.765824080 3.456324339 -0.345960140 0.752307832 -0.031133946 -0.340154737 -0.563345730
1403637239638319104.000000 0.725249290 3.440991879 -0.452838898 0.761671662 -0.032763597 -0.338971078 -0.551254511
1403637239688318976.000000 0.677508473 3.428808212 -0.562376261 0.771663070 -0.035652306 -0.336344451 -0.538644075
1403637239738319104.000000 0.629823208 3.419124365 -0.674970388 0.783190906 -0.037959669 -0.329475909 -0.525943696
1403637239788318976.000000 0.578794956 3.411153316 -0.788491726 0.795388222 -0.041421555 -0.320267707 -0.512903929
1403637239838319104.000000 0.524015665 3.404239178 -0.902252674 0.808573067 -0.042393815 -0.308336347 -0.499340683
1403637239888318976.000000 0.465845704 3.398746967 -1.013904572 0.820744514 -0.044034500 -0.298096627 -0.485363632
1403637239938319104.000000 0.400421739 3.390611649 -1.128007412 0.831569672 -0.046398036 -0.290503711 -0.471112341
1403637239988318976.000000 0.339174032 3.384595871 -1.240509748 0.842199206 -0.046875462 -0.283453971 -0.456242383
1403637240038319104.000000 0.276177883 3.378818035 -1.352424145 0.851684391 -0.047318090 -0.278877467 -0.441159964
1403637240088318976.000000 0.211981654 3.372345448 -1.462930441 0.859820545 -0.048729543 -0.277072161 -0.426104695
1403637240138319104.000000 0.146572351 3.362345695 -1.572761536 0.867084980 -0.048915770 -0.277698219 -0.410675913
1403637240188318976.000000 0.073640823 3.353161097 -1.679199696 0.873739123 -0.049576797 -0.278988868 -0.395331949
1403637240238319104.000000 0.007510185 3.342873573 -1.785912037 0.879113376 -0.048616387 -0.282707125 -0.380621731
1403637240288318976.000000 -0.059633613 3.332516670 -1.891352654 0.882640481 -0.046310797 -0.289985627 -0.367027968
1403637240338319104.000000 -0.126478434 3.322095394 -1.996007442 0.884767115 -0.041611392 -0.298053443 -0.355836898
1403637240388318976.000000 -0.191439152 3.309460878 -2.100273132 0.885864675 -0.035742857 -0.306940258 -0.346054912
1403637240438319104.000000 -0.254990578 3.298670769 -2.204601765 0.886491776 -0.027310286 -0.315076768 -0.337806493
1403637240488318976.000000 -0.316779375 3.288953304 -2.309494019 0.886733413 -0.020124296 -0.321778655 -0.331296533
1403637240538319104.000000 -0.389671922 3.283420086 -2.410037994 0.887222290 -0.014555613 -0.325943351 -0.326168418
1403637240588318976.000000 -0.447210312 3.277441978 -2.516828537 0.887783170 -0.012716291 -0.328129560 -0.322506368
1403637240638319104.000000 -0.502446651 3.273226261 -2.624094963 0.888614893 -0.010054338 -0.328345567 -0.320080727
1403637240688318976.000000 -0.555104494 3.270717144 -2.732222080 0.889551699 -0.007712356 -0.327165633 -0.318749189
1403637240738319104.000000 -0.606337309 3.268763304 -2.840726852 0.890492380 -0.007948071 -0.325617641 -0.317700148
1403637240788318976.000000 -0.660913944 3.271298885 -2.947425842 0.892207325 -0.007297696 -0.321097106 -0.317505270
1403637240838319104.000000 -0.706628203 3.274636269 -3.058570385 0.895680726 -0.005169146 -0.310799897 -0.318013966
1403637240888318976.000000 -0.750109315 3.280007362 -3.169948578 0.899187386 -0.007116433 -0.299553782 -0.318871289
1403637240938319104.000000 -0.791905165 3.287082195 -3.280746937 0.901989460 -0.007265756 -0.289898455 -0.319876820
1403637240988318976.000000 -0.841779113 3.296295166 -3.385985851 0.903584838 -0.007661751 -0.283489555 -0.321106821
1403637241038319104.000000 -0.883730531 3.305649996 -3.492356777 0.903442442 -0.008677208 -0.282477677 -0.322370827
1403637241088318976.000000 -0.927472115 3.316510677 -3.596101761 0.902120590 -0.010328616 -0.284564584 -0.324183464
1403637241138319104.000000 -0.972675204 3.328581095 -3.698005676 0.900908411 -0.010064355 -0.286238939 -0.326082975
1403637241188318976.000000 -1.022946715 3.336459160 -3.791935921 0.899986565 -0.009683134 -0.287124664 -0.327856541
1403637241238319104.000000 -1.070268154 3.350729465 -3.890447140 0.899902284 -0.006117267 -0.285666138 -0.329444200
1403637241288318976.000000 -1.118343711 3.366299152 -3.987208366 0.899730623 -0.001926189 -0.284468532 -0.330996662
1403637241338319104.000000 -1.166926980 3.383549929 -4.082171440 0.899863839 0.001013708 -0.282209039 -0.332569063
1403637241388318976.000000 -1.214144111 3.394366980 -4.167864323 0.900444150 0.006075826 -0.278860807 -0.333766669
1403637241438319104.000000 -1.263225675 3.414316893 -4.258243561 0.900660396 0.010653961 -0.276572227 -0.334970474
1403637241488318976.000000 -1.310428143 3.435765982 -4.346527100 0.901350677 0.015096096 -0.272919655 -0.335937589
1403637241538319104.000000 -1.355219126 3.459250927 -4.432891369 0.902751625 0.019557444 -0.266856700 -0.336815357
1403637241588318976.000000 -1.397644758 3.482888460 -4.516004562 0.903453112 0.022748975 -0.262757212 -0.337955147
1403637241638319104.000000 -1.430609345 3.503772259 -4.591424942 0.904349387 0.023361584 -0.258370340 -0.338897049
1403637241688318976.000000 -1.468060017 3.533539772 -4.670071125 0.905681789 0.022197036 -0.252322644 -0.339972317
1403637241738319104.000000 -1.502691746 3.564744949 -4.745301247 0.907033384 0.021320865 -0.246209592 -0.340905726
1403637241788318976.000000 -1.534900188 3.597382545 -4.816674709 0.908443153 0.019376574 -0.240363568 -0.341439486
1403637241838319104.000000 -1.553427935 3.621463299 -4.876833439 0.909591615 0.015605601 -0.235512674 -0.341955185
1403637241888318976.000000 -1.579437256 3.655886173 -4.940210819 0.910013437 0.007083099 -0.233046606 -0.342804164
1403637241938319104.000000 -1.602728963 3.690424681 -4.999255180 0.910248578 -0.005773855 -0.230517611 -0.343912631
1403637241988318976.000000 -1.623933077 3.725288868 -5.055131912 0.910535872 -0.015534562 -0.227825075 -0.344643146
1403637242038319104.000000 -1.635384321 3.754623413 -5.102825642 0.911123633 -0.021391666 -0.225208431 -0.344495863
1403637242088318976.000000 -1.651874065 3.787613869 -5.152082920 0.911595881 -0.021369275 -0.224516004 -0.343698859
1403637242138319104.000000 -1.666450739 3.819581509 -5.197881222 0.911783040 -0.017684236 -0.225253344 -0.342928648
1403637242188318976.000000 -1.678388000 3.850947380 -5.240267754 0.911913335 -0.011777117 -0.226601407 -0.341946244
1403637242238319104.000000 -1.686029553 3.880055904 -5.278862953 0.912168324 -0.006296652 -0.227155492 -0.341042161
1403637242288318976.000000 -1.678036571 3.903212070 -5.308237076 0.912543774 -0.001309744 -0.227453291 -0.339892954
1403637242338319104.000000 -1.684268117 3.933461666 -5.339586735 0.913554251 0.005041628 -0.225162968 -0.338666499
1403637242388318976.000000 -1.690436244 3.964089394 -5.366590500 0.914824665 0.011115022 -0.221473008 -0.337523431
1403637242438319104.000000 -1.697158933 3.995095730 -5.388787270 0.916189969 0.016274672 -0.217029095 -0.336495847
1403637242488318976.000000 -1.692962289 4.022224903 -5.401731968 0.917389810 0.020523850 -0.213409498 -0.335307568
1403637242538319104.000000 -1.699093699 4.053974152 -5.413872242 0.917905629 0.021789989 -0.210351706 -0.335747898
1403637242588318976.000000 -1.703028917 4.086969376 -5.420756817 0.917620480 0.020855874 -0.207402959 -0.338410705
1403637242638319104.000000 -1.704473734 4.120815277 -5.422181129 0.915907443 0.018608782 -0.206966117 -0.343412936
1403637242688318976.000000 -1.695770264 4.153533936 -5.417579174 0.913256884 0.015757943 -0.207536280 -0.350203246
1403637242738319104.000000 -1.691236615 4.188221931 -5.408739090 0.909713149 0.010767822 -0.208324924 -0.359035999
1403637242788318976.000000 -1.683477879 4.222879887 -5.395465374 0.905898035 0.003273457 -0.209586456 -0.367983133
1403637242838319104.000000 -1.671655893 4.256795406 -5.378405571 0.902832925 -0.004060706 -0.208520010 -0.376026154
1403637242888318976.000000 -1.648340106 4.289985180 -5.357447147 0.899880171 -0.010144733 -0.208089575 -0.383160084
1403637242938319104.000000 -1.631776810 4.321804047 -5.333247662 0.898038208 -0.013359807 -0.204731151 -0.389145374
1403637242988318976.000000 -1.612914681 4.352623940 -5.306080818 0.896526754 -0.015277665 -0.201494619 -0.394216180
1403637243038319104.000000 -1.593038201 4.382764339 -5.275903225 0.894917965 -0.013357542 -0.200768307 -0.398290813
1403637243088318976.000000 -1.567588329 4.411285877 -5.242434502 0.893647432 -0.009099004 -0.200793028 -0.401240230
1403637243138319104.000000 -1.548086643 4.439235687 -5.204351902 0.892428696 -0.004742388 -0.201603472 -0.403614551
1403637243188318976.000000 -1.529610872 4.466676235 -5.162125111 0.890383542 -0.002702555 -0.206457704 -0.405691057
1403637243238319104.000000 -1.511768818 4.493422985 -5.115997314 0.887958705 -0.002410368 -0.213058338 -0.407590210
1403637243288318976.000000 -1.490681767 4.521414280 -5.066942692 0.885921419 -0.003237369 -0.218797669 -0.408974886
1403637243338319104.000000 -1.473619819 4.547508717 -5.014505386 0.884124458 -0.004157704 -0.223805249 -0.410143822
1403637243388318976.000000 -1.457097173 4.573207378 -4.959135056 0.882920802 -0.005865619 -0.227275759 -0.410806865
1403637243438319104.000000 -1.440741181 4.598251343 -4.900884628 0.882062733 -0.008253080 -0.230289847 -0.410930544
1403637243488318976.000000 -1.421701312 4.622400761 -4.840963840 0.881753385 -0.008880603 -0.231154650 -0.411095828
1403637243538319104.000000 -1.402092576 4.646328926 -4.778477669 0.881002128 -0.010712539 -0.234051898 -0.411023438
1403637243588318976.000000 -1.381605268 4.669440269 -4.713599205 0.879241705 -0.012933142 -0.240201801 -0.411181122
1403637243638319104.000000 -1.358963966 4.692355633 -4.647881031 0.877523065 -0.015189495 -0.246249467 -0.411198080
1403637243688318976.000000 -1.333191991 4.718674183 -4.586237907 0.875323713 -0.016538030 -0.253914982 -0.411171645
1403637243738319104.000000 -1.304838538 4.741077423 -4.520166397 0.874042213 -0.020063708 -0.258969754 -0.410587877
1403637243788318976.000000 -1.274904490 4.763422489 -4.454185963 0.871463418 -0.024807099 -0.267614067 -0.410266966
1403637243838319104.000000 -1.243043900 4.785091400 -4.388579369 0.868550301 -0.031819612 -0.276643842 -0.409970939
1403637243888318976.000000 -1.208180904 4.807358742 -4.328061581 0.866467595 -0.035637040 -0.283655077 -0.409272283
1403637243938319104.000000 -1.171704054 4.826645851 -4.264875412 0.864604414 -0.040623348 -0.289458960 -0.408683956
1403637243988318976.000000 -1.132900238 4.844919205 -4.203796387 0.864273012 -0.042000994 -0.291625589 -0.407704055
1403637244038319104.000000 -1.092057228 4.862352848 -4.145182133 0.864470899 -0.042454474 -0.292424887 -0.406663835
1403637244088318976.000000 -1.051223278 4.884421349 -4.095277309 0.864855647 -0.042776123 -0.292672575 -0.405632585
1403637244138319104.000000 -1.007523775 4.899478436 -4.040389061 0.865580022 -0.041379843 -0.292389482 -0.404434741
1403637244188318976.000000 -0.962846041 4.914227009 -3.987654209 0.866704106 -0.041155841 -0.290735513 -0.403240860
1403637244238319104.000000 -0.917004108 4.928335190 -3.936788082 0.867544472 -0.041285928 -0.289835155 -0.402066767
1403637244288318976.000000 -0.871289015 4.942410469 -3.887724400 0.867360175 -0.041423433 -0.291196316 -0.401466250
1403637244338319104.000000 -0.824711323 4.959763527 -3.847343445 0.867145360 -0.040789671 -0.293095469 -0.400612324
1403637244388318976.000000 -0.777367115 4.971414566 -3.800378799 0.865924656 -0.040683959 -0.296104312 -0.401050627
1403637244438319104.000000 -0.729152679 4.982336998 -3.754958630 0.864493608 -0.038903467 -0.298082620 -0.402845114
1403637244488318976.000000 -0.680009127 4.993449211 -3.711811543 0.863175750 -0.035256509 -0.298360944 -0.405789971
1403637244538319104.000000 -0.630840063 5.012412071 -3.678056240 0.862056196 -0.028779797 -0.296119124 -0.410297960
1403637244588318976.000000 -0.582544804 5.024064064 -3.637634754 0.860412478 -0.021678140 -0.294088662 -0.415610731
1403637244638319104.000000 -0.535882711 5.036258698 -3.597914696 0.858370245 -0.014176602 -0.291906953 -0.421651512
1403637244688318976.000000 -0.490941048 5.049334049 -3.558491707 0.855714798 -0.008487561 -0.290061384 -0.428421080
1403637244738319104.000000 -0.450662136 5.069095135 -3.525619984 0.852632880 -0.004192315 -0.288780719 -0.435437024
1403637244788318976.000000 -0.409188747 5.084700584 -3.486958504 0.849989533 -0.001182779 -0.287546307 -0.441399574
1403637244838319104.000000 -0.369109631 5.101502895 -3.448530674 0.847578585 0.000838187 -0.286604732 -0.446618050
1403637244888318976.000000 -0.330436468 5.119646549 -3.410565853 0.845245481 0.002035969 -0.285837471 -0.451500773
1403637244938319104.000000 -0.295277596 5.144709587 -3.377996922 0.842577994 0.001912725 -0.286964238 -0.455752492
1403637244988318976.000000 -0.259631634 5.166305542 -3.340591908 0.839936733 0.001151590 -0.289187074 -0.459212214
1403637245038319104.000000 -0.225945473 5.189119816 -3.303308487 0.836777151 -0.002158377 -0.294522285 -0.461579949
1403637245088318976.000000 -0.194470406 5.213148594 -3.266371727 0.832343936 -0.007928506 -0.303672493 -0.463598728
1403637245138319104.000000 -0.169583321 5.240651131 -3.232726097 0.827967107 -0.012531853 -0.312688112 -0.465338200
1403637245188318976.000000 -0.141711950 5.267968655 -3.199623585 0.824918389 -0.014193927 -0.319535345 -0.466052979
1403637245238319104.000000 -0.114296198 5.296963215 -3.169558048 0.824852943 -0.012036096 -0.318799108 -0.466733336
1403637245288318976.000000 -0.087616205 5.327480316 -3.141993999 0.826837063 -0.008970971 -0.313486069 -0.466890186
1403637245338319104.000000 -0.062709808 5.361938953 -3.116944790 0.829193234 -0.004012004 -0.307467461 -0.466782987
1403637245388318976.000000 -0.043620586 5.394473076 -3.091084957 0.831005871 -0.001439544 -0.302164793 -0.467037052
1403637245438319104.000000 -0.021132708 5.430608749 -3.067420006 0.831997454 0.001449246 -0.297711730 -0.468130320
1403637245488318976.000000 -0.000094891 5.468788147 -3.043904781 0.831815720 0.003701349 -0.294578582 -0.470417351
1403637245538319104.000000 0.019489527 5.508839130 -3.020566940 0.830350280 0.004470056 -0.292785197 -0.474104762
1403637245588318976.000000 0.037555218 5.548774719 -2.997157097 0.828659892 0.006638028 -0.290189356 -0.478611499
1403637245638319104.000000 0.045814276 5.591854095 -2.972885132 0.825391769 0.007230210 -0.289613038 -0.484562248
1403637245688318976.000000 0.061106205 5.635868549 -2.949431419 0.821855068 0.008758540 -0.288269132 -0.491302878
1403637245738319104.000000 0.075424433 5.681950569 -2.926107883 0.818104327 0.007697971 -0.285098106 -0.499364823
1403637245788318976.000000 0.088773489 5.730073929 -2.902895927 0.814396858 0.004411650 -0.278649181 -0.509011805
1403637245838319104.000000 0.100800037 5.777647495 -2.877677441 0.810816526 0.000494680 -0.268442124 -0.520110726
1403637245888318976.000000 0.105216026 5.830938816 -2.854871273 0.805856228 -0.002954751 -0.259168178 -0.532371044
1403637245938319104.000000 0.114922762 5.880815029 -2.829435349 0.799253821 -0.006196575 -0.251206487 -0.545939863
1403637245988318976.000000 0.123329163 5.930490494 -2.802952766 0.791542470 -0.007697348 -0.243344918 -0.560521781
1403637246038319104.000000 0.130828381 5.980462074 -2.775729179 0.782471657 -0.008497084 -0.235925168 -0.576198995
1403637246088318976.000000 0.132235289 6.035420895 -2.748373985 0.771866858 -0.010014790 -0.228868097 -0.593077362
1403637246138319104.000000 0.137427092 6.085013390 -2.718985558 0.760235846 -0.010325065 -0.221562073 -0.610610545
1403637246188318976.000000 0.141513348 6.133729935 -2.688519955 0.747248948 -0.010545638 -0.214966506 -0.628726721
1403637246238319104.000000 0.144269228 6.181955338 -2.656990051 0.733231544 -0.011353060 -0.208399132 -0.647157252
1403637246288318976.000000 0.142536640 6.236186981 -2.625068665 0.718331099 -0.010303756 -0.201754257 -0.665724814
1403637246338319104.000000 0.143920660 6.282762527 -2.591625452 0.702866316 -0.009713187 -0.193486556 -0.684432387
1403637246388318976.000000 0.144727468 6.328259468 -2.557528734 0.687332153 -0.007384033 -0.183949128 -0.702625632
1403637246438319104.000000 0.144897580 6.372867584 -2.522542715 0.671879828 -0.003811407 -0.172974735 -0.720168591
1403637246488318976.000000 0.141505599 6.425604820 -2.486131668 -0.656790972 0.001956398 0.160905212 0.736703098
1403637246538319104.000000 0.139069080 6.467901230 -2.448595762 -0.641360402 0.002573874 0.150121078 0.752405465
1403637246588318976.000000 0.136267781 6.508213997 -2.410104752 -0.626832962 0.003065807 0.137531936 0.766913295
1403637246638319104.000000 0.132358491 6.546393871 -2.370193958 -0.611514330 0.005258359 0.127602592 0.780858696
1403637246688318976.000000 0.129223764 6.591617584 -2.327561378 -0.596587777 0.009405485 0.116908289 0.793931365
1403637246738319104.000000 0.125727594 6.624867439 -2.284750223 -0.581656873 0.010719054 0.107419103 0.806239188
1403637246788318976.000000 0.123782873 6.654797077 -2.241136312 -0.566235542 0.012741223 0.099743672 0.818086922
1403637246838319104.000000 0.122993350 6.680663109 -2.197224140 -0.550922275 0.013475467 0.092473701 0.829307973
1403637246888318976.000000 0.125920355 6.711166859 -2.151505947 -0.535575688 0.012272947 0.087200716 0.839883387
1403637246938319104.000000 0.127947450 6.730136871 -2.106924772 -0.520407200 0.008865573 0.085494399 0.849581361
1403637246988318976.000000 0.131608576 6.746093273 -2.062088490 -0.506976664 0.002593558 0.085117824 0.857742965
1403637247038319104.000000 0.136777848 6.759062290 -2.017279148 -0.495208651 -0.002306870 0.086384743 0.864465654
1403637247088318976.000000 0.145139277 6.779389381 -1.967093706 -0.485338241 -0.008002101 0.089606836 0.869685829
1403637247138319104.000000 0.150098026 6.788268089 -1.921041369 -0.476967067 -0.012229337 0.094171859 0.873776078
1403637247188318976.000000 0.153911889 6.795604706 -1.874387145 -0.470801830 -0.015937308 0.097242415 0.876718700
1403637247238319104.000000 0.155980676 6.803494453 -1.826649785 0.465696454 0.017561320 -0.101264887 -0.878956079
1403637247288318976.000000 0.156953752 6.808509827 -1.778647661 0.462482899 0.016537448 -0.102735087 -0.880500853
1403637247338319104.000000 0.158076108 6.812411308 -1.730155945 0.461124152 0.010579430 -0.101304956 -0.881470323
1403637247388318976.000000 0.160521179 6.815711021 -1.681031823 0.461732179 -0.001614535 -0.094832294 -0.881934106
1403637247438319104.000000 0.172071546 6.832118988 -1.621528268 -0.462810010 0.014472030 0.088351749 0.881924868
1403637247488318976.000000 0.171957135 6.833122253 -1.571424484 -0.463489115 0.022338638 0.085878983 0.881648242
1403637247538319104.000000 0.169814408 6.832116604 -1.521034718 -0.463658482 0.024269026 0.084042691 0.881685138
1403637247588318976.000000 0.165930897 6.828514099 -1.470314026 -0.462412447 0.024216104 0.082471229 0.882489085
1403637247638319104.000000 0.162449688 6.825427532 -1.418636799 0.460195810 -0.023139670 -0.079980835 -0.883904636
1403637247688318976.000000 0.157493263 6.817567348 -1.368005991 0.458047181 -0.021795049 -0.073350683 -0.885628283
1403637247738319104.000000 0.163199157 6.814849854 -1.308137059 -0.455163360 0.019564265 0.066675819 0.887692451
1403637247788318976.000000 0.158654422 6.801427841 -1.257797241 -0.451660067 0.016458256 0.059392944 0.890058875
1403637247838319104.000000 0.156298578 6.784674644 -1.207497358 -0.447019488 0.015317593 0.052470744 0.892852724
1403637247888318976.000000 0.155890316 6.763969421 -1.157015443 -0.440366000 0.016244976 0.050215147 0.896265805
1403637247938319104.000000 0.158849686 6.741666794 -1.103825331 0.431921273 -0.020796116 -0.049791526 -0.900295675
1403637247988318976.000000 0.173133105 6.717559814 -1.050821543 -0.423093945 0.025028510 0.050795171 0.904314637
1403637248038319104.000000 0.176068306 6.686284065 -1.000997782 -0.413451880 0.024584457 0.053812947 0.908601880
1403637248088318976.000000 0.180093408 6.652026176 -0.952014565 -0.404248208 0.019567816 0.055728488 0.912740350
1403637248138319104.000000 0.185214579 6.615203857 -0.903818905 -0.394740820 0.014063845 0.058298085 0.916833282
1403637248188318976.000000 0.197293222 6.580366135 -0.854123116 -0.386267632 0.008001884 0.060574047 0.920360863
1403637248238319104.000000 0.200866401 6.540949821 -0.805997133 -0.379632324 0.001699114 0.061257362 0.923105657
1403637248288318976.000000 0.203239530 6.500206470 -0.757449985 -0.373033017 -0.000546685 0.064346388 0.925583959
1403637248338319104.000000 0.204164326 6.458740234 -0.708686113 -0.368538529 -0.003117427 0.063784473 0.927416444
1403637248388318976.000000 0.214600444 6.417719841 -0.658957124 -0.364940435 -0.003497110 0.064534448 0.928785026
1403637248438319104.000000 0.213307291 6.374985695 -0.609193087 -0.362131953 -0.001846023 0.065212213 0.929841101
1403637248488318976.000000 0.211391255 6.331558228 -0.559662700 -0.360662997 0.000442586 0.063972175 0.930499673
1403637248538319104.000000 0.209884644 6.287546158 -0.510285199 -0.359851509 0.006007708 0.062153772 0.930917680
1403637248588318976.000000 0.214431569 6.244035244 -0.462469876 -0.359770358 0.009519789 0.059926312 0.931065857
1403637248638319104.000000 0.215209126 6.197813988 -0.414566219 -0.360362530 0.009812660 0.058743313 0.930909157
1403637248688318976.000000 0.216722876 6.149803162 -0.367819607 -0.361052096 0.006559554 0.059477746 0.930623889
1403637248738319104.000000 0.220012486 6.100394249 -0.322225034 -0.362039685 0.002068254 0.060896967 0.930169165
1403637248788318976.000000 0.229986221 6.048296452 -0.281595647 -0.363377869 -0.003178207 0.062407155 0.929543853
1403637248838319104.000000 0.237793863 5.996081829 -0.237922609 -0.364761353 -0.006399913 0.064440049 0.928846478
1403637248888318976.000000 0.247460976 5.942939758 -0.194365323 -0.366085380 -0.008562970 0.066818029 0.928139806
1403637248938319104.000000 0.259338796 5.889248848 -0.151073217 -0.367143095 -0.009274581 0.069584727 0.927511752
1403637248988318976.000000 0.274460435 5.835261345 -0.110226989 -0.368355751 -0.010125498 0.071877807 0.926846921
1403637249038319104.000000 0.289955258 5.780626297 -0.067828178 -0.370017707 -0.009780074 0.072015122 0.926177740
1403637249088318976.000000 0.307180554 5.725630760 -0.025216818 -0.371651024 -0.010409638 0.072348177 0.925490677
1403637249138319104.000000 0.326364875 5.670294762 0.017444491 -0.372983903 -0.009555654 0.072680220 0.924937487
1403637249188318976.000000 0.347338021 5.614196777 0.059634686 0.374096006 0.010207922 -0.072967619 -0.924458623
1403637249238319104.000000 0.365945458 5.550168037 0.091410160 -0.374938965 -0.009185371 0.073477708 0.924087405
1403637249288318976.000000 0.390194595 5.493466377 0.134189010 -0.375706285 -0.007971318 0.074278019 0.923722982
1403637249338319104.000000 0.414963931 5.436550617 0.177125812 -0.377269804 -0.006736522 0.072850257 0.923209131
1403637249388318976.000000 0.437145710 5.379346848 0.221134305 -0.377813220 -0.006453360 0.073804654 0.922913015
1403637249438319104.000000 0.451564550 5.315968513 0.258682966 -0.377781123 -0.006079485 0.074862942 0.922843516
1403637249488318976.000000 0.466596037 5.259342670 0.306509256 -0.378276676 -0.005488843 0.074931748 0.922638595
1403637249538319104.000000 0.477156997 5.202828407 0.355923772 -0.378287315 -0.005609404 0.075455770 0.922590792
1403637249588318976.000000 0.483711988 5.146306992 0.406817555 -0.377991885 -0.005184937 0.075959839 0.922672987
1403637249638319104.000000 0.482587934 5.085388184 0.451707125 -0.377645701 -0.004667935 0.075734697 0.922836006
1403637249688318976.000000 0.484407485 5.028548241 0.504021406 -0.377755135 -0.002635429 0.074731663 0.922880948
1403637249738319104.000000 0.486617982 4.971162796 0.556278586 -0.377237707 0.002167839 0.073516555 0.923191428
1403637249788318976.000000 0.489615530 4.913527966 0.608379006 -0.376709580 0.006098458 0.070775025 0.923603594
1403637249838319104.000000 0.486454904 4.850671768 0.654126048 -0.374876648 0.009558096 0.067879930 0.924536943
1403637249888318976.000000 0.491866648 4.790867805 0.704916835 -0.371292204 0.011569353 0.066440530 0.926063657
1403637249938319104.000000 0.497990489 4.729538918 0.754921556 -0.366387635 0.010911406 0.064766340 0.928141356
1403637249988318976.000000 0.505637586 4.666925907 0.804090500 -0.359398961 0.009809212 0.066691056 0.930746198
1403637250038319104.000000 0.508103251 4.597332001 0.844484568 -0.352072418 0.008121405 0.070336051 0.933290958
1403637250088318976.000000 0.518918514 4.532971859 0.890650690 -0.344794899 0.006806475 0.074631058 0.935681760
1403637250138319104.000000 0.530903935 4.468507290 0.935375988 -0.338070184 0.003482764 0.077122055 0.937949121
1403637250188318976.000000 0.543081582 4.404335976 0.979010999 -0.331294537 0.002374079 0.077940680 0.940299690
1403637250238319104.000000 0.552160382 4.338592052 1.019090891 0.323578179 -0.002599510 -0.079550840 -0.942847848
1403637250288318976.000000 0.553414941 4.271765232 1.060487986 -0.316806704 0.002800603 0.081332900 0.944992423
1403637250338319104.000000 0.560749412 4.208919525 1.101825714 -0.310390919 0.004002997 0.084064558 0.946876228
1403637250388318976.000000 0.566402197 4.147381783 1.142755508 -0.305478066 0.003788440 0.085517727 0.948343635
1403637250438319104.000000 0.570210218 4.086905956 1.182864785 -0.300783753 0.003679659 0.088848583 0.949537635
1403637250488318976.000000 0.571035504 4.025455475 1.220353127 0.296525478 -0.003453766 -0.092311174 -0.950546920
1403637250538319104.000000 0.566336036 3.965928078 1.260007262 -0.293655246 0.001140635 0.094701909 0.951208115
1403637250588318976.000000 0.568039417 3.908718586 1.295467019 -0.291075945 -0.000419358 0.096911885 0.951778710
1403637250638319104.000000 0.571533561 3.853055954 1.329298258 -0.288462073 -0.003322579 0.095382497 0.952722847
1403637250688318976.000000 0.576057673 3.798802853 1.361140728 -0.285682023 -0.004864947 0.094997115 0.953592062
1403637250738319104.000000 0.581719398 3.743945599 1.389951468 0.283772349 0.005959236 -0.093769260 -0.954277277
1403637250788318976.000000 0.584037304 3.693864346 1.424340487 -0.282521635 -0.007634264 0.091215253 0.954883754
1403637250838319104.000000 0.594313860 3.644203424 1.451446295 -0.281109214 -0.006815452 0.090766840 0.955349505
1403637250888318976.000000 0.606275380 3.596424580 1.477503419 -0.280038089 -0.005189697 0.090117350 0.955735624
1403637250938319104.000000 0.618523061 3.550329924 1.502806067 -0.278684199 -0.005288850 0.091664642 0.955983698
1403637250988318976.000000 0.631645679 3.504700184 1.525525331 0.277685791 0.004053879 -0.092595480 -0.956190526
1403637251038319104.000000 0.641625047 3.463766098 1.554776430 -0.275665909 -0.003873301 0.093251526 0.956711829
1403637251088318976.000000 0.658613145 3.421722412 1.575481892 -0.272182465 -0.004701704 0.094936170 0.957539439
1403637251138319104.000000 0.677169144 3.381561995 1.595313072 -0.267633826 -0.006367084 0.097505450 0.958553314
1403637251188318976.000000 0.697477460 3.343327761 1.613434911 -0.263252318 -0.007469188 0.099560432 0.959546864
1403637251238319104.000000 0.719142497 3.306679010 1.629545689 0.259319276 0.008433680 -0.100610383 -0.960499883
1403637251288318976.000000 0.736808479 3.275410175 1.651223183 -0.255758613 -0.008421335 0.100452721 0.961470664
1403637251338319104.000000 0.762749493 3.243128777 1.663110495 -0.252523214 -0.007956611 0.096351251 0.962748826
1403637251388318976.000000 0.791160047 3.213080883 1.673545361 -0.250892848 -0.006497097 0.086707667 0.964101911
1403637251438319104.000000 0.819866478 3.184642792 1.683391929 -0.246891528 -0.005363151 0.080760702 0.965657055
1403637251488318976.000000 0.847512543 3.157719374 1.692973375 -0.242235720 -0.004427039 0.074000001 0.967381179
1403637251538319104.000000 0.868037939 3.134567976 1.709437609 -0.236274779 -0.003331678 0.068776146 0.969243526
1403637251588318976.000000 0.891778350 3.109241486 1.718468666 -0.230014980 -0.003055681 0.063925825 0.971080482
1403637251638319104.000000 0.913764477 3.085045338 1.727442265 -0.224080637 -0.002596822 0.060252581 0.972702861
1403637251688318976.000000 0.933756292 3.061836958 1.736161232 -0.218034282 -0.002589172 0.058448348 0.974185884
1403637251738319104.000000 0.952040434 3.039699554 1.744690180 -0.212757051 -0.002524589 0.057155665 0.975428820
1403637251788318976.000000 0.964432478 3.023471832 1.758666158 -0.208300114 -0.001729865 0.055611100 0.976481259
1403637251838319104.000000 0.980103135 3.003825188 1.766371727 -0.205401003 -0.002131027 0.053079400 0.977235138
1403637251888318976.000000 0.995177209 2.985175133 1.773539662 -0.203468964 0.000559295 0.049693875 0.977819383
1403637251938319104.000000 1.009161711 2.967517138 1.780619860 -0.202813923 0.002504657 0.043607928 0.978242695
1403637251988318976.000000 1.022462368 2.950484753 1.787391186 -0.203062192 0.005935932 0.036522031 0.978466511
1403637252038319104.000000 1.031296849 2.935814857 1.797484756 -0.203137383 0.008497143 0.032118015 0.978586495
1403637252088318976.000000 1.041556001 2.918936491 1.803547502 -0.202730775 0.011879646 0.028413059 0.978750110
1403637252138319104.000000 1.050117850 2.901775122 1.808987379 -0.202077657 0.015071169 0.027184788 0.978876173
1403637252188318976.000000 1.057132363 2.884028196 1.813826919 -0.200696185 0.018480247 0.028436417 0.979066372
1403637252238319104.000000 1.062023401 2.866314173 1.817790270 -0.199477986 0.019444054 0.030697502 0.979228377
1403637252288318976.000000 1.064759612 2.848636389 1.819604397 -0.198360756 0.019267565 0.032670733 0.979394972
1403637252338319104.000000 1.065151095 2.830952644 1.822281361 -0.197510511 0.017843507 0.034918107 0.979516268
1403637252388318976.000000 1.063193083 2.813261986 1.824059248 -0.196791828 0.014382536 0.037500434 0.979622364
1403637252438319104.000000 1.059084415 2.795784712 1.825178146 -0.196346447 0.009537102 0.040306509 0.979659438
1403637252488318976.000000 1.053566217 2.781575203 1.829046965 0.196072236 -0.006310241 -0.042182103 -0.979661465
1403637252538319104.000000 1.047684312 2.760814428 1.824230671 -0.196136698 0.003222878 0.043457538 0.979607821
1403637252588318976.000000 1.038726211 2.744539738 1.823584557 -0.196109056 0.000749353 0.044931538 0.979551911
1403637252638319104.000000 1.028391123 2.728618383 1.822842360 -0.195704252 -0.001825650 0.047386419 0.979515791
1403637252688318976.000000 1.016401172 2.713375330 1.821775794 -0.194970354 -0.006491482 0.050798349 0.979471266
1403637252738319104.000000 1.003758192 2.697815180 1.818899155 0.193728849 0.011316148 -0.055560753 -0.979415178
1403637252788318976.000000 0.992686927 2.674565792 1.808163285 -0.192525819 -0.015631977 0.060673885 0.979289651
1403637252838319104.000000 0.982776940 2.662581682 1.803871155 -0.192579269 -0.019262150 0.061516546 0.979161918
1403637252888318976.000000 0.975550413 2.652355909 1.798970103 -0.194031134 -0.018241370 0.058153369 0.979100287
1403637252938319104.000000 0.971187830 2.643582582 1.793538690 -0.195919245 -0.014136242 0.053818230 0.979040027
1403637252988318976.000000 0.967567921 2.636828184 1.786853790 0.197778001 0.011053074 -0.048623249 -0.978977799
1403637253038319104.000000 0.974348843 2.626490355 1.785119057 -0.199497402 -0.008502848 0.044691674 0.978841782
1403637253088318976.000000 0.973434269 2.619609356 1.776621699 -0.200227752 -0.005993842 0.042969622 0.978788316
1403637253138319104.000000 0.973196685 2.612976789 1.767301559 -0.201130554 -0.004078852 0.041113067 0.978692830
1403637253188318976.000000 0.972390413 2.606629610 1.758121252 -0.201599360 -0.003221693 0.040442150 0.978627563
1403637253238319104.000000 0.971025646 2.600342989 1.749430180 -0.201968133 -0.001804714 0.040033881 0.978571892
1403637253288318976.000000 0.974881709 2.590947390 1.746902227 -0.202874556 -0.002089180 0.039759275 0.978395045
1403637253338319104.000000 0.970044255 2.584827662 1.738520741 -0.202676475 -0.001991746 0.041263498 0.978374004
1403637253388318976.000000 0.963990510 2.579093933 1.729984403 -0.203289866 -0.001776608 0.039993007 0.978299916
1403637253438319104.000000 0.956351638 2.573751211 1.721506834 -0.202682570 -0.000689604 0.042173937 0.978335679
1403637253488318976.000000 0.947681725 2.568721533 1.713974237 0.203274101 0.000353639 -0.041298233 -0.978250504
1403637253538319104.000000 0.941580057 2.562319517 1.710822821 -0.203841373 -0.001994653 0.041098196 0.978138864
1403637253588318976.000000 0.930903673 2.557627439 1.701566696 -0.204076752 -0.002236920 0.040575959 0.978111148
1403637253638319104.000000 0.921558440 2.553238869 1.691631556 -0.204767346 -0.002671530 0.038507126 0.978049278
1403637253688318976.000000 0.914113283 2.548959970 1.680899739 -0.205508783 -0.002022355 0.036098853 0.977987170
1403637253738319104.000000 0.908498287 2.544563770 1.668758035 -0.206120282 -0.001624621 0.034186915 0.977927983
1403637253788318976.000000 0.906629026 2.537777185 1.661536217 -0.207342774 -0.000669997 0.030642422 0.977788150
1403637253838319104.000000 0.904567897 2.532627821 1.647775173 -0.207860231 -0.000394492 0.029805718 0.977704287
1403637253888318976.000000 0.903878868 2.526826859 1.633545876 -0.207920730 -0.000093563 0.028764546 0.977722704
1403637253938319104.000000 0.904177547 2.520246744 1.618556261 -0.207923532 0.000161453 0.028780473 0.977721572
1403637253988318976.000000 0.906218112 2.512994051 1.603277326 0.208485365 -0.000065844 -0.028333079 -0.977614999
1403637254038319104.000000 0.908239722 2.504225969 1.592921972 -0.209058881 0.000776535 0.026459415 0.977544785
1403637254088318976.000000 0.912434518 2.495341778 1.575689197 -0.208533242 0.001322940 0.026365947 0.977658987
1403637254138319104.000000 0.917530060 2.485342741 1.557774782 -0.206638560 0.002105534 0.024769306 0.978101552
1403637254188318976.000000 0.923447907 2.474349499 1.539335132 -0.203123271 0.001631060 0.024355924 0.978848815
1403637254238319104.000000 0.930166423 2.462798595 1.520224571 -0.199088261 -0.000585782 0.022640334 0.979719877
1403637254288318976.000000 0.935961485 2.449680805 1.502954483 -0.194869444 -0.003464544 0.020373944 0.980611444
1403637254338319104.000000 0.943938732 2.436131001 1.482442617 -0.190370724 -0.006926105 0.018857351 0.981506765
1403637254388318976.000000 0.951529145 2.422090054 1.462035894 -0.185829565 -0.010503122 0.017681757 0.982366800
1403637254438319104.000000 0.958370149 2.407854319 1.442098022 -0.181607157 -0.012612278 0.017215973 0.983139634
1403637254488318976.000000 0.963891387 2.393360376 1.422689438 -0.178698510 -0.015542557 0.015709572 0.983655751
1403637254538319104.000000 0.966248214 2.380749464 1.405434370 -0.175507650 -0.017040296 0.015315401 0.984211504
1403637254588318976.000000 0.969668627 2.365742445 1.387788773 -0.172887042 -0.016905656 0.014098323 0.984695613
1403637254638319104.000000 0.971751094 2.350576401 1.371149421 -0.170753926 -0.015823809 0.013792409 0.985090077
1403637254688318976.000000 0.972298205 2.335399628 1.355419397 -0.169142097 -0.014721980 0.012351201 0.985404372
1403637254738319104.000000 0.972110331 2.320056915 1.340432763 -0.167840078 -0.012283163 0.011303783 0.985672951
1403637254788318976.000000 0.967416942 2.304164171 1.322916865 -0.166609898 -0.009537354 0.011392327 0.985910952
1403637254838319104.000000 0.964639306 2.288109541 1.308744311 -0.165033966 -0.006879504 0.012700585 0.986182153
1403637254888318976.000000 0.960414588 2.272083998 1.295029521 -0.164198115 -0.004602612 0.012818726 0.986333370
1403637254938319104.000000 0.954726934 2.255899906 1.281867027 -0.163515761 -0.002996005 0.013433273 0.986444712
1403637254988318976.000000 0.948139846 2.239368439 1.268816590 -0.163318545 -0.000725368 0.013015679 0.986487269
1403637255038319104.000000 0.941778600 2.221032381 1.254485011 -0.162726313 -0.001053681 0.012440708 0.986592233
1403637255088318976.000000 0.933577359 2.204010487 1.241366982 -0.160452798 -0.000061534 0.011872804 0.986972153
1403637255138319104.000000 0.925313532 2.186120749 1.227611780 -0.156578511 -0.000432914 0.011847606 0.987594426
1403637255188318976.000000 0.917905927 2.167877197 1.213583469 -0.152242139 -0.000852635 0.010148067 0.988290787
1403637255238319104.000000 0.912230372 2.149434090 1.198975444 -0.147287652 -0.000864702 0.008937929 0.989052951
1403637255288318976.000000 0.905854642 2.127326727 1.175945044 -0.142432824 0.000106524 0.008510391 0.989767969
1403637255338319104.000000 0.903095186 2.108690262 1.159075737 -0.137851447 0.000980510 0.007769493 0.990422010
1403637255388318976.000000 0.900112510 2.089505434 1.141515017 -0.132282615 -0.000270156 0.008007723 0.991179705
1403637255438319104.000000 0.896397412 2.069909573 1.123510003 -0.126913562 -0.001306749 0.006021954 0.991894662
1403637255488318976.000000 0.891328096 2.050227165 1.105641723 -0.120817214 -0.002408141 0.004003103 0.992663860
1403637255538319104.000000 0.884085417 2.026519299 1.080934167 -0.114459842 -0.003298189 0.000813442 0.993422091
1403637255588318976.000000 0.875747502 2.006753445 1.063668847 -0.107568525 -0.004237920 -0.003690973 0.994181812
1403637255638319104.000000 0.866127253 1.986770868 1.046423316 -0.099977888 -0.004435496 -0.007508366 0.994951487
1403637255688318976.000000 0.855316520 1.966385126 1.029077411 -0.091723837 -0.006532898 -0.012063980 0.995689988
1403637255738319104.000000 0.844417214 1.945696831 1.011397004 -0.082615748 -0.009086522 -0.016287155 0.996406972
1403637255788318976.000000 0.836152434 1.921585083 0.986683726 -0.073470138 -0.011728986 -0.021135023 0.997004509
1403637255838319104.000000 0.828141153 1.900077939 0.967856884 -0.063389838 -0.014783634 -0.024834774 0.997570276
1403637255888318976.000000 0.822025716 1.877793312 0.948140681 -0.053123817 -0.017760335 -0.028741993 0.998016238
1403637255938319104.000000 0.818484008 1.855069160 0.927937746 -0.043304883 -0.018828571 -0.032301266 0.998362064
1403637255988318976.000000 0.816851437 1.831754565 0.907205641 -0.034250509 -0.020448932 -0.034622841 0.998604059
1403637256038319104.000000 0.816857100 1.807859540 0.882391214 0.026703300 0.021332093 0.037912093 -0.998696387
1403637256088318976.000000 0.822829068 1.781686544 0.857602239 -0.021012330 -0.022492424 -0.040985607 0.998685539
1403637256138319104.000000 0.825254321 1.757775784 0.833900392 -0.016311681 -0.021901080 -0.043106377 0.998697221
1403637256188318976.000000 0.827457190 1.733629227 0.810605228 -0.012723697 -0.019721912 -0.045028660 0.998709977
1403637256238319104.000000 0.828514457 1.709211946 0.787819147 -0.009653552 -0.015917260 -0.046234880 0.998757124
1403637256288318976.000000 0.827538073 1.684263825 0.765323341 -0.007405258 -0.013835268 -0.046694096 0.998785973
1403637256338319104.000000 0.824996531 1.658712387 0.743861556 0.006286695 0.012216969 0.047880121 -0.998758614
1403637256388318976.000000 0.816370487 1.631681681 0.712794602 -0.005702124 -0.010255798 -0.048403468 0.998758972
1403637256438319104.000000 0.809970558 1.605528593 0.691441238 -0.005994224 -0.009527341 -0.050006289 0.998685479
1403637256488318976.000000 0.802191913 1.578740597 0.670033753 -0.006665638 -0.008602868 -0.050481215 0.998665690
1403637256538319104.000000 0.792873919 1.551517487 0.648867249 -0.006887249 -0.007479893 -0.049503695 0.998722196
1403637256588318976.000000 0.781935096 1.523920774 0.627584517 -0.007598109 -0.007393650 -0.048930898 0.998745918
1403637256638319104.000000 0.769008219 1.496680498 0.604943156 0.008543142 0.010389579 0.047216695 -0.998794138
1403637256688318976.000000 0.760410249 1.469079256 0.589599192 -0.007949909 -0.015288156 -0.041536611 0.998988390
1403637256738319104.000000 0.744157612 1.440652132 0.568056166 -0.007041309 -0.021551302 -0.034633163 0.999142945
1403637256788318976.000000 0.727562726 1.412412882 0.546646535 -0.006444478 -0.026112702 -0.027567796 0.999258101
1403637256838319104.000000 0.711129546 1.384775400 0.525976777 -0.005853916 -0.028271345 -0.021605309 0.999349654
1403637256888318976.000000 0.694744468 1.357699990 0.506318033 -0.005129558 -0.028061323 -0.019501850 0.999402821
1403637256938319104.000000 0.677567959 1.330710769 0.486667633 0.004435884 0.024697056 0.022026753 -0.999442518
1403637256988318976.000000 0.670718014 1.306455493 0.474160701 -0.002156958 -0.023001667 -0.024574883 0.999431074
1403637257038319104.000000 0.657446086 1.280525565 0.453756094 0.001107569 -0.020143054 -0.029460998 0.999362409
1403637257088318976.000000 0.645641685 1.255022645 0.432774037 0.004537061 -0.018024892 -0.033724152 0.999258339
1403637257138319104.000000 0.635592222 1.229536057 0.411156148 0.007609541 -0.016978618 -0.037703063 0.999115765
1403637257188318976.000000 0.627395749 1.203977585 0.389256120 0.010913601 -0.016237833 -0.040557906 0.998985648
1403637257238319104.000000 0.629109979 1.179268360 0.379932344 0.013809845 -0.017340675 -0.042988371 0.998829663
1403637257288318976.000000 0.623766363 1.153227806 0.357420504 0.016824378 -0.018503899 -0.045125637 0.998668313
1403637257338319104.000000 0.620436192 1.127170205 0.334178030 0.019487787 -0.020056775 -0.047328353 0.998487890
1403637257388318976.000000 0.618286252 1.101238012 0.311195195 0.021550948 -0.021100802 -0.050347559 0.998276293
1403637257438319104.000000 0.616313875 1.075394034 0.288702518 0.023420520 -0.021858869 -0.052188080 0.998123348
1403637257488318976.000000 0.618310928 1.050287247 0.272772700 0.025186295 -0.022707371 -0.053432841 0.997995496
1403637257538319104.000000 0.614103496 1.024040341 0.251386344 0.025719756 -0.023241537 -0.056931142 0.997776151
1403637257588318976.000000 0.608104527 0.997617126 0.230791628 0.027146090 -0.025342343 -0.056577545 0.997707307
1403637257638319104.000000 0.600809574 0.970883369 0.211123139 0.028330021 -0.027911268 -0.055486798 0.997667134
1403637257688318976.000000 0.591908157 0.943926334 0.192481175 0.029480508 -0.032304339 -0.054371551 0.997562587
1403637257738319104.000000 0.585873604 0.917080343 0.179285467 0.031400375 -0.035358865 -0.053923320 0.997424781
1403637257788318976.000000 0.575267851 0.889280677 0.162834525 0.034193352 -0.038644891 -0.053378433 0.997240245
1403637257838319104.000000 0.563785613 0.861524642 0.147446275 0.037482865 -0.041502632 -0.053722892 0.996988714
1403637257888318976.000000 0.551467597 0.833671510 0.133454889 0.041856181 -0.044357110 -0.053984545 0.996677577
1403637257938319104.000000 0.538931668 0.805609047 0.120897695 0.047360059 -0.046222866 -0.054031931 0.996343851
1403637257988318976.000000 0.526636243 0.778238654 0.111162946 0.053549863 -0.047559459 -0.055318981 0.995896816
1403637258038319104.000000 0.513785005 0.749915421 0.101621307 0.061407220 -0.048327759 -0.056147601 0.995359838
1403637258088318976.000000 0.502458692 0.721268535 0.093161039 0.070050471 -0.048719436 -0.057675388 0.994682312
1403637258138319104.000000 0.493714064 0.692331493 0.085211046 0.079500683 -0.046815161 -0.060692314 0.993883491
1403637258188318976.000000 0.488881528 0.662828207 0.078548670 -0.089457326 0.042807788 0.065507546 -0.992911696
1403637258238319104.000000 0.483058006 0.634189427 0.069860049 0.097910427 -0.038145419 -0.071299016 0.991904736
1403637258288318976.000000 0.479932994 0.604957104 0.064507499 0.105490312 -0.033209905 -0.075435638 0.990998685
1403637258338319104.000000 0.475831360 0.575650275 0.059899855 0.112441070 -0.029034371 -0.079120964 0.990077794
1403637258388318976.000000 0.470020652 0.546612501 0.056048725 0.118781313 -0.027161425 -0.080511779 0.989278138
1403637258438319104.000000 0.463284850 0.517902076 0.053193349 -0.124978505 0.026652467 0.079117864 -0.988640726
1403637258488318976.000000 0.451510519 0.489427269 0.046446405 0.130501762 -0.028677749 -0.076586798 0.988069534
1403637258538319104.000000 0.441068649 0.460873485 0.044872005 0.135327727 -0.032029793 -0.072997943 0.987588942
1403637258588318976.000000 0.430258602 0.432788193 0.044066716 0.138583437 -0.033286255 -0.071172819 0.987228990
1403637258638319104.000000 0.419473708 0.405537039 0.044041030 0.140590325 -0.031708241 -0.070849538 0.987020493
1403637258688318976.000000 0.408347636 0.378769249 0.044041082 -0.141686678 0.028811742 0.071144283 -0.986931264
1403637258738319104.000000 0.394587338 0.354222238 0.039191861 0.142971516 -0.026898852 -0.070795484 0.986825049
1403637258788318976.000000 0.382395059 0.329310775 0.040256027 0.143033281 -0.024972335 -0.071359329 0.986826062
1403637258838319104.000000 0.369936168 0.305163443 0.041240960 0.143450767 -0.023269754 -0.070971757 0.986835063
1403637258888318976.000000 0.357704043 0.281874746 0.041782621 0.143808141 -0.021672321 -0.069889702 0.986896634
1403637258938319104.000000 0.346990734 0.257941365 0.041413732 -0.143975288 0.021565182 0.067977868 -0.987008214
1403637258988318976.000000 0.337889314 0.237327635 0.035656568 0.143837839 -0.021714333 -0.067079559 0.987086356
1403637259038319104.000000 0.332278579 0.215587541 0.034858987 0.143851429 -0.022245383 -0.064663976 0.987233758
1403637259088318976.000000 0.328937799 0.194483668 0.033915833 0.142491058 -0.022262076 -0.065740876 0.987359583
1403637259138319104.000000 0.329471707 0.173611119 0.032440886 0.142216429 -0.021463202 -0.065704890 0.987419248
1403637259188318976.000000 0.332251757 0.154677510 0.022869393 0.142079979 -0.021633213 -0.064330243 0.987525642
1403637259238319104.000000 0.337407321 0.135296300 0.019614860 0.141297013 -0.020793775 -0.063942008 0.987681270
1403637259288318976.000000 0.343228728 0.116533935 0.015992617 0.141092002 -0.020306176 -0.062746711 0.987797379
1403637259338319104.000000 0.348305821 0.098935448 0.012280093 0.140447542 -0.020846866 -0.061826456 0.987935960
1403637259388318976.000000 0.352881789 0.083641037 0.004707325 0.140266225 -0.020986611 -0.060570352 0.988036633
1403637259438319104.000000 0.356388867 0.067791469 0.001591600 0.140841350 -0.020410756 -0.056537956 0.988205731
1403637259488318976.000000 0.358899891 0.053346124 -0.001538990 0.142177120 -0.020112824 -0.051065136 0.988318563
1403637259538319104.000000 0.360579342 0.040492635 -0.004493179 0.142846465 -0.019961437 -0.047767147 0.988389969
1403637259588318976.000000 0.361079127 0.030503759 -0.008680513 -0.143208623 0.019917743 0.046024505 -0.988421142
1403637259638319104.000000 0.361559391 0.021060321 -0.016857740 0.142567977 -0.019116817 -0.046478420 0.988508344
1403637259688318976.000000 0.361428022 0.013793034 -0.019397115 0.141209587 -0.019582400 -0.049397029 0.988552690
1403637259738319104.000000 0.360276520 0.008262939 -0.021794675 0.139759570 -0.022066779 -0.052775197 0.988531768
1403637259788318976.000000 0.358384222 0.003894750 -0.024206214 0.138179213 -0.024759568 -0.056657750 0.988475323
1403637259838319104.000000 0.356029838 -0.001443205 -0.027989954 0.136843339 -0.026199119 -0.059784967 0.988439858
1403637259888318976.000000 0.353558868 -0.004400986 -0.029609971 0.137396842 -0.025225881 -0.057925880 0.988499045
1403637259938319104.000000 0.350023866 -0.006573938 -0.031026779 0.138571054 -0.023212248 -0.054342661 0.988587976
1403637259988318976.000000 0.345550179 -0.007539419 -0.032280277 0.138982207 -0.021648342 -0.053759083 0.988597631
1403637260038319104.000000 0.340009004 -0.008429108 -0.034206465 0.138268471 -0.019693060 -0.055870149 0.988621593
1403637260088318976.000000 0.333701164 -0.007265136 -0.035111483 0.137635097 -0.018248636 -0.058554094 0.988582313
1403637260138319104.000000 0.326029271 -0.005222964 -0.035999391 0.136628300 -0.018511044 -0.062072642 0.988502443
1403637260188318976.000000 0.317298889 -0.002451577 -0.036854405 0.135540038 -0.019291092 -0.065757729 0.988399029
1403637260238319104.000000 0.308352530 0.000428919 -0.035965625 0.134155974 -0.020588765 -0.070708603 0.988219976
1403637260288318976.000000 0.298627764 0.003764580 -0.037098758 0.132975414 -0.020454539 -0.074953027 0.988069475
1403637260338319104.000000 0.288423359 0.007304500 -0.038517132 0.131655663 -0.020049555 -0.079912715 0.987865806
1403637260388318976.000000 0.277986050 0.010698088 -0.040171824 0.129881874 -0.018481942 -0.086154833 0.987606466
1403637260438319104.000000 0.267160296 0.013480869 -0.041152883 0.128530189 -0.016964039 -0.091299392 0.987348318
1403637260488318976.000000 0.255430341 0.015833270 -0.042913862 0.128389195 -0.019553596 -0.092697859 0.987188458
1403637260538319104.000000 0.243056983 0.017435294 -0.044618204 0.128053829 -0.024855068 -0.093441829 0.987042606
1403637260588318976.000000 0.230071530 0.018212652 -0.046520937 -0.128190279 0.031095065 0.092798099 -0.986908793
1403637260638319104.000000 0.217828274 0.017807938 -0.043496877 0.128601030 -0.036531214 -0.091232300 0.986815035
1403637260688318976.000000 0.205343649 0.016367331 -0.044606939 0.128624618 -0.038792003 -0.090346582 0.986807227
1403637260738319104.000000 0.193322524 0.013960569 -0.045461804 0.129835427 -0.037654042 -0.087480545 0.986950934
1403637260788318976.000000 0.181285292 0.010703105 -0.046266500 -0.130194962 0.034262434 0.087329648 -0.987040460
1403637260838319104.000000 0.169881821 0.007412880 -0.044097278 0.131459877 -0.029365188 -0.085815296 0.987163484
1403637260888318976.000000 0.157953247 0.003342607 -0.044380933 0.132513851 -0.025883654 -0.084562659 0.987228096
1403637260938319104.000000 0.146295056 -0.001117238 -0.044519462 0.133400366 -0.021541940 -0.083277859 0.987322152
1403637260988318976.000000 0.133982256 -0.005642915 -0.044891052 -0.133716777 0.017976334 0.083676651 -0.987317026
1403637261038319104.000000 0.122107007 -0.010364624 -0.039758511 0.134103164 -0.017447917 -0.083140738 0.987319410
1403637261088318976.000000 0.109347984 -0.015249695 -0.040669050 0.134290352 -0.020849900 -0.082718886 0.987263441
1403637261138319104.000000 0.096554428 -0.020252611 -0.041877467 0.133962691 -0.026673418 -0.082728669 0.987166941
1403637261188318976.000000 0.083731286 -0.025248926 -0.042711839 -0.133272603 0.032903992 0.084100656 -0.986956358
1403637261238319104.000000 0.072632089 -0.031239828 -0.041437805 0.132885695 -0.039105535 -0.084713154 0.986729920
1403637261288318976.000000 0.062457412 -0.037435401 -0.042707503 0.132258177 -0.042709664 -0.085754037 0.986574829
1403637261338319104.000000 0.054813787 -0.044325981 -0.043604203 0.132220700 -0.041056026 -0.085816711 0.986644566
1403637261388318976.000000 0.047627669 -0.051874667 -0.040724240 0.132968679 -0.036156397 -0.084029965 0.986889541
1403637261438319104.000000 0.042688832 -0.059701327 -0.041557625 0.134334832 -0.031531699 -0.080111638 0.987188935
1403637261488318976.000000 0.038844679 -0.067520685 -0.042343937 0.135711372 -0.028404804 -0.076743692 0.987363160
1403637261538319104.000000 0.034985159 -0.074834660 -0.042111944 -0.135721430 0.030996636 0.075641878 -0.987368882
1403637261588318976.000000 0.031036228 -0.082854472 -0.040614117 0.135068357 -0.037043992 -0.076493196 0.987184465
1403637261638319104.000000 0.028727474 -0.090093061 -0.040542539 0.134032741 -0.043324947 -0.078551665 0.986908197
1403637261688318976.000000 0.028508149 -0.097472884 -0.039658852 0.133169070 -0.047490411 -0.079952493 0.986721039
1403637261738319104.000000 0.028159298 -0.105098851 -0.036066651 0.132237419 -0.047939323 -0.081639007 0.986686528
1403637261788318976.000000 0.032381367 -0.113525286 -0.033904761 0.132496014 -0.043371763 -0.081505075 0.986874223
1403637261838319104.000000 0.037788961 -0.122394800 -0.030924937 0.132441476 -0.036357943 -0.081493646 0.987165749
1403637261888318976.000000 0.041395985 -0.131513834 -0.026068002 0.132925600 -0.030478559 -0.080075629 0.987415731
1403637261938319104.000000 0.044747617 -0.140184566 -0.021982430 0.133015960 -0.025586898 -0.079169385 0.987615466
1403637261988318976.000000 0.045582328 -0.148328051 -0.017421406 0.132630855 -0.022037253 -0.078710690 0.987789512
1403637262038319104.000000 0.043330111 -0.156672299 -0.010831261 0.133070633 -0.019300926 -0.076020621 0.987998307
1403637262088318976.000000 0.039869096 -0.164460093 -0.005202999 0.133242384 -0.016627843 -0.074132487 0.988167226
1403637262138319104.000000 0.033973925 -0.171791837 0.000517926 0.133534715 -0.016849913 -0.071314394 0.988331437
1403637262188318976.000000 0.029129209 -0.178767771 0.005221803 0.133901522 -0.016068736 -0.068893969 0.988466442
1403637262238319104.000000 0.019380478 -0.184831873 0.011623830 0.134004697 -0.015741548 -0.066932783 0.988592505
1403637262288318976.000000 0.007643580 -0.189588562 0.018045761 0.134028271 -0.016211914 -0.064362593 0.988752365
1403637262338319104.000000 0.007658308 -0.187684938 0.014939281 0.146592692 0.006200034 -0.030199647 0.988716483
1403637262388318976.000000 0.006979876 -0.184312761 0.012119632 -0.135201707 -0.006479725 0.063759238 -0.988743305
1403637262438319104.000000 0.004362105 -0.179336146 0.011528550 -0.118696623 0.004527335 0.058997061 -0.991165996
1403637262488318976.000000 0.002112816 -0.175710261 0.008764722 0.107632942 -0.010578578 -0.044191007 0.993151784
1403637262538319104.000000 -0.000663763 -0.173875004 0.005776968 0.112601168 0.007396019 -0.029962003 0.993160903
1403637262588318976.000000 0.000823416 -0.171869740 0.002324000 -0.110435970 -0.018885706 0.032408349 -0.993175209
1403637262638319104.000000 -0.000505549 -0.169795305 0.003605998 -0.108082868 -0.020659156 0.031660806 -0.993422806
1403637262688318976.000000 -0.006339841 -0.170183569 0.008421515 -0.107870646 -0.002075114 0.034926388 -0.993549168
1403637262738319104.000000 -0.010715418 -0.169461593 0.012519245 -0.105582319 0.001029100 0.035586223 -0.993773103
1403637262788318976.000000 -0.002431525 -0.170226321 0.004637393 0.107375868 0.005742106 -0.032568179 0.993668377
1403637262838319104.000000 -0.003061154 -0.169951648 0.005241842 0.107438900 0.005913172 -0.033621583 0.993625402
1403637262888318976.000000 -0.003474576 -0.171162501 0.006236658 0.108461559 0.003863902 -0.032766800 0.993553042
1403637262938319104.000000 -0.004513476 -0.169298559 0.006366414 -0.107280158 -0.005394431 0.034165286 -0.993627012
1403637262988318976.000000 -0.003286409 -0.170519382 0.005782499 0.108193934 0.004450715 -0.032803789 0.993578553
1403637263038319104.000000 -0.003478872 -0.170020759 0.005980413 0.107690200 0.004751730 -0.033738114 0.993600547
1403637263088318976.000000 -0.003492151 -0.170096889 0.006396983 0.107852906 0.004605385 -0.033371974 0.993595958
1403637263138319104.000000 -0.003063542 -0.170491472 0.006068497 -0.107923195 -0.004528011 0.033106130 -0.993597567
1403637263188318976.000000 -0.002772329 -0.170266226 0.006124664 -0.107583024 -0.004749380 0.033720955 -0.993612766
1403637263238319104.000000 -0.002612155 -0.170768544 0.005909898 -0.108020850 -0.004311922 0.032912303 -0.993594408
1403637263288318976.000000 -0.002594698 -0.170698225 0.005938712 -0.107671455 -0.004433786 0.033435021 -0.993614316
1403637263338319104.000000 -0.002022310 -0.170701489 0.005368541 -0.107773341 -0.004555254 0.033301126 -0.993607223
1403637263388318976.000000 -0.001884472 -0.170830309 0.005159276 -0.107836373 -0.004485395 0.033196695 -0.993604183
1403637263438319104.000000 -0.001679374 -0.170851216 0.004892755 -0.107883044 -0.004368905 0.033063933 -0.993604064
1403637263488318976.000000 -0.002933501 -0.170529366 0.005846228 0.107664734 0.004466413 -0.033513822 0.993612230
1403637263538319104.000000 -0.002912817 -0.170693338 0.005656033 0.107920423 0.004346489 -0.032953274 0.993603766
1403637263588318976.000000 -0.002855386 -0.170570880 0.005596820 0.107738458 0.004448220 -0.033271335 0.993612468
1403637263638319104.000000 -0.001430475 -0.170817629 0.004909066 -0.107835360 -0.004292603 0.033030350 -0.993610680
1403637263688318976.000000 -0.000956378 -0.170722291 0.004722557 -0.107808314 -0.004247270 0.033163607 -0.993609369
1403637263738319104.000000 -0.000499337 -0.170695543 0.004601633 -0.107745171 -0.004294204 0.033196475 -0.993614972
1403637263788318976.000000 -0.002584569 -0.170873582 0.005531030 0.107915267 0.004384879 -0.032748006 0.993610919
1403637263838319104.000000 -0.002123384 -0.170601934 0.005245309 0.107625432 0.004404002 -0.033486083 0.993617713
1403637263888318976.000000 0.000397427 -0.170569479 0.004084871 -0.107918024 -0.004173332 0.032679595 -0.993613780
1403637263938319104.000000 0.000609055 -0.169960111 0.004070018 -0.107716322 -0.004193488 0.033019975 -0.993624389
1403637263988318976.000000 -0.002347014 -0.170701638 0.005295076 0.107810847 0.004337108 -0.032934632 0.993616343
1403637264038319104.000000 -0.002158715 -0.170610130 0.005113690 0.107908420 0.004280042 -0.032861970 0.993608356
1403637264088318976.000000 -0.000140467 -0.169937968 0.004336914 -0.107913651 -0.004126437 0.032994196 -0.993604064
1403637264138319104.000000 -0.000073973 -0.169624284 0.004357667 -0.107944600 -0.004083976 0.032601427 -0.993613899
1403637264188318976.000000 -0.000441284 -0.169566065 0.004613169 -0.107816637 -0.004201664 0.032925781 -0.993616581
1403637264238319104.000000 -0.000079925 -0.169526309 0.004307528 -0.107974954 -0.003958811 0.032585107 -0.993611634
1403637264288318976.000000 -0.000362120 -0.169613495 0.004258093 -0.107927822 -0.004035042 0.032715444 -0.993612111
1403637264338319104.000000 -0.000763606 -0.169863433 0.004391757 -0.107899621 -0.004030051 0.032815237 -0.993611932
1403637264388318976.000000 -0.002542526 -0.170570984 0.004928008 -0.107982874 -0.004109701 0.032840677 -0.993601739
1403637264438319104.000000 -0.002043985 -0.170276433 0.005184352 -0.107972726 -0.004098516 0.032776762 -0.993604958
1403637264488318976.000000 -0.002934787 -0.170703858 0.005054210 0.107849233 0.004216028 -0.032799266 0.993617117
1403637264538319104.000000 -0.002956525 -0.170800790 0.005168161 0.107924052 0.004183168 -0.032634187 0.993614614
1403637264588318976.000000 -0.003286278 -0.170735344 0.005819422 -0.107927255 -0.004195265 0.032825466 -0.993607938
1403637264638319104.000000 -0.002330388 -0.170479655 0.005852586 -0.107887201 -0.004148209 0.032644697 -0.993618429
1403637264688318976.000000 -0.001589704 -0.170709446 0.007010720 -0.107961528 -0.004004268 0.032503068 -0.993615568
1403637264738319104.000000 -0.001628644 -0.170756042 0.007089866 -0.107943498 -0.003993591 0.032579064 -0.993615091
1403637264788318976.000000 -0.002464777 -0.170489624 0.005934247 -0.107989825 -0.004119592 0.032520555 -0.993611395
1403637264838319104.000000 -0.002714893 -0.170385957 0.005614467 -0.107880041 -0.004169384 0.032697741 -0.993617356
1403637264888318976.000000 -0.002780925 -0.170332387 0.005466206 -0.107978404 -0.004148653 0.032519098 -0.993612647
1403637264938319104.000000 -0.002280904 -0.170622587 0.006175059 -0.107989468 -0.004016023 0.032455396 -0.993614078
1403637264988318976.000000 -0.002596501 -0.170371056 0.005068832 0.107860878 0.004005467 -0.032509152 0.993626237
1403637265038319104.000000 -0.002677421 -0.170392871 0.004891500 0.107918859 0.003994104 -0.032411564 0.993623197
1403637265088318976.000000 -0.002730867 -0.170380205 0.004817234 0.107869551 0.003945984 -0.032516744 0.993625343
1403637265138319104.000000 -0.002336779 -0.170009911 0.004804689 -0.107945703 -0.003879506 0.032445494 -0.993619621
1403637265188318976.000000 -0.002335322 -0.170025557 0.004671129 -0.107899077 -0.003953119 0.032485273 -0.993623197
1403637265238319104.000000 -0.002440368 -0.170153722 0.004564013 -0.107964031 -0.003906456 0.032414496 -0.993618608
1403637265288318976.000000 -0.002494407 -0.170233279 0.004410738 -0.107963867 -0.003934030 0.032495450 -0.993615866
1403637265338319104.000000 -0.002552860 -0.170243114 0.004403464 -0.108030751 -0.003958727 0.032387435 -0.993611991
1403637265388318976.000000 -0.002511552 -0.170304582 0.004451889 -0.107995912 -0.003950237 0.032501351 -0.993612111
1403637265438319104.000000 -0.002543953 -0.170337573 0.004558119 -0.108055949 -0.003965351 0.032373201 -0.993609667
1403637265488318976.000000 -0.002555505 -0.170567289 0.004702752 -0.108010821 -0.004006085 0.032514974 -0.993609846
