#Frame Timestamp[ns],Image Rect[ms],Image Resize[ms],ORB ext[ms],Stereo match[ms],IMU preint[ms],Pose pred[ms],LM track[ms],KF dec[ms],Total[ms]
1403638518077829376.000000,0.000000,0.000000,14.895893,2.360457,0.002268,5.211058,0.985734,0.001845,19.334421
1403638518127829504.000000,0.000000,0.000000,12.715295,2.387639,0.053991,0.847516,0.688509,0.000464,18.348016
1403638518177829376.000000,0.000000,0.000000,12.769490,2.559062,0.051309,1.708548,1.675772,0.000647,17.924244
1403638518227829504.000000,0.000000,0.000000,14.274641,3.861352,0.093610,1.314289,1.682462,0.000677,21.734309
1403638518277829376.000000,0.000000,0.000000,12.182594,3.984381,0.079130,0.494115,0.767855,0.250893,19.689665
1403638518327829504.000000,0.000000,0.000000,12.054106,2.109120,0.044785,0.986996,1.025602,0.000315,17.472760
1403638518377829376.000000,0.000000,0.000000,12.756111,5.103758,0.102524,0.906883,1.101980,0.000440,21.491440
1403638518427829504.000000,0.000000,0.000000,14.211081,5.164933,0.104308,0.750442,1.201327,0.000343,23.087953
1403638518477829376.000000,0.000000,0.000000,12.475614,2.199373,0.045043,0.682884,1.204785,0.000388,17.910336
1403638518527829504.000000,0.000000,0.000000,12.316066,2.291523,0.044997,1.090663,1.084086,0.000455,17.179427
1403638518577829376.000000,0.000000,0.000000,13.800987,5.183218,0.099548,0.567197,1.175389,0.335573,22.651072
1403638518627829504.000000,0.000000,0.000000,12.283882,5.205975,0.100898,1.803495,1.830466,0.000450,20.986350
1403638518677829376.000000,0.000000,0.000000,13.749114,5.490139,0.109948,1.479173,2.156198,0.000450,22.963766
1403638518727829504.000000,0.000000,0.000000,15.223823,5.343199,0.105008,1.324629,2.039481,0.000421,24.326131
1403638518777829376.000000,0.000000,0.000000,12.953251,2.625648,0.044359,1.479714,2.318160,0.000460,19.063500
1403638518827829504.000000,0.000000,0.000000,13.018195,2.272834,0.062878,1.236448,2.317694,0.000444,18.306977
1403638518877829376.000000,0.000000,0.000000,12.734619,2.357987,0.044773,2.749750,3.815478,0.646239,17.932592
1403638518927829504.000000,0.000000,0.000000,13.358362,5.142823,0.103741,2.969947,3.348674,0.000498,21.653236
1403638518977829376.000000,0.000000,0.000000,14.814672,5.218041,0.108564,4.090187,4.762666,0.000521,23.831861
1403638519027829504.000000,0.000000,0.000000,13.470546,5.308430,0.102105,2.490367,3.062822,0.000463,22.259647
1403638519077829376.000000,0.000000,0.000000,12.113268,2.176387,0.045512,2.468632,3.416369,0.000459,17.236647
1403638519127829504.000000,0.000000,0.000000,12.914038,5.084991,0.103448,2.393633,3.363177,0.000592,21.295063
1403638519177829376.000000,0.000000,0.000000,11.506807,5.059701,0.102208,3.826996,4.781663,0.419068,19.660854
1403638519227829504.000000,0.000000,0.000000,12.170226,2.062718,0.042786,4.724459,4.433659,0.000770,17.021962
1403638519277829376.000000,0.000000,0.000000,11.755947,1.891641,0.049547,2.684051,3.296174,0.000483,16.214692
1403638519327829504.000000,0.000000,0.000000,11.557903,1.967364,0.055530,2.756160,3.721813,0.000420,16.417417
1403638519377829376.000000,0.000000,0.000000,11.937460,2.279623,0.044460,2.720089,3.192133,0.000385,16.858978
1403638519427829504.000000,0.000000,0.000000,12.572138,2.055614,0.049158,3.773033,5.982534,0.503384,18.049827
1403638519477829376.000000,0.000000,0.000000,12.504460,4.979476,0.105925,5.242835,6.331963,0.000630,21.228205
1403638519527829504.000000,0.000000,0.000000,11.387416,3.940095,0.077255,2.836569,3.899861,0.000365,18.975780
1403638519577829376.000000,0.000000,0.000000,12.208109,3.708051,0.072370,2.010620,3.544944,0.000441,19.098349
1403638519627829504.000000,0.000000,0.000000,11.881234,2.161465,0.045960,3.315086,5.708318,0.000560,17.386830
1403638519677829376.000000,0.000000,0.000000,11.334324,4.950154,0.102314,3.539946,5.785780,0.403337,19.271019
1403638519727829504.000000,0.000000,0.000000,11.839330,2.137244,0.048386,4.396006,5.221439,0.000558,16.727924
1403638519777829376.000000,0.000000,0.000000,13.229628,8.876846,0.146191,4.624106,6.860337,0.000704,25.889506
1403638519827829504.000000,0.000000,0.000000,13.180673,4.995030,0.103051,2.151810,4.069380,0.000444,21.889884
1403638519877829376.000000,0.000000,0.000000,11.525307,5.070391,0.103324,2.598960,6.210694,0.000548,20.007770
1403638519927829504.000000,0.000000,0.000000,12.432401,5.123387,0.104864,1.606697,4.043779,0.223839,20.881615
1403638519977829376.000000,0.000000,0.000000,14.158239,5.428020,0.100298,3.474258,6.597632,0.000848,23.082109
1403638520027829504.000000,0.000000,0.000000,12.714465,5.476556,0.100472,1.253570,3.340693,0.000502,21.362849
1403638520077829376.000000,0.000000,0.000000,14.365245,5.088434,0.100768,1.124574,3.456053,0.000699,23.260606
1403638520127829504.000000,0.000000,0.000000,12.572376,2.248691,0.045703,1.151126,3.867862,0.000566,17.886961
1403638520177829376.000000,0.000000,0.000000,14.270459,5.367812,0.104028,1.333185,3.526586,0.224083,23.475905
1403638520227829504.000000,0.000000,0.000000,16.561398,4.849100,0.050975,1.734375,3.837071,0.000386,24.497574
1403638520277829376.000000,0.000000,0.000000,12.618317,5.018449,0.105488,1.721239,4.284249,0.000462,20.955857
1403638520327829504.000000,0.000000,0.000000,15.770946,5.566231,0.111658,2.495090,4.065200,0.000498,25.148123
1403638520377829376.000000,0.000000,0.000000,12.798640,4.443394,0.106447,2.144200,3.551737,0.000475,20.433322
1403638520427829504.000000,0.000000,0.000000,11.780975,4.992819,0.101388,2.026832,3.749987,0.292465,20.892545
1403638520477829376.000000,0.000000,0.000000,13.729695,5.319466,0.102634,2.782519,4.112018,0.000384,22.802759
1403638520527829504.000000,0.000000,0.000000,13.106484,2.252740,0.047791,0.056309,8.686258,0.073002,18.394334
1403638520577829376.000000,0.000000,0.000000,12.440334,4.986746,0.099535,0.035813,6.069820,0.288794,20.728229
1403638520627829504.000000,0.000000,0.000000,12.955224,5.581818,0.111425,0.064358,7.543021,0.079165,22.414424
1403638520677829376.000000,0.000000,0.000000,14.236999,5.090891,0.109468,0.045986,5.530297,0.365483,23.042634
1403638520727829504.000000,0.000000,0.000000,12.395998,2.736599,0.045541,0.041837,8.034537,0.060402,17.912198
1403638520777829376.000000,0.000000,0.000000,12.757917,2.071439,0.056352,0.047934,6.723338,0.357888,17.644962
1403638520827829504.000000,0.000000,0.000000,13.054695,5.329289,0.104558,0.043231,8.179338,0.061069,21.544348
1403638520877829376.000000,0.000000,0.000000,12.979977,2.270631,0.045423,0.071134,7.953028,0.077427,18.347847
1403638520927829504.000000,0.000000,0.000000,11.730299,2.076213,0.053858,0.059823,9.410786,0.059933,16.670097
1403638520977829376.000000,0.000000,0.000000,13.233091,5.280997,0.101218,0.032604,6.329201,0.278023,21.717445
1403638521027829504.000000,0.000000,0.000000,13.284970,2.546256,0.045372,0.030942,8.093452,0.061291,19.202195
1403638521077829376.000000,0.000000,0.000000,12.696479,5.076861,0.100891,0.027639,6.516868,0.045837,20.876752
1403638521127829504.000000,0.000000,0.000000,12.316503,5.000506,0.099725,0.032812,8.038690,0.060203,20.942341
1403638521177829376.000000,0.000000,0.000000,12.552429,6.575216,0.149314,0.035961,8.224887,0.302984,23.384560
1403638521227829504.000000,0.000000,0.000000,13.364836,2.365178,0.050016,0.040710,8.549981,0.060536,18.651823
1403638521277829376.000000,0.000000,0.000000,12.063016,2.062022,0.056556,0.039503,10.210275,0.356353,17.543664
1403638521327829504.000000,0.000000,0.000000,12.361692,5.163759,0.103862,0.051055,8.793948,0.061931,21.310487
1403638521377829376.000000,0.000000,0.000000,12.525032,5.365395,0.102674,0.041137,6.283205,0.306343,21.576248
1403638521427829504.000000,0.000000,0.000000,13.081625,4.975000,0.099721,0.054613,7.460391,0.053212,21.835039
1403638521477829376.000000,0.000000,0.000000,14.509659,5.233395,0.102368,0.041166,6.954512,0.291422,23.759996
1403638521527829504.000000,0.000000,0.000000,13.081248,5.208272,0.107182,0.068966,13.219181,0.091090,21.648203
1403638521577829376.000000,0.000000,0.000000,12.699702,2.681440,0.056548,0.025562,5.913322,0.234696,17.984674
1403638521627829504.000000,0.000000,0.000000,13.364282,5.306073,0.103334,0.048261,10.602492,0.064127,22.147273
1403638521677829376.000000,0.000000,0.000000,12.684442,2.012570,0.080949,0.038581,5.801490,0.241864,17.389425
1403638521727829504.000000,0.000000,0.000000,12.136361,5.548751,0.098745,0.046440,8.038627,0.049152,20.711486
1403638521777829376.000000,0.000000,0.000000,11.720349,4.937357,0.104898,0.040023,7.478809,0.046374,19.783528
1403638521827829504.000000,0.000000,0.000000,12.724212,5.478906,0.105318,0.027699,5.998065,0.216312,21.417624
1403638521877829376.000000,0.000000,0.000000,13.422767,5.303696,0.097271,0.061604,11.212481,0.065315,21.748345
1403638521927829504.000000,0.000000,0.000000,13.344583,2.277104,0.046677,0.040195,7.001964,0.033407,19.050224
1403638521977829376.000000,0.000000,0.000000,12.737168,5.563817,0.100445,0.021008,5.831606,0.212111,21.453684
1403638522027829504.000000,0.000000,0.000000,14.053940,5.308036,0.097752,0.049529,11.816361,0.063847,22.548891
1403638522077829376.000000,0.000000,0.000000,15.655854,4.830495,0.099038,0.038547,6.948829,0.031882,24.498514
1403638522127829504.000000,0.000000,0.000000,15.494512,2.509315,0.046404,0.026311,6.255374,0.030179,27.526894
1403638522177829376.000000,0.000000,0.000000,12.875205,2.513609,0.048962,0.022771,6.177764,0.029588,20.689562
1403638522227829504.000000,0.000000,0.000000,14.913727,6.730220,0.085845,0.026463,6.893919,0.263018,29.030776
1403638522277829376.000000,0.000000,0.000000,13.859461,7.009450,0.107428,0.050717,12.328468,0.081234,27.525894
1403638522327829504.000000,0.000000,0.000000,13.328609,3.700354,0.046573,0.059173,9.604840,0.337633,21.504540
1403638522377829376.000000,0.000000,0.000000,14.465804,3.247059,0.057807,0.046001,12.587944,0.078516,22.961082
1403638522427829504.000000,0.000000,0.000000,13.131553,10.135676,0.142452,0.024939,8.211419,0.392611,28.634019
1403638522477829376.000000,0.000000,0.000000,12.178100,3.980730,0.054666,0.045587,8.241236,0.056596,21.424075
1403638522527829504.000000,0.000000,0.000000,12.798610,4.335067,0.055680,0.032089,7.423921,0.295531,22.214515
1403638522577829376.000000,0.000000,0.000000,13.344720,11.729860,0.095555,0.075329,11.242577,0.075760,30.273867
1403638522627829504.000000,0.000000,0.000000,13.629855,4.322861,0.053115,0.029494,6.857140,0.308206,23.330716
1403638522677829376.000000,0.000000,0.000000,12.139763,4.072767,0.061353,0.063839,11.444421,0.075961,23.187988
1403638522727829504.000000,0.000000,0.000000,13.218605,10.249111,0.064955,0.051709,10.752063,0.075965,30.526577
1403638522777829376.000000,0.000000,0.000000,12.533008,9.002481,0.057439,0.054127,6.180328,0.246475,28.219155
1403638522827829504.000000,0.000000,0.000000,12.993329,5.447373,0.050230,0.049881,11.716624,0.088553,25.400923
1403638522877829376.000000,0.000000,0.000000,13.300573,4.927850,0.056396,0.038293,11.036847,0.340298,24.386419
1403638522927829504.000000,0.000000,0.000000,12.616139,6.456537,0.076100,0.050411,11.309812,0.081310,29.455916
1403638522977829376.000000,0.000000,0.000000,12.098650,5.669915,0.042279,0.030904,6.515945,0.299529,27.629566
1403638523027829504.000000,0.000000,0.000000,11.999326,8.822713,0.076921,0.055179,11.118488,0.071119,32.657691
1403638523077829376.000000,0.000000,0.000000,11.847102,9.180017,0.056994,0.033645,9.809206,0.420491,29.966392
1403638523127829504.000000,0.000000,0.000000,12.161296,5.736624,0.056750,0.048886,11.953883,0.076528,26.356317
1403638523177829376.000000,0.000000,0.000000,12.105372,6.770502,0.068517,0.039519,10.928321,0.069177,27.488629
1403638523227829504.000000,0.000000,0.000000,13.855493,10.524183,0.103708,0.048248,10.492157,0.060371,36.625714
1403638523277829376.000000,0.000000,0.000000,12.472183,8.976967,0.084235,0.039875,10.377898,0.062569,33.616313
1403638523327829504.000000,0.000000,0.000000,13.594828,4.951838,0.067429,0.041591,8.693180,0.409701,27.187935
1403638523377829376.000000,0.000000,0.000000,13.681367,5.231672,0.058681,0.050056,11.382826,0.071656,28.380031
1403638523427829504.000000,0.000000,0.000000,13.027154,4.505368,0.064966,0.019878,5.565828,0.259773,26.317355
1403638523477829376.000000,0.000000,0.000000,12.667564,10.004522,0.063406,0.050229,10.731487,0.065307,36.266589
1403638523527829504.000000,0.000000,0.000000,12.242288,8.607195,0.088084,0.046758,6.514905,0.269899,35.919140
1403638523577829376.000000,0.000000,0.000000,11.725467,4.760449,0.057895,0.042553,7.178304,0.045829,26.205506
1403638523627829504.000000,0.000000,0.000000,12.327728,8.313604,0.061815,0.059688,6.021965,0.247398,29.776476
1403638523677829376.000000,0.000000,0.000000,12.997665,8.385607,0.062446,0.067002,10.952048,0.058653,34.084903
1403638523727829504.000000,0.000000,0.000000,12.228749,7.438464,0.083148,0.037188,8.844930,0.048594,32.919705
1403638523777829376.000000,0.000000,0.000000,12.317374,7.613333,0.091648,0.026058,7.982138,0.284863,32.864787
1403638523827829504.000000,0.000000,0.000000,13.771190,8.738630,0.099638,0.048308,10.624778,0.069540,37.815205
1403638523877829376.000000,0.000000,0.000000,13.156676,4.619850,0.066650,0.058057,8.787570,0.053688,26.799841
1403638523927829504.000000,0.000000,0.000000,13.079604,6.837316,0.094290,0.045958,7.291580,0.046065,32.302664
1403638523977829376.000000,0.000000,0.000000,13.954891,3.977882,0.067228,0.029601,7.607591,0.299218,26.597660
1403638524027829504.000000,0.000000,0.000000,12.883316,11.026113,0.151179,0.063224,12.441183,0.079238,37.751565
1403638524077829376.000000,0.000000,0.000000,11.844238,3.252264,0.076013,0.030162,8.381154,0.350190,22.473679
1403638524127829504.000000,0.000000,0.000000,12.051579,3.188268,0.083449,0.082727,12.970269,0.095368,22.881816
1403638524177829376.000000,0.000000,0.000000,13.226668,3.463674,0.068773,0.038832,12.550448,0.095232,25.469760
1403638524227829504.000000,0.000000,0.000000,13.640799,3.685354,0.062415,0.073225,11.689177,0.060385,25.776348
1403638524277829376.000000,0.000000,0.000000,13.123276,4.236231,0.069077,0.048876,8.454216,0.051343,26.061609
1403638524327829504.000000,0.000000,0.000000,13.077169,4.725705,0.067544,0.075717,9.217327,0.053938,27.004855
1403638524377829376.000000,0.000000,0.000000,12.746541,5.026633,0.062696,0.062119,10.046423,0.059430,27.753016
1403638524427829504.000000,0.000000,0.000000,13.018964,4.109161,0.070902,0.039117,9.497841,0.057494,25.733034
1403638524477829376.000000,0.000000,0.000000,12.216450,7.379455,0.045144,0.045140,12.772224,0.074327,28.966021
1403638524527829504.000000,0.000000,0.000000,12.522805,4.536652,0.066026,0.077980,9.842805,0.099284,27.324108
1403638524577829376.000000,0.000000,0.000000,11.700351,8.987890,0.083115,0.076583,11.980260,0.445673,32.446530
1403638524627829504.000000,0.000000,0.000000,11.957917,5.296562,0.064914,0.051867,10.219915,0.071072,26.562126
1403638524677829376.000000,0.000000,0.000000,11.773985,6.091493,0.072181,0.070135,11.969527,0.095490,29.143210
1403638524727829504.000000,0.000000,0.000000,10.977975,4.822954,0.050237,0.064793,11.190181,0.067387,24.500812
1403638524777829376.000000,0.000000,0.000000,12.414239,10.723848,0.085332,0.036586,8.439740,0.060998,34.251568
1403638524827829504.000000,0.000000,0.000000,12.776023,4.902992,0.067573,0.038394,9.487104,0.577449,27.769513
1403638524877829376.000000,0.000000,0.000000,14.689690,6.009651,0.076251,0.207510,13.431737,0.085801,32.217345
1403638524927829504.000000,0.000000,0.000000,16.500245,9.758361,0.101462,0.073393,12.701434,0.089597,37.964078
1403638524977829376.000000,0.000000,0.000000,12.757301,8.084640,0.098183,0.066035,8.788103,0.072729,33.231419
1403638525027829504.000000,0.000000,0.000000,12.507995,5.084193,0.094410,0.053933,14.128549,0.068512,27.603782
1403638525077829376.000000,0.000000,0.000000,12.504648,5.771682,0.048033,0.087813,12.500071,0.097358,29.904482
1403638525127829504.000000,0.000000,0.000000,12.161651,5.251635,0.075675,0.091376,11.783425,0.067983,27.160870
1403638525177829376.000000,0.000000,0.000000,11.669014,5.078429,0.077276,0.080232,9.953879,0.306978,27.994158
1403638525227829504.000000,0.000000,0.000000,13.101490,5.160752,0.078301,0.050842,11.945412,0.077020,29.888645
1403638525277829376.000000,0.000000,0.000000,12.058026,5.650151,0.050296,0.073960,11.543410,0.062737,29.338742
1403638525327829504.000000,0.000000,0.000000,11.381046,6.637153,0.101044,0.056574,9.836034,0.062892,32.025036
1403638525377829376.000000,0.000000,0.000000,11.521521,4.733912,0.084439,0.054763,9.599151,0.408714,28.361006
1403638525427829504.000000,0.000000,0.000000,12.868701,4.484282,0.078870,0.048891,10.081095,0.099097,26.699563
1403638525477829376.000000,0.000000,0.000000,12.456806,4.272186,0.098265,0.061052,10.076552,0.073913,27.152476
1403638525527829504.000000,0.000000,0.000000,12.003152,4.820391,0.078334,0.027353,8.358082,0.393327,27.273247
1403638525577829376.000000,0.000000,0.000000,12.329403,5.934003,0.115070,0.048562,8.549062,0.057310,35.321867
1403638525627829504.000000,0.000000,0.000000,11.071617,5.980177,0.104717,0.058444,11.116125,0.070272,26.372531
1403638525677829376.000000,0.000000,0.000000,11.728058,6.301258,0.110385,0.046032,8.417112,0.321415,32.161363
1403638525727829504.000000,0.000000,0.000000,11.698091,3.692665,0.081424,0.043803,10.910636,0.062527,25.117178
1403638525777829376.000000,0.000000,0.000000,11.864511,7.770091,0.078997,0.048015,11.106023,0.065146,31.072865
1403638525827829504.000000,0.000000,0.000000,11.569781,4.948655,0.098250,0.030542,5.807920,0.223896,27.399631
1403638525877829376.000000,0.000000,0.000000,11.858338,3.281041,0.088758,0.031567,6.554452,0.042256,24.022425
1403638525927829504.000000,0.000000,0.000000,12.056920,7.297449,0.119435,0.032858,6.403273,0.040803,33.873269
1403638525977829376.000000,0.000000,0.000000,11.811613,6.815221,0.108846,0.041333,6.229298,0.341141,28.867325
1403638526027829504.000000,0.000000,0.000000,11.044336,3.189832,0.074957,0.034541,8.920267,0.059001,23.543832
1403638526077829376.000000,0.000000,0.000000,11.615507,7.356456,0.126358,0.027935,5.538784,0.024010,34.345185
1403638526127829504.000000,0.000000,0.000000,11.709340,7.377720,0.120602,0.031941,6.914726,0.023404,29.724906
1403638526177829376.000000,0.000000,0.000000,12.879065,3.562976,0.084256,0.024996,6.000675,0.208247,25.898414
1403638526227829504.000000,0.000000,0.000000,11.187751,3.762673,0.112752,0.022047,6.138613,0.036144,23.857534
1403638526277829376.000000,0.000000,0.000000,12.431160,4.474307,0.076684,0.040857,5.824986,0.040396,26.925499
1403638526327829504.000000,0.000000,0.000000,11.680182,6.491386,0.075577,0.032405,5.539784,0.209808,33.852152
1403638526377829376.000000,0.000000,0.000000,13.053318,7.901056,0.114586,0.026960,6.116493,0.035120,34.117656
1403638526427829504.000000,0.000000,0.000000,11.611315,8.804216,0.119950,0.023519,5.354893,0.032505,36.873941
1403638526477829376.000000,0.000000,0.000000,11.795793,4.980453,0.079848,0.032746,9.687550,0.376165,28.971360
1403638526527829504.000000,0.000000,0.000000,11.129447,4.826481,0.078579,0.041596,9.191529,0.044415,27.580605
1403638526577829376.000000,0.000000,0.000000,13.240096,4.920370,0.084549,0.018121,6.088113,0.032878,29.343185
1403638526627829504.000000,0.000000,0.000000,11.539866,6.551031,0.117437,0.021113,5.783810,0.031776,33.156326
1403638526677829376.000000,0.000000,0.000000,12.260198,4.655600,0.101727,0.030814,5.315269,0.197799,27.357852
1403638526727829504.000000,0.000000,0.000000,11.888846,8.294652,0.108266,0.024730,5.049909,0.029122,35.163267
1403638526777829376.000000,0.000000,0.000000,11.665331,7.770795,0.108549,0.021372,4.683656,0.019311,33.676706
1403638526827829504.000000,0.000000,0.000000,11.222005,8.316870,0.122531,0.014943,5.067572,0.211295,28.923817
1403638526877829376.000000,0.000000,0.000000,13.222735,7.642381,0.070285,0.031495,7.473883,0.038925,36.868378
1403638526927829504.000000,0.000000,0.000000,11.313931,7.950498,0.132116,0.022684,7.142692,0.025663,34.088387
1403638526977829376.000000,0.000000,0.000000,11.348992,7.119642,0.115206,0.014837,5.381802,0.187405,33.282982
1403638527027829504.000000,0.000000,0.000000,11.104417,4.750112,0.087541,7.949451,2.061612,0.001048,25.576144
1403638527077829376.000000,0.000000,0.000000,11.567871,7.498723,0.109756,0.899683,0.779517,0.000572,33.874412
1403638527127829504.000000,0.000000,0.000000,11.715998,8.301167,0.117532,1.818892,1.775114,0.000760,34.172142
1403638527177829376.000000,0.000000,0.000000,11.569727,7.986940,0.080413,1.840011,2.306042,0.000943,35.044517
1403638527227829504.000000,0.000000,0.000000,12.314642,7.266962,0.132311,0.759947,0.845148,0.199432,35.440165
1403638527277829376.000000,0.000000,0.000000,12.005398,8.348808,0.120593,0.933720,1.046260,0.000316,33.919821
1403638527327829504.000000,0.000000,0.000000,10.991490,7.351933,0.109068,0.867732,1.059472,0.000504,32.106989
1403638527377829376.000000,0.000000,0.000000,11.776365,8.411073,0.110821,1.946320,2.059331,0.000654,32.879829
1403638527427829504.000000,0.000000,0.000000,11.830162,7.733043,0.076422,0.783666,1.067076,0.000312,34.194559
1403638527477829376.000000,0.000000,0.000000,11.519762,5.783136,0.081904,0.914280,0.994248,0.000381,25.957328
1403638527527829504.000000,0.000000,0.000000,13.068332,7.353119,0.133044,0.889048,1.053396,0.157556,34.400252
1403638527577829376.000000,0.000000,0.000000,11.851522,3.607257,0.089917,2.518527,2.147514,0.000781,24.993317
1403638527627829504.000000,0.000000,0.000000,13.096213,3.782602,0.057562,2.197122,2.186005,0.000717,27.080716
1403638527677829376.000000,0.000000,0.000000,11.661954,3.775850,0.081811,1.090524,1.078250,0.000392,24.756056
1403638527727829504.000000,0.000000,0.000000,12.918009,7.492559,0.161057,0.998830,0.952319,0.000372,35.085096
1403638527777829376.000000,0.000000,0.000000,15.865768,6.038637,0.099485,2.557083,2.488493,0.306883,34.015939
1403638527827829504.000000,0.000000,0.000000,12.358876,4.887553,0.079200,0.984914,0.907436,0.000406,28.555328
1403638527877829376.000000,0.000000,0.000000,14.360886,5.943611,0.094266,2.819501,2.233290,0.000903,34.352210
1403638527927829504.000000,0.000000,0.000000,12.136975,7.642293,0.112388,2.437096,2.134315,0.000819,31.640592
1403638527977829376.000000,0.000000,0.000000,11.197118,4.996909,0.083757,1.018422,0.946695,0.000388,26.285101
1403638528027829504.000000,0.000000,0.000000,11.593662,4.535781,0.107454,1.157590,0.909797,0.158058,27.289003
1403638528077829376.000000,0.000000,0.000000,11.758186,8.792950,0.117908,1.112648,1.038218,0.000499,36.657236
1403638528127829504.000000,0.000000,0.000000,13.023651,7.478291,0.088322,1.988158,0.836830,0.000482,32.229029
1403638528177829376.000000,0.000000,0.000000,13.215571,8.036669,0.111556,1.154960,1.128340,0.000396,38.268576
1403638528227829504.000000,0.000000,0.000000,13.135830,7.982130,0.109464,1.100396,1.095701,0.000364,36.998181
1403638528277829376.000000,0.000000,0.000000,11.055708,8.368871,0.109227,0.962309,0.850348,0.138524,34.393337
1403638528327829504.000000,0.000000,0.000000,11.175796,4.527769,0.093801,1.015796,0.899518,0.000459,27.137910
1403638528377829376.000000,0.000000,0.000000,11.230139,4.848020,0.095863,0.945045,0.935866,0.000531,28.095996
1403638528427829504.000000,0.000000,0.000000,11.755817,5.499792,0.099970,1.176556,1.102770,0.000612,30.112548
1403638528477829376.000000,0.000000,0.000000,11.113827,5.280071,0.100442,2.859824,1.951993,0.000775,29.400320
1403638528527829504.000000,0.000000,0.000000,12.165143,7.433488,0.116561,2.386414,2.322017,0.296931,35.904459
1403638528577829376.000000,0.000000,0.000000,14.003497,5.189280,0.113482,1.051368,0.921763,0.000369,32.438371
1403638528627829504.000000,0.000000,0.000000,11.362073,7.888482,0.123731,2.493022,0.798152,0.000406,35.121174
1403638528677829376.000000,0.000000,0.000000,11.017137,5.261460,0.097023,1.050983,1.091026,0.000399,29.686171
1403638528727829504.000000,0.000000,0.000000,11.415302,6.626959,0.111866,1.045120,1.007596,0.000307,33.578465
1403638528777829376.000000,0.000000,0.000000,11.655201,7.943819,0.117339,1.044644,1.084300,0.129478,34.650116
1403638528827829504.000000,0.000000,0.000000,12.306595,4.869880,0.087706,1.053015,1.103764,0.000346,28.828124
1403638528877829376.000000,0.000000,0.000000,11.496281,5.270541,0.091630,2.132816,1.971730,0.000688,29.522430
1403638528927829504.000000,0.000000,0.000000,11.923600,7.895588,0.080850,2.392894,2.530911,0.000644,36.685152
1403638528977829376.000000,0.000000,0.000000,14.284446,7.746408,0.113166,2.145576,1.044196,0.000543,38.044685
1403638529027829504.000000,0.000000,0.000000,12.653182,6.660234,0.115023,1.574586,1.156280,0.153877,31.998045
1403638529077829376.000000,0.000000,0.000000,12.594023,7.072519,0.113959,0.993966,1.185185,0.000428,37.568256
1403638529127829504.000000,0.000000,0.000000,13.775343,10.603700,0.125672,0.972621,1.136520,0.000367,40.920359
1403638529177829376.000000,0.000000,0.000000,11.713243,6.098518,0.115481,1.293402,1.271548,0.000503,33.300086
1403638529227829504.000000,0.000000,0.000000,13.452610,6.494168,0.113150,1.094776,1.159972,0.000472,33.640996
1403638529277829376.000000,0.000000,0.000000,12.006781,7.147777,0.130222,1.101308,0.982589,0.137280,35.178668
1403638529327829504.000000,0.000000,0.000000,12.140487,6.370332,0.113279,0.044159,4.708321,0.035009,33.298698
1403638529377829376.000000,0.000000,0.000000,12.329430,5.510921,0.098254,0.029267,3.245520,0.028060,30.729249
1403638529427829504.000000,0.000000,0.000000,13.074898,5.615505,0.101856,0.021766,2.782695,0.016595,32.377549
1403638529477829376.000000,0.000000,0.000000,17.086857,6.131132,0.116896,0.018806,2.707313,0.015044,37.247722
1403638529527829504.000000,0.000000,0.000000,11.532306,4.943651,0.106504,0.025554,5.606577,0.028982,29.785602
1403638529577829376.000000,0.000000,0.000000,12.729652,4.306420,0.103127,0.030573,6.212861,0.035846,28.674998
1403638529627829504.000000,0.000000,0.000000,11.622678,4.789848,0.100548,0.027729,2.837445,0.016772,28.312662
1403638529677829376.000000,0.000000,0.000000,11.533800,6.654970,0.116669,0.023846,2.411049,0.014315,32.568315
1403638529727829504.000000,0.000000,0.000000,12.035362,4.571962,0.099904,0.024974,3.093639,0.016042,28.542698
1403638529777829376.000000,0.000000,0.000000,13.044212,6.504025,0.124056,0.035663,5.845705,0.342007,33.867652
1403638529827829504.000000,0.000000,0.000000,11.387448,6.790848,0.156284,0.035146,4.642163,0.033276,32.563824
1403638529877829376.000000,0.000000,0.000000,11.465996,3.542500,0.114786,0.027293,4.414349,0.029980,23.911438
1403638529927829504.000000,0.000000,0.000000,12.715287,5.442422,0.101878,0.017237,2.875857,0.016985,27.710765
1403638529977829376.000000,0.000000,0.000000,11.389266,3.344778,0.099994,0.025876,5.747313,0.033459,24.564036
1403638530027829504.000000,0.000000,0.000000,11.640402,3.675957,0.112637,0.028626,5.963014,0.031914,25.320290
1403638530077829376.000000,0.000000,0.000000,12.039708,3.433075,0.116274,0.015045,2.639830,0.015719,27.765376
1403638530127829504.000000,0.000000,0.000000,12.454565,3.260765,0.109706,0.016683,2.700996,0.184143,25.108614
1403638530177829376.000000,0.000000,0.000000,11.104096,6.280230,0.146941,0.022997,2.691944,0.020642,27.962644
1403638530227829504.000000,0.000000,0.000000,11.316776,3.380142,0.096618,0.039962,6.341954,0.034819,24.145854
1403638530277829376.000000,0.000000,0.000000,13.133854,3.437716,0.092840,0.027520,2.927653,0.017072,25.749577
1403638530327829504.000000,0.000000,0.000000,11.420772,6.047944,0.129828,0.027470,6.881730,0.040486,26.923135
1403638530377829376.000000,0.000000,0.000000,10.885865,3.215005,0.095503,0.030946,6.478401,0.036377,23.058946
1403638530427829504.000000,0.000000,0.000000,11.570126,3.258486,0.085803,0.024886,3.115184,0.017598,24.144260
1403638530477829376.000000,0.000000,0.000000,11.183873,3.038434,0.088239,0.037979,5.329342,0.030177,23.178049
1403638530527829504.000000,0.000000,0.000000,11.535815,6.921282,0.158510,0.019145,2.890580,0.017580,32.675866
1403638530577829376.000000,0.000000,0.000000,12.651532,6.506025,0.089723,0.032366,6.475759,0.033940,31.890986
1403638530627829504.000000,0.000000,0.000000,12.233183,2.774230,0.094184,0.045277,2.888456,0.199840,25.707651
1403638530677829376.000000,0.000000,0.000000,11.863244,3.078362,0.086623,0.029211,4.322150,0.030574,23.802123
1403638530727829504.000000,0.000000,0.000000,9.059331,2.771350,0.101326,0.032923,6.097834,0.033699,19.332501
1403638530777829376.000000,0.000000,0.000000,11.824737,3.221349,0.083085,0.030082,6.386037,0.037097,23.137098
1403638530827829504.000000,0.000000,0.000000,12.089886,2.866547,0.090647,0.014629,2.735120,0.016222,22.644435
1403638530877829376.000000,0.000000,0.000000,11.354193,2.705449,0.033680,0.016310,2.898847,0.017080,22.599482
1403638530927829504.000000,0.000000,0.000000,11.977682,6.282863,0.056406,0.016278,3.049374,0.017661,29.503439
1403638530977829376.000000,0.000000,0.000000,10.791501,4.908981,0.170967,0.015794,2.777503,0.016565,26.244160
1403638531027829504.000000,0.000000,0.000000,12.525334,3.174438,0.086809,0.030316,6.679245,0.032893,24.258168
1403638531077829376.000000,0.000000,0.000000,11.261449,2.658241,0.060570,0.041236,7.421374,0.034879,16.857840
1403638531127829504.000000,0.000000,0.000000,11.615172,3.318791,0.116494,0.032319,5.749790,0.329409,31.030121
1403638531177829376.000000,0.000000,0.000000,16.301422,6.865890,0.122688,8.579971,2.540699,0.000974,27.675539
1403638531227829504.000000,0.000000,0.000000,13.338419,6.520171,0.116166,2.342809,2.257205,0.000659,34.123244
1403638531277829376.000000,0.000000,0.000000,12.245684,2.499793,0.117191,2.250403,2.407305,0.000797,20.206121
1403638531327829504.000000,0.000000,0.000000,12.110605,6.543631,0.120170,2.269295,2.067339,0.000815,25.416670
1403638531377829376.000000,0.000000,0.000000,12.909262,6.592920,0.049759,1.334692,1.123219,0.181541,26.850531
1403638531427829504.000000,0.000000,0.000000,12.016191,2.580268,0.044601,1.275034,1.315118,0.000714,19.377319
1403638531477829376.000000,0.000000,0.000000,12.175622,3.047461,0.172048,2.901123,3.016101,0.000876,20.849116
1403638531527829504.000000,0.000000,0.000000,12.871265,6.896830,0.107986,0.905219,1.137833,0.000419,25.106229
1403638531577829376.000000,0.000000,0.000000,11.957759,5.512783,0.058359,2.261464,2.699610,0.000656,24.522407
1403638531627829504.000000,0.000000,0.000000,12.789246,2.622276,0.058656,0.946128,1.018903,0.187755,20.200962
1403638531677829376.000000,0.000000,0.000000,13.164843,2.666211,0.038561,1.451231,1.439168,0.000312,20.735725
1403638531727829504.000000,0.000000,0.000000,13.305313,2.795233,0.093008,0.997437,1.297682,0.000396,20.999813
1403638531777829376.000000,0.000000,0.000000,13.070185,7.226326,0.110145,0.929878,1.599661,0.000368,28.217489
1403638531827829504.000000,0.000000,0.000000,11.999923,6.954919,0.052679,1.834644,2.672528,0.001076,26.768999
1403638531877829376.000000,0.000000,0.000000,13.236598,2.986213,0.059165,1.720827,2.881339,0.713441,21.947066
1403638531927829504.000000,0.000000,0.000000,12.209739,2.652786,0.111634,2.671515,1.975857,0.000456,20.181099
1403638531977829376.000000,0.000000,0.000000,12.247766,6.776463,0.059790,2.303031,2.443446,0.000402,27.617585
1403638532027829504.000000,0.000000,0.000000,11.479667,2.592992,0.111861,3.179440,4.175775,0.000618,19.126102
1403638532077829376.000000,0.000000,0.000000,13.275400,6.772630,0.111327,2.866681,4.115790,0.000634,28.367120
1403638532127829504.000000,0.000000,0.000000,12.124221,7.013021,0.055399,1.654402,2.374489,0.351593,27.143552
1403638532177829376.000000,0.000000,0.000000,12.094653,2.794882,0.052448,2.872567,3.292881,0.000531,19.734746
1403638532227829504.000000,0.000000,0.000000,14.009499,3.029531,0.049746,3.669438,3.293820,0.000520,22.277141
1403638532277829376.000000,0.000000,0.000000,12.846230,2.726493,0.108398,2.583404,3.649068,0.000494,21.300833
1403638532327829504.000000,0.000000,0.000000,12.238369,7.017304,0.048737,1.891226,3.023624,0.000441,25.005139
1403638532377829376.000000,0.000000,0.000000,13.090084,2.998473,0.050235,2.246031,4.616286,0.416160,21.540158
1403638532427829504.000000,0.000000,0.000000,12.193250,2.836879,0.053296,4.257582,4.696926,0.000628,20.664815
1403638532477829376.000000,0.000000,0.000000,12.594000,2.552150,0.056432,2.358381,3.595904,0.000459,19.959005
1403638532527829504.000000,0.000000,0.000000,13.053260,3.387934,0.036848,2.739978,3.739909,0.000508,21.775997
1403638532577829376.000000,0.000000,0.000000,13.034198,2.870362,0.041884,2.725108,3.376822,0.000354,20.964050
1403638532627829504.000000,0.000000,0.000000,15.013284,3.269109,0.109524,4.531418,4.991334,0.499875,24.060518
1403638532677829376.000000,0.000000,0.000000,10.892127,6.705943,0.111031,5.251341,6.056331,0.000810,25.935437
1403638532727829504.000000,0.000000,0.000000,12.298828,6.796275,0.055975,3.165936,4.792336,0.000596,26.830247
1403638532777829376.000000,0.000000,0.000000,11.114382,2.774073,0.114017,2.754594,4.219315,0.000490,18.777024
1403638532827829504.000000,0.000000,0.000000,12.394019,6.632045,0.049954,2.780206,3.991302,0.000522,25.103301
1403638532877829376.000000,0.000000,0.000000,12.062638,3.002612,0.054137,2.075670,3.966821,0.292818,20.439102
1403638532927829504.000000,0.000000,0.000000,12.170854,3.412307,0.047095,3.829650,4.692682,0.000505,20.198523
1403638532977829376.000000,0.000000,0.000000,11.051147,2.489925,0.046426,3.618763,6.479970,0.000620,18.646790
1403638533027829504.000000,0.000000,0.000000,11.391043,2.768899,0.100696,3.600471,6.716023,0.000668,19.202348
1403638533077829376.000000,0.000000,0.000000,12.600741,6.241925,0.106035,3.200198,4.916711,0.000583,26.671293
1403638533127829504.000000,0.000000,0.000000,12.346963,6.722833,0.103974,2.167904,4.313493,0.275156,27.323334
1403638533177829376.000000,0.000000,0.000000,12.555369,7.235976,0.107768,2.674921,4.460468,0.000388,26.032954
1403638533227829504.000000,0.000000,0.000000,11.787791,6.981438,0.038096,3.078630,5.266549,0.000468,25.273764
1403638533277829376.000000,0.000000,0.000000,12.920769,2.897695,0.037247,2.363426,4.763766,0.000402,21.041062
1403638533327829504.000000,0.000000,0.000000,12.217236,2.960809,0.035992,2.262017,3.930176,0.000306,20.285722
1403638533377829376.000000,0.000000,0.000000,12.553405,2.917617,0.057713,3.348916,6.227592,0.418788,20.839804
1403638533427829504.000000,0.000000,0.000000,12.873461,3.085796,0.052449,2.529045,5.816589,0.000518,20.998831
1403638533477829376.000000,0.000000,0.000000,12.148452,2.607284,0.110664,0.029077,5.516402,0.045429,20.034254
1403638533527829504.000000,0.000000,0.000000,12.754137,7.884208,0.098000,0.020798,4.904645,0.317279,29.301797
1403638533577829376.000000,0.000000,0.000000,11.537999,4.144482,0.038511,0.056206,9.712816,0.080490,22.184396
1403638533627829504.000000,0.000000,0.000000,13.352543,2.790196,0.048761,0.046185,6.880768,0.042581,21.684797
1403638533677829376.000000,0.000000,0.000000,12.440208,5.956001,0.073001,0.041565,7.346443,0.043571,24.543486
1403638533727829504.000000,0.000000,0.000000,13.919543,4.983089,0.080015,0.046401,9.697410,0.056682,27.668482
1403638533777829376.000000,0.000000,0.000000,11.529171,6.905512,0.042131,0.029576,6.395090,0.042157,28.708190
1403638533827829504.000000,0.000000,0.000000,12.702384,3.283756,0.062796,0.038365,9.762423,0.481258,22.374273
1403638533877829376.000000,0.000000,0.000000,11.300926,2.391909,0.078962,0.056457,12.345062,0.119182,19.558681
1403638533927829504.000000,0.000000,0.000000,14.226180,2.671571,0.113001,0.066192,9.629325,0.065799,22.764094
1403638533977829376.000000,0.000000,0.000000,13.159530,8.512766,0.121727,0.049997,7.923034,0.051397,31.426301
1403638534027829504.000000,0.000000,0.000000,14.120319,6.374874,0.125674,0.044207,7.250011,0.339030,28.784469
1403638534077829376.000000,0.000000,0.000000,11.567155,6.707541,0.054026,0.063271,9.901341,0.059382,25.659181
1403638534127829504.000000,0.000000,0.000000,13.603970,2.910553,0.097634,0.043511,6.875923,0.350682,22.753902
1403638534177829376.000000,0.000000,0.000000,12.278929,6.244796,0.119354,0.070336,12.169095,0.079430,27.805523
1403638534227829504.000000,0.000000,0.000000,11.827804,6.801115,0.035704,0.046046,7.935381,0.392335,27.977509
1403638534277829376.000000,0.000000,0.000000,12.516051,2.588089,0.037430,0.069196,12.162203,0.080835,20.834705
1403638534327829504.000000,0.000000,0.000000,13.760406,2.810026,0.070017,0.054205,10.229596,0.347149,22.550605
1403638534377829376.000000,0.000000,0.000000,12.483949,4.062405,0.124577,0.039606,8.584778,0.063477,22.541066
1403638534427829504.000000,0.000000,0.000000,13.066551,7.150135,0.058737,0.039643,9.518712,0.392042,30.715229
1403638534477829376.000000,0.000000,0.000000,13.188946,6.719433,0.116417,0.097888,12.579689,0.192336,25.857746
1403638534527829504.000000,0.000000,0.000000,12.013273,7.085219,0.088668,0.032352,8.156689,0.438010,29.436168
1403638534577829376.000000,0.000000,0.000000,12.193076,6.939532,0.041264,0.066955,10.002721,0.072991,28.998354
1403638534627829504.000000,0.000000,0.000000,12.955584,3.450271,0.093498,0.060232,10.202181,0.431847,22.290229
1403638534677829376.000000,0.000000,0.000000,12.259205,7.410686,0.042000,0.046171,9.601732,0.069075,29.167599
1403638534727829504.000000,0.000000,0.000000,11.730210,2.850350,0.120767,0.041207,9.564899,0.049990,20.550524
1403638534777829376.000000,0.000000,0.000000,12.062745,6.959258,0.049715,0.062425,13.256737,0.519547,28.804880
1403638534827829504.000000,0.000000,0.000000,11.814585,2.649228,0.106964,0.045036,10.693545,0.081637,20.614910
1403638534877829376.000000,0.000000,0.000000,11.742874,6.674601,0.129427,0.064112,8.607581,0.062886,26.168130
1403638534927829504.000000,0.000000,0.000000,13.561198,6.579929,0.141664,0.045172,6.865503,0.330739,29.972582
1403638534977829376.000000,0.000000,0.000000,14.176447,6.602876,0.048597,0.050426,9.556970,0.076439,30.391916
1403638535027829504.000000,0.000000,0.000000,13.014903,2.921812,0.052870,0.030060,7.878846,0.057616,22.133836
1403638535077829376.000000,0.000000,0.000000,12.992864,2.811980,0.051475,0.039104,9.152776,0.051787,21.944662
1403638535127829504.000000,0.000000,0.000000,13.525800,2.966685,0.049213,0.059805,10.325735,0.047290,22.586070
1403638535177829376.000000,0.000000,0.000000,12.374771,2.626650,0.089378,0.035206,7.884583,0.354832,20.956678
1403638535227829504.000000,0.000000,0.000000,12.759958,6.697431,0.091098,0.055697,10.487522,0.078601,29.993739
1403638535277829376.000000,0.000000,0.000000,12.395432,7.335001,0.110213,0.062912,11.704411,0.072771,30.741057
1403638535327829504.000000,0.000000,0.000000,14.849171,6.522465,0.045366,0.048598,10.281626,0.062604,30.794396
1403638535377829376.000000,0.000000,0.000000,12.258832,7.605209,0.047525,0.042844,11.126498,0.589883,23.256819
1403638535427829504.000000,0.000000,0.000000,12.412422,3.296301,0.073033,0.076776,16.150424,0.085474,34.375282
1403638535477829376.000000,0.000000,0.000000,13.028316,7.124462,0.089178,0.063967,11.633134,0.075937,23.241550
1403638535527829504.000000,0.000000,0.000000,14.008852,5.152645,0.096641,0.054366,12.523547,0.056840,22.398186
1403638535577829376.000000,0.000000,0.000000,11.671397,6.758382,0.094095,0.053223,11.343255,0.062957,21.533462
1403638535627829504.000000,0.000000,0.000000,13.075551,7.332811,0.043468,0.036894,9.006219,0.052481,23.849977
1403638535677829376.000000,0.000000,0.000000,13.432727,6.737910,0.072821,0.034885,10.162846,0.061380,23.778408
1403638535727829504.000000,0.000000,0.000000,12.901775,3.065884,0.039898,0.060299,9.875033,0.452725,18.911461
1403638535777829376.000000,0.000000,0.000000,11.508417,2.652274,0.091148,0.058367,12.838297,0.076011,17.262983
1403638535827829504.000000,0.000000,0.000000,12.492590,2.862770,0.051121,0.050119,12.875837,0.089658,18.300517
1403638535877829376.000000,0.000000,0.000000,13.426841,6.823255,0.088215,0.058876,9.314449,0.393438,23.541017
1403638535927829504.000000,0.000000,0.000000,12.492812,2.899219,0.042467,0.070916,12.965127,0.081449,18.376677
1403638535977829376.000000,0.000000,0.000000,12.079495,6.886473,0.090288,0.029048,8.342351,0.385691,21.989199
1403638536027829504.000000,0.000000,0.000000,13.350072,2.936746,0.043718,0.076565,12.500150,0.079545,19.250569
1403638536077829376.000000,0.000000,0.000000,11.784864,5.752285,0.041491,0.034370,10.808218,0.432501,21.530005
1403638536127829504.000000,0.000000,0.000000,12.225166,3.073358,0.052513,0.064997,12.045479,0.077290,18.486335
1403638536177829376.000000,0.000000,0.000000,11.917322,5.049379,0.040631,0.035159,8.701977,0.052411,19.642385
1403638536227829504.000000,0.000000,0.000000,15.636805,2.619965,0.094265,0.037794,8.487078,0.370016,21.073499
1403638536277829376.000000,0.000000,0.000000,12.405270,2.902736,0.094375,0.042275,8.624479,0.072969,17.953290
1403638536327829504.000000,0.000000,0.000000,12.659910,7.447585,0.094938,0.033658,10.115383,0.071281,23.497721
1403638536377829376.000000,0.000000,0.000000,12.898828,6.829518,0.092075,0.058737,9.761801,0.074010,23.057120
1403638536427829504.000000,0.000000,0.000000,12.651877,6.468679,0.096038,0.050714,10.267853,0.065774,23.114732
1403638536477829376.000000,0.000000,0.000000,11.390593,6.987228,0.091005,0.040847,11.268828,0.072828,21.802737
1403638536527829504.000000,0.000000,0.000000,12.433301,6.610809,0.093341,0.039307,6.497482,0.346741,22.311075
1403638536577829376.000000,0.000000,0.000000,11.214984,6.781006,0.113984,0.055765,11.425869,0.083690,20.955188
1403638536627829504.000000,0.000000,0.000000,11.601072,7.015834,0.095255,0.027654,7.521152,0.046756,22.374805
1403638536677829376.000000,0.000000,0.000000,12.618381,6.547628,0.114381,0.047299,7.791237,0.048081,22.830146
1403638536727829504.000000,0.000000,0.000000,12.666017,6.884310,0.053624,0.043436,8.788237,0.049595,23.018071
1403638536777829376.000000,0.000000,0.000000,12.727182,6.716923,0.054002,0.031999,7.502822,0.330456,22.971586
1403638536827829504.000000,0.000000,0.000000,13.180395,3.066015,0.048227,0.041572,13.443662,0.083148,19.612339
1403638536877829376.000000,0.000000,0.000000,12.689264,2.601218,0.091918,0.062399,12.063432,0.080078,17.886904
1403638536927829504.000000,0.000000,0.000000,13.896961,7.991384,0.074747,0.045608,8.506378,0.054054,25.364419
1403638536977829376.000000,0.000000,0.000000,13.051501,6.836098,0.052088,0.033630,9.319606,0.351461,22.756897
1403638537027829504.000000,0.000000,0.000000,12.928931,6.208642,0.042838,0.065809,12.985620,0.078067,22.222317
1403638537077829376.000000,0.000000,0.000000,12.791311,3.123734,0.055738,0.026975,7.965057,0.316043,18.666297
1403638537127829504.000000,0.000000,0.000000,14.272108,2.763903,0.051630,0.067357,12.826396,0.078415,20.202510
1403638537177829376.000000,0.000000,0.000000,12.590755,2.789675,0.052500,0.031420,9.222321,0.056892,18.571497
1403638537227829504.000000,0.000000,0.000000,13.761591,2.550980,0.050150,0.032840,8.639045,0.053285,19.243526
1403638537277829376.000000,0.000000,0.000000,11.812124,2.581980,0.047394,0.071785,11.681981,0.374583,17.064819
1403638537327829504.000000,0.000000,0.000000,12.569049,6.539245,0.053928,0.044631,13.030151,0.079688,22.396282
1403638537377829376.000000,0.000000,0.000000,13.200560,2.557701,0.095684,0.072776,13.292574,0.085164,18.534787
1403638537427829504.000000,0.000000,0.000000,12.181657,2.618185,0.086422,0.055887,10.218427,0.064867,17.931240
1403638537477829376.000000,0.000000,0.000000,12.245726,6.956462,0.055798,0.045091,12.256326,0.410634,22.930633
1403638537527829504.000000,0.000000,0.000000,12.349087,6.846415,0.045956,0.048489,14.601296,0.084708,23.042357
1403638537577829376.000000,0.000000,0.000000,13.799269,2.862428,0.050454,0.073382,12.894384,0.080055,19.349603
1403638537627829504.000000,0.000000,0.000000,12.261164,2.606669,0.059954,0.064226,11.395244,0.066057,17.872008
1403638537677829376.000000,0.000000,0.000000,12.258442,2.913030,0.090478,0.047645,10.528940,0.060114,18.621879
1403638537727829504.000000,0.000000,0.000000,13.048618,5.993987,0.071957,0.049087,10.797157,0.378490,22.403126
1403638537777829376.000000,0.000000,0.000000,11.718016,6.805745,0.042549,0.067400,13.551908,0.084954,22.192755
1403638537827829504.000000,0.000000,0.000000,12.268790,3.934322,0.050921,0.064770,12.165027,0.075878,19.797314
1403638537877829376.000000,0.000000,0.000000,11.762058,2.830514,0.098945,0.049550,9.398894,0.346478,17.728837
1403638537927829504.000000,0.000000,0.000000,12.253672,2.858654,0.044116,0.077637,13.788006,0.085972,18.013629
1403638537977829376.000000,0.000000,0.000000,13.142240,7.010768,0.095061,0.064467,10.057268,0.070649,23.738669
1403638538027829504.000000,0.000000,0.000000,14.557960,6.255287,0.118474,0.056416,10.046063,0.367880,23.905771
1403638538077829376.000000,0.000000,0.000000,12.149834,6.817935,0.095941,0.065357,11.828945,0.079152,22.936952
1403638538127829504.000000,0.000000,0.000000,13.641553,6.340939,0.042703,0.103698,12.382754,0.487028,23.629569
1403638538177829376.000000,0.000000,0.000000,11.969148,6.800805,0.090391,0.063788,9.012927,0.065396,22.513292
1403638538227829504.000000,0.000000,0.000000,13.734591,2.871073,0.041787,0.054859,9.650146,0.061712,19.977734
1403638538277829376.000000,0.000000,0.000000,13.635220,6.826631,0.041514,0.052332,7.528953,0.348678,23.548024
1403638538327829504.000000,0.000000,0.000000,12.377473,3.055032,0.036486,0.055323,9.495679,0.070036,18.616462
1403638538377829376.000000,0.000000,0.000000,13.039424,2.780717,0.047976,0.027972,8.187327,0.359491,19.224385
1403638538427829504.000000,0.000000,0.000000,12.507482,2.662973,0.091358,0.094128,11.755466,0.074432,18.136769
1403638538477829376.000000,0.000000,0.000000,11.927813,2.733702,0.041806,0.038778,8.262981,0.055233,17.370453
1403638538527829504.000000,0.000000,0.000000,12.075452,6.568617,0.039647,0.056589,9.876846,0.357693,21.833643
1403638538577829376.000000,0.000000,0.000000,12.952553,2.892640,0.041414,0.050169,11.670152,0.082098,18.862428
1403638538627829504.000000,0.000000,0.000000,13.752452,3.079471,0.051539,0.051586,8.554128,0.062903,20.023071
1403638538677829376.000000,0.000000,0.000000,12.296203,2.654569,0.050975,0.047906,6.972085,0.337354,18.202573
1403638538727829504.000000,0.000000,0.000000,12.984547,3.098811,0.109964,0.058998,13.699419,0.085840,19.182643
1403638538777829376.000000,0.000000,0.000000,11.624080,2.847171,0.166296,0.055293,8.957293,0.064386,17.651081
1403638538827829504.000000,0.000000,0.000000,12.499264,7.211887,0.096758,0.054630,8.835862,0.338009,34.942496
1403638538877829376.000000,0.000000,0.000000,12.103338,7.329794,0.104015,0.053939,10.383521,0.077020,27.613211
1403638538927829504.000000,0.000000,0.000000,12.444278,7.545540,0.159667,0.062038,9.794602,0.082701,28.207726
1403638538977829376.000000,0.000000,0.000000,11.854074,8.000200,0.052827,0.055558,9.032626,0.289540,27.227780
1403638539027829504.000000,0.000000,0.000000,11.600665,8.428072,0.103881,0.074537,9.914501,0.118085,25.701215
1403638539077829376.000000,0.000000,0.000000,12.549323,3.866190,0.052603,0.061687,9.425482,0.090815,22.340621
1403638539127829504.000000,0.000000,0.000000,12.363906,8.494387,0.091631,0.051619,8.177607,0.287965,30.295310
1403638539177829376.000000,0.000000,0.000000,11.454005,3.438835,0.053018,0.065140,9.578929,0.069530,19.944616
1403638539227829504.000000,0.000000,0.000000,12.255002,10.336189,0.057222,0.065622,11.846307,0.076178,30.845779
1403638539277829376.000000,0.000000,0.000000,12.889995,3.939593,0.055814,0.059554,11.214345,0.461209,21.971243
1403638539327829504.000000,0.000000,0.000000,12.089232,10.824556,0.059700,0.075172,13.788395,0.109972,28.586874
1403638539377829376.000000,0.000000,0.000000,11.903961,4.318327,0.097870,0.078068,12.875645,0.100514,21.103942
1403638539427829504.000000,0.000000,0.000000,13.077296,5.356140,0.096821,0.087386,11.666471,0.358874,24.217468
1403638539477829376.000000,0.000000,0.000000,14.782334,10.310230,0.041715,0.062417,12.846975,0.082989,33.347520
1403638539527829504.000000,0.000000,0.000000,13.591460,11.759135,0.066298,0.069665,11.471150,0.071177,34.175686
1403638539577829376.000000,0.000000,0.000000,12.686729,5.150579,0.055168,0.069704,10.141272,0.311950,25.353069
1403638539627829504.000000,0.000000,0.000000,12.277470,5.273304,0.102339,0.075017,12.680228,0.083178,25.630647
1403638539677829376.000000,0.000000,0.000000,12.495746,8.529549,0.058233,0.070033,13.295149,0.085644,31.996223
1403638539727829504.000000,0.000000,0.000000,13.722929,9.133162,0.090400,0.048103,12.656528,0.384588,33.174022
1403638539777829376.000000,0.000000,0.000000,12.152476,4.780411,0.078942,0.084823,13.508903,0.087873,23.946818
1403638539827829504.000000,0.000000,0.000000,12.178533,4.860869,0.062311,0.072542,10.817671,0.097815,25.648324
1403638539877829376.000000,0.000000,0.000000,12.805175,9.362096,0.074750,0.063191,10.268387,0.351023,31.891354
1403638539927829504.000000,0.000000,0.000000,13.005923,8.144049,0.053150,0.079952,13.215346,0.096435,30.666874
1403638539977829376.000000,0.000000,0.000000,10.977115,4.500936,0.062079,0.068317,13.819597,0.086450,23.757579
1403638540027829504.000000,0.000000,0.000000,12.238468,5.326100,0.050356,0.036991,9.671516,0.285390,27.942190
1403638540077829376.000000,0.000000,0.000000,11.709849,8.958200,0.052279,0.097763,10.789067,0.077543,32.938957
1403638540127829504.000000,0.000000,0.000000,13.676620,5.371730,0.062220,0.068909,12.548429,0.085470,28.345794
1403638540177829376.000000,0.000000,0.000000,12.696552,5.717037,0.073957,0.040866,11.775258,0.409114,28.132356
1403638540227829504.000000,0.000000,0.000000,11.760257,4.923892,0.092684,0.076331,11.766397,0.079878,25.385477
1403638540277829376.000000,0.000000,0.000000,11.758931,8.445927,0.057578,0.078122,12.420739,0.088455,32.996782
1403638540327829504.000000,0.000000,0.000000,13.854172,8.864491,0.083347,0.080565,11.100890,0.062628,37.445872
1403638540377829376.000000,0.000000,0.000000,11.972397,6.111855,0.079782,0.046548,8.772513,0.306500,29.706762
1403638540427829504.000000,0.000000,0.000000,12.874616,4.265661,0.062329,0.034020,9.728935,0.067574,26.846360
1403638540477829376.000000,0.000000,0.000000,13.048162,8.176622,0.087910,0.090553,12.597573,0.087887,30.816291
1403638540527829504.000000,0.000000,0.000000,12.774274,4.666197,0.082774,0.033687,8.259722,0.332551,26.961582
1403638540577829376.000000,0.000000,0.000000,12.136057,9.200369,0.082773,0.099396,12.378301,0.084724,33.055390
1403638540627829504.000000,0.000000,0.000000,14.603190,8.536368,0.089228,0.062811,11.410630,0.076018,36.382843
1403638540677829376.000000,0.000000,0.000000,12.419488,8.168903,0.066539,0.056552,10.011630,0.379014,34.200662
1403638540727829504.000000,0.000000,0.000000,15.294182,8.308027,0.065826,0.059185,13.664488,0.095362,34.903562
1403638540777829376.000000,0.000000,0.000000,12.709435,4.729846,0.061832,0.059893,13.025640,0.089490,27.708124
1403638540827829504.000000,0.000000,0.000000,12.305349,4.664037,0.058701,0.064404,10.518516,0.396286,27.195790
1403638540877829376.000000,0.000000,0.000000,12.882953,5.511277,0.063616,0.031750,12.346370,0.076704,29.454698
1403638540927829504.000000,0.000000,0.000000,12.941752,6.758530,0.086091,0.050856,9.035919,0.066377,29.798284
1403638540977829376.000000,0.000000,0.000000,13.694810,5.362066,0.066920,0.025706,7.708716,0.329639,28.032857
1403638541027829504.000000,0.000000,0.000000,11.877514,8.095655,0.076196,0.058111,10.439364,0.072869,32.831649
1403638541077829376.000000,0.000000,0.000000,12.884948,5.580548,0.076573,0.059765,11.611914,0.073827,29.534438
1403638541127829504.000000,0.000000,0.000000,12.980727,7.544550,0.113943,0.035265,10.920329,0.346256,28.806748
1403638541177829376.000000,0.000000,0.000000,12.268708,4.460142,0.077964,0.075691,13.590784,0.160997,25.442858
1403638541227829504.000000,0.000000,0.000000,13.826879,10.015996,0.088401,0.051451,9.496267,0.067264,36.769493
1403638541277829376.000000,0.000000,0.000000,13.616379,4.810401,0.090694,0.037196,10.569126,0.409569,28.436053
1403638541327829504.000000,0.000000,0.000000,12.891117,6.876296,0.069118,0.056984,12.271906,0.080811,30.637403
1403638541377829376.000000,0.000000,0.000000,13.197449,7.309715,0.106727,0.059733,12.594064,0.078872,33.839143
1403638541427829504.000000,0.000000,0.000000,13.042053,8.330846,0.074006,0.057881,11.709085,0.431189,30.578849
1403638541477829376.000000,0.000000,0.000000,13.285371,7.992946,0.110076,0.050139,13.884243,0.084019,34.443859
1403638541527829504.000000,0.000000,0.000000,13.200603,8.632778,0.079790,0.061580,10.792799,0.091512,37.574920
1403638541577829376.000000,0.000000,0.000000,12.250606,8.171266,0.085995,0.052958,9.083339,0.307492,33.711250
1403638541627829504.000000,0.000000,0.000000,12.760683,5.365312,0.110386,0.060542,13.110806,0.083103,29.325214
1403638541677829376.000000,0.000000,0.000000,14.095783,5.163436,0.099347,0.066842,13.044184,0.084249,30.429847
1403638541727829504.000000,0.000000,0.000000,12.381231,7.981798,0.113534,0.054689,11.227107,0.423574,33.611532
1403638541777829376.000000,0.000000,0.000000,11.988657,4.557452,0.098366,0.042353,10.307189,0.071125,26.775770
1403638541827829504.000000,0.000000,0.000000,11.640902,8.406738,0.112836,0.058581,12.597991,0.078753,35.726419
1403638541877829376.000000,0.000000,0.000000,12.972522,5.482599,0.118215,0.031583,8.944969,0.066824,30.470432
1403638541927829504.000000,0.000000,0.000000,12.399512,8.317198,0.118845,0.040878,9.516700,0.320618,35.973750
1403638541977829376.000000,0.000000,0.000000,12.827359,8.550357,0.083891,0.055144,12.667380,0.078527,34.864931
1403638542027829504.000000,0.000000,0.000000,12.647671,7.916269,0.132202,0.054689,12.980580,0.083793,32.284543
1403638542077829376.000000,0.000000,0.000000,12.950936,7.577192,0.094409,0.053435,9.358656,0.379363,33.544794
1403638542127829504.000000,0.000000,0.000000,11.658638,8.751727,0.055666,0.045535,10.407923,0.069433,36.614788
1403638542177829376.000000,0.000000,0.000000,12.177101,6.714633,0.116263,0.061697,13.236193,0.087501,30.283890
1403638542227829504.000000,0.000000,0.000000,11.993359,5.763651,0.103662,0.044904,8.818438,0.337119,30.833096
1403638542277829376.000000,0.000000,0.000000,12.425736,8.026953,0.125964,0.058009,13.385253,0.082178,34.238077
1403638542327829504.000000,0.000000,0.000000,11.322946,6.044811,0.130129,0.058709,13.130448,0.069111,30.680943
1403638542377829376.000000,0.000000,0.000000,11.761679,9.204883,0.117811,0.052414,9.047048,0.376109,33.543592
1403638542427829504.000000,0.000000,0.000000,11.417563,8.715794,0.117371,0.055670,12.787306,0.076930,37.153611
1403638542477829376.000000,0.000000,0.000000,12.478110,8.175659,0.104546,0.053694,12.500036,0.081862,34.766348
1403638542527829504.000000,0.000000,0.000000,11.088949,4.901335,0.106393,0.047271,9.280905,0.367668,27.635943
1403638542577829376.000000,0.000000,0.000000,11.713662,5.538909,0.118002,0.049706,13.251413,0.088836,27.844593
1403638542627829504.000000,0.000000,0.000000,11.476239,5.809746,0.108297,0.053994,12.796826,0.084334,30.365229
1403638542677829376.000000,0.000000,0.000000,11.305919,6.477658,0.135243,0.041183,11.464125,0.459700,28.650929
1403638542727829504.000000,0.000000,0.000000,11.475885,5.677990,0.097954,0.056381,11.925233,0.128530,29.521981
1403638542777829376.000000,0.000000,0.000000,12.621986,8.936894,0.103191,0.050289,11.886335,0.104538,35.341782
1403638542827829504.000000,0.000000,0.000000,11.192895,4.880216,0.117478,0.037505,8.624730,0.353975,27.440656
1403638542877829376.000000,0.000000,0.000000,11.630794,8.232138,0.102951,0.049337,12.277879,0.095696,33.575606
1403638542927829504.000000,0.000000,0.000000,11.888288,7.637384,0.122108,0.060345,13.566064,0.088914,35.119663
1403638542977829376.000000,0.000000,0.000000,11.776808,5.427118,0.121890,0.049962,8.860658,0.407293,31.015111
1403638543027829504.000000,0.000000,0.000000,11.785896,8.134049,0.111037,0.048779,12.065533,0.076543,34.636001
1403638543077829376.000000,0.000000,0.000000,12.371046,9.452243,0.126297,0.052769,9.569976,0.070002,42.140822
1403638543127829504.000000,0.000000,0.000000,11.085256,6.482594,0.115829,0.026620,8.362726,0.429598,32.859313
1403638543177829376.000000,0.000000,0.000000,11.364880,8.172613,0.102893,0.059161,10.809666,0.091203,35.851559
1403638543227829504.000000,0.000000,0.000000,11.982291,7.743675,0.109067,0.052557,12.098982,0.079671,34.356092
1403638543277829376.000000,0.000000,0.000000,11.378331,5.049354,0.119964,0.044181,8.787800,0.363616,29.063746
1403638543327829504.000000,0.000000,0.000000,11.952203,6.053899,0.135956,0.054489,13.074670,0.084474,31.847828
1403638543377829376.000000,0.000000,0.000000,14.516016,6.398054,0.117917,0.054896,12.763190,0.082894,34.491627
1403638543427829504.000000,0.000000,0.000000,12.312812,8.186538,0.108082,0.048437,10.630460,0.427872,36.608798
1403638543477829376.000000,0.000000,0.000000,10.983866,7.598715,0.075661,0.043881,10.282277,0.071438,34.827029
1403638543527829504.000000,0.000000,0.000000,9.866250,5.597117,0.067233,0.058512,13.167492,0.084225,28.260384
1403638543577829376.000000,0.000000,0.000000,10.986804,8.315022,0.047665,0.038880,10.938258,0.439447,35.546760
1403638543627829504.000000,0.000000,0.000000,11.971292,6.882754,0.123308,0.075017,12.791025,0.116011,30.614664
1403638543677829376.000000,0.000000,0.000000,11.522474,8.204989,0.121773,0.057337,12.834268,0.080053,35.445792
1403638543727829504.000000,0.000000,0.000000,12.471073,7.858526,0.074798,0.030483,8.803867,0.505034,34.740137
1403638543777829376.000000,0.000000,0.000000,10.848048,8.621779,0.093155,0.058307,12.659422,0.084800,35.178484
1403638543827829504.000000,0.000000,0.000000,11.672606,8.197323,0.062253,0.057462,12.713904,0.086173,31.740153
1403638543877829376.000000,0.000000,0.000000,11.286764,6.060759,0.107818,0.050543,9.626620,0.510454,29.655470
1403638543927829504.000000,0.000000,0.000000,11.444043,5.228888,0.120891,0.075997,14.347373,0.107725,28.953782
1403638543977829376.000000,0.000000,0.000000,11.154614,7.596095,0.117603,0.054168,13.734811,0.087626,32.651870
1403638544027829504.000000,0.000000,0.000000,11.307450,8.577703,0.102514,0.047745,9.449663,0.512328,33.717535
1403638544077829376.000000,0.000000,0.000000,10.965778,8.464062,0.114569,0.060880,11.546931,0.079538,33.021332
1403638544127829504.000000,0.000000,0.000000,11.707043,7.109327,0.076260,0.061645,12.904138,0.084862,33.526391
1403638544177829376.000000,0.000000,0.000000,11.436163,8.446418,0.057720,0.032532,7.906303,0.482009,30.561820
1403638544227829504.000000,0.000000,0.000000,11.322652,8.958499,0.073613,0.067068,10.820647,0.082721,35.911041
1403638544277829376.000000,0.000000,0.000000,12.527095,6.735003,0.107694,0.058859,11.983963,0.074456,29.923488
1403638544327829504.000000,0.000000,0.000000,12.242402,8.616422,0.112871,0.042808,8.197347,0.489317,31.657738
1403638544377829376.000000,0.000000,0.000000,13.556511,6.936019,0.119091,0.059732,11.336159,0.079709,32.770583
1403638544427829504.000000,0.000000,0.000000,11.612920,8.087603,0.121681,0.058546,12.835372,0.086470,31.036316
1403638544477829376.000000,0.000000,0.000000,11.837657,7.599407,0.099554,0.047025,8.244299,0.428544,37.017810
1403638544527829504.000000,0.000000,0.000000,11.735795,8.124188,0.097265,0.069869,11.880131,0.119144,35.350454
1403638544577829376.000000,0.000000,0.000000,11.674970,5.572620,0.122714,0.056325,12.600475,0.119227,29.597992
1403638544627829504.000000,0.000000,0.000000,11.945151,5.742989,0.114599,0.061343,12.628953,0.561051,30.878013
1403638544677829376.000000,0.000000,0.000000,13.350666,8.129082,0.122311,0.075612,14.121586,0.132224,38.088691
1403638544727829504.000000,0.000000,0.000000,12.275528,7.244027,0.100323,0.066692,13.977388,0.147805,31.511049
1403638544777829376.000000,0.000000,0.000000,13.186200,7.936421,0.090788,0.058701,12.082178,0.611149,37.892403
1403638544827829504.000000,0.000000,0.000000,13.224757,4.952548,0.110758,0.072861,14.741693,0.126308,31.042363
1403638544877829376.000000,0.000000,0.000000,12.185912,4.697669,0.126402,0.065540,12.934084,0.140317,29.039957
1403638544927829504.000000,0.000000,0.000000,14.992230,5.240763,0.118683,0.041054,12.372292,0.540296,36.126222
1403638544977829376.000000,0.000000,0.000000,11.933187,7.401260,0.102390,0.080751,14.516427,0.127704,35.684540
1403638545027829504.000000,0.000000,0.000000,13.572274,7.141393,0.120839,0.068072,13.991253,0.106956,37.882373
1403638545077829376.000000,0.000000,0.000000,13.671205,5.720180,0.137877,0.043216,10.325058,0.074725,33.047970
1403638545127829504.000000,0.000000,0.000000,14.072572,7.720056,0.125814,0.056979,11.753856,0.548437,38.060286
1403638545177829376.000000,0.000000,0.000000,13.065485,8.722687,0.100471,0.057389,14.424119,0.094610,40.420244
1403638545227829504.000000,0.000000,0.000000,13.821103,7.652913,0.099147,0.063327,14.008093,0.091805,37.710645
1403638545277829376.000000,0.000000,0.000000,12.589032,4.959906,0.109148,0.043101,10.893361,0.557275,32.948836
1403638545327829504.000000,0.000000,0.000000,12.556202,5.370951,0.092558,0.074655,12.023360,0.115287,31.514003
1403638545377829376.000000,0.000000,0.000000,13.299947,6.471988,0.116317,0.057966,12.794536,0.134772,34.560244
1403638545427829504.000000,0.000000,0.000000,13.439395,7.799655,0.100957,0.035767,11.070362,0.509647,38.290178
1403638545477829376.000000,0.000000,0.000000,12.737276,7.517928,0.123262,0.076071,13.487099,0.129296,35.694724
1403638545527829504.000000,0.000000,0.000000,12.765612,7.288305,0.123182,0.066365,13.876057,0.124713,32.877290
1403638545577829376.000000,0.000000,0.000000,13.982707,9.062211,0.115044,0.041097,10.348633,0.568838,39.995127
1403638545627829504.000000,0.000000,0.000000,12.952514,6.874987,0.113188,0.071659,13.580142,0.110698,33.133918
1403638545677829376.000000,0.000000,0.000000,12.585499,6.555620,0.328855,0.057973,13.542203,0.124041,32.796494
1403638545727829504.000000,0.000000,0.000000,12.391935,7.189269,0.101907,0.059196,12.674298,0.588962,34.792992
1403638545777829376.000000,0.000000,0.000000,12.550817,7.054746,0.110032,0.066717,11.650779,0.092556,36.317923
1403638545827829504.000000,0.000000,0.000000,14.249239,5.295666,0.096954,0.062031,13.932532,0.112683,31.633026
1403638545877829376.000000,0.000000,0.000000,12.122990,6.901823,0.092500,0.033731,9.778747,0.497622,32.047441
1403638545927829504.000000,0.000000,0.000000,12.062350,5.176903,0.091468,0.082699,14.158923,0.092451,28.028715
1403638545977829376.000000,0.000000,0.000000,12.399807,5.535406,0.124208,0.056704,12.646238,0.088845,30.513793
1403638546027829504.000000,0.000000,0.000000,12.438416,7.731740,0.118187,0.054654,9.837742,0.511507,31.765658
1403638546077829376.000000,0.000000,0.000000,13.183850,8.268527,0.114231,0.060809,14.447383,0.092445,37.194097
1403638546127829504.000000,0.000000,0.000000,13.512926,7.494562,0.066520,0.062928,13.860077,0.088220,33.030245
1403638546177829376.000000,0.000000,0.000000,12.781359,7.205958,0.090866,0.065899,10.385275,0.063376,33.219744
1403638546227829504.000000,0.000000,0.000000,16.801849,6.830936,0.093298,0.035501,12.404437,0.536661,39.227865
1403638546277829376.000000,0.000000,0.000000,12.737264,4.987527,0.091911,0.049424,13.799253,0.086129,29.292420
1403638546327829504.000000,0.000000,0.000000,12.763577,4.619736,0.093209,0.067183,13.461977,0.092298,27.977535
1403638546377829376.000000,0.000000,0.000000,12.552205,8.244960,0.097288,0.034871,9.391142,0.072550,38.013625
1403638546427829504.000000,0.000000,0.000000,12.649424,5.305505,0.058822,0.065627,9.926025,0.084508,30.514127
1403638546477829376.000000,0.000000,0.000000,12.613374,5.388193,0.091254,0.059952,11.427221,0.080707,30.086350
1403638546527829504.000000,0.000000,0.000000,13.372007,5.259215,0.097613,0.059393,11.486852,0.130534,32.530004
1403638546577829376.000000,0.000000,0.000000,12.910935,4.977687,0.113443,0.054078,11.055632,0.113994,31.399791
1403638546627829504.000000,0.000000,0.000000,12.857417,5.194254,0.108217,0.051778,10.352993,0.078617,30.248920
1403638546677829376.000000,0.000000,0.000000,12.846587,6.068349,0.097350,0.054756,11.195657,0.104215,32.257585
1403638546727829504.000000,0.000000,0.000000,12.451117,4.762192,0.103129,0.026383,8.289508,0.594499,30.034185
1403638546777829376.000000,0.000000,0.000000,12.870026,4.358072,0.112166,0.072044,12.075650,0.120318,28.503316
1403638546827829504.000000,0.000000,0.000000,13.934409,7.747726,0.121028,0.052562,9.178544,0.074196,34.400688
1403638546877829376.000000,0.000000,0.000000,13.060497,6.615724,0.134648,0.030296,7.988246,0.060809,35.575706
1403638546927829504.000000,0.000000,0.000000,13.003804,7.222776,0.123839,0.047933,11.837235,0.077656,35.058668
1403638546977829376.000000,0.000000,0.000000,15.250792,9.777697,0.125596,0.031077,8.150620,0.070993,42.820025
1403638547027829504.000000,0.000000,0.000000,13.287508,7.980969,0.123225,0.036104,9.245136,0.066113,37.523789
1403638547077829376.000000,0.000000,0.000000,13.720195,10.034833,0.113034,0.037642,8.871511,0.444232,38.835661
1403638547127829504.000000,0.000000,0.000000,13.322168,7.535367,0.126444,0.053698,12.150453,0.082217,37.084012
1403638547177829376.000000,0.000000,0.000000,12.782341,6.685273,0.120551,0.070418,10.353516,0.079144,34.516973
1403638547227829504.000000,0.000000,0.000000,13.061668,7.992053,0.128639,0.054627,10.167283,0.090270,34.753611
1403638547277829376.000000,0.000000,0.000000,12.909170,7.581962,0.119214,0.061463,10.209342,0.056480,37.085959
1403638547327829504.000000,0.000000,0.000000,13.280149,7.629313,0.075730,0.043217,10.257659,0.488740,38.378457
1403638547377829376.000000,0.000000,0.000000,12.797819,7.096155,0.122661,0.062404,11.834929,0.082201,39.122616
1403638547427829504.000000,0.000000,0.000000,12.696148,8.092231,0.087739,0.063570,11.265287,0.081690,37.693669
1403638547477829376.000000,0.000000,0.000000,13.088055,7.059964,0.125984,0.047094,10.598976,0.075536,34.255007
1403638547527829504.000000,0.000000,0.000000,12.500196,7.531836,0.111356,0.070650,12.335883,0.696367,34.193128
1403638547577829376.000000,0.000000,0.000000,14.344755,7.523648,0.114585,0.094698,12.869492,0.075409,39.138999
1403638547627829504.000000,0.000000,0.000000,12.562944,7.008448,0.104894,0.060416,9.156443,0.094380,37.052604
1403638547677829376.000000,0.000000,0.000000,12.826315,6.813102,0.110071,0.035083,9.141139,0.076799,32.570622
1403638547727829504.000000,0.000000,0.000000,12.317733,5.130314,0.116799,0.049669,8.694567,0.434966,31.624348
1403638547777829376.000000,0.000000,0.000000,12.556802,6.527507,0.105275,0.057580,9.882807,0.076588,34.824331
1403638547827829504.000000,0.000000,0.000000,12.770635,6.668700,0.112531,0.062429,11.327457,0.079297,34.818350
1403638547877829376.000000,0.000000,0.000000,13.799806,5.093517,0.111259,0.050937,8.212671,0.060086,34.487060
1403638547927829504.000000,0.000000,0.000000,12.792918,10.444520,0.094833,0.036570,8.835618,0.474846,39.322468
1403638547977829376.000000,0.000000,0.000000,14.073635,7.529943,0.089655,0.044877,9.408759,0.070054,36.103012
1403638548027829504.000000,0.000000,0.000000,14.227954,4.346348,0.114496,0.065051,11.456689,0.082205,30.846628
1403638548077829376.000000,0.000000,0.000000,12.825639,8.072051,0.099004,0.043485,7.573985,0.058028,33.978877
1403638548127829504.000000,0.000000,0.000000,12.867836,8.345268,0.113536,0.068582,12.644467,0.601573,38.059130
1403638548177829376.000000,0.000000,0.000000,12.472943,4.443958,0.110544,0.037104,9.850425,0.068304,28.578770
1403638548227829504.000000,0.000000,0.000000,13.059206,9.264864,0.111229,0.067288,12.253957,0.095157,38.762448
1403638548277829376.000000,0.000000,0.000000,12.882267,6.985291,0.124939,0.053344,10.873535,0.077546,35.103517
1403638548327829504.000000,0.000000,0.000000,12.700524,7.450156,0.121215,0.042958,8.192299,0.393239,33.612156
1403638548377829376.000000,0.000000,0.000000,12.577643,9.291825,0.125659,0.066782,13.211501,0.098733,38.848757
1403638548427829504.000000,0.000000,0.000000,12.480091,8.031631,0.114502,0.073412,10.149393,0.074812,37.289498
1403638548477829376.000000,0.000000,0.000000,12.948965,9.821880,0.094551,0.060736,9.309990,0.080234,36.739139
1403638548527829504.000000,0.000000,0.000000,12.437817,7.851948,0.092390,0.069026,9.392143,0.408233,36.128271
1403638548577829376.000000,0.000000,0.000000,12.629074,4.686117,0.091593,0.065259,10.247440,0.071258,30.098924
1403638548627829504.000000,0.000000,0.000000,13.050789,4.735585,0.064447,0.061451,11.044087,0.089835,29.166375
1403638548677829376.000000,0.000000,0.000000,12.566518,8.385574,0.116203,0.038458,10.259025,0.479635,34.558205
1403638548727829504.000000,0.000000,0.000000,12.564399,6.840934,0.120491,0.074211,12.903192,0.114483,34.321793
1403638548777829376.000000,0.000000,0.000000,12.890545,7.479638,0.086816,0.079460,12.174230,0.092066,34.563913
1403638548827829504.000000,0.000000,0.000000,13.189178,10.470963,0.115857,0.043012,10.925204,0.468252,40.879258
1403638548877829376.000000,0.000000,0.000000,12.910917,4.819414,0.114966,0.079541,13.677872,0.126338,30.523815
1403638548927829504.000000,0.000000,0.000000,13.878151,7.181807,0.115424,0.060271,10.281481,0.083447,35.091433
1403638548977829376.000000,0.000000,0.000000,12.604174,8.495328,0.127443,0.035092,9.267732,0.412987,36.583581
1403638549027829504.000000,0.000000,0.000000,13.698308,7.198563,0.125424,0.082692,10.744898,0.107613,36.882719
1403638549077829376.000000,0.000000,0.000000,12.774763,8.010779,0.096442,0.068345,12.238091,0.083211,36.888757
1403638549127829504.000000,0.000000,0.000000,12.731367,7.829388,0.121872,0.068826,8.846019,0.489893,37.825442
1403638549177829376.000000,0.000000,0.000000,12.925438,7.347929,0.126789,0.072352,13.261864,0.101835,34.429425
1403638549227829504.000000,0.000000,0.000000,12.490298,7.581988,0.125972,0.066227,12.951338,0.097068,32.770093
1403638549277829376.000000,0.000000,0.000000,13.128458,7.408096,0.130067,0.096028,11.822055,0.520003,37.466267
1403638549327829504.000000,0.000000,0.000000,12.686439,7.718462,0.100300,0.048111,14.271697,0.198344,36.588636
1403638549377829376.000000,0.000000,0.000000,12.701293,7.357218,0.118387,0.063343,11.936296,0.132082,34.992643
1403638549427829504.000000,0.000000,0.000000,13.375340,6.357324,0.098803,0.031010,9.195226,0.073407,33.306210
1403638549477829376.000000,0.000000,0.000000,12.677965,7.558240,0.096358,0.055459,12.905666,0.468350,36.467353
1403638549527829504.000000,0.000000,0.000000,12.842095,5.245840,0.116382,0.047402,12.656701,0.085500,30.608846
1403638549577829376.000000,0.000000,0.000000,11.419008,5.210729,0.115229,0.060212,12.593973,0.092077,29.816252
1403638549627829504.000000,0.000000,0.000000,13.066893,6.806031,0.117581,0.049038,11.005778,0.494018,36.076116
1403638549677829376.000000,0.000000,0.000000,12.508377,6.780910,0.091776,0.061927,13.359419,0.103118,35.620858
1403638549727829504.000000,0.000000,0.000000,13.206692,4.976166,0.123254,0.065031,12.936184,0.104866,31.139216
1403638549777829376.000000,0.000000,0.000000,12.976110,5.013052,0.088059,0.032498,8.676359,0.477430,31.632312
1403638549827829504.000000,0.000000,0.000000,12.311893,8.257350,0.077305,0.061337,12.658884,0.091382,37.041026
1403638549877829376.000000,0.000000,0.000000,12.212476,5.329189,0.122865,0.058216,12.246526,0.093351,30.143344
1403638549927829504.000000,0.000000,0.000000,12.196435,7.311950,0.100285,0.033964,8.980763,0.453974,36.115754
1403638549977829376.000000,0.000000,0.000000,12.733261,7.567989,0.119531,0.058127,13.089644,0.096375,37.236057
1403638550027829504.000000,0.000000,0.000000,12.370682,5.230094,0.113531,0.058742,12.758869,0.087864,30.803334
1403638550077829376.000000,0.000000,0.000000,12.162300,7.708566,0.130143,0.046012,8.959592,0.499656,36.263090
1403638550127829504.000000,0.000000,0.000000,12.553006,6.713956,0.121187,0.063214,13.610635,0.104819,34.898468
1403638550177829376.000000,0.000000,0.000000,12.911150,7.884291,0.128699,0.059529,12.859782,0.106573,34.019242
1403638550227829504.000000,0.000000,0.000000,12.184902,7.033487,0.116482,0.042272,10.385508,0.580704,35.859824
1403638550277829376.000000,0.000000,0.000000,12.065985,7.532038,0.106151,0.059486,12.519617,0.084202,36.260448
1403638550327829504.000000,0.000000,0.000000,15.003830,8.092735,0.111309,0.059909,12.281869,0.085403,38.273154
1403638550377829376.000000,0.000000,0.000000,12.963815,8.218450,0.096858,0.045281,11.745522,0.528649,36.865102
1403638550427829504.000000,0.000000,0.000000,12.169403,6.948628,0.143498,0.055469,13.357527,0.089077,35.079133
1403638550477829376.000000,0.000000,0.000000,11.846296,5.020575,0.129255,0.061292,13.259879,0.120791,29.192718
1403638550527829504.000000,0.000000,0.000000,11.795053,7.495993,0.111256,0.031549,8.265652,0.440168,34.864673
1403638550577829376.000000,0.000000,0.000000,11.526195,7.953695,0.103817,0.057060,10.214137,0.069884,36.368705
1403638550627829504.000000,0.000000,0.000000,13.527141,6.101947,0.098161,0.056413,10.234827,0.072843,32.403491
1403638550677829376.000000,0.000000,0.000000,12.964592,6.250175,0.103496,0.033274,10.368940,0.510733,34.515112
1403638550727829504.000000,0.000000,0.000000,12.728778,8.790588,0.115720,0.061450,11.421695,0.084334,34.940334
1403638550777829376.000000,0.000000,0.000000,13.100722,4.623193,0.114222,0.058609,13.715783,0.096455,29.878799
1403638550827829504.000000,0.000000,0.000000,11.895637,5.387516,0.097656,0.041184,8.842383,0.465092,31.966946
1403638550877829376.000000,0.000000,0.000000,12.176021,6.665961,0.120411,0.060376,10.114254,0.068509,34.578770
1403638550927829504.000000,0.000000,0.000000,12.917452,5.642024,0.123712,0.057008,11.057901,0.091295,31.376658
1403638550977829376.000000,0.000000,0.000000,11.926317,7.344013,0.127974,0.060744,10.710066,0.480038,36.366947
1403638551027829504.000000,0.000000,0.000000,11.812615,7.381334,0.112690,0.066042,12.911386,0.091741,35.690653
1403638551077829376.000000,0.000000,0.000000,11.862681,7.807353,0.124104,0.057462,10.278097,0.092628,34.755615
1403638551127829504.000000,0.000000,0.000000,12.712423,5.211288,0.127048,0.036270,8.576733,0.517656,31.622333
1403638551177829376.000000,0.000000,0.000000,12.278542,7.471318,0.071408,0.067442,11.814780,0.087517,36.172310
1403638551227829504.000000,0.000000,0.000000,11.706355,7.911001,0.069600,0.061452,12.514024,0.095453,34.417891
1403638551277829376.000000,0.000000,0.000000,14.559344,9.219298,0.111413,0.035653,11.038391,0.573597,39.895420
1403638551327829504.000000,0.000000,0.000000,11.925536,6.777324,0.127976,0.064592,12.954243,0.094106,34.750265
1403638551377829376.000000,0.000000,0.000000,12.720673,7.869193,0.121376,0.053875,10.624990,0.096302,33.804987
1403638551427829504.000000,0.000000,0.000000,12.128624,7.239219,0.166486,0.031333,10.135737,0.470324,35.850350
1403638551477829376.000000,0.000000,0.000000,13.202326,7.648159,0.150511,0.067678,12.375778,0.096592,36.883358
1403638551527829504.000000,0.000000,0.000000,12.052772,7.621645,0.102619,0.056842,11.518229,0.110658,33.775881
1403638551577829376.000000,0.000000,0.000000,14.745507,6.402903,0.145101,0.036172,12.022407,0.571590,39.669732
1403638551627829504.000000,0.000000,0.000000,11.757694,6.316510,0.060174,0.058477,12.676327,0.090175,35.091256
1403638551677829376.000000,0.000000,0.000000,11.446143,7.322375,0.145674,0.055070,10.954226,0.091237,32.576717
1403638551727829504.000000,0.000000,0.000000,11.407909,5.794720,0.123391,0.038304,10.380020,0.597949,32.148125
1403638551777829376.000000,0.000000,0.000000,11.715345,7.550478,0.065061,0.066780,13.046739,0.093678,35.573766
1403638551827829504.000000,0.000000,0.000000,11.675739,4.877926,0.130619,0.062369,12.923896,0.103246,28.659548
1403638551877829376.000000,0.000000,0.000000,12.456179,7.755226,0.109490,0.044963,10.918877,0.604977,34.909188
1403638551927829504.000000,0.000000,0.000000,13.824516,7.422673,0.061931,0.059626,11.000680,0.080266,36.378922
1403638551977829376.000000,0.000000,0.000000,11.825652,4.779002,0.120946,0.052181,10.312673,0.111456,28.551573
1403638552027829504.000000,0.000000,0.000000,11.391789,5.810101,0.121566,0.047588,10.816720,0.560934,31.764210
1403638552077829376.000000,0.000000,0.000000,11.745891,6.751815,0.109609,0.078217,11.405851,0.102180,34.783393
1403638552127829504.000000,0.000000,0.000000,12.269454,4.773031,0.125043,0.052018,9.560800,0.081226,29.411149
1403638552177829376.000000,0.000000,0.000000,13.284462,5.650855,0.121143,0.084131,9.342859,0.455229,35.050240
1403638552227829504.000000,0.000000,0.000000,12.076739,6.688603,0.079286,0.070089,12.937530,0.094746,34.911623
1403638552277829376.000000,0.000000,0.000000,11.797963,6.438980,0.130987,0.058709,11.178024,0.090936,34.602097
1403638552327829504.000000,0.000000,0.000000,12.575420,6.616290,0.134999,0.033396,7.653784,0.564262,37.356515
1403638552377829376.000000,0.000000,0.000000,13.915230,7.423167,0.080151,0.078661,12.412001,0.091527,38.948524
1403638552427829504.000000,0.000000,0.000000,12.068405,7.556183,0.118885,0.069927,8.880691,0.110192,35.937982
1403638552477829376.000000,0.000000,0.000000,11.524662,7.391473,0.131596,0.030704,8.012070,0.575641,37.763834
1403638552527829504.000000,0.000000,0.000000,12.702134,6.045760,0.143554,0.069225,9.591318,0.082585,35.823704
1403638552577829376.000000,0.000000,0.000000,12.408041,7.255589,0.140744,0.058441,11.404424,0.087957,35.750100
1403638552627829504.000000,0.000000,0.000000,12.354085,7.547538,0.123186,0.036823,7.533187,0.553269,38.744614
1403638552677829376.000000,0.000000,0.000000,12.044420,6.877198,0.127305,0.075277,11.960229,0.092646,37.021296
1403638552727829504.000000,0.000000,0.000000,11.991628,5.104536,0.132705,0.058912,11.123631,0.091662,30.616766
1403638552777829376.000000,0.000000,0.000000,12.045923,5.399505,0.126614,0.043016,7.378079,0.473960,32.840558
1403638552827829504.000000,0.000000,0.000000,11.854877,6.823277,0.129328,0.062413,10.756029,0.076297,36.994654
1403638552877829376.000000,0.000000,0.000000,11.917053,7.417867,0.104113,0.075062,9.776892,0.087616,37.906323
1403638552927829504.000000,0.000000,0.000000,12.274061,6.609120,0.111871,0.035113,7.596168,0.609134,33.913898
1403638552977829376.000000,0.000000,0.000000,12.912927,6.630788,0.130304,0.067580,10.695285,0.089021,35.010212
1403638553027829504.000000,0.000000,0.000000,14.268785,5.700608,0.123890,0.047191,8.833927,0.100072,36.583674
1403638553077829376.000000,0.000000,0.000000,12.802998,5.157794,0.159417,0.024408,6.871879,0.533499,32.703815
1403638553127829504.000000,0.000000,0.000000,12.784714,6.515287,0.163145,0.060259,8.968970,0.071009,36.376030
1403638553177829376.000000,0.000000,0.000000,12.803946,7.075847,0.120977,0.069710,9.177276,0.077097,37.465091
1403638553227829504.000000,0.000000,0.000000,11.502782,7.112530,0.117968,0.033261,5.232546,0.464821,33.348201
1403638553277829376.000000,0.000000,0.000000,11.984009,6.812354,0.126892,0.078942,10.908394,0.084320,35.793544
1403638553327829504.000000,0.000000,0.000000,12.187962,6.538003,0.118158,0.054650,9.198374,0.059383,35.632732
1403638553377829376.000000,0.000000,0.000000,12.801511,6.965089,0.114550,0.037373,5.969140,0.393822,36.555888
1403638553427829504.000000,0.000000,0.000000,12.474968,5.283422,0.122471,0.070782,10.848416,0.102719,32.883429
1403638553477829376.000000,0.000000,0.000000,12.377156,5.659675,0.131336,0.059329,9.876749,0.082977,35.421706
1403638553527829504.000000,0.000000,0.000000,13.203209,5.079560,0.113862,0.028380,5.703694,0.431753,31.759312
1403638553577829376.000000,0.000000,0.000000,12.745071,6.610340,0.140669,0.053841,7.386282,0.058857,37.219083
1403638553627829504.000000,0.000000,0.000000,11.673169,5.755150,0.083720,0.057139,9.288984,0.077694,33.357910
1403638553677829376.000000,0.000000,0.000000,12.069003,7.182099,0.135629,0.044906,6.206603,0.400762,32.688028
1403638553727829504.000000,0.000000,0.000000,12.608669,7.106600,0.123692,0.068139,8.285329,0.089266,37.928946
1403638553777829376.000000,0.000000,0.000000,11.595712,7.220764,0.074940,0.061986,7.889272,0.055911,35.967469
1403638553827829504.000000,0.000000,0.000000,13.417706,4.870536,0.133108,0.040297,6.834856,0.073875,32.214533
1403638553877829376.000000,0.000000,0.000000,11.311454,6.567602,0.131010,0.037692,9.530163,0.489527,34.334655
1403638553927829504.000000,0.000000,0.000000,12.155922,6.845181,0.126152,0.062402,11.309230,0.120291,36.215228
1403638553977829376.000000,0.000000,0.000000,13.405276,7.336529,0.140447,0.066673,8.640815,0.080181,38.648252
1403638554027829504.000000,0.000000,0.000000,12.781094,8.139833,0.146607,0.046351,9.418149,0.480408,33.519746
1403638554077829376.000000,0.000000,0.000000,11.722255,7.533140,0.150397,0.073590,11.027632,0.085035,33.117036
1403638554127829504.000000,0.000000,0.000000,11.564337,7.788378,0.147782,0.065336,12.355998,0.085294,35.051015
1403638554177829376.000000,0.000000,0.000000,12.789420,8.013565,0.146652,0.034078,7.401347,0.328202,35.884575
1403638554227829504.000000,0.000000,0.000000,12.352720,8.768752,0.151214,0.082290,12.371117,0.092269,36.568679
1403638554277829376.000000,0.000000,0.000000,12.189293,8.254226,0.134159,0.070803,10.113865,0.081782,34.602542
1403638554327829504.000000,0.000000,0.000000,13.597849,8.067677,0.091871,0.042819,8.557458,0.426875,36.896611
1403638554377829376.000000,0.000000,0.000000,12.413453,7.331835,0.118663,0.068972,11.686470,0.083844,32.092829
1403638554427829504.000000,0.000000,0.000000,11.823039,7.192745,0.133340,0.070502,11.782471,0.086805,34.681254
1403638554477829376.000000,0.000000,0.000000,11.812029,5.287385,0.176288,0.057785,10.541734,0.463125,30.414941
1403638554527829504.000000,0.000000,0.000000,14.131957,6.752183,0.116587,0.073653,9.822967,0.102907,32.304577
1403638554577829376.000000,0.000000,0.000000,12.877876,7.916588,0.139065,0.058429,8.730312,0.066479,35.879254
1403638554627829504.000000,0.000000,0.000000,12.056465,4.705010,0.130635,0.041748,8.169214,0.354196,27.915454
1403638554677829376.000000,0.000000,0.000000,12.232580,5.387159,0.173403,0.064745,11.397061,0.088477,30.551407
1403638554727829504.000000,0.000000,0.000000,12.349407,5.405475,0.170157,0.065758,10.260090,0.084330,30.006399
1403638554777829376.000000,0.000000,0.000000,12.574834,7.909595,0.174678,0.076895,6.803653,0.367451,36.749887
1403638554827829504.000000,0.000000,0.000000,12.171041,8.112181,0.132997,0.081246,11.789248,0.113983,34.059873
1403638554877829376.000000,0.000000,0.000000,16.038715,11.009794,0.143897,0.060869,8.718047,0.090397,42.040449
1403638554927829504.000000,0.000000,0.000000,15.078907,5.298482,0.143587,0.035539,8.206867,0.486520,34.311864
1403638554977829376.000000,0.000000,0.000000,12.401292,7.106336,0.164900,0.075044,10.950918,0.122106,34.008673
1403638555027829504.000000,0.000000,0.000000,15.521161,10.042861,0.170976,0.059532,10.523817,0.095825,41.387485
1403638555077829376.000000,0.000000,0.000000,11.755230,7.587771,0.151933,0.043861,9.230355,0.581156,34.592941
1403638555127829504.000000,0.000000,0.000000,11.809078,7.287840,0.233675,0.086022,11.427053,0.086513,33.858261
1403638555177829376.000000,0.000000,0.000000,15.488818,7.745585,0.127319,0.083860,11.380265,0.086979,40.743108
1403638555227829504.000000,0.000000,0.000000,12.200987,8.642799,0.130339,0.053493,6.702986,0.385659,37.817467
1403638555277829376.000000,0.000000,0.000000,9.967140,4.880285,0.123851,0.066887,10.709406,0.097317,27.132887
1403638555327829504.000000,0.000000,0.000000,13.209888,6.133741,0.131316,0.060594,11.360561,0.083550,35.327706
1403638555377829376.000000,0.000000,0.000000,11.356930,4.679123,0.157518,0.039549,9.132708,0.483688,28.501387
1403638555427829504.000000,0.000000,0.000000,11.755461,6.594471,0.129019,0.069895,8.566476,0.075071,31.569942
1403638555477829376.000000,0.000000,0.000000,11.953132,7.459766,0.125593,0.059336,10.349765,0.077116,34.334136
1403638555527829504.000000,0.000000,0.000000,12.536004,5.271121,0.136377,0.053312,6.672757,0.436895,29.150711
1403638555577829376.000000,0.000000,0.000000,12.417722,5.293231,0.143640,0.059509,9.172538,0.068759,30.715189
1403638555627829504.000000,0.000000,0.000000,11.788825,5.236987,0.122751,0.053819,8.097297,0.073031,30.316776
1403638555677829376.000000,0.000000,0.000000,11.608381,7.028654,0.180302,0.043329,6.929017,0.384246,33.967175
1403638555727829504.000000,0.000000,0.000000,11.871254,4.613894,0.125420,0.061379,8.660949,0.087103,27.271972
1403638555777829376.000000,0.000000,0.000000,12.907461,7.535218,0.173563,0.060870,10.178942,0.095337,38.112651
1403638555827829504.000000,0.000000,0.000000,13.943034,5.307048,0.164566,0.041269,9.314545,0.494876,32.198761
1403638555877829376.000000,0.000000,0.000000,11.922267,7.232770,0.130594,0.053185,9.575664,0.068122,35.872603
1403638555927829504.000000,0.000000,0.000000,12.047178,7.777428,0.171113,0.071047,11.286431,0.083199,34.128455
1403638555977829376.000000,0.000000,0.000000,11.928187,6.053956,0.156470,0.050116,7.681960,0.359063,29.492224
1403638556027829504.000000,0.000000,0.000000,13.643578,11.681233,0.139839,0.077065,11.208022,0.081786,42.200341
1403638556077829376.000000,0.000000,0.000000,13.527610,7.489067,0.136217,0.077117,11.981291,0.099702,34.943951
1403638556127829504.000000,0.000000,0.000000,13.479001,5.639169,0.078055,0.033120,7.756324,0.057342,32.123066
1403638556177829376.000000,0.000000,0.000000,11.143200,4.936340,0.147932,0.053046,7.723747,0.391114,29.177578
1403638556227829504.000000,0.000000,0.000000,10.561871,5.899621,0.151040,0.065526,10.076724,0.084835,29.594557
1403638556277829376.000000,0.000000,0.000000,12.633924,6.290412,0.155590,0.071117,10.608166,0.103823,33.638422
1403638556327829504.000000,0.000000,0.000000,12.026692,6.597398,0.173807,0.051840,9.638934,0.081354,33.160940
1403638556377829376.000000,0.000000,0.000000,12.141048,9.264080,0.170454,0.069233,9.419169,0.408857,38.026551
1403638556427829504.000000,0.000000,0.000000,12.362581,7.361198,0.177135,0.051954,12.221034,0.085779,35.441047
1403638556477829376.000000,0.000000,0.000000,11.756199,7.362849,0.143860,0.077431,12.732346,0.112984,33.947709
1403638556527829504.000000,0.000000,0.000000,11.949765,7.586302,0.152293,0.056777,8.281251,0.375400,37.514457
1403638556577829376.000000,0.000000,0.000000,12.075342,4.835584,0.154053,0.076640,13.050882,0.110326,31.393769
1403638556627829504.000000,0.000000,0.000000,11.931885,4.767255,0.157843,0.097776,15.388133,0.166502,29.493783
1403638556677829376.000000,0.000000,0.000000,14.570093,4.796397,0.138502,0.058637,10.206667,0.450660,34.565909
1403638556727829504.000000,0.000000,0.000000,12.384341,6.541255,0.179855,0.062166,11.406784,0.104319,34.476973
1403638556777829376.000000,0.000000,0.000000,12.915427,5.191637,0.182665,0.072131,12.178307,0.099485,30.600102
1403638556827829504.000000,0.000000,0.000000,12.683796,7.733274,0.277544,0.026662,7.777847,0.340893,37.816786
1403638556877829376.000000,0.000000,0.000000,12.538448,7.815625,0.196128,0.054669,11.940686,0.092813,37.862859
1403638556927829504.000000,0.000000,0.000000,12.200805,8.298903,0.171588,0.070105,12.542110,0.089435,37.337239
1403638556977829376.000000,0.000000,0.000000,12.896298,6.871429,0.158689,0.064027,10.816603,0.478029,38.528966
1403638557027829504.000000,0.000000,0.000000,12.391353,6.678577,0.174489,0.055512,9.939958,0.071369,35.362949
1403638557077829376.000000,0.000000,0.000000,12.188760,4.965581,0.177211,0.065132,12.310300,0.091102,29.730098
1403638557127829504.000000,0.000000,0.000000,12.194334,6.547379,0.184104,0.046200,10.466978,0.418747,35.421703
1403638557177829376.000000,0.000000,0.000000,13.519322,7.140271,0.179023,0.061949,12.242978,0.097096,37.157153
1403638557227829504.000000,0.000000,0.000000,12.357423,7.431944,0.186621,0.057021,8.840070,0.107391,36.875851
1403638557277829376.000000,0.000000,0.000000,12.391630,7.107569,0.203135,0.026322,7.160942,0.413304,34.397286
1403638557327829504.000000,0.000000,0.000000,12.686401,7.663306,0.148013,0.065367,12.100599,0.096338,37.418085
1403638557377829376.000000,0.000000,0.000000,12.179488,7.757024,0.186963,0.059899,11.096537,0.088485,36.857937
1403638557427829504.000000,0.000000,0.000000,12.403460,7.509872,0.173243,0.043037,10.280393,0.414486,32.682196
1403638557477829376.000000,0.000000,0.000000,12.514996,7.474706,0.188976,0.056387,11.981843,0.087900,37.191816
1403638557527829504.000000,0.000000,0.000000,12.283550,6.489834,0.191211,0.054154,9.159575,0.111282,35.526052
1403638557577829376.000000,0.000000,0.000000,13.045785,7.576514,0.193164,0.033170,7.216045,0.327177,33.517292
1403638557627829504.000000,0.000000,0.000000,13.394915,5.228108,0.153779,0.057602,11.406025,0.077938,35.396062
1403638557677829376.000000,0.000000,0.000000,11.882548,7.326437,0.198216,0.059763,11.280552,0.102414,36.455648
1403638557727829504.000000,0.000000,0.000000,12.465083,7.770541,0.178148,0.041043,7.648205,0.347086,33.873626
1403638557777829376.000000,0.000000,0.000000,12.137024,6.933826,0.185656,0.062806,8.839045,0.068427,36.764727
1403638557827829504.000000,0.000000,0.000000,11.942399,7.024972,0.188156,0.053747,11.430833,0.084138,36.019002
1403638557877829376.000000,0.000000,0.000000,11.964200,6.894311,0.199041,0.029314,6.522207,0.330334,33.622651
1403638557927829504.000000,0.000000,0.000000,12.686379,8.738757,0.178253,0.051567,10.439395,0.077765,37.603409
1403638557977829376.000000,0.000000,0.000000,12.650747,6.334646,0.195931,0.045745,10.409578,0.094905,34.903470
1403638558027829504.000000,0.000000,0.000000,12.853994,6.643963,0.184701,0.019831,6.208568,0.363029,35.814522
1403638558077829376.000000,0.000000,0.000000,12.370510,7.153593,0.189831,0.049277,10.737587,0.067145,36.472523
1403638558127829504.000000,0.000000,0.000000,11.850525,6.741200,0.163309,0.036891,7.590806,0.052454,36.579845
1403638558177829376.000000,0.000000,0.000000,12.282917,7.770762,0.180205,0.028635,9.637905,0.425719,32.354374
1403638558227829504.000000,0.000000,0.000000,12.725535,6.887558,0.169163,0.056025,11.743922,0.073151,33.286335
1403638558277829376.000000,0.000000,0.000000,12.108991,8.624514,0.169305,0.046142,7.690934,0.077828,34.586619
1403638558327829504.000000,0.000000,0.000000,12.360954,5.466784,0.218560,0.058213,6.926572,0.918009,32.340490
1403638558377829376.000000,0.000000,0.000000,12.317654,5.546494,0.173321,0.059069,10.763170,0.071254,32.880561
1403638558427829504.000000,0.000000,0.000000,12.250062,6.736688,0.160627,0.048321,10.406682,0.073193,37.225655
1403638558477829376.000000,0.000000,0.000000,12.802754,4.631123,0.166474,0.049345,9.889628,0.506932,30.070338
1403638558527829504.000000,0.000000,0.000000,15.200912,4.544507,0.167614,0.043633,10.674495,0.074345,33.835195
1403638558577829376.000000,0.000000,0.000000,12.947499,9.232584,0.196339,0.059956,8.574458,0.065607,36.982847
1403638558627829504.000000,0.000000,0.000000,12.473704,5.349802,0.168046,0.038314,6.713697,0.379228,32.821179
1403638558677829376.000000,0.000000,0.000000,12.362225,7.289532,0.175106,0.053079,9.993735,0.077046,36.265608
1403638558727829504.000000,0.000000,0.000000,12.001927,4.812452,0.173033,0.046911,9.939717,0.070826,31.597727
1403638558777829376.000000,0.000000,0.000000,13.431555,4.872048,0.196444,0.020771,6.232642,0.309659,31.311875
1403638558827829504.000000,0.000000,0.000000,13.377804,5.132165,0.199137,0.046781,11.017422,0.070155,34.040908
1403638558877829376.000000,0.000000,0.000000,12.271771,7.374669,0.185400,0.038726,8.331365,0.056203,36.633899
1403638558927829504.000000,0.000000,0.000000,12.182721,5.382529,0.166222,0.022186,6.363582,0.347806,32.476442
1403638558977829376.000000,0.000000,0.000000,12.812459,6.718909,0.187896,0.052367,8.265387,0.057883,36.538307
1403638559027829504.000000,0.000000,0.000000,12.269306,5.714295,0.102983,0.041756,10.618958,0.080727,33.113422
1403638559077829376.000000,0.000000,0.000000,12.052636,6.891295,0.184721,0.042947,8.532472,0.515658,32.923921
1403638559127829504.000000,0.000000,0.000000,12.291779,7.063073,0.191389,0.039416,8.263129,0.056449,36.248258
1403638559177829376.000000,0.000000,0.000000,12.052283,7.361037,0.193529,0.041193,7.750670,0.065802,35.129941
1403638559227829504.000000,0.000000,0.000000,12.151696,7.270707,0.176104,0.020580,6.756311,0.543771,35.459603
1403638559277829376.000000,0.000000,0.000000,12.151752,7.323409,0.177966,0.074817,9.523305,0.069584,36.604739
1403638559327829504.000000,0.000000,0.000000,11.487881,7.312054,0.112857,0.046181,8.962165,0.064585,33.399517
1403638559377829376.000000,0.000000,0.000000,13.814417,6.980802,0.189654,0.029991,7.073712,0.061193,35.070210
1403638559427829504.000000,0.000000,0.000000,11.905388,7.976387,0.154750,0.053410,8.330194,0.527365,36.616726
1403638559477829376.000000,0.000000,0.000000,11.742245,7.826382,0.147561,0.037330,9.753004,0.073228,36.167234
1403638559527829504.000000,0.000000,0.000000,12.170085,5.173870,0.162641,0.078378,11.717876,0.083427,32.783793
1403638559577829376.000000,0.000000,0.000000,11.278779,5.726470,0.167063,0.034912,9.505818,0.495253,31.437432
1403638559627829504.000000,0.000000,0.000000,11.334042,6.887290,0.167524,0.063505,12.381892,0.097307,32.496397
1403638559677829376.000000,0.000000,0.000000,12.056533,6.613714,0.151635,0.044104,8.778053,0.059117,33.675561
1403638559727829504.000000,0.000000,0.000000,12.792016,7.024806,0.145022,0.030377,8.113267,0.410048,35.299694
1403638559777829376.000000,0.000000,0.000000,12.329697,4.969350,0.100708,0.034448,8.354881,0.057381,30.256447
1403638559827829504.000000,0.000000,0.000000,11.991434,5.475286,0.190493,0.043138,9.492484,0.069363,31.013593
1403638559877829376.000000,0.000000,0.000000,11.413565,7.042640,0.153993,0.023158,7.957474,0.488689,35.099145
1403638559927829504.000000,0.000000,0.000000,12.714070,7.007808,0.118516,0.046414,10.785052,0.073499,34.484383
1403638559977829376.000000,0.000000,0.000000,11.466656,4.713523,0.158040,0.050271,11.595224,0.077733,27.878419
1403638560027829504.000000,0.000000,0.000000,11.750983,8.022809,0.124690,0.035976,9.518092,0.652830,36.266839
1403638560077829376.000000,0.000000,0.000000,11.143411,4.993714,0.143024,0.074692,13.284719,0.092988,28.466961
1403638560127829504.000000,0.000000,0.000000,11.286633,5.864018,0.157324,0.049837,9.386783,0.081525,28.930638
1403638560177829376.000000,0.000000,0.000000,11.729153,6.141678,0.150335,0.049391,7.963931,0.594760,30.885400
1403638560227829504.000000,0.000000,0.000000,11.473485,8.113370,0.084113,0.061422,14.534117,0.112237,34.976871
1403638560277829376.000000,0.000000,0.000000,12.093757,9.340729,0.135781,0.056217,11.570571,0.079633,32.772699
1403638560327829504.000000,0.000000,0.000000,12.294710,8.069088,0.084075,0.037909,7.729368,0.084106,35.991796
1403638560377829376.000000,0.000000,0.000000,11.267641,7.858264,0.078842,0.046839,8.979982,0.578047,33.650976
1403638560427829504.000000,0.000000,0.000000,13.490007,9.515747,0.132942,0.050034,11.751056,0.081829,34.660898
1403638560477829376.000000,0.000000,0.000000,10.636492,7.808849,0.138587,0.048862,12.030664,0.098001,33.041270
1403638560527829504.000000,0.000000,0.000000,11.591564,7.582249,0.126562,0.041611,10.874452,0.087621,33.510798
1403638560577829376.000000,0.000000,0.000000,11.454571,7.866533,0.112887,0.034441,9.767545,0.091739,31.485347
1403638560627829504.000000,0.000000,0.000000,11.876932,7.692222,0.209040,0.030376,8.121762,0.520266,34.050509
1403638560677829376.000000,0.000000,0.000000,12.725855,5.776855,0.072615,0.070831,8.949044,0.070876,31.466107
1403638560727829504.000000,0.000000,0.000000,13.139363,9.071092,0.125951,0.057927,13.238239,0.095766,33.687391
1403638560777829376.000000,0.000000,0.000000,12.163873,7.543928,0.080253,0.041137,10.788805,0.095095,32.410461
1403638560827829504.000000,0.000000,0.000000,11.678182,8.937702,0.079130,0.034657,8.169203,0.059114,33.742755
1403638560877829376.000000,0.000000,0.000000,11.437029,4.697059,0.142074,0.051310,9.048571,0.566373,25.448032
1403638560927829504.000000,0.000000,0.000000,12.534259,9.462830,0.092996,0.049348,10.543839,0.073726,36.324919
1403638560977829376.000000,0.000000,0.000000,12.113332,9.017240,0.121380,0.063292,11.633912,0.085801,34.269572
1403638561027829504.000000,0.000000,0.000000,11.939335,4.793522,0.114473,0.047529,11.234194,0.103019,25.990059
1403638561077829376.000000,0.000000,0.000000,11.515029,8.326877,0.095419,0.035225,8.480846,0.059086,34.788906
1403638561127829504.000000,0.000000,0.000000,11.672059,8.098502,0.092441,0.042007,8.721556,0.064569,32.903151
1403638561177829376.000000,0.000000,0.000000,12.763904,4.700966,0.132389,0.060049,11.626885,0.066791,26.547470
1403638561227829504.000000,0.000000,0.000000,12.701196,5.188057,0.086693,0.052466,9.330883,0.552902,29.218416
1403638561277829376.000000,0.000000,0.000000,11.545304,7.922658,0.057533,0.056253,11.598698,0.075877,32.489198
1403638561327829504.000000,0.000000,0.000000,11.427108,9.380435,0.063686,0.060924,10.554275,0.076126,30.583596
1403638561377829376.000000,0.000000,0.000000,11.430652,5.448887,0.088323,0.045513,9.262558,0.087123,29.178913
1403638561427829504.000000,0.000000,0.000000,12.186002,5.241274,0.131739,0.046097,11.189442,0.074882,28.310598
1403638561477829376.000000,0.000000,0.000000,11.000243,5.340173,0.077323,0.035388,9.858583,0.068834,26.309936
1403638561527829504.000000,0.000000,0.000000,11.785727,9.612071,0.096851,0.036427,8.386471,0.069461,35.086954
1403638561577829376.000000,0.000000,0.000000,12.396324,7.819598,0.079043,0.035052,9.144272,0.561868,35.069377
1403638561627829504.000000,0.000000,0.000000,11.592882,5.407857,0.075252,0.058762,12.094341,0.092034,29.146589
1403638561677829376.000000,0.000000,0.000000,11.352339,8.041840,0.146167,0.060575,9.714505,0.070920,33.111873
1403638561727829504.000000,0.000000,0.000000,11.203418,7.997695,0.082066,0.049689,11.487230,0.102261,33.890280
1403638561777829376.000000,0.000000,0.000000,12.812523,7.246546,0.126157,0.062408,12.484054,0.061355,35.914473
1403638561827829504.000000,0.000000,0.000000,12.181431,4.849656,0.110430,0.055392,11.288864,0.073255,28.106540
1403638561877829376.000000,0.000000,0.000000,12.777567,7.693802,0.112761,0.062955,9.760204,0.061718,36.400434
1403638561927829504.000000,0.000000,0.000000,11.654276,10.862187,0.066462,0.047923,11.105422,0.072213,36.362712
1403638561977829376.000000,0.000000,0.000000,11.861047,6.481667,0.122574,0.062292,11.759829,0.072271,30.352787
1403638562027829504.000000,0.000000,0.000000,11.346224,6.959561,0.129897,0.050459,10.465693,0.111645,33.776377
1403638562077829376.000000,0.000000,0.000000,11.770055,7.618074,0.097145,0.081257,11.482940,0.605675,34.479129
1403638562127829504.000000,0.000000,0.000000,11.667316,8.060379,0.125818,0.068687,12.077791,0.087127,34.596695
1403638562177829376.000000,0.000000,0.000000,12.148306,9.452534,0.138919,0.072680,10.780660,0.091215,34.823801
1403638562227829504.000000,0.000000,0.000000,11.209388,6.093614,0.121221,0.067424,12.431025,0.082992,29.262870
1403638562277829376.000000,0.000000,0.000000,12.324662,7.864305,0.117083,0.097100,10.669917,0.058052,32.439848
1403638562327829504.000000,0.000000,0.000000,11.310535,8.001565,0.194906,0.053598,11.185252,0.072553,34.689584
1403638562377829376.000000,0.000000,0.000000,11.807959,7.855522,0.127687,0.050693,14.098113,0.073565,33.901668
1403638562427829504.000000,0.000000,0.000000,11.737323,8.439965,0.099857,0.047719,10.517577,0.059964,31.426763
1403638562477829376.000000,0.000000,0.000000,12.062729,8.522667,0.107651,0.062905,12.705386,0.074897,36.072571
1403638562527829504.000000,0.000000,0.000000,12.684319,9.758160,0.119348,0.059159,13.520954,0.090247,34.794561
1403638562577829376.000000,0.000000,0.000000,11.041908,6.948650,0.123561,0.058564,11.909323,0.464229,29.747894
1403638562627829504.000000,0.000000,0.000000,10.809225,7.191469,0.127666,0.061386,14.409956,0.089221,32.927800
1403638562677829376.000000,0.000000,0.000000,11.132421,7.781917,0.131618,0.076639,13.666523,0.080001,33.173216
1403638562727829504.000000,0.000000,0.000000,12.321297,9.956020,0.136069,0.069516,10.673923,0.078378,35.372636
1403638562777829376.000000,0.000000,0.000000,11.349846,8.965228,0.122973,0.039544,9.782968,0.058435,36.051662
1403638562827829504.000000,0.000000,0.000000,12.006546,8.635604,0.077824,0.050266,10.947010,0.060991,35.508797
1403638562877829376.000000,0.000000,0.000000,11.580529,8.031499,0.131658,0.041254,9.094817,0.080663,30.656005
1403638562927829504.000000,0.000000,0.000000,11.983911,8.201954,0.125003,0.051409,13.368555,0.075965,34.458838
1403638562977829376.000000,0.000000,0.000000,11.946417,8.737660,0.058352,0.080945,14.517135,0.569716,35.682361
1403638563027829504.000000,0.000000,0.000000,11.750118,8.845422,0.118487,0.064970,11.154628,0.089149,33.644938
1403638563077829376.000000,0.000000,0.000000,11.962425,9.206964,0.113923,0.076522,10.734573,0.102791,33.465230
1403638563127829504.000000,0.000000,0.000000,11.399416,8.360357,0.064612,0.065322,11.484521,0.076012,33.465939
1403638563177829376.000000,0.000000,0.000000,11.164719,8.159987,0.093258,0.045949,8.957589,0.610002,29.899453
1403638563227829504.000000,0.000000,0.000000,12.299284,6.752463,0.093917,0.103039,9.493865,0.072534,32.347852
1403638563277829376.000000,0.000000,0.000000,10.976191,5.713930,0.104679,0.068213,12.717093,0.089614,28.398936
1403638563327829504.000000,0.000000,0.000000,14.074334,6.667093,0.119964,0.039065,8.115692,0.519308,31.838543
1403638563377829376.000000,0.000000,0.000000,12.059575,5.116702,0.130041,0.050426,9.925722,0.086101,29.475543
1403638563427829504.000000,0.000000,0.000000,11.219026,7.698194,0.102905,0.056857,9.245141,0.069815,32.531300
1403638563477829376.000000,0.000000,0.000000,11.905038,8.246324,0.128431,0.039051,8.832357,0.078164,33.087653
1403638563527829504.000000,0.000000,0.000000,11.130023,5.428906,0.101854,0.032590,7.707160,0.546675,29.257705
1403638563577829376.000000,0.000000,0.000000,12.288860,8.133714,0.119597,0.079667,11.330193,0.096709,35.120879
1403638563627829504.000000,0.000000,0.000000,11.387396,4.813402,0.136205,0.065151,11.429365,0.098966,28.064257
1403638563677829376.000000,0.000000,0.000000,11.840028,7.407436,0.105014,0.052287,9.269193,0.077102,34.422649
1403638563727829504.000000,0.000000,0.000000,12.021230,8.086849,0.108050,0.058693,10.716307,0.704919,35.635966
1403638563777829376.000000,0.000000,0.000000,11.810972,5.979944,0.200230,0.078897,12.334453,0.084137,29.455501
1403638563827829504.000000,0.000000,0.000000,13.686154,4.427415,0.124926,0.067570,11.926026,0.090832,29.761133
1403638563877829376.000000,0.000000,0.000000,11.343959,8.264722,0.115631,0.052796,9.178662,0.073020,33.774824
1403638563927829504.000000,0.000000,0.000000,11.987182,7.067327,0.120279,0.038215,8.204290,0.070897,33.091761
1403638563977829376.000000,0.000000,0.000000,14.884287,7.275378,0.137806,0.034033,8.104635,0.593390,35.492879
1403638564027829504.000000,0.000000,0.000000,11.728598,6.446429,0.144551,0.049950,10.498991,0.129867,31.063053
1403638564077829376.000000,0.000000,0.000000,11.774293,8.286986,0.109298,0.060901,9.096763,0.072686,36.169092
1403638564127829504.000000,0.000000,0.000000,11.928344,8.171780,0.155127,0.056777,8.190434,0.070259,36.828221
1403638564177829376.000000,0.000000,0.000000,10.994087,4.793741,0.154637,0.035737,6.932227,0.656660,28.073614
1403638564227829504.000000,0.000000,0.000000,11.247839,7.601025,0.140776,0.062397,8.710997,0.087255,35.358379
1403638564277829376.000000,0.000000,0.000000,13.083105,10.145237,0.123282,0.061622,10.632749,0.090377,42.459047
1403638564327829504.000000,0.000000,0.000000,12.392783,7.609120,0.157587,0.035839,7.152010,0.074844,34.034772
1403638564377829376.000000,0.000000,0.000000,11.549342,7.315694,0.112800,0.031718,7.514612,0.678579,34.049443
1403638564427829504.000000,0.000000,0.000000,11.154980,8.196195,0.065659,0.062815,12.115368,0.090520,35.032117
1403638564477829376.000000,0.000000,0.000000,11.597326,7.642338,0.088173,0.071358,11.993374,0.146006,31.194117
1403638564527829504.000000,0.000000,0.000000,11.806608,5.664037,0.088890,0.064649,9.029329,0.703650,32.674729
1403638564577829376.000000,0.000000,0.000000,11.638958,9.697814,0.151085,0.080670,9.340675,0.075881,38.173990
1403638564627829504.000000,0.000000,0.000000,11.215583,9.202109,0.157451,0.067452,10.286253,0.105035,35.773843
1403638564677829376.000000,0.000000,0.000000,11.603734,7.416515,0.151639,0.048219,8.322980,0.632505,32.263323
1403638564727829504.000000,0.000000,0.000000,12.450841,8.824335,0.178872,0.095222,11.422614,0.088673,37.054605
1403638564777829376.000000,0.000000,0.000000,11.131931,7.785664,0.126478,0.067110,9.536178,0.084260,34.049428
1403638564827829504.000000,0.000000,0.000000,11.345708,8.001112,0.121600,0.038154,7.502358,0.606541,35.955302
1403638564877829376.000000,0.000000,0.000000,15.455409,9.305298,0.144842,0.056751,11.997405,0.120499,37.715470
1403638564927829504.000000,0.000000,0.000000,11.398588,6.770899,0.164927,0.066527,10.725340,0.111913,28.839929
1403638564977829376.000000,0.000000,0.000000,11.979515,8.720034,0.159647,0.043904,9.763752,0.727648,37.092041
1403638565027829504.000000,0.000000,0.000000,10.965443,7.264187,0.157447,0.086422,13.625587,0.117304,32.844017
1403638565077829376.000000,0.000000,0.000000,11.861135,8.193761,0.128839,0.080370,12.328532,0.117148,34.635689
1403638565127829504.000000,0.000000,0.000000,11.680302,8.286046,0.125565,0.055613,7.610565,0.546030,36.194028
1403638565177829376.000000,0.000000,0.000000,12.186370,5.167097,0.173714,0.053692,9.084533,0.065996,30.805067
1403638565227829504.000000,0.000000,0.000000,11.398727,4.911743,0.149223,0.097248,8.810817,0.067792,27.083240
1403638565277829376.000000,0.000000,0.000000,10.928006,8.086325,0.158277,0.042971,9.981653,0.664259,34.706957
1403638565327829504.000000,0.000000,0.000000,11.309910,7.602430,0.072286,0.074641,12.556654,0.110120,34.185346
1403638565377829376.000000,0.000000,0.000000,11.506367,8.951473,0.100106,0.066642,12.590488,0.148533,32.266776
1403638565427829504.000000,0.000000,0.000000,12.106943,6.005180,0.186904,0.047856,10.102594,0.634894,30.252712
1403638565477829376.000000,0.000000,0.000000,11.016878,9.051616,0.179824,0.069329,12.774179,0.098058,35.415483
1403638565527829504.000000,0.000000,0.000000,10.971632,8.014818,0.163602,0.070439,12.011521,0.109527,29.154815
1403638565577829376.000000,0.000000,0.000000,10.975003,8.895767,0.120367,0.043700,9.253318,0.550498,33.818032
1403638565627829504.000000,0.000000,0.000000,10.469226,9.068251,0.172698,0.072530,12.559374,0.108783,34.145593
1403638565677829376.000000,0.000000,0.000000,11.149572,5.172526,0.123028,0.072409,11.812719,0.156182,25.893744
1403638565727829504.000000,0.000000,0.000000,10.620558,9.571916,0.147702,0.053457,10.510098,0.621193,35.280973
1403638565777829376.000000,0.000000,0.000000,11.077644,5.780554,0.152275,0.049860,11.020942,0.090142,28.226937
1403638565827829504.000000,0.000000,0.000000,10.091123,8.047762,0.143330,0.089942,9.540856,0.078370,31.858216
1403638565877829376.000000,0.000000,0.000000,11.507966,9.461439,0.120224,0.031529,7.339570,0.470602,36.694594
1403638565927829504.000000,0.000000,0.000000,10.709129,8.127390,0.165325,0.066282,10.387753,0.080335,29.926538
1403638565977829376.000000,0.000000,0.000000,11.177587,5.736572,0.159766,0.066436,11.146566,0.094374,28.696287
1403638566027829504.000000,0.000000,0.000000,10.817313,8.622576,0.166289,0.048679,7.690683,0.483184,33.948095
1403638566077829376.000000,0.000000,0.000000,10.955903,8.244955,0.153412,0.040125,8.312515,0.068267,33.972567
1403638566127829504.000000,0.000000,0.000000,9.892818,9.691528,0.164552,0.062019,10.526305,0.084771,34.220541
1403638566177829376.000000,0.000000,0.000000,10.510175,8.093335,0.146720,0.028354,6.090346,0.422583,33.076852
1403638566227829504.000000,0.000000,0.000000,8.884395,8.294868,0.088082,0.064604,9.901137,0.076572,28.977815
1403638566277829376.000000,0.000000,0.000000,11.397258,5.445728,0.093680,0.051982,7.433765,0.065185,27.027985
1403638566327829504.000000,0.000000,0.000000,11.656903,7.845680,0.124149,0.032922,6.175451,0.631896,33.011671
1403638566377829376.000000,0.000000,0.000000,11.776685,7.313053,0.160242,0.075749,9.886286,0.085129,32.996600
1403638566427829504.000000,0.000000,0.000000,10.487617,8.307665,0.130791,0.051253,11.137814,0.092059,28.978206
1403638566477829376.000000,0.000000,0.000000,11.378123,8.131505,0.156022,0.037323,6.567026,0.543965,34.558536
1403638566527829504.000000,0.000000,0.000000,13.690910,5.491967,0.137756,0.058953,9.253816,0.075445,30.856106
1403638566577829376.000000,0.000000,0.000000,11.394484,6.709368,0.156601,0.038366,6.085151,0.049217,28.348784
1403638566627829504.000000,0.000000,0.000000,11.218394,5.603031,0.153855,0.027513,5.057570,0.415353,28.254100
1403638566677829376.000000,0.000000,0.000000,11.776490,7.881714,0.125081,0.058831,10.091775,0.070583,34.553363
1403638566727829504.000000,0.000000,0.000000,11.179100,8.007527,0.136585,0.051098,7.658850,0.048888,32.070577
1403638566777829376.000000,0.000000,0.000000,11.209019,5.586146,0.119237,0.026605,6.001770,0.533761,28.445294
1403638566827829504.000000,0.000000,0.000000,11.012676,5.255134,0.124679,0.063862,9.766886,0.079041,27.356620
1403638566877829376.000000,0.000000,0.000000,12.554847,5.611871,0.128533,0.038868,6.711562,0.112014,28.789208
1403638566927829504.000000,0.000000,0.000000,10.811663,5.830852,0.124540,0.044309,8.358549,0.453627,29.956578
1403638566977829376.000000,0.000000,0.000000,11.531752,5.580330,0.124632,0.053767,9.241141,0.070009,29.829121
1403638567027829504.000000,0.000000,0.000000,13.455333,5.142359,0.139219,0.064504,8.800309,0.083152,28.859857
1403638567077829376.000000,0.000000,0.000000,11.819642,8.612905,0.257028,0.039611,7.442693,0.756388,32.499336
1403638567127829504.000000,0.000000,0.000000,12.427534,5.748217,0.173467,0.075417,10.462576,0.082995,31.391692
1403638567177829376.000000,0.000000,0.000000,11.696463,9.489289,0.176522,0.061039,11.000367,0.086018,37.444935
1403638567227829504.000000,0.000000,0.000000,11.183150,6.848687,0.144863,0.037623,6.306817,0.055680,31.322310
1403638567277829376.000000,0.000000,0.000000,10.896366,8.256849,0.146939,0.047935,7.867183,0.413692,34.475078
1403638567327829504.000000,0.000000,0.000000,10.331027,5.483520,0.145423,0.061514,9.781835,0.079448,27.713968
1403638567377829376.000000,0.000000,0.000000,11.688741,7.071814,0.088103,0.060967,9.491568,0.108506,30.928023
1403638567427829504.000000,0.000000,0.000000,11.065262,4.873094,0.146795,0.063465,9.135067,0.088072,27.568223
1403638567477829376.000000,0.000000,0.000000,12.177485,5.433106,0.185886,0.077478,10.434341,0.078471,30.925994
1403638567527829504.000000,0.000000,0.000000,11.450044,8.582353,0.166777,0.056629,8.495462,0.586744,32.376441
1403638567577829376.000000,0.000000,0.000000,11.306385,6.997692,0.143134,0.049931,8.153019,0.062214,33.008938
1403638567627829504.000000,0.000000,0.000000,12.091956,7.091304,0.190837,0.064661,9.089510,0.074386,34.269911
1403638567677829376.000000,0.000000,0.000000,11.061302,5.349333,0.154198,0.067385,9.089034,0.089034,29.805534
1403638567727829504.000000,0.000000,0.000000,12.229670,7.946014,0.237387,0.027716,6.971519,0.057000,37.225362
1403638567777829376.000000,0.000000,0.000000,11.319108,5.014552,0.172321,0.082532,7.356428,0.511541,29.178627
1403638567827829504.000000,0.000000,0.000000,11.130460,7.818678,0.181873,0.057205,11.053621,0.100085,31.048270
1403638567877829376.000000,0.000000,0.000000,12.473474,6.934740,0.158554,0.083168,11.333155,0.089757,38.541817
1403638567927829504.000000,0.000000,0.000000,11.574179,7.279712,0.159425,0.046235,9.579978,0.086060,34.233306
1403638567977829376.000000,0.000000,0.000000,11.343947,5.685729,0.190509,0.042971,10.454078,0.530648,28.021283
1403638568027829504.000000,0.000000,0.000000,12.200778,4.974465,0.161620,0.051254,10.370550,0.079261,30.062809
1403638568077829376.000000,0.000000,0.000000,11.402079,7.271017,0.180938,0.074190,9.901294,0.096364,35.000833
1403638568127829504.000000,0.000000,0.000000,11.268066,4.726860,0.150608,0.051885,7.960120,0.070365,31.638892
1403638568177829376.000000,0.000000,0.000000,12.088819,7.077845,0.169301,0.026130,6.325602,0.450572,34.103287
1403638568227829504.000000,0.000000,0.000000,13.877392,5.210468,0.165845,0.077013,10.629960,0.086060,32.018153
1403638568277829376.000000,0.000000,0.000000,11.628388,4.848653,0.179784,0.064691,10.500873,0.085607,28.781188
1403638568327829504.000000,0.000000,0.000000,12.416816,4.763375,0.190416,0.042137,6.829176,0.480942,29.983108
1403638568377829376.000000,0.000000,0.000000,11.391848,7.168042,0.156453,0.053292,7.310286,0.058869,35.562632
1403638568427829504.000000,0.000000,0.000000,11.603589,7.052432,0.161955,0.052764,7.680177,0.062389,32.961566
1403638568477829376.000000,0.000000,0.000000,11.647803,4.611898,0.156639,0.038781,6.883736,0.437828,28.084787
1403638568527829504.000000,0.000000,0.000000,13.206149,4.925298,0.172906,0.061580,8.421677,0.060783,31.787570
1403638568577829376.000000,0.000000,0.000000,12.528759,5.940271,0.177055,0.066683,10.149411,0.087147,32.703092
1403638568627829504.000000,0.000000,0.000000,12.601923,6.777078,0.148497,0.049899,8.468589,0.533062,34.696302
1403638568677829376.000000,0.000000,0.000000,11.673926,7.115757,0.148894,0.069315,10.976822,0.079718,33.553151
1403638568727829504.000000,0.000000,0.000000,12.137083,4.371809,0.186614,0.064227,11.042471,0.096208,28.357240
1403638568777829376.000000,0.000000,0.000000,13.161918,4.611740,0.147086,0.044296,6.212249,0.383752,29.962547
1403638568827829504.000000,0.000000,0.000000,12.334593,7.426249,0.099748,0.063418,7.498454,0.064587,35.946018
1403638568877829376.000000,0.000000,0.000000,12.132925,5.145042,0.140306,0.060302,9.506867,0.081557,30.634572
1403638568927829504.000000,0.000000,0.000000,13.476672,6.730586,0.139089,0.037113,8.466380,0.550218,35.257059
1403638568977829376.000000,0.000000,0.000000,12.134414,5.186167,0.160757,0.088404,10.315797,0.075317,31.487455
1403638569027829504.000000,0.000000,0.000000,12.519189,5.129302,0.145577,0.075770,10.213355,0.082312,30.857912
1403638569077829376.000000,0.000000,0.000000,11.904502,6.772706,0.142910,0.038748,6.043399,0.328861,33.485744
1403638569127829504.000000,0.000000,0.000000,12.695328,5.368356,0.141905,0.071218,11.016210,0.090607,31.699692
1403638569177829376.000000,0.000000,0.000000,12.356133,4.236663,0.044537,0.068541,11.784985,0.101847,28.583555
1403638569227829504.000000,0.000000,0.000000,14.050656,5.272954,0.089367,0.035886,9.250115,0.447706,32.057640
1403638569277829376.000000,0.000000,0.000000,13.077441,8.947303,0.104124,0.037642,7.609145,0.056794,38.189213
1403638569327829504.000000,0.000000,0.000000,12.165602,4.664119,0.162936,0.059533,7.595878,0.058806,30.700834
1403638569377829376.000000,0.000000,0.000000,12.112381,6.197434,0.088717,0.046155,9.235225,0.426908,33.655466
1403638569427829504.000000,0.000000,0.000000,11.676619,7.147777,0.143734,0.048338,7.653051,0.055011,35.401929
1403638569477829376.000000,0.000000,0.000000,12.432415,6.537321,0.157312,0.047949,7.167491,0.069597,33.609327
1403638569527829504.000000,0.000000,0.000000,12.319770,4.769650,0.165628,0.045410,7.000184,0.370807,30.475644
1403638569577829376.000000,0.000000,0.000000,13.173778,6.209435,0.176141,0.067092,10.145358,0.078158,33.700816
1403638569627829504.000000,0.000000,0.000000,13.400329,6.906997,0.101322,0.062240,9.686920,0.078417,36.096908
1403638569677829376.000000,0.000000,0.000000,12.952862,6.838250,0.175922,0.052715,6.857914,0.288201,34.354047
1403638569727829504.000000,0.000000,0.000000,14.670401,6.671390,0.234123,0.055041,9.917942,0.071027,37.394395
1403638569777829376.000000,0.000000,0.000000,12.363523,6.298927,0.144429,0.058351,9.878008,0.071057,34.644987
1403638569827829504.000000,0.000000,0.000000,14.145588,7.186276,0.138044,0.034748,9.468509,0.362874,35.848796
1403638569877829376.000000,0.000000,0.000000,12.457764,5.239250,0.153090,0.058161,10.607847,0.071855,33.743651
1403638569927829504.000000,0.000000,0.000000,12.173751,4.238004,0.162263,0.058445,10.652387,0.075720,31.122053
1403638569977829376.000000,0.000000,0.000000,12.117133,6.123340,0.180042,0.035265,6.392180,0.049023,32.971770
1403638570027829504.000000,0.000000,0.000000,12.458932,6.698077,0.182223,0.023461,6.964463,0.267931,37.103327
1403638570077829376.000000,0.000000,0.000000,12.415394,4.427069,0.201814,0.063063,13.007253,0.145872,30.912834
1403638570127829504.000000,0.000000,0.000000,12.418492,6.476687,0.201519,0.058969,9.328080,0.067012,34.947866
1403638570177829376.000000,0.000000,0.000000,13.196895,7.407558,0.222380,0.024953,5.858333,0.248542,38.266608
1403638570227829504.000000,0.000000,0.000000,13.173981,7.213073,0.189398,0.049636,7.486524,0.050721,36.936211
1403638570277829376.000000,0.000000,0.000000,13.791787,7.217445,0.151847,0.053900,8.032755,0.082156,39.825972
1403638570327829504.000000,0.000000,0.000000,13.883214,7.897579,0.141219,0.039629,7.657783,0.241554,39.649517
1403638570377829376.000000,0.000000,0.000000,11.768223,4.815910,0.139919,0.041070,7.670214,0.050381,31.075054
1403638570427829504.000000,0.000000,0.000000,11.799964,4.773820,0.141895,0.059014,9.289875,0.066142,29.647412
1403638570477829376.000000,0.000000,0.000000,12.458785,4.940854,0.173097,0.041505,8.548323,0.328685,31.638119
1403638570527829504.000000,0.000000,0.000000,12.221880,4.463620,0.205072,0.049534,7.215657,0.051129,29.551516
1403638570577829376.000000,0.000000,0.000000,12.157847,7.208254,0.175908,0.057965,10.459613,0.067674,36.043607
1403638570627829504.000000,0.000000,0.000000,12.691412,10.387150,0.171033,0.033675,9.192529,0.348805,41.715700
1403638570677829376.000000,0.000000,0.000000,12.949140,4.709792,0.168354,0.047239,10.918069,0.070338,32.731452
1403638570727829504.000000,0.000000,0.000000,12.582890,4.744601,0.174130,0.057975,10.862415,0.078000,31.831942
1403638570777829376.000000,0.000000,0.000000,12.210727,6.472459,0.141110,0.032374,5.787954,0.265879,33.994877
1403638570827829504.000000,0.000000,0.000000,11.893922,6.712244,0.184664,0.059508,9.548892,0.048047,31.485816
1403638570877829376.000000,0.000000,0.000000,11.381545,4.846790,0.143691,0.048045,7.865521,0.052617,29.163186
1403638570927829504.000000,0.000000,0.000000,12.202097,7.662663,0.137875,0.036163,8.592523,0.326672,36.305200
1403638570977829376.000000,0.000000,0.000000,12.311213,8.810298,0.142243,0.037969,8.017381,0.059524,33.445838
1403638571027829504.000000,0.000000,0.000000,11.959345,5.475367,0.139821,0.081020,10.208267,0.060485,31.402948
1403638571077829376.000000,0.000000,0.000000,11.774577,8.426995,0.150963,0.043450,6.340858,0.263912,33.266101
1403638571127829504.000000,0.000000,0.000000,11.808036,5.358413,0.155153,0.059732,9.845637,0.069017,29.305722
1403638571177829376.000000,0.000000,0.000000,11.572620,5.911726,0.160582,0.058544,7.390803,0.082055,29.006659
1403638571227829504.000000,0.000000,0.000000,13.591829,9.843141,0.154452,0.054923,6.222588,0.234423,38.989878
1403638571277829376.000000,0.000000,0.000000,12.020388,6.760088,0.153892,0.047700,7.763958,0.052641,34.019807
1403638571327829504.000000,0.000000,0.000000,11.907146,13.044511,0.167466,0.055512,9.370347,0.051639,37.765511
1403638571377829376.000000,0.000000,0.000000,11.720949,7.201328,0.153185,0.031866,6.046155,0.224678,33.703395
1403638571427829504.000000,0.000000,0.000000,12.351790,7.819304,0.150212,0.054230,8.979968,0.056850,36.377421
1403638571477829376.000000,0.000000,0.000000,11.923046,7.256888,0.130577,0.097452,10.146888,0.063719,35.053110
1403638571527829504.000000,0.000000,0.000000,12.306394,7.208278,0.139870,0.023886,6.471767,0.252829,32.729115
1403638571577829376.000000,0.000000,0.000000,11.346396,4.430787,0.133788,0.030041,6.930242,0.042702,27.639094
1403638571627829504.000000,0.000000,0.000000,12.748358,4.668955,0.139291,0.047883,7.301852,0.046615,29.043023
1403638571677829376.000000,0.000000,0.000000,11.990501,5.500422,0.123713,0.048195,9.203619,0.345831,32.089754
1403638571727829504.000000,0.000000,0.000000,12.776951,7.658195,0.118879,0.049385,10.870790,0.065529,32.998282
1403638571777829376.000000,0.000000,0.000000,11.535176,5.061578,0.120477,0.042586,6.548999,0.039619,28.354701
1403638571827829504.000000,0.000000,0.000000,12.426168,4.937183,0.145587,0.035058,6.559131,0.226287,27.896942
1403638571877829376.000000,0.000000,0.000000,12.714151,5.690696,0.120798,0.046947,7.231964,0.043620,30.628291
1403638571927829504.000000,0.000000,0.000000,11.818756,7.498264,0.102590,0.047707,10.013158,0.068759,33.491397
1403638571977829376.000000,0.000000,0.000000,12.188739,5.163164,0.134331,0.033231,5.434267,0.229766,27.794035
1403638572027829504.000000,0.000000,0.000000,12.460541,5.628449,0.143760,0.044228,7.460474,0.050497,29.079171
1403638572077829376.000000,0.000000,0.000000,13.023319,9.162837,0.133832,0.046817,8.807850,0.051058,37.924560
1403638572127829504.000000,0.000000,0.000000,12.868963,11.542185,0.073040,0.032224,5.902096,0.226491,40.495988
1403638572177829376.000000,0.000000,0.000000,11.595187,8.179350,0.078071,0.032897,5.888012,0.039503,33.410957
1403638572227829504.000000,0.000000,0.000000,10.740823,5.095525,0.138202,0.046441,5.930982,0.040029,28.540079
1403638572277829376.000000,0.000000,0.000000,9.905321,7.205068,0.167484,0.020161,5.003069,0.182846,30.713935
1403638572327829504.000000,0.000000,0.000000,11.690530,7.764960,0.126569,0.042024,9.598394,0.054928,31.932380
1403638572377829376.000000,0.000000,0.000000,11.371565,9.198303,0.111476,0.046061,7.392935,0.312759,35.609086
1403638572427829504.000000,0.000000,0.000000,11.226073,6.076451,0.134885,0.034561,8.167971,0.044921,30.700121
1403638572477829376.000000,0.000000,0.000000,11.549719,6.789130,0.130194,0.029137,5.814516,0.187659,29.434762
1403638572527829504.000000,0.000000,0.000000,11.305121,5.978727,0.145215,0.028582,5.406367,0.037356,32.762627
1403638572577829376.000000,0.000000,0.000000,11.172209,7.234088,0.163285,0.020149,5.117194,0.024388,32.548968
1403638572627829504.000000,0.000000,0.000000,11.396260,8.146031,0.144147,0.028815,7.334140,0.188961,34.101461
1403638572677829376.000000,0.000000,0.000000,11.197415,9.220855,0.176436,0.037610,8.782136,0.054824,38.189633
1403638572727829504.000000,0.000000,0.000000,11.397130,8.553633,0.110015,0.017709,4.498723,0.032855,35.924544
1403638572777829376.000000,0.000000,0.000000,11.749837,9.050607,0.111392,0.030776,9.684808,0.316916,32.171214
1403638572827829504.000000,0.000000,0.000000,11.103487,4.809733,0.142997,0.031664,5.120090,0.026028,29.008203
1403638572877829376.000000,0.000000,0.000000,11.498451,5.100231,0.146801,0.023496,5.152727,0.027884,28.597523
1403638572927829504.000000,0.000000,0.000000,11.652331,7.503652,0.142045,0.029069,3.678087,0.156305,33.738044
1403638572977829376.000000,0.000000,0.000000,11.226730,8.937836,0.146822,0.041026,9.316045,0.045395,37.249560
1403638573027829504.000000,0.000000,0.000000,11.379452,7.932087,0.139935,0.022612,4.253980,0.019819,36.494237
1403638573077829376.000000,0.000000,0.000000,12.951936,7.907016,0.142564,0.016528,4.450976,0.019401,35.681417
1403638573127829504.000000,0.000000,0.000000,12.410788,8.019532,0.116759,0.037303,10.709681,0.416338,37.448392
1403638573177829376.000000,0.000000,0.000000,13.325013,9.740218,0.147051,0.020217,5.801128,0.027544,39.657949
1403638573227829504.000000,0.000000,0.000000,11.974426,6.358188,0.136312,0.029450,5.805178,0.025243,31.611916
1403638573277829376.000000,0.000000,0.000000,11.306747,8.152691,0.153315,0.038187,8.573245,0.039589,36.515565
1403638573327829504.000000,0.000000,0.000000,12.539497,8.035277,0.122283,0.020584,5.368034,0.021386,36.116768
1403638573377829376.000000,0.000000,0.000000,14.060364,8.696647,0.069894,0.019122,5.477330,0.023965,37.753262
1403638573427829504.000000,0.000000,0.000000,11.521300,7.147705,0.129140,0.019730,5.930708,0.024980,33.304999
1403638573477829376.000000,0.000000,0.000000,11.682290,5.826963,0.068502,0.026422,9.785663,0.054226,30.569338
1403638573527829504.000000,0.000000,0.000000,10.892195,8.398772,0.083620,0.021751,6.198782,0.041559,30.552521
1403638573577829376.000000,0.000000,0.000000,10.761569,7.672738,0.098808,0.042719,7.268825,0.022946,32.956179
1403638573627829504.000000,0.000000,0.000000,11.212098,7.615855,0.113354,0.023903,6.156935,0.201517,33.845875
1403638573677829376.000000,0.000000,0.000000,11.348302,8.585151,0.137414,0.043165,8.247193,0.041094,31.661430
1403638573727829504.000000,0.000000,0.000000,13.264771,5.329840,0.105704,0.038432,9.166779,0.053219,30.530932
1403638573777829376.000000,0.000000,0.000000,12.006979,8.644556,0.137866,0.025953,6.044451,0.256424,34.961275
1403638573827829504.000000,0.000000,0.000000,10.641730,5.173347,0.104342,0.049455,9.514885,0.059331,26.177094
1403638573877829376.000000,0.000000,0.000000,10.476394,8.530484,0.093465,0.022059,4.513325,0.029428,32.250239
1403638573927829504.000000,0.000000,0.000000,11.907322,7.389822,0.112353,0.037837,6.426056,0.160792,30.393103
1403638573977829376.000000,0.000000,0.000000,10.370278,5.305721,0.116912,0.045796,9.926342,0.043716,25.543414
1403638574027829504.000000,0.000000,0.000000,10.496345,7.912109,0.109490,0.030262,6.628330,0.198849,31.534417
1403638574077829376.000000,0.000000,0.000000,12.372545,13.133423,0.104018,0.046171,10.099740,0.046745,39.948750
1403638574127829504.000000,0.000000,0.000000,9.861005,7.400838,0.077461,0.022644,5.194582,0.031917,28.137607
1403638574177829376.000000,0.000000,0.000000,10.882760,7.295450,0.078715,0.027575,8.092192,0.032931,31.063317
1403638574227829504.000000,0.000000,0.000000,11.021807,8.145785,0.147289,0.025202,7.122540,0.160632,28.245936
1403638574277829376.000000,0.000000,0.000000,10.486499,5.159075,0.110396,0.026627,5.292835,0.025239,24.372840
1403638574327829504.000000,0.000000,0.000000,9.798465,9.095639,0.074703,0.036450,9.303213,0.040373,32.295577
1403638574377829376.000000,0.000000,0.000000,9.874878,11.601374,0.110833,0.023735,4.757636,0.020474,32.862418
1403638574427829504.000000,0.000000,0.000000,11.113642,3.993675,0.078234,0.029562,8.375574,0.039083,25.078483
1403638574477829376.000000,0.000000,0.000000,10.922533,9.190222,0.111812,0.026115,6.244064,0.024561,34.033454
1403638574527829504.000000,0.000000,0.000000,10.216637,5.042195,0.097388,0.034905,7.892053,0.025278,25.526049
1403638574577829376.000000,0.000000,0.000000,10.791294,9.115083,0.109434,0.050839,9.234545,0.037217,32.128997
1403638574627829504.000000,0.000000,0.000000,10.020106,8.516115,0.103706,0.053537,10.288037,0.280646,31.407864
1403638574677829376.000000,0.000000,0.000000,11.595404,9.659503,0.074246,0.044770,9.831708,0.044965,33.706271
1403638574727829504.000000,0.000000,0.000000,11.127806,9.372236,0.076974,0.028894,5.607003,0.022097,32.076445
1403638574777829376.000000,0.000000,0.000000,10.449869,10.333793,0.085641,0.036059,5.358424,0.025281,34.900379
1403638574827829504.000000,0.000000,0.000000,10.681595,10.305272,0.117377,0.030296,5.772301,0.177859,35.464954
1403638574877829376.000000,0.000000,0.000000,9.806733,5.653732,0.114649,0.041939,6.807952,0.037832,24.774102
1403638574927829504.000000,0.000000,0.000000,10.463234,9.229847,0.118111,0.035087,8.949376,0.044991,30.869157
1403638574977829376.000000,0.000000,0.000000,10.527033,7.113616,0.112176,0.039279,9.452113,0.282216,31.401161
1403638575027829504.000000,0.000000,0.000000,11.930266,7.663158,0.119174,0.044036,10.390882,0.050211,32.707977
1403638575077829376.000000,0.000000,0.000000,10.800748,9.300086,0.096606,0.027728,8.423071,0.042515,32.474513
1403638575127829504.000000,0.000000,0.000000,11.445952,9.270083,0.065493,0.022721,4.911090,0.160091,34.769820
1403638575177829376.000000,0.000000,0.000000,10.761586,7.264534,0.098334,0.040866,9.816725,0.048442,30.057704
1403638575227829504.000000,0.000000,0.000000,10.811742,6.125749,0.116033,0.027059,4.854006,0.178049,28.795349
1403638575277829376.000000,0.000000,0.000000,12.013879,6.634429,0.089104,0.031878,5.699682,0.031114,31.134915
1403638575327829504.000000,0.000000,0.000000,10.730409,8.543106,0.089297,0.023762,4.372734,0.146206,31.546804
1403638575377829376.000000,0.000000,0.000000,10.051278,7.910617,0.118652,0.030022,5.765054,0.029969,28.175073
1403638575427829504.000000,0.000000,0.000000,10.516525,5.331115,0.126006,0.020398,7.643411,0.283674,26.592916
1403638575477829376.000000,0.000000,0.000000,10.767990,8.887307,0.119973,0.043543,8.254919,0.029073,34.222908
1403638575527829504.000000,0.000000,0.000000,10.646952,8.492184,0.122645,0.032422,7.757300,0.280392,34.063933
1403638575577829376.000000,0.000000,0.000000,10.607035,8.913517,0.082550,0.047666,10.394901,0.050634,33.240296
1403638575627829504.000000,0.000000,0.000000,12.918590,8.637138,0.118528,0.015887,4.100634,0.019181,36.153893
1403638575677829376.000000,0.000000,0.000000,11.971762,11.802457,0.059629,0.030624,10.487460,0.042014,37.665666
1403638575727829504.000000,0.000000,0.000000,10.845134,8.161176,0.062174,0.047034,8.869650,0.275062,32.225811
1403638575777829376.000000,0.000000,0.000000,10.665911,5.650949,0.082210,0.026356,5.210159,0.026215,27.336459
1403638575827829504.000000,0.000000,0.000000,11.013930,6.462751,0.122125,0.025714,5.303692,0.023361,27.063606
1403638575877829376.000000,0.000000,0.000000,11.363651,8.830183,0.131507,0.025531,5.269189,0.141026,34.803494
1403638575927829504.000000,0.000000,0.000000,10.536546,7.992232,0.063546,0.040607,10.168303,0.047065,33.055414
1403638575977829376.000000,0.000000,0.000000,10.298848,8.114162,0.093521,0.037159,8.625094,0.320354,28.730501
1403638576027829504.000000,0.000000,0.000000,10.053307,5.229946,0.097119,0.031580,6.280630,0.027242,25.603102
1403638576077829376.000000,0.000000,0.000000,10.304832,5.365998,0.095985,0.020740,4.104873,0.139571,27.149952
1403638576127829504.000000,0.000000,0.000000,10.828231,5.759888,0.130679,0.038719,9.246463,0.044449,27.142547
1403638576177829376.000000,0.000000,0.000000,10.391642,5.770693,0.119098,0.015701,4.258812,0.020195,28.026688
1403638576227829504.000000,0.000000,0.000000,10.145747,8.670806,0.084332,0.016758,4.953931,0.147344,32.766985
1403638576277829376.000000,0.000000,0.000000,11.387054,8.885853,0.130908,0.036013,9.544423,0.044006,32.926616
1403638576327829504.000000,0.000000,0.000000,10.844026,9.867457,0.089498,0.022314,5.662950,0.033529,35.001048
1403638576377829376.000000,0.000000,0.000000,10.138006,9.843112,0.085443,0.044217,7.347606,0.162510,35.046870
1403638576427829504.000000,0.000000,0.000000,11.208725,5.034313,0.114983,0.018764,5.109309,0.020570,26.040697
1403638576477829376.000000,0.000000,0.000000,11.315838,5.467935,0.127244,0.033553,7.982917,0.317471,28.071401
1403638576527829504.000000,0.000000,0.000000,10.167683,8.185317,0.117927,0.025746,5.152859,0.027405,31.547859
1403638576577829376.000000,0.000000,0.000000,10.657933,9.513492,0.129684,0.017069,4.544833,0.022169,32.210428
1403638576627829504.000000,0.000000,0.000000,10.601224,9.355875,0.090037,0.053805,9.228864,0.296796,33.530748
1403638576677829376.000000,0.000000,0.000000,10.507755,9.833837,0.126800,0.033348,8.311375,0.053481,34.041719
1403638576727829504.000000,0.000000,0.000000,10.809220,5.110543,0.118404,0.028552,7.342141,0.041422,25.928213
1403638576777829376.000000,0.000000,0.000000,10.336365,9.799952,0.115155,0.026437,6.487819,0.025475,34.825929
1403638576827829504.000000,0.000000,0.000000,10.144926,8.334610,0.080609,0.027095,6.135480,0.025946,33.852641
1403638576877829376.000000,0.000000,0.000000,11.260571,9.207048,0.080558,0.023211,5.186559,0.025120,33.262673
1403638576927829504.000000,0.000000,0.000000,10.216675,5.982825,0.090109,0.021056,5.559760,0.023876,26.821608
1403638576977829376.000000,0.000000,0.000000,11.352184,5.836376,0.083262,0.028619,9.575433,0.029560,28.123801
1403638577027829504.000000,0.000000,0.000000,10.336241,5.470402,0.088872,0.033987,8.645793,0.039057,29.153655
1403638577077829376.000000,0.000000,0.000000,12.574647,5.649744,0.087856,0.019831,8.183316,0.044604,29.369158
1403638577127829504.000000,0.000000,0.000000,10.153352,4.944831,0.068297,0.030581,8.754318,0.324497,25.294202
1403638577177829376.000000,0.000000,0.000000,10.952871,5.793735,0.076882,0.041501,9.675111,0.052819,27.449401
1403638577227829504.000000,0.000000,0.000000,10.771277,9.275713,0.115234,0.034785,5.655692,0.033825,33.582120
1403638577277829376.000000,0.000000,0.000000,9.932898,8.598768,0.115189,0.020985,3.958014,0.161191,31.260983
1403638577327829504.000000,0.000000,0.000000,9.608350,8.770259,0.134397,0.040623,9.806098,0.064503,28.298339
1403638577377829376.000000,0.000000,0.000000,10.223907,8.465286,0.107863,0.020914,4.260433,0.162468,32.287748
1403638577427829504.000000,0.000000,0.000000,10.036866,8.986423,0.130585,0.040684,9.967187,0.046615,32.397089
1403638577477829376.000000,0.000000,0.000000,11.640054,9.761180,0.107716,0.026193,4.228407,0.177449,34.703063
1403638577527829504.000000,0.000000,0.000000,10.161221,10.078402,0.082258,0.046498,9.895077,0.050986,34.792939
1403638577577829376.000000,0.000000,0.000000,9.732581,8.587606,0.076298,0.034851,7.862276,0.031751,32.639173
1403638577627829504.000000,0.000000,0.000000,10.945764,5.638773,0.112134,0.029070,6.490987,0.030666,26.203445
1403638577677829376.000000,0.000000,0.000000,9.318817,5.146749,0.111181,0.038679,9.180525,0.036227,24.885560
1403638577727829504.000000,0.000000,0.000000,9.858827,8.802755,0.068471,0.034589,7.227912,0.204763,36.191024
1403638577777829376.000000,0.000000,0.000000,10.515738,10.488425,0.076306,0.040759,10.709343,0.054681,33.830347
1403638577827829504.000000,0.000000,0.000000,10.125979,4.913932,0.078987,0.037927,9.916730,0.054712,23.944315
1403638577877829376.000000,0.000000,0.000000,10.272253,5.181328,0.103234,0.025737,4.688791,0.023772,25.872306
1403638577927829504.000000,0.000000,0.000000,9.796682,5.602536,0.052226,0.045108,5.828619,0.183360,26.599173
1403638577977829376.000000,0.000000,0.000000,10.730963,8.590421,0.098774,0.035811,6.740866,0.033116,30.341622
1403638578027829504.000000,0.000000,0.000000,9.565665,6.217230,0.116336,0.027959,4.728100,0.175530,26.297719
1403638578077829376.000000,0.000000,0.000000,9.905566,8.167705,0.106306,0.039675,8.720439,0.044325,30.526139
1403638578127829504.000000,0.000000,0.000000,8.740128,8.132923,0.107750,0.021281,5.756040,0.186348,28.689588
1403638578177829376.000000,0.000000,0.000000,9.549574,4.839868,0.102550,0.039637,9.879310,0.046749,25.135173
1403638578227829504.000000,0.000000,0.000000,10.471824,8.615728,0.137543,0.019744,4.060320,0.158968,33.457957
1403638578277829376.000000,0.000000,0.000000,10.029006,8.757266,0.110979,0.038051,11.063778,0.024196,31.274385
1403638578327829504.000000,0.000000,0.000000,10.137721,8.958568,0.081091,0.032717,7.717745,0.032352,33.314185
1403638578377829376.000000,0.000000,0.000000,10.446865,9.844416,0.109540,0.018642,4.863314,0.158793,34.398579
1403638578427829504.000000,0.000000,0.000000,11.009427,5.115543,0.083545,0.043554,8.803768,0.037801,25.150757
1403638578477829376.000000,0.000000,0.000000,10.294620,9.385140,0.096960,0.031597,4.580619,0.036481,32.131582
1403638578527829504.000000,0.000000,0.000000,12.369759,6.026806,0.080335,0.044864,10.242563,0.036110,29.576398
1403638578577829376.000000,0.000000,0.000000,11.942541,8.954212,0.077573,0.042293,10.453767,0.056584,32.714018
1403638578627829504.000000,0.000000,0.000000,10.008435,5.853254,0.075546,0.021547,5.947323,0.203893,27.335457
1403638578677829376.000000,0.000000,0.000000,11.988779,6.169592,0.095420,0.042179,9.595759,0.050299,31.994908
1403638578727829504.000000,0.000000,0.000000,9.097571,5.221418,0.069748,0.037506,7.444779,0.038460,24.099629
1403638578777829376.000000,0.000000,0.000000,11.094886,7.523820,0.083361,0.031669,7.161115,0.193244,31.868686
1403638578827829504.000000,0.000000,0.000000,9.772795,10.179656,0.077915,0.044549,10.114168,0.051881,30.660990
1403638578877829376.000000,0.000000,0.000000,9.175793,4.681616,0.100802,0.017754,4.685990,0.024709,23.881228
1403638578927829504.000000,0.000000,0.000000,9.729787,5.276900,0.083059,0.029868,7.152783,0.227384,25.813363
1403638578977829376.000000,0.000000,0.000000,11.096844,7.979268,0.088391,0.049901,11.100522,0.095392,32.329099
1403638579027829504.000000,0.000000,0.000000,9.490873,4.446580,0.073675,0.047525,9.208615,0.037830,22.851486
1403638579077829376.000000,0.000000,0.000000,9.913106,6.190186,0.080210,0.040601,9.966209,0.254661,28.169551
1403638579127829504.000000,0.000000,0.000000,9.583787,8.055769,0.070328,0.040588,7.519281,0.039489,30.827039
1403638579177829376.000000,0.000000,0.000000,12.475326,4.809739,0.084664,0.050379,9.413064,0.290928,27.150215
1403638579227829504.000000,0.000000,0.000000,9.300219,4.391039,0.103064,0.049215,7.333734,0.038181,23.395027
1403638579277829376.000000,0.000000,0.000000,9.623082,4.718985,0.118078,0.042111,8.576215,0.054494,24.623790
1403638579327829504.000000,0.000000,0.000000,9.759892,7.424899,0.080742,0.046266,6.777666,0.029472,30.448411
1403638579377829376.000000,0.000000,0.000000,9.491324,7.560602,0.074904,0.032912,6.275875,0.181196,31.030107
1403638579427829504.000000,0.000000,0.000000,10.448762,3.899241,0.077883,0.038424,6.442842,0.035749,23.786781
1403638579477829376.000000,0.000000,0.000000,9.902055,4.635987,0.108338,0.022363,5.703729,0.196758,24.349552
1403638579527829504.000000,0.000000,0.000000,9.298093,4.587814,0.073944,0.039456,8.240796,0.057877,23.942314
1403638579577829376.000000,0.000000,0.000000,11.393121,7.730615,0.079420,0.024796,5.921404,0.206052,32.669627
1403638579627829504.000000,0.000000,0.000000,8.068895,3.906140,0.097288,0.039785,6.231396,0.035084,20.358270
1403638579677829376.000000,0.000000,0.000000,9.223849,5.243931,0.076032,0.029689,5.528863,0.042698,24.905852
1403638579727829504.000000,0.000000,0.000000,9.876678,7.803333,0.080074,0.036858,11.331480,0.332263,29.787193
1403638579777829376.000000,0.000000,0.000000,10.967485,4.727856,0.069773,0.049754,12.228591,0.063349,24.953846
1403638579827829504.000000,0.000000,0.000000,9.125268,3.806550,0.066869,0.038471,6.973713,0.030634,21.930115
1403638579877829376.000000,0.000000,0.000000,9.927814,3.588771,0.103331,0.051899,8.944618,0.269210,22.938381
1403638579927829504.000000,0.000000,0.000000,9.070610,3.253788,0.074918,0.049267,9.292670,0.048433,20.858560
1403638579977829376.000000,0.000000,0.000000,9.415410,6.355380,0.088508,0.032739,5.406419,0.184738,28.450797
1403638580027829504.000000,0.000000,0.000000,9.492206,7.233954,0.131088,0.045118,6.685112,0.035251,27.419071
1403638580077829376.000000,0.000000,0.000000,9.916274,5.182632,0.059731,0.037561,6.159503,0.177445,26.668831
1403638580127829504.000000,0.000000,0.000000,8.492634,7.953647,0.062744,0.053847,11.454603,0.057315,26.196023
1403638580177829376.000000,0.000000,0.000000,9.249884,3.267300,0.095638,0.037608,13.285656,0.459459,21.649450
1403638580227829504.000000,0.000000,0.000000,9.881346,3.213325,0.108668,0.041622,6.623445,0.035881,21.675440
1403638580277829376.000000,0.000000,0.000000,10.713186,5.205092,0.061148,0.032041,5.092636,0.182036,26.786579
1403638580327829504.000000,0.000000,0.000000,8.107405,5.899977,0.116147,0.047537,9.643972,0.049595,25.702603
1403638580377829376.000000,0.000000,0.000000,9.180687,2.728069,0.065304,0.028253,5.630283,0.197704,19.381395
1403638580427829504.000000,0.000000,0.000000,8.456888,6.354331,0.060579,0.041564,6.964711,0.035422,28.132445
1403638580477829376.000000,0.000000,0.000000,8.803558,2.631949,0.052202,0.032581,8.204248,0.057837,19.587568
1403638580527829504.000000,0.000000,0.000000,8.606155,2.573185,0.099024,0.021132,6.133768,0.206498,19.056835
1403638580577829376.000000,0.000000,0.000000,9.810925,2.404601,0.063270,0.067366,10.833868,0.055881,19.360053
1403638580627829504.000000,0.000000,0.000000,8.172570,5.607880,0.061489,0.022972,5.098213,0.170073,26.188607
1403638580677829376.000000,0.000000,0.000000,7.773202,2.164703,0.114768,0.043239,11.604824,0.054557,17.207418
1403638580727829504.000000,0.000000,0.000000,9.139902,2.090366,0.060596,0.025648,5.393253,0.188982,18.186039
1403638580777829376.000000,0.000000,0.000000,8.570840,5.910877,0.065953,0.033176,6.226288,0.041662,28.631838
1403638580827829504.000000,0.000000,0.000000,8.700864,2.552481,0.105220,0.026863,5.242601,0.024605,19.939650
1403638580877829376.000000,0.000000,0.000000,9.795056,2.787630,0.060850,0.046980,10.922946,0.319624,21.478084
1403638580927829504.000000,0.000000,0.000000,8.835532,6.008443,0.058663,0.021427,5.891352,0.034184,26.540321
1403638580977829376.000000,0.000000,0.000000,8.676741,2.697122,0.062452,0.016964,4.818540,0.034259,19.280683
1403638581027829504.000000,0.000000,0.000000,9.901228,2.702028,0.081760,0.019296,6.586281,0.214109,21.240944
1403638581077829376.000000,0.000000,0.000000,10.182950,2.775933,0.066307,0.035442,8.315314,0.058229,21.629259
1403638581127829504.000000,0.000000,0.000000,10.875371,2.885570,0.116407,0.027319,5.073422,0.162847,27.160105
1403638581177829376.000000,0.000000,0.000000,9.128537,3.097985,0.066084,0.055436,10.826540,0.052075,21.184508
1403638581227829504.000000,0.000000,0.000000,9.313188,5.911447,0.097020,0.019904,5.688595,0.165796,25.336127
1403638581277829376.000000,0.000000,0.000000,9.168218,2.875825,0.092026,0.030576,5.715980,0.029989,21.620407
1403638581327829504.000000,0.000000,0.000000,9.447879,5.448939,0.061782,0.022428,5.653894,0.169899,26.833066
1403638581377829376.000000,0.000000,0.000000,8.677893,4.702666,0.098110,0.040382,9.585883,0.044444,25.903173
1403638581427829504.000000,0.000000,0.000000,9.653685,2.847321,0.062863,0.033119,8.701129,0.245096,21.681755
1403638581477829376.000000,0.000000,0.000000,8.764138,4.910273,0.069626,0.046548,11.718555,0.054001,26.160209
1403638581527829504.000000,0.000000,0.000000,8.628318,4.645619,0.105064,0.028186,5.060649,0.169529,20.467445
1403638581577829376.000000,0.000000,0.000000,9.331623,3.302370,0.105552,0.043156,12.580340,0.065006,22.517073
1403638581627829504.000000,0.000000,0.000000,8.694195,4.955039,0.139908,0.022527,5.144841,0.171328,26.437983
1403638581677829376.000000,0.000000,0.000000,8.148701,6.170850,0.061293,0.032067,6.244394,0.029744,23.940753
1403638581727829504.000000,0.000000,0.000000,8.818530,6.211433,0.088572,0.017514,5.460427,0.191535,28.409520
1403638581777829376.000000,0.000000,0.000000,8.278566,3.019417,0.066893,0.032994,6.888630,0.033076,19.474297
1403638581827829504.000000,0.000000,0.000000,9.733484,3.825422,0.087507,0.029916,4.842852,0.181578,24.232446
1403638581877829376.000000,0.000000,0.000000,9.961952,2.489272,0.087777,0.030350,6.393380,0.034012,22.923887
1403638581927829504.000000,0.000000,0.000000,8.265320,2.448228,0.062104,0.020433,5.848760,0.236886,19.070258
1403638581977829376.000000,0.000000,0.000000,10.725948,5.549344,0.098165,0.047156,9.247702,0.051451,28.826790
1403638582027829504.000000,0.000000,0.000000,10.109362,3.373779,0.061196,0.033351,7.033224,0.255461,20.873645
1403638582077829376.000000,0.000000,0.000000,9.165864,5.375645,0.112587,0.047533,11.153818,0.065627,25.717747
1403638582127829504.000000,0.000000,0.000000,8.810874,2.940881,0.099026,0.028844,6.425270,0.236875,21.242980
1403638582177829376.000000,0.000000,0.000000,10.069520,5.964632,0.112955,0.044177,9.241057,0.047534,27.200517
1403638582227829504.000000,0.000000,0.000000,11.694582,6.455428,0.078145,0.031502,7.023989,0.032818,30.970510
1403638582277829376.000000,0.000000,0.000000,8.532848,6.181929,0.050524,0.025557,9.628967,0.357591,28.310349
1403638582327829504.000000,0.000000,0.000000,8.982788,5.171205,0.062913,0.025779,7.505152,0.041980,27.168389
1403638582377829376.000000,0.000000,0.000000,8.879568,2.403594,0.070524,0.023792,6.570591,0.212809,19.582994
1403638582427829504.000000,0.000000,0.000000,9.490610,2.952312,0.066698,0.050093,11.826721,0.057773,20.802242
1403638582477829376.000000,0.000000,0.000000,9.231283,2.692490,0.105635,0.025881,5.664432,0.198172,20.530435
1403638582527829504.000000,0.000000,0.000000,10.853740,3.103893,0.101598,0.038762,7.760109,0.041623,24.612211
1403638582577829376.000000,0.000000,0.000000,9.020038,6.029035,0.103691,0.034575,6.422866,0.217790,28.399748
1403638582627829504.000000,0.000000,0.000000,9.130208,6.403881,0.106758,0.041504,8.142135,0.044773,28.537968
1403638582677829376.000000,0.000000,0.000000,8.420690,5.450813,0.087809,0.032374,7.096941,0.223898,27.606890
1403638582727829504.000000,0.000000,0.000000,8.651384,6.659275,0.111360,0.038512,7.956968,0.042777,27.141564
1403638582777829376.000000,0.000000,0.000000,8.120612,2.681462,0.064323,0.054468,5.807857,0.269080,18.385862
1403638582827829504.000000,0.000000,0.000000,8.801631,6.340039,0.064050,0.056231,11.835172,0.063645,28.523377
1403638582877829376.000000,0.000000,0.000000,8.562168,3.124933,0.064148,0.040241,6.891802,0.272747,19.245404
1403638582927829504.000000,0.000000,0.000000,8.682125,2.898921,0.076524,0.056171,10.608789,0.058259,20.557143
1403638582977829376.000000,0.000000,0.000000,8.441241,2.735190,0.070965,0.037995,9.222736,0.354239,18.882141
1403638583027829504.000000,0.000000,0.000000,9.130291,2.815317,0.104619,0.066307,12.139565,0.070491,20.492994
1403638583077829376.000000,0.000000,0.000000,9.348256,2.431522,0.111115,0.042313,10.637713,0.403808,22.902871
1403638583127829504.000000,0.000000,0.000000,8.389186,4.701360,0.126741,0.060931,12.108103,0.068802,24.657268
1403638583177829376.000000,0.000000,0.000000,8.658255,5.192868,0.067641,0.061854,11.177998,0.072049,25.541830
1403638583227829504.000000,0.000000,0.000000,8.888351,5.713434,0.128347,0.044469,9.037685,0.329406,28.367082
1403638583277829376.000000,0.000000,0.000000,9.313450,2.287036,0.111419,0.049897,12.700581,0.068237,19.208724
1403638583327829504.000000,0.000000,0.000000,8.444550,5.599481,0.071467,0.036704,9.867263,0.059458,27.462234
1403638583377829376.000000,0.000000,0.000000,9.430073,5.681109,0.072132,0.033163,7.505329,0.038596,27.602354
1403638583427829504.000000,0.000000,0.000000,10.155926,2.179316,0.067434,0.041235,9.207242,0.381166,20.754375
1403638583477829376.000000,0.000000,0.000000,10.324255,2.117773,0.116603,0.039611,9.570026,0.070126,20.500239
1403638583527829504.000000,0.000000,0.000000,8.410254,2.389324,0.126589,0.048534,8.506808,0.058752,19.241451
1403638583577829376.000000,0.000000,0.000000,7.253737,4.905098,0.068447,0.027447,7.480059,0.377852,24.814855
1403638583627829504.000000,0.000000,0.000000,8.022789,5.291677,0.066555,0.052564,8.044086,0.051388,25.134676
1403638583677829376.000000,0.000000,0.000000,8.311595,2.940993,0.118020,0.037171,6.793333,0.042140,20.639565
1403638583727829504.000000,0.000000,0.000000,8.170734,1.998856,0.068240,0.034306,7.540724,0.298142,17.252892
1403638583777829376.000000,0.000000,0.000000,8.754541,4.896410,0.059953,0.031546,8.711638,0.052415,25.880632
1403638583827829504.000000,0.000000,0.000000,9.266496,2.366067,0.122022,0.027829,6.772769,0.333956,18.398137
1403638583877829376.000000,0.000000,0.000000,8.830353,2.331043,0.055187,0.048887,8.764331,0.052640,18.815764
1403638583927829504.000000,0.000000,0.000000,8.451877,5.365939,0.125637,0.049187,8.846995,0.056172,26.524367
1403638583977829376.000000,0.000000,0.000000,8.056966,2.308289,0.069407,0.031180,9.142032,0.400903,19.396548
1403638584027829504.000000,0.000000,0.000000,9.623220,4.460708,0.115832,0.059812,11.223889,0.064887,24.509288
1403638584077829376.000000,0.000000,0.000000,8.098959,2.124705,0.059779,0.051925,10.292677,0.057131,18.758232
1403638584127829504.000000,0.000000,0.000000,9.605727,5.645196,0.061508,0.044509,9.691022,0.301524,26.693378
1403638584177829376.000000,0.000000,0.000000,9.026923,2.632905,0.091445,0.056909,11.211838,0.074647,20.195032
1403638584227829504.000000,0.000000,0.000000,8.520359,5.283582,0.068879,0.051397,11.048428,0.069341,21.746140
1403638584277829376.000000,0.000000,0.000000,9.803103,3.426387,0.108042,0.032190,8.359282,0.043730,26.098026
1403638584327829504.000000,0.000000,0.000000,9.447368,3.156225,0.068961,0.042851,11.968210,0.485450,24.250158
1403638584377829376.000000,0.000000,0.000000,9.747024,7.351701,0.068815,0.063141,15.258149,0.102788,27.420269
1403638584427829504.000000,0.000000,0.000000,8.974970,3.732649,0.074679,0.071982,13.616788,0.109762,22.344253
1403638584477829376.000000,0.000000,0.000000,10.184423,3.355608,0.108128,0.035024,8.295562,0.384990,22.487966
1403638584527829504.000000,0.000000,0.000000,11.106591,3.092157,0.116293,0.073702,12.391632,0.075574,22.098036
1403638584577829376.000000,0.000000,0.000000,10.322095,3.375463,0.112056,0.042097,11.197187,0.457123,22.604501
1403638584627829504.000000,0.000000,0.000000,10.068098,7.750221,0.078479,0.053071,11.961996,0.063157,30.578411
1403638584677829376.000000,0.000000,0.000000,10.741053,6.789048,0.117416,0.041290,10.599717,0.540936,29.475998
1403638584727829504.000000,0.000000,0.000000,10.665757,3.786213,0.086710,0.056863,13.057405,0.076820,26.301695
1403638584777829376.000000,0.000000,0.000000,9.264864,6.703550,0.087688,0.042127,10.692263,0.084620,28.489176
1403638584827829504.000000,0.000000,0.000000,10.087365,6.553488,0.076469,0.069658,11.764000,0.699756,30.103266
1403638584877829376.000000,0.000000,0.000000,8.952517,2.595385,0.128835,0.044919,10.225958,0.069449,20.257675
1403638584927829504.000000,0.000000,0.000000,8.969114,3.611497,0.072766,0.063561,12.426660,0.078631,19.799458
1403638584977829376.000000,0.000000,0.000000,8.133935,4.224803,0.125532,0.034788,9.397954,0.070557,25.390306
1403638585027829504.000000,0.000000,0.000000,9.010360,2.392095,0.074709,0.046861,12.349788,0.071872,18.492445
1403638585077829376.000000,0.000000,0.000000,9.799789,5.535679,0.134671,0.040800,8.662018,0.054384,28.759722
1403638585127829504.000000,0.000000,0.000000,9.539744,2.349597,0.105574,0.035365,9.347976,0.494949,18.990681
1403638585177829376.000000,0.000000,0.000000,9.495281,6.172190,0.075646,0.069322,13.123345,0.086474,29.479018
1403638585227829504.000000,0.000000,0.000000,8.905400,5.219606,0.115953,0.066801,13.138350,0.087885,25.373931
1403638585277829376.000000,0.000000,0.000000,9.743430,3.453001,0.128241,0.048718,10.053834,0.059139,22.503781
1403638585327829504.000000,0.000000,0.000000,9.483929,5.271303,0.136488,0.045930,9.292044,0.517646,27.746478
1403638585377829376.000000,0.000000,0.000000,10.022454,6.294496,0.116595,0.080084,10.612598,0.104009,26.712383
1403638585427829504.000000,0.000000,0.000000,9.581042,6.297610,0.081068,0.059878,10.477818,0.065575,29.928110
1403638585477829376.000000,0.000000,0.000000,9.363195,5.953834,0.096075,0.041831,11.412975,0.070015,28.686363
1403638585527829504.000000,0.000000,0.000000,8.904485,2.726511,0.075818,0.056169,12.764230,0.075932,18.940681
1403638585577829376.000000,0.000000,0.000000,10.049069,2.507180,0.075756,0.035867,9.367292,0.413053,21.649689
1403638585627829504.000000,0.000000,0.000000,8.258504,2.858668,0.096186,0.046711,11.491397,0.074788,21.512241
1403638585677829376.000000,0.000000,0.000000,8.360040,2.492689,0.081779,0.073515,12.567756,0.081401,19.155721
1403638585727829504.000000,0.000000,0.000000,8.009146,3.783684,0.134717,0.059429,9.884071,0.579692,23.636244
1403638585777829376.000000,0.000000,0.000000,8.504135,3.551029,0.074193,0.075462,11.770385,0.100074,21.151088
1403638585827829504.000000,0.000000,0.000000,8.274520,4.792121,0.149616,0.063692,11.760600,0.086371,26.022116
1403638585877829376.000000,0.000000,0.000000,8.134180,2.035308,0.133427,0.047536,7.977945,0.383225,17.491726
1403638585927829504.000000,0.000000,0.000000,8.847823,4.485567,0.072531,0.111511,13.031917,0.083527,27.410959
1403638585977829376.000000,0.000000,0.000000,8.182981,4.790760,0.111005,0.060461,10.383334,0.117197,24.103780
1403638586027829504.000000,0.000000,0.000000,9.818415,2.100415,0.084177,0.040095,8.428831,0.388113,19.560495
1403638586077829376.000000,0.000000,0.000000,9.894170,4.471596,0.144148,0.110150,12.911728,0.091761,26.903031
1403638586127829504.000000,0.000000,0.000000,8.127703,2.572561,0.130981,0.039678,9.235585,0.440838,18.849176
1403638586177829376.000000,0.000000,0.000000,9.405323,6.821886,0.077493,0.051125,11.398008,0.082941,29.671681
1403638586227829504.000000,0.000000,0.000000,8.869812,6.645704,0.118625,0.058700,11.195715,0.084477,29.079552
1403638586277829376.000000,0.000000,0.000000,9.409232,3.456954,0.114165,0.038024,7.485256,0.364232,22.403510
1403638586327829504.000000,0.000000,0.000000,9.308135,6.959739,0.116842,0.069155,13.397718,0.074861,29.344327
1403638586377829376.000000,0.000000,0.000000,8.906600,6.369965,0.133592,0.054690,11.064239,0.068885,26.200470
1403638586427829504.000000,0.000000,0.000000,9.423207,7.041632,0.079842,0.038741,10.381137,0.508793,26.848370
1403638586477829376.000000,0.000000,0.000000,9.445463,7.213156,0.101856,0.053963,12.393114,0.094176,30.444483
1403638586527829504.000000,0.000000,0.000000,9.677119,4.381214,0.114152,0.063383,11.171394,0.061960,21.416413
1403638586577829376.000000,0.000000,0.000000,9.405631,5.177382,0.112723,0.035804,9.002307,0.058167,25.293873
1403638586627829504.000000,0.000000,0.000000,10.596641,7.413532,0.109978,0.032529,8.540794,0.366313,33.343955
1403638586677829376.000000,0.000000,0.000000,8.985118,6.190156,0.085168,0.075124,12.784372,0.113744,27.559227
1403638586727829504.000000,0.000000,0.000000,9.152527,6.749323,0.255163,0.060320,11.204475,0.061087,29.198171
1403638586777829376.000000,0.000000,0.000000,8.799024,4.078633,0.122405,0.029238,7.386285,0.049857,23.703139
1403638586827829504.000000,0.000000,0.000000,9.334371,10.009614,0.111914,0.044840,8.842434,0.325671,33.089528
1403638586877829376.000000,0.000000,0.000000,10.318694,6.467109,0.089570,0.044354,11.819735,0.068784,27.488725
1403638586927829504.000000,0.000000,0.000000,9.138191,6.204738,0.114262,0.060529,12.749249,0.079442,27.644833
1403638586977829376.000000,0.000000,0.000000,11.043409,5.947239,0.080591,0.048921,7.670839,0.341705,27.042939
1403638587027829504.000000,0.000000,0.000000,8.897143,3.127687,0.078270,0.072009,11.382668,0.077537,21.269705
1403638587077829376.000000,0.000000,0.000000,10.062769,3.125204,0.081725,0.038819,8.982493,0.050625,22.707647
1403638587127829504.000000,0.000000,0.000000,10.133464,3.509663,0.079437,0.038644,7.527631,0.050694,22.223336
1403638587177829376.000000,0.000000,0.000000,9.202538,3.570081,0.086495,0.039161,10.548334,0.479157,24.140459
1403638587227829504.000000,0.000000,0.000000,9.955437,3.515159,0.093584,0.056719,12.369010,0.093073,22.276778
1403638587277829376.000000,0.000000,0.000000,8.850541,4.134466,0.129866,0.076589,10.971008,0.076392,22.401356
1403638587327829504.000000,0.000000,0.000000,9.291256,3.070834,0.141877,0.043029,7.901612,0.049800,21.014958
1403638587377829376.000000,0.000000,0.000000,10.221936,6.693330,0.142528,0.048689,8.210544,0.393324,32.255815
1403638587427829504.000000,0.000000,0.000000,10.496329,6.549015,0.099776,0.060592,11.525757,0.075697,33.033908
1403638587477829376.000000,0.000000,0.000000,9.434381,6.227104,0.117242,0.040941,11.185153,0.057689,26.075202
1403638587527829504.000000,0.000000,0.000000,9.466075,3.804269,0.099750,0.046510,8.680883,0.055858,26.015572
1403638587577829376.000000,0.000000,0.000000,9.427806,5.421063,0.084465,0.059439,11.771833,0.066963,27.209781
1403638587627829504.000000,0.000000,0.000000,8.443893,2.606259,0.090884,0.063483,10.784646,0.060078,19.845537
1403638587677829376.000000,0.000000,0.000000,8.934778,2.921945,0.150506,0.043884,12.677567,0.464381,21.709753
1403638587727829504.000000,0.000000,0.000000,8.427361,3.213840,0.144925,0.050969,13.374123,0.084348,21.514996
1403638587777829376.000000,0.000000,0.000000,8.839388,6.566903,0.084470,0.063700,11.421562,0.081940,30.534396
1403638587827829504.000000,0.000000,0.000000,8.422020,5.849258,0.096097,0.036985,8.752332,0.057253,31.264962
1403638587877829376.000000,0.000000,0.000000,9.184962,2.948649,0.122529,0.060591,12.433694,0.070743,21.896278
1403638587927829504.000000,0.000000,0.000000,8.448568,2.590508,0.086854,0.039498,9.830380,0.059001,19.375333
1403638587977829376.000000,0.000000,0.000000,9.373547,5.561501,0.086503,0.057992,12.171735,0.464909,27.847777
1403638588027829504.000000,0.000000,0.000000,9.115351,2.932177,0.127138,0.041499,10.218080,0.072300,21.061285
1403638588077829376.000000,0.000000,0.000000,9.001917,2.963174,0.084141,0.110746,13.110997,0.073221,22.130818
1403638588127829504.000000,0.000000,0.000000,9.315420,5.462607,0.153820,0.036314,9.534283,0.057434,26.767086
1403638588177829376.000000,0.000000,0.000000,9.592320,2.929524,0.082277,0.080182,10.746189,0.071175,21.948136
1403638588227829504.000000,0.000000,0.000000,8.851883,5.753424,0.161009,0.058281,10.642731,0.390802,29.500059
1403638588277829376.000000,0.000000,0.000000,9.386579,2.629556,0.086933,0.035018,10.175154,0.081726,20.565922
1403638588327829504.000000,0.000000,0.000000,9.849144,6.068227,0.087210,0.064515,10.632446,0.075958,31.427162
1403638588377829376.000000,0.000000,0.000000,8.562002,2.718396,0.083217,0.036363,9.379984,0.066372,19.568384
1403638588427829504.000000,0.000000,0.000000,9.141485,2.760884,0.144549,0.043366,13.914614,0.457823,21.552173
1403638588477829376.000000,0.000000,0.000000,8.551101,2.445309,0.091128,0.049819,13.652010,0.083919,19.079504
1403638588527829504.000000,0.000000,0.000000,9.488740,5.263224,0.103441,0.076326,11.655271,0.105553,28.988597
1403638588577829376.000000,0.000000,0.000000,10.037373,2.272665,0.087977,0.108161,15.174131,0.408865,21.526218
1403638588627829504.000000,0.000000,0.000000,9.700357,2.375718,0.087750,0.057762,10.983569,0.079235,20.439419
1403638588677829376.000000,0.000000,0.000000,9.464461,2.469907,0.078080,0.065335,11.230127,0.072447,21.383257
1403638588727829504.000000,0.000000,0.000000,9.991104,2.534457,0.231529,0.036472,10.024801,0.410199,23.974212
1403638588777829376.000000,0.000000,0.000000,9.150499,2.441385,0.086859,0.057540,10.527578,0.068016,19.669255
1403638588827829504.000000,0.000000,0.000000,9.082092,5.223094,0.116985,0.090889,10.800054,0.084993,28.514974
1403638588877829376.000000,0.000000,0.000000,9.504331,3.112751,0.086089,0.059302,10.659742,0.383026,21.277988
1403638588927829504.000000,0.000000,0.000000,9.122758,2.385356,0.150664,0.043391,11.702666,0.085262,20.014770
1403638588977829376.000000,0.000000,0.000000,9.076000,2.831321,0.143799,0.067337,12.432294,0.086723,20.376797
1403638589027829504.000000,0.000000,0.000000,9.873787,5.643949,0.143578,0.049159,11.471144,0.474195,28.352929
1403638589077829376.000000,0.000000,0.000000,9.281392,5.101817,0.078961,0.120526,13.015259,0.136199,26.310265
1403638589127829504.000000,0.000000,0.000000,8.786920,5.672046,0.161240,0.058296,10.135391,0.080565,29.762431
1403638589177829376.000000,0.000000,0.000000,9.507396,2.406710,0.092636,0.038274,9.046234,0.457801,19.873806
1403638589227829504.000000,0.000000,0.000000,8.324377,5.719051,0.087556,0.050639,10.892436,0.077620,29.924140
1403638589277829376.000000,0.000000,0.000000,9.121386,2.860823,0.103941,0.052255,12.509198,0.080768,19.935551
1403638589327829504.000000,0.000000,0.000000,9.297019,2.658455,0.088227,0.040249,11.179912,0.525413,21.561249
1403638589377829376.000000,0.000000,0.000000,9.125506,5.651652,0.088783,0.051975,11.093114,0.073077,23.746636
1403638589427829504.000000,0.000000,0.000000,9.721688,3.182103,0.101268,0.051479,10.926473,0.261990,22.665314
1403638589477829376.000000,0.000000,0.000000,9.831983,2.939841,0.088655,0.036360,8.667023,0.482403,20.515700
1403638589527829504.000000,0.000000,0.000000,8.998879,3.379310,0.123837,0.063197,10.997785,0.069742,21.708935
1403638589577829376.000000,0.000000,0.000000,9.032215,3.554350,0.115394,0.051260,10.901677,0.081228,21.946586
1403638589627829504.000000,0.000000,0.000000,9.528314,6.936443,0.149498,0.028127,8.172100,0.477399,29.227061
1403638589677829376.000000,0.000000,0.000000,9.507900,5.746916,0.096154,0.051064,11.267568,0.079127,25.627379
1403638589727829504.000000,0.000000,0.000000,9.089669,11.592911,0.130693,0.053879,11.395352,0.080282,35.267109
1403638589777829376.000000,0.000000,0.000000,9.414454,3.889835,0.149455,0.023660,8.808745,0.429572,22.941225
1403638589827829504.000000,0.000000,0.000000,9.298281,6.996802,0.110053,0.055729,12.689846,0.087375,29.183779
1403638589877829376.000000,0.000000,0.000000,8.994649,7.068864,0.099989,0.038946,9.291828,0.065640,26.615980
1403638589927829504.000000,0.000000,0.000000,10.939464,5.316496,0.108341,0.024293,8.573755,0.405614,29.185206
1403638589977829376.000000,0.000000,0.000000,9.777420,3.589600,0.155341,0.049493,11.729098,0.083869,24.259615
1403638590027829504.000000,0.000000,0.000000,9.515690,3.623688,0.093945,0.047123,11.744467,0.088713,22.961174
1403638590077829376.000000,0.000000,0.000000,9.609438,7.231559,0.097627,0.030165,8.914011,0.452271,32.061779
1403638590127829504.000000,0.000000,0.000000,9.382692,3.244519,0.111628,0.063722,12.912956,0.095922,21.187304
1403638590177829376.000000,0.000000,0.000000,9.026109,3.656010,0.099771,0.050367,11.863280,0.092946,23.857575
1403638590227829504.000000,0.000000,0.000000,8.991930,3.240694,0.098437,0.036416,11.009582,0.491125,22.252463
1403638590277829376.000000,0.000000,0.000000,9.374535,3.723266,0.094418,0.051735,13.735655,0.085677,24.652698
1403638590327829504.000000,0.000000,0.000000,9.197829,3.660659,0.101062,0.047997,13.955097,0.080105,23.134322
1403638590377829376.000000,0.000000,0.000000,10.991658,3.490541,0.141771,0.030477,11.423727,0.459439,25.640088
1403638590427829504.000000,0.000000,0.000000,9.040230,3.043092,0.100172,0.034974,11.469155,0.066607,21.039147
1403638590477829376.000000,0.000000,0.000000,10.483210,6.789537,0.134779,0.044238,11.893980,0.109080,32.378821
1403638590527829504.000000,0.000000,0.000000,10.393090,3.891120,0.125649,0.029704,8.728321,0.431996,24.307926
1403638590577829376.000000,0.000000,0.000000,11.201374,6.077961,0.174538,0.061977,12.880703,0.099545,31.585100
1403638590627829504.000000,0.000000,0.000000,10.176438,7.316923,0.157671,0.055894,13.350602,0.076570,30.279142
1403638590677829376.000000,0.000000,0.000000,9.705132,6.296039,0.153606,0.031920,11.022864,0.454982,31.469477
1403638590727829504.000000,0.000000,0.000000,10.168576,7.268252,0.161852,0.037722,13.244631,0.086100,32.190234
1403638590777829376.000000,0.000000,0.000000,9.824327,6.785658,0.163048,0.039710,13.101971,0.087031,32.387093
1403638590827829504.000000,0.000000,0.000000,10.142705,7.460485,0.158918,0.033926,11.902045,0.475928,32.619368
1403638590877829376.000000,0.000000,0.000000,10.391842,7.467062,0.145341,0.043355,15.177802,0.093473,30.205232
1403638590927829504.000000,0.000000,0.000000,10.909230,8.424033,0.107919,0.045916,12.385384,0.079195,35.835276
1403638590977829376.000000,0.000000,0.000000,11.408122,6.985800,0.143919,0.029413,10.888349,0.459912,31.459147
1403638591027829504.000000,0.000000,0.000000,9.797028,3.979311,0.131318,0.032067,12.427462,0.070050,24.956669
1403638591077829376.000000,0.000000,0.000000,12.166949,6.935387,0.120508,0.043084,12.802231,0.075219,31.959810
1403638591127829504.000000,0.000000,0.000000,12.763864,4.905292,0.121823,0.026635,10.259134,0.583558,31.526466
1403638591177829376.000000,0.000000,0.000000,11.961413,5.191163,0.106288,0.032077,12.309237,0.073487,29.033582
1403638591227829504.000000,0.000000,0.000000,10.295595,3.988001,0.116948,0.037989,12.179969,0.082666,25.180133
1403638591277829376.000000,0.000000,0.000000,10.185394,8.328134,0.108055,0.027663,10.243330,0.499679,29.689919
1403638591327829504.000000,0.000000,0.000000,10.349650,4.017744,0.112384,0.045268,12.560776,0.082277,25.084489
1403638591377829376.000000,0.000000,0.000000,10.961749,4.278420,0.106348,0.042583,12.290332,0.084135,26.757035
1403638591427829504.000000,0.000000,0.000000,10.764980,4.994877,0.117924,0.025939,8.058379,0.367911,28.387488
1403638591477829376.000000,0.000000,0.000000,11.049942,4.590506,0.118581,0.028885,10.988073,0.066784,26.441713
1403638591527829504.000000,0.000000,0.000000,10.576814,4.658043,0.105070,0.039590,12.643068,0.081453,27.069048
1403638591577829376.000000,0.000000,0.000000,11.358988,8.358205,0.129975,0.024244,10.223410,0.360489,32.567551
1403638591627829504.000000,0.000000,0.000000,9.614758,4.191731,0.134809,0.025724,13.524892,0.074476,26.308072
1403638591677829376.000000,0.000000,0.000000,12.621093,6.854976,0.140590,0.037384,11.276145,0.065421,34.615142
1403638591727829504.000000,0.000000,0.000000,10.665558,6.687341,0.128255,0.023741,9.786037,0.362725,31.355771
1403638591777829376.000000,0.000000,0.000000,10.417138,6.551090,0.138921,0.022395,10.475161,0.064480,30.016783
1403638591827829504.000000,0.000000,0.000000,10.885452,8.401440,0.126731,0.058715,12.257038,0.076504,34.426326
1403638591877829376.000000,0.000000,0.000000,10.136754,6.975348,0.150543,0.035555,10.365399,0.326654,31.372469
1403638591927829504.000000,0.000000,0.000000,10.534368,5.153565,0.168206,0.037138,14.244536,0.082628,27.696443
1403638591977829376.000000,0.000000,0.000000,10.955223,7.513546,0.161906,0.055350,14.177115,0.074071,34.254379
1403638592027829504.000000,0.000000,0.000000,10.683309,7.734849,0.123330,0.047523,13.271939,0.061033,37.608752
1403638592077829376.000000,0.000000,0.000000,14.048402,7.269147,0.157797,0.049522,13.083926,0.331428,39.036611
1403638592127829504.000000,0.000000,0.000000,10.217498,5.209363,0.171496,0.031490,13.422882,0.078832,27.720097
1403638592177829376.000000,0.000000,0.000000,9.674285,7.024246,0.180126,0.064404,12.257702,0.072283,32.840439
1403638592227829504.000000,0.000000,0.000000,11.102385,7.495064,0.161346,0.047951,12.846046,0.067666,34.284052
1403638592277829376.000000,0.000000,0.000000,10.510560,7.705408,0.168034,0.032600,12.844474,0.358834,33.856311
1403638592327829504.000000,0.000000,0.000000,11.075136,7.332510,0.165303,0.035949,13.446676,0.081318,32.926250
1403638592377829376.000000,0.000000,0.000000,11.264144,8.160453,0.173479,0.060620,12.727129,0.087822,36.144735
1403638592427829504.000000,0.000000,0.000000,11.780082,8.145145,0.136547,0.052560,12.628692,0.306648,34.609137
1403638592477829376.000000,0.000000,0.000000,10.573811,11.630525,0.148952,0.040424,13.964156,0.084487,38.209158
1403638592527829504.000000,0.000000,0.000000,11.382382,5.516968,0.136763,0.064894,13.264739,0.089195,31.210589
1403638592577829376.000000,0.000000,0.000000,10.088911,7.409507,0.157220,0.034981,11.917680,0.362521,33.765651
1403638592627829504.000000,0.000000,0.000000,10.896323,5.408422,0.140111,0.036886,13.441143,0.066721,29.003002
1403638592677829376.000000,0.000000,0.000000,10.911914,7.936830,0.138187,0.064282,13.027994,0.071054,34.437978
1403638592727829504.000000,0.000000,0.000000,11.945105,4.548521,0.176932,0.025902,9.231429,0.329309,28.587861
1403638592777829376.000000,0.000000,0.000000,12.375994,5.599204,0.181550,0.037281,13.557289,0.080672,30.740300
1403638592827829504.000000,0.000000,0.000000,11.296978,7.785111,0.166970,0.061940,13.412425,0.082825,36.458028
1403638592877829376.000000,0.000000,0.000000,11.722860,8.045049,0.129703,0.046321,11.447325,0.475425,36.519167
1403638592927829504.000000,0.000000,0.000000,11.510380,7.720598,0.147074,0.048925,12.592179,0.079479,32.530902
1403638592977829376.000000,0.000000,0.000000,10.180508,5.168031,0.139346,0.065661,11.301430,0.090314,28.367489
1403638593027829504.000000,0.000000,0.000000,11.516286,5.470601,0.161622,0.043297,11.579033,0.061536,31.275443
1403638593077829376.000000,0.000000,0.000000,10.646279,6.049204,0.163686,0.037174,10.886127,0.376633,30.768242
1403638593127829504.000000,0.000000,0.000000,10.248670,7.237098,0.140753,0.088576,12.956272,0.112984,32.704321
1403638593177829376.000000,0.000000,0.000000,10.844584,6.857435,0.149541,0.060838,11.645815,0.087664,34.193349
1403638593227829504.000000,0.000000,0.000000,10.700683,5.011079,0.152384,0.034545,11.371014,0.069814,29.216018
1403638593277829376.000000,0.000000,0.000000,11.261362,6.186661,0.167402,0.041892,11.848855,0.460628,32.345997
1403638593327829504.000000,0.000000,0.000000,11.288397,6.633477,0.132611,0.039518,12.045478,0.071847,34.831062
1403638593377829376.000000,0.000000,0.000000,11.374308,7.510353,0.157249,0.059439,13.397907,0.087817,33.337563
1403638593427829504.000000,0.000000,0.000000,12.910135,10.236181,0.127906,0.032775,10.123702,0.364177,38.893264
1403638593477829376.000000,0.000000,0.000000,11.795472,6.792075,0.157767,0.054287,13.829442,0.080041,34.435718
1403638593527829504.000000,0.000000,0.000000,10.896775,4.566601,0.162701,0.077877,14.025076,0.079491,26.902293
1403638593577829376.000000,0.000000,0.000000,11.660170,7.003158,0.141419,0.034173,11.835580,0.404300,35.573854
1403638593627829504.000000,0.000000,0.000000,11.005410,7.268139,0.174746,0.040990,14.053301,0.072512,32.425709
1403638593677829376.000000,0.000000,0.000000,10.457119,4.786324,0.173145,0.054899,11.634148,0.064015,27.337560
1403638593727829504.000000,0.000000,0.000000,11.654868,7.178574,0.142858,0.048004,10.028181,0.313536,35.383708
1403638593777829376.000000,0.000000,0.000000,11.232088,7.499437,0.156261,0.037282,13.441094,0.074583,32.346430
1403638593827829504.000000,0.000000,0.000000,11.826900,6.864487,0.141405,0.065501,15.140942,0.096692,33.887853
1403638593877829376.000000,0.000000,0.000000,11.067911,7.563163,0.106537,0.048541,13.071302,0.503977,33.796764
1403638593927829504.000000,0.000000,0.000000,10.873450,4.635171,0.150549,0.048479,12.005127,0.066236,26.478540
1403638593977829376.000000,0.000000,0.000000,12.324705,8.685907,0.153787,0.055985,12.333903,0.087631,38.024620
1403638594027829504.000000,0.000000,0.000000,10.819900,7.388536,0.084013,0.033187,12.602150,0.488217,32.825648
1403638594077829376.000000,0.000000,0.000000,11.554561,7.875168,0.166446,0.032150,11.570442,0.071874,33.822079
1403638594127829504.000000,0.000000,0.000000,11.247407,8.250817,0.135640,0.053460,12.841357,0.081062,36.185503
1403638594177829376.000000,0.000000,0.000000,12.105437,8.041077,0.142031,0.032556,11.775566,0.452117,34.780426
1403638594227829504.000000,0.000000,0.000000,11.212271,6.319238,0.115578,0.036526,13.651836,0.078340,29.717667
1403638594277829376.000000,0.000000,0.000000,10.402728,4.232390,0.163399,0.058297,13.256936,0.091075,27.118081
1403638594327829504.000000,0.000000,0.000000,11.534840,7.784952,0.127272,0.033353,9.871102,0.385169,36.376861
1403638594377829376.000000,0.000000,0.000000,11.844270,8.299779,0.138780,0.040454,13.599334,0.080974,34.949365
1403638594427829504.000000,0.000000,0.000000,10.561723,5.510960,0.096697,0.060194,12.118373,0.099050,26.979159
1403638594477829376.000000,0.000000,0.000000,10.686872,4.404020,0.169004,0.037779,11.614105,0.397390,27.633935
1403638594527829504.000000,0.000000,0.000000,10.812346,7.285881,0.130051,0.039701,13.782316,0.075682,33.306288
1403638594577829376.000000,0.000000,0.000000,11.611884,7.923300,0.093365,0.056848,13.601261,0.089657,36.004482
1403638594627829504.000000,0.000000,0.000000,10.502006,4.581122,0.149420,0.035043,11.061647,0.364209,26.957019
1403638594677829376.000000,0.000000,0.000000,11.608121,8.726188,0.132286,0.037285,10.530927,0.065621,35.224707
1403638594727829504.000000,0.000000,0.000000,10.685080,7.102892,0.152797,0.058370,13.468176,0.125752,30.074969
1403638594777829376.000000,0.000000,0.000000,11.389443,4.798338,0.186394,0.034526,11.010762,0.417864,26.701849
1403638594827829504.000000,0.000000,0.000000,10.929432,7.429678,0.172076,0.034788,12.886354,0.075313,32.838213
1403638594877829376.000000,0.000000,0.000000,12.132981,10.302007,0.170276,0.072008,14.869635,0.115044,38.595970
1403638594927829504.000000,0.000000,0.000000,10.672195,7.620088,0.150506,0.037342,12.508075,0.456017,32.887015
1403638594977829376.000000,0.000000,0.000000,11.770889,8.198598,0.153056,0.044561,11.693395,0.069444,31.149549
1403638595027829504.000000,0.000000,0.000000,11.445797,4.687036,0.158931,0.056919,12.587785,0.099958,28.179251
1403638595077829376.000000,0.000000,0.000000,10.947844,7.760989,0.130987,0.037399,11.306690,0.477971,34.398204
1403638595127829504.000000,0.000000,0.000000,16.453808,7.660960,0.147862,0.030351,9.725881,0.064101,39.063244
1403638595177829376.000000,0.000000,0.000000,11.865362,4.552453,0.156460,0.057613,11.353840,0.067495,28.947732
1403638595227829504.000000,0.000000,0.000000,12.241557,6.840958,0.171820,0.038487,11.331975,0.482186,34.122921
1403638595277829376.000000,0.000000,0.000000,11.873035,7.333923,0.177261,0.043994,13.476755,0.078451,33.329244
1403638595327829504.000000,0.000000,0.000000,11.225101,7.905264,0.151106,0.067709,13.301935,0.123297,36.214603
1403638595377829376.000000,0.000000,0.000000,11.992387,7.194067,0.135084,0.047749,11.862909,0.481270,36.540127
1403638595427829504.000000,0.000000,0.000000,12.011183,5.650363,0.171290,0.045337,13.485975,0.089054,32.784156
1403638595477829376.000000,0.000000,0.000000,11.413506,4.845281,0.140026,0.065877,12.156981,0.109417,28.188765
1403638595527829504.000000,0.000000,0.000000,10.640391,7.664198,0.166760,0.037647,11.231896,0.475581,33.981512
1403638595577829376.000000,0.000000,0.000000,11.788763,5.336660,0.154092,0.035262,11.049447,0.068870,30.373768
1403638595627829504.000000,0.000000,0.000000,10.953631,7.739407,0.204121,0.072457,12.922096,0.088792,35.046760
1403638595677829376.000000,0.000000,0.000000,11.023585,4.989462,0.143006,0.038844,9.641418,0.484078,29.995441
1403638595727829504.000000,0.000000,0.000000,10.872063,10.358784,0.147119,0.063005,12.382173,0.078483,38.375683
1403638595777829376.000000,0.000000,0.000000,12.777517,4.836271,0.137386,0.066246,12.954614,0.089682,30.876010
1403638595827829504.000000,0.000000,0.000000,11.931349,5.155057,0.130118,0.036032,11.521032,0.549721,31.987478
1403638595877829376.000000,0.000000,0.000000,11.389293,5.818310,0.135939,0.075468,14.976563,0.096521,31.340585
1403638595927829504.000000,0.000000,0.000000,11.715837,5.230359,0.131998,0.073522,14.251962,0.092927,30.196934
1403638595977829376.000000,0.000000,0.000000,13.124674,9.288299,0.160749,0.045602,12.610726,0.613308,36.886819
1403638596027829504.000000,0.000000,0.000000,12.194916,4.975013,0.179998,0.048977,12.948411,0.085849,29.883516
1403638596077829376.000000,0.000000,0.000000,11.624810,6.575022,0.149986,0.076553,14.469972,0.090878,36.491036
1403638596127829504.000000,0.000000,0.000000,12.412600,6.712514,0.233468,0.049345,10.978991,0.071143,36.701234
1403638596177829376.000000,0.000000,0.000000,14.827304,5.771052,0.161663,0.049296,9.564682,0.402812,36.789119
1403638596227829504.000000,0.000000,0.000000,10.681658,8.386420,0.140706,0.085554,13.420039,0.082041,38.228960
1403638596277829376.000000,0.000000,0.000000,11.499463,6.795747,0.143493,0.068454,13.683791,0.090891,33.003060
1403638596327829504.000000,0.000000,0.000000,11.480864,5.129198,0.170558,0.043188,8.946869,0.403961,31.679601
1403638596377829376.000000,0.000000,0.000000,11.104315,5.689349,0.143551,0.063290,13.151488,0.079804,30.852538
1403638596427829504.000000,0.000000,0.000000,11.638135,5.494949,0.163973,0.071743,13.579764,0.091380,31.649184
1403638596477829376.000000,0.000000,0.000000,11.335194,9.476350,0.147735,0.060014,11.725829,0.482021,35.171776
1403638596527829504.000000,0.000000,0.000000,10.479560,6.745303,0.172092,0.043888,11.732128,0.076462,32.270724
1403638596577829376.000000,0.000000,0.000000,12.947168,6.460101,0.172753,0.136594,14.275603,0.086723,34.967620
1403638596627829504.000000,0.000000,0.000000,10.864399,7.315313,0.221322,0.041971,11.398872,0.515720,34.499109
1403638596677829376.000000,0.000000,0.000000,10.983328,7.830479,0.152737,0.077799,13.271034,0.085344,34.616705
1403638596727829504.000000,0.000000,0.000000,12.592795,8.048738,0.149278,0.072163,13.134010,0.095060,37.659920
1403638596777829376.000000,0.000000,0.000000,10.590773,4.765728,0.151578,0.040822,10.036079,0.556636,28.985114
1403638596827829504.000000,0.000000,0.000000,11.584035,5.413890,0.183436,0.045037,11.234925,0.080520,29.719705
1403638596877829376.000000,0.000000,0.000000,11.238599,5.777827,0.155042,0.073853,11.917079,0.125949,31.327725
1403638596927829504.000000,0.000000,0.000000,10.554637,5.692271,0.155892,0.050184,11.961583,0.077529,33.129929
1403638596977829376.000000,0.000000,0.000000,11.773742,5.621863,0.184204,0.045174,9.810264,0.476260,33.095683
1403638597027829504.000000,0.000000,0.000000,10.678333,5.560051,0.157628,0.062654,12.664131,0.080156,31.300244
1403638597077829376.000000,0.000000,0.000000,11.014505,4.642183,0.164363,0.066654,11.683851,0.088880,31.208807
1403638597127829504.000000,0.000000,0.000000,12.046545,6.842950,0.180955,0.058502,11.874965,0.476460,31.836642
1403638597177829376.000000,0.000000,0.000000,11.203384,7.461795,0.161558,0.056270,12.589702,0.083856,33.175292
1403638597227829504.000000,0.000000,0.000000,11.427504,6.712572,0.188820,0.067807,13.232782,0.091569,33.091877
1403638597277829376.000000,0.000000,0.000000,11.658323,4.941826,0.191523,0.036877,9.870008,0.515200,28.569283
1403638597327829504.000000,0.000000,0.000000,11.653183,6.693238,0.178096,0.053016,12.961976,0.083337,33.595374
1403638597377829376.000000,0.000000,0.000000,11.479608,7.115583,0.132824,0.068027,12.923066,0.088515,33.648163
1403638597427829504.000000,0.000000,0.000000,12.221783,6.881575,0.188494,0.044946,12.150932,0.599990,32.013271
1403638597477829376.000000,0.000000,0.000000,10.746653,7.343056,0.166176,0.074768,12.193440,0.143907,34.506425
1403638597527829504.000000,0.000000,0.000000,11.064499,5.092098,0.170389,0.066568,12.934103,0.099381,29.309455
1403638597577829376.000000,0.000000,0.000000,12.022073,4.816763,0.176130,0.060217,11.882206,0.079089,29.297110
1403638597627829504.000000,0.000000,0.000000,10.747344,6.048034,0.192787,0.049902,12.545341,0.534770,32.327210
1403638597677829376.000000,0.000000,0.000000,13.011440,6.330297,0.197680,0.050081,13.575000,0.082341,35.424799
1403638597727829504.000000,0.000000,0.000000,10.844915,6.285823,0.230128,0.070149,14.673046,0.086757,30.323790
1403638597777829376.000000,0.000000,0.000000,11.215850,7.185785,0.210944,0.115357,13.352432,0.075593,35.496629
1403638597827829504.000000,0.000000,0.000000,10.974182,7.193026,0.218390,0.043307,11.598391,0.491510,34.038112
1403638597877829376.000000,0.000000,0.000000,10.560193,7.753001,0.261009,0.039073,11.439135,0.079572,33.302031
1403638597927829504.000000,0.000000,0.000000,11.240363,8.270020,0.196825,0.065844,11.824534,0.095079,37.569819
1403638597977829376.000000,0.000000,0.000000,11.499880,8.643351,0.209240,0.060934,12.797656,0.081090,38.032062
1403638598027829504.000000,0.000000,0.000000,11.961216,6.147277,0.199753,0.059440,12.390149,0.441891,34.418819
1403638598077829376.000000,0.000000,0.000000,10.998547,6.901685,0.182585,0.039570,12.516065,0.082025,33.411264
1403638598127829504.000000,0.000000,0.000000,11.236007,6.571066,0.219291,0.070208,11.959172,0.079388,34.105116
1403638598177829376.000000,0.000000,0.000000,11.058296,5.190850,0.260393,0.055117,14.317343,0.083311,29.101881
1403638598227829504.000000,0.000000,0.000000,10.946852,7.299615,0.206763,0.054491,12.435968,0.498528,34.876821
1403638598277829376.000000,0.000000,0.000000,11.272690,8.150239,0.223987,0.051574,13.707331,0.083959,36.603598
1403638598327829504.000000,0.000000,0.000000,10.845461,7.267588,0.222035,0.070800,13.113373,0.101278,33.566703
1403638598377829376.000000,0.000000,0.000000,11.005300,7.339095,0.234078,0.072658,13.960842,0.098051,35.378528
1403638598427829504.000000,0.000000,0.000000,11.730999,6.990887,0.241100,0.043335,10.793506,0.412768,36.008474
1403638598477829376.000000,0.000000,0.000000,11.057909,8.120398,0.223787,0.060950,13.558886,0.085232,35.522254
1403638598527829504.000000,0.000000,0.000000,12.117739,8.100702,0.227902,0.085471,13.264250,0.089359,39.818415
1403638598577829376.000000,0.000000,0.000000,11.460362,7.245284,0.233612,0.041436,12.064244,0.532482,35.012545
1403638598627829504.000000,0.000000,0.000000,11.453025,7.825179,0.237948,0.045761,15.893764,0.088223,34.341631
1403638598677829376.000000,0.000000,0.000000,10.953752,7.836179,0.240967,0.075095,15.791592,0.118557,34.974385
1403638598727829504.000000,0.000000,0.000000,11.071279,7.744569,0.207581,0.037887,11.440382,0.082004,36.430033
1403638598777829376.000000,0.000000,0.000000,11.104571,7.600687,0.220044,0.036234,11.994410,0.500246,33.774301
1403638598827829504.000000,0.000000,0.000000,11.523327,6.865338,0.219370,0.044088,12.435152,0.078783,34.747915
1403638598877829376.000000,0.000000,0.000000,11.630115,7.273693,0.226532,0.060829,13.276282,0.097243,35.689045
1403638598927829504.000000,0.000000,0.000000,11.086406,7.335948,0.238105,0.050805,14.537318,0.456554,32.783771
1403638598977829376.000000,0.000000,0.000000,11.463152,7.786742,0.185213,0.050921,14.188468,0.087718,36.282078
1403638599027829504.000000,0.000000,0.000000,11.887243,10.947464,0.103496,0.060657,13.121047,0.119528,39.090836
1403638599077829376.000000,0.000000,0.000000,10.769809,5.862238,0.241575,0.042819,12.201465,0.600948,28.062153
1403638599127829504.000000,0.000000,0.000000,11.460927,5.982146,0.209828,0.047165,12.965284,0.081148,32.061875
1403638599177829376.000000,0.000000,0.000000,12.321534,8.075363,0.245424,0.059357,13.001010,0.096751,37.472651
1403638599227829504.000000,0.000000,0.000000,12.527735,5.764706,0.201507,0.043988,12.003980,0.568491,32.374309
1403638599277829376.000000,0.000000,0.000000,11.414320,7.298610,0.234853,0.058141,12.971087,0.098149,36.082271
1403638599327829504.000000,0.000000,0.000000,12.303650,5.393662,0.116690,0.066112,13.327438,0.100286,32.726084
1403638599377829376.000000,0.000000,0.000000,11.798733,6.797537,0.195810,0.047673,12.708671,0.533478,33.026770
1403638599427829504.000000,0.000000,0.000000,11.786321,8.360822,0.191103,0.046547,12.011137,0.072103,34.712224
1403638599477829376.000000,0.000000,0.000000,11.404707,5.729821,0.206934,0.063493,13.313658,0.093989,33.315285
1403638599527829504.000000,0.000000,0.000000,11.522914,7.938058,0.217227,0.065920,14.991204,0.526541,33.677728
1403638599577829376.000000,0.000000,0.000000,11.341414,7.078147,0.206020,0.069861,14.457234,0.140341,37.028560
1403638599627829504.000000,0.000000,0.000000,11.143136,6.954722,0.210702,0.073303,14.428236,0.122074,36.763483
1403638599677829376.000000,0.000000,0.000000,11.192358,6.172795,0.206598,0.063278,12.637048,0.074225,34.966787
1403638599727829504.000000,0.000000,0.000000,11.551842,6.261060,0.196273,0.058830,11.230580,0.397681,35.096370
1403638599777829376.000000,0.000000,0.000000,11.621267,5.922427,0.221024,0.042016,11.835568,0.077042,35.019732
1403638599827829504.000000,0.000000,0.000000,12.096724,5.821665,0.191220,0.066534,12.380733,0.120952,34.208343
1403638599877829376.000000,0.000000,0.000000,12.327902,6.465357,0.216622,0.066822,13.343703,0.461693,35.443695
1403638599927829504.000000,0.000000,0.000000,11.197689,5.454031,0.201335,0.057787,13.882509,0.085088,33.732226
1403638599977829376.000000,0.000000,0.000000,12.541004,7.428250,0.210012,0.081928,14.166468,0.099151,37.534907
1403638600027829504.000000,0.000000,0.000000,12.187178,5.729899,0.216586,0.056884,13.224073,0.076113,34.386393
1403638600077829376.000000,0.000000,0.000000,11.451908,6.471868,0.207569,0.059928,13.070209,0.474535,35.257093
1403638600127829504.000000,0.000000,0.000000,11.405073,8.360661,0.234330,0.040692,11.359611,0.074068,37.641303
1403638600177829376.000000,0.000000,0.000000,10.758298,7.510684,0.204235,0.098299,14.852855,0.115336,36.063532
1403638600227829504.000000,0.000000,0.000000,12.355052,7.763806,0.226961,0.072580,12.342435,0.073942,36.521784
1403638600277829376.000000,0.000000,0.000000,11.729127,8.072073,0.178400,0.061057,11.313994,0.495033,37.018206
1403638600327829504.000000,0.000000,0.000000,11.133494,8.029964,0.203384,0.043870,10.970539,0.071887,36.854518
1403638600377829376.000000,0.000000,0.000000,11.532703,6.567561,0.221631,0.074039,13.797163,0.096136,31.088410
1403638600427829504.000000,0.000000,0.000000,10.842282,7.564026,0.199561,0.069159,13.658155,0.085673,35.992690
1403638600477829376.000000,0.000000,0.000000,10.610885,7.750830,0.129083,0.039371,13.217393,0.578599,35.742466
1403638600527829504.000000,0.000000,0.000000,11.938606,11.734599,0.182027,0.046648,13.676793,0.084321,39.590603
1403638600577829376.000000,0.000000,0.000000,10.870672,6.329896,0.210032,0.065477,11.033518,0.101331,34.332667
1403638600627829504.000000,0.000000,0.000000,10.662169,5.368729,0.210811,0.068585,11.616307,0.078861,31.284792
1403638600677829376.000000,0.000000,0.000000,10.462432,7.508842,0.286764,0.045875,10.023800,0.421345,33.218300
1403638600727829504.000000,0.000000,0.000000,10.934868,7.938243,0.201638,0.055707,12.822765,0.079318,33.962402
1403638600777829376.000000,0.000000,0.000000,11.350944,9.315957,0.178575,0.064446,13.186641,0.091063,38.509437
1403638600827829504.000000,0.000000,0.000000,11.581181,5.425538,0.206410,0.042001,11.678251,0.558987,32.741929
1403638600877829376.000000,0.000000,0.000000,10.571725,5.760789,0.199667,0.050643,13.428368,0.089137,31.305074
1403638600927829504.000000,0.000000,0.000000,10.979826,7.210416,0.217712,0.069347,12.817975,0.095702,34.691742
1403638600977829376.000000,0.000000,0.000000,10.784364,7.028135,0.207611,0.057487,12.786596,0.619464,33.577673
1403638601027829504.000000,0.000000,0.000000,11.682489,7.496126,0.226482,0.049429,13.777777,0.087144,37.044262
1403638601077829376.000000,0.000000,0.000000,11.028555,6.696032,0.224250,0.079692,13.427790,0.093282,32.502309
1403638601127829504.000000,0.000000,0.000000,11.957241,7.352183,0.213727,0.057011,10.084702,0.064439,37.421775
1403638601177829376.000000,0.000000,0.000000,11.207826,7.604514,0.239639,0.035712,9.595234,0.477553,36.650907
1403638601227829504.000000,0.000000,0.000000,11.077084,7.483816,0.182111,0.045129,12.308879,0.088814,34.774677
1403638601277829376.000000,0.000000,0.000000,10.922574,7.914167,0.213609,0.064634,12.600656,0.105289,37.579146
1403638601327829504.000000,0.000000,0.000000,10.723939,5.143283,0.122078,0.032481,8.776217,0.059141,31.168717
1403638601377829376.000000,0.000000,0.000000,11.281074,7.132666,0.209581,0.044952,10.260315,0.514189,32.297448
1403638601427829504.000000,0.000000,0.000000,10.984356,7.670742,0.201840,0.050054,11.591030,0.074964,35.881399
1403638601477829376.000000,0.000000,0.000000,14.321597,9.611751,0.196388,0.063067,10.518371,0.070089,43.191184
1403638601527829504.000000,0.000000,0.000000,13.484996,7.564784,0.214876,0.034401,9.339750,0.060374,38.431313
1403638601577829376.000000,0.000000,0.000000,10.217008,7.165012,0.217753,0.032645,10.502935,0.489266,33.102470
1403638601627829504.000000,0.000000,0.000000,11.893155,6.731456,0.096763,0.087981,13.133758,0.079292,34.845173
1403638601677829376.000000,0.000000,0.000000,10.988021,6.712314,0.194982,0.071127,12.622806,0.108158,35.007774
1403638601727829504.000000,0.000000,0.000000,11.230166,5.663133,0.195021,0.060257,10.468538,0.065535,32.795431
1403638601777829376.000000,0.000000,0.000000,11.038378,7.126900,0.219616,0.044836,11.854848,0.627798,34.671440
1403638601827829504.000000,0.000000,0.000000,11.698042,6.999508,0.207253,0.049211,13.070520,0.100394,34.440727
1403638601877829376.000000,0.000000,0.000000,11.488428,6.852263,0.201774,0.069501,11.770345,0.076430,36.482631
1403638601927829504.000000,0.000000,0.000000,11.234889,7.006318,0.203814,0.048494,10.780258,0.069129,35.911925
1403638601977829376.000000,0.000000,0.000000,11.882063,6.400642,0.172742,0.043986,11.106750,0.063574,32.428137
1403638602027829504.000000,0.000000,0.000000,12.350831,6.878550,0.202445,0.035034,9.263203,0.500283,36.489848
1403638602077829376.000000,0.000000,0.000000,13.105946,6.208706,0.111256,0.068477,11.767655,0.078992,35.616863
1403638602127829504.000000,0.000000,0.000000,12.001729,6.604050,0.199132,0.084287,13.526133,0.104965,34.106187
1403638602177829376.000000,0.000000,0.000000,11.798039,7.123621,0.093650,0.066318,12.111119,0.096152,37.047731
1403638602227829504.000000,0.000000,0.000000,11.270799,7.086597,0.089844,0.042990,10.378021,0.493695,35.782211
1403638602277829376.000000,0.000000,0.000000,11.580615,5.352494,0.190357,0.044219,11.934076,0.078832,32.596719
1403638602327829504.000000,0.000000,0.000000,12.576621,6.027542,0.102101,0.081342,15.197881,0.161929,32.616240
1403638602377829376.000000,0.000000,0.000000,11.672464,6.586788,0.103228,0.068454,11.348740,0.117203,36.404268
1403638602427829504.000000,0.000000,0.000000,12.551217,6.376338,0.097932,0.044600,11.714176,0.082979,34.125399
1403638602477829376.000000,0.000000,0.000000,11.210980,7.488191,0.103393,0.060110,10.586115,0.058079,35.201521
1403638602527829504.000000,0.000000,0.000000,11.720489,6.887816,0.146187,0.075559,12.024149,0.074220,37.721725
1403638602577829376.000000,0.000000,0.000000,11.864703,9.087693,0.165330,0.089756,12.745260,0.065929,37.949617
1403638602627829504.000000,0.000000,0.000000,11.306342,7.823459,0.158085,0.065430,11.385740,0.549436,34.327715
1403638602677829376.000000,0.000000,0.000000,11.103426,7.308033,0.136023,0.051345,12.329247,0.086579,34.805177
1403638602727829504.000000,0.000000,0.000000,11.024688,8.589244,0.152024,0.067326,10.897294,0.094270,35.236390
1403638602777829376.000000,0.000000,0.000000,11.988331,5.276529,0.160423,0.071420,14.244529,0.091459,30.332157
1403638602827829504.000000,0.000000,0.000000,11.198194,7.052079,0.098779,0.052433,11.718211,0.087985,33.265625
1403638602877829376.000000,0.000000,0.000000,13.849484,7.718530,0.094305,0.041337,10.188895,0.060307,36.657175
1403638602927829504.000000,0.000000,0.000000,12.646987,7.966319,0.158710,0.042373,13.640868,0.069775,37.759927
1403638602977829376.000000,0.000000,0.000000,11.448025,7.542287,0.099811,0.053429,12.489330,0.574543,36.277071
1403638603027829504.000000,0.000000,0.000000,13.232876,7.526749,0.162883,0.062549,12.238289,0.102882,36.427002
1403638603077829376.000000,0.000000,0.000000,12.099608,7.871996,0.163607,0.077657,12.213278,0.070470,37.044787
1403638603127829504.000000,0.000000,0.000000,12.362322,7.723271,0.147235,0.071223,12.593042,0.080937,36.660116
1403638603177829376.000000,0.000000,0.000000,11.652710,6.937509,0.176075,0.053436,10.579589,0.078831,34.187208
1403638603227829504.000000,0.000000,0.000000,11.663823,4.962003,0.173615,0.039691,10.564427,0.457665,31.111433
1403638603277829376.000000,0.000000,0.000000,13.246801,6.878431,0.101085,0.097881,11.850375,0.084620,37.450779
1403638603327829504.000000,0.000000,0.000000,13.627362,6.513315,0.187536,0.068999,11.251054,0.105786,33.705192
1403638603377829376.000000,0.000000,0.000000,12.085681,6.977997,0.167928,0.070634,12.639950,0.074037,35.846083
1403638603427829504.000000,0.000000,0.000000,13.216015,7.172526,0.105571,0.055780,11.095937,0.076234,37.164896
1403638603477829376.000000,0.000000,0.000000,11.682832,6.679203,0.135179,0.037963,10.622210,0.060919,34.260367
1403638603527829504.000000,0.000000,0.000000,15.396457,7.189536,0.185968,0.058568,12.727246,0.538492,42.235342
1403638603577829376.000000,0.000000,0.000000,11.793329,7.669414,0.164856,0.049794,13.208836,0.079031,37.518843
1403638603627829504.000000,0.000000,0.000000,11.564647,7.321955,0.181245,0.068113,11.952710,0.088912,35.717116
1403638603677829376.000000,0.000000,0.000000,11.868943,6.435734,0.188646,0.050629,12.660068,0.075265,34.881805
1403638603727829504.000000,0.000000,0.000000,12.805850,7.518724,0.138653,0.032035,11.114520,0.057994,39.354994
1403638603777829376.000000,0.000000,0.000000,11.717351,7.505794,0.175638,0.045051,12.894154,0.495994,33.718389
1403638603827829504.000000,0.000000,0.000000,11.737117,4.403934,0.163250,0.049460,11.547942,0.083987,29.132088
1403638603877829376.000000,0.000000,0.000000,11.951816,6.801614,0.148990,0.078383,14.066232,0.092302,36.418589
1403638603927829504.000000,0.000000,0.000000,12.065719,5.096694,0.175503,0.074387,11.899162,0.073173,34.589003
1403638603977829376.000000,0.000000,0.000000,12.267354,4.929076,0.159977,0.048609,11.173140,0.449162,30.543329
1403638604027829504.000000,0.000000,0.000000,12.556172,6.844716,0.168728,0.050711,13.421387,0.083215,36.122509
1403638604077829376.000000,0.000000,0.000000,15.421867,6.959501,0.148809,0.076379,14.044352,0.093603,40.258165
1403638604127829504.000000,0.000000,0.000000,11.751095,6.974296,0.241640,0.067241,13.600946,0.083451,34.812090
1403638604177829376.000000,0.000000,0.000000,11.408661,5.443671,0.207310,0.044290,10.025551,0.056999,31.937618
1403638604227829504.000000,0.000000,0.000000,12.135750,6.864977,0.160954,0.076115,13.210429,0.104727,37.485842
1403638604277829376.000000,0.000000,0.000000,11.383016,7.525657,0.192946,0.066919,10.070878,0.059157,34.961703
1403638604327829504.000000,0.000000,0.000000,12.286113,7.000051,0.155321,0.069056,10.325884,0.393714,36.507787
1403638604377829376.000000,0.000000,0.000000,12.629055,7.797917,0.165208,0.036207,10.116204,0.089225,37.726630
1403638604427829504.000000,0.000000,0.000000,13.047378,7.216237,0.152513,0.089774,10.946517,0.077543,34.287058
1403638604477829376.000000,0.000000,0.000000,11.672171,5.555046,0.150635,0.062776,12.178069,0.084350,32.345758
1403638604527829504.000000,0.000000,0.000000,12.342406,5.698990,0.152349,0.051266,10.059789,0.379121,33.736862
1403638604577829376.000000,0.000000,0.000000,12.678654,5.773112,0.169925,0.077919,13.636323,0.078752,34.730774
1403638604627829504.000000,0.000000,0.000000,12.995271,5.214450,0.173515,0.077510,13.556601,0.076440,32.461540
1403638604677829376.000000,0.000000,0.000000,12.079016,9.941731,0.192614,0.038206,10.876958,0.075218,38.691150
1403638604727829504.000000,0.000000,0.000000,11.165947,5.174158,0.165205,0.045226,12.230992,0.061395,31.715784
1403638604777829376.000000,0.000000,0.000000,11.611606,6.719621,0.193046,0.040193,10.747947,0.404418,34.155558
1403638604827829504.000000,0.000000,0.000000,12.218369,5.660648,0.171675,0.040645,15.147480,0.087651,34.820263
1403638604877829376.000000,0.000000,0.000000,11.713138,6.608952,0.104540,0.071981,13.434651,0.094648,36.137414
1403638604927829504.000000,0.000000,0.000000,13.128322,5.629353,0.181924,0.077217,12.539461,0.085349,33.279329
1403638604977829376.000000,0.000000,0.000000,12.052226,9.910836,0.188799,0.047471,12.058216,0.421385,38.649641
1403638605027829504.000000,0.000000,0.000000,13.090418,6.474555,0.176519,0.049706,14.086483,0.091201,36.503093
1403638605077829376.000000,0.000000,0.000000,12.846333,9.013935,0.195404,0.075758,12.456489,0.076504,38.119506
1403638605127829504.000000,0.000000,0.000000,13.277313,5.356632,0.167345,0.047336,12.635796,0.081016,35.380018
1403638605177829376.000000,0.000000,0.000000,12.840314,6.631089,0.187731,0.045599,12.240007,0.397082,36.351131
1403638605227829504.000000,0.000000,0.000000,11.960507,4.626866,0.199135,0.041891,11.464885,0.074390,32.106189
1403638605277829376.000000,0.000000,0.000000,12.231350,5.672024,0.217157,0.082806,13.543738,0.076158,35.006889
1403638605327829504.000000,0.000000,0.000000,11.861185,6.311963,0.298102,0.050562,13.436054,0.071081,35.762780
1403638605377829376.000000,0.000000,0.000000,15.102190,6.707344,0.193005,0.043930,12.099900,0.379069,40.956630
1403638605427829504.000000,0.000000,0.000000,12.892976,8.988875,0.176693,0.049123,12.087104,0.080855,40.125833
1403638605477829376.000000,0.000000,0.000000,12.262166,4.685724,0.212136,0.082749,14.480782,0.079382,32.508049
1403638605527829504.000000,0.000000,0.000000,12.538887,6.951273,0.190379,0.047022,13.411096,0.071074,34.679284
1403638605577829376.000000,0.000000,0.000000,16.291440,5.748471,0.177534,0.053104,13.980189,0.340282,37.669718
1403638605627829504.000000,0.000000,0.000000,11.698480,5.997704,0.174027,0.050019,14.139709,0.082116,38.174361
1403638605677829376.000000,0.000000,0.000000,12.242710,5.414157,0.174629,0.076570,14.424081,0.091915,33.890204
1403638605727829504.000000,0.000000,0.000000,12.526990,5.158111,0.185600,0.086087,14.780989,0.075478,34.496937
1403638605777829376.000000,0.000000,0.000000,12.401615,9.185513,0.196265,0.051055,11.750658,0.075690,37.326503
1403638605827829504.000000,0.000000,0.000000,12.121303,6.049568,0.193041,0.044324,13.021064,0.084667,36.128928
1403638605877829376.000000,0.000000,0.000000,12.170520,6.316978,0.186807,0.072821,14.461845,0.413512,35.810213
1403638605927829504.000000,0.000000,0.000000,11.921492,9.149607,0.196451,0.084823,14.226183,0.088408,39.167784
1403638605977829376.000000,0.000000,0.000000,11.989807,6.143676,0.170477,0.094195,15.104907,0.089435,35.922629
1403638606027829504.000000,0.000000,0.000000,15.854013,6.570488,0.206140,0.083855,14.773015,0.124404,40.690949
1403638606077829376.000000,0.000000,0.000000,12.336540,5.147938,0.173322,0.046799,13.825507,0.550225,31.948701
1403638606127829504.000000,0.000000,0.000000,12.382099,6.297353,0.209326,0.038915,13.438218,0.071432,36.357976
1403638606177829376.000000,0.000000,0.000000,12.237967,5.143008,0.188941,0.074999,12.324604,0.087817,34.553774
1403638606227829504.000000,0.000000,0.000000,11.618236,6.123121,0.191591,0.073137,13.801914,0.079113,34.705668
1403638606277829376.000000,0.000000,0.000000,12.003024,5.491983,0.183317,0.058058,13.240900,0.377359,37.103390
1403638606327829504.000000,0.000000,0.000000,13.216856,11.872781,0.188192,0.044424,13.536687,0.079443,45.355610
1403638606377829376.000000,0.000000,0.000000,14.188103,6.227134,0.205421,0.079162,13.873899,0.076104,35.520261
1403638606427829504.000000,0.000000,0.000000,12.352561,5.872066,0.218595,0.050773,11.710703,0.071065,34.584081
1403638606477829376.000000,0.000000,0.000000,11.498351,5.952627,0.219439,0.045087,11.068252,0.384183,33.602944
1403638606527829504.000000,0.000000,0.000000,11.935390,7.059573,0.137367,0.042871,13.539532,0.087943,36.272181
1403638606577829376.000000,0.000000,0.000000,12.506310,6.893550,0.109822,0.063804,14.008941,0.091014,38.201563
1403638606627829504.000000,0.000000,0.000000,12.475211,6.729872,0.216635,0.044359,12.894199,0.108319,37.441883
1403638606677829376.000000,0.000000,0.000000,11.850854,5.508288,0.234930,0.040431,11.498891,0.362586,34.904614
1403638606727829504.000000,0.000000,0.000000,12.347669,6.524934,0.209346,0.043380,13.135298,0.067231,35.871205
1403638606777829376.000000,0.000000,0.000000,12.049022,5.895200,0.218021,0.064399,13.322974,0.070323,34.671309
1403638606827829504.000000,0.000000,0.000000,11.616985,6.547834,0.192561,0.054418,10.697142,0.058505,35.449457
1403638606877829376.000000,0.000000,0.000000,11.791345,6.352851,0.211197,0.048427,10.169797,0.361365,35.213373
1403638606927829504.000000,0.000000,0.000000,12.929423,5.560923,0.205018,0.064746,14.924019,0.107977,35.775530
1403638606977829376.000000,0.000000,0.000000,12.543029,6.829204,0.206837,0.058895,11.135558,0.085301,37.292341
1403638607027829504.000000,0.000000,0.000000,11.989637,6.728853,0.227619,0.057168,10.486322,0.060852,35.893897
1403638607077829376.000000,0.000000,0.000000,12.125691,5.900662,0.235715,0.042365,9.447882,0.333999,34.084655
1403638607127829504.000000,0.000000,0.000000,11.657222,6.219030,0.232248,0.044579,13.595150,0.075813,35.214004
1403638607177829376.000000,0.000000,0.000000,11.842346,6.469809,0.218664,0.078218,13.040962,0.084629,38.244836
1403638607227829504.000000,0.000000,0.000000,12.180067,6.938958,0.198999,0.046804,9.963336,0.055782,37.788564
1403638607277829376.000000,0.000000,0.000000,12.443706,6.399851,0.224041,0.043082,11.225491,0.388612,37.676188
1403638607327829504.000000,0.000000,0.000000,11.362867,5.605516,0.207949,0.041280,12.683078,0.071937,33.878950
1403638607377829376.000000,0.000000,0.000000,12.049360,6.162738,0.191676,0.060035,12.756051,0.080393,33.419337
1403638607427829504.000000,0.000000,0.000000,12.735291,5.261423,0.217373,0.061071,11.615686,0.061776,33.586745
1403638607477829376.000000,0.000000,0.000000,12.127033,5.423685,0.221939,0.037503,8.667292,0.396557,33.794832
1403638607527829504.000000,0.000000,0.000000,13.085581,6.623744,0.212974,0.028124,8.766662,0.056425,37.167023
1403638607577829376.000000,0.000000,0.000000,11.943374,7.402112,0.213944,0.057650,11.428010,0.078558,37.009135
1403638607627829504.000000,0.000000,0.000000,11.552983,6.574858,0.203269,0.051905,10.862765,0.063546,36.183149
1403638607677829376.000000,0.000000,0.000000,12.239634,7.048329,0.204984,0.024866,8.677337,0.549653,36.286501
1403638607727829504.000000,0.000000,0.000000,12.014007,6.604324,0.221505,0.046081,13.687449,0.081017,36.418497
1403638607777829376.000000,0.000000,0.000000,11.456237,4.873382,0.214271,0.042656,13.197707,0.077101,31.234759
1403638607827829504.000000,0.000000,0.000000,11.922417,7.096081,0.223115,0.026871,11.245440,0.097760,37.982576
1403638607877829376.000000,0.000000,0.000000,12.955845,7.016528,0.191065,0.028518,7.252539,0.581977,36.318630
1403638607927829504.000000,0.000000,0.000000,12.206436,7.186024,0.194103,0.039336,9.314332,0.061004,34.792264
1403638607977829376.000000,0.000000,0.000000,12.615368,4.932368,0.240560,0.042537,11.648124,0.091041,31.985267
1403638608027829504.000000,0.000000,0.000000,11.088020,6.965873,0.194467,0.031584,8.089484,0.054078,35.834758
1403638608077829376.000000,0.000000,0.000000,12.234362,7.353352,0.210499,0.022823,8.330400,0.503592,37.311713
1403638608127829504.000000,0.000000,0.000000,12.082737,6.714151,0.165407,0.044537,12.802180,0.094672,36.035785
1403638608177829376.000000,0.000000,0.000000,14.335663,6.637280,0.177133,0.039739,13.262382,0.079019,38.563826
1403638608227829504.000000,0.000000,0.000000,11.704494,4.849439,0.185274,0.031284,10.906656,0.634503,31.320699
1403638608277829376.000000,0.000000,0.000000,12.222213,5.401368,0.183574,0.040054,14.622227,0.075997,32.839932
1403638608327829504.000000,0.000000,0.000000,11.080951,6.795395,0.180223,0.045928,13.598568,0.079703,32.194376
1403638608377829376.000000,0.000000,0.000000,11.888952,6.692295,0.183689,0.056642,12.290145,0.540349,35.276710
1403638608427829504.000000,0.000000,0.000000,12.187454,6.358168,0.121322,0.035052,12.049273,0.107042,36.343501
1403638608477829376.000000,0.000000,0.000000,12.619062,6.754711,0.194756,0.054753,12.495966,0.093269,35.946171
1403638608527829504.000000,0.000000,0.000000,15.525624,6.485882,0.115771,0.047284,12.361707,0.066949,39.993486
1403638608577829376.000000,0.000000,0.000000,12.150581,7.434496,0.117226,0.034356,11.414470,0.490416,36.255352
1403638608627829504.000000,0.000000,0.000000,12.155272,7.270185,0.200834,0.045123,12.037564,0.069026,36.845790
1403638608677829376.000000,0.000000,0.000000,12.228418,7.959621,0.173790,0.049289,13.677833,0.081791,38.535162
1403638608727829504.000000,0.000000,0.000000,12.461710,7.063831,0.154366,0.060918,16.019765,0.106153,36.808454
1403638608777829376.000000,0.000000,0.000000,13.430758,5.034080,0.212886,0.032218,11.645458,0.585352,32.147242
1403638608827829504.000000,0.000000,0.000000,12.145465,5.254621,0.177228,0.042980,13.547148,0.074380,31.100839
1403638608877829376.000000,0.000000,0.000000,12.123925,7.101514,0.176043,0.053740,13.307171,0.115899,35.373231
1403638608927829504.000000,0.000000,0.000000,11.786191,6.669750,0.159708,0.040327,12.904419,0.068768,34.836791
1403638608977829376.000000,0.000000,0.000000,11.747189,6.104600,0.179233,0.026085,10.792440,0.486517,30.077453
1403638609027829504.000000,0.000000,0.000000,11.722488,4.995869,0.178765,0.038084,14.353483,0.086418,31.537079
1403638609077829376.000000,0.000000,0.000000,13.819645,6.616204,0.160085,0.055661,13.169221,0.093113,36.155428
1403638609127829504.000000,0.000000,0.000000,12.119965,4.884350,0.153149,0.051753,13.176815,0.077756,31.803174
1403638609177829376.000000,0.000000,0.000000,11.167826,5.032388,0.284584,0.032725,9.743204,0.530787,29.180431
1403638609227829504.000000,0.000000,0.000000,12.451602,5.312080,0.172632,0.040996,12.966041,0.077723,32.622699
1403638609277829376.000000,0.000000,0.000000,11.995048,8.617330,0.152608,0.063808,13.435208,0.081256,37.835010
1403638609327829504.000000,0.000000,0.000000,12.312390,5.852879,0.158187,0.036632,13.468055,0.072230,35.342879
1403638609377829376.000000,0.000000,0.000000,13.009001,5.251187,0.102166,0.055512,15.154904,0.081045,32.214535
1403638609427829504.000000,0.000000,0.000000,11.796301,5.676042,0.089616,0.048446,13.487318,0.531693,34.042955
1403638609477829376.000000,0.000000,0.000000,12.020945,6.910128,0.177254,0.059505,14.664127,0.077459,36.357040
1403638609527829504.000000,0.000000,0.000000,13.426816,5.373049,0.162712,0.075989,15.194992,0.095486,34.157317
1403638609577829376.000000,0.000000,0.000000,11.397239,6.707019,0.144165,0.060649,14.941287,0.097218,32.964146
1403638609627829504.000000,0.000000,0.000000,12.795197,5.630292,0.184706,0.036226,12.392657,0.087853,33.733038
1403638609677829376.000000,0.000000,0.000000,12.464130,4.495614,0.167003,0.056092,12.925854,0.488685,30.423869
1403638609727829504.000000,0.000000,0.000000,12.281809,6.614901,0.181017,0.043614,13.277006,0.089361,34.377694
1403638609777829376.000000,0.000000,0.000000,13.528002,8.900531,0.152599,0.060883,14.558120,0.089678,40.445484
1403638609827829504.000000,0.000000,0.000000,13.598048,6.448493,0.155212,0.062507,15.529729,0.081171,36.095859
1403638609877829376.000000,0.000000,0.000000,11.336475,8.251064,0.187801,0.062509,11.699863,0.073681,33.753781
1403638609927829504.000000,0.000000,0.000000,11.864614,6.509643,0.151570,0.035784,10.825035,0.456436,34.273126
1403638609977829376.000000,0.000000,0.000000,16.945860,8.362066,0.177203,0.042651,14.978646,0.080690,45.201341
1403638610027829504.000000,0.000000,0.000000,11.669594,5.444476,0.160288,0.065178,14.392184,0.080620,32.064401
1403638610077829376.000000,0.000000,0.000000,11.767673,6.298602,0.171994,0.046596,13.301839,0.083636,33.350773
1403638610127829504.000000,0.000000,0.000000,11.670022,4.737371,0.167293,0.035064,13.559475,0.469301,30.445058
1403638610177829376.000000,0.000000,0.000000,12.009229,6.790654,0.157761,0.047069,15.281153,0.084648,34.558410
1403638610227829504.000000,0.000000,0.000000,11.586031,6.748576,0.091858,0.070532,15.316438,0.104602,34.539041
1403638610277829376.000000,0.000000,0.000000,11.675203,5.449992,0.150414,0.066865,15.724272,0.077413,32.676812
1403638610327829504.000000,0.000000,0.000000,11.761878,5.471168,0.171015,0.041970,13.189278,0.489025,33.374930
1403638610377829376.000000,0.000000,0.000000,11.642003,4.666973,0.159664,0.045575,15.086562,0.089857,31.455167
1403638610427829504.000000,0.000000,0.000000,12.247184,7.749554,0.138232,0.071556,15.425445,0.116754,38.316377
1403638610477829376.000000,0.000000,0.000000,12.387625,6.473826,0.152367,0.079765,15.336278,0.084979,34.766371
1403638610527829504.000000,0.000000,0.000000,12.493122,4.739941,0.170092,0.040750,11.397030,0.079403,30.461943
1403638610577829376.000000,0.000000,0.000000,12.698445,6.262610,0.089582,0.062243,14.409137,0.520505,36.501646
1403638610627829504.000000,0.000000,0.000000,12.229912,6.596169,0.185687,0.051618,14.922822,0.081813,35.826193
1403638610677829376.000000,0.000000,0.000000,15.119540,8.510010,0.156155,0.077058,14.276222,0.109075,40.476699
1403638610727829504.000000,0.000000,0.000000,10.825563,6.771357,0.147586,0.060007,15.036415,0.099066,33.479199
1403638610777829376.000000,0.000000,0.000000,12.192733,5.912837,0.201127,0.035748,11.815006,0.459576,34.391495
1403638610827829504.000000,0.000000,0.000000,12.084045,5.493187,0.250349,0.045908,15.336623,0.077551,31.495325
1403638610877829376.000000,0.000000,0.000000,12.066961,6.399295,0.152770,0.069103,15.544727,0.092861,32.772014
1403638610927829504.000000,0.000000,0.000000,12.829443,7.564074,0.150921,0.066357,15.263722,0.074248,36.855409
1403638610977829376.000000,0.000000,0.000000,12.968141,4.925457,0.168458,0.045447,14.341836,0.467508,32.863948
1403638611027829504.000000,0.000000,0.000000,13.456887,8.952445,0.142441,0.043050,14.875164,0.089876,38.523979
1403638611077829376.000000,0.000000,0.000000,12.110443,5.828938,0.170698,0.071685,15.890751,0.096116,32.904755
1403638611127829504.000000,0.000000,0.000000,12.179691,5.133498,0.175947,0.069260,15.437965,0.077687,31.704044
1403638611177829376.000000,0.000000,0.000000,11.892402,6.790409,0.150579,0.081696,18.506758,0.509236,35.311404
1403638611227829504.000000,0.000000,0.000000,12.410463,6.419612,0.167220,0.038147,15.094822,0.090292,36.080948
1403638611277829376.000000,0.000000,0.000000,12.223804,5.293173,0.149466,0.067485,14.641072,0.086610,33.613904
1403638611327829504.000000,0.000000,0.000000,15.385060,7.030168,0.170010,0.067215,15.616119,0.084301,40.552118
1403638611377829376.000000,0.000000,0.000000,13.943728,4.696261,0.093717,0.035828,12.550732,0.461481,33.776039
1403638611427829504.000000,0.000000,0.000000,13.995379,6.767080,0.186192,0.039714,14.477738,0.099272,38.218347
1403638611477829376.000000,0.000000,0.000000,12.818010,5.051471,0.179164,0.064075,16.352007,0.144945,33.104124
1403638611527829504.000000,0.000000,0.000000,13.726493,7.310779,0.172623,0.065027,15.541828,0.126662,39.573688
1403638611577829376.000000,0.000000,0.000000,13.252193,10.610685,0.169339,0.040380,13.254360,0.411761,40.111069
1403638611627829504.000000,0.000000,0.000000,12.032670,6.480725,0.173112,0.039749,13.763523,0.077031,33.933837
1403638611677829376.000000,0.000000,0.000000,12.266614,6.506377,0.185364,0.065290,16.352304,0.088464,35.932956
1403638611727829504.000000,0.000000,0.000000,12.050260,6.625805,0.172664,0.056100,15.637605,0.113852,36.650964
1403638611777829376.000000,0.000000,0.000000,13.836774,6.295325,0.161312,0.032417,13.181839,0.365963,37.884450
1403638611827829504.000000,0.000000,0.000000,11.657301,4.620741,0.159353,0.054101,13.649357,0.072052,30.071416
1403638611877829376.000000,0.000000,0.000000,12.535848,5.226850,0.165748,0.069076,15.063146,0.106819,34.717685
1403638611927829504.000000,0.000000,0.000000,13.376887,4.634059,0.135486,0.057152,15.693136,0.090813,31.662203
1403638611977829376.000000,0.000000,0.000000,12.321476,4.462084,0.151961,0.037851,13.978815,0.370624,31.379179
1403638612027829504.000000,0.000000,0.000000,12.261557,5.933444,0.161296,0.050227,14.974387,0.073153,31.750303
1403638612077829376.000000,0.000000,0.000000,11.973760,4.829924,0.166805,0.075729,16.748058,0.101196,31.470954
1403638612127829504.000000,0.000000,0.000000,13.645936,6.212092,0.163921,0.060211,14.915806,0.074780,39.434314
1403638612177829376.000000,0.000000,0.000000,12.664226,4.482445,0.181889,0.056591,14.449099,0.341649,31.354127
1403638612227829504.000000,0.000000,0.000000,15.661543,6.287899,0.166704,0.032805,14.775076,0.069044,39.900231
1403638612277829376.000000,0.000000,0.000000,12.401074,6.656910,0.169591,0.065077,14.666958,0.080035,36.765717
1403638612327829504.000000,0.000000,0.000000,12.753808,4.556207,0.150280,0.065406,14.898570,0.093720,32.062998
1403638612377829376.000000,0.000000,0.000000,12.970211,6.667175,0.102619,0.063020,13.946747,0.349443,36.171566
1403638612427829504.000000,0.000000,0.000000,12.802056,5.094706,0.169134,0.051231,14.731034,0.074997,32.830954
1403638612477829376.000000,0.000000,0.000000,12.663847,5.197784,0.163332,0.074912,16.494812,0.106144,37.431237
1403638612527829504.000000,0.000000,0.000000,10.375534,5.995547,0.188731,0.069218,15.037321,0.121239,32.942475
1403638612577829376.000000,0.000000,0.000000,12.693075,6.407337,0.210321,0.067266,13.745987,0.419214,35.491595
1403638612627829504.000000,0.000000,0.000000,11.833701,6.860778,0.163181,0.037469,14.594063,0.077064,34.793202
1403638612677829376.000000,0.000000,0.000000,11.957644,7.046359,0.214818,0.076050,15.244828,0.078227,37.415993
1403638612727829504.000000,0.000000,0.000000,12.493353,5.199570,0.182660,0.069992,15.324708,0.084207,33.804691
1403638612777829376.000000,0.000000,0.000000,14.209726,7.557675,0.095658,0.040897,12.602501,0.073500,38.182763
1403638612827829504.000000,0.000000,0.000000,12.258521,6.283343,0.188323,0.044013,14.967018,0.059271,34.486947
1403638612877829376.000000,0.000000,0.000000,13.374206,4.679707,0.212839,0.043607,14.925568,0.384438,33.503318
1403638612927829504.000000,0.000000,0.000000,12.173632,6.496790,0.176611,0.046797,16.019347,0.078146,36.406744
1403638612977829376.000000,0.000000,0.000000,14.597315,6.866546,0.230560,0.093167,14.684529,0.089159,39.099959
1403638613027829504.000000,0.000000,0.000000,12.483794,6.418082,0.193806,0.081478,15.321511,0.077233,34.778988
1403638613077829376.000000,0.000000,0.000000,14.557716,7.154708,0.212669,0.045949,12.402409,0.079870,37.573867
1403638613127829504.000000,0.000000,0.000000,12.164308,6.120530,0.198397,0.047240,12.278055,0.056603,36.725053
1403638613177829376.000000,0.000000,0.000000,12.497662,6.588673,0.207324,0.075382,14.691766,0.476252,37.076502
1403638613227829504.000000,0.000000,0.000000,12.180195,6.431993,0.192180,0.049881,14.530082,0.076191,36.258660
1403638613277829376.000000,0.000000,0.000000,12.419682,6.353926,0.222112,0.072743,15.649881,0.088717,37.017792
1403638613327829504.000000,0.000000,0.000000,12.550539,6.102428,0.191368,0.064716,13.204686,0.101772,37.380425
1403638613377829376.000000,0.000000,0.000000,13.678621,8.994587,0.206931,0.044088,17.439107,0.661376,42.001714
1403638613427829504.000000,0.000000,0.000000,11.519537,5.794622,0.200190,0.052828,14.954904,0.107996,33.037879
1403638613477829376.000000,0.000000,0.000000,12.120165,6.284281,0.218292,0.072089,16.097527,0.111873,35.764713
1403638613527829504.000000,0.000000,0.000000,12.918098,5.953640,0.211429,0.074197,15.928859,0.144891,37.218724
1403638613577829376.000000,0.000000,0.000000,12.823478,6.381675,0.211232,0.068473,13.821676,0.067505,37.792437
1403638613627829504.000000,0.000000,0.000000,12.572205,6.063414,0.192132,0.043396,14.261768,0.065286,37.796498
1403638613677829376.000000,0.000000,0.000000,12.570762,6.388540,0.189646,0.092193,13.323653,0.421253,37.897197
1403638613727829504.000000,0.000000,0.000000,12.726433,6.068689,0.178979,0.049489,14.504690,0.083212,37.288684
1403638613777829376.000000,0.000000,0.000000,12.376065,6.028195,0.192983,0.071051,16.258148,0.100184,35.869356
1403638613827829504.000000,0.000000,0.000000,12.599130,8.609041,0.207239,0.074545,15.589952,0.080889,37.162011
1403638613877829376.000000,0.000000,0.000000,12.450631,5.716850,0.190881,0.056493,14.372847,0.092422,36.149078
1403638613927829504.000000,0.000000,0.000000,11.836525,6.111953,0.222957,0.056382,12.527327,0.440337,35.133594
1403638613977829376.000000,0.000000,0.000000,12.091900,5.508163,0.208204,0.041711,13.554267,0.075282,34.857565
1403638614027829504.000000,0.000000,0.000000,12.189517,6.447298,0.192173,0.075861,16.452138,0.087601,37.279350
1403638614077829376.000000,0.000000,0.000000,12.155129,6.190398,0.203705,0.073427,16.626996,0.106544,33.871871
1403638614127829504.000000,0.000000,0.000000,13.120963,5.106346,0.203510,0.038777,13.230242,0.075278,33.776922
1403638614177829376.000000,0.000000,0.000000,11.946142,6.217625,0.221723,0.055042,15.681756,0.419856,35.271901
1403638614227829504.000000,0.000000,0.000000,11.999496,7.164934,0.188849,0.054394,15.014956,0.099996,37.097481
1403638614277829376.000000,0.000000,0.000000,12.320722,6.600118,0.219074,0.086810,15.508797,0.087227,36.673098
1403638614327829504.000000,0.000000,0.000000,12.425303,5.525877,0.196636,0.066254,15.221621,0.112840,33.821701
1403638614377829376.000000,0.000000,0.000000,12.337444,6.240127,0.170704,0.036851,13.984759,0.432260,35.426466
1403638614427829504.000000,0.000000,0.000000,12.676061,6.708416,0.191088,0.048846,15.244838,0.077040,37.124271
1403638614477829376.000000,0.000000,0.000000,11.967736,4.463809,0.209554,0.071615,15.561105,0.105407,30.744481
1403638614527829504.000000,0.000000,0.000000,12.853174,8.075170,0.178385,0.071576,15.295596,0.076365,34.913267
1403638614577829376.000000,0.000000,0.000000,13.061388,5.999380,0.190364,0.056351,13.610004,0.078672,38.153185
1403638614627829504.000000,0.000000,0.000000,12.706592,4.748370,0.190258,0.046571,13.289978,0.057842,32.626246
1403638614677829376.000000,0.000000,0.000000,12.784341,4.079900,0.110112,0.049184,14.554194,0.063608,31.347247
1403638614727829504.000000,0.000000,0.000000,13.021241,6.293542,0.130559,0.043595,16.994935,0.452936,32.581581
1403638614777829376.000000,0.000000,0.000000,13.184916,6.585003,0.123637,0.058739,16.118023,0.086381,37.570709
1403638614827829504.000000,0.000000,0.000000,13.816655,7.201342,0.189494,0.072271,15.448357,0.097448,38.270002
1403638614877829376.000000,0.000000,0.000000,13.169084,6.724746,0.172460,0.077413,17.458795,0.097910,33.867498
1403638614927829504.000000,0.000000,0.000000,12.097938,6.927068,0.176711,0.057120,15.143811,0.062313,34.817521
1403638614977829376.000000,0.000000,0.000000,14.997517,6.286545,0.209499,0.040580,15.090458,0.073029,38.383614
1403638615027829504.000000,0.000000,0.000000,12.742842,6.970683,0.203316,0.071458,14.776609,0.479446,36.603700
1403638615077829376.000000,0.000000,0.000000,13.275650,6.970152,0.156075,0.054761,15.785862,0.077139,35.614784
1403638615127829504.000000,0.000000,0.000000,12.457488,7.181505,0.161493,0.068200,15.532071,0.118468,32.820991
1403638615177829376.000000,0.000000,0.000000,10.957378,4.160754,0.190136,0.062168,15.361315,0.108552,27.698729
1403638615227829504.000000,0.000000,0.000000,15.038025,7.109936,0.184149,0.061061,16.045219,0.398201,37.651355
1403638615277829376.000000,0.000000,0.000000,12.206485,5.662852,0.121194,0.039240,14.655406,0.077694,32.297052
1403638615327829504.000000,0.000000,0.000000,11.209072,6.062683,0.240536,0.071304,15.093984,0.106755,30.840283
1403638615377829376.000000,0.000000,0.000000,11.381341,6.580835,0.221595,0.067846,16.974893,0.102959,36.237380
1403638615427829504.000000,0.000000,0.000000,12.869198,6.066739,0.173453,0.040033,14.623137,0.068996,36.503369
1403638615477829376.000000,0.000000,0.000000,13.262331,6.805570,0.150097,0.048095,15.296224,0.064775,35.861723
1403638615527829504.000000,0.000000,0.000000,10.861194,7.150689,0.196600,0.045604,13.212410,0.058072,30.027727
1403638615577829376.000000,0.000000,0.000000,10.799676,4.988190,0.159130,0.049465,15.251493,0.061150,28.418747
1403638615627829504.000000,0.000000,0.000000,11.987975,7.822960,0.149932,0.080704,16.184244,0.067214,35.821203
1403638615677829376.000000,0.000000,0.000000,12.136891,4.924426,0.187518,0.067476,14.851813,0.057249,28.951581
1403638615727829504.000000,0.000000,0.000000,11.783541,4.110514,0.222869,0.059505,14.687765,0.447575,28.171966
1403638615777829376.000000,0.000000,0.000000,11.771952,7.225484,0.220525,0.053104,14.643862,0.095887,35.605448
1403638615827829504.000000,0.000000,0.000000,11.266824,6.677049,0.118964,0.064358,14.490633,0.086863,35.102146
1403638615877829376.000000,0.000000,0.000000,11.210283,7.148551,0.116049,0.076699,14.873693,0.106016,34.396793
1403638615927829504.000000,0.000000,0.000000,11.183000,7.815907,0.196029,0.078018,19.231118,0.149078,37.743799
1403638615977829376.000000,0.000000,0.000000,10.955210,7.683107,0.207731,0.041670,15.450322,0.084399,36.610504
1403638616027829504.000000,0.000000,0.000000,11.127939,5.555081,0.204522,0.064137,14.073605,0.059595,33.641745
1403638616077829376.000000,0.000000,0.000000,11.400817,5.379261,0.207754,0.067743,16.011840,0.066044,32.609855
1403638616127829504.000000,0.000000,0.000000,12.116467,5.893792,0.218848,0.075331,15.746476,0.061914,35.137386
1403638616177829376.000000,0.000000,0.000000,10.754803,5.366262,0.111291,0.056655,16.616175,0.116213,32.223153
1403638616227829504.000000,0.000000,0.000000,12.401295,6.167674,0.236321,0.095086,16.340894,0.483396,34.515621
1403638616277829376.000000,0.000000,0.000000,11.296385,5.999504,0.233743,0.048511,15.406691,0.079446,33.976367
1403638616327829504.000000,0.000000,0.000000,10.905234,6.045280,0.236382,0.081103,16.083859,0.077977,34.650351
1403638616377829376.000000,0.000000,0.000000,12.490106,6.995413,0.113337,0.072684,17.051927,0.113595,43.597831
1403638616427829504.000000,0.000000,0.000000,9.812051,6.884908,0.134521,0.042299,14.284052,0.093513,32.657159
1403638616477829376.000000,0.000000,0.000000,10.431610,7.776164,0.268381,0.052782,15.657433,0.068165,36.211503
1403638616527829504.000000,0.000000,0.000000,10.861483,7.092113,0.218928,0.047620,13.904572,0.061841,36.340640
1403638616577829376.000000,0.000000,0.000000,10.792805,7.220441,0.274160,0.050814,16.090952,0.067374,34.839103
1403638616627829504.000000,0.000000,0.000000,10.308792,4.721078,0.259386,0.045129,13.669298,0.060715,30.581924
1403638616677829376.000000,0.000000,0.000000,10.929996,6.721250,0.261783,0.046076,13.656664,0.370540,36.714359
1403638616727829504.000000,0.000000,0.000000,11.104912,6.252506,0.237603,0.044853,16.555571,0.078669,34.778968
1403638616777829376.000000,0.000000,0.000000,11.085872,6.903127,0.211579,0.078019,15.994081,0.112879,35.516678
1403638616827829504.000000,0.000000,0.000000,11.748564,10.516981,0.221798,0.073471,16.588029,0.080914,36.856756
1403638616877829376.000000,0.000000,0.000000,11.087289,6.745860,0.263655,0.068241,15.469421,0.075366,34.545098
1403638616927829504.000000,0.000000,0.000000,11.052310,6.665434,0.238590,0.061564,15.997087,0.062288,35.454495
1403638616977829376.000000,0.000000,0.000000,10.978159,7.176615,0.236059,0.044926,15.159500,0.299246,36.084404
1403638617027829504.000000,0.000000,0.000000,12.297644,6.984694,0.260682,0.040391,15.151291,0.072999,39.053857
1403638617077829376.000000,0.000000,0.000000,11.842642,6.508884,0.277937,0.082183,17.813845,0.097811,36.834691
1403638617127829504.000000,0.000000,0.000000,12.238638,6.711142,0.263085,0.078743,19.382967,0.162939,37.776497
1403638617177829376.000000,0.000000,0.000000,11.056566,6.419508,0.235551,0.077338,15.023116,0.076502,36.853098
1403638617227829504.000000,0.000000,0.000000,11.624326,7.003240,0.243825,0.040923,13.409824,0.341702,38.483793
1403638617277829376.000000,0.000000,0.000000,10.868995,6.214801,0.142249,0.054173,16.406331,0.076145,33.797517
1403638617327829504.000000,0.000000,0.000000,11.330067,5.433688,0.132841,0.075330,15.864631,0.123244,33.946345
1403638617377829376.000000,0.000000,0.000000,11.703352,6.412715,0.289944,0.076554,17.088200,0.075936,35.514791
1403638617427829504.000000,0.000000,0.000000,10.867797,6.177536,0.215316,0.037427,14.061072,0.334797,35.789672
1403638617477829376.000000,0.000000,0.000000,11.664687,6.816479,0.205138,0.049971,15.939355,0.073972,37.963959
1403638617527829504.000000,0.000000,0.000000,12.110223,5.219400,0.240487,0.074800,17.028563,0.080357,33.222948
1403638617577829376.000000,0.000000,0.000000,11.651433,4.638608,0.247617,0.075834,17.490387,0.095218,31.237168
1403638617627829504.000000,0.000000,0.000000,11.239612,6.501531,0.243623,0.050242,15.780128,0.337575,36.608093
1403638617677829376.000000,0.000000,0.000000,11.351263,6.378345,0.238914,0.048916,17.193130,0.080120,36.865679
1403638617727829504.000000,0.000000,0.000000,10.869744,5.917157,0.285724,0.078953,17.098206,0.086962,36.663240
1403638617777829376.000000,0.000000,0.000000,10.951371,6.402849,0.253496,0.091376,19.235427,0.138165,35.090736
1403638617827829504.000000,0.000000,0.000000,12.412347,6.653166,0.274902,0.072362,14.966092,0.075755,39.089708
1403638617877829376.000000,0.000000,0.000000,11.019523,6.685227,0.261751,0.057920,15.233144,0.320548,37.210212
1403638617927829504.000000,0.000000,0.000000,11.118996,6.638584,0.268894,0.038081,15.990939,0.077185,38.287111
1403638617977829376.000000,0.000000,0.000000,11.450957,6.642649,0.253536,0.075820,17.391341,0.083157,36.297610
1403638618027829504.000000,0.000000,0.000000,11.899470,6.126195,0.261019,0.077087,18.460352,0.222411,37.574584
1403638618077829376.000000,0.000000,0.000000,11.071971,6.126520,0.232310,0.053321,15.558507,0.064948,37.076858
1403638618127829504.000000,0.000000,0.000000,14.275740,6.579758,0.245515,0.056649,15.940151,0.342514,40.931007
1403638618177829376.000000,0.000000,0.000000,10.580033,6.381169,0.273410,0.043388,15.613170,0.100480,32.529781
1403638618227829504.000000,0.000000,0.000000,11.213440,6.105467,0.263575,0.076675,17.375950,0.079100,36.210388
1403638618277829376.000000,0.000000,0.000000,12.279726,6.433476,0.260640,0.076512,16.620453,0.110748,37.653960
1403638618327829504.000000,0.000000,0.000000,11.669717,6.171392,0.249819,0.070351,16.423909,0.339312,36.604556
1403638618377829376.000000,0.000000,0.000000,11.572382,6.989942,0.273602,0.044004,17.343672,0.136197,37.772899
1403638618427829504.000000,0.000000,0.000000,10.874970,6.258262,0.260556,0.082647,17.385141,0.078844,33.511898
1403638618477829376.000000,0.000000,0.000000,11.714935,6.652488,0.264927,0.076689,16.334738,0.111324,39.272361
1403638618527829504.000000,0.000000,0.000000,11.115957,6.559339,0.264314,0.044351,16.036830,0.366554,38.013819
1403638618577829376.000000,0.000000,0.000000,12.132176,6.382373,0.268896,0.047701,17.966201,0.097174,38.060522
1403638618627829504.000000,0.000000,0.000000,10.740075,6.124166,0.293819,0.081015,17.016837,0.080212,35.906882
1403638618677829376.000000,0.000000,0.000000,10.995344,5.976954,0.296330,0.076848,19.132673,0.109290,36.306007
1403638618727829504.000000,0.000000,0.000000,11.897725,6.404620,0.380340,0.081038,19.898426,0.080514,38.993695
1403638618777829376.000000,0.000000,0.000000,11.155048,6.684182,0.255081,0.047051,16.206098,0.295355,37.348365
1403638618827829504.000000,0.000000,0.000000,11.048867,8.649369,0.283871,0.035291,15.913212,0.083264,43.316439
1403638618877829376.000000,0.000000,0.000000,12.049329,6.612445,0.278466,0.075805,16.977849,0.109060,38.289388
1403638618927829504.000000,0.000000,0.000000,10.825255,5.249654,0.277563,0.073800,16.218344,0.097233,34.893920
1403638618977829376.000000,0.000000,0.000000,11.263393,6.184947,0.278326,0.082398,17.861234,0.115348,37.674416
1403638619027829504.000000,0.000000,0.000000,11.421180,5.939949,0.295952,0.040509,14.791175,0.345101,34.259165
1403638619077829376.000000,0.000000,0.000000,10.852829,6.417272,0.260094,0.038046,15.104738,0.078634,35.827790
1403638619127829504.000000,0.000000,0.000000,11.355030,7.144878,0.265642,0.074351,15.782882,0.103919,39.861146
1403638619177829376.000000,0.000000,0.000000,14.848801,5.002316,0.252030,0.072990,15.992683,0.077075,40.224706
1403638619227829504.000000,0.000000,0.000000,10.840326,6.320439,0.301127,0.088936,15.324606,0.067153,34.591780
1403638619277829376.000000,0.000000,0.000000,10.813092,5.190600,0.265737,0.055994,14.720857,0.362705,33.782639
1403638619327829504.000000,0.000000,0.000000,11.520334,6.154995,0.272770,0.045771,17.009023,0.078505,38.602401
1403638619377829376.000000,0.000000,0.000000,11.406491,5.491504,0.291522,0.082314,15.657546,0.073220,36.832104
1403638619427829504.000000,0.000000,0.000000,11.714688,6.340507,0.278372,0.077821,17.181014,0.083620,35.611336
1403638619477829376.000000,0.000000,0.000000,11.827591,5.851482,0.292569,0.043833,14.881007,0.308727,36.181007
1403638619527829504.000000,0.000000,0.000000,12.436467,5.256373,0.296579,0.056356,15.737732,0.072729,37.978559
1403638619577829376.000000,0.000000,0.000000,12.605426,6.092657,0.297745,0.085938,18.090366,0.103316,39.255936
1403638619627829504.000000,0.000000,0.000000,13.797986,5.645658,0.310944,0.082298,17.264167,0.091581,38.251005
1403638619677829376.000000,0.000000,0.000000,12.221218,6.083082,0.291933,0.061290,15.992751,0.375060,37.487742
1403638619727829504.000000,0.000000,0.000000,12.879947,8.274584,0.299200,0.051297,15.859687,0.076469,42.704077
1403638619777829376.000000,0.000000,0.000000,12.616328,5.727606,0.277582,0.085364,17.514501,0.076435,37.509197
1403638619827829504.000000,0.000000,0.000000,13.976950,8.382460,0.293835,0.074658,15.905424,0.079605,41.871443
1403638619877829376.000000,0.000000,0.000000,12.215457,5.436680,0.320987,0.080155,20.899840,0.070803,36.388682
1403638619927829504.000000,0.000000,0.000000,12.138398,4.768707,0.305420,0.056286,15.827835,0.411724,36.014045
1403638619977829376.000000,0.000000,0.000000,13.736795,6.896416,0.274483,0.041631,15.694826,0.075942,39.884502
1403638620027829504.000000,0.000000,0.000000,13.715939,5.798414,0.296388,0.082349,17.218630,0.070831,37.811506
1403638620077829376.000000,0.000000,0.000000,12.845378,5.843018,0.274078,0.075473,16.409194,0.093463,37.386643
1403638620127829504.000000,0.000000,0.000000,12.857453,9.217928,0.285051,0.045035,15.182376,0.059871,43.248400
1403638620177829376.000000,0.000000,0.000000,12.259253,5.359004,0.353704,0.049605,14.160118,0.271094,37.423156
1403638620227829504.000000,0.000000,0.000000,12.287317,5.938657,0.292331,0.053158,16.157270,0.071762,37.378727
1403638620277829376.000000,0.000000,0.000000,12.627869,5.450407,0.286107,0.077209,15.600668,0.071827,36.731617
1403638620327829504.000000,0.000000,0.000000,12.069619,5.632135,0.257699,0.071000,16.331100,0.089303,37.325217
1403638620377829376.000000,0.000000,0.000000,12.972407,5.763617,0.035228,0.039326,13.804688,0.323868,38.707702
1403638620427829504.000000,0.000000,0.000000,12.332115,4.680120,0.145501,0.043487,15.318944,0.068777,34.375692
1403638620477829376.000000,0.000000,0.000000,13.261867,5.297963,0.158194,0.067682,15.248284,0.095438,37.171937
1403638620527829504.000000,0.000000,0.000000,12.547459,4.716312,0.139242,0.066618,16.000769,0.074441,36.317856
1403638620577829376.000000,0.000000,0.000000,12.289733,5.939955,0.297803,0.046638,13.614037,0.361109,39.195084
1403638620627829504.000000,0.000000,0.000000,11.902225,4.748904,0.269276,0.044881,17.023205,0.076260,36.046928
1403638620677829376.000000,0.000000,0.000000,12.382284,6.052548,0.259609,0.067475,16.743108,0.086825,38.672988
1403638620727829504.000000,0.000000,0.000000,13.214771,4.856835,0.283539,0.064759,15.558471,0.067871,34.570930
1403638620777829376.000000,0.000000,0.000000,12.188739,4.445117,0.144097,0.050104,18.357838,0.064313,32.904626
1403638620827829504.000000,0.000000,0.000000,15.172498,4.817599,0.270437,0.045918,15.457349,0.322074,39.234115
1403638620877829376.000000,0.000000,0.000000,11.891934,6.010806,0.276471,0.037821,13.893309,0.079552,36.891647
1403638620927829504.000000,0.000000,0.000000,11.943350,5.959822,0.283031,0.063732,17.311524,0.093356,38.408724
1403638620977829376.000000,0.000000,0.000000,12.781601,8.583846,0.291915,0.063208,15.651188,0.089768,38.837015
1403638621027829504.000000,0.000000,0.000000,13.807997,5.929610,0.265913,0.061652,15.104810,0.276457,42.071279
1403638621077829376.000000,0.000000,0.000000,12.333679,5.772732,0.284062,0.038681,14.231739,0.060820,37.711162
1403638621127829504.000000,0.000000,0.000000,12.288789,5.990544,0.265300,0.060731,15.562454,0.092567,38.885971
1403638621177829376.000000,0.000000,0.000000,12.444797,6.254831,0.261606,0.062473,16.178419,0.068456,39.349291
1403638621227829504.000000,0.000000,0.000000,11.273688,6.136454,0.259637,0.039444,12.399345,0.061642,35.413841
1403638621277829376.000000,0.000000,0.000000,11.229499,4.897713,0.153558,0.035773,12.728867,0.046417,34.457523
1403638621327829504.000000,0.000000,0.000000,12.269064,4.686231,0.283863,0.038792,17.161624,0.259387,34.425302
1403638621377829376.000000,0.000000,0.000000,12.196634,5.399182,0.279744,0.041788,15.443922,0.059235,36.667074
1403638621427829504.000000,0.000000,0.000000,12.833858,5.894688,0.282389,0.057146,15.000355,0.065408,39.770900
1403638621477829376.000000,0.000000,0.000000,13.050176,5.522313,0.144421,0.080358,14.705894,0.073416,39.170400
1403638621527829504.000000,0.000000,0.000000,13.068173,5.425338,0.141568,0.036967,14.249762,0.048338,37.570674
1403638621577829376.000000,0.000000,0.000000,12.332957,4.537170,0.302394,0.044972,15.010254,0.285336,34.232690
1403638621627829504.000000,0.000000,0.000000,12.348068,4.682128,0.286177,0.035784,13.862054,0.056867,35.411416
1403638621677829376.000000,0.000000,0.000000,12.792260,6.250659,0.279008,0.069474,14.894042,0.128621,40.296323
1403638621727829504.000000,0.000000,0.000000,13.838530,7.181852,0.305511,0.055747,15.798846,0.069706,42.552169
1403638621777829376.000000,0.000000,0.000000,11.916009,4.988910,0.301611,0.029638,13.701533,0.289479,34.611898
1403638621827829504.000000,0.000000,0.000000,12.180770,5.774403,0.303560,0.029657,12.511633,0.053893,37.979069
1403638621877829376.000000,0.000000,0.000000,13.046255,5.332145,0.288214,0.051671,13.900314,0.068937,37.910937
1403638621927829504.000000,0.000000,0.000000,12.196130,8.872991,0.282404,0.054793,13.455961,0.061682,40.953311
1403638621977829376.000000,0.000000,0.000000,12.176939,5.428837,0.154930,0.037761,10.901783,0.057219,37.695297
1403638622027829504.000000,0.000000,0.000000,12.831023,7.140915,0.280512,0.032587,12.103854,0.038834,38.625435
1403638622077829376.000000,0.000000,0.000000,11.716559,5.855907,0.294133,0.049722,15.221816,0.044689,37.885059
1403638622127829504.000000,0.000000,0.000000,12.177268,5.325732,0.301338,0.036781,13.720089,0.043528,37.656846
1403638622177829376.000000,0.000000,0.000000,12.637824,5.568652,0.273081,0.038594,14.204079,0.043602,37.747655
1403638622227829504.000000,0.000000,0.000000,13.572993,4.738870,0.292865,0.037465,13.676205,0.042557,35.987923
1403638622277829376.000000,0.000000,0.000000,12.703596,4.730904,0.293172,0.036888,11.970417,0.234523,34.970817
1403638622327829504.000000,0.000000,0.000000,12.141038,5.082792,0.156084,0.038805,15.270279,0.066120,35.814183
1403638622377829376.000000,0.000000,0.000000,12.358514,5.771464,0.147841,0.053147,15.625728,0.059861,39.940606
1403638622427829504.000000,0.000000,0.000000,12.785323,5.544943,0.154527,0.056404,14.994048,0.062573,38.668887
1403638622477829376.000000,0.000000,0.000000,12.277568,5.766841,0.316735,0.032779,13.341683,0.042859,38.188849
1403638622527829504.000000,0.000000,0.000000,11.837714,5.748288,0.290611,0.044603,13.244161,0.278337,39.565421
1403638622577829376.000000,0.000000,0.000000,12.094581,5.978715,0.306102,0.027642,15.544483,0.055002,38.088153
1403638622627829504.000000,0.000000,0.000000,12.178041,5.326907,0.264700,0.038690,12.533788,0.093888,36.691345
1403638622677829376.000000,0.000000,0.000000,13.193744,5.338005,0.292959,0.032188,11.447798,0.084157,38.729556
1403638622727829504.000000,0.000000,0.000000,12.317595,4.980587,0.283341,0.012552,8.596821,0.249276,37.058698
1403638622777829376.000000,0.000000,0.000000,12.013325,5.491922,0.295950,0.026731,10.166918,0.033370,38.257272
1403638622827829504.000000,0.000000,0.000000,11.342116,5.854158,0.153549,0.014782,9.669230,0.023461,37.215561
1403638622877829376.000000,0.000000,0.000000,12.033400,5.969299,0.141154,0.023308,10.370728,0.205696,38.945003
1403638622927829504.000000,0.000000,0.000000,14.297547,5.576926,0.282598,0.024579,14.616093,0.039157,39.819530
1403638622977829376.000000,0.000000,0.000000,12.786341,6.847573,0.311579,0.035096,13.949130,0.041572,39.668445
1403638623027829504.000000,0.000000,0.000000,12.115103,5.978793,0.284434,0.040424,11.411717,0.038851,39.975784
1403638623077829376.000000,0.000000,0.000000,12.924979,5.845852,0.265466,0.013036,6.879102,0.236299,37.543397
1403638623127829504.000000,0.000000,0.000000,11.936327,5.697595,0.294804,0.028971,12.450396,0.035077,37.289598
1403638623177829376.000000,0.000000,0.000000,12.480509,4.461434,0.321754,0.022241,11.984381,0.026648,34.368964
1403638623227829504.000000,0.000000,0.000000,11.787158,5.320932,0.309263,0.019072,9.540999,0.019731,36.868029
1403638623277829376.000000,0.000000,0.000000,14.859130,5.237518,0.284923,0.019009,10.010720,0.020604,40.595830
1403638623327829504.000000,0.000000,0.000000,12.688622,4.727718,0.321729,0.023562,12.254527,0.027279,36.336096
1403638623377829376.000000,0.000000,0.000000,13.040217,4.933738,0.142270,0.021587,10.133340,0.018842,36.945192
1403638623427829504.000000,0.000000,0.000000,12.449845,4.735673,0.147909,0.031312,10.758083,0.031101,36.417405
1403638623477829376.000000,0.000000,0.000000,13.444452,4.589213,0.299007,0.030886,11.547317,0.265005,37.240154
1403638623527829504.000000,0.000000,0.000000,12.032333,4.827097,0.302314,0.023046,12.644007,0.034989,36.860888
1403638623577829376.000000,0.000000,0.000000,12.040894,5.403249,0.305986,0.029218,11.028957,0.030094,41.781932
1403638623627829504.000000,0.000000,0.000000,12.091987,5.356025,0.289736,0.033181,13.489911,0.038082,37.820874
1403638623677829376.000000,0.000000,0.000000,11.874168,4.827062,0.295978,0.031987,11.995863,0.026916,34.691979
1403638623727829504.000000,0.000000,0.000000,11.997645,5.620380,0.292417,0.028432,8.954999,0.019330,37.894123
1403638623777829376.000000,0.000000,0.000000,12.056387,5.714530,0.308707,0.019476,8.671474,0.018498,38.186483
1403638623827829504.000000,0.000000,0.000000,12.947215,4.498645,0.282510,0.017847,9.382899,0.020643,38.481401
1403638623877829376.000000,0.000000,0.000000,11.950278,5.851768,0.304509,0.017369,8.358666,0.019044,39.053580
1403638623927829504.000000,0.000000,0.000000,12.283886,5.335285,0.290549,0.022637,10.227522,0.019239,37.137294
1403638623977829376.000000,0.000000,0.000000,10.640169,5.746297,0.294378,0.020125,9.913445,0.437941,36.777486
1403638624027829504.000000,0.000000,0.000000,12.975215,6.034818,0.287622,0.024339,10.451983,0.030459,40.324589
1403638624077829376.000000,0.000000,0.000000,12.213893,5.580023,0.285439,-nan,0.000000,0.000000,36.358529
1403638624127829504.000000,0.000000,0.000000,11.989994,5.209369,0.289653,197437827426979680.000000,0.000000,366052709654069248.000000,36.968776
1403638624177829376.000000,0.000000,0.000000,13.160607,4.414948,0.311479,53166972624896.000000,0.000000,0.000000,35.822814
1403638624227829504.000000,0.000000,0.000000,13.254062,5.347401,0.279182,0.000000,0.000000,0.000000,38.563944
1403638624277829376.000000,0.000000,0.000000,12.438727,4.584395,0.290590,152041704839446496.000000,0.000000,0.000000,34.988180
1403638624327829504.000000,0.000000,0.000000,11.875998,4.700059,0.304000,68719494021.919998,0.000000,0.000000,34.298184
1403638624377829376.000000,0.000000,0.000000,12.312450,5.537903,0.299341,3573413336642.402832,0.000000,0.000000,38.518824
1403638624427829504.000000,0.000000,0.000000,12.649937,5.905904,0.316517,-nan,0.000000,0.000000,39.449460
1403638624477829376.000000,0.000000,0.000000,12.394732,5.956748,0.288494,165011992573284192.000000,0.000000,0.000000,39.216637
1403638624527829504.000000,0.000000,0.000000,14.027313,9.641131,0.286364,149213238362112.000000,0.000000,0.000000,43.329923
1403638624577829376.000000,0.000000,0.000000,12.123216,5.380028,0.284882,0.000000,0.000000,0.000000,37.358646
1403638624627829504.000000,0.000000,0.000000,12.954790,5.557999,0.307541,165012093756506080.000000,0.000000,0.000000,37.485523
1403638624677829376.000000,0.000000,0.000000,12.964250,5.028826,0.306088,68719494019.760010,0.000000,0.000000,37.185972
1403638624727829504.000000,0.000000,0.000000,12.876479,5.667663,0.300895,30064775346.238636,0.000000,0.000000,40.887216
1403638624777829376.000000,0.000000,0.000000,14.703729,9.387521,0.276364,-nan,0.000000,0.000000,48.964689
1403638624827829504.000000,0.000000,0.000000,12.178528,4.792013,0.288679,93674903781077168.000000,0.000000,0.000000,36.364069
1403638624877829376.000000,0.000000,0.000000,13.232875,4.761117,0.327160,27657899225088.000000,0.000000,192.000000,35.655540
1403638624927829504.000000,0.000000,0.000000,12.411733,5.661889,0.313616,0.000000,0.000000,226.800003,38.725631
1403638624977829376.000000,0.000000,0.000000,13.393013,4.887479,0.296291,29549395967.999996,0.000000,185.745468,38.556598
1403638625027829504.000000,0.000000,0.000000,12.841534,5.649072,0.291305,68719494003.360016,0.000000,0.694444,39.983972
1403638625077829376.000000,0.000000,0.000000,12.598633,4.641990,0.307501,8589936724.264990,0.000000,0.000000,35.580980
1403638625127829504.000000,0.000000,0.000000,13.427852,5.341687,0.328142,-nan,0.000000,0.000000,39.253919
1403638625177829376.000000,0.000000,0.000000,11.951039,5.295907,0.312679,80704583803611392.000000,166.800003,0.000000,38.969044
1403638625227829504.000000,0.000000,0.000000,12.468297,5.970015,0.310331,2256413163782144.000000,176.400009,0.694444,40.356689
1403638625277829376.000000,0.000000,0.000000,12.354723,5.764015,0.315502,0.000000,0.000000,0.000000,38.096190
1403638625327829504.000000,0.000000,0.000000,13.157757,6.132419,0.335451,517914268532735.937500,0.000000,0.000000,41.414823
1403638625377829376.000000,0.000000,0.000000,13.700788,6.038964,0.306121,68719494001.920013,0.694444,0.000000,41.706165
1403638625427829504.000000,0.000000,0.000000,12.912662,6.435982,0.285823,3573413336702.994629,0.000000,0.694444,44.032137
1403638625477829376.000000,0.000000,0.000000,14.318747,4.780918,0.303440,-nan,0.000000,0.263737,38.546257
1403638625527829504.000000,0.000000,0.000000,13.531825,5.204917,0.297677,11083081445550.082031,0.694444,-1.125995,38.608089
1403638625577829376.000000,0.000000,0.000000,14.041678,5.186782,0.310723,501748617904128.000000,3.973177,-0.682531,39.709190
1403638625627829504.000000,0.000000,0.000000,12.286594,5.190945,0.315112,0.000000,-4.574367,0.000000,39.282402
1403638625677829376.000000,0.000000,0.000000,12.403129,5.066963,0.302313,48053830236508250112.000000,0.000000,27021632123961340.000000,41.152270
1403638625727829504.000000,0.000000,0.000000,12.470246,4.953541,0.323635,68719493801.920013,0.000000,-1.756989,37.686145
1403638625777829376.000000,0.000000,0.000000,13.019580,7.787728,0.293800,15032387678.067028,-2.502479,11.281852,41.095581
1403638625827829504.000000,0.000000,0.000000,12.427489,5.053760,0.304198,-nan,12.424226,-3.692003,37.056926
1403638625877829376.000000,0.000000,0.000000,12.238396,5.481346,0.316838,4398047613450.240234,-2.954987,0.000000,39.614706
1403638625927829504.000000,0.000000,0.000000,12.419727,5.686421,0.316255,265253092566499328.000000,50450747443118080.000000,0.000000,39.581472
1403638625977829376.000000,0.000000,0.000000,12.384508,5.166599,0.332816,0.000000,0.000000,0.000000,38.677595
1403638626027829504.000000,0.000000,0.000000,12.563929,5.592458,0.300870,43955176343601144.000000,0.000000,0.000000,40.584555
1403638626077829376.000000,0.000000,0.000000,12.338394,5.564030,0.303254,68719493617.920013,0.000000,0.000000,39.705923
1403638626127829504.000000,0.000000,0.000000,12.301158,5.635669,0.309589,262144.065435,0.000000,0.000000,38.781180
1403638626177829376.000000,0.000000,0.000000,14.002244,5.678726,0.327699,-nan,0.000000,0.000000,40.198806
1403638626227829504.000000,0.000000,0.000000,12.949598,5.601441,0.311432,17179873491.120003,0.000000,0.000000,41.280048
1403638626277829376.000000,0.000000,0.000000,11.581513,5.605514,0.335426,1085479802518896640.000000,0.000000,0.000000,38.489226
1403638626327829504.000000,0.000000,0.000000,12.925893,5.392993,0.301048,0.000000,0.000000,0.000000,42.138924
1403638626377829376.000000,0.000000,0.000000,12.838798,5.977153,0.295903,138535157768799633408.000000,0.000000,0.000000,43.963486
1403638626427829504.000000,0.000000,0.000000,11.768808,6.296554,0.295349,68719494050.720001,0.000000,0.000000,38.996089
1403638626477829376.000000,0.000000,0.000000,12.676621,7.663410,0.292173,524288.132005,0.000000,0.000000,40.880088
1403638626527829504.000000,0.000000,0.000000,12.145523,5.235120,0.315358,-nan,0.000000,0.000000,39.473262
1403638626577829376.000000,0.000000,0.000000,13.029377,9.667440,0.322843,778222381898525568.000000,0.000000,0.000000,43.272435
1403638626627829504.000000,0.000000,0.000000,14.364693,4.973128,0.296906,452317989136498688.000000,0.000000,0.000000,42.308117
1403638626677829376.000000,0.000000,0.000000,12.759870,5.193636,0.279915,0.000000,0.000000,0.000000,37.637761
1403638626727829504.000000,0.000000,0.000000,15.213779,6.453961,0.286258,152739299887293628416.000000,0.000000,0.000000,40.878660
1403638626777829376.000000,0.000000,0.000000,12.827009,7.742895,0.570945,68719494051.440002,0.000000,0.000000,40.844806
1403638626827829504.000000,0.000000,0.000000,13.040683,4.954012,0.277474,32768.008231,0.000000,0.000000,39.004395
1403638626877829376.000000,0.000000,0.000000,12.669736,7.704459,0.281297,-nan,0.000000,0.000000,40.673027
1403638626927829504.000000,0.000000,0.000000,12.167565,4.878537,0.281154,508726786058616832.000000,0.000000,0.000000,36.492237
1403638626977829376.000000,0.000000,0.000000,13.283769,5.576770,0.293364,252558818506964992.000000,0.000000,0.000000,39.926468
1403638627027829504.000000,0.000000,0.000000,12.436452,4.784429,0.302414,0.000000,0.000000,0.000000,37.518416
1403638627077829376.000000,0.000000,0.000000,12.613897,5.548358,0.277529,159379998275339780096.000000,158.400009,0.000000,40.138512
1403638627127829504.000000,0.000000,0.000000,12.324092,5.572846,0.294970,68719494044.960007,176.400009,0.000000,37.402778
1403638627177829376.000000,0.000000,0.000000,12.158471,5.372547,0.308751,262144.065898,151.410400,0.000000,37.243883
1403638627227829504.000000,0.000000,0.000000,12.678687,5.746239,0.295932,-nan,0.694444,-nan,41.231738
1403638627277829376.000000,0.000000,0.000000,12.489729,5.895836,0.271956,216893410936954560.000000,0.000000,0.000000,40.420130
1403638627327829504.000000,0.000000,0.000000,13.942990,5.954949,0.300464,31093591979851776.000000,0.000000,0.000000,40.641464
1403638627377829376.000000,0.000000,0.000000,12.131674,5.258005,0.271803,0.000000,0.000000,0.000000,38.085897
1403638627427829504.000000,0.000000,0.000000,13.917604,5.654774,0.290273,2011850092620807936.000000,0.694444,0.000000,41.396325
1403638627477829376.000000,0.000000,0.000000,12.691194,5.224256,0.291684,68719494027.680008,0.000000,0.000000,37.909595
1403638627527829504.000000,0.000000,0.000000,12.766520,7.655702,0.273273,3221226010.812974,0.000000,0.000000,46.372126
1403638627577829376.000000,0.000000,0.000000,12.168209,5.375757,0.320666,-nan,0.000000,0.000000,37.708166
1403638627627829504.000000,0.000000,0.000000,13.511708,5.058140,0.281497,184467576063629728.000000,0.694444,0.000000,38.257393
1403638627677829376.000000,0.000000,0.000000,14.144960,5.847688,0.294726,259494561.093750,-2.562982,0.000000,41.744736
1403638627727829504.000000,0.000000,0.000000,12.579227,5.156163,0.278679,0.000000,2.906581,0.000000,38.436962
1403638627777829376.000000,0.000000,0.000000,12.755156,5.148483,0.292706,43955176343601144.000000,-5.923708,0.000000,37.494781
1403638627827829504.000000,0.000000,0.000000,14.011533,4.822960,0.289578,68719493988.960007,0.000000,0.000000,37.511369
1403638627877829376.000000,0.000000,0.000000,12.955560,5.468998,0.297111,527765652280835.437500,0.000000,0.000000,39.601719
1403638627927829504.000000,0.000000,0.000000,12.754083,5.077387,0.290627,-nan,-3.533967,0.000000,38.370759
1403638627977829376.000000,0.000000,0.000000,13.397165,5.341808,0.292164,12790225888608258.000000,16.428661,178.800003,39.506756
1403638628027829504.000000,0.000000,0.000000,12.850440,5.125935,0.294698,1724870954844160.000000,-3.567463,188.400009,36.579552
1403638628077829376.000000,0.000000,0.000000,11.919294,5.566451,0.299030,0.000000,0.000000,0.000000,36.972858
1403638628127829504.000000,0.000000,0.000000,11.716874,5.705764,0.296466,1700560758611377920.000000,0.000000,622578118263046016.000000,37.117405
1403638628177829376.000000,0.000000,0.000000,12.898913,6.358442,0.295619,68719494023.360001,0.000000,0.694444,39.506039
1403638628227829504.000000,0.000000,0.000000,12.016291,6.835190,0.313179,343597452282.238770,0.000000,0.000000,36.933868
1403638628277829376.000000,0.000000,0.000000,10.822336,6.256847,0.275459,-nan,0.000000,0.000000,39.098947
1403638628327829504.000000,0.000000,0.000000,15.258226,7.216656,0.279409,268774966549324768.000000,0.000000,0.694444,44.157087
1403638628377829376.000000,0.000000,0.000000,11.327381,6.942249,0.302247,88431813843746816.000000,0.000000,-0.751071,38.076306
1403638628427829504.000000,0.000000,0.000000,10.806039,8.895356,0.279752,0.000000,0.000000,-3.304534,42.521395
1403638628477829376.000000,0.000000,0.000000,9.736717,5.727592,0.299054,129192689663.999985,0.000000,0.000000,36.241951
1403638628527829504.000000,0.000000,0.000000,9.941793,5.437909,0.281407,68719493991.840012,0.000000,68719494043.520004,33.279053
1403638628577829376.000000,0.000000,0.000000,10.912578,6.062185,0.281209,10737420372.500273,0.000000,-2.022488,38.853119
1403638628627829504.000000,0.000000,0.000000,10.818337,5.948473,0.141828,-nan,0.000000,11.735486,36.826410
1403638628677829376.000000,0.000000,0.000000,12.713296,4.907699,0.169002,14411524471573710.000000,0.000000,-3.035102,37.040704
1403638628727829504.000000,0.000000,0.000000,11.023000,5.260680,0.289502,471103757811712.000000,0.000000,1599233024.000000,35.105526
1403638628777829376.000000,0.000000,0.000000,11.134564,5.399075,0.317401,0.000000,0.000000,0.000000,36.603480
1403638628827829504.000000,0.000000,0.000000,11.320940,5.444117,0.260238,29549395967.999996,0.000000,0.000000,37.573089
1403638628877829376.000000,0.000000,0.000000,12.114333,5.329038,0.309035,68719493957.280014,0.000000,0.000000,33.869576
1403638628927829504.000000,0.000000,0.000000,11.607128,4.299582,0.333108,687194905990.556641,0.000000,0.000000,32.677736
1403638628977829376.000000,0.000000,0.000000,12.494448,5.943721,0.323479,-nan,0.000000,0.000000,39.932691
1403638629027829504.000000,0.000000,0.000000,11.185691,6.098598,0.538199,2063730838931987712.000000,0.000000,0.000000,37.118175
1403638629077829376.000000,0.000000,0.000000,11.253744,5.419346,0.316200,62722368888832.000000,0.000000,0.000000,36.294364
1403638629127829504.000000,0.000000,0.000000,11.719790,7.094903,0.322704,0.000000,0.000000,0.000000,38.974092
1403638629177829376.000000,0.000000,0.000000,13.414786,6.141618,0.154881,1233627857108860672.000000,0.000000,0.000000,39.750890
1403638629227829504.000000,0.000000,0.000000,11.308171,6.103035,0.302950,68719494051.440002,0.000000,0.000000,37.459915
1403638629277829376.000000,0.000000,0.000000,10.638071,5.208877,0.329281,457396907749056.375000,0.000000,0.000000,33.716441
1403638629327829504.000000,0.000000,0.000000,11.836035,4.820710,0.284623,-nan,0.000000,0.000000,36.691596
1403638629377829376.000000,0.000000,0.000000,11.583849,10.001974,0.285811,648518491630028800.000000,0.000000,0.000000,41.779675
1403638629427829504.000000,0.000000,0.000000,10.890920,5.412328,0.272452,520315911366770688.000000,0.000000,0.000000,34.326685
1403638629477829376.000000,0.000000,0.000000,11.863799,5.175545,0.266450,0.000000,0.000000,0.000000,33.734858
1403638629527829504.000000,0.000000,0.000000,11.266456,5.848557,0.249109,1389272524113575680.000000,0.000000,0.000000,35.926520
1403638629577829376.000000,0.000000,0.000000,10.859216,5.255643,0.276734,68719494037.760010,0.000000,0.000000,33.778052
1403638629627829504.000000,0.000000,0.000000,11.151328,4.478174,0.314160,201326625.523597,0.000000,0.000000,30.713017
1403638629677829376.000000,0.000000,0.000000,11.118100,4.384181,0.308347,-nan,0.000000,0.000000,31.060833
1403638629727829504.000000,0.000000,0.000000,12.456519,5.990019,0.318110,130885924748820.484375,0.000000,0.000000,38.263099
1403638629777829376.000000,0.000000,0.000000,11.170089,4.868954,0.302698,191003484659646464.000000,0.000000,0.000000,34.055923
1403638629827829504.000000,0.000000,0.000000,12.175232,4.990487,0.283324,0.000000,0.000000,0.000000,35.006869
1403638629877829376.000000,0.000000,0.000000,12.352390,4.939995,0.168547,5224183470489599.000000,0.000000,0.000000,34.765283
1403638629927829504.000000,0.000000,0.000000,11.767196,4.079202,0.341837,68719493948.640015,0.000000,0.000000,31.944162
1403638629977829376.000000,0.000000,0.000000,12.088082,5.043482,0.306755,60129550761.879089,332.400024,0.000000,36.413797
1403638630027829504.000000,0.000000,0.000000,11.147924,7.362860,0.291543,-nan,285.600006,0.000000,38.960279
1403638630077829376.000000,0.000000,0.000000,11.603839,6.308397,0.288064,5224180303192392.000000,0.000000,0.000000,37.274806
1403638630127829504.000000,0.000000,0.000000,11.522670,5.728934,0.170564,6511467883921408.000000,0.000000,101404800.000000,35.207952
1403638630177829376.000000,0.000000,0.000000,10.967951,6.923968,0.300515,0.000000,0.694444,0.000000,35.437780
1403638630227829504.000000,0.000000,0.000000,11.336740,6.079633,0.291177,5224183470489599.000000,0.000000,0.000000,37.610446
1403638630277829376.000000,0.000000,0.000000,12.888368,6.057334,0.309240,68719493895.360001,0.000000,0.000000,36.365702
1403638630327829504.000000,0.000000,0.000000,10.010504,3.232397,0.143076,4294968370.301411,0.694444,0.000000,29.739856
1403638630377829376.000000,0.000000,0.000000,11.667449,4.276270,0.255678,-nan,0.274384,0.000000,29.195656
1403638630427829504.000000,0.000000,0.000000,9.690960,4.264819,0.244287,495756396569957504.000000,0.328680,0.000000,28.096614
1403638630477829376.000000,0.000000,0.000000,11.024703,4.504766,0.283018,16685230150.000000,0.000000,0.000000,29.810773
1403638630527829504.000000,0.000000,0.000000,10.811931,3.933145,0.282326,0.000000,0.000000,0.000000,29.715083
1403638630577829376.000000,0.000000,0.000000,10.711389,5.772150,0.326642,469815820990545856.000000,1.060840,0.000000,36.042889
1403638630627829504.000000,0.000000,0.000000,11.455453,4.242509,0.252942,68719494043.520004,10.115880,0.000000,33.736704
1403638630677829376.000000,0.000000,0.000000,11.561683,3.760901,0.302214,6442451998.115332,-4.557425,0.000000,30.832860
1403638630727829504.000000,0.000000,0.000000,10.840921,2.823920,0.319304,-nan,75866508474974208.000000,0.000000,24.385612
1403638630777829376.000000,0.000000,0.000000,11.065939,5.070241,0.138884,25400320832590316.000000,0.000000,0.000000,33.417554
1403638630827829504.000000,0.000000,0.000000,11.258186,5.310682,0.147974,162698619386855424.000000,0.000000,0.000000,33.432654
1403638630877829376.000000,0.000000,0.000000,11.815481,3.179193,0.186034,0.000000,0.000000,171.600006,28.747070
1403638630927829504.000000,0.000000,0.000000,12.440008,3.287045,0.345179,1024569817169919.875000,0.000000,196.800003,30.075955
1403638630977829376.000000,0.000000,0.000000,11.514916,5.193573,0.179314,68719493973.120010,0.000000,167.496002,33.529221
1403638631027829504.000000,0.000000,0.000000,11.571450,4.893550,0.302804,39582427450264.148438,0.000000,0.694444,31.279826
1403638631077829376.000000,0.000000,0.000000,12.258579,3.462109,0.312011,-nan,0.000000,0.000000,30.634910
1403638631127829504.000000,0.000000,0.000000,10.818135,4.426049,0.263869,10358286538684500.000000,115570285670825984.000000,0.000000,31.030700
1403638631177829376.000000,0.000000,0.000000,11.446815,4.672605,0.305383,633849903851765760.000000,0.000000,0.000000,33.150589
1403638631227829504.000000,0.000000,0.000000,10.953476,3.491888,0.298174,0.000000,0.000000,0.694444,29.414105
1403638631277829376.000000,0.000000,0.000000,11.660924,5.263136,0.250795,20406966681599.996094,0.000000,0.000000,34.849717
1403638631327829504.000000,0.000000,0.000000,16.849127,5.192254,0.220025,68719493960.160004,0.000000,0.000000,38.611591
1403638631377829376.000000,0.000000,0.000000,12.167344,2.975404,0.230527,60129550538.407379,0.000000,0.000000,27.801488
1403638631427829504.000000,0.000000,0.000000,11.366125,3.568479,0.248648,-nan,0.000000,0.694444,27.315132
1403638631477829376.000000,0.000000,0.000000,11.907337,3.328225,0.181822,132586002176173680.000000,0.000000,0.736199,28.442829
1403638631527829504.000000,0.000000,0.000000,11.755042,2.799979,0.146588,6503504317440.000000,0.000000,-0.372797,26.989695
1403638631577829376.000000,0.000000,0.000000,11.351088,5.244519,0.133379,0.000000,0.000000,1.963615,30.518932
1403638631627829504.000000,0.000000,0.000000,12.033315,3.387683,0.000000,268953703109170790400.000000,0.000000,0.000000,29.963560
1403638631677829376.000000,0.000000,0.000000,12.388150,3.857575,0.000000,68719494039.200012,0.000000,68719494062.240005,30.898508
