1413393889605760512.000000 -0.000000386 -0.000000224 -0.000000396 -0.000000022 0.000000033 0.000000049 1.000000000
1413393889655760384.000000 0.003735360 0.002440064 -0.002711730 -0.001918908 -0.007239233 -0.001519385 0.999970794
1413393889705760512.000000 0.006815731 0.003075436 -0.004529858 -0.004549467 -0.011182721 -0.005844506 0.999910116
1413393889755760384.000000 0.014347270 0.004593625 -0.007150057 -0.007041958 -0.016686914 -0.009654285 0.999789357
1413393889805760512.000000 0.028071810 0.005250477 -0.010266411 -0.009394435 -0.019706164 -0.013248594 0.999673903
1413393889855760384.000000 0.044328015 0.004032198 -0.012227450 -0.012309171 -0.022564866 -0.018852839 0.999491811
1413393889905760512.000000 0.067631938 0.006368101 -0.018187458 -0.014613114 -0.023183534 -0.026271831 0.999279141
1413393889955760384.000000 0.094887502 0.006682244 -0.022744935 -0.017103972 -0.019468091 -0.032886285 0.999123096
1413393890005760512.000000 0.127415076 0.005123013 -0.028375655 -0.018816272 -0.014178514 -0.039328944 0.998948514
1413393890055760384.000000 0.159017861 -0.002385206 -0.029599987 -0.019752387 -0.008550063 -0.039362516 0.998993218
1413393890105760512.000000 0.196572587 -0.008915479 -0.034927290 -0.018280743 -0.004701136 -0.035039961 0.999207616
1413393890155760384.000000 0.230794996 -0.016227787 -0.035844017 -0.016647840 -0.000401093 -0.029723143 0.999419451
1413393890205760512.000000 0.251657635 -0.029068125 -0.031772006 -0.015717411 0.004016087 -0.025584569 0.999541044
1413393890255760384.000000 0.272779167 -0.036835298 -0.029556852 -0.013911857 0.007390087 -0.020513214 0.999665558
1413393890305760512.000000 0.292520523 -0.047383375 -0.027277166 -0.012604824 0.008867650 -0.015877331 0.999755263
1413393890355760384.000000 0.306522578 -0.059772078 -0.021211646 -0.011740273 0.009258579 -0.012534201 0.999809682
1413393890405760512.000000 0.317919344 -0.072636843 -0.012663140 -0.010977660 0.009412832 -0.009649296 0.999848902
1413393890455760384.000000 0.320652872 -0.086448647 -0.002447678 -0.010346252 0.012590472 -0.007276373 0.999840796
1413393890505760512.000000 0.323638797 -0.096567050 0.006776479 -0.008990988 0.020610463 -0.004032738 0.999739051
1413393890555760384.000000 0.326232016 -0.109522954 0.015098335 -0.007844645 0.031887341 -0.001608104 0.999459445
1413393890605760512.000000 0.328147352 -0.122186109 0.025393263 -0.008045414 0.041453317 -0.001379109 0.999107122
1413393890655760384.000000 0.332270980 -0.132794127 0.029129447 -0.008247809 0.042755645 -0.002636897 0.999048054
1413393890705760512.000000 0.335507065 -0.147443384 0.036319945 -0.009162249 0.037715528 -0.004392447 0.999236882
1413393890755760384.000000 0.337550819 -0.158423439 0.039075896 -0.009587147 0.031547852 -0.005881289 0.999439001
1413393890805760512.000000 0.341998845 -0.171023086 0.041395582 -0.010024499 0.024509586 -0.006867647 0.999625802
1413393890855760384.000000 0.346305013 -0.181568280 0.038162734 -0.010450829 0.018828800 -0.008184464 0.999734640
1413393890905760512.000000 0.352495402 -0.193735763 0.036961626 -0.010621924 0.014526578 -0.008489852 0.999802053
1413393890955760384.000000 0.356021792 -0.208711132 0.040644307 -0.011467336 0.011974978 -0.009974025 0.999812841
1413393891005760512.000000 0.361786038 -0.220053047 0.037346277 -0.011545873 0.009927745 -0.010285665 0.999831200
1413393891055760384.000000 0.369733572 -0.234059170 0.036596134 -0.011635430 0.008193429 -0.011830623 0.999828756
1413393891105760512.000000 0.377297699 -0.248917505 0.036450341 -0.011668835 0.008665129 -0.011928160 0.999823272
1413393891155760384.000000 0.386638910 -0.263275474 0.033930607 -0.011024089 0.007899718 -0.011147026 0.999845922
1413393891205760512.000000 0.398108333 -0.276555568 0.032149866 -0.010492687 0.008810119 -0.010962659 0.999846101
1413393891255760384.000000 0.405597359 -0.287787855 0.028914595 -0.009412325 0.010578216 -0.010412447 0.999845564
1413393891305760512.000000 0.407001257 -0.305168241 0.030278072 -0.009315421 0.019362265 -0.010353137 0.999715567
1413393891355760384.000000 0.404668927 -0.319374323 0.030906180 -0.008521335 0.041811798 -0.009781353 0.999041378
1413393891405760512.000000 0.400283158 -0.331698447 0.033897765 -0.006599380 0.071828753 -0.008982097 0.997354746
1413393891455760384.000000 0.403725147 -0.348753691 0.029208774 -0.004195560 0.101330534 -0.006505817 0.994822741
1413393891505760512.000000 0.396799386 -0.361614138 0.019683516 -0.002690016 0.124127127 -0.005151762 0.992249310
1413393891555760384.000000 0.388575405 -0.376281828 0.003624020 -0.000750196 0.137258187 -0.003269070 0.990529656
1413393891605760512.000000 0.375586659 -0.390454590 -0.012358265 -0.001882870 0.142130002 -0.007325420 0.989819169
1413393891655760384.000000 0.363218278 -0.403836519 -0.039953846 -0.001223380 0.142793432 -0.006829689 0.989728212
1413393891705760512.000000 0.345678568 -0.422974080 -0.063923381 -0.002432717 0.142973140 -0.007732951 0.989693403
1413393891755760384.000000 0.332783073 -0.434008896 -0.105867483 -0.001743635 0.141389936 -0.007751075 0.989922166
1413393891805760512.000000 0.325314164 -0.448472738 -0.151026085 -0.002505155 0.137602895 -0.008798978 0.990445256
1413393891855760384.000000 0.311912566 -0.464356303 -0.205107510 -0.003338264 0.131099075 -0.009511314 0.991318047
1413393891905760512.000000 0.301662862 -0.475107610 -0.265452504 -0.003640565 0.117399730 -0.009591968 0.993031800
1413393891955760384.000000 0.262973517 -0.496999890 -0.320250720 -0.005432156 0.100019775 -0.008926298 0.994930565
1413393892005760512.000000 0.249033853 -0.513687253 -0.384640783 -0.006513723 0.074618809 -0.009364213 0.997146904
1413393892055760384.000000 0.220272973 -0.534165800 -0.452303290 0.007402517 -0.052339919 0.008735761 -0.998563707
1413393892105760512.000000 0.205043018 -0.541443586 -0.533630311 -0.008216225 0.033796366 -0.008921911 0.999355137
1413393892155760384.000000 0.188301429 -0.556589603 -0.608741045 0.009568012 -0.019888883 0.009675141 -0.999709666
1413393892205760512.000000 0.172046855 -0.572129846 -0.684030890 0.010446684 -0.010439794 0.010142046 -0.999839544
1413393892255760384.000000 0.146629989 -0.594766319 -0.743257999 -0.013178467 0.006126141 -0.009506116 0.999849200
1413393892305760512.000000 0.128351271 -0.610976636 -0.815841019 -0.014187616 0.003142642 -0.008907727 0.999854803
1413393892355760384.000000 0.107960060 -0.627262771 -0.886351228 0.015329869 0.000939838 0.008994065 -0.999841690
1413393892405760512.000000 0.085633174 -0.643679678 -0.954659641 0.016257500 0.004763486 0.008602350 -0.999819517
1413393892455760384.000000 0.059477102 -0.661308169 -1.020455122 -0.017443797 -0.007684364 -0.008479066 0.999782383
1413393892505760512.000000 0.033220679 -0.678194404 -1.084120154 -0.018693332 -0.009240831 -0.009286915 0.999739468
1413393892555760384.000000 0.004562857 -0.695758760 -1.144798636 0.019557184 0.011973117 0.008215257 -0.999703348
1413393892605760512.000000 -0.028089087 -0.712832391 -1.201445341 -0.020299405 -0.016107451 -0.008117572 0.999631286
1413393892655760384.000000 -0.059308626 -0.730762303 -1.258098245 -0.021125304 -0.023574693 -0.008215589 0.999465108
1413393892705760512.000000 -0.090211570 -0.749683082 -1.312879920 0.022450071 0.034485150 0.008718465 -0.999115050
1413393892755760384.000000 -0.120138608 -0.770237088 -1.360823870 -0.023093309 -0.048180528 -0.008301527 0.998537123
1413393892805760512.000000 -0.148551673 -0.789607167 -1.409982800 -0.023681186 -0.062958717 -0.009477858 0.997690082
1413393892855760384.000000 -0.174836203 -0.809147179 -1.455844998 0.024416968 0.075329401 0.009751785 -0.996811986
1413393892905760512.000000 -0.197102904 -0.828985155 -1.495412230 -0.024350759 -0.087486491 -0.009524139 0.995822489
1413393892955760384.000000 -0.216853157 -0.849915743 -1.531973600 -0.023852143 -0.097969256 -0.009930203 0.994854093
1413393893005760512.000000 -0.233105883 -0.871111929 -1.563149810 0.023937082 0.106228806 0.011067016 -0.993991971
1413393893055760384.000000 -0.245630473 -0.893201649 -1.588885188 0.023174524 0.110505030 0.011593000 -0.993537724
1413393893105760512.000000 -0.253263921 -0.915591121 -1.607369781 -0.022464391 -0.111968413 -0.011590670 0.993390262
1413393893155760384.000000 -0.257887959 -0.938563347 -1.621439457 -0.021466291 -0.108544439 -0.011182325 0.993796885
1413393893205760512.000000 -0.258366197 -0.961551547 -1.629209042 0.020619007 0.102393366 0.012585592 -0.994450688
1413393893255760384.000000 -0.255664438 -0.985090971 -1.632102132 0.020197881 0.096135810 0.012391161 -0.995086133
1413393893305760512.000000 -0.249925524 -1.009102702 -1.629950881 0.019229060 0.090145603 0.009011378 -0.995702147
1413393893355760384.000000 -0.241815209 -1.033315420 -1.623318791 0.017723428 0.086791985 0.003318134 -0.996063352
1413393893405760512.000000 -0.230927274 -1.057314157 -1.612019658 0.016468298 0.082111090 -0.002737398 -0.996483386
1413393893455760384.000000 -0.217227057 -1.081632495 -1.599162698 -0.014967971 -0.078779064 0.008628652 0.996742427
1413393893505760512.000000 -0.202779889 -1.104961038 -1.579586864 -0.012828217 -0.077362187 0.013645322 0.996827185
1413393893555760384.000000 -0.186464548 -1.127344608 -1.555845976 -0.011081118 -0.075263463 0.017624257 0.996946394
1413393893605760512.000000 -0.168591619 -1.148605108 -1.529465079 0.009247966 0.072753392 -0.021578001 -0.997073591
1413393893655760384.000000 -0.149582654 -1.168539405 -1.498474479 0.007156901 0.072890803 -0.025863396 -0.996978879
1413393893705760512.000000 -0.128657013 -1.186176300 -1.466672421 -0.005652607 -0.071976073 0.030493645 0.996924162
1413393893755760384.000000 -0.105463780 -1.202603936 -1.428318501 -0.004280932 -0.068429798 0.034071144 0.997064829
1413393893805760512.000000 -0.079902336 -1.216633558 -1.386506438 0.003762879 0.064514250 -0.035134774 -0.997291028
1413393893855760384.000000 -0.052011002 -1.228941202 -1.343126893 -0.004292293 -0.055461358 0.035562970 0.997818112
1413393893905760512.000000 -0.022883872 -1.239320874 -1.295650959 -0.004501909 -0.045418676 0.033456869 0.998397470
1413393893955760384.000000 0.007481568 -1.247672081 -1.246178627 0.004972932 0.033346146 -0.031583000 -0.998932421
1413393894005760512.000000 0.038219649 -1.254727721 -1.193980694 -0.005577319 -0.024746984 0.030441698 0.999214590
1413393894055760384.000000 0.069543101 -1.260152459 -1.141342163 -0.005357277 -0.018946137 0.028752906 0.999392629
1413393894105760512.000000 0.101806849 -1.264180899 -1.087662101 -0.005381729 -0.014682834 0.028373806 0.999475121
1413393894155760384.000000 0.130992875 -1.265971422 -1.045503497 -0.004732593 -0.012857837 0.029356154 0.999475121
1413393894205760512.000000 0.164140284 -1.267229676 -0.990794539 -0.003884028 -0.012121936 0.030456748 0.999455035
1413393894255760384.000000 0.197489530 -1.266626477 -0.935368419 -0.003852861 -0.011426087 0.031310026 0.999437034
1413393894305760512.000000 0.228930324 -1.263796926 -0.878781140 -0.003205535 -0.011010966 0.033439804 0.999374986
1413393894355760384.000000 0.259374768 -1.259936571 -0.821350336 -0.003142572 -0.010348784 0.033778988 0.999370873
1413393894405760512.000000 0.285527945 -1.254746437 -0.760584235 0.003501992 0.010254980 -0.032443829 -0.999414861
1413393894455760384.000000 0.302625597 -1.248997569 -0.700997472 -0.004070036 -0.009462719 0.030150261 0.999492347
1413393894505760512.000000 0.321041793 -1.241136551 -0.636635363 -0.004683675 -0.008107265 0.027889453 0.999567211
1413393894555760384.000000 0.337380052 -1.231966853 -0.570773244 -0.006167149 -0.005954905 0.024864266 0.999654114
1413393894605760512.000000 0.347094983 -1.223610401 -0.508657157 -0.007205254 -0.005085583 0.021931903 0.999720573
1413393894655760384.000000 0.360934764 -1.212104917 -0.441076130 -0.008169177 -0.002806738 0.019384513 0.999774873
1413393894705760512.000000 0.374745786 -1.199659824 -0.373428047 -0.008840838 -0.001455196 0.017559400 0.999805689
1413393894755760384.000000 0.388582140 -1.185600519 -0.306687295 0.008575171 -0.000204562 -0.015804924 -0.999838293
1413393894805760512.000000 0.403351724 -1.171231985 -0.239718676 0.007733553 -0.000118387 -0.016078476 -0.999840915
1413393894855760384.000000 0.419199586 -1.156231165 -0.173227087 0.007284913 -0.001895340 -0.015590176 -0.999850154
1413393894905760512.000000 0.429264098 -1.147342205 -0.105081007 -0.007340298 0.005535388 0.014188262 0.999857128
1413393894955760384.000000 0.446640939 -1.131803393 -0.039904401 -0.007067609 0.010472938 0.012670686 0.999839902
1413393895005760512.000000 0.464462847 -1.115668893 0.023590162 0.006902209 -0.016560651 -0.011458662 -0.999773443
1413393895055760384.000000 0.482898980 -1.099305272 0.086687408 0.006042937 -0.022511724 -0.010706628 -0.999671042
1413393895105760512.000000 0.498558491 -1.085586429 0.146891311 -0.006131605 0.024263034 0.008998319 0.999646366
1413393895155760384.000000 0.516933680 -1.068707108 0.208042204 -0.005964103 0.023020456 0.007598968 0.999688327
1413393895205760512.000000 0.535191476 -1.051755548 0.267919868 -0.005327927 0.019758377 0.007285174 0.999764025
1413393895255760384.000000 0.636331856 -0.990127563 0.316942841 0.001199866 0.007318154 0.004267922 0.999963403
1413393895305760512.000000 0.652374566 -0.973937571 0.375559658 0.001739061 0.008233259 0.004075349 0.999956369
1413393895355760384.000000 0.666464925 -0.958422959 0.432489067 -0.001593758 -0.010555317 -0.003180876 -0.999938011
1413393895405760512.000000 0.669940174 -0.945348501 0.496987969 0.001443445 0.014175109 0.003402851 0.999892771
1413393895455760384.000000 0.678316355 -0.929086566 0.553063154 0.000633580 0.015319478 0.002564021 0.999879181
1413393895505760512.000000 0.684743226 -0.912597597 0.608160675 -0.001405978 0.017186755 0.003216292 0.999846160
1413393895555760384.000000 0.683896422 -0.897245586 0.671587408 -0.005284181 0.017447494 0.005037016 0.999821126
1413393895605760512.000000 0.689224899 -0.880228937 0.724044502 -0.009543885 0.017289905 0.008410065 0.999769688
1413393895655760384.000000 0.695467830 -0.862983048 0.774582326 -0.016118873 0.017029930 0.009170688 0.999682963
1413393895705760512.000000 0.698474884 -0.845410228 0.833740056 -0.024747144 0.021577632 0.009321390 0.999417424
1413393895755760384.000000 0.705987692 -0.827899516 0.880657911 -0.033639308 0.023505915 0.011766668 0.999088287
1413393895805760512.000000 0.713998318 -0.810571671 0.925721824 0.044228513 -0.026751330 -0.014718016 -0.998554826
1413393895855760384.000000 0.725065351 -0.791532576 0.971558869 -0.056850307 0.028455164 0.018117471 0.997812688
1413393895905760512.000000 0.733350515 -0.773662567 1.011925459 -0.071908101 0.029287439 0.021166814 0.996756554
1413393895955760384.000000 0.743377328 -0.755195796 1.050769210 -0.087535940 0.029180596 0.027251946 0.995360911
1413393896005760512.000000 0.752120078 -0.737569332 1.086222410 -0.105812632 0.026906677 0.030248627 0.993561685
1413393896055760384.000000 0.761028171 -0.720107377 1.120293856 -0.125300273 0.025763407 0.035112791 0.991162598
1413393896105760512.000000 0.769612789 -0.703695357 1.152281523 -0.146549895 0.025427999 0.039075423 0.988104105
1413393896155760384.000000 0.781762898 -0.683348238 1.195619583 -0.166653678 0.026577868 0.045170479 0.984621644
1413393896205760512.000000 0.790919423 -0.668715119 1.224795103 -0.187917590 0.028786553 0.049519692 0.980513215
1413393896255760384.000000 0.799981713 -0.655304492 1.250976205 0.209887907 -0.034969829 -0.053193580 -0.975650907
1413393896305760512.000000 0.811644435 -0.639969468 1.282004118 -0.231165737 0.039839029 0.056836825 0.970435441
1413393896355760384.000000 0.820242047 -0.630182981 1.303778291 -0.252515048 0.044854231 0.061561149 0.964590311
1413393896405760512.000000 0.831564009 -0.619855583 1.326977611 -0.273106843 0.050340418 0.070184693 0.958098531
1413393896455760384.000000 0.840570390 -0.614943027 1.342620373 -0.291195154 0.056361973 0.084883466 0.951222181
1413393896505760512.000000 0.849570453 -0.612171590 1.354769707 0.309065163 -0.057796497 -0.099816650 -0.944020629
1413393896555760384.000000 0.857776999 -0.611519098 1.362958074 0.326523155 -0.056831583 -0.117459826 -0.936138928
1413393896605760512.000000 0.869582176 -0.598331451 1.389906049 -0.343927890 0.053606585 0.133569986 0.927900374
1413393896655760384.000000 0.877175033 -0.598680973 1.393078208 -0.360656023 0.050140604 0.148569286 0.919423938
1413393896705760512.000000 0.885260940 -0.597894847 1.395484328 0.376769602 -0.047629498 -0.164353907 -0.910364747
1413393896755760384.000000 0.892575383 -0.597418129 1.394070387 0.391915619 -0.045398951 -0.180758819 -0.900925875
1413393896805760512.000000 0.899707437 -0.596248448 1.389657378 0.406411350 -0.044146106 -0.196147755 -0.891295135
1413393896855760384.000000 0.909408212 -0.582553446 1.396209478 -0.420384198 0.040667538 0.212204099 0.881244957
1413393896905760512.000000 0.914263427 -0.578947961 1.385448337 -0.433895946 0.034752693 0.228142142 0.870906293
1413393896955760384.000000 0.918230176 -0.571225286 1.373902798 0.447370261 -0.024998812 -0.240928680 -0.860922933
1413393897005760512.000000 0.926259339 -0.549091041 1.373861074 -0.459755301 0.007854951 0.249791056 0.852154851
1413393897055760384.000000 0.926460981 -0.537059903 1.357614279 -0.472119302 -0.014785894 0.251831025 0.844669163
1413393897105760512.000000 0.925845504 -0.520816565 1.340799809 -0.484924108 -0.036017179 0.246036693 0.838461339
1413393897155760384.000000 0.926205218 -0.486122012 1.340594053 -0.497202903 -0.053652138 0.234894440 0.833507895
1413393897205760512.000000 0.925259113 -0.461970329 1.326161742 -0.509613693 -0.065930240 0.217793733 0.829766810
1413393897255760384.000000 0.926464200 -0.429586649 1.319621801 -0.521875679 -0.071587794 0.195231542 0.827288151
1413393897305760512.000000 0.928551316 -0.400277495 1.310711384 -0.532857001 -0.071160868 0.170068055 0.825879216
1413393897355760384.000000 0.932946324 -0.365376592 1.310163975 -0.540964127 -0.066767678 0.150184289 0.824830055
1413393897405760512.000000 0.937463701 -0.334565103 1.309380293 -0.545079052 -0.057891753 0.140867054 0.824435472
1413393897455760384.000000 0.943129539 -0.302133739 1.314453721 0.546231806 0.045928329 -0.140124261 -0.824552417
1413393897505760512.000000 0.949625552 -0.271568477 1.322251797 0.545279205 0.034278225 -0.142787293 -0.825292289
1413393897555760384.000000 0.963129938 -0.220860124 1.347611785 -0.543822646 -0.025520736 0.146185994 0.825975418
1413393897605760512.000000 0.970800877 -0.192420423 1.360661745 -0.541408777 -0.020409141 0.151959270 0.826660991
1413393897655760384.000000 0.979525447 -0.165116012 1.375608087 -0.538863897 -0.017759655 0.156027824 0.827626526
1413393897705760512.000000 0.989090741 -0.136688948 1.394311428 0.536541641 0.017314116 -0.159382924 -0.828504980
1413393897755760384.000000 1.000179172 -0.109860301 1.412624121 0.535310686 0.017715793 -0.160558671 -0.829065502
1413393897805760512.000000 1.012456417 -0.083530247 1.432147980 0.534019589 0.018750302 -0.159675315 -0.830045462
1413393897855760384.000000 1.025688648 -0.057406485 1.452478409 0.534948111 0.019846320 -0.158021465 -0.829738498
1413393897905760512.000000 1.037930489 -0.027405620 1.463145733 -0.537908375 -0.019942326 0.157187909 0.827978849
1413393897955760384.000000 1.053311944 -0.001625657 1.485311270 -0.542906582 -0.022738986 0.154400930 0.825164020
1413393898005760512.000000 1.069571137 0.023630857 1.508558035 -0.550262868 -0.025276542 0.151128069 0.820811987
1413393898055760384.000000 1.038976192 0.090820193 1.585994363 -0.561532199 -0.024319094 0.150851935 0.813224435
1413393898105760512.000000 1.058864594 0.115480304 1.612621665 -0.573247373 -0.020843098 0.144454807 0.806279063
1413393898155760384.000000 1.079660654 0.138859868 1.641178131 0.585918486 0.009937922 -0.139167264 -0.798268974
1413393898205760512.000000 1.102902889 0.161568761 1.672151804 -0.598793983 0.005963270 0.136191130 0.789216220
1413393898255760384.000000 1.126858592 0.178836823 1.704116583 -0.610563159 0.025419647 0.132436767 0.780401826
1413393898305760512.000000 1.152921557 0.194057822 1.738665104 -0.619842112 0.045574594 0.130468741 0.772461474
1413393898355760384.000000 1.178023219 0.203106642 1.773763180 -0.626595914 0.068684913 0.131466687 0.765099049
1413393898405760512.000000 1.205271959 0.212754011 1.809241533 -0.631638348 0.092522964 0.131414026 0.758421361
1413393898455760384.000000 1.230843902 0.211253166 1.844338894 -0.634130180 0.117476508 0.132263675 0.752718151
1413393898505760512.000000 1.260937095 0.221112847 1.883791447 -0.634260178 0.135104194 0.137227893 0.748751879
1413393898555760384.000000 1.279043198 0.207506418 1.918052435 -0.629559636 0.140051216 0.156430557 0.748044074
1413393898605760512.000000 1.287752390 0.180102706 1.948520660 -0.624967277 0.128717259 0.180520773 0.748505235
1413393898655760384.000000 1.298243284 0.155832887 1.979627609 -0.618686199 0.112688072 0.207262367 0.749380529
1413393898705760512.000000 1.350950360 0.094718099 1.962476611 -0.611745179 0.087127358 0.229077727 0.752130389
1413393898755760384.000000 1.353921890 0.063293934 1.988683224 -0.604757547 0.061388910 0.255719334 0.751736283
1413393898805760512.000000 1.354151011 0.044749260 2.015708923 -0.597405255 0.031973235 0.281622380 0.750182390
1413393898855760384.000000 1.354504228 0.014318943 2.034858704 -0.590567708 0.002777622 0.304814219 0.747201741
1413393898905760512.000000 1.313958168 0.031936407 2.104671478 -0.585713804 -0.017783845 0.327432215 0.741222858
1413393898955760384.000000 1.317589045 0.012738466 2.115829706 -0.582097650 -0.041350845 0.340334624 0.737309158
1413393899005760512.000000 1.323188782 0.004109859 2.124041080 -0.580423176 -0.063827552 0.347221345 0.733806729
1413393899055760384.000000 1.331503868 0.001593351 2.128391981 -0.583844364 -0.081582792 0.342392236 0.731599391
1413393899105760512.000000 1.343971968 0.009009123 2.129950523 -0.591783047 -0.090950213 0.325359195 0.731889546
1413393899155760384.000000 1.362054467 0.032860041 2.132306337 -0.604712903 -0.083620012 0.297250897 0.734147191
1413393899205760512.000000 1.383497000 0.058198929 2.132284403 -0.620029449 -0.062064745 0.262531877 0.736741841
1413393899255760384.000000 1.407274127 0.086927891 2.133254290 -0.633823514 -0.031106548 0.226465598 0.738927305
1413393899305760512.000000 1.432094574 0.118508101 2.133452654 -0.645424545 0.007122867 0.191412911 0.739417136
1413393899355760384.000000 1.457404256 0.146116257 2.137257814 -0.653159976 0.044199049 0.161167905 0.738548279
1413393899405760512.000000 1.482777119 0.171173096 2.141778469 -0.657064319 0.077436790 0.137603804 0.737112820
1413393899455760384.000000 1.507449389 0.189455867 2.146902800 -0.658648610 0.105871864 0.119780056 0.735272706
1413393899505760512.000000 1.533738613 0.203374624 2.151565552 -0.656729579 0.136620462 0.106203578 0.734004080
1413393899555760384.000000 1.557325006 0.205413699 2.156237841 0.653316975 -0.162934989 -0.097060084 -0.732945144
1413393899605760512.000000 1.577513933 0.197150469 2.161426067 -0.648614228 0.183054850 0.095157020 0.732622504
1413393899655760384.000000 1.594541788 0.180168271 2.164233208 -0.641457200 0.193104863 0.103665978 0.735184729
1413393899705760512.000000 1.607574821 0.153436542 2.165865183 0.633017004 -0.190609589 -0.120900169 -0.740500331
1413393899755760384.000000 1.613873601 0.117077470 2.167172432 -0.623225749 0.174696639 0.149945989 0.747386873
1413393899805760512.000000 1.619489193 0.074278355 2.163407564 -0.612990558 0.153016374 0.181382030 0.753610790
1413393899855760384.000000 1.623963594 0.014127016 2.150096178 -0.600762784 0.126256362 0.218077078 0.758673728
1413393899905760512.000000 1.621974468 -0.038071871 2.139800310 -0.587783813 0.094759054 0.255810082 0.761637807
1413393899955760384.000000 1.615079522 -0.087534666 2.127963781 -0.574471712 0.059487950 0.293583393 0.761743009
1413393900005760512.000000 1.608585119 -0.139725924 2.110333681 -0.563973427 0.028151331 0.324382156 0.758892417
1413393900055760384.000000 1.596777916 -0.183337927 2.088356018 -0.557533622 0.002460290 0.346247882 0.754495025
1413393900105760512.000000 1.587718368 -0.225346327 2.062072277 -0.554919243 -0.018939491 0.360066205 0.749705553
1413393900155760384.000000 1.576938033 -0.266782761 2.040611029 -0.556553602 -0.038149163 0.364386976 0.745664120
1413393900205760512.000000 1.564669490 -0.293546438 2.008002758 -0.559957743 -0.056430422 0.363715768 0.742276132
1413393900255760384.000000 1.551397324 -0.311548471 1.973510981 0.566262960 0.073316187 -0.354473650 -0.740486026
1413393900305760512.000000 1.536401033 -0.321596146 1.937542200 -0.575242639 -0.086951740 0.337951988 0.739813387
1413393900355760384.000000 1.522299647 -0.321796894 1.902423382 -0.585706651 -0.093863562 0.316672266 0.740173042
1413393900405760512.000000 1.508788228 -0.313862562 1.868658423 -0.598161757 -0.089715332 0.290629536 0.741409600
1413393900455760384.000000 1.494469643 -0.300245285 1.835787535 -0.610565960 -0.079043247 0.263805419 0.742541671
1413393900505760512.000000 1.480141878 -0.282964706 1.806772947 -0.622018099 -0.060898416 0.237083316 0.743758261
1413393900555760384.000000 1.464964747 -0.262734771 1.780920863 -0.632727087 -0.038004410 0.209962010 0.744397759
1413393900605760512.000000 1.444599748 -0.249102712 1.755176187 -0.642695129 -0.007779480 0.182143524 0.744114399
1413393900655760384.000000 1.425822854 -0.229924917 1.735450268 -0.650051415 0.022517396 0.156973541 0.743159175
1413393900705760512.000000 1.405382037 -0.214653254 1.716671705 -0.655120909 0.053069159 0.135823444 0.741317987
1413393900755760384.000000 1.381813407 -0.204029799 1.701636910 -0.657358527 0.078355588 0.121508718 0.739578187
1413393900805760512.000000 1.357527256 -0.199142933 1.687352180 -0.657086968 0.098549470 0.115488432 0.738367975
1413393900855760384.000000 1.332853317 -0.201220870 1.674314022 -0.654342711 0.111826129 0.119331345 0.738302588
1413393900905760512.000000 1.307619333 -0.210471392 1.661453009 -0.649857759 0.115129501 0.131712720 0.739649892
1413393900955760384.000000 1.281799555 -0.230277896 1.648893356 -0.642742515 0.110027872 0.153492242 0.742439330
1413393901005760512.000000 1.256428003 -0.253282666 1.634366632 -0.634847999 0.100236386 0.179010600 0.744899929
1413393901055760384.000000 1.225470424 -0.280352354 1.619841099 -0.626172364 0.087300546 0.206191242 0.746841371
1413393901105760512.000000 1.200863361 -0.311798692 1.600814104 -0.619561195 0.063464135 0.228227526 0.748350501
1413393901155760384.000000 1.175589323 -0.345694661 1.580327749 -0.613166928 0.033829354 0.249394640 0.748788536
1413393901205760512.000000 1.206028223 -0.411306620 1.502814293 -0.607976377 -0.002199969 0.257876962 0.750905752
1413393901255760384.000000 1.184794068 -0.441517949 1.477494001 -0.605080724 -0.029788120 0.266513646 0.749640226
1413393901305760512.000000 1.164447665 -0.465675592 1.450424671 -0.602952182 -0.052693725 0.272721827 0.747860193
1413393901355760384.000000 1.147110820 -0.487166047 1.424189329 -0.601763070 -0.069076233 0.276329160 0.746158123
1413393901405760512.000000 1.072175980 -0.465679049 1.457640767 -0.601179898 -0.077404201 0.284151375 0.742865741
1413393901455760384.000000 1.057652593 -0.476300240 1.433484554 -0.600256264 -0.087848276 0.287786365 0.741049409
1413393901505760512.000000 1.044700861 -0.480275273 1.411252260 0.600327492 0.096825406 -0.287909448 -0.739824235
1413393901555760384.000000 1.033411741 -0.476345658 1.389851332 -0.600762486 -0.104416654 0.286310196 0.739059031
1413393901605760512.000000 1.024985194 -0.466074586 1.370639086 -0.602932215 -0.108909428 0.280459762 0.738886952
1413393901655760384.000000 1.020803213 -0.448606968 1.352941155 0.608217299 0.107786976 -0.266038448 -0.740052223
1413393901705760512.000000 1.019553304 -0.424318194 1.337585926 -0.615620196 -0.098316342 0.245463610 0.742356598
1413393901755760384.000000 1.021398067 -0.395147562 1.325670719 -0.623196304 -0.084510244 0.225018755 0.744211614
1413393901805760512.000000 1.022548199 -0.362091541 1.314352274 -0.629547656 -0.064516380 0.207605630 0.745927155
1413393901855760384.000000 1.025907755 -0.327897906 1.309324980 -0.633709431 -0.046651755 0.197572872 0.746458948
1413393901905760512.000000 1.092480540 -0.327743173 1.251378298 -0.633925617 -0.038038660 0.191318199 0.748390734
1413393901955760384.000000 1.095767856 -0.292050958 1.252700686 -0.634365559 -0.030978587 0.192732260 0.747980535
1413393902005760512.000000 1.100369573 -0.256657481 1.256152749 0.634396255 0.027284484 -0.194981471 -0.747515380
1413393902055760384.000000 1.106005788 -0.220705867 1.261641741 0.634080470 0.025565198 -0.197768852 -0.747111738
1413393902105760512.000000 1.112870574 -0.184491515 1.268672466 0.634256899 0.025762612 -0.199265361 -0.746557295
1413393902155760384.000000 1.121091962 -0.148013234 1.277329803 0.634893060 0.025131663 -0.198134094 -0.746339202
1413393902205760512.000000 1.129845142 -0.111598969 1.287747145 0.635192275 0.026154647 -0.197928309 -0.746104002
1413393902255760384.000000 1.072081327 -0.041437387 1.347945094 -0.636793852 -0.021531139 0.201601431 0.743899763
1413393902305760512.000000 1.082509398 -0.004570842 1.361505985 -0.637120783 -0.021968929 0.201387405 0.743665099
1413393902355760384.000000 1.092579722 0.032716036 1.377032280 -0.637606859 -0.022445654 0.200539902 0.743463218
1413393902405760512.000000 1.100429296 0.068788052 1.393361926 -0.638400197 -0.020979106 0.198766723 0.743301332
1413393902455760384.000000 1.108630657 0.106080770 1.413448572 -0.639347911 -0.019101497 0.196061641 0.743255854
1413393902505760512.000000 1.116154909 0.142215133 1.435583353 0.640471280 0.015850646 -0.193016604 -0.743162096
1413393902555760384.000000 1.124545455 0.178077579 1.459726691 0.640879989 0.014884982 -0.192394599 -0.742991090
1413393902605760512.000000 1.130405664 0.213307738 1.482318521 -0.640678585 -0.014283719 0.192995250 0.743020773
1413393902655760384.000000 1.144413233 0.248272061 1.508804560 -0.640707910 -0.015344914 0.194213971 0.742656708
1413393902705760512.000000 1.162903309 0.283443093 1.536035061 -0.640776157 -0.015976410 0.195032731 0.742369890
1413393902755760384.000000 1.182150602 0.317753434 1.561546326 -0.639993906 -0.016137378 0.197257772 0.742453218
1413393902805760512.000000 1.206836939 0.351505995 1.590388417 -0.637805045 -0.014350802 0.205242649 0.742209077
1413393902855760384.000000 1.233872414 0.385295391 1.620096207 -0.634354234 -0.011048869 0.216119319 0.742135584
1413393902905760512.000000 1.259325624 0.419423938 1.647931933 -0.629001796 -0.008518288 0.232165292 0.741878331
1413393902955760384.000000 1.287364960 0.454314590 1.678475618 -0.624112785 -0.007424191 0.247176185 0.741169453
1413393903005760512.000000 1.315535665 0.490634322 1.708336592 -0.619752526 -0.005412402 0.260285378 0.740357459
1413393903055760384.000000 1.340120912 0.530220747 1.735863209 -0.616791010 -0.002278350 0.269376546 0.739594460
1413393903105760512.000000 1.368969560 0.571043968 1.762531042 -0.617242038 -0.001156404 0.269819260 0.739059210
1413393903155760384.000000 1.398216963 0.613847256 1.787517309 -0.619896889 0.002205546 0.263926864 0.738962531
1413393903205760512.000000 1.425384760 0.656742215 1.809258580 -0.623342812 0.003891555 0.256124049 0.738802493
1413393903255760384.000000 1.452714205 0.702732921 1.831742406 -0.627834797 0.005704161 0.248499438 0.737589955
1413393903305760512.000000 1.478776097 0.749577403 1.853267074 -0.633426607 0.007038284 0.241985053 0.734958887
1413393903355760384.000000 1.501707911 0.794758439 1.873133540 -0.640085161 0.006470811 0.238435805 0.730340719
1413393903405760512.000000 1.522216797 0.842369080 1.894024134 -0.648691177 0.007880648 0.237496063 0.723002970
1413393903455760384.000000 1.537763000 0.889763355 1.915712357 -0.658032417 0.010525559 0.239839524 0.713694394
1413393903505760512.000000 1.551009774 0.938376546 1.940863371 -0.667903721 0.015252529 0.244351134 0.702826142
1413393903555760384.000000 1.555646896 0.984672904 1.964861870 -0.678363144 0.021128329 0.248807028 0.690993667
1413393903605760512.000000 1.558607697 1.030646086 1.988778591 -0.688958347 0.031671222 0.251299679 0.679103732
1413393903655760384.000000 1.561454535 1.073791265 2.011699200 0.699452937 -0.042906307 -0.252779901 -0.667103410
1413393903705760512.000000 1.563180208 1.116937041 2.033612251 0.708643913 -0.052263763 -0.255856395 -0.655461609
1413393903755760384.000000 1.565004110 1.158923984 2.053616524 0.717249215 -0.060195234 -0.258623064 -0.644239306
1413393903805760512.000000 1.569140911 1.200753331 2.072394848 0.723351479 -0.065250680 -0.264346153 -0.634528279
1413393903855760384.000000 1.570608735 1.239264011 2.088563681 0.727152169 -0.070223600 -0.272651374 -0.626082778
1413393903905760512.000000 1.572249293 1.276026011 2.102259398 0.729559243 -0.074816525 -0.281171322 -0.618941426
1413393903955760384.000000 1.582125306 1.306341648 2.114426136 0.731855452 -0.079501964 -0.288833410 -0.612080276
1413393904005760512.000000 1.584556699 1.338824511 2.121342659 0.733949721 -0.082440972 -0.293254584 -0.607061088
1413393904055760384.000000 1.585312247 1.369540930 2.125455856 0.735495448 -0.082114786 -0.296801776 -0.603500068
1413393904105760512.000000 1.588022232 1.402216196 2.128503561 0.738394380 -0.080292374 -0.296146035 -0.600520134
1413393904155760384.000000 1.582923770 1.429397345 2.128461123 0.740565956 -0.074109644 -0.295418084 -0.598997533
1413393904205760512.000000 1.577727795 1.456633329 2.127138615 0.742540598 -0.067016825 -0.294489115 -0.597844779
1413393904255760384.000000 1.569239259 1.480508327 2.123086214 0.744022846 -0.059912197 -0.293493360 -0.597245574
1413393904305760512.000000 1.563539743 1.502982855 2.115123987 0.745878637 -0.055073775 -0.290519416 -0.596850395
1413393904355760384.000000 1.564805269 1.527829170 2.104021549 0.747117519 -0.052878655 -0.288355589 -0.596548796
1413393904405760512.000000 1.565313458 1.547613621 2.088555336 0.748448372 -0.051446531 -0.287426502 -0.595453143
1413393904455760384.000000 1.569732428 1.567585945 2.068822384 0.750673056 -0.050445870 -0.287127316 -0.592876911
1413393904505760512.000000 1.578661203 1.589755774 2.045761108 0.753926933 -0.049614538 -0.286698043 -0.589013398
1413393904555760384.000000 1.588453054 1.608353615 2.018407106 0.759019494 -0.045760173 -0.284761071 -0.583700657
1413393904605760512.000000 1.596731424 1.625545263 1.989769697 0.764747739 -0.032398138 -0.284985602 -0.576970041
1413393904655760384.000000 1.603920221 1.644343138 1.961571932 0.770518899 -0.012919227 -0.287594080 -0.568703234
1413393904705760512.000000 1.607378840 1.660748959 1.933049083 0.775392711 0.004280269 -0.293662667 -0.559026003
1413393904755760384.000000 1.608441949 1.677903652 1.905446053 0.780598104 0.020388983 -0.300160974 -0.547863424
1413393904805760512.000000 1.607931495 1.696767569 1.878390551 0.785950482 0.032019336 -0.306011170 -0.536296487
1413393904855760384.000000 1.606300712 1.717625141 1.851972222 0.792353928 0.040512819 -0.309535384 -0.524139166
1413393904905760512.000000 1.603607535 1.741159678 1.826492548 0.799962640 0.043815978 -0.310040295 -0.511874080
1413393904955760384.000000 1.600248456 1.767569304 1.801533103 0.810039103 0.042500366 -0.304567605 -0.499268591
1413393905005760512.000000 1.595201492 1.799457550 1.777855992 0.821324944 0.036557127 -0.296572268 -0.485936135
1413393905055760384.000000 1.588560700 1.831458330 1.755370140 0.832088292 0.030800829 -0.288796216 -0.472522199
1413393905105760512.000000 1.578315735 1.864403486 1.735786557 0.841773510 0.025606466 -0.283304483 -0.458803236
1413393905155760384.000000 1.566675305 1.898194790 1.718759537 0.850648403 0.020006800 -0.280021936 -0.444505185
1413393905205760512.000000 1.550466776 1.932442427 1.704720140 0.858082175 0.012963886 -0.279832333 -0.430372924
1413393905255760384.000000 1.532529950 1.967126369 1.692973018 0.864930868 0.006162785 -0.280828893 -0.415922791
1413393905305760512.000000 1.517277956 2.001832724 1.683118463 0.871065080 -0.001106243 -0.283350468 -0.401194513
1413393905355760384.000000 1.499689221 2.036411762 1.674897313 0.876522660 -0.007276866 -0.286664099 -0.386624843
1413393905405760512.000000 1.483475804 2.070803404 1.667843699 0.881482363 -0.011363994 -0.290118426 -0.372412503
1413393905455760384.000000 1.471183777 2.104488373 1.660511255 0.886500120 -0.015397177 -0.293094695 -0.357737511
1413393905505760512.000000 1.457434058 2.137576818 1.654634356 0.891019285 -0.018289603 -0.296922237 -0.342910200
1413393905555760384.000000 1.445135355 2.169432878 1.650008917 0.894530296 -0.024068899 -0.302841663 -0.327907503
1413393905605760512.000000 1.436956763 2.201459646 1.644189000 0.897166729 -0.031068478 -0.310714692 -0.312382966
1413393905655760384.000000 1.425612092 2.230931520 1.639729142 0.900036395 -0.038142338 -0.316948920 -0.296686858
1413393905705760512.000000 1.415944338 2.258503199 1.634658456 0.903026760 -0.045814142 -0.321671754 -0.281018078
1413393905755760384.000000 1.407036304 2.284109354 1.628864765 0.906308889 -0.054170605 -0.324767619 -0.264945060
1413393905805760512.000000 1.398664474 2.311026812 1.619101763 0.908423185 -0.062775619 -0.329437524 -0.249594793
1413393905855760384.000000 1.390505791 2.332239628 1.611657381 0.908557117 -0.071361966 -0.338033050 -0.234872550
1413393905905760512.000000 1.382629633 2.350792408 1.602337122 0.907638431 -0.077357464 -0.348610789 -0.220633000
1413393905955760384.000000 1.375774980 2.366230249 1.591295362 0.906153679 -0.080204256 -0.360080719 -0.206868783
1413393906005760512.000000 1.369435906 2.378694534 1.576524377 0.905932844 -0.080725856 -0.368029505 -0.193192497
1413393906055760384.000000 1.364197612 2.388015747 1.557385802 0.907336414 -0.071982950 -0.372851968 -0.180390000
1413393906105760512.000000 1.354449153 2.398047209 1.529779077 0.910831988 -0.057787403 -0.372596979 -0.167979985
1413393906155760384.000000 1.349010229 2.402742147 1.505081773 0.915651679 -0.044001922 -0.367626309 -0.156514421
1413393906205760512.000000 1.341653943 2.406298161 1.479193926 0.921604156 -0.029427690 -0.358602554 -0.145547301
1413393906255760384.000000 1.331997156 2.409550667 1.452407837 0.927924573 -0.017492684 -0.346861899 -0.135413602
1413393906305760512.000000 1.320074916 2.413207769 1.425384402 0.933411956 -0.007861900 -0.335863948 -0.125999168
1413393906355760384.000000 1.304977894 2.417480230 1.399048924 0.937469602 -0.000701021 -0.327737868 -0.117210366
1413393906405760512.000000 1.278828144 2.426196337 1.368779182 0.940166533 0.002993214 -0.322759360 -0.109107472
1413393906455760384.000000 1.258834839 2.431810379 1.346843481 0.942744136 0.004956280 -0.317684025 -0.101419091
1413393906505760512.000000 1.235695839 2.438150644 1.327384233 0.944453418 0.004542984 -0.315080762 -0.093334004
1413393906555760384.000000 1.209578991 2.446290493 1.307918072 0.945955992 0.001181786 -0.312761664 -0.085709848
1413393906605760512.000000 1.181162000 2.454414606 1.291870594 0.946877360 -0.005699272 -0.311973006 -0.077869944
1413393906655760384.000000 1.151201487 2.462590218 1.277982473 0.947675645 -0.015204555 -0.311190069 -0.069573700
1413393906705760512.000000 1.120771527 2.470939159 1.265518546 0.947525561 -0.028977372 -0.312118649 -0.062751032
1413393906755760384.000000 1.091504455 2.478615999 1.254086494 0.947251797 -0.042960528 -0.312384367 -0.057310551
1413393906805760512.000000 1.063779831 2.484972954 1.243355513 0.947666466 -0.054829691 -0.310073525 -0.052691840
1413393906855760384.000000 1.037509084 2.488955736 1.233551502 0.948347032 -0.060331944 -0.307615668 -0.048688661
1413393906905760512.000000 1.006597757 2.489738464 1.217268109 0.949609518 -0.062701292 -0.303644150 -0.045941792
1413393906955760384.000000 0.982503414 2.489297152 1.209388018 0.950893700 -0.062842287 -0.299919158 -0.043595161
1413393907005760512.000000 0.959278226 2.486764431 1.202290893 0.951779842 -0.060885966 -0.297701240 -0.042214449
1413393907055760384.000000 0.935364068 2.481317282 1.198523641 0.952333629 -0.050069317 -0.298053473 -0.041448157
1413393907105760512.000000 0.913084507 2.474663258 1.195646286 0.952488661 -0.038486347 -0.299354285 -0.040880028
1413393907155760384.000000 0.891647637 2.466757059 1.194320440 0.952033103 -0.028020548 -0.302004516 -0.040511001
1413393907205760512.000000 0.871427655 2.457991600 1.194021583 0.951739192 -0.015516642 -0.303909272 -0.039888036
1413393907255760384.000000 0.852701306 2.449234962 1.194505572 0.951322377 0.001083853 -0.305648148 -0.039544072
1413393907305760512.000000 0.832441330 2.437249422 1.189753890 0.950352848 0.020831879 -0.308014274 -0.039023284
1413393907355760384.000000 0.816408873 2.431133747 1.191857815 0.949681461 0.039447982 -0.308325589 -0.038528372
1413393907405760512.000000 0.801508546 2.427756071 1.195148468 0.948323190 0.049106754 -0.311251342 -0.037340235
1413393907455760384.000000 0.787281692 2.428066492 1.198142529 0.947390854 0.045007933 -0.314751118 -0.036832973
1413393907505760512.000000 0.778502107 2.431827784 1.201771855 0.947008669 0.035866767 -0.317093611 -0.036603753
1413393907555760384.000000 0.774557233 2.438477755 1.203484535 0.947139263 0.018333482 -0.318250060 -0.036166538
1413393907605760512.000000 0.775183320 2.446682215 1.203823566 0.947606742 0.005703237 -0.317318112 -0.036307249
1413393907655760384.000000 0.775766075 2.455312490 1.204351783 0.947144151 -0.004385630 -0.318741471 -0.036092028
1413393907705760512.000000 0.774851739 2.463828802 1.205900908 0.945988119 -0.011608251 -0.321997583 -0.035908237
1413393907755760384.000000 0.771086812 2.472240925 1.208102465 0.945146024 -0.016131975 -0.324270964 -0.035876963
1413393907805760512.000000 0.760590315 2.474871397 1.216079235 0.945401430 -0.019209586 -0.323339283 -0.036040787
1413393907855760384.000000 0.747497559 2.482084513 1.222476602 0.946042299 -0.021727823 -0.321355283 -0.035535067
1413393907905760512.000000 0.729391217 2.488908529 1.231074333 0.947234690 -0.024144150 -0.317654788 -0.035482004
1413393907955760384.000000 0.708643794 2.497070074 1.240846992 0.948519289 -0.021542493 -0.314037055 -0.035041127
1413393908005760512.000000 0.684224129 2.503012896 1.253196836 0.949494421 -0.017959047 -0.311396539 -0.034207005
1413393908055760384.000000 0.661059678 2.508555412 1.265957117 0.950165927 -0.012942835 -0.309647143 -0.033704042
1413393908105760512.000000 0.616814911 2.534399986 1.267309070 0.949485600 -0.009467442 -0.311982125 -0.032477532
1413393908155760384.000000 0.597598851 2.539694309 1.282677054 0.947788656 -0.007084595 -0.317231953 -0.031787008
1413393908205760512.000000 0.582508683 2.545111418 1.298051357 0.946623683 -0.004045366 -0.320805192 -0.031165054
1413393908255760384.000000 0.570503354 2.550885916 1.314065337 0.946249068 -0.003403066 -0.321963727 -0.030668523
1413393908305760512.000000 0.562270939 2.556999445 1.329801917 0.947630167 -0.002758460 -0.317904800 -0.030432936
1413393908355760384.000000 0.556318045 2.563469887 1.345315695 0.950447142 -0.004213674 -0.309402406 -0.030045580
1413393908405760512.000000 0.550363302 2.570333242 1.362254977 0.951459169 -0.004964212 -0.306307435 -0.029606940
1413393908455760384.000000 0.551251769 2.581473351 1.372750044 0.951176941 -0.006541526 -0.307234645 -0.028749935
1413393908505760512.000000 0.546164632 2.588689566 1.390947819 0.950213730 -0.007690796 -0.310245931 -0.027968723
1413393908555760384.000000 0.542008996 2.596240997 1.409549713 0.948886991 -0.007548385 -0.314355046 -0.027157556
1413393908605760512.000000 0.536306381 2.604309082 1.431071043 0.947463751 -0.010931918 -0.318597913 -0.026238060
1413393908655760384.000000 0.532657266 2.613943338 1.450652480 0.945621133 -0.016446440 -0.323885351 -0.025070759
1413393908705760512.000000 0.529111445 2.621402502 1.471788764 0.944092870 -0.034865886 -0.326946348 -0.024065454
1413393908755760384.000000 0.527067780 2.627657652 1.492244720 0.943268657 -0.054509047 -0.326707721 -0.023132904
1413393908805760512.000000 0.528754950 2.632916689 1.513075590 0.943694532 -0.070318855 -0.322521418 -0.021815700
1413393908855760384.000000 0.534931064 2.632966757 1.529774070 -0.946167111 0.077126630 0.313675821 0.020661728
1413393908905760512.000000 0.545956731 2.628999949 1.545814157 0.949252069 -0.070117570 -0.305974662 -0.019585224
1413393908955760384.000000 0.559510887 2.621685266 1.559614182 0.950666785 -0.053470638 -0.304989994 -0.018833881
1413393909005760512.000000 0.575078785 2.611001730 1.570950270 0.950498819 -0.037860710 -0.307880938 -0.018108269
1413393909055760384.000000 0.593339920 2.600371838 1.585787058 0.949770927 -0.022334408 -0.311685592 -0.016986689
1413393909105760512.000000 0.613034964 2.589267492 1.601461172 0.948653340 -0.010876698 -0.315743625 -0.015637940
1413393909155760384.000000 0.633319795 2.579215527 1.618221879 0.947773159 -0.002574965 -0.318623126 -0.014098557
1413393909205760512.000000 0.653430760 2.569851637 1.635916591 0.947271764 0.002626547 -0.320186168 -0.012250585
1413393909255760384.000000 0.671763420 2.565199137 1.666671872 0.947716773 0.005376695 -0.318907827 -0.010092820
1413393909305760512.000000 0.688256145 2.557878017 1.687336326 0.948049009 0.008497574 -0.317903847 -0.008247321
1413393909355760384.000000 0.702420831 2.551929951 1.709351659 0.948159277 0.010894441 -0.317543834 -0.006421771
1413393909405760512.000000 0.714612365 2.545258045 1.731574535 0.948015094 0.012021698 -0.317966014 -0.004536764
1413393909455760384.000000 0.723768950 2.541068554 1.756321549 0.947695792 0.012043743 -0.318934023 -0.002960067
1413393909505760512.000000 0.730891407 2.538224220 1.782682657 0.947474062 0.011348199 -0.319626898 -0.001660929
1413393909555760384.000000 0.735126495 2.536610842 1.811005950 0.946366906 0.010904209 -0.322909504 -0.000416154
1413393909605760512.000000 0.737066209 2.533910513 1.843184829 0.944181681 0.010619021 -0.329251826 0.001189918
1413393909655760384.000000 0.735444129 2.534440041 1.874345303 0.940716445 0.010704229 -0.339011282 0.003073597
1413393909705760512.000000 0.731905997 2.535784960 1.905699730 0.936798155 0.010867547 -0.349658608 0.005473748
1413393909755760384.000000 0.726982296 2.537403345 1.937237740 0.932486415 0.011167699 -0.360941023 0.008128042
1413393909805760512.000000 0.719619751 2.541486979 1.967679262 0.929085732 0.010586658 -0.369548351 0.011035289
1413393909855760384.000000 0.709853232 2.546441793 1.996676207 0.925920129 0.010840800 -0.377306819 0.013930477
1413393909905760512.000000 0.696690321 2.549618959 2.020162344 0.922687173 0.010679708 -0.385035545 0.016793456
1413393909955760384.000000 0.682159543 2.556763411 2.046098948 0.920353770 0.010794132 -0.390440941 0.019705856
1413393910005760512.000000 0.665758729 2.565083027 2.069951773 0.918149471 0.010993198 -0.395439088 0.022553228
1413393910055760384.000000 0.649249911 2.575038910 2.092045546 0.915891588 0.010775810 -0.400503844 0.024963599
1413393910105760512.000000 0.631784439 2.583492279 2.100230694 0.914109468 0.008504829 -0.404441059 0.027549330
1413393910155760384.000000 0.618766189 2.595781088 2.111338139 0.912135422 0.005521737 -0.408727884 0.030332431
1413393910205760512.000000 0.608328462 2.608784914 2.115953684 0.910999358 0.003805641 -0.411103189 0.032557819
1413393910255760384.000000 0.599662662 2.622743845 2.113597393 0.909441173 0.002970934 -0.414402068 0.034335934
1413393910305760512.000000 0.593343019 2.637008667 2.105798960 -0.908104599 -0.001229153 0.417154700 -0.036421802
1413393910355760384.000000 0.588218570 2.651564598 2.091252089 -0.905027211 0.003545571 0.423599839 -0.038423702
1413393910405760512.000000 0.579778552 2.663208723 2.060531855 0.901487172 -0.012175551 -0.430786222 0.039949037
1413393910455760384.000000 0.577131867 2.677559137 2.033364773 0.899228036 -0.022731338 -0.434947103 0.041149791
1413393910505760512.000000 0.572981000 2.690988541 2.000561237 0.897094309 -0.030721519 -0.438847631 0.041120049
1413393910555760384.000000 0.566131711 2.703462601 1.963293552 -0.895996332 0.036633626 0.440725744 -0.040117405
1413393910605760512.000000 0.555978537 2.713975430 1.921697974 -0.897142529 0.039390933 0.438330948 -0.038074661
1413393910655760384.000000 0.537647367 2.722252369 1.871522665 0.900029957 -0.040184740 -0.432554543 0.035041541
1413393910705760512.000000 0.519524455 2.729524851 1.822725415 0.903488696 -0.043600567 -0.425181568 0.032060411
1413393910755760384.000000 0.497699976 2.735198975 1.770795345 0.907704234 -0.045224365 -0.416193187 0.028480239
1413393910805760512.000000 0.470743060 2.739537954 1.714722276 0.911505938 -0.044070158 -0.408212900 0.024023151
1413393910855760384.000000 0.441285968 2.742444277 1.657869339 0.915040016 -0.041715287 -0.400756508 0.018865475
1413393910905760512.000000 0.409211755 2.743952036 1.598936319 0.919042647 -0.038642861 -0.392033160 0.013320134
1413393910955760384.000000 0.372696996 2.745656490 1.534356236 0.924492478 -0.034235802 -0.379589468 0.007311190
1413393911005760512.000000 0.335768282 2.745359659 1.472287059 0.929387212 -0.031127788 -0.367790312 0.000913365
1413393911055760384.000000 0.296412766 2.744607449 1.410050750 0.933401227 -0.028467361 -0.357652456 -0.006046783
1413393911105760512.000000 0.256310225 2.743268251 1.347335696 0.936475277 -0.027630217 -0.349410504 -0.012769151
1413393911155760384.000000 0.216018200 2.742062807 1.284856796 0.938256919 -0.026899332 -0.344364733 -0.019061834
1413393911205760512.000000 0.175626278 2.739568710 1.222293854 0.939951062 -0.024795292 -0.339525670 -0.024484431
1413393911255760384.000000 0.134827793 2.736340046 1.160234213 0.940912068 -0.023028225 -0.336646020 -0.028700827
1413393911305760512.000000 0.094525933 2.732859135 1.098895669 0.942073941 -0.021935103 -0.333156109 -0.031979255
1413393911355760384.000000 0.054774344 2.730709314 1.026785851 0.945053041 -0.018734505 -0.324596792 -0.034069754
1413393911405760512.000000 0.017092466 2.726615191 0.966012597 0.948421001 -0.014973803 -0.314731479 -0.034892924
1413393911455760384.000000 -0.018746585 2.722536325 0.906663835 0.951862335 -0.011465574 -0.304271877 -0.035287935
1413393911505760512.000000 -0.053100377 2.718485117 0.849815071 0.954188287 -0.007969441 -0.297061622 -0.034866303
1413393911555760384.000000 -0.081422001 2.716450691 0.788992286 0.955381572 -0.004173748 -0.293435097 -0.033535238
1413393911605760512.000000 -0.107868075 2.713493824 0.736711979 0.956748664 -0.002309343 -0.289135575 -0.032050852
1413393911655760384.000000 -0.128013164 2.711528540 0.685014248 0.958677828 -0.001066680 -0.282830715 -0.030702144
1413393911705760512.000000 -0.144665956 2.710333586 0.635783553 0.959500730 0.001213587 -0.280262351 -0.028458675
1413393911755760384.000000 -0.159360096 2.711566210 0.573257506 0.957571864 0.001404346 -0.287050217 -0.025619667
1413393911805760512.000000 -0.167294636 2.712676764 0.530879438 0.954630077 0.002405142 -0.296840549 -0.023693185
1413393911855760384.000000 -0.170729622 2.714920521 0.490495801 0.950727999 0.002217034 -0.309271365 -0.021511318
1413393911905760512.000000 -0.171934560 2.718400478 0.445516706 0.945864737 -0.006506008 -0.323939919 -0.018986398
1413393911955760384.000000 -0.168480575 2.722737551 0.407193452 0.939909160 -0.019988209 -0.340423048 -0.016836887
1413393912005760512.000000 -0.161713183 2.727212429 0.366467744 0.932352424 -0.032402501 -0.359804362 -0.014489700
1413393912055760384.000000 -0.151373833 2.731096745 0.318792880 0.924207091 -0.042442698 -0.379335195 -0.012031943
1413393912105760512.000000 -0.143614978 2.733608723 0.257678211 0.917908728 -0.048984770 -0.393635839 -0.009744542
1413393912155760384.000000 -0.129834086 2.734370947 0.205372587 0.912315488 -0.053578053 -0.405907035 -0.007026164
1413393912205760512.000000 -0.116651177 2.733222485 0.149233356 -0.908017159 0.056071993 0.415137827 0.004624678
1413393912255760384.000000 -0.104670227 2.729105234 0.087307245 -0.905255616 0.056539252 0.421081811 0.002419807
1413393912305760512.000000 -0.099482387 2.725272894 0.017675623 0.903798938 -0.057075359 -0.424134314 -0.000125799
1413393912355760384.000000 -0.089238197 2.717836618 -0.053038910 0.904548228 -0.056730792 -0.422576249 0.001891408
1413393912405760512.000000 -0.079287231 2.708114624 -0.129094124 0.908204377 -0.056355949 -0.414699674 0.003598904
1413393912455760384.000000 -0.070926502 2.696945190 -0.211612254 -0.914230049 0.055058524 0.401402116 -0.005328559
1413393912505760512.000000 -0.065524809 2.685631752 -0.293968260 0.921179771 -0.052804209 -0.385490894 0.006023707
1413393912555760384.000000 -0.060473293 2.670977116 -0.379448771 0.926747143 -0.052139614 -0.371996582 0.006313032
1413393912605760512.000000 -0.058957495 2.655057430 -0.465144157 0.930985034 -0.050546531 -0.361490905 0.006034796
1413393912655760384.000000 -0.060007103 2.638551235 -0.548649132 -0.934908509 0.047316056 0.351684839 -0.005016005
1413393912705760512.000000 -0.072672538 2.621912479 -0.632953405 0.938542485 -0.043333225 -0.342408746 0.004071666
1413393912755760384.000000 -0.079946846 2.603227854 -0.715433776 -0.941858888 0.039091513 0.333713889 -0.002958129
1413393912805760512.000000 -0.090159014 2.583492041 -0.796986520 -0.944545627 0.034212954 0.326575994 -0.003357817
1413393912855760384.000000 -0.107749611 2.563799620 -0.874919951 0.946650028 -0.029540937 -0.320852757 0.005883043
1413393912905760512.000000 -0.123013049 2.542320251 -0.952483356 0.947863281 -0.025883151 -0.317449152 0.010549940
1413393912955760384.000000 -0.140995592 2.520242929 -1.027437925 -0.948201537 0.024346184 0.316263855 -0.017270030
1413393913005760512.000000 -0.162329674 2.498138666 -1.101137638 -0.948265076 0.027548861 0.315175921 -0.026433693
1413393913055760384.000000 -0.189430892 2.475494862 -1.167551041 0.948061049 -0.033098623 -0.314215124 0.036791995
1413393913105760512.000000 -0.212431759 2.451324701 -1.236676216 0.948174477 -0.039658558 -0.311448902 0.048907369
1413393913155760384.000000 -0.236312315 2.426024914 -1.303939581 0.948933244 -0.047319237 -0.305526972 0.062768772
1413393913205760512.000000 -0.262461364 2.399275303 -1.367862701 -0.949285507 0.054130573 0.299896032 -0.077390961
1413393913255760384.000000 -0.293291032 2.373560429 -1.422977328 0.948739409 -0.062029980 -0.295529187 0.093318738
1413393913305760512.000000 -0.321014434 2.343608618 -1.480940461 0.947090089 -0.067782238 -0.293641895 0.110456072
1413393913355760384.000000 -0.350113004 2.311679840 -1.535249710 0.944192767 -0.072019130 -0.294705421 0.128304675
1413393913405760512.000000 -0.379108846 2.278241873 -1.585421085 -0.941355765 0.077775434 0.293657959 -0.146851689
1413393913455760384.000000 -0.411868125 2.244969845 -1.627195477 0.938685596 -0.083283693 -0.290222853 0.166445121
1413393913505760512.000000 -0.435904592 2.204591274 -1.674683690 0.936150253 -0.086221106 -0.285297960 0.186531037
1413393913555760384.000000 -0.456776083 2.160828114 -1.719577789 0.933850586 -0.085822843 -0.278331161 0.207579538
1413393913605760512.000000 -0.480623484 2.118690491 -1.754218936 0.931454659 -0.082948394 -0.270767212 0.228466332
1413393913655760384.000000 -0.495183110 2.068785191 -1.793978453 0.928862810 -0.078287967 -0.262320399 0.249545619
1413393913705760512.000000 -0.505601108 2.016102314 -1.830754042 0.925472736 -0.072380856 -0.255329043 0.270311624
1413393913755760384.000000 -0.518688977 1.967439175 -1.855893373 0.921739101 -0.067562208 -0.247330308 0.290964276
1413393913805760512.000000 -0.521705270 1.911909819 -1.885043144 0.917003989 -0.063768230 -0.241636351 0.310884684
1413393913855760384.000000 -0.523209810 1.856018066 -1.909826398 0.911617458 -0.060158934 -0.237176314 0.330275655
1413393913905760512.000000 -0.525989950 1.804207325 -1.922088027 0.905793607 -0.059012827 -0.232363924 0.349374443
1413393913955760384.000000 -0.521857738 1.747650623 -1.937659264 0.899148762 -0.054841436 -0.230644777 0.367868155
1413393914005760512.000000 -0.514050424 1.690916777 -1.949011803 0.892506659 -0.045440048 -0.227373466 0.386870146
1413393914055760384.000000 -0.512375057 1.642017126 -1.946908474 0.885605395 -0.034897499 -0.223336861 0.405716687
1413393914105760512.000000 -0.500585079 1.587884665 -1.948851585 0.876885951 -0.022495659 -0.223643273 0.424910277
1413393914155760384.000000 -0.487412155 1.535249710 -1.947124481 0.866256177 -0.010648482 -0.228596687 0.444106489
1413393914205760512.000000 -0.479568899 1.490285397 -1.934637785 0.852903962 -0.003123294 -0.240508050 0.463358432
1413393914255760384.000000 -0.464998245 1.443182945 -1.926206470 0.839795530 0.001192345 -0.250192702 0.481815100
1413393914305760512.000000 -0.449504197 1.398257256 -1.916259646 0.826793492 0.003065951 -0.258006126 0.499836028
1413393914355760384.000000 -0.435525864 1.358586311 -1.901380062 0.814542294 0.003971486 -0.262844980 0.517124414
1413393914405760512.000000 -0.417779148 1.317953825 -1.890080094 0.802571595 0.003561468 -0.266021043 0.533946693
1413393914455760384.000000 -0.399896383 1.278952122 -1.878627539 0.791477144 -0.001311573 -0.266252995 0.550155938
1413393914505760512.000000 -0.383401632 1.242296457 -1.865264177 0.780956984 -0.006053064 -0.265826344 0.565160155
1413393914555760384.000000 -0.364728272 1.206121325 -1.853202581 0.771989048 -0.010582456 -0.260743558 0.579597831
1413393914605760512.000000 -0.345570952 1.170619965 -1.840905070 0.763454616 -0.014369643 -0.255021691 0.593206942
1413393914655760384.000000 -0.326282978 1.136489034 -1.826547861 0.755083263 -0.017416146 -0.249599412 0.606008351
1413393914705760512.000000 -0.306770563 1.099542499 -1.816029072 0.745995104 -0.022357918 -0.244011894 0.619233191
1413393914755760384.000000 -0.287259102 1.065901637 -1.800929546 0.737318337 -0.029064434 -0.237301305 0.631826758
1413393914805760512.000000 -0.267627329 1.032602906 -1.784476995 0.727897882 -0.035271090 -0.232995585 0.643920660
1413393914855760384.000000 -0.247459620 1.001592517 -1.765867233 0.717744827 -0.040847968 -0.230067715 0.655928910
1413393914905760512.000000 -0.226957053 0.968930602 -1.746289730 0.707902789 -0.041651733 -0.231280729 0.666069150
1413393914955760384.000000 -0.204843819 0.929057121 -1.732900739 0.697952390 -0.039688304 -0.237323985 0.674510658
1413393915005760512.000000 -0.183819085 0.895246446 -1.710983396 0.688396096 -0.038420491 -0.245352596 0.681496024
1413393915055760384.000000 -0.162309647 0.860525012 -1.688786864 0.680767596 -0.036505844 -0.251950562 0.686836004
1413393915105760512.000000 -0.141088098 0.824438035 -1.667614698 0.674785793 -0.035574615 -0.257663786 0.690657675
1413393915155760384.000000 -0.118023306 0.780589163 -1.651059866 0.669618726 -0.034970343 -0.262583375 0.693857193
1413393915205760512.000000 -0.097781628 0.741991282 -1.629478216 0.666377425 -0.034608155 -0.265657812 0.695822835
1413393915255760384.000000 -0.079245538 0.701828063 -1.607969284 0.664193273 -0.032969706 -0.267689198 0.697210729
1413393915305760512.000000 -0.063183397 0.658288479 -1.586535096 0.663937449 -0.031235231 -0.268358529 0.697277009
1413393915355760384.000000 -0.046990395 0.608951151 -1.570575237 0.666210711 -0.025295464 -0.269123197 0.695051193
1413393915405760512.000000 -0.035881341 0.564229667 -1.549572706 0.670359015 -0.015553588 -0.270432681 0.690827847
1413393915455760384.000000 -0.025379017 0.518728495 -1.529771924 0.675419509 -0.001738525 -0.273028165 0.685026407
1413393915505760512.000000 -0.012672044 0.465899587 -1.515089154 0.680416644 0.010719323 -0.275122076 0.679136276
1413393915555760384.000000 -0.003356136 0.418255210 -1.499081135 0.685340285 0.018577633 -0.276043743 0.673619688
1413393915605760512.000000 0.005323678 0.371022582 -1.485103130 0.691242516 0.022262949 -0.273747593 0.668393910
1413393915655760384.000000 0.016035380 0.319118738 -1.474832892 0.696299493 0.021757534 -0.271433055 0.664091706
1413393915705760512.000000 0.023767171 0.272677541 -1.464453697 0.700283110 0.022872191 -0.270692259 0.660156190
1413393915755760384.000000 0.031295951 0.227116227 -1.455692530 0.703737199 0.024939923 -0.270605028 0.656433523
1413393915805760512.000000 0.040231235 0.180592060 -1.453236222 0.705735087 0.027532311 -0.272141188 0.653543532
1413393915855760384.000000 0.046222351 0.136564851 -1.447841644 0.707361698 0.029252062 -0.274680018 0.650641799
1413393915905760512.000000 0.051511265 0.093442321 -1.444307566 0.708734334 0.030005863 -0.277029186 0.648112833
1413393915955760384.000000 0.058297142 0.050744414 -1.446250677 0.709976196 0.031687625 -0.278132528 0.646198153
1413393916005760512.000000 0.063181132 0.009311795 -1.447414756 0.711297393 0.035815209 -0.278705359 0.644280016
1413393916055760384.000000 0.067461252 -0.031084895 -1.450981736 0.712469995 0.039057579 -0.279097438 0.642624021
1413393916105760512.000000 0.072875336 -0.071016550 -1.459723473 0.712839603 0.043463595 -0.279907078 0.641578257
1413393916155760384.000000 0.076537430 -0.109492660 -1.468639016 0.713329852 0.047506787 -0.279434711 0.640952408
1413393916205760512.000000 0.079833180 -0.146395087 -1.480086565 0.713048458 0.050574090 -0.277678341 0.641793609
1413393916255760384.000000 0.085677922 -0.183134437 -1.499050617 0.712930441 0.046419732 -0.271000564 0.645084620
1413393916305760512.000000 0.086504221 -0.216994047 -1.514698267 0.711334348 0.041031998 -0.264039010 0.650079429
1413393916355760384.000000 0.087635830 -0.250423193 -1.532265425 0.707649350 0.033899453 -0.257994950 0.656903207
1413393916405760512.000000 0.089382425 -0.284484625 -1.551936269 0.701669395 0.026051203 -0.253374845 0.665419221
1413393916455760384.000000 0.091766819 -0.312268138 -1.570245266 0.693753600 0.020454131 -0.249453053 0.675322831
1413393916505760512.000000 0.094955921 -0.342439175 -1.591271281 0.684433043 0.014767648 -0.244946435 0.686538219
1413393916555760384.000000 0.098209664 -0.370887160 -1.612418175 0.672961771 0.011181888 -0.241405204 0.699085832
1413393916605760512.000000 0.099639848 -0.393510818 -1.632791519 0.658629119 0.006867826 -0.240187258 0.713071346
1413393916655760384.000000 0.103432268 -0.419787765 -1.655149460 0.643251181 0.001596588 -0.238597319 0.727527857
1413393916705760512.000000 0.107725888 -0.445913792 -1.677987456 0.626147985 -0.004585519 -0.236845478 0.742847204
1413393916755760384.000000 0.112741664 -0.469246745 -1.699700952 0.608711779 -0.009056528 -0.233898401 0.758076251
1413393916805760512.000000 0.115048036 -0.491728306 -1.722644806 0.591798484 -0.010897558 -0.227975056 0.773099720
1413393916855760384.000000 0.117604852 -0.515256166 -1.745219827 0.574304938 -0.009538049 -0.220998108 0.788189590
1413393916905760512.000000 0.122823462 -0.541200638 -1.768157125 0.557888508 -0.009376820 -0.210696504 0.802670240
1413393916955760384.000000 0.125073209 -0.564095378 -1.790836930 0.541674972 -0.010267514 -0.198632628 0.816717803
1413393917005760512.000000 0.128156185 -0.586801410 -1.813429356 0.526330531 -0.010891656 -0.181507677 0.830609798
1413393917055760384.000000 0.135699660 -0.614202619 -1.836431026 0.510683298 -0.012183709 -0.164914206 0.843716502
1413393917105760512.000000 0.139639944 -0.635877669 -1.857453823 0.494419307 -0.012511421 -0.149588734 0.856163681
1413393917155760384.000000 0.144414485 -0.656477511 -1.877221823 0.476963133 -0.011732329 -0.136317298 0.868208647
1413393917205760512.000000 0.153957993 -0.681575418 -1.898523927 0.458935857 -0.011862493 -0.124477856 0.879626334
1413393917255760384.000000 0.159657776 -0.698824346 -1.915701866 0.441257536 -0.014973830 -0.113433115 0.890056431
1413393917305760512.000000 0.165865749 -0.713916242 -1.931408167 0.421774149 -0.019489834 -0.106823817 0.900175214
1413393917355760384.000000 0.175070047 -0.733264387 -1.947851658 0.401230484 -0.024885532 -0.101125784 0.910037637
1413393917405760512.000000 0.180667520 -0.744492531 -1.959682941 0.381041527 -0.029663533 -0.092512913 0.919439375
1413393917455760384.000000 0.184706300 -0.753957570 -1.968845010 0.359195441 -0.033806968 -0.085364945 0.928734899
1413393917505760512.000000 0.189819753 -0.769013882 -1.977521420 0.336219966 -0.037164286 -0.078568131 0.937764406
1413393917555760384.000000 0.190422028 -0.775356710 -1.981791973 0.313217670 -0.041530620 -0.070059113 0.946182668
1413393917605760512.000000 0.189720109 -0.780149460 -1.983128905 0.288138479 -0.043665014 -0.065361314 0.954357088
1413393917655760384.000000 0.192483842 -0.817162097 -1.978496075 0.261570126 -0.044882338 -0.062508315 0.962111950
1413393917705760512.000000 0.189732179 -0.820008278 -1.974062204 -0.234740272 0.042909414 0.059822772 -0.969266236
1413393917755760384.000000 0.186039567 -0.821691871 -1.967353463 -0.208312228 0.037331648 0.055775233 -0.975756943
1413393917805760512.000000 0.187438041 -0.829295158 -1.960779309 0.181882262 -0.028078087 -0.051050905 0.981592715
1413393917855760384.000000 0.185485557 -0.830175221 -1.951006413 0.157046333 -0.018899826 -0.042722955 0.986485720
1413393917905760512.000000 0.184132963 -0.830364943 -1.940886021 -0.133471921 0.012540163 0.031398375 -0.990475714
1413393917955760384.000000 0.188385814 -0.835020721 -1.927806854 0.110583015 -0.009676976 -0.020176252 0.993614972
1413393918005760512.000000 0.188129842 -0.833336651 -1.916552305 0.088490002 -0.007086275 -0.007483024 0.996023834
1413393918055760384.000000 0.188753977 -0.830542326 -1.905347586 0.066810340 -0.005664966 0.005033744 0.997736990
1413393918105760512.000000 0.190918744 -0.828568995 -1.892984867 -0.045029718 0.005056472 -0.017066935 -0.998827100
1413393918155760384.000000 0.192566946 -0.823453128 -1.881228805 -0.023671996 0.006059414 -0.028350551 -0.999299347
1413393918205760512.000000 0.194796756 -0.816730678 -1.869397044 -0.003525470 0.008140968 -0.042284526 -0.999066234
1413393918255760384.000000 0.205099747 -0.814758539 -1.860064268 -0.018246602 -0.009867243 0.051829759 0.998440504
1413393918305760512.000000 0.208936080 -0.803722501 -1.847372770 -0.038989570 -0.010806028 0.063270561 0.997175992
1413393918355760384.000000 0.213749245 -0.790093958 -1.834277153 -0.060259931 -0.011127033 0.073446311 0.995414853
1413393918405760512.000000 0.220056921 -0.775328338 -1.820310831 0.081986286 0.011820161 -0.082726985 -0.993123770
1413393918455760384.000000 0.226290613 -0.756897926 -1.806651711 0.104467370 0.012526653 -0.091362976 -0.990243614
1413393918505760512.000000 0.240138292 -0.732203007 -1.793509245 -0.127225071 -0.013071706 0.100683972 0.986663938
1413393918555760384.000000 0.248236150 -0.708145797 -1.779352188 -0.150298432 -0.013268786 0.110755473 0.982327640
1413393918605760512.000000 0.257521331 -0.680990338 -1.765322208 -0.174912155 -0.010326347 0.119517915 0.977248490
1413393918655760384.000000 0.269849300 -0.649222314 -1.753030062 -0.200816110 -0.005245617 0.126103342 0.971464515
1413393918705760512.000000 0.279917181 -0.616338372 -1.738447666 -0.226373166 0.001737732 0.135728613 0.964536130
1413393918755760384.000000 0.289152175 -0.581118762 -1.724558830 -0.252046078 0.007092047 0.148101136 0.956288934
1413393918805760512.000000 0.300605714 -0.541395664 -1.716166019 -0.278131068 0.015299827 0.161298946 0.946779668
1413393918855760384.000000 0.309314907 -0.501286626 -1.704711914 -0.304440618 0.025841787 0.176284626 0.935720026
1413393918905760512.000000 0.317695230 -0.459006906 -1.695735931 -0.334169924 0.038130023 0.184380502 0.923515320
1413393918955760384.000000 0.327807546 -0.410800934 -1.693216801 -0.365131170 0.048710175 0.189060852 0.910254121
1413393919005760512.000000 0.334362447 -0.365097910 -1.690124512 -0.396847904 0.056950849 0.190818802 0.896022677
1413393919055760384.000000 0.340234160 -0.318711370 -1.690195799 -0.428390682 0.063838057 0.193094656 0.880409360
1413393919105760512.000000 0.347289264 -0.268654734 -1.696012378 -0.458652258 0.068653040 0.194807634 0.864277124
1413393919155760384.000000 0.350759834 -0.223165870 -1.701164603 -0.486883491 0.072869360 0.199566960 0.847235262
1413393919205760512.000000 0.354794115 -0.178425789 -1.711269855 0.513937652 -0.079684943 -0.203418314 -0.829541743
1413393919255760384.000000 0.357380927 -0.131344676 -1.724577665 -0.539722741 0.086935125 0.206916109 0.811373830
1413393919305760512.000000 0.358879179 -0.090345562 -1.739451289 -0.564552128 0.097832121 0.208965391 0.792491794
1413393919355760384.000000 0.357618868 -0.052222729 -1.756314516 -0.586828947 0.108807318 0.211470917 0.773997962
1413393919405760512.000000 0.352178723 -0.013771772 -1.776495934 -0.605911136 0.120513648 0.215486094 0.756249845
1413393919455760384.000000 0.343364507 0.017705917 -1.796705484 -0.620953918 0.128209442 0.223827720 0.740189016
1413393919505760512.000000 0.331164211 0.046250105 -1.819192648 -0.634166837 0.131429330 0.232865691 0.725487649
1413393919555760384.000000 0.317149609 0.070947289 -1.845890760 0.645783842 -0.133455828 -0.242677733 -0.711519778
1413393919605760512.000000 0.294123858 0.097674966 -1.873614192 -0.656914473 0.133333534 0.250992656 0.698346794
1413393919655760384.000000 0.272471756 0.115649819 -1.904557467 -0.668171465 0.132653713 0.254959285 0.686254799
1413393919705760512.000000 0.248390436 0.131004214 -1.938079953 -0.678389728 0.131584167 0.255179554 0.676281393
1413393919755760384.000000 0.218261600 0.147289395 -1.974295020 0.689666092 -0.127678633 -0.247722939 -0.668350339
1413393919805760512.000000 0.190352231 0.156327486 -2.013076544 0.700822711 -0.121934995 -0.235779330 -0.662108481
1413393919855760384.000000 0.160023063 0.161577463 -2.053011179 0.711013198 -0.113977000 -0.222057313 -0.657388926
1413393919905760512.000000 0.122159928 0.166934729 -2.091163635 0.718906462 -0.104515873 -0.210223004 -0.654260099
1413393919955760384.000000 0.085631311 0.163421392 -2.130290031 0.724208951 -0.093704477 -0.202401340 -0.652514100
1413393920005760512.000000 0.046178520 0.156424046 -2.166888714 0.726719975 -0.083000891 -0.199674025 -0.652011752
1413393920055760384.000000 0.005144715 0.145984411 -2.202701807 0.727345109 -0.074733742 -0.199378654 -0.652404904
1413393920105760512.000000 -0.044278532 0.136091471 -2.239878178 0.727083921 -0.068806939 -0.199737445 -0.653237760
1413393920155760384.000000 -0.088565886 0.119431734 -2.272535563 0.726176798 -0.062785238 -0.200755849 -0.654539883
1413393920205760512.000000 -0.134331748 0.100723982 -2.303042173 0.724808514 -0.059008077 -0.202131510 -0.655982912
1413393920255760384.000000 -0.180422559 0.078803062 -2.332572460 0.723742664 -0.055898067 -0.202718675 -0.657249749
1413393920305760512.000000 -0.232874542 0.056443214 -2.364592314 0.721913517 -0.053563513 -0.204135880 -0.659014821
1413393920355760384.000000 -0.277563095 0.029000998 -2.392212629 0.720571876 -0.049773693 -0.205144972 -0.660465360
1413393920405760512.000000 -0.321399480 -0.000725985 -2.418738127 0.718059421 -0.043489680 -0.210117564 -0.662080109
1413393920455760384.000000 -0.369200647 -0.031229734 -2.447062016 0.714655101 -0.036189113 -0.217340514 -0.663868666
1413393920505760512.000000 -0.411300510 -0.063952684 -2.472678661 0.711634517 -0.028258337 -0.223105088 -0.665583968
1413393920555760384.000000 -0.451689869 -0.097319841 -2.497836113 0.709019303 -0.022611730 -0.227807447 -0.666996360
1413393920605760512.000000 -0.494824290 -0.132457495 -2.524743557 0.706823230 -0.017614080 -0.230136469 -0.668676317
1413393920655760384.000000 -0.533011913 -0.165372849 -2.548794746 0.705046058 -0.013783022 -0.231655046 -0.670116544
1413393920705760512.000000 -0.570054352 -0.197895527 -2.572228432 0.703906775 -0.010809614 -0.231841758 -0.671303153
1413393920755760384.000000 -0.608561277 -0.233546257 -2.595956326 0.703032970 -0.009307981 -0.230631724 -0.672656715
1413393920805760512.000000 -0.644631922 -0.265165329 -2.617683649 0.701832533 -0.008110058 -0.231512368 -0.673622608
1413393920855760384.000000 -0.679818630 -0.296443224 -2.638578176 0.701580524 -0.005399609 -0.230202734 -0.674360693
1413393920905760512.000000 -0.715797544 -0.331736565 -2.658011198 0.700362623 0.000263364 -0.231860921 -0.675079763
1413393920955760384.000000 -0.750065804 -0.362634659 -2.676636219 0.698595762 0.006719625 -0.234476686 -0.675973058
1413393921005760512.000000 -0.784297764 -0.392692804 -2.694105864 0.696409643 0.015135281 -0.240594566 -0.675942957
1413393921055760384.000000 -0.819706082 -0.426110268 -2.710073948 -0.693433106 -0.024887104 0.246889412 0.676444292
1413393921105760512.000000 -0.852010787 -0.453430653 -2.725051403 -0.690593481 -0.033299480 0.252924144 0.676757812
1413393921155760384.000000 -0.882406294 -0.477862835 -2.738995075 -0.688841641 -0.039050005 0.257048935 0.676681757
1413393921205760512.000000 -0.911554873 -0.500654697 -2.752328873 0.687903523 0.045176882 -0.258839875 -0.676572025
1413393921255760384.000000 -0.938511133 -0.519327879 -2.764090300 0.686993897 0.048767608 -0.260210067 -0.676721454
1413393921305760512.000000 -0.964940131 -0.535329580 -2.774022341 -0.686941445 -0.050413035 0.261208743 0.676269233
1413393921355760384.000000 -0.988446116 -0.546808004 -2.783092260 -0.685911357 -0.050304193 0.263446450 0.676454842
1413393921405760512.000000 -1.009638071 -0.554648876 -2.791274786 -0.685982227 -0.047260717 0.263435572 0.676606655
1413393921455760384.000000 -1.028812170 -0.559376001 -2.797821283 0.687699437 0.040090885 -0.260331541 -0.676527739
1413393921505760512.000000 -1.045930147 -0.560730457 -2.803965569 0.689938903 0.031512287 -0.254120946 -0.677062690
1413393921555760384.000000 -1.061821699 -0.559562683 -2.809349060 0.692774236 0.021071441 -0.246975601 -0.677217126
1413393921605760512.000000 -1.077407360 -0.556780577 -2.813619137 0.695923090 0.013799045 -0.239772812 -0.676764131
1413393921655760384.000000 -1.093761683 -0.552869320 -2.816405058 0.697503269 0.007939043 -0.236042574 -0.676542819
1413393921705760512.000000 -1.112623334 -0.549114466 -2.817360401 0.699195564 0.004357137 -0.232908666 -0.675914288
1413393921755760384.000000 -1.133976579 -0.545336485 -2.816257000 0.700605810 0.001144960 -0.230841085 -0.675176084
1413393921805760512.000000 -1.161036611 -0.541732311 -2.815810442 0.701734722 -0.001879616 -0.227902696 -0.675000250
1413393921855760384.000000 -1.185650110 -0.537302256 -2.811306715 0.703462660 -0.005263254 -0.224154010 -0.674438715
1413393921905760512.000000 -1.211073875 -0.533078671 -2.805425644 0.705965579 -0.011852711 -0.218610927 -0.673558772
1413393921955760384.000000 -1.236961365 -0.529407501 -2.797487497 0.708726645 -0.018014323 -0.211777046 -0.672705472
1413393922005760512.000000 -1.262168288 -0.526599169 -2.789151669 0.710343838 -0.022498047 -0.208197758 -0.671981573
1413393922055760384.000000 -1.287972450 -0.525112391 -2.779531956 0.710542798 -0.020630579 -0.210133061 -0.671228349
1413393922105760512.000000 -1.313435197 -0.524726868 -2.768958330 0.710105240 -0.016889023 -0.214076146 -0.670549631
1413393922155760384.000000 -1.341914296 -0.522704124 -2.757253647 0.708536446 -0.009719581 -0.221087843 -0.670075953
1413393922205760512.000000 -1.368380189 -0.524090767 -2.744016171 0.705184519 0.001928763 -0.233929306 -0.669319212
1413393922255760384.000000 -1.394349337 -0.525259018 -2.729935884 0.702301562 0.013213804 -0.245136008 -0.668211281
1413393922305760512.000000 -1.420354128 -0.524597645 -2.715029716 0.698572874 0.023378314 -0.257942349 -0.667019606
1413393922355760384.000000 -1.444998980 -0.523245573 -2.699769258 0.695058465 0.032609634 -0.269249648 -0.665834188
1413393922405760512.000000 -1.468078017 -0.519069672 -2.684460402 0.692340970 0.039541513 -0.278430283 -0.664512753
1413393922455760384.000000 -1.489472985 -0.509399414 -2.668207645 0.689649165 0.039214026 -0.287799507 -0.663338363
1413393922505760512.000000 -1.509584069 -0.497421265 -2.653635502 0.688039124 0.032276597 -0.294203669 -0.662574232
1413393922555760384.000000 -1.527921796 -0.481065512 -2.640075922 0.688064396 0.020077396 -0.296931714 -0.661812663
1413393922605760512.000000 -1.545143723 -0.461233854 -2.627643347 0.688689828 0.005159271 -0.297300518 -0.661280692
1413393922655760384.000000 -1.562114239 -0.438345671 -2.616956472 0.688887656 -0.007154372 -0.297569066 -0.660935223
1413393922705760512.000000 -1.578795314 -0.412864923 -2.608506680 0.689779818 -0.016857481 -0.295744509 -0.660647333
1413393922755760384.000000 -1.595816255 -0.385289907 -2.601970911 0.689518273 -0.022089632 -0.295103908 -0.661052525
1413393922805760512.000000 -1.612934947 -0.355744839 -2.597683907 0.689531744 -0.022727143 -0.294184297 -0.661426544
1413393922855760384.000000 -1.628074288 -0.323403358 -2.591653824 0.689866006 -0.016461732 -0.293482274 -0.661575437
1413393922905760512.000000 -1.643998384 -0.290969133 -2.592358589 0.689650714 -0.008021196 -0.293654114 -0.661879838
1413393922955760384.000000 -1.657302856 -0.256457090 -2.595693111 0.690243721 0.003316857 -0.291941524 -0.662059546
1413393923005760512.000000 -1.667559385 -0.219755888 -2.601446867 0.691682220 0.017261341 -0.288607210 -0.661803305
1413393923055760384.000000 -1.674904823 -0.180474043 -2.609498024 0.693068683 0.029044913 -0.285055220 -0.661479950
1413393923105760512.000000 -1.679177523 -0.137807846 -2.618555307 0.694225907 0.036705315 -0.282980412 -0.660776198
1413393923155760384.000000 -1.679932714 -0.092646599 -2.627836466 0.695023119 0.043398272 -0.282085031 -0.659914851
1413393923205760512.000000 -1.677806973 -0.042567968 -2.638101339 0.695755720 0.046518736 -0.281004637 -0.659390986
1413393923255760384.000000 -1.673865795 0.011031628 -2.648152113 0.696988583 0.046102628 -0.279294044 -0.658844769
1413393923305760512.000000 -1.669875264 0.068817854 -2.656991482 0.697396100 0.039009407 -0.279944748 -0.658595443
1413393923355760384.000000 -1.664140224 0.129228830 -2.665690899 0.696072638 0.025061201 -0.282889813 -0.659415066
1413393923405760512.000000 -1.658127069 0.192362785 -2.674325705 0.691883922 0.008518739 -0.288558096 -0.661784232
1413393923455760384.000000 -1.653764725 0.258102179 -2.683020115 0.685590029 -0.007961740 -0.291536242 -0.667015374
1413393923505760512.000000 -1.647105694 0.325125456 -2.693363190 0.677989900 -0.022926724 -0.291443914 -0.674436450
1413393923555760384.000000 -1.640516043 0.392898083 -2.705627680 0.668986619 -0.035047982 -0.287647426 -0.684461534
1413393923605760512.000000 -1.637000084 0.462037086 -2.719609499 0.657427490 -0.042476535 -0.282478780 -0.697273731
1413393923655760384.000000 -1.631287932 0.530600786 -2.736485243 0.646147192 -0.041923545 -0.272149146 -0.711808324
1413393923705760512.000000 -1.625835419 0.599253893 -2.755560637 0.633972824 -0.037081812 -0.259045988 -0.727735281
1413393923755760384.000000 -1.623914838 0.668767691 -2.775545597 -0.620018125 0.026525084 0.246299461 0.744453192
1413393923805760512.000000 -1.621054888 0.737231731 -2.796917200 -0.604255378 0.016409406 0.235737234 0.760942876
1413393923855760384.000000 -1.618625522 0.805655956 -2.819218874 -0.587599814 0.008318861 0.225688815 0.776995420
1413393923905760512.000000 -1.617452383 0.876474142 -2.840846539 -0.570507646 0.001326384 0.216160893 0.792334437
1413393923955760384.000000 -1.615527987 0.944578409 -2.864253521 -0.552494287 -0.003412128 0.208683550 0.806963265
1413393924005760512.000000 -1.613995552 1.013034582 -2.887585640 -0.534411192 -0.008746233 0.202588037 0.820540309
1413393924055760384.000000 -1.612180114 1.084127903 -2.908607006 -0.517360270 -0.013575830 0.196338609 0.832829654
1413393924105760512.000000 -1.610667706 1.153742790 -2.931359768 -0.501542747 -0.020436870 0.187331855 0.844360113
1413393924155760384.000000 -1.608258486 1.224504828 -2.953291893 -0.488249391 -0.028217068 0.173360184 0.854846537
1413393924205760512.000000 -1.603637934 1.298601866 -2.971259356 -0.476789474 -0.035809219 0.154689491 0.864558101
1413393924255760384.000000 -1.598873258 1.370098829 -2.989894867 -0.466668427 -0.042414434 0.131923467 0.873508871
1413393924305760512.000000 -1.593221903 1.441001415 -3.005943298 -0.457418263 -0.048566155 0.111081555 0.880948842
1413393924355760384.000000 -1.584460139 1.512909770 -3.015666962 -0.449541479 -0.055092748 0.091103137 0.886892080
1413393924405760512.000000 -1.575521708 1.580998898 -3.024863243 -0.443495214 -0.060633447 0.071662188 0.891347349
1413393924455760384.000000 -1.564401388 1.646886587 -3.029643774 -0.439552754 -0.066812627 0.053337242 0.894139111
1413393924505760512.000000 -1.548574209 1.711816788 -3.025958538 -0.436286390 -0.070520744 0.037922606 0.896238208
1413393924555760384.000000 -1.531610489 1.770275831 -3.021098614 -0.433726788 -0.072264671 0.024590140 0.897805214
1413393924605760512.000000 -1.511248708 1.824490070 -3.010622978 -0.432799399 -0.069652081 0.010827293 0.898730278
1413393924655760384.000000 -1.485777974 1.874745965 -2.991194725 -0.432921648 -0.065372199 -0.002131402 0.899055541
1413393924705760512.000000 -1.456784010 1.916611195 -2.969458103 -0.433974475 -0.059203088 -0.014921295 0.898854077
1413393924755760384.000000 -1.421821117 1.950856090 -2.942313910 -0.435646683 -0.052128725 -0.024073707 0.898284614
1413393924805760512.000000 -1.381559253 1.980469346 -2.906286478 -0.438091338 -0.047788188 -0.028231023 0.897215366
1413393924855760384.000000 -1.335366964 1.998990655 -2.867772818 -0.438411832 -0.042185050 -0.020070376 0.897559345
1413393924905760512.000000 -1.283286333 2.009886980 -2.824206352 -0.436802477 -0.037218787 -0.002239065 0.898784459
1413393924955760384.000000 -1.227193475 2.017661095 -2.774293423 -0.431522667 -0.032980151 0.025405716 0.901141047
1413393925005760512.000000 -1.163385153 2.015330315 -2.722706079 -0.424414575 -0.027821112 0.051621016 0.903567135
1413393925055760384.000000 -1.094830036 2.008279800 -2.668810368 -0.416397363 -0.023711631 0.074790344 0.905791044
1413393925105760512.000000 -1.024954438 2.001368999 -2.612564802 -0.406954616 -0.020088062 0.095112212 0.908261120
1413393925155760384.000000 -0.949684799 1.990168214 -2.554050684 -0.395051777 -0.017549677 0.114678532 0.911304057
1413393925205760512.000000 -0.873315811 1.978266120 -2.493841648 -0.379791379 -0.016091406 0.134908453 0.915040612
1413393925255760384.000000 -0.800601184 1.970781803 -2.434099436 -0.363019466 -0.016550969 0.151441410 0.919243455
1413393925305760512.000000 -0.723299265 1.961071491 -2.372422218 -0.346605569 -0.016945446 0.162958413 0.923591912
1413393925355760384.000000 -0.645656705 1.955272198 -2.310844898 0.333214819 0.018722389 -0.166217685 -0.927895010
1413393925405760512.000000 -0.574860215 1.955132723 -2.252624273 -0.324295491 -0.019478042 0.161616281 0.931844056
1413393925455760384.000000 -0.496077329 1.955241323 -2.192314148 -0.317219198 -0.017478440 0.155996487 0.935270905
1413393925505760512.000000 -0.417204559 1.958172798 -2.132340908 -0.312354743 -0.014921647 0.148215100 0.938213289
1413393925555760384.000000 -0.345594943 1.966318965 -2.075363398 -0.307698071 -0.012870641 0.142596588 0.940650046
1413393925605760512.000000 -0.269915223 1.973908782 -2.015581369 -0.303236932 -0.010066387 0.139876336 0.942539454
1413393925655760384.000000 -0.197248608 1.983804464 -1.954241157 -0.299817085 -0.008017552 0.136576012 0.944135904
1413393925705760512.000000 -0.131427139 1.995166302 -1.890945792 0.297313929 0.007684194 -0.132994205 -0.945440650
1413393925755760384.000000 -0.079196803 2.012418032 -1.826281190 -0.296016604 -0.006305258 0.128947496 0.946417987
1413393925805760512.000000 -0.027385280 2.026749611 -1.757666469 -0.294998765 -0.003900164 0.125572085 0.947202325
1413393925855760384.000000 0.017834026 2.042222738 -1.687126040 -0.294738054 -0.000829987 0.122404613 0.947705626
1413393925905760512.000000 0.057228807 2.060959816 -1.613127589 0.295111716 -0.003533229 -0.118035540 -0.948137283
1413393925955760384.000000 0.082033664 2.080924749 -1.540860891 -0.295248568 0.011063875 0.114638686 0.948453426
1413393926005760512.000000 0.112444460 2.099450111 -1.465752363 -0.296241909 0.019590048 0.111006521 0.948437989
1413393926055760384.000000 0.140266329 2.118123293 -1.390731812 -0.296647191 0.031462975 0.108983740 0.948226333
1413393926105760512.000000 0.161467105 2.137283564 -1.319161892 -0.296626210 0.042962413 0.107952505 0.947899461
1413393926155760384.000000 0.186789393 2.155282021 -1.248150945 -0.296405852 0.050413828 0.108267054 0.947565436
1413393926205760512.000000 0.211385906 2.172987700 -1.179558039 -0.295979649 0.054333679 0.110311687 0.947246134
1413393926255760384.000000 0.234625071 2.191118479 -1.113074899 0.295759708 -0.055185281 -0.112697773 -0.946984768
1413393926305760512.000000 0.250265926 2.208451986 -1.054597735 -0.295321971 0.052488364 0.116298497 0.946839273
1413393926355760384.000000 0.273327559 2.225545168 -0.993886948 -0.294727623 0.046940293 0.120054044 0.946847022
1413393926405760512.000000 0.296420038 2.242554665 -0.935702324 -0.293356806 0.039972581 0.121578589 0.947397828
1413393926455760384.000000 0.318412781 2.259811163 -0.880805314 0.291273594 -0.037771180 -0.120443694 -0.948275506
1413393926505760512.000000 0.340332955 2.276861668 -0.827080607 0.288459480 -0.039649472 -0.117646471 -0.949409544
1413393926555760384.000000 0.354907632 2.292268515 -0.778590143 -0.285240591 0.042964611 0.111926608 0.950928211
1413393926605760512.000000 0.368489712 2.309528112 -0.725299597 -0.280991286 0.046651240 0.105337732 0.952770472
1413393926655760384.000000 0.378256619 2.326628447 -0.671944678 -0.275110781 0.048607249 0.099277690 0.955036879
1413393926705760512.000000 0.388346583 2.343255043 -0.624914765 -0.268430054 0.048462115 0.091890149 0.957681060
1413393926755760384.000000 0.398380816 2.359162569 -0.576109648 -0.259588867 0.047341865 0.087280743 0.960601091
1413393926805760512.000000 0.410149425 2.373967171 -0.530558646 -0.249980122 0.045192320 0.083214134 0.963609338
1413393926855760384.000000 0.425348580 2.387997150 -0.490756959 -0.238888174 0.041871130 0.079516433 0.966879725
1413393926905760512.000000 0.442309290 2.400938511 -0.451974958 -0.227078080 0.035109356 0.076911792 0.970199764
1413393926955760384.000000 0.462003052 2.413166523 -0.416190743 -0.214616045 0.028016573 0.075907782 0.973341227
1413393927005760512.000000 0.489493698 2.424576998 -0.387612581 -0.203114241 0.018422799 0.075130351 0.976094663
1413393927055760384.000000 0.514467597 2.436613321 -0.357256353 -0.192187950 0.008704516 0.077923238 0.978220880
1413393927105760512.000000 0.542380691 2.449585199 -0.328312814 -0.182148889 0.001960638 0.081527680 0.979883313
1413393927155760384.000000 0.571709037 2.463576078 -0.300081670 0.172246784 0.002443994 -0.087602235 -0.981147766
1413393927205760512.000000 0.606697559 2.479561090 -0.272104591 -0.164008453 -0.004927211 0.093376935 0.982017219
1413393927255760384.000000 0.635923147 2.497241259 -0.244140044 -0.156261563 -0.009413079 0.100114845 0.982583761
1413393927305760512.000000 0.665331483 2.517136097 -0.215967059 -0.149708137 -0.016814763 0.103476182 0.983156919
1413393927355760384.000000 0.696757019 2.540797710 -0.186800301 0.144465625 0.025432132 -0.100808874 -0.984032810
1413393927405760512.000000 0.735351026 2.562036276 -0.168570608 -0.141024187 -0.031751234 0.092618138 0.985152781
1413393927455760384.000000 0.768953204 2.590297699 -0.138028696 -0.139405206 -0.033353265 0.077310272 0.986649394
1413393927505760512.000000 0.804291666 2.620213509 -0.106206477 -0.139119983 -0.031630501 0.059608538 0.987973750
1413393927555760384.000000 0.843851924 2.649647474 -0.073833108 -0.139010414 -0.030160660 0.042206995 0.988931298
1413393927605760512.000000 0.881772816 2.679850101 -0.038846403 -0.137312829 -0.027972549 0.024257772 0.989835501
1413393927655760384.000000 0.920889080 2.708955288 -0.002346879 -0.134467080 -0.024036909 0.006595113 0.990604579
1413393927705760512.000000 0.963964164 2.733901501 0.033428922 -0.130770892 -0.017545065 -0.010773858 0.991198838
1413393927755760384.000000 1.006131530 2.758317471 0.072022617 -0.128021479 -0.009981719 -0.028647332 0.991307378
1413393927805760512.000000 1.049561024 2.779375792 0.111308128 -0.125933334 -0.001629375 -0.044430919 0.991041899
1413393927855760384.000000 1.097072482 2.788621664 0.136910126 -0.123813152 0.005679041 -0.055405352 0.990741313
1413393927905760512.000000 1.142224073 2.800822735 0.177107692 -0.120573752 0.011821975 -0.059993278 0.990819395
1413393927955760384.000000 1.187463522 2.808350563 0.217217192 -0.118439764 0.016115673 -0.063535139 0.990795493
1413393928005760512.000000 1.232830048 2.806732178 0.250885546 -0.117211148 0.020034974 -0.065747499 0.990725756
1413393928055760384.000000 1.274111867 2.805304050 0.291230679 -0.116746470 0.022326516 -0.068613753 0.990537226
1413393928105760512.000000 1.313036799 2.799313307 0.331521362 -0.116744727 0.025209742 -0.070652604 0.990324974
1413393928155760384.000000 1.349214315 2.785403490 0.367283493 -0.116860725 0.027373752 -0.071618132 0.990184367
1413393928205760512.000000 1.383668423 2.769902945 0.407201797 -0.117226079 0.027658399 -0.071567804 0.990136981
1413393928255760384.000000 1.414870381 2.749246359 0.446274221 0.116248213 -0.025739985 0.066252738 -0.990673780
1413393928305760512.000000 1.443766236 2.722488403 0.482342482 -0.112543717 0.022801237 -0.053015299 0.991969526
1413393928355760384.000000 1.470778346 2.693977833 0.521917284 -0.106678769 0.023857184 -0.034798525 0.993398070
1413393928405760512.000000 1.495553017 2.662045002 0.560807526 0.101272941 -0.027525887 0.017263202 -0.994328022
1413393928455760384.000000 1.518652678 2.622586012 0.595133603 -0.096557692 0.030801916 -0.001532800 0.994849503
1413393928505760512.000000 1.537094474 2.587283134 0.632974148 0.092771217 -0.035261039 -0.011985065 -0.994990766
1413393928555760384.000000 1.553490162 2.551506519 0.668424070 -0.090523832 0.041702636 0.021871107 0.994780421
1413393928605760512.000000 1.569370270 2.515486002 0.703977823 -0.089338176 0.051904947 0.028021252 0.994253218
1413393928655760384.000000 1.583296776 2.479682446 0.737107813 -0.088883393 0.059886668 0.032921109 0.993694961
1413393928705760512.000000 1.596505761 2.445562124 0.773298264 -0.090219602 0.063957833 0.033587206 0.993298471
1413393928755760384.000000 1.608983159 2.410398483 0.800584495 0.092172787 -0.064858966 -0.033549443 -0.993061960
1413393928805760512.000000 1.621942401 2.375224113 0.825754285 -0.097049415 0.064772576 0.027218938 0.992796600
1413393928855760384.000000 1.633735657 2.340053558 0.847357810 -0.101820834 0.063299350 0.021185027 0.992560863
1413393928905760512.000000 1.645057559 2.305028200 0.865945756 0.108441882 -0.062634841 -0.012916688 -0.992043614
1413393928955760384.000000 1.657033205 2.268146515 0.883518279 -0.117040545 0.061112553 0.005374969 0.991230488
1413393929005760512.000000 1.666938186 2.231564999 0.896324694 0.127107948 -0.058908239 0.000006569 -0.990138113
1413393929055760384.000000 1.676311851 2.194785595 0.909441411 -0.137663737 0.056400407 -0.000919208 0.988871574
1413393929105760512.000000 1.685696363 2.154860020 0.917547882 0.149790481 -0.054242689 0.001360841 -0.987227857
1413393929155760384.000000 1.695944309 2.112156391 0.924090564 -0.162258953 0.052829627 -0.000044241 0.985332966
1413393929205760512.000000 1.704689622 2.068288565 0.928011417 -0.175663367 0.048787218 0.003263773 0.983235300
1413393929255760384.000000 1.714015722 2.021808624 0.930651903 -0.189731985 0.044634722 0.010034661 0.980769515
1413393929305760512.000000 1.722128153 1.973614216 0.931391418 0.203376368 -0.040030479 -0.019883674 -0.978079915
1413393929355760384.000000 1.731235504 1.924410820 0.930339873 -0.217746317 0.035758514 0.032096103 0.974821925
1413393929405760512.000000 1.740113616 1.872874737 0.928947747 -0.232367516 0.032640409 0.045376509 0.971020639
1413393929455760384.000000 1.749602675 1.820270300 0.925845206 -0.247844726 0.030413024 0.056928821 0.966647387
1413393929505760512.000000 1.759286880 1.766366124 0.922514081 -0.264886528 0.026522433 0.066927932 0.961588442
1413393929555760384.000000 1.768660665 1.711753130 0.918804049 -0.282030255 0.022883901 0.076668814 0.956063449
1413393929605760512.000000 1.779500723 1.656409979 0.913912058 -0.300114214 0.019994928 0.084559605 0.949937582
1413393929655760384.000000 1.789852023 1.600243807 0.909278333 0.318586171 -0.016924975 -0.091785587 -0.943287790
1413393929705760512.000000 1.801638365 1.544605613 0.904049814 -0.336457103 0.015614280 0.098681524 0.936383903
1413393929755760384.000000 1.812807083 1.487580419 0.899470627 -0.353788078 0.014443250 0.107059218 0.929066062
1413393929805760512.000000 1.823762178 1.430383086 0.892392218 -0.369606346 0.015093046 0.118342936 0.921497881
1413393929855760384.000000 1.835113287 1.373672485 0.887845576 -0.383794159 0.017426876 0.133129761 0.913605392
1413393929905760512.000000 1.847073317 1.315539002 0.879900753 -0.396384746 0.022516919 0.150135770 0.905445457
1413393929955760384.000000 1.858957171 1.259791374 0.874566138 -0.408175230 0.027355352 0.166653425 0.897146225
1413393930005760512.000000 1.869505167 1.205242634 0.866687953 -0.419948190 0.031705122 0.181281090 0.888693213
1413393930055760384.000000 1.878973246 1.152442932 0.860038221 -0.431549311 0.035091668 0.194248214 0.880228102
1413393930105760512.000000 1.886279225 1.100663900 0.852584481 0.442429006 -0.037685014 -0.205012262 -0.872242272
1413393930155760384.000000 1.891542673 1.051160574 0.844364285 0.452393711 -0.039786100 -0.211877614 -0.865369797
1413393930205760512.000000 1.894119382 1.003528833 0.835502923 0.460863590 -0.041381195 -0.216777593 -0.859592855
1413393930255760384.000000 1.889489174 0.954908609 0.821215451 -0.468157858 0.041079249 0.217970386 0.855353534
1413393930305760512.000000 1.886561632 0.910934329 0.810636282 -0.475195199 0.039071858 0.215974599 0.852066875
1413393930355760384.000000 1.881064892 0.868707657 0.799126148 -0.483535349 0.032217313 0.206324369 0.850050509
1413393930405760512.000000 1.872008562 0.827202082 0.786259830 0.489969462 -0.025125718 -0.196400687 -0.848955512
1413393930455760384.000000 1.852837086 0.787767172 0.773045063 -0.495541543 0.017757550 0.186328292 0.848177493
1413393930505760512.000000 1.835953236 0.748472333 0.763300955 -0.499545276 0.011755861 0.178381786 0.847641587
1413393930555760384.000000 1.813764691 0.709610164 0.755747855 -0.501031876 0.010128329 0.174616262 0.847569346
1413393930605760512.000000 1.786274314 0.670376182 0.748555183 0.500431776 -0.013220072 -0.174868554 -0.847829223
1413393930655760384.000000 1.753687978 0.632355273 0.744706035 0.498731107 -0.018397177 -0.176655531 -0.848364174
1413393930705760512.000000 1.714304686 0.595347404 0.742823660 -0.496593267 0.024602123 0.178661689 0.849040627
1413393930755760384.000000 1.675462246 0.558584392 0.740959227 -0.494280100 0.031611454 0.180326566 0.849806070
1413393930805760512.000000 1.636381149 0.522744715 0.738750815 -0.492130965 0.036730073 0.180304244 0.850851655
1413393930855760384.000000 1.594215155 0.482489347 0.735523105 -0.489762872 0.040998902 0.180834800 0.851909816
1413393930905760512.000000 1.557999253 0.448017269 0.729722857 -0.488147348 0.041381497 0.180211872 0.852949858
1413393930955760384.000000 1.523539424 0.411455423 0.721615374 -0.486383110 0.038929120 0.178637236 0.854403257
1413393931005760512.000000 1.493796349 0.377193570 0.711050630 -0.484063953 0.038213678 0.179231882 0.855627179
1413393931055760384.000000 1.467711329 0.343199551 0.697898984 0.483029366 -0.035062231 -0.178449541 -0.856509805
1413393931105760512.000000 1.444467545 0.306387365 0.682071030 -0.480769128 0.035330836 0.179090396 0.857636034
1413393931155760384.000000 1.425435305 0.273057997 0.664373934 -0.478897005 0.032413661 0.180809036 0.858437657
1413393931205760512.000000 1.408942461 0.240503713 0.644905567 0.477297962 -0.029772161 -0.182639256 -0.859036267
1413393931255760384.000000 1.393941045 0.208825171 0.624670029 0.474412441 -0.027778611 -0.185758293 -0.860032022
1413393931305760512.000000 1.377599120 0.177974522 0.604123592 0.472096443 -0.026337799 -0.189421371 -0.860552669
1413393931355760384.000000 1.357512593 0.142284364 0.582217693 -0.469755262 0.026132785 0.193431780 0.860947907
1413393931405760512.000000 1.335872412 0.113757312 0.562458456 -0.466318071 0.026186807 0.198906675 0.861567080
1413393931455760384.000000 1.311771870 0.086788267 0.542571306 -0.463808537 0.027426669 0.203554854 0.861797452
1413393931505760512.000000 1.285719872 0.058836550 0.521225750 0.461254925 -0.028944124 -0.207886636 -0.862084329
1413393931555760384.000000 1.256279588 0.032935441 0.499737561 0.459299982 -0.030017193 -0.210475713 -0.862462997
1413393931605760512.000000 1.222254872 0.004945636 0.475578427 -0.457425684 0.029608089 0.213096783 0.862829626
1413393931655760384.000000 1.187676072 -0.017344266 0.453216285 -0.456315726 0.030539038 0.213349864 0.863322198
1413393931705760512.000000 1.149637938 -0.037522972 0.430548251 0.455554545 -0.030622538 -0.213430747 -0.863701165
1413393931755760384.000000 1.110145688 -0.055365384 0.407487869 0.454608470 -0.030590326 -0.212705478 -0.864379466
1413393931805760512.000000 1.068864346 -0.070728451 0.383837104 0.454298675 -0.030154243 -0.211601257 -0.864828587
1413393931855760384.000000 1.027192116 -0.083856761 0.358109236 -0.453977674 0.029359497 0.210433617 0.865309238
1413393931905760512.000000 0.984784544 -0.094972938 0.331563056 -0.453630328 0.028591119 0.209551871 0.865731001
1413393931955760384.000000 0.943409801 -0.103746861 0.303348005 -0.453601807 0.028133776 0.207851678 0.866170704
1413393932005760512.000000 0.902120948 -0.109456658 0.274305761 0.453858286 -0.026857931 -0.205717131 -0.866586328
1413393932055760384.000000 0.866274536 -0.119583875 0.234721720 -0.454176366 0.023994816 0.203117892 0.867116630
1413393932105760512.000000 0.827744186 -0.121569678 0.202070832 -0.455071270 0.020500813 0.199583352 0.867557704
1413393932155760384.000000 0.790106356 -0.121790677 0.168167353 -0.456742734 0.015612642 0.194346368 0.867969990
1413393932205760512.000000 0.754401386 -0.123273879 0.131879896 -0.458948880 0.010500344 0.188152686 0.868247867
1413393932255760384.000000 0.718726873 -0.120369762 0.096799523 -0.461703956 0.005132537 0.180279404 0.868505895
1413393932305760512.000000 0.684736729 -0.116278648 0.062038083 0.464011490 -0.000031409 -0.173829243 -0.868606269
1413393932355760384.000000 0.652084172 -0.114070699 0.026114598 -0.466477513 -0.004197547 0.168220431 0.868379593
1413393932405760512.000000 0.620052099 -0.108276501 -0.007349137 -0.468046397 -0.007480751 0.164609119 0.868205309
1413393932455760384.000000 0.588924766 -0.101730935 -0.039772164 -0.469735324 -0.010529016 0.161623970 0.867822349
1413393932505760512.000000 0.562602341 -0.098387457 -0.074642934 -0.471344590 -0.012767043 0.159600809 0.867294014
1413393932555760384.000000 0.533915162 -0.090639710 -0.104375452 -0.473096341 -0.013477453 0.156881988 0.866825402
1413393932605760512.000000 0.506934226 -0.083747625 -0.132974297 0.475047201 0.011784532 -0.154330373 -0.866240978
1413393932655760384.000000 0.481504381 -0.075936377 -0.160030186 0.477095902 0.008951125 -0.151908293 -0.865576923
1413393932705760512.000000 0.458102167 -0.067432076 -0.185636342 -0.478497773 -0.006518707 0.150743663 0.865028203
1413393932755760384.000000 0.435346603 -0.059902113 -0.210172713 -0.480091929 -0.003951942 0.149935946 0.864300489
1413393932805760512.000000 0.414086074 -0.052882545 -0.233495623 0.481805921 0.001436848 -0.148648277 -0.863576651
1413393932855760384.000000 0.393774778 -0.045963772 -0.255737662 0.483759224 0.001448520 -0.146490395 -0.862853169
1413393932905760512.000000 0.375105500 -0.039578147 -0.276901096 0.485942453 0.000695657 -0.143950179 -0.862054408
1413393932955760384.000000 0.360177875 -0.026138354 -0.288957268 -0.488678962 0.004722274 0.139096856 0.861291289
1413393933005760512.000000 0.345483750 -0.021318384 -0.308147013 -0.490723670 0.014004213 0.133118778 0.860972464
1413393933055760384.000000 0.331768274 -0.018168293 -0.326207578 -0.491857648 0.022434287 0.127324164 0.861023486
1413393933105760512.000000 0.319697499 -0.016875029 -0.343442023 0.492508203 -0.031849388 -0.121968172 -0.861130118
1413393933155760384.000000 0.307628602 -0.018346198 -0.360390604 0.492447495 -0.038554322 -0.120103180 -0.861152947
1413393933205760512.000000 0.296639949 -0.022496842 -0.377390385 0.491637826 -0.044248737 -0.121237397 -0.861182868
1413393933255760384.000000 0.284810573 -0.026222117 -0.393225402 -0.489028275 0.049223013 0.126849741 0.861590147
1413393933305760512.000000 0.275579214 -0.035708509 -0.410810530 -0.485640019 0.055806525 0.135588720 0.861774445
1413393933355760384.000000 0.267170757 -0.047555909 -0.429228306 -0.482036620 0.061103705 0.144343510 0.862016261
1413393933405760512.000000 0.258458018 -0.060664944 -0.449461341 0.477605224 -0.065384500 -0.155682594 -0.862195492
1413393933455760384.000000 0.249824241 -0.075875930 -0.471251488 0.472858846 -0.066294223 -0.169116661 -0.862211764
1413393933505760512.000000 0.240640014 -0.092210069 -0.494829625 0.467122644 -0.064858057 -0.183873549 -0.862427056
1413393933555760384.000000 0.230242088 -0.108523063 -0.520310581 0.462147146 -0.062003963 -0.197223336 -0.862367928
1413393933605760512.000000 0.215389043 -0.122220561 -0.545445561 -0.458721101 0.058118064 0.207638547 0.862022936
1413393933655760384.000000 0.200574636 -0.136932492 -0.574655294 -0.457870632 0.053483274 0.212061062 0.861698449
1413393933705760512.000000 0.183744252 -0.150052503 -0.605387926 -0.459367961 0.046539646 0.209867239 0.861841619
1413393933755760384.000000 0.167511359 -0.161092520 -0.638029695 0.463163555 -0.037969556 -0.202393591 -0.862017870
1413393933805760512.000000 0.144157171 -0.170385972 -0.669183075 -0.467313707 0.029460764 0.193434849 0.862167656
1413393933855760384.000000 0.121575654 -0.180529341 -0.702206135 -0.470034450 0.022244919 0.186833456 0.862360775
1413393933905760512.000000 0.097336605 -0.189944983 -0.734909296 -0.472254515 0.017697340 0.181735188 0.862342656
1413393933955760384.000000 0.072249323 -0.199179947 -0.767462909 0.474952310 -0.016280018 -0.175471798 -0.862186134
1413393934005760512.000000 0.050007317 -0.205171034 -0.799662828 -0.478598922 0.020923294 0.163964882 0.862334490
1413393934055760384.000000 0.031712539 -0.214052469 -0.833711565 -0.482420236 0.026249571 0.153016388 0.862071812
1413393934105760512.000000 0.017036233 -0.224028632 -0.868546426 -0.484919667 0.032290764 0.143565550 0.862090051
1413393934155760384.000000 0.004913539 -0.236011460 -0.903678179 0.486383379 -0.034272786 -0.137460917 -0.862183928
1413393934205760512.000000 -0.005154952 -0.250202000 -0.939420700 0.487105668 -0.035336263 -0.133701891 -0.862324357
1413393934255760384.000000 -0.014724456 -0.260148704 -0.973883271 -0.485018790 0.035330314 0.136055022 0.863132477
1413393934305760512.000000 -0.024826720 -0.277775466 -1.008237362 -0.482453793 0.034854241 0.140463516 0.863882899
1413393934355760384.000000 -0.037821092 -0.296260208 -1.041328669 -0.478497684 0.032655891 0.149219006 0.864700675
1413393934405760512.000000 -0.054089591 -0.315426916 -1.072812319 0.473976284 -0.030610522 -0.159636453 -0.865405023
1413393934455760384.000000 -0.073059030 -0.331199139 -1.103670239 -0.470079362 0.028914396 0.168737054 0.865862131
1413393934505760512.000000 -0.095969960 -0.350450099 -1.133424401 -0.466615677 0.027723372 0.177046970 0.866115272
1413393934555760384.000000 -0.121578678 -0.369362891 -1.162977099 0.463130325 -0.027597629 -0.184970960 -0.866333902
1413393934605760512.000000 -0.149543598 -0.387362063 -1.192052484 0.460474014 -0.028112266 -0.191645771 -0.866282523
1413393934655760384.000000 -0.179337427 -0.401650965 -1.220728040 -0.457614124 0.030796358 0.198705882 0.866116047
1413393934705760512.000000 -0.211438656 -0.417899162 -1.250581503 -0.454895318 0.033507951 0.205239356 0.865923941
1413393934755760384.000000 -0.246375114 -0.432738096 -1.280132890 -0.449190766 0.036415603 0.214598969 0.866515398
1413393934805760512.000000 -0.284179330 -0.444270223 -1.309156179 -0.440964252 0.038568635 0.225334600 0.867921293
1413393934855760384.000000 -0.323669940 -0.455670029 -1.340025902 -0.431179374 0.037863545 0.233439878 0.870721877
1413393934905760512.000000 -0.365638554 -0.464663655 -1.371985674 -0.420235068 0.032723378 0.238172635 0.874988854
1413393934955760384.000000 -0.409955680 -0.468804300 -1.404035807 -0.409568906 0.022744006 0.236060128 0.880915225
1413393935005760512.000000 -0.454904437 -0.470995456 -1.438565731 -0.400864244 0.009282613 0.222846493 0.888572514
1413393935055760384.000000 -0.500934243 -0.469790518 -1.473169088 -0.392185032 -0.006568245 0.202886850 0.897209466
1413393935105760512.000000 -0.548362494 -0.465028286 -1.505911469 -0.381646872 -0.020642834 0.182347536 0.905907869
1413393935155760384.000000 -0.591719270 -0.457602799 -1.539485693 -0.368390352 -0.031706300 0.164040193 0.914534986
1413393935205760512.000000 -0.630636036 -0.448035598 -1.571937084 -0.352660745 -0.040077094 0.148207292 0.923070312
1413393935255760384.000000 -0.665505588 -0.437502921 -1.601224184 -0.335282445 -0.045397967 0.135338619 0.931240141
1413393935305760512.000000 -0.694219112 -0.423741817 -1.630232692 -0.316707939 -0.049014337 0.124589339 0.939026773
1413393935355760384.000000 -0.717867434 -0.408513755 -1.656998396 0.297386378 0.049961414 -0.116799548 -0.946268022
1413393935405760512.000000 -0.737122953 -0.393379331 -1.680414438 -0.278826743 -0.050183583 0.105364978 0.953223765
1413393935455760384.000000 -0.750621557 -0.376234859 -1.704067469 -0.260535717 -0.049367350 0.092909791 0.959714472
1413393935505760512.000000 -0.758952677 -0.358697832 -1.725648403 -0.242638662 -0.047102384 0.078749143 0.965767264
1413393935555760384.000000 -0.763892114 -0.341256648 -1.745365381 0.224514097 0.046952233 -0.065475151 -0.971134365
1413393935605760512.000000 -0.764912546 -0.324011385 -1.762669325 0.208868861 0.047394823 -0.049564961 -0.975536227
1413393935655760384.000000 -0.763346910 -0.308395535 -1.773945570 -0.195879757 -0.049525209 0.034860052 0.978755951
1413393935705760512.000000 -0.760561883 -0.292203188 -1.785391927 -0.185566306 -0.050883893 0.017754177 0.981152833
1413393935755760384.000000 -0.756639659 -0.277881056 -1.793737888 -0.177199513 -0.051905870 0.001079286 0.982804656
1413393935805760512.000000 -0.751500249 -0.264915675 -1.798693061 0.169963688 0.051815271 0.017429620 -0.983932793
1413393935855760384.000000 -0.744449258 -0.256270617 -1.800053120 0.162159324 0.050520059 0.035255771 -0.984839678
1413393935905760512.000000 -0.736307263 -0.252066642 -1.797726393 0.152051941 0.048460744 0.046918269 -0.986068249
1413393935955760384.000000 -0.725429118 -0.254521251 -1.789704919 -0.136751384 -0.044887662 -0.044463120 0.988588572
1413393936005760512.000000 -0.715121329 -0.260137320 -1.780871868 -0.117278747 -0.039776780 -0.035282608 0.991674721
1413393936055760384.000000 -0.703468382 -0.269452959 -1.769401193 -0.096265964 -0.035176836 -0.026025631 0.994393408
1413393936105760512.000000 -0.690284193 -0.282558531 -1.755849957 -0.073128410 -0.029881956 -0.016283112 0.996741831
1413393936155760384.000000 -0.676454186 -0.297508687 -1.740126729 -0.048706800 -0.024797846 -0.007115398 0.998479962
1413393936205760512.000000 -0.661426187 -0.313600242 -1.722702861 -0.022739997 -0.021857675 0.002423796 0.999499559
1413393936255760384.000000 -0.644701123 -0.330358982 -1.705688238 0.003043226 -0.020234333 0.008655256 0.999753177
1413393936305760512.000000 -0.627573907 -0.346513569 -1.685241818 0.028796585 -0.020298241 0.012803066 0.999297202
1413393936355760384.000000 -0.610291958 -0.361746252 -1.663650632 0.054486416 -0.021035861 0.013796473 0.998197615
1413393936405760512.000000 -0.591319323 -0.375638545 -1.643822789 0.078904428 -0.021468125 0.011683141 0.996582568
1413393936455760384.000000 -0.572263122 -0.387510151 -1.619914055 0.101997204 -0.021454019 0.006020456 0.994535148
1413393936505760512.000000 -0.551539481 -0.397518992 -1.595060945 0.123453982 -0.017229231 -0.005163525 0.992187381
1413393936555760384.000000 -0.528545618 -0.405624032 -1.572207093 0.143652394 -0.010812371 -0.017875379 0.989407718
1413393936605760512.000000 -0.506058455 -0.411942065 -1.545955181 0.163034499 -0.001967945 -0.029650087 0.986172855
1413393936655760384.000000 -0.482795656 -0.416923136 -1.519607067 -0.181847855 -0.008878184 0.039861791 -0.982478321
1413393936705760512.000000 -0.458335042 -0.421023816 -1.496516705 0.199369326 0.019528558 -0.048671637 0.978520095
1413393936755760384.000000 -0.435146630 -0.423409104 -1.471428275 0.216206983 0.027920274 -0.056275368 0.974324405
1413393936805760512.000000 -0.412278444 -0.424512327 -1.447474122 0.232258201 0.034399420 -0.063912332 0.969942272
1413393936855760384.000000 -0.387687802 -0.427010804 -1.427227616 0.248239741 0.039581638 -0.071723975 0.965228498
1413393936905760512.000000 -0.364735633 -0.425868392 -1.406654000 0.263944745 0.045330822 -0.080411062 0.960110664
1413393936955760384.000000 -0.342239678 -0.423824191 -1.388145566 0.280443817 0.049138043 -0.089279450 0.954445362
1413393937005760512.000000 -0.318465739 -0.422822535 -1.374402046 0.296429664 0.054778151 -0.099985071 0.948225677
1413393937055760384.000000 -0.296272844 -0.418618828 -1.361721516 0.313070029 0.059021164 -0.110516712 0.941429675
1413393937105760512.000000 -0.274598897 -0.413655937 -1.352161050 0.330132633 0.062208809 -0.119988441 0.934208393
1413393937155760384.000000 -0.252700746 -0.410269916 -1.347288489 0.347006470 0.064347945 -0.127808779 0.926882327
1413393937205760512.000000 -0.231843561 -0.403307498 -1.344794631 0.364387780 0.066680245 -0.134643182 0.919046581
1413393937255760384.000000 -0.211528182 -0.395434350 -1.345552921 0.380872965 0.067497358 -0.141031981 0.911312222
1413393937305760512.000000 -0.190683395 -0.390008152 -1.353637695 0.396888047 0.067434788 -0.145905942 0.903683543
1413393937355760384.000000 -0.171252862 -0.380163372 -1.360918760 0.411292255 0.065924414 -0.151201174 0.896454632
1413393937405760512.000000 -0.152170017 -0.369070470 -1.370882034 0.423300833 0.064112999 -0.155243367 0.890284002
1413393937455760384.000000 -0.135291234 -0.357030272 -1.382312179 0.432536572 0.058516033 -0.160452172 0.885292709
1413393937505760512.000000 -0.123155877 -0.343249679 -1.394518375 0.439244062 0.046616133 -0.166020319 0.881662607
1413393937555760384.000000 -0.115981959 -0.327800572 -1.413620114 0.445063949 0.033606004 -0.167905763 0.878974617
1413393937605760512.000000 -0.114525370 -0.312904477 -1.425102711 0.449616313 0.022268292 -0.169027537 0.876800478
1413393937655760384.000000 -0.117857173 -0.298107982 -1.435576320 0.453874737 0.010622201 -0.168097839 0.875001729
1413393937705760512.000000 -0.125040933 -0.282749355 -1.445212483 0.456194460 -0.000196213 -0.168052718 0.873867750
1413393937755760384.000000 -0.132913798 -0.267603159 -1.454550505 0.457107812 -0.010951026 -0.169690251 0.873004973
1413393937805760512.000000 -0.139919415 -0.253140390 -1.463698268 0.457456648 -0.021278610 -0.171178281 0.872340918
1413393937855760384.000000 -0.145400554 -0.238998592 -1.476934671 0.456922412 -0.029675625 -0.171662793 0.872280478
1413393937905760512.000000 -0.147486597 -0.227148831 -1.485418558 0.456455827 -0.031008543 -0.173070610 0.872200191
1413393937955760384.000000 -0.147931695 -0.216022134 -1.493664742 0.456026673 -0.025380228 -0.174851671 0.872251332
1413393938005760512.000000 -0.147079155 -0.206464767 -1.501395106 0.454618722 -0.018401055 -0.177569151 0.872612417
1413393938055760384.000000 -0.143619061 -0.198846042 -1.507779837 0.452663451 -0.009061760 -0.182218120 0.872817457
1413393938105760512.000000 -0.140739396 -0.192114532 -1.515933037 0.450987786 0.003177235 -0.188732550 0.872341692
1413393938155760384.000000 -0.137219086 -0.186708093 -1.525826335 0.449921697 0.018487982 -0.196831584 0.870911002
1413393938205760512.000000 -0.133418441 -0.182716370 -1.537864208 0.450325429 0.034829080 -0.206093118 0.868055105
1413393938255760384.000000 -0.130466387 -0.179795742 -1.553099036 0.452631295 0.048347555 -0.213434890 0.864426434
1413393938305760512.000000 -0.128578007 -0.178146303 -1.571749926 0.457693666 0.056608196 -0.216507167 0.860486388
1413393938355760384.000000 -0.123750865 -0.175390661 -1.591397524 0.466200799 0.059810225 -0.213969827 0.856327295
1413393938405760512.000000 -0.123756148 -0.175173581 -1.617925644 0.477810413 0.057583809 -0.207771361 0.851594031
1413393938455760384.000000 -0.124580562 -0.175002754 -1.647935629 0.492457122 0.051008902 -0.197239548 0.846156478
1413393938505760512.000000 -0.126149416 -0.174677432 -1.680381179 0.507071316 0.043281417 -0.189222276 0.839762151
1413393938555760384.000000 -0.126507670 -0.175106049 -1.713566303 0.520836592 0.035772149 -0.183751360 0.832877636
1413393938605760512.000000 -0.130721316 -0.173866272 -1.748805285 0.534245491 0.029682208 -0.180766955 0.825241864
1413393938655760384.000000 -0.137960777 -0.171115279 -1.783850431 0.547103286 0.022892216 -0.179076761 0.817364991
1413393938705760512.000000 -0.148438320 -0.166538596 -1.817766666 0.558764577 0.015539857 -0.179056749 0.809616864
1413393938755760384.000000 -0.154684767 -0.162874937 -1.842363358 0.570366383 0.011437832 -0.178901389 0.801589489
1413393938805760512.000000 -0.169557601 -0.154896021 -1.874840617 0.581486166 0.011683854 -0.179206178 0.793487608
1413393938855760384.000000 -0.184745118 -0.145250201 -1.906879187 0.591482460 0.015831335 -0.181593582 0.785443604
1413393938905760512.000000 -0.200281277 -0.133514881 -1.938357830 0.601022184 0.018930595 -0.185400113 0.777200639
1413393938955760384.000000 -0.211781740 -0.123256207 -1.966165662 0.609890997 0.020933047 -0.190410733 0.768985450
1413393939005760512.000000 -0.225544885 -0.108268023 -1.998029828 0.618592501 0.021390429 -0.195384517 0.760730445
1413393939055760384.000000 -0.237430826 -0.091644883 -2.030314922 0.626835823 0.023872580 -0.199218512 0.752873838
1413393939105760512.000000 -0.245510519 -0.074491739 -2.063450813 0.637885928 0.033957791 -0.194921643 0.744280934
1413393939155760384.000000 -0.251239896 -0.047550201 -2.105681419 0.648878634 0.045376759 -0.190015912 0.735385239
1413393939205760512.000000 -0.259851396 -0.024934411 -2.139181614 0.657178223 0.047456209 -0.191085815 0.727565110
1413393939255760384.000000 -0.270079255 0.001013994 -2.171842575 0.661690772 0.041595653 -0.199370414 0.721586227
1413393939305760512.000000 -0.281767368 0.027791739 -2.201241493 0.663488328 0.029101022 -0.211799830 0.716991842
1413393939355760384.000000 -0.294554383 0.058723211 -2.232095003 0.661637783 0.010365455 -0.229833320 0.713655889
1413393939405760512.000000 -0.309338599 0.090579271 -2.262073994 0.657905877 -0.015723318 -0.247942567 0.710941076
1413393939455760384.000000 -0.325848162 0.122211218 -2.289606094 0.652826250 -0.045120452 -0.264692605 0.708321869
1413393939505760512.000000 -0.349127024 0.150616884 -2.317492247 0.646835864 -0.074772060 -0.278221577 0.706119955
1413393939555760384.000000 -0.368666947 0.176304340 -2.343108177 -0.640985847 0.101250567 0.288327485 -0.704097092
1413393939605760512.000000 -0.389102578 0.197194576 -2.366488934 -0.634734392 0.123719409 0.296598881 -0.702733934
1413393939655760384.000000 -0.411173880 0.210102320 -2.386678219 -0.628573477 0.142023936 0.303908974 -0.701686561
1413393939705760512.000000 -0.433012903 0.216998100 -2.407300234 0.622665107 -0.149367556 -0.313313901 0.701293111
1413393939755760384.000000 -0.452150583 0.214455605 -2.423252106 0.619742513 -0.146184027 -0.318971515 0.702001929
1413393939805760512.000000 -0.469304800 0.202880621 -2.437627792 0.621724725 -0.130173206 -0.316648513 0.704448104
1413393939855760384.000000 -0.484358966 0.182787657 -2.450717211 -0.629319370 0.102778040 0.301620930 -0.708815038
1413393939905760512.000000 -0.495497346 0.157279968 -2.465662003 0.640438259 -0.068692796 -0.274854779 0.713845253
1413393939955760384.000000 -0.505320668 0.127645969 -2.478602171 0.652324677 -0.030115517 -0.243147418 0.717248201
1413393940005760512.000000 -0.514480591 0.098109722 -2.491298676 0.662620246 0.005053078 -0.210970476 0.718610048
1413393940055760384.000000 -0.522894561 0.071066141 -2.504279613 0.672146976 0.034273036 -0.177252710 0.718070567
1413393940105760512.000000 -0.533642709 0.046406984 -2.519209623 0.679557085 0.058006637 -0.148350954 0.716121197
1413393940155760384.000000 -0.542193651 0.029375553 -2.530232430 0.685722888 0.072684720 -0.123803757 0.713564157
1413393940205760512.000000 -0.549747586 0.021002769 -2.540291548 0.690056205 0.084884703 -0.105556279 0.710967600
1413393940255760384.000000 -0.557903767 0.019853592 -2.549463749 0.692166388 0.088234775 -0.096734002 0.709762514
1413393940305760512.000000 -0.561884582 0.024425745 -2.560640097 0.691508532 0.080165304 -0.101695396 0.710667014
1413393940355760384.000000 -0.570264935 0.040147781 -2.565623522 0.687222540 0.063916996 -0.121199317 0.713407695
1413393940405760512.000000 -0.581491947 0.065644741 -2.564692020 0.680052340 0.042449318 -0.148056254 0.716802776
1413393940455760384.000000 -0.587875843 0.092900991 -2.567460299 0.670789480 0.013930918 -0.177327275 0.720001757
1413393940505760512.000000 -0.589816511 0.122629881 -2.571881056 0.659271121 -0.021044465 -0.209018692 0.721962571
1413393940555760384.000000 -0.595541239 0.155233860 -2.570925951 0.648038387 -0.057492971 -0.234758511 0.722239137
1413393940605760512.000000 -0.598901272 0.185884953 -2.569294691 0.637868285 -0.090350069 -0.252304137 0.722013533
1413393940655760384.000000 -0.598603189 0.212611198 -2.566921234 -0.629473448 0.116107412 0.263112009 -0.721840918
1413393940705760512.000000 -0.590466619 0.229045630 -2.565204382 0.623855531 -0.137264833 -0.266657591 0.721703887
1413393940755760384.000000 -0.584623158 0.241993666 -2.558071136 0.620014787 -0.155585170 -0.263440907 0.722477615
1413393940805760512.000000 -0.574221492 0.246412039 -2.547700644 0.619385362 -0.161738247 -0.256215811 0.724262357
1413393940855760384.000000 -0.557606757 0.241752863 -2.534294605 -0.622188807 0.148623914 0.247282922 -0.727765977
1413393940905760512.000000 -0.536722124 0.230504990 -2.516523838 0.626484811 -0.123507619 -0.239999786 0.731206417
1413393940955760384.000000 -0.514282346 0.214951515 -2.496380091 -0.632642865 0.093086049 0.229010180 -0.733929455
1413393941005760512.000000 -0.489713460 0.196218014 -2.474096775 -0.639832914 0.058596358 0.214091107 -0.735761762
1413393941055760384.000000 -0.463362396 0.175500154 -2.450520992 0.648075342 -0.024691066 -0.193215251 0.736244977
1413393941105760512.000000 -0.437205642 0.157217503 -2.422868490 0.655497909 0.008329118 -0.173208252 0.735018432
1413393941155760384.000000 -0.409932941 0.140562057 -2.397253036 0.661912918 0.034828816 -0.155234590 0.732502878
1413393941205760512.000000 -0.383232832 0.128337622 -2.370795727 0.666780233 0.055099141 -0.141294673 0.729660213
1413393941255760384.000000 -0.360102713 0.123272896 -2.341732264 0.669485152 0.065634780 -0.135659248 0.727377713
1413393941305760512.000000 -0.336892247 0.121810675 -2.313178301 0.669268668 0.061740410 -0.143032387 0.726504862
1413393941355760384.000000 -0.314915359 0.125844717 -2.283947945 0.667341113 0.048082180 -0.157489672 0.726320267
1413393941405760512.000000 -0.294301152 0.135203600 -2.253642082 0.663636327 0.027988466 -0.176917598 0.726294518
1413393941455760384.000000 -0.279870540 0.149320960 -2.218438387 0.658546567 0.005376755 -0.198190689 0.725953162
1413393941505760512.000000 -0.259586424 0.163479686 -2.187567234 0.651591957 -0.019967422 -0.222354591 0.724974275
1413393941555760384.000000 -0.239142880 0.177817106 -2.156096220 0.644126534 -0.044002324 -0.244718388 0.723379493
1413393941605760512.000000 -0.217978179 0.190860748 -2.124340773 0.637221634 -0.064995944 -0.263756841 0.721218765
1413393941655760384.000000 -0.197675824 0.201818705 -2.090021372 0.631492674 -0.080875017 -0.278725177 0.719019115
1413393941705760512.000000 -0.174939066 0.206591725 -2.057405710 -0.625662565 0.093233831 0.290021718 -0.718151331
1413393941755760384.000000 -0.153736264 0.206154108 -2.023391247 -0.619452178 0.102404453 0.299413770 -0.718431473
1413393941805760512.000000 -0.134670019 0.201424122 -1.987962365 -0.614452958 0.107371911 0.305909455 -0.719262362
1413393941855760384.000000 -0.119730890 0.189993739 -1.947765112 0.612471938 -0.104482174 -0.305810213 0.721416473
1413393941905760512.000000 -0.101069391 0.170511365 -1.911580801 0.615548074 -0.091658011 -0.295765311 0.724722207
1413393941955760384.000000 -0.082396656 0.145356536 -1.875193119 -0.620655835 0.072905339 0.280843318 -0.728421748
1413393942005760512.000000 -0.064561024 0.116762877 -1.837559581 0.627820849 -0.048640590 -0.260487288 0.731861651
1413393942055760384.000000 -0.043811105 0.084240675 -1.801792860 0.635790944 -0.019524962 -0.235992536 0.734640241
1413393942105760512.000000 -0.022731315 0.051504970 -1.766382217 0.642471373 0.009607263 -0.212005362 0.736336887
1413393942155760384.000000 -0.002566621 0.020750880 -1.731270909 0.647628903 0.035863783 -0.190529406 0.736878037
1413393942205760512.000000 0.014688693 -0.003599048 -1.695132136 0.651174545 0.058546837 -0.172543526 0.736731172
1413393942255760384.000000 0.034430012 -0.027009010 -1.661710382 0.652467430 0.074884705 -0.161989063 0.736503959
1413393942305760512.000000 0.054119378 -0.044992685 -1.629402399 0.653314531 0.085513666 -0.154040679 0.736300945
1413393942355760384.000000 0.071219385 -0.054251909 -1.597923517 0.653108895 0.090490870 -0.151521012 0.736411273
1413393942405760512.000000 0.090190813 -0.059642315 -1.568379521 0.651553571 0.088387907 -0.155796126 0.737152040
1413393942455760384.000000 0.108330041 -0.058900833 -1.540145874 0.648347616 0.078999959 -0.166002244 0.738815010
1413393942505760512.000000 0.122434042 -0.049498200 -1.512285829 0.644517541 0.065676101 -0.179909050 0.740213871
1413393942555760384.000000 0.138811126 -0.039131522 -1.486650825 0.639174521 0.046540558 -0.198361501 0.741581202
1413393942605760512.000000 0.153097525 -0.025654554 -1.461486936 0.632222474 0.022579229 -0.219233021 0.742779791
1413393942655760384.000000 0.161144435 -0.008944869 -1.435644627 0.625124872 -0.002061698 -0.238933191 0.743051648
1413393942705760512.000000 0.171812922 0.006645918 -1.411564112 0.617854476 -0.023684677 -0.257760167 0.742465198
1413393942755760384.000000 0.181255490 0.020050764 -1.387785673 0.611610889 -0.042919565 -0.272776932 0.741405964
1413393942805760512.000000 0.188421279 0.030727625 -1.363737106 0.606319427 -0.057530355 -0.286000609 0.739777505
1413393942855760384.000000 0.191652343 0.037595868 -1.339201450 0.602405012 -0.068512924 -0.295521259 0.738296270
1413393942905760512.000000 0.194093361 0.039978087 -1.314325452 0.599386334 -0.076885112 -0.303214997 0.736807644
1413393942955760384.000000 0.194462299 0.037107408 -1.289029002 0.597836614 -0.083234027 -0.307481438 0.735607743
1413393943005760512.000000 0.193415418 0.029795229 -1.263592482 -0.598929226 0.081370488 0.306870490 -0.735182345
1413393943055760384.000000 0.193635464 0.015233457 -1.238884568 -0.605407298 0.067679353 0.296035439 -0.735706806
1413393943105760512.000000 0.194947407 -0.007495821 -1.213734865 0.613895535 -0.046171047 -0.280434668 0.736448944
1413393943155760384.000000 0.197845355 -0.030876935 -1.191317081 0.624136090 -0.020726433 -0.258466482 0.737034440
1413393943205760512.000000 0.201098576 -0.055549324 -1.170082211 0.633684814 0.005504067 -0.236749858 0.736452878
1413393943255760384.000000 0.204487339 -0.080453992 -1.149378181 0.641357362 0.031519078 -0.215715334 0.735618293
1413393943305760512.000000 0.208796293 -0.103335917 -1.131580114 0.647665739 0.050841182 -0.196129516 0.734491348
1413393943355760384.000000 0.211824074 -0.122088313 -1.113630533 0.653536081 0.068609767 -0.178617239 0.732310951
1413393943405760512.000000 0.214285716 -0.135974467 -1.096690297 0.657108903 0.080582812 -0.165318698 0.731015801
1413393943455760384.000000 0.216867879 -0.144921005 -1.081552148 0.659118295 0.087927312 -0.157175690 0.730155945
1413393943505760512.000000 0.221792206 -0.151666343 -1.067723393 0.657886088 0.085347660 -0.160837844 0.730775595
1413393943555760384.000000 0.220555544 -0.149356365 -1.053081870 0.652867258 0.071916752 -0.175496012 0.733344138
1413393943605760512.000000 0.219157785 -0.142247677 -1.039688587 0.647023201 0.056106608 -0.192544490 0.735621929
1413393943655760384.000000 0.212606609 -0.129057825 -1.026211858 0.639400661 0.033488631 -0.214157999 0.737686753
1413393943705760512.000000 0.214289933 -0.118896067 -1.016328335 0.630771637 0.010258735 -0.235756561 0.739216387
1413393943755760384.000000 0.211992830 -0.106002688 -1.006479740 0.622499347 -0.013121707 -0.254405737 0.740000069
1413393943805760512.000000 0.210432291 -0.094468713 -0.997733295 0.614108384 -0.033802141 -0.271372527 0.740327835
1413393943855760384.000000 0.214976996 -0.088961303 -0.989987612 0.605700254 -0.048540078 -0.283238679 0.741988540
1413393943905760512.000000 0.217270374 -0.084697127 -0.982954681 0.597794354 -0.059189092 -0.289673090 0.745136321
1413393943955760384.000000 0.221946925 -0.086558521 -0.976769745 0.591027319 -0.062065843 -0.292112589 0.749336243
1413393944005760512.000000 0.229937747 -0.095112205 -0.971819282 0.587678313 -0.058021601 -0.283877641 0.755434453
1413393944055760384.000000 0.238332719 -0.107124746 -0.967322052 0.585820675 -0.048532039 -0.269894928 0.762637198
1413393944105760512.000000 0.249112591 -0.122256279 -0.964140654 0.585525632 -0.038001701 -0.249916717 0.770232022
1413393944155760384.000000 0.259375662 -0.140689373 -0.960192263 0.586051762 -0.027251806 -0.224544704 0.778061926
1413393944205760512.000000 0.270587325 -0.159970403 -0.956095755 0.586228251 -0.015198868 -0.197578460 0.785536885
1413393944255760384.000000 0.283135414 -0.178727627 -0.951523662 0.585132241 0.000845603 -0.172758415 0.792321980
1413393944305760512.000000 0.295641005 -0.196380854 -0.946433067 0.582555652 0.016825313 -0.149870917 0.798676789
1413393944355760384.000000 0.308624864 -0.210178435 -0.939887702 0.578115940 0.032514416 -0.131587535 0.804617643
1413393944405760512.000000 0.321329355 -0.220153034 -0.932775497 0.572038949 0.045725260 -0.119569562 0.810175180
1413393944455760384.000000 0.333539307 -0.226398706 -0.926686823 0.566007733 0.052934241 -0.111269519 0.815139532
1413393944505760512.000000 0.345067203 -0.226788819 -0.919771135 0.557317019 0.056630444 -0.114524916 0.820411384
1413393944555760384.000000 0.355124205 -0.222358882 -0.912795961 0.546794832 0.051630858 -0.127673715 0.825862646
1413393944605760512.000000 0.363387257 -0.215505064 -0.906337976 0.534859896 0.040769096 -0.146231756 0.831191301
1413393944655760384.000000 0.371531636 -0.204369634 -0.899992943 0.523819983 0.023088010 -0.165022895 0.835372448
1413393944705760512.000000 0.379152119 -0.191518188 -0.894511104 0.513355732 0.001954416 -0.183999151 0.838216305
1413393944755760384.000000 0.385113239 -0.181610197 -0.890091181 0.503471732 -0.018391212 -0.200551212 0.840212643
1413393944805760512.000000 0.394008368 -0.170239717 -0.885986447 0.495499492 -0.037695464 -0.213726521 0.841059029
1413393944855760384.000000 0.404271245 -0.161427557 -0.881889105 0.488771260 -0.053261191 -0.223999441 0.841480970
1413393944905760512.000000 0.415165782 -0.156875998 -0.878072858 0.483477533 -0.065475412 -0.231499135 0.841647565
1413393944955760384.000000 0.428559840 -0.156127006 -0.872793674 -0.479572922 0.075239271 0.234666362 -0.842188001
1413393945005760512.000000 0.444680840 -0.160461426 -0.866504192 -0.476900816 0.076734245 0.233448774 -0.843907058
1413393945055760384.000000 0.464048803 -0.170059264 -0.860328674 0.476565659 -0.064524345 -0.225991860 0.847141922
1413393945105760512.000000 0.484518051 -0.183253497 -0.851890862 0.477563351 -0.042589106 -0.212977841 0.851328313
1413393945155760384.000000 0.504201770 -0.198460579 -0.842347324 0.478226334 -0.015582114 -0.196216300 0.855894864
1413393945205760512.000000 0.521218717 -0.214657336 -0.833261371 0.477749258 0.014624819 -0.177495211 0.860254228
1413393945255760384.000000 0.535502911 -0.229533970 -0.823003709 0.475513071 0.043773457 -0.158412546 0.864220321
1413393945305760512.000000 0.545349777 -0.242155015 -0.812958658 0.471406251 0.067768484 -0.141388938 0.867866874
1413393945355760384.000000 0.551282346 -0.252393842 -0.804293454 0.464204967 0.083959855 -0.129313886 0.872205555
1413393945405760512.000000 0.551155746 -0.258369446 -0.795618713 0.455024421 0.090934724 -0.121284224 0.877481520
1413393945455760384.000000 0.546136558 -0.260733038 -0.788041174 0.444676429 0.090062045 -0.116459370 0.883509517
1413393945505760512.000000 0.532703638 -0.259481221 -0.778960168 0.433446825 0.079017580 -0.113834046 0.890461683
1413393945555760384.000000 0.519614518 -0.254808456 -0.773803413 0.420683503 0.062361941 -0.114894293 0.897739232
1413393945605760512.000000 0.505896270 -0.247221559 -0.770517290 0.406836808 0.045619614 -0.118728727 0.904602826
1413393945655760384.000000 0.491132170 -0.237171203 -0.769083500 0.391816467 0.029835185 -0.123922959 0.911171138
1413393945705760512.000000 0.477025688 -0.225219250 -0.768898427 0.376266152 0.013303351 -0.130105719 0.917234600
1413393945755760384.000000 0.463134050 -0.212247208 -0.769525170 0.359983295 -0.003971430 -0.136256680 0.922946572
1413393945805760512.000000 0.453366727 -0.200419173 -0.771040797 0.343468428 -0.021404509 -0.142066538 0.928110182
1413393945855760384.000000 0.441062510 -0.189560145 -0.771479428 -0.327100128 0.037656125 0.145967722 -0.932888508
1413393945905760512.000000 0.430951923 -0.181053326 -0.771070600 -0.311541706 0.048303109 0.149033383 -0.937228739
1413393945955760384.000000 0.427296579 -0.174510986 -0.771600366 0.299561679 -0.046913523 -0.144167125 0.941954195
1413393946005760512.000000 0.424089700 -0.172101647 -0.769169450 0.288548380 -0.033931289 -0.137573749 0.946922421
1413393946055760384.000000 0.423916578 -0.171754390 -0.765814126 0.279286504 -0.013771375 -0.127959013 0.951543987
1413393946105760512.000000 0.425508320 -0.172699243 -0.764215350 0.270051032 0.010261737 -0.117123306 0.955640793
1413393946155760384.000000 0.426076055 -0.174527645 -0.761567175 0.260706693 0.035640378 -0.105384640 0.958986938
1413393946205760512.000000 0.426613092 -0.176327288 -0.760728717 0.250488162 0.059747972 -0.093684562 0.961721957
1413393946255760384.000000 0.424623787 -0.177421570 -0.761792719 0.239134610 0.076799162 -0.083439454 0.964341402
1413393946305760512.000000 0.419899940 -0.177419066 -0.765251815 0.225793436 0.083626337 -0.076536633 0.967556834
1413393946355760384.000000 0.413023621 -0.176332235 -0.771826923 0.213658527 0.081383221 -0.065954998 0.971275926
1413393946405760512.000000 0.402834415 -0.173947141 -0.779681027 0.199978262 0.069271624 -0.056925453 0.975689411
1413393946455760384.000000 0.392519802 -0.170184314 -0.793253541 0.186357424 0.054249082 -0.046787433 0.979866743
1413393946505760512.000000 0.381505221 -0.164851487 -0.807111502 0.170195714 0.037585106 -0.039669987 0.983893871
1413393946555760384.000000 0.370351344 -0.158136666 -0.822357595 -0.152460575 -0.017830918 0.034590576 -0.987543166
1413393946605760512.000000 0.358065575 -0.146428287 -0.846854448 0.132983759 -0.003595442 -0.033120930 0.990558147
1413393946655760384.000000 0.347769976 -0.138022020 -0.861606300 0.111565538 -0.025427254 -0.032999206 0.992883503
1413393946705760512.000000 0.339120954 -0.129212528 -0.874454260 0.088668466 -0.045018118 -0.034775831 0.994435489
1413393946755760384.000000 0.334447920 -0.120911643 -0.886731029 -0.065576285 0.059522498 0.036581919 -0.995398760
1413393946805760512.000000 0.332983792 -0.114120804 -0.895554423 -0.043475620 0.066242963 0.035419200 -0.996226549
1413393946855760384.000000 0.329848528 -0.105058596 -0.905070126 0.022775469 -0.066017359 -0.032459326 0.997030318
1413393946905760512.000000 0.335323900 -0.101110183 -0.907846332 0.004093467 -0.055489380 -0.028591584 0.998041511
1413393946955760384.000000 0.343962669 -0.098780185 -0.907957435 -0.012900991 -0.034749262 -0.023344595 0.999040127
1413393947005760512.000000 0.346209943 -0.092513278 -0.907806754 -0.028618835 -0.005386897 -0.017332785 0.999425650
1413393947055760384.000000 0.354275495 -0.093346126 -0.904626310 -0.044249449 0.023434216 -0.011555457 0.998678803
1413393947105760512.000000 0.358467013 -0.095199704 -0.900551379 -0.059867527 0.048221793 -0.005978601 0.997022986
1413393947155760384.000000 0.354802966 -0.094052039 -0.898808002 -0.075801514 0.065079436 0.000375230 0.994996846
1413393947205760512.000000 0.348730326 -0.097675301 -0.895801961 -0.092236750 0.072440125 0.006982328 0.993074059
1413393947255760384.000000 0.338161945 -0.102672175 -0.894641042 -0.108653277 0.075466111 0.013489515 0.991119325
1413393947305760512.000000 0.316926301 -0.104231253 -0.897428989 -0.125117168 0.075436473 0.020545363 0.989056587
1413393947355760384.000000 0.298793018 -0.111451797 -0.900030196 -0.141878024 0.075195268 0.028301664 0.986618161
1413393947405760512.000000 0.276967824 -0.119831026 -0.903952777 -0.157573313 0.072638005 0.039238658 0.984050155
1413393947455760384.000000 0.249587879 -0.128244653 -0.909424245 0.170539513 -0.066423096 -0.057587661 -0.981421351
1413393947505760512.000000 0.218565330 -0.134221345 -0.916899800 -0.182889342 0.058266312 0.078331828 0.978274345
1413393947555760384.000000 0.189485997 -0.143649712 -0.926045775 -0.195154399 0.051056348 0.098814406 0.974445343
1413393947605760512.000000 0.160366610 -0.152192861 -0.937332511 -0.207813874 0.043489441 0.119159929 0.969908834
1413393947655760384.000000 0.128502786 -0.156332105 -0.951094866 -0.220445618 0.032839753 0.138543144 0.964951396
1413393947705760512.000000 0.099613540 -0.160754219 -0.965945244 -0.234671906 0.017435996 0.152743295 0.959840894
1413393947755760384.000000 0.072501853 -0.162320256 -0.982374787 -0.251986772 0.000728229 0.159236088 0.954539776
1413393947805760512.000000 0.045601495 -0.159204751 -1.000488758 0.271536022 0.015464632 -0.158280715 -0.949197769
1413393947855760384.000000 0.021153189 -0.149724692 -1.020409465 -0.292203248 -0.027512748 0.152144268 0.943775594
1413393947905760512.000000 0.000762813 -0.140885636 -1.038634062 -0.312535703 -0.034454994 0.145392776 0.938080609
1413393947955760384.000000 -0.016602322 -0.129759997 -1.055714726 -0.331762046 -0.035287511 0.137528270 0.932617128
1413393948005760512.000000 -0.030486323 -0.113944314 -1.071076393 -0.351897210 -0.030052422 0.120613679 0.927748680
1413393948055760384.000000 -0.042472698 -0.100331701 -1.084246993 -0.370485514 -0.022916807 0.103867836 0.922727942
1413393948105760512.000000 -0.053141952 -0.087501809 -1.095110536 -0.386456341 -0.016133094 0.091029927 0.917662740
1413393948155760384.000000 -0.062771939 -0.075104803 -1.104730606 0.399357408 0.007475136 -0.084949791 -0.912820578
1413393948205760512.000000 -0.068490550 -0.064461842 -1.110669374 -0.409755409 0.003599387 0.083087824 0.908396423
1413393948255760384.000000 -0.075340346 -0.057565063 -1.115892172 -0.418430954 0.016867982 0.083636723 0.904232264
1413393948305760512.000000 -0.081264794 -0.053750813 -1.120073438 -0.424973369 0.032143250 0.087830529 0.900361240
1413393948355760384.000000 -0.086843237 -0.052737832 -1.123671174 0.431390285 -0.048691083 -0.091232315 -0.896218836
1413393948405760512.000000 -0.088470243 -0.056648761 -1.129583120 -0.438292772 0.063535146 0.093090333 0.891738176
1413393948455760384.000000 -0.093580022 -0.062686265 -1.134858131 -0.444519371 0.074343003 0.096274793 0.887472153
1413393948505760512.000000 -0.099014923 -0.072294086 -1.141158819 -0.450738549 0.079890922 0.100798808 0.883341312
1413393948555760384.000000 -0.106149748 -0.085501701 -1.148732305 0.455246896 -0.077194266 -0.110595264 -0.880090952
1413393948605760512.000000 -0.114727728 -0.101404965 -1.156970382 0.460003644 -0.064589277 -0.121244788 -0.877225518
1413393948655760384.000000 -0.122043818 -0.119475037 -1.166126490 -0.464871109 0.044248030 0.134094119 0.874045610
1413393948705760512.000000 -0.130918428 -0.139250129 -1.176077843 -0.469651431 0.023140030 0.146546990 0.870296538
1413393948755760384.000000 -0.139950633 -0.160069436 -1.186141372 -0.474905282 0.002573442 0.158654273 0.865613818
1413393948805760512.000000 -0.147713572 -0.180707663 -1.195902944 -0.480211020 -0.015352220 0.171229497 0.860140800
1413393948855760384.000000 -0.153724343 -0.201473773 -1.206072927 -0.485337734 -0.029253280 0.184899941 0.854051292
1413393948905760512.000000 -0.156926006 -0.217983246 -1.214101553 -0.491941303 -0.037130959 0.196010500 0.847463906
1413393948955760384.000000 -0.158406675 -0.232678294 -1.221607327 -0.500108421 -0.039069600 0.204357654 0.840596914
1413393949005760512.000000 -0.156548709 -0.245045841 -1.228769064 0.511369288 0.032065704 -0.206445605 -0.833578765
1413393949055760384.000000 -0.153941259 -0.255162001 -1.235469580 0.524713933 0.023103530 -0.202693522 -0.826472640
1413393949105760512.000000 -0.148888633 -0.262270182 -1.241714835 0.538927913 0.010916466 -0.197216928 -0.818867028
1413393949155760384.000000 -0.142071903 -0.268411815 -1.247798800 0.553303957 -0.001428665 -0.189796522 -0.811067283
1413393949205760512.000000 -0.135319382 -0.274728179 -1.253869295 -0.566969156 0.014983681 0.182788342 0.803062797
1413393949255760384.000000 -0.128647640 -0.281985879 -1.259044409 -0.579660058 0.027256440 0.177083030 0.794916928
1413393949305760512.000000 -0.120732643 -0.289986253 -1.264176846 -0.592430234 0.040079072 0.169365123 0.786597490
1413393949355760384.000000 -0.113019973 -0.300126433 -1.268951058 -0.603832901 0.051713865 0.164118662 0.778316498
1413393949405760512.000000 -0.105586477 -0.314832032 -1.275294423 0.614694834 -0.064314522 -0.159262106 -0.769837379
1413393949455760384.000000 -0.097295068 -0.329295039 -1.278087735 -0.623787105 0.076397747 0.157721221 0.761693597
1413393949505760512.000000 -0.091942661 -0.350091994 -1.282599092 -0.629310489 0.085148521 0.164013207 0.754862726
1413393949555760384.000000 -0.089016527 -0.374526799 -1.286584377 -0.630585313 0.086002722 0.180335954 0.749963105
1413393949605760512.000000 -0.088340156 -0.403175592 -1.291211367 0.629688025 -0.083227463 -0.199521050 -0.746161878
1413393949655760384.000000 -0.087139964 -0.426914990 -1.292245984 -0.627218366 0.079257637 0.218497932 0.743353248
1413393949705760512.000000 -0.087963253 -0.459869862 -1.299950361 -0.623549998 0.077182963 0.238508269 0.740501285
1413393949755760384.000000 -0.089199997 -0.493845344 -1.310686707 -0.620605350 0.077526160 0.257618129 0.736526728
1413393949805760512.000000 -0.090826727 -0.528491557 -1.325152159 -0.618154168 0.080074929 0.275803626 0.731714308
1413393949855760384.000000 -0.093734793 -0.557099283 -1.341709852 0.616185009 -0.085758731 -0.293867320 -0.725674510
1413393949905760512.000000 -0.097442962 -0.590657055 -1.365123510 0.614346981 -0.090191700 -0.309931338 -0.719990194
1413393949955760384.000000 -0.101806223 -0.623042166 -1.394254446 0.612590075 -0.093990967 -0.323062688 -0.715213001
1413393950005760512.000000 -0.107607402 -0.651671767 -1.429623008 0.613086164 -0.092968844 -0.330913395 -0.711321712
1413393950055760384.000000 -0.114284173 -0.672064722 -1.470395327 0.617530942 -0.081770748 -0.328663945 -0.709893763
1413393950105760512.000000 -0.120919362 -0.697650552 -1.519475460 0.625892222 -0.061179053 -0.316025645 -0.710382879
1413393950155760384.000000 -0.128901720 -0.721253693 -1.573053718 0.632542670 -0.036634047 -0.305430830 -0.710816264
1413393950205760512.000000 -0.137290746 -0.742185593 -1.630025387 0.638445258 -0.012088224 -0.293735832 -0.711309254
1413393950255760384.000000 -0.149123877 -0.755973160 -1.684763193 -0.643223226 -0.011319895 0.282380432 0.711615860
1413393950305760512.000000 -0.157643586 -0.771134198 -1.743794799 -0.646601140 -0.028994584 0.274706751 0.711057425
1413393950355760384.000000 -0.167602301 -0.783124685 -1.801383018 -0.647659063 -0.038720626 0.273565888 0.710070550
1413393950405760512.000000 -0.179007202 -0.791717172 -1.857385397 -0.647944152 -0.043322235 0.274650872 0.709125102
1413393950455760384.000000 -0.194492429 -0.793482065 -1.908330679 -0.648770928 -0.043956786 0.275069505 0.708167255
1413393950505760512.000000 -0.208477437 -0.795276284 -1.961048603 -0.650294185 -0.039020803 0.274371684 0.707329631
1413393950555760384.000000 -0.224099427 -0.793143272 -2.012372494 -0.652834237 -0.031581011 0.271364003 0.706520855
1413393950605760512.000000 -0.240899473 -0.787649035 -2.062135696 -0.656204939 -0.022339830 0.265271574 0.706064463
1413393950655760384.000000 -0.261474162 -0.776608825 -2.108002663 -0.660208642 -0.011663132 0.257774323 0.705365837
1413393950705760512.000000 -0.281755298 -0.765863895 -2.154894590 -0.663981080 -0.001883667 0.249945745 0.704735994
1413393950755760384.000000 -0.304408073 -0.753975630 -2.200105190 -0.667029381 0.004208667 0.243248329 0.704190552
1413393950805760512.000000 -0.329840958 -0.741919994 -2.243582487 -0.669957042 0.008188739 0.237664714 0.703282297
1413393950855760384.000000 -0.359110653 -0.728620291 -2.284378529 -0.672107577 0.010840559 0.233410791 0.702618957
1413393950905760512.000000 -0.389966071 -0.715269923 -2.324052572 -0.674318135 0.009037013 0.228993356 0.701979697
1413393950955760384.000000 -0.421892762 -0.701875329 -2.362237215 -0.677531779 0.002754540 0.222504139 0.701024294
1413393951005760512.000000 -0.453740120 -0.688240767 -2.398497581 -0.679902315 -0.005718095 0.216970041 0.700445771
1413393951055760384.000000 -0.484477937 -0.675989747 -2.433120251 0.681638122 0.012552757 -0.213744253 -0.699660897
1413393951105760512.000000 -0.513684511 -0.662292480 -2.465584993 0.681479454 0.014135972 -0.216010079 -0.699089110
1413393951155760384.000000 -0.540543973 -0.647882104 -2.496294975 0.680803895 0.010770636 -0.218899667 -0.698908508
1413393951205760512.000000 -0.565654397 -0.632842779 -2.525468588 0.680441499 0.006634093 -0.221866384 -0.698377192
1413393951255760384.000000 -0.587438941 -0.618219614 -2.554185152 -0.680253148 -0.002474153 0.224648446 0.697698176
1413393951305760512.000000 -0.608998895 -0.602597952 -2.580949306 -0.680546641 0.000265040 0.226981401 0.696660399
1413393951355760384.000000 -0.628963411 -0.586962700 -2.606668711 -0.680917263 0.001455085 0.229469642 0.695480585
1413393951405760512.000000 -0.647593737 -0.570923328 -2.631595135 -0.681276083 0.000221316 0.232624069 0.694081306
1413393951455760384.000000 -0.665542781 -0.554691076 -2.655819654 0.681310534 0.003838968 -0.236439392 -0.692746460
1413393951505760512.000000 -0.683901548 -0.537927151 -2.678171396 0.681066871 0.008427597 -0.240267381 -0.691627443
1413393951555760384.000000 -0.703501284 -0.520026207 -2.698599577 0.681151211 0.012645067 -0.243206859 -0.690451741
1413393951605760512.000000 -0.724508405 -0.500561476 -2.717024088 0.681798398 0.015856206 -0.244543120 -0.689273655
1413393951655760384.000000 -0.746582389 -0.479987383 -2.733628273 0.683307886 0.016516158 -0.243879616 -0.687997341
1413393951705760512.000000 -0.769170403 -0.458918095 -2.748617172 0.685466647 0.016375998 -0.240864664 -0.686914504
1413393951755760384.000000 -0.787315726 -0.438982964 -2.762728930 -0.687990963 -0.016486915 0.237684861 0.685494363
1413393951805760512.000000 -0.810429692 -0.415943384 -2.774169445 -0.690203607 -0.013791163 0.235690802 0.684016645
1413393951855760384.000000 -0.832996488 -0.391768694 -2.784299612 -0.692329586 -0.009908965 0.234405905 0.682374835
1413393951905760512.000000 -0.854269087 -0.366955519 -2.793319464 -0.694315255 -0.007076645 0.233875647 0.680572212
1413393951955760384.000000 -0.878170252 -0.340538025 -2.800853968 0.695959985 0.004683607 -0.234333664 -0.678752959
1413393952005760512.000000 -0.897220135 -0.313641310 -2.807570219 0.697825193 0.002585091 -0.234090045 -0.676930785
1413393952055760384.000000 -0.907984734 -0.289321184 -2.816838264 0.699650168 0.001314999 -0.234075278 -0.675053179
1413393952105760512.000000 -0.921893120 -0.261755943 -2.822323084 0.700906754 -0.001852517 -0.234860182 -0.673473895
1413393952155760384.000000 -0.932321966 -0.234364271 -2.827952862 0.702802241 -0.002802517 -0.234251663 -0.671704769
1413393952205760512.000000 -0.938852310 -0.207389355 -2.833550692 0.703779578 -0.005372923 -0.235874489 -0.670096099
1413393952255760384.000000 -0.942938209 -0.180901527 -2.838331699 0.704550266 -0.008175602 -0.237550631 -0.668664277
1413393952305760512.000000 -0.938355327 -0.154592037 -2.847055197 0.704557002 -0.009885125 -0.239026859 -0.668107688
1413393952355760384.000000 -0.935777843 -0.128901720 -2.852095127 0.703258455 -0.011924134 -0.239211664 -0.669375241
1413393952405760512.000000 -0.931860685 -0.102859974 -2.856826782 0.700835943 -0.012632570 -0.237977400 -0.672336340
1413393952455760384.000000 -0.927429676 -0.076604128 -2.860910416 0.697934628 -0.011951890 -0.234444275 -0.676594675
1413393952505760512.000000 -0.919349909 -0.050534010 -2.865702152 0.693381310 -0.010301800 -0.231698483 -0.682225883
1413393952555760384.000000 -0.914597809 -0.024562836 -2.868291855 0.687989652 -0.008488922 -0.228413731 -0.688785434
1413393952605760512.000000 -0.908944607 0.001284361 -2.870464087 0.682237804 -0.006778771 -0.223918408 -0.695964217
1413393952655760384.000000 -0.903350174 0.027213573 -2.871519327 0.675117552 -0.005338150 -0.220687747 -0.703906775
1413393952705760512.000000 -0.898907781 0.053075790 -2.871413469 0.667417109 -0.004008878 -0.217517018 -0.712197125
1413393952755760384.000000 -0.889123559 0.077997208 -2.870484829 -0.659175277 0.003575250 0.215478033 0.720447481
1413393952805760512.000000 -0.882609546 0.103106737 -2.868664503 -0.651701629 0.003632504 0.213325143 0.727849066
1413393952855760384.000000 -0.876164138 0.128032446 -2.866529226 -0.644838870 0.003937529 0.212428942 0.734194338
1413393952905760512.000000 -0.869018853 0.152331591 -2.863998890 -0.638055027 0.007798698 0.214673519 0.739418864
1413393952955760384.000000 -0.858039081 0.176119566 -2.861632824 -0.631115794 0.011727232 0.219359085 0.743933499
1413393953005760512.000000 -0.850082338 0.200688839 -2.859040022 -0.625181496 0.016290803 0.224057332 0.747449636
1413393953055760384.000000 -0.841939688 0.225639582 -2.856838465 -0.619954348 0.020128952 0.228406489 0.750387788
1413393953105760512.000000 -0.834678710 0.250969410 -2.854970932 -0.615810037 0.023472378 0.232143834 0.752553284
1413393953155760384.000000 -0.830650091 0.276044369 -2.853231668 0.612724245 -0.025702992 -0.235412523 -0.753982246
1413393953205760512.000000 -0.835871637 0.298127413 -2.847075224 -0.610285461 0.028135072 0.237562567 0.755198121
1413393953255760384.000000 -0.841444194 0.324759722 -2.843729019 -0.608267546 0.030755416 0.239962935 0.755964637
1413393953305760512.000000 -0.849096239 0.352100849 -2.840867758 -0.605693340 0.034779303 0.244306296 0.756465733
1413393953355760384.000000 -0.856705070 0.379795074 -2.839768171 -0.604265392 0.039318096 0.246911615 0.756539643
1413393953405760512.000000 -0.860598385 0.404617548 -2.842214108 -0.604111016 0.044106156 0.247425914 0.756230831
1413393953455760384.000000 -0.863680601 0.432446241 -2.847653866 -0.604547858 0.047832292 0.246726021 0.755883873
1413393953505760512.000000 -0.862643600 0.460250378 -2.857355833 -0.607296228 0.049446929 0.240675256 0.755527496
1413393953555760384.000000 -0.859276533 0.487859011 -2.870768309 -0.611603677 0.048125889 0.231841877 0.754900157
1413393953605760512.000000 -0.856482983 0.512536526 -2.886278152 -0.617727339 0.043914668 0.218778923 0.754069149
1413393953655760384.000000 -0.850938141 0.538357019 -2.903597355 -0.622499108 0.039318155 0.208484411 0.753314853
1413393953705760512.000000 -0.845826507 0.562361240 -2.921144485 -0.627039611 0.036022644 0.198819712 0.752326071
1413393953755760384.000000 -0.842555165 0.583771467 -2.937295675 -0.630646825 0.034639105 0.191220254 0.751345217
1413393953805760512.000000 -0.843647063 0.599346161 -2.951552629 -0.632508755 0.034334194 0.186143160 0.751069009
1413393953855760384.000000 -0.844443619 0.617902517 -2.965401888 -0.632452369 0.034019452 0.182203740 0.752096117
1413393953905760512.000000 -0.847860396 0.634050846 -2.977475643 -0.630345464 0.034793846 0.179895982 0.754381537
1413393953955760384.000000 -0.853709817 0.648171186 -2.987804651 -0.626595974 0.032149907 0.179728791 0.757655203
1413393954005760512.000000 -0.862928450 0.659768343 -2.996521950 -0.620804369 0.025122082 0.183439970 0.761787832
1413393954055760384.000000 -0.869837642 0.669603348 -3.004824877 -0.614217937 0.018094841 0.186568841 0.766551435
1413393954105760512.000000 -0.876321018 0.678250313 -3.012339115 -0.606267095 0.010565751 0.192856476 0.771449983
1413393954155760384.000000 -0.881888330 0.686192513 -3.019263268 -0.597670138 0.000407555 0.198880911 0.776683152
1413393954205760512.000000 -0.886981726 0.695393562 -3.025463820 -0.587895334 -0.009641627 0.205465958 0.782348871
1413393954255760384.000000 -0.889550626 0.703539848 -3.030982971 -0.577204883 -0.019292247 0.211684480 0.788449228
1413393954305760512.000000 -0.889909029 0.712984800 -3.035900831 -0.566275001 -0.027245937 0.215627313 0.795044184
1413393954355760384.000000 -0.888793230 0.724519730 -3.039723158 -0.555046141 -0.033786237 0.218026876 0.802026629
1413393954405760512.000000 -0.886218965 0.739243507 -3.042200804 -0.543738008 -0.038936790 0.217890158 0.809541166
1413393954455760384.000000 -0.882617056 0.755303860 -3.043568134 -0.532023847 -0.042717241 0.215947554 0.817614019
1413393954505760512.000000 -0.877700746 0.773353100 -3.043742895 -0.520285368 -0.045582347 0.212136939 0.825968146
1413393954555760384.000000 -0.871566296 0.794021010 -3.042402744 -0.507994294 -0.048889134 0.208184779 0.834392548
1413393954605760512.000000 -0.864786506 0.817187786 -3.039831161 0.495988429 0.050828826 -0.204497427 -0.842373312
1413393954655760384.000000 -0.856626630 0.847977400 -3.033985138 -0.485341161 -0.051718269 0.199597985 0.849664569
1413393954705760512.000000 -0.847881794 0.877409577 -3.028133392 -0.475708157 -0.053909574 0.195742056 0.855850756
1413393954755760384.000000 -0.838317931 0.909837723 -3.021132708 -0.467781544 -0.055574171 0.192798853 0.860767484
1413393954805760512.000000 -0.828333855 0.944959164 -3.012365818 -0.460764080 -0.056999341 0.190512240 0.864958167
1413393954855760384.000000 -0.817775369 0.983007550 -3.001382351 0.455185294 0.058506563 -0.188278988 -0.868293941
1413393954905760512.000000 -0.805846989 1.026186705 -2.987413168 -0.450911641 -0.059793212 0.185935766 0.870937109
1413393954955760384.000000 -0.793064535 1.069552302 -2.973161936 -0.448358536 -0.058325645 0.182370529 0.873105824
1413393955005760512.000000 -0.778380096 1.115559340 -2.956961393 -0.447311044 -0.052425817 0.177065372 0.875106931
1413393955055760384.000000 -0.761889815 1.163652062 -2.938634157 -0.446663558 -0.043095965 0.168940738 0.877549708
1413393955105760512.000000 -0.746199191 1.214961767 -2.915305138 -0.445179433 -0.034798089 0.161801398 0.880014062
1413393955155760384.000000 -0.729530334 1.265383959 -2.892855167 -0.443045557 -0.027370734 0.154264450 0.882702708
1413393955205760512.000000 -0.712653339 1.316331029 -2.868723631 -0.438944638 -0.019173721 0.151431948 0.885453761
1413393955255760384.000000 -0.695336342 1.367455125 -2.843286753 -0.432950765 -0.012006831 0.151450276 0.888522506
1413393955305760512.000000 -0.678238392 1.419243813 -2.815866232 0.426274061 0.004923798 -0.152495429 -0.891634166
1413393955355760384.000000 -0.662318349 1.471111417 -2.785566330 -0.418580711 -0.001112279 0.152232528 0.895329118
1413393955405760512.000000 -0.644447148 1.522147417 -2.758235931 -0.410029471 0.001230769 0.150045216 0.899644792
1413393955455760384.000000 -0.624962866 1.573261499 -2.730872154 -0.400691330 0.005858282 0.143417895 0.904899716
1413393955505760512.000000 -0.604605258 1.623920560 -2.703577518 -0.389370233 0.012625713 0.134548888 0.911113620
1413393955555760384.000000 -0.583988190 1.672894120 -2.674934387 0.376441300 -0.020402335 -0.123913832 -0.917889476
1413393955605760512.000000 -0.569355369 1.722156048 -2.645145178 -0.363075197 0.027968999 0.109205030 0.924915433
1413393955655760384.000000 -0.554492831 1.768931508 -2.617237329 -0.349565983 0.032529537 0.092848681 0.931732059
1413393955705760512.000000 -0.542417884 1.814267635 -2.589085340 -0.338386923 0.030821102 0.074569434 0.937541425
1413393955755760384.000000 -0.533299983 1.857346058 -2.561001301 -0.329642355 0.025773194 0.054912556 0.942155182
1413393955805760512.000000 -0.527753115 1.897368908 -2.533253908 0.322074264 -0.019090034 -0.036695041 -0.945810437
1413393955855760384.000000 -0.524834037 1.935507536 -2.502750158 -0.315410078 0.009525405 0.023290899 0.948621809
1413393955905760512.000000 -0.523243070 1.968223095 -2.472560644 -0.307091504 -0.000551789 0.019807544 0.951473713
1413393955955760384.000000 -0.521039724 1.996634603 -2.440842628 -0.295562357 -0.006929297 0.028344275 0.954877734
1413393956005760512.000000 -0.517392874 2.021478891 -2.407868862 -0.283453047 -0.011257461 0.041334730 0.958028734
1413393956055760384.000000 -0.513040304 2.042521000 -2.375094891 0.271105558 0.012394484 -0.054363225 -0.960933387
1413393956105760512.000000 -0.503365457 2.064821720 -2.340780020 -0.259274334 -0.011666206 0.065431014 0.963514209
1413393956155760384.000000 -0.494583577 2.083560228 -2.305308819 -0.247472152 -0.010640278 0.073130704 0.966072619
1413393956205760512.000000 -0.484271228 2.101466417 -2.269109726 -0.235368207 -0.008956855 0.077040061 0.968806744
1413393956255760384.000000 -0.471793801 2.119001150 -2.232543468 -0.223839924 -0.002756005 0.075280279 0.971710384
1413393956305760512.000000 -0.458045781 2.133646011 -2.193740845 -0.212457299 0.004794560 0.069757387 0.974665523
1413393956355760384.000000 -0.443538874 2.150528669 -2.156896353 -0.199568897 0.014045829 0.062897690 0.977762163
1413393956405760512.000000 -0.428583533 2.166628361 -2.120648623 -0.185997725 0.022694798 0.055098359 0.980741620
1413393956455760384.000000 -0.413820595 2.181625366 -2.085029364 -0.171566546 0.030172938 0.046997808 0.983588219
1413393956505760512.000000 -0.398442030 2.194596767 -2.055184603 -0.155183569 0.033643391 0.040108461 0.986497641
1413393956555760384.000000 -0.385486156 2.207367897 -2.020598173 -0.137770355 0.033182207 0.034599941 0.989303410
1413393956605760512.000000 -0.373360306 2.218918562 -1.986937284 -0.119298689 0.030473288 0.029856002 0.991941452
1413393956655760384.000000 -0.361877203 2.229480267 -1.953952789 -0.100082174 0.025004493 0.024818880 0.994355261
1413393956705760512.000000 -0.350729436 2.237379789 -1.927107573 -0.080977835 0.017489977 0.020512041 0.996351361
1413393956755760384.000000 -0.341165155 2.246741772 -1.894854069 -0.062070251 0.008811827 0.015964750 0.997905195
1413393956805760512.000000 -0.331167877 2.255222797 -1.863391042 -0.042876866 0.002516025 0.011513400 0.999010921
1413393956855760384.000000 -0.320667773 2.263270855 -1.832013011 -0.023556432 -0.002133467 0.009243840 0.999677539
1413393956905760512.000000 -0.307405740 2.268797398 -1.807776928 -0.004091885 -0.004648517 0.007544712 0.999952435
1413393956955760384.000000 -0.296315432 2.277080536 -1.777321339 0.015178207 -0.006176334 0.006285888 0.999845982
1413393957005760512.000000 -0.284815878 2.285535097 -1.747013450 0.033222139 -0.007299427 0.002642170 0.999417841
1413393957055760384.000000 -0.272835255 2.293930054 -1.716880441 0.051337183 -0.008785013 -0.001923038 0.998640954
1413393957105760512.000000 -0.258189738 2.303640842 -1.690733314 0.068939291 -0.010498814 -0.011137420 0.997503459
1413393957155760384.000000 -0.245659173 2.313118696 -1.659585476 0.086603187 -0.011084780 -0.020794341 0.995964170
1413393957205760512.000000 -0.232237846 2.322333336 -1.627582312 0.105426848 -0.010805733 -0.030230621 0.993908763
1413393957255760384.000000 -0.218596771 2.331631899 -1.595586300 0.125090003 -0.010930917 -0.039494038 0.991298795
1413393957305760512.000000 -0.202215031 2.344462633 -1.568061471 0.145397097 -0.011996304 -0.048458550 0.988113165
1413393957355760384.000000 -0.187353045 2.353464127 -1.535331011 0.165771022 -0.011572848 -0.057023477 0.984446228
1413393957405760512.000000 -0.172562405 2.362511873 -1.502091765 0.185162738 -0.010784027 -0.065119028 0.980488718
1413393957455760384.000000 -0.157770813 2.371072769 -1.468455791 0.204450622 -0.007930703 -0.072295435 0.976171374
1413393957505760512.000000 -0.143083125 2.380854845 -1.432778478 0.222361639 -0.004865874 -0.079209283 0.971729159
1413393957555760384.000000 -0.135486573 2.394014835 -1.400148869 0.240185499 -0.001689347 -0.085123472 0.966986060
1413393957605760512.000000 -0.126723990 2.402614594 -1.364341497 0.258314431 0.002136320 -0.090895064 0.961772919
1413393957655760384.000000 -0.120742351 2.411225319 -1.328240633 0.276976854 0.008075812 -0.095175147 0.956117332
1413393957705760512.000000 -0.117222294 2.419605017 -1.292006493 0.295657426 0.016571607 -0.099881001 0.949913621
1413393957755760384.000000 -0.118449241 2.433121204 -1.257486939 0.314229995 0.023409938 -0.105149262 0.943215370
1413393957805760512.000000 -0.120721459 2.443162203 -1.221326590 0.330792338 0.029542988 -0.114770345 0.936232567
1413393957855760384.000000 -0.125423193 2.453475237 -1.186012626 0.346077591 0.033455160 -0.126603186 0.929022431
1413393957905760512.000000 -0.131097376 2.464860916 -1.152742624 0.359080493 0.035847358 -0.140319362 0.922001481
1413393957955760384.000000 -0.138633519 2.482496500 -1.125117540 0.370430589 0.036864970 -0.156103685 0.914906442
1413393958005760512.000000 -0.143701106 2.495007515 -1.097201824 0.379336685 0.034588106 -0.170867696 0.908686817
1413393958055760384.000000 -0.146471888 2.506759405 -1.072811365 0.386841893 0.030591959 -0.183143482 0.903258622
1413393958105760512.000000 -0.145801455 2.517198801 -1.052417040 0.393799007 0.026501711 -0.190556765 0.898837149
1413393958155760384.000000 -0.142420292 2.525867939 -1.033648491 0.400652111 0.021878621 -0.193889439 0.895212948
1413393958205760512.000000 -0.134582311 2.530766487 -1.019186735 0.406388998 0.018790878 -0.195567250 0.892327487
1413393958255760384.000000 -0.124072701 2.532473803 -1.007379889 0.412712455 0.015618408 -0.191826493 0.890296102
1413393958305760512.000000 -0.111565053 2.531720400 -0.998024702 0.418447256 0.010110240 -0.185675055 0.889001966
1413393958355760384.000000 -0.097760081 2.529498100 -0.990863085 0.423866302 0.003693596 -0.176748946 0.888303816
1413393958405760512.000000 -0.080389500 2.536920786 -0.995436668 0.427167326 -0.003452222 -0.170401365 0.887963712
1413393958455760384.000000 -0.070361912 2.533717155 -0.988427639 0.429110885 -0.009203223 -0.166486606 0.887728214
1413393958505760512.000000 -0.062562078 2.530188084 -0.981057882 0.429629207 -0.016431721 -0.164887697 0.887671649
1413393958555760384.000000 -0.057829976 2.526817083 -0.972690582 0.428989738 -0.024567163 -0.165543586 0.887670875
1413393958605760512.000000 -0.054850727 2.520027399 -0.959681034 0.427803010 -0.032598339 -0.167259946 0.887663305
1413393958655760384.000000 -0.055748612 2.514959097 -0.947674751 0.426058352 -0.039106652 -0.169468373 0.887820601
1413393958705760512.000000 -0.058899045 2.509166241 -0.934245110 0.424323648 -0.043816421 -0.171375349 0.888065398
1413393958755760384.000000 -0.063139379 2.501965523 -0.919496775 0.423343599 -0.042764299 -0.170627505 0.888728142
1413393958805760512.000000 -0.068270326 2.493664026 -0.903497279 0.422793657 -0.036669936 -0.168415800 0.889683723
1413393958855760384.000000 -0.072930455 2.486344576 -0.889378965 0.422370911 -0.028470065 -0.165370211 0.890755296
1413393958905760512.000000 -0.072914094 2.475436211 -0.871748269 0.421776444 -0.020734817 -0.163147584 0.891660035
1413393958955760384.000000 -0.084309429 2.464909792 -0.852855802 0.421305954 -0.014641012 -0.159821808 0.892605186
1413393959005760512.000000 -0.097371787 2.453531265 -0.832506180 0.421615154 -0.009745354 -0.154483318 0.893465519
1413393959055760384.000000 -0.112340838 2.441910505 -0.811536968 0.423201263 -0.006653559 -0.144995824 0.894333661
1413393959105760512.000000 -0.126961976 2.427334785 -0.786341548 0.425484121 -0.004432433 -0.134274751 0.894937992
1413393959155760384.000000 -0.142056525 2.417037010 -0.765210688 0.427352995 -0.000198009 -0.124091215 0.895528197
1413393959205760512.000000 -0.155880094 2.408012390 -0.744051337 0.427817822 0.005559846 -0.118947752 0.895986855
1413393959255760384.000000 -0.168746173 2.400519371 -0.722830355 0.425803065 0.012087741 -0.120225757 0.896711469
1413393959305760512.000000 -0.177838057 2.382646561 -0.694610953 0.423134357 0.012573856 -0.124844670 0.897336602
1413393959355760384.000000 -0.189331919 2.377961159 -0.673992515 0.419949532 0.011330057 -0.130236477 0.898082674
1413393959405760512.000000 -0.200264812 2.374594688 -0.654464006 0.417264223 0.009576756 -0.135355935 0.898597658
1413393959455760384.000000 -0.210105002 2.372033834 -0.635534942 0.415072054 0.007565093 -0.139146730 0.899052978
1413393959505760512.000000 -0.218933403 2.365761995 -0.614457846 0.413396060 0.008593068 -0.142340645 0.899315834
1413393959555760384.000000 -0.226140320 2.364142895 -0.597559035 0.412748367 0.011523756 -0.142955899 0.899483025
1413393959605760512.000000 -0.230683744 2.363015890 -0.582326591 0.413708329 0.023776770 -0.139435127 0.899354219
1413393959655760384.000000 -0.233756006 2.362792492 -0.568858802 0.415266812 0.040666323 -0.134061381 0.898847818
1413393959705760512.000000 -0.241039515 2.354091167 -0.550795734 0.417140573 0.053838447 -0.128077596 0.898159981
1413393959755760384.000000 -0.244501263 2.357404709 -0.541579604 0.417936087 0.064170837 -0.124037482 0.897678316
1413393959805760512.000000 -0.249897301 2.363010645 -0.534227014 0.417024195 0.063582189 -0.125419959 0.897952139
1413393959855760384.000000 -0.257330030 2.370883942 -0.528587222 0.414914966 0.051249851 -0.130395696 0.899008393
1413393959905760512.000000 -0.263699621 2.380263090 -0.525885940 0.412039220 0.038177058 -0.136922181 0.900010288
1413393959955760384.000000 -0.270301849 2.391294003 -0.524732828 0.408895522 0.024820399 -0.144493341 0.900727570
1413393960005760512.000000 -0.276405960 2.402878523 -0.525176048 0.406358212 0.012457532 -0.150210366 0.901196241
1413393960055760384.000000 -0.281847507 2.414187193 -0.526744246 0.404010326 0.001752779 -0.155278176 0.901477337
1413393960105760512.000000 -0.286253303 2.424714327 -0.529255986 0.401980460 -0.007020799 -0.159808010 0.901567459
1413393960155760384.000000 -0.301261991 2.432397127 -0.527874470 0.400397539 -0.015601579 -0.163258821 0.901545942
1413393960205760512.000000 -0.304548204 2.440582991 -0.530499518 0.398155779 -0.025405506 -0.167521745 0.901533663
1413393960255760384.000000 -0.308350861 2.446944475 -0.532397985 0.395838767 -0.037837256 -0.172678620 0.901144862
1413393960305760512.000000 -0.310793281 2.450803757 -0.533842087 0.394356072 -0.045610327 -0.175953105 0.900801599
1413393960355760384.000000 -0.311273485 2.454197168 -0.535687268 0.394411296 -0.047585715 -0.176549166 0.900558650
1413393960405760512.000000 -0.309818000 2.452789545 -0.536000848 0.397319347 -0.040616442 -0.174553350 0.900010467
1413393960455760384.000000 -0.308146656 2.448334932 -0.535583913 0.402302712 -0.031230992 -0.171941087 0.898673177
1413393960505760512.000000 -0.308254957 2.441523552 -0.533933878 0.409290612 -0.021493865 -0.169896513 0.896188855
1413393960555760384.000000 -0.312785298 2.433513403 -0.530920386 0.417844862 -0.014809503 -0.170113638 0.892327189
1413393960605760512.000000 -0.322838783 2.424604893 -0.526299775 0.428642631 -0.009218296 -0.171293840 0.887039483
1413393960655760384.000000 -0.348226964 2.409382343 -0.515271902 0.440910906 -0.004190384 -0.173355475 0.880640626
1413393960705760512.000000 -0.370045811 2.399192333 -0.507709622 0.453906298 -0.002107211 -0.177047282 0.873280644
1413393960755760384.000000 -0.396544844 2.388904095 -0.499009728 0.467191637 -0.001938657 -0.181861207 0.865248442
1413393960805760512.000000 -0.426850975 2.378247738 -0.489447117 0.480660141 -0.003284314 -0.187011778 0.856727302
1413393960855760384.000000 -0.454976618 2.365975380 -0.480574012 0.491342157 -0.009979127 -0.194398105 0.848936260
1413393960905760512.000000 -0.487460017 2.355394125 -0.471268535 0.499702364 -0.019578747 -0.202763408 0.841903389
1413393960955760384.000000 -0.517236412 2.343521833 -0.462379932 0.507827818 -0.029335054 -0.206557199 0.835813642
1413393961005760512.000000 -0.544064760 2.329790831 -0.453711748 0.514035344 -0.038327895 -0.209500849 0.830908000
1413393961055760384.000000 -0.570557117 2.307034016 -0.440891385 0.519463658 -0.041004587 -0.211299241 0.826939464
1413393961105760512.000000 -0.589317262 2.289892912 -0.432842970 0.524211764 -0.036605492 -0.210840881 0.824262202
1413393961155760384.000000 -0.603262603 2.269886971 -0.424878955 0.528194606 -0.028524410 -0.208598688 0.822607696
1413393961205760512.000000 -0.612529814 2.248444319 -0.417695165 0.533131301 -0.018029617 -0.201274067 0.821544170
1413393961255760384.000000 -0.602210760 2.230636597 -0.417438269 0.540709555 -0.002055970 -0.183238968 0.821006954
1413393961305760512.000000 -0.603893042 2.210575581 -0.412760019 0.548638761 0.015603515 -0.161342666 0.820195496
1413393961355760384.000000 -0.598815918 2.191847801 -0.409327388 0.556766748 0.034231402 -0.136748716 0.818620086
1413393961405760512.000000 -0.590707719 2.175091028 -0.406369805 0.562226892 0.051739413 -0.119131051 0.816720188
1413393961455760384.000000 -0.579532266 2.164830685 -0.407693148 0.563860536 0.061465956 -0.113171034 0.815766931
1413393961505760512.000000 -0.568292618 2.157097578 -0.406202078 0.561963618 0.061844148 -0.118969262 0.816222191
1413393961555760384.000000 -0.552972555 2.155800819 -0.406989574 0.556866884 0.058519058 -0.133087128 0.817779124
1413393961605760512.000000 -0.535388470 2.159955025 -0.410442829 0.551603258 0.049018584 -0.148496658 0.819316626
1413393961655760384.000000 -0.506605744 2.180114031 -0.420598269 0.544967175 0.034944814 -0.167356789 0.820841849
1413393961705760512.000000 -0.480560184 2.187603235 -0.428419709 0.541333973 0.028160969 -0.177385941 0.821400464
1413393961755760384.000000 -0.448691636 2.196690798 -0.439248323 0.539416552 0.027970916 -0.182209313 0.821612537
1413393961805760512.000000 -0.419731349 2.206326246 -0.447586775 0.536898494 0.022169637 -0.187676504 0.822208047
1413393961855760384.000000 -0.380235255 2.226325274 -0.467444658 0.535233259 0.017778184 -0.191554397 0.822506070
1413393961905760512.000000 -0.341740847 2.237390280 -0.483943343 0.533540666 0.012106784 -0.195437610 0.822795272
1413393961955760384.000000 -0.299895227 2.248482704 -0.502819419 0.532320917 0.007395271 -0.198982954 0.822791338
1413393962005760512.000000 -0.255527020 2.261884689 -0.523531914 0.530689657 0.001692261 -0.202854723 0.822931111
1413393962055760384.000000 -0.208349228 2.272422552 -0.545779228 0.529865980 -0.004380691 -0.205565706 0.822779179
1413393962105760512.000000 -0.151433229 2.295528889 -0.577386856 0.528726637 -0.009381197 -0.209307939 0.822526813
1413393962155760384.000000 -0.096876383 2.302448750 -0.602985501 0.527663946 -0.015350387 -0.211919233 0.822450876
1413393962205760512.000000 -0.038953125 2.307801485 -0.630193233 0.527368546 -0.020265052 -0.214093626 0.821970582
1413393962255760384.000000 0.020992577 2.312340498 -0.658302426 0.527172983 -0.023734191 -0.216161370 0.821461856
1413393962305760512.000000 0.081775844 2.324518681 -0.689367056 0.526029408 -0.027925802 -0.218512371 0.821441174
1413393962355760384.000000 0.143323869 2.324939728 -0.717459559 0.524344742 -0.034094300 -0.223082125 0.821057022
1413393962405760512.000000 0.201712906 2.323641062 -0.744239807 0.521833062 -0.041667037 -0.228752509 0.820747495
1413393962455760384.000000 0.254636288 2.320866346 -0.768576741 0.517177761 -0.052340817 -0.236065358 0.821012080
1413393962505760512.000000 0.298447222 2.331223965 -0.794690013 0.510957301 -0.062515371 -0.242467985 0.822328329
1413393962555760384.000000 0.341370463 2.324378014 -0.813839197 -0.503207386 0.071761571 0.247336894 -0.824898243
1413393962605760512.000000 0.379771143 2.314415932 -0.829986334 -0.494382203 0.076292358 0.250362962 -0.828905344
1413393962655760384.000000 0.414313912 2.301506758 -0.843415499 -0.484126091 0.075316526 0.252051592 -0.834517479
1413393962705760512.000000 0.443621695 2.291583300 -0.855142832 0.472768098 -0.068416812 -0.251352727 0.841802478
1413393962755760384.000000 0.476220399 2.270479679 -0.865462184 0.460682869 -0.057530355 -0.248249888 0.850196183
1413393962805760512.000000 0.507545352 2.245283842 -0.874535084 0.447027475 -0.042873718 -0.244553372 0.859373033
1413393962855760384.000000 0.535872340 2.218569517 -0.883404791 -0.431487173 0.027670806 0.240441784 -0.869046032
1413393962905760512.000000 0.556672633 2.188909531 -0.889644384 0.415277123 -0.011289453 -0.235187441 0.878694773
1413393962955760384.000000 0.579414546 2.155331135 -0.898467600 0.397492558 0.002265364 -0.229099929 0.888542533
1413393963005760512.000000 0.598727882 2.119113207 -0.907772779 0.378962517 0.012781191 -0.221562400 0.898406446
1413393963055760384.000000 0.614999950 2.079612255 -0.919467151 0.360221475 0.021754099 -0.212431610 0.908096969
1413393963105760512.000000 0.621339440 2.039589405 -0.928111494 0.340949476 0.030836560 -0.203238368 0.917331338
1413393963155760384.000000 0.630526543 1.996026516 -0.941820741 0.322579086 0.037360784 -0.191500217 0.926215231
1413393963205760512.000000 0.635387659 1.950577736 -0.957169652 0.305966407 0.040895917 -0.175805897 0.934775114
1413393963255760384.000000 0.637061238 1.903819919 -0.974614620 0.290119857 0.043985818 -0.158419296 0.942761362
1413393963305760512.000000 0.630465865 1.855198860 -0.989869237 0.274417400 0.045597795 -0.142419279 0.949911952
1413393963355760384.000000 0.625698209 1.805888891 -1.009636045 0.257371753 0.046599168 -0.128516674 0.956593871
1413393963405760512.000000 0.617152631 1.756094098 -1.030326247 0.239860982 0.045835171 -0.117089525 0.962629735
1413393963455760384.000000 0.606269777 1.705913663 -1.051762938 0.221628636 0.044729494 -0.107997917 0.968099415
1413393963505760512.000000 0.583714426 1.655477881 -1.070181847 0.204687461 0.043697122 -0.098065071 0.972921848
1413393963555760384.000000 0.567340553 1.604479909 -1.093421102 0.188269332 0.042490970 -0.089156479 0.977138877
1413393963605760512.000000 0.548245370 1.553657889 -1.117238641 0.172435224 0.042979956 -0.080702186 0.980768085
1413393963655760384.000000 0.526883423 1.501815200 -1.142095089 -0.157128528 -0.044474121 0.073873416 -0.983806670
1413393963705760512.000000 0.493460596 1.449087024 -1.162439704 0.141970366 0.045932155 -0.067820750 0.986476123
1413393963755760384.000000 0.466898739 1.397753596 -1.188683629 0.126528665 0.047194250 -0.063322656 0.988814235
1413393963805760512.000000 0.437851697 1.346644044 -1.216165185 0.110913903 0.048001971 -0.060089417 0.990849793
1413393963855760384.000000 0.405035585 1.295249581 -1.244505405 0.095493041 0.046766862 -0.057341374 0.992676198
1413393963905760512.000000 0.362990648 1.240812659 -1.268501878 0.079762302 0.044936404 -0.054801505 0.994291484
1413393963955760384.000000 0.325045913 1.189165473 -1.299250722 0.063691922 0.041075010 -0.052897956 0.995719910
1413393964005760512.000000 0.284112483 1.136698842 -1.330430984 0.048259005 0.036717013 -0.050399635 0.996886551
1413393964055760384.000000 0.241878390 1.083614111 -1.362371087 0.032948527 0.033693541 -0.046974696 0.997783840
1413393964105760512.000000 0.192269385 1.026081324 -1.386639833 0.017973205 0.032246474 -0.041717093 0.998447239
1413393964155760384.000000 0.145211607 0.971040070 -1.418971062 0.004432310 0.030661989 -0.033301473 0.998965144
1413393964205760512.000000 0.097034536 0.915155530 -1.451663733 -0.008223185 0.030211933 -0.022982877 0.999245405
1413393964255760384.000000 0.047662407 0.858117878 -1.484843373 0.020746039 -0.029142067 0.010933023 -0.999300182
1413393964305760512.000000 -0.002625928 0.798622668 -1.509723186 -0.032563254 0.026594117 0.001557272 0.999114633
1413393964355760384.000000 -0.050050437 0.741726637 -1.544909358 -0.044552524 0.024318034 0.011245509 0.998647749
1413393964405760512.000000 -0.096290730 0.685096502 -1.581134200 -0.056428649 0.022300908 0.021908898 0.997917116
1413393964455760384.000000 -0.141454488 0.628963888 -1.618359208 -0.067981675 0.020838609 0.031099711 0.996984005
1413393964505760512.000000 -0.186741292 0.573134243 -1.646637082 -0.079374813 0.019195877 0.039791785 0.995865405
1413393964555760384.000000 -0.229420736 0.518827140 -1.685078025 -0.090194322 0.019569313 0.049264807 0.994512498
1413393964605760512.000000 -0.271475613 0.466009408 -1.724123120 -0.100362591 0.019475900 0.059085414 0.993004024
1413393964655760384.000000 -0.312480211 0.414677739 -1.764010429 -0.110149749 0.020545891 0.068947859 0.991307795
1413393964705760512.000000 -0.351886362 0.366716772 -1.795178533 -0.120993026 0.023014320 0.076782987 0.989411652
1413393964755760384.000000 -0.390743047 0.320001066 -1.836763382 -0.130757451 0.023034984 0.086171366 0.987393737
1413393964805760512.000000 -0.428730667 0.275709629 -1.879176855 -0.140313804 0.020891514 0.095976308 0.985222936
1413393964855760384.000000 -0.466084987 0.234137505 -1.922580600 -0.149906635 0.016495233 0.104238033 0.983051538
1413393964905760512.000000 -0.502133250 0.197854608 -1.959604144 -0.160000741 0.009273375 0.113897994 0.980480015
1413393964955760384.000000 -0.538493276 0.162265956 -2.004523039 -0.168474004 -0.001102761 0.125557289 0.977676213
1413393965005760512.000000 -0.574037075 0.130226403 -2.049688101 -0.175434768 -0.011579044 0.141172767 0.974247873
1413393965055760384.000000 -0.607733846 0.102770895 -2.094427824 -0.182059675 -0.021137049 0.158123136 0.970260084
1413393965105760512.000000 -0.639445662 0.083579689 -2.131775618 -0.188213050 -0.030639635 0.176344126 0.965681076
1413393965155760384.000000 -0.669387460 0.067751974 -2.175244808 -0.195000499 -0.038472600 0.192902386 0.960876346
1413393965205760512.000000 -0.697201252 0.059120148 -2.218121529 -0.203326017 -0.046755645 0.204743490 0.956322432
1413393965255760384.000000 -0.721790910 0.058744490 -2.259425163 -0.213143349 -0.058779147 0.210366100 0.952292502
1413393965305760512.000000 -0.740865529 0.069821164 -2.294448614 -0.223112211 -0.070950769 0.209675416 0.949327826
1413393965355760384.000000 -0.759428978 0.084918454 -2.332726002 -0.234100580 -0.083689146 0.200904369 0.947539270
1413393965405760512.000000 -0.774056077 0.107564479 -2.368283749 -0.246202469 -0.094423130 0.182715252 0.947145104
1413393965455760384.000000 -0.784475923 0.136734277 -2.400272846 -0.258161426 -0.102660537 0.158854410 0.947406411
1413393965505760512.000000 -0.787268639 0.172784895 -2.424583912 -0.270294517 -0.107301995 0.127116099 0.948297799
1413393965555760384.000000 -0.789990544 0.210064322 -2.446901798 -0.281247467 -0.110797845 0.094265729 0.948545098
1413393965605760512.000000 -0.789835155 0.248424411 -2.463133574 -0.289362609 -0.110619485 0.067630686 0.948397994
1413393965655760384.000000 -0.786798596 0.286826372 -2.472857475 -0.295182616 -0.108552650 0.046549041 0.948112190
1413393965705760512.000000 -0.775886714 0.326962978 -2.470666885 -0.297969878 -0.100682974 0.036427833 0.948551536
1413393965755760384.000000 -0.766958296 0.362213820 -2.467237234 -0.297321409 -0.087323941 0.038924020 0.949978709
1413393965805760512.000000 -0.754805028 0.395629197 -2.458186626 -0.295808941 -0.068290234 0.042726200 0.951844573
1413393965855760384.000000 -0.740604758 0.427572638 -2.444828033 -0.294042587 -0.046959992 0.046588980 0.953500509
1413393965905760512.000000 -0.726268232 0.457743913 -2.426778316 -0.293598294 -0.033390071 0.047189198 0.954179466
1413393965955760384.000000 -0.714537382 0.486787498 -2.405000925 -0.295544982 -0.025656847 0.040572684 0.954122007
1413393966005760512.000000 -0.704272628 0.514111280 -2.380061150 -0.298031926 -0.021741016 0.032200739 0.953764915
1413393966055760384.000000 -0.693097353 0.538921952 -2.352270365 -0.299925834 -0.020312512 0.025942883 0.953393340
1413393966105760512.000000 -0.679192066 0.559863448 -2.322385073 0.298896670 0.018158756 -0.028009459 -0.953701496
1413393966155760384.000000 -0.662330151 0.577591121 -2.291454554 0.297304034 0.017533626 -0.033705357 -0.954026699
1413393966205760512.000000 -0.642179966 0.589797974 -2.264019966 -0.296170384 -0.016527945 0.037784338 0.954244375
1413393966255760384.000000 -0.616952062 0.601716161 -2.230820417 -0.295190960 -0.016867850 0.040356014 0.954436541
1413393966305760512.000000 -0.587452292 0.611078978 -2.196516752 -0.296743870 -0.019271746 0.035410434 0.954105854
1413393966355760384.000000 -0.553328395 0.617690444 -2.161008835 -0.299167156 -0.019447653 0.026234385 0.953641772
1413393966405760512.000000 -0.514175534 0.621370733 -2.123715162 0.301747143 0.014522561 -0.014417556 -0.953168392
1413393966455760384.000000 -0.474609256 0.616106510 -2.089844942 -0.302629679 -0.005193352 0.008024829 0.953060329
1413393966505760512.000000 -0.431215405 0.610561252 -2.051100016 -0.301641494 0.007923223 0.006583297 0.953365862
1413393966555760384.000000 -0.388839543 0.600904703 -2.010885477 -0.298952669 0.022818878 0.008558643 0.953956723
1413393966605760512.000000 -0.349418730 0.587384760 -1.969654560 -0.296420932 0.035983060 0.011050745 0.954315364
1413393966655760384.000000 -0.313828528 0.568799019 -1.929570675 -0.294412166 0.046468914 0.013770521 0.954448819
1413393966705760512.000000 -0.281349510 0.547919869 -1.887565732 -0.292763501 0.055502091 0.016262986 0.954434216
1413393966755760384.000000 -0.252107352 0.523435593 -1.845921516 -0.291599452 0.062301923 0.018669808 0.954326808
1413393966805760512.000000 -0.226194292 0.495218426 -1.804988146 -0.290929317 0.066784956 0.020036610 0.954200447
1413393966855760384.000000 -0.204424873 0.463649452 -1.764401555 0.289955765 -0.066998415 -0.024400191 -0.954380214
1413393966905760512.000000 -0.189331144 0.426935822 -1.724425554 -0.288064480 0.061538931 0.033505201 0.955044091
1413393966955760384.000000 -0.174059778 0.389394343 -1.685752153 -0.285432458 0.055516712 0.047475085 0.955610991
1413393967005760512.000000 -0.161808535 0.349670112 -1.648027897 -0.283403397 0.047839485 0.065403827 0.955571175
1413393967055760384.000000 -0.151452005 0.308539033 -1.611250401 -0.282440215 0.041749150 0.081312560 0.954920352
1413393967105760512.000000 -0.142091960 0.266058743 -1.575527906 0.282416195 -0.036801476 -0.094313249 -0.953934968
1413393967155760384.000000 -0.139345825 0.225350440 -1.538232565 -0.284197897 0.033529736 0.103312768 0.952593267
1413393967205760512.000000 -0.133689508 0.183621541 -1.504227996 -0.286709040 0.031408861 0.110940151 0.951054037
1413393967255760384.000000 -0.129472375 0.142502710 -1.471487880 -0.291883647 0.032442041 0.114726178 0.948993921
1413393967305760512.000000 -0.127639949 0.102297917 -1.440027595 -0.298743755 0.033900730 0.117659889 0.946445525
1413393967355760384.000000 -0.126898766 0.063075155 -1.409530997 0.308278084 -0.036214635 -0.118134424 -0.943237782
1413393967405760512.000000 -0.132369637 0.029315874 -1.377897501 -0.319400489 0.039786573 0.119093820 0.939264119
1413393967455760384.000000 -0.137042820 -0.008664891 -1.349375010 -0.331406921 0.044191506 0.122156434 0.934502244
1413393967505760512.000000 -0.143839240 -0.046270907 -1.321865439 -0.342896253 0.048150681 0.128260016 0.929329395
1413393967555760384.000000 -0.151738271 -0.083612859 -1.295936108 -0.356059015 0.049422361 0.132792100 0.923658907
1413393967605760512.000000 -0.158857971 -0.120914981 -1.273745656 0.368624538 -0.050079457 -0.139804587 -0.917639792
1413393967655760384.000000 -0.172071069 -0.151109919 -1.248665810 -0.381496072 0.050302438 0.146283075 0.911335170
1413393967705760512.000000 -0.179168612 -0.187577814 -1.229899168 -0.396051049 0.048958451 0.150482312 0.904489756
1413393967755760384.000000 -0.185955167 -0.224020854 -1.213584542 -0.410221815 0.046948463 0.155272022 0.897443295
1413393967805760512.000000 -0.191488862 -0.260714859 -1.200438619 -0.424139321 0.044737928 0.159717098 0.890277922
1413393967855760384.000000 -0.192595512 -0.293764383 -1.190681458 -0.436859965 0.040733308 0.164728194 0.883379221
1413393967905760512.000000 -0.195041776 -0.331097633 -1.182653308 -0.446824789 0.030839423 0.173591599 0.877076089
1413393967955760384.000000 -0.194102123 -0.367135018 -1.176512241 -0.454338431 0.018238662 0.183151588 0.871607482
1413393968005760512.000000 -0.188920781 -0.401024401 -1.172255754 -0.459800392 0.005368654 0.193042040 0.866769671
1413393968055760384.000000 -0.181501314 -0.434176743 -1.169303536 0.466303408 0.003805845 -0.196318656 -0.862557709
1413393968105760512.000000 -0.162990957 -0.458518922 -1.169697762 -0.471520633 -0.008584652 0.198212370 0.859247684
1413393968155760384.000000 -0.143903956 -0.485532403 -1.170070529 -0.475718617 -0.009423058 0.199700952 0.856576025
1413393968205760512.000000 -0.122769475 -0.510241747 -1.170697093 -0.478232175 -0.007633390 0.203616232 0.854269445
1413393968255760384.000000 -0.101939619 -0.533148468 -1.170933008 -0.478817344 -0.006376732 0.208975613 0.852656245
1413393968305760512.000000 -0.084121883 -0.554282188 -1.169443727 0.479060560 0.008040330 -0.211936519 -0.851774156
1413393968355760384.000000 -0.066129893 -0.572126448 -1.168476105 0.481367707 0.014306217 -0.207836792 -0.851401389
1413393968405760512.000000 -0.049418613 -0.587501943 -1.166512489 0.484272599 0.022792595 -0.199588254 -0.851542771
1413393968455760384.000000 -0.034045249 -0.600567698 -1.163104296 0.486970901 0.029469201 -0.190927878 -0.851784945
1413393968505760512.000000 -0.019727260 -0.611843407 -1.157918930 0.489655793 0.030648144 -0.180803776 -0.852412999
1413393968555760384.000000 -0.007108331 -0.621585071 -1.150320292 0.491863579 0.029911084 -0.172238976 -0.852941573
1413393968605760512.000000 -0.005304351 -0.629301071 -1.140163779 -0.493442655 -0.030865701 0.166527510 0.853129685
1413393968655760384.000000 0.002433926 -0.636314511 -1.127521992 -0.495145380 -0.032154877 0.164431259 0.852501929
1413393968705760512.000000 0.008059725 -0.642208457 -1.112359047 -0.496949553 -0.033291403 0.166294903 0.851045787
1413393968755760384.000000 0.012296945 -0.647166252 -1.094458938 -0.499285221 -0.033580925 0.168624818 0.849206865
1413393968805760512.000000 0.020086527 -0.649727821 -1.073809862 0.503616095 0.029862018 -0.169552639 -0.846599638
1413393968855760384.000000 0.015961394 -0.655489683 -1.052325249 -0.510134399 -0.021913318 0.168657020 0.843111873
1413393968905760512.000000 0.016620100 -0.656817079 -1.028096199 -0.517946482 -0.010745679 0.168427527 0.838598967
1413393968955760384.000000 0.012795091 -0.657582045 -1.002007008 -0.525553823 0.002335088 0.172387749 0.833108842
1413393969005760512.000000 0.007560983 -0.657930791 -0.974244535 -0.533441067 0.014807448 0.178812549 0.826587856
1413393969055760384.000000 0.003549650 -0.659952521 -0.945819318 0.542722106 -0.025860416 -0.183949307 -0.819113314
1413393969105760512.000000 -0.006378785 -0.666217506 -0.919977963 -0.553233147 0.034585547 0.187520593 0.810908735
1413393969155760384.000000 -0.015767887 -0.668521643 -0.892701387 -0.565616250 0.038835097 0.188099921 0.801990390
1413393969205760512.000000 -0.025247723 -0.671057224 -0.866163611 -0.578320563 0.039565284 0.189278096 0.792561591
1413393969255760384.000000 -0.033851475 -0.674719095 -0.840809286 -0.591168225 0.039972339 0.190754041 0.782646418
1413393969305760512.000000 -0.043749139 -0.679273844 -0.815279484 0.603043914 -0.038134441 -0.195943415 -0.772327662
1413393969355760384.000000 -0.050269037 -0.694194555 -0.794562459 -0.613818824 0.037690528 0.202456400 0.762113810
1413393969405760512.000000 -0.057595327 -0.700702608 -0.770678043 -0.623124897 0.039422251 0.211592183 0.751924276
1413393969455760384.000000 -0.064141959 -0.708273053 -0.747789562 -0.630811274 0.045045849 0.222774297 0.741902709
1413393969505760512.000000 -0.070529163 -0.716620088 -0.726151586 -0.636659026 0.054519475 0.236396953 0.731990039
1413393969555760384.000000 -0.076946661 -0.725005448 -0.707017720 0.643357456 -0.061580621 -0.247380286 -0.721874058
1413393969605760512.000000 -0.083850250 -0.747554779 -0.692724168 0.648984849 -0.064467236 -0.259645194 -0.712212861
1413393969655760384.000000 -0.090099797 -0.757045031 -0.678958893 0.655869722 -0.065630421 -0.269316852 -0.702136755
1413393969705760512.000000 -0.094315916 -0.765736163 -0.669442058 0.662382841 -0.064727932 -0.277471095 -0.692870200
1413393969755760384.000000 -0.097095877 -0.774579823 -0.663920105 0.667426169 -0.063504711 -0.285357088 -0.684894800
1413393969805760512.000000 -0.095447809 -0.782355964 -0.664452791 0.671469271 -0.062837556 -0.292119682 -0.678119898
1413393969855760384.000000 -0.091062605 -0.799501479 -0.671306491 0.675235212 -0.062930964 -0.296548069 -0.672425747
1413393969905760512.000000 -0.083957016 -0.807321787 -0.681591332 0.679318845 -0.062262125 -0.297701299 -0.667849779
1413393969955760384.000000 -0.073184073 -0.817706764 -0.697498143 0.684891343 -0.058922771 -0.293827206 -0.664166808
1413393970005760512.000000 -0.060362607 -0.826093435 -0.717939675 0.690273404 -0.049278602 -0.288295358 -0.661800683
1413393970055760384.000000 -0.044355124 -0.836430728 -0.744374871 0.696469009 -0.034582704 -0.277167857 -0.660993993
1413393970105760512.000000 -0.029514790 -0.843006968 -0.770569921 0.701824009 -0.017797856 -0.267320633 -0.660049975
1413393970155760384.000000 -0.015987754 -0.848991394 -0.796709895 0.705462158 -0.003595081 -0.260336131 -0.659192920
1413393970205760512.000000 -0.004716426 -0.854460955 -0.821554065 0.707167745 0.006937030 -0.256667584 -0.658777237
1413393970255760384.000000 0.005504429 -0.861479282 -0.845585287 0.707993865 0.013170566 -0.254311055 -0.658708811
1413393970305760512.000000 0.013441890 -0.863180280 -0.867047668 0.708292484 0.016765367 -0.252867788 -0.658861637
1413393970355760384.000000 0.017692655 -0.865728736 -0.886381686 0.707876623 0.018879430 -0.252912462 -0.659234107
1413393970405760512.000000 0.021556556 -0.866881847 -0.904389560 0.707493007 0.020589445 -0.252325833 -0.659819245
1413393970455760384.000000 0.025824666 -0.866281867 -0.921120822 0.707495809 0.021046551 -0.250372618 -0.660545528
1413393970505760512.000000 0.032525569 -0.866150260 -0.936549544 0.708856761 0.017775252 -0.244918227 -0.661227047
1413393970555760384.000000 0.039467588 -0.863024116 -0.951509416 0.710175931 0.012363425 -0.239172265 -0.662037730
1413393970605760512.000000 0.051093280 -0.844316542 -0.965627611 0.711499512 0.010095815 -0.233034924 -0.662843347
1413393970655760384.000000 0.058053240 -0.839067817 -0.978015482 0.713980615 0.007960453 -0.224137783 -0.663272738
1413393970705760512.000000 0.062898099 -0.833106399 -0.988122284 0.716905057 0.008531127 -0.214343056 -0.663348615
1413393970755760384.000000 0.064608246 -0.827457666 -0.995297492 0.720512509 0.014704072 -0.203357220 -0.662790656
1413393970805760512.000000 0.063699469 -0.821572304 -0.999189138 0.723853528 0.025518235 -0.192614138 -0.662030756
1413393970855760384.000000 0.060507044 -0.819743872 -0.997086287 0.726847410 0.036873203 -0.184042662 -0.660652459
1413393970905760512.000000 0.062685728 -0.805466473 -0.991812706 -0.728931963 -0.046279598 0.177426398 0.659572780
1413393970955760384.000000 0.060476139 -0.800045252 -0.982557476 -0.730227709 -0.050201967 0.173027322 0.659021139
1413393971005760512.000000 0.060527831 -0.794434309 -0.968169689 -0.730470300 -0.048278257 0.171802670 0.659216464
1413393971055760384.000000 0.063910127 -0.788024783 -0.949021995 -0.729281843 -0.038132090 0.174395159 0.660515189
1413393971105760512.000000 0.069983140 -0.782134175 -0.925684094 -0.727471352 -0.023671944 0.177727073 0.662297606
1413393971155760384.000000 0.081069373 -0.777659178 -0.897739828 -0.727079570 -0.007538334 0.174468771 0.663972259
1413393971205760512.000000 0.099023670 -0.775005519 -0.869620085 -0.726694763 0.011880321 0.168774858 0.665799260
1413393971255760384.000000 0.119270451 -0.775825799 -0.839248598 -0.726769030 0.028387120 0.161127925 0.667112231
1413393971305760512.000000 0.142222196 -0.780386448 -0.807129800 -0.727285564 0.043592237 0.151074633 0.668080807
1413393971355760384.000000 0.160529017 -0.788909256 -0.771412015 0.728023648 -0.055040978 -0.141779482 -0.668468952
1413393971405760512.000000 0.181581035 -0.795785487 -0.733003736 -0.728252649 0.063717596 0.135418862 0.668767512
1413393971455760384.000000 0.197799504 -0.813144565 -0.691826344 -0.726153851 0.067798562 0.138230324 0.670071959
1413393971505760512.000000 0.210023522 -0.835086524 -0.647468686 -0.722033024 0.066900291 0.150336698 0.672005594
1413393971555760384.000000 0.219570696 -0.861654282 -0.600844443 -0.716033518 0.064379081 0.169874623 0.674013376
1413393971605760512.000000 0.229308605 -0.890765131 -0.553924024 0.707765937 -0.067386381 -0.195438892 -0.675522149
1413393971655760384.000000 0.234036088 -0.918270469 -0.506069660 0.698580503 -0.074749231 -0.221594945 -0.676234901
1413393971705760512.000000 0.245145768 -0.954413414 -0.460802734 0.690298915 -0.086981662 -0.244623765 -0.675337672
1413393971755760384.000000 0.257208437 -0.992805064 -0.419061005 0.682232678 -0.101913087 -0.266663194 -0.673099637
1413393971805760512.000000 0.269816816 -1.033269882 -0.382124186 0.675842464 -0.114040725 -0.284921974 -0.670112789
1413393971855760384.000000 0.281678110 -1.073245049 -0.352301240 0.671720326 -0.121801816 -0.298664391 -0.666900098
1413393971905760512.000000 0.286160409 -1.112653613 -0.327620745 0.671624899 -0.121695913 -0.304181248 -0.664517760
1413393971955760384.000000 0.298771769 -1.156619430 -0.311247945 0.674802303 -0.113481075 -0.303872228 -0.662891865
1413393972005760512.000000 0.311367303 -1.201141596 -0.301409960 0.679456532 -0.103122711 -0.300720125 -0.661265492
1413393972055760384.000000 0.323545575 -1.246019483 -0.296766520 0.684586406 -0.090358362 -0.295481890 -0.660202503
1413393972105760512.000000 0.333947182 -1.288854122 -0.294096947 0.687616169 -0.081146933 -0.294593036 -0.658645749
1413393972155760384.000000 0.338677764 -1.333459139 -0.293807983 0.687414348 -0.072780162 -0.300549030 -0.657141507
1413393972205760512.000000 0.327589124 -1.378116250 -0.292120457 0.685948968 -0.064039685 -0.308041632 -0.656112373
1413393972255760384.000000 0.321257949 -1.421475291 -0.293936849 0.685430527 -0.053713113 -0.312540472 -0.655452847
1413393972305760512.000000 0.312495083 -1.463201046 -0.298705578 0.690186918 -0.040399976 -0.304482847 -0.655210018
1413393972355760384.000000 0.300953478 -1.503395796 -0.305643797 0.696888328 -0.028420268 -0.289213508 -0.655663431
1413393972405760512.000000 0.293457955 -1.541688919 -0.314355493 0.702515960 -0.017661871 -0.275229037 -0.656055272
1413393972455760384.000000 0.283204168 -1.579777956 -0.323604584 0.707209110 -0.007588571 -0.262325525 -0.656493068
1413393972505760512.000000 0.271051228 -1.616979599 -0.335878134 0.708962917 0.004056698 -0.255504757 -0.657322288
1413393972555760384.000000 0.261269689 -1.652131557 -0.344268322 0.708641291 0.017546786 -0.255633712 -0.657397270
1413393972605760512.000000 0.252768129 -1.684878945 -0.351923347 0.708074152 0.027522013 -0.256825864 -0.657201648
1413393972655760384.000000 0.245019346 -1.715428591 -0.358477831 0.707957029 0.032459963 -0.257762164 -0.656735718
1413393972705760512.000000 0.237957031 -1.744999647 -0.364724278 0.708503544 0.034946915 -0.257115006 -0.656272352
1413393972755760384.000000 0.231340230 -1.769700527 -0.365594506 0.709348857 0.035977319 -0.256623983 -0.655495286
1413393972805760512.000000 0.224494189 -1.793435574 -0.367444158 0.711028516 0.034906719 -0.254203707 -0.654675841
1413393972855760384.000000 0.217860788 -1.814983606 -0.367714286 0.713013947 0.033496343 -0.251924962 -0.653469920
1413393972905760512.000000 0.210954398 -1.834176302 -0.366090059 0.714915454 0.033604600 -0.249269620 -0.652404308
1413393972955760384.000000 0.202840358 -1.851571321 -0.362272382 0.717606544 0.033890326 -0.245902926 -0.650710464
1413393973005760512.000000 0.201530486 -1.862669706 -0.356818438 0.720001698 0.035605930 -0.241936177 -0.649458826
1413393973055760384.000000 0.197494447 -1.875120640 -0.349418879 0.722453952 0.033677377 -0.236430153 -0.648865879
1413393973105760512.000000 0.194281846 -1.885923386 -0.339609146 0.724922657 0.029491657 -0.230616048 -0.648408592
1413393973155760384.000000 0.192367405 -1.895275831 -0.327540636 0.727169812 0.023482172 -0.223881245 -0.648498237
1413393973205760512.000000 0.190159440 -1.902813792 -0.312904596 0.729345977 0.016394885 -0.216193035 -0.648880780
1413393973255760384.000000 0.192310452 -1.912157416 -0.297107458 0.731722713 0.007730284 -0.206859052 -0.649408519
1413393973305760512.000000 0.193143219 -1.921546936 -0.277557135 0.734112263 -0.003064078 -0.196404576 -0.649996281
1413393973355760384.000000 0.194579720 -1.931644440 -0.255762100 0.735893905 -0.013026096 -0.187003300 -0.650630713
1413393973405760512.000000 0.197307765 -1.943141699 -0.231532097 0.737242997 -0.023437914 -0.177706882 -0.651416719
1413393973455760384.000000 0.200009525 -1.957238197 -0.204443216 0.738187730 -0.031724628 -0.169012204 -0.652309239
1413393973505760512.000000 0.205240980 -1.975728512 -0.178577423 0.739376903 -0.039426379 -0.159655154 -0.652899444
1413393973555760384.000000 0.209625497 -1.996679306 -0.146814585 0.739658415 -0.045572493 -0.154253051 -0.653478861
1413393973605760512.000000 0.214634031 -2.021714926 -0.112575054 0.738843918 -0.050962023 -0.152430922 -0.654429078
1413393973655760384.000000 0.220408365 -2.050747395 -0.075941324 0.735827923 -0.059061777 -0.157446355 -0.655957043
1413393973705760512.000000 0.226535499 -2.082648754 -0.036656380 0.729743302 -0.067030378 -0.172496930 -0.658199489
1413393973755760384.000000 0.231871158 -2.122922897 -0.004134178 0.721017361 -0.074175179 -0.194748312 -0.660836697
1413393973805760512.000000 0.237777740 -2.164042234 0.036042452 0.711130559 -0.081089184 -0.219676435 -0.662917912
1413393973855760384.000000 0.243522048 -2.208429337 0.074990034 0.698789299 -0.089893274 -0.249761149 -0.664253056
1413393973905760512.000000 0.249162853 -2.255042076 0.110809088 0.685407341 -0.099203460 -0.279932827 -0.664840639
1413393973955760384.000000 0.253968894 -2.303455591 0.141259670 0.672506034 -0.101989798 -0.309125394 -0.664661705
1413393974005760512.000000 0.255841970 -2.355562687 0.161152601 0.660361528 -0.091949031 -0.336831748 -0.664840162
1413393974055760384.000000 0.258106828 -2.404577017 0.179447174 0.649417877 -0.074433431 -0.362928987 -0.664077342
1413393974105760512.000000 0.259101510 -2.452776909 0.190009356 0.638836503 -0.051519427 -0.386822343 -0.663025081
1413393974155760384.000000 0.259628892 -2.496831894 0.192035913 0.630210161 -0.025775826 -0.406027734 -0.661295950
1413393974205760512.000000 0.257068038 -2.537712336 0.185036182 0.625843763 0.005850496 -0.414630592 -0.660580754
1413393974255760384.000000 0.265237570 -2.560986280 0.161337614 0.626092851 0.040465295 -0.411925524 -0.660823584
1413393974305760512.000000 0.267490149 -2.581788778 0.138770103 0.628897130 0.072330803 -0.403098613 -0.660884500
1413393974355760384.000000 0.271618485 -2.591236353 0.111280680 0.631476283 0.099316560 -0.393209606 -0.660878301
1413393974405760512.000000 0.276405215 -2.589063644 0.081034422 0.634653091 0.122293584 -0.381572396 -0.660804212
1413393974455760384.000000 0.282679319 -2.575809002 0.047519207 0.639084518 0.141675681 -0.365023971 -0.662009537
1413393974505760512.000000 0.298439980 -2.542672873 0.011257172 -0.644576490 -0.156309023 0.344312698 0.664482892
1413393974555760384.000000 0.310669184 -2.506124735 -0.019335270 -0.651302814 -0.165101692 0.320307791 0.667794228
1413393974605760512.000000 0.325908303 -2.459028244 -0.047060251 -0.658684254 -0.165573448 0.296099037 0.671599567
1413393974655760384.000000 0.343624473 -2.402937651 -0.070910692 -0.666569889 -0.158889458 0.270994514 0.676018298
1413393974705760512.000000 0.367571175 -2.330397129 -0.091588497 -0.675235391 -0.145698369 0.244475588 0.680485845
1413393974755760384.000000 0.389572680 -2.261193037 -0.105694532 -0.682489216 -0.129603639 0.222147018 0.684150696
1413393974805760512.000000 0.411639899 -2.188350201 -0.113958836 -0.688751698 -0.113262050 0.202465922 0.686877310
1413393974855760384.000000 0.432130158 -2.113633871 -0.116044760 -0.693080068 -0.091385484 0.190991536 0.689065337
1413393974905760512.000000 0.451924026 -2.034068584 -0.111952066 -0.695385516 -0.067466162 0.186716408 0.690669537
1413393974955760384.000000 0.468537748 -1.957338691 -0.103235960 -0.697366536 -0.045099970 0.183627889 0.691322446
1413393975005760512.000000 0.482782781 -1.880881667 -0.089959979 -0.698532820 -0.023544809 0.182526574 0.691506803
1413393975055760384.000000 0.493921131 -1.805529356 -0.072490215 -0.698570073 -0.005165606 0.184581831 0.691305101
1413393975105760512.000000 0.502073526 -1.731129527 -0.052316189 0.698338449 -0.009744722 -0.187493324 -0.690706015
1413393975155760384.000000 0.501006007 -1.649684906 -0.025686145 -0.696966171 0.023115875 0.193081588 0.690234244
1413393975205760512.000000 0.506032348 -1.579990149 -0.000801921 -0.695637822 0.029905247 0.199126735 0.689595759
1413393975255760384.000000 0.511298835 -1.512798786 0.024920344 -0.694033086 0.034045279 0.205552757 0.689135015
1413393975305760512.000000 0.517812848 -1.447828889 0.050877810 -0.692724168 0.035534181 0.210431561 0.688904285
1413393975355760384.000000 0.528063715 -1.384326816 0.076280475 0.693883300 -0.035211660 -0.207845092 -0.688539445
1413393975405760512.000000 0.533201814 -1.318248510 0.105570912 -0.695826352 0.035422243 0.202700078 0.688101470
1413393975455760384.000000 0.545074761 -1.260916233 0.131271958 -0.698174894 0.033623323 0.194793031 0.688096642
1413393975505760512.000000 0.558041334 -1.206213593 0.157750845 -0.700207829 0.033646110 0.187557921 0.688039958
1413393975555760384.000000 0.571389198 -1.155303955 0.185451925 -0.702019453 0.033240553 0.181093276 0.687945545
1413393975605760512.000000 0.584719718 -1.107589841 0.213758409 0.703085899 -0.034141131 -0.176656127 -0.687965989
1413393975655760384.000000 0.595810413 -1.056546450 0.248670638 -0.703173697 0.036295649 0.175397485 0.688088000
1413393975705760512.000000 0.610104322 -1.016139865 0.280804515 -0.701335788 0.041493345 0.180829614 0.688263834
1413393975755760384.000000 0.624599934 -0.978916287 0.314180791 -0.699120343 0.047526501 0.188966870 0.687941492
1413393975805760512.000000 0.639384985 -0.945150137 0.348067880 -0.697360396 0.053052694 0.197200879 0.687012255
1413393975855760384.000000 0.654922009 -0.914201140 0.383946538 0.696186721 -0.061161630 -0.204448909 -0.685407877
1413393975905760512.000000 0.665831745 -0.882667065 0.419081330 0.695170164 -0.068985738 -0.212117508 -0.683363438
1413393975955760384.000000 0.681444645 -0.857529581 0.452041656 0.695280075 -0.070101596 -0.217471838 -0.681452453
1413393976005760512.000000 0.696235120 -0.835118830 0.484024972 0.695973635 -0.066702180 -0.222766638 -0.679372191
1413393976055760384.000000 0.708122313 -0.814736009 0.515755653 0.697556376 -0.059355330 -0.226289108 -0.677263200
1413393976105760512.000000 0.714183927 -0.795855761 0.547057986 0.699160874 -0.052234281 -0.229352012 -0.675161719
1413393976155760384.000000 0.721758962 -0.778934300 0.578530967 0.700536609 -0.048051585 -0.231950909 -0.673155546
1413393976205760512.000000 0.726350188 -0.763606310 0.610726237 0.701044500 -0.046008170 -0.236304104 -0.671252728
1413393976255760384.000000 0.728607297 -0.749424636 0.643113971 0.700957537 -0.047722083 -0.240477920 -0.669739962
1413393976305760512.000000 0.721918344 -0.741186500 0.674984992 0.700809002 -0.052469976 -0.243731499 -0.668362677
1413393976355760384.000000 0.722473025 -0.729172230 0.705762506 0.700872362 -0.059704639 -0.245049506 -0.667206168
1413393976405760512.000000 0.724416494 -0.718760967 0.734586000 0.700495243 -0.066474818 -0.244665787 -0.667102933
1413393976455760384.000000 0.728163779 -0.709939301 0.761016369 0.698216558 -0.071649157 -0.245233312 -0.668745697
1413393976505760512.000000 0.729126692 -0.708072782 0.784003139 0.693827391 -0.072744541 -0.247673616 -0.672286928
1413393976555760384.000000 0.735866189 -0.702961326 0.805075169 0.688902855 -0.070648305 -0.249190301 -0.676997662
1413393976605760512.000000 0.742053926 -0.699216127 0.823771656 0.683836937 -0.067203708 -0.251090258 -0.681765735
1413393976655760384.000000 0.746002376 -0.696680069 0.840957344 0.678954005 -0.064272478 -0.252631873 -0.686343729
1413393976705760512.000000 0.747054756 -0.695721149 0.856493115 0.673560321 -0.065859109 -0.254709482 -0.690725863
1413393976755760384.000000 0.738999009 -0.704941034 0.870862126 0.668526113 -0.067135014 -0.256577909 -0.694790244
1413393976805760512.000000 0.734145880 -0.704256535 0.884027958 0.663715839 -0.066492349 -0.260198683 -0.698109388
1413393976855760384.000000 0.726913929 -0.704103112 0.895031929 0.659299791 -0.060701538 -0.264881402 -0.701054275
1413393976905760512.000000 0.718732536 -0.704733491 0.903076768 0.655234516 -0.049566690 -0.270058811 -0.703760684
1413393976955760384.000000 0.710306048 -0.704618216 0.908222556 0.652274847 -0.038638555 -0.273739070 -0.705770135
1413393977005760512.000000 0.692785978 -0.726997852 0.909887314 0.651164472 -0.025207713 -0.273384571 -0.707538188
1413393977055760384.000000 0.685471177 -0.725888968 0.909749150 0.652347922 -0.012845716 -0.269236088 -0.708370745
1413393977105760512.000000 0.679907203 -0.722902179 0.907669902 0.654427052 -0.002729875 -0.263276756 -0.708804071
1413393977155760384.000000 0.678202212 -0.717185259 0.903691590 0.656764627 0.001791500 -0.255968124 -0.709321797
1413393977205760512.000000 0.680170298 -0.709558845 0.897348523 0.659858286 0.004223094 -0.247601211 -0.709410250
1413393977255760384.000000 0.686415970 -0.699385047 0.890691578 0.662397385 0.003724218 -0.240779936 -0.709394753
1413393977305760512.000000 0.695427537 -0.688348293 0.883759499 0.664658368 0.002111727 -0.234547943 -0.709374428
1413393977355760384.000000 0.704775870 -0.692788124 0.880288482 -0.666934788 -0.000482946 0.229482412 0.708897471
1413393977405760512.000000 0.719471693 -0.683768034 0.873068333 -0.669171989 0.000209674 0.225395069 0.708100200
1413393977455760384.000000 0.735482156 -0.674907088 0.866802573 -0.670607805 0.000874092 0.223659858 0.707291126
1413393977505760512.000000 0.753064036 -0.664533615 0.861050189 -0.672628462 -0.001291359 0.221078724 0.706182361
1413393977555760384.000000 0.770446539 -0.653869748 0.856562257 -0.674155712 -0.002540637 0.220376983 0.704940915
1413393977605760512.000000 0.789991319 -0.632376075 0.853452384 0.675621450 0.003545089 -0.220335364 -0.703544974
1413393977655760384.000000 0.806156874 -0.630221486 0.854653180 -0.676802754 -0.004129780 0.220406353 0.702383161
1413393977705760512.000000 0.816955566 -0.617650628 0.856327832 -0.678130329 -0.004891019 0.220395803 0.701099873
1413393977755760384.000000 0.825896859 -0.604850888 0.859982193 -0.679162145 -0.005126301 0.221620664 0.699712038
1413393977805760512.000000 0.833912969 -0.592147112 0.865643740 -0.680336595 -0.004464114 0.222239256 0.698378146
1413393977855760384.000000 0.839437783 -0.577810645 0.874096096 0.681749225 0.004406253 -0.222021222 -0.697069049
1413393977905760512.000000 0.857318044 -0.557572246 0.882076681 -0.682926178 -0.004504243 0.223128557 0.695561171
1413393977955760384.000000 0.865592062 -0.544126630 0.891921401 -0.684193194 -0.003978913 0.224200532 0.693972647
1413393978005760512.000000 0.874751866 -0.530774474 0.902805567 -0.685180485 -0.003026965 0.226192698 0.692355037
1413393978055760384.000000 0.885017395 -0.517548203 0.914750397 -0.686095476 -0.001450279 0.229225755 0.690453827
1413393978105760512.000000 0.895374537 -0.504369497 0.928755760 0.686833918 -0.000610385 -0.232830316 -0.688512146
1413393978155760384.000000 0.912726879 -0.489460111 0.941942453 -0.687207818 0.003711937 0.236451447 0.686893284
1413393978205760512.000000 0.924519777 -0.475418091 0.956206083 -0.688108563 0.007593276 0.239362150 0.684948742
1413393978255760384.000000 0.937005639 -0.461328149 0.970228672 -0.689947724 0.012092976 0.242029905 0.682090461
1413393978305760512.000000 0.949768186 -0.447329760 0.984096766 -0.692714989 0.016455688 0.244324535 0.678366244
1413393978355760384.000000 0.969470143 -0.427446961 0.996275544 0.696684480 -0.023151439 -0.247293502 -0.673008680
1413393978405760512.000000 0.982343137 -0.413373232 1.008974314 0.701362669 -0.028170513 -0.249440670 -0.667140365
1413393978455760384.000000 0.995612144 -0.399902105 1.020499706 0.707394063 -0.035165593 -0.251211226 -0.659734726
1413393978505760512.000000 1.008707523 -0.387169957 1.031064272 0.714012623 -0.040939335 -0.253540963 -0.651327133
1413393978555760384.000000 1.024544716 -0.372340918 1.039638758 0.721947670 -0.045758978 -0.254743427 -0.641719162
1413393978605760512.000000 1.036707401 -0.362029910 1.047597408 0.730077505 -0.047563966 -0.258471876 -0.630806565
1413393978655760384.000000 1.048554182 -0.353280425 1.054324865 0.738469899 -0.048852224 -0.262243390 -0.619277120
1413393978705760512.000000 1.059707403 -0.345630288 1.060155511 0.746637285 -0.048212141 -0.267498434 -0.607168078
1413393978755760384.000000 1.074733734 -0.331630230 1.065152407 0.754829228 -0.046701074 -0.274431735 -0.593918443
1413393978805760512.000000 1.085752249 -0.326194644 1.069018245 0.762322307 -0.045952611 -0.280533284 -0.581424236
1413393978855760384.000000 1.097020626 -0.321741462 1.071471453 0.770280480 -0.046679333 -0.286086619 -0.568017185
1413393978905760512.000000 1.108571053 -0.317994595 1.072464466 0.778623283 -0.047599744 -0.289842993 -0.554500818
1413393978955760384.000000 1.120475292 -0.310101032 1.067947984 0.786602557 -0.049596339 -0.293879420 -0.540769458
1413393979005760512.000000 1.130980492 -0.307680130 1.066114545 0.794006228 -0.052804705 -0.298701108 -0.526823938
1413393979055760384.000000 1.140747786 -0.306371331 1.062685013 0.801567018 -0.055676341 -0.302810520 -0.512539089
1413393979105760512.000000 1.150051832 -0.306135535 1.057499170 0.809129000 -0.059199009 -0.306589723 -0.497803718
1413393979155760384.000000 1.158742785 -0.303549170 1.045238137 0.817262650 -0.060426995 -0.310099095 -0.481942892
1413393979205760512.000000 1.165481329 -0.305678129 1.037179947 0.825823009 -0.060292006 -0.312090814 -0.465811819
1413393979255760384.000000 1.169114828 -0.309031844 1.028424859 0.833864987 -0.060573205 -0.314189941 -0.449760944
1413393979305760512.000000 1.169237375 -0.314036846 1.019574642 0.841669083 -0.062002376 -0.316288352 -0.433255702
1413393979355760384.000000 1.165093660 -0.320016026 1.010192633 0.848964989 -0.064860776 -0.318379074 -0.416756988
1413393979405760512.000000 1.158217072 -0.328397870 1.001091003 0.855556488 -0.068482302 -0.321298808 -0.400125384
1413393979455760384.000000 1.148765564 -0.334010124 0.985190511 0.861918926 -0.072362952 -0.323754489 -0.383461177
1413393979505760512.000000 1.135893106 -0.346794367 0.975754440 0.867551386 -0.077211529 -0.326615185 -0.367036104
1413393979555760384.000000 1.120676041 -0.361504197 0.965049624 0.873023629 -0.081547633 -0.329406291 -0.350244433
1413393979605760512.000000 1.103085399 -0.378161132 0.952488422 0.878484786 -0.083953284 -0.331967056 -0.333188027
1413393979655760384.000000 1.081520796 -0.392137647 0.936507225 0.884258091 -0.083331399 -0.333411038 -0.316197276
1413393979705760512.000000 1.062743306 -0.414654315 0.920811176 0.890385211 -0.081462763 -0.333460659 -0.298968405
1413393979755760384.000000 1.044724703 -0.439559042 0.903182983 0.895881593 -0.078276791 -0.333870351 -0.282488257
1413393979805760512.000000 1.027854800 -0.467264295 0.883542657 0.901617467 -0.071886249 -0.333393753 -0.266020656
1413393979855760384.000000 1.008976221 -0.490181595 0.860414505 0.906447172 -0.064446867 -0.334764868 -0.249264330
1413393979905760512.000000 0.994254887 -0.522263169 0.837452412 0.910412431 -0.058197290 -0.336825460 -0.233046934
1413393979955760384.000000 0.980180264 -0.555963933 0.813351989 0.913738132 -0.052485876 -0.339618772 -0.216764942
1413393980005760512.000000 0.966582119 -0.591030896 0.788247347 0.916545093 -0.048127763 -0.342749208 -0.200379089
1413393980055760384.000000 0.952159464 -0.625678480 0.762206793 0.918381512 -0.040902786 -0.347920179 -0.183994740
1413393980105760512.000000 0.933264911 -0.654512525 0.734428763 0.919455469 -0.031959049 -0.353955805 -0.168213189
1413393980155760384.000000 0.919636786 -0.690928459 0.706487536 0.920276403 -0.020699080 -0.359469622 -0.153116390
1413393980205760512.000000 0.905432165 -0.726590335 0.677406192 0.919885993 -0.009619858 -0.366540104 -0.139160633
1413393980255760384.000000 0.891022146 -0.760773182 0.646808267 0.919281960 0.000018417 -0.372415870 -0.127386168
1413393980305760512.000000 0.874846876 -0.792310953 0.614425778 0.918634772 0.007354188 -0.377119780 -0.117630295
1413393980355760384.000000 0.857314587 -0.815563798 0.580038071 0.918177605 0.012592825 -0.380354255 -0.110099755
1413393980405760512.000000 0.841770768 -0.843229771 0.543838620 0.918783009 0.016731482 -0.380232424 -0.104791246
1413393980455760384.000000 0.825967133 -0.868223131 0.505472422 0.920168877 0.018342093 -0.377869129 -0.100835353
1413393980505760512.000000 0.809750736 -0.890350640 0.465453386 0.923067153 0.019517494 -0.371394604 -0.098144017
1413393980555760384.000000 0.792404115 -0.909875453 0.422864318 0.927027106 0.018969452 -0.361889780 -0.096419446
1413393980605760512.000000 0.774465859 -0.922309875 0.380463481 0.931348681 0.019268975 -0.350898087 -0.095336214
1413393980655760384.000000 0.757283270 -0.937479794 0.336736083 0.934607863 0.019839201 -0.342174470 -0.095032819
1413393980705760512.000000 0.739942193 -0.950299144 0.292715132 0.936615825 0.019351101 -0.336622357 -0.095193796
1413393980755760384.000000 0.722759366 -0.960754156 0.248814821 0.936677098 0.019498996 -0.336409301 -0.095313475
1413393980805760512.000000 0.705769300 -0.966969490 0.206134439 0.935126543 0.017666275 -0.340786964 -0.095343836
1413393980855760384.000000 0.689066172 -0.972845674 0.163297951 0.932741046 0.014390075 -0.347324580 -0.095670298
1413393980905760512.000000 0.672222614 -0.976659894 0.120148480 0.929223001 0.010261092 -0.356731057 -0.095824867
1413393980955760384.000000 0.656222939 -0.978738248 0.075963974 0.926478088 0.003724737 -0.363853455 -0.096099943
1413393981005760512.000000 0.640458047 -0.979719102 0.030323207 0.924167335 -0.004583929 -0.369710028 -0.095960230
1413393981055760384.000000 0.625494242 -0.979387462 -0.020306587 0.923261702 -0.012899420 -0.371769369 -0.095963411
1413393981105760512.000000 0.612133324 -0.979317248 -0.070287943 0.923112690 -0.021145035 -0.371749222 -0.096012779
1413393981155760384.000000 0.601440370 -0.979437947 -0.122957408 0.924437165 -0.027747523 -0.368046850 -0.095852390
1413393981205760512.000000 0.593213916 -0.980049551 -0.178651601 0.926136255 -0.033862848 -0.363229305 -0.095861509
1413393981255760384.000000 0.587922096 -0.981392920 -0.237166196 0.926911294 -0.037858844 -0.360702723 -0.096414723
1413393981305760512.000000 0.581202269 -0.981275380 -0.299565375 0.926730633 -0.039708409 -0.360679835 -0.097487129
1413393981355760384.000000 0.578885436 -0.984730721 -0.363101810 0.925964415 -0.041765463 -0.362176269 -0.098356776
1413393981405760512.000000 0.575861156 -0.988852978 -0.426603854 0.925005198 -0.040427361 -0.364390105 -0.099754818
1413393981455760384.000000 0.571754575 -0.994198859 -0.490464360 0.924574375 -0.035087250 -0.365658969 -0.101117216
1413393981505760512.000000 0.565508485 -1.000366211 -0.554752111 0.924693763 -0.027992029 -0.365544289 -0.102642164
1413393981555760384.000000 0.556971967 -1.007963300 -0.618788600 0.924975991 -0.019205252 -0.364850044 -0.104571536
1413393981605760512.000000 0.539447367 -1.011829138 -0.684155703 0.925371766 -0.012961459 -0.363613516 -0.106322035
1413393981655760384.000000 0.523423910 -1.017854214 -0.748176575 0.925294816 -0.007932329 -0.363513082 -0.107819088
1413393981705760512.000000 0.504321694 -1.022839069 -0.812496424 0.925235629 -0.003751087 -0.363263398 -0.109383404
1413393981755760384.000000 0.482367128 -1.026546717 -0.876896203 0.925483584 0.001055484 -0.362233937 -0.110750481
1413393981805760512.000000 0.458757728 -1.028671741 -0.942457616 0.926445425 0.005060199 -0.359267861 -0.112249494
1413393981855760384.000000 0.424601048 -1.027478695 -1.008642554 0.927190125 0.009956321 -0.356072694 -0.115895152
1413393981905760512.000000 0.395669550 -1.025814056 -1.073435664 0.927982450 0.014230825 -0.352045625 -0.121285349
1413393981955760384.000000 0.366117299 -1.021592736 -1.138748169 0.928768635 0.017762318 -0.347150952 -0.128684014
1413393982005760512.000000 0.336781412 -1.015198946 -1.203795910 0.929346740 0.019566899 -0.341965973 -0.137808144
1413393982055760384.000000 0.308512062 -1.006943345 -1.267198086 0.928996563 0.020741891 -0.338331044 -0.148550972
1413393982105760512.000000 0.274672061 -0.994942665 -1.335945487 0.928309679 0.021584341 -0.334029108 -0.161863565
1413393982155760384.000000 0.247444808 -0.981024623 -1.399713516 0.927266598 0.021279050 -0.329470009 -0.176560029
1413393982205760512.000000 0.220926702 -0.964591861 -1.463022232 0.925083101 0.020129660 -0.326437503 -0.193015009
1413393982255760384.000000 0.195496678 -0.945607424 -1.525727868 0.922308445 0.018223422 -0.322858840 -0.211606279
1413393982305760512.000000 0.170154512 -0.923708200 -1.587656975 0.918791473 0.016815193 -0.319293052 -0.231498346
1413393982355760384.000000 0.145451427 -0.902328730 -1.652276397 0.913294315 0.015838750 -0.318709165 -0.253114969
1413393982405760512.000000 0.122833073 -0.877846003 -1.711307526 0.906855583 0.016049391 -0.318289399 -0.275766701
1413393982455760384.000000 0.100751668 -0.851988316 -1.768479109 0.899573386 0.016585305 -0.317479134 -0.299499065
1413393982505760512.000000 0.079284579 -0.824770451 -1.823735952 0.891310811 0.017434208 -0.316316873 -0.324352950
1413393982555760384.000000 0.057440341 -0.796276569 -1.877508879 0.882138431 0.017581733 -0.314198613 -0.350431204
1413393982605760512.000000 0.042798162 -0.765527010 -1.936158419 0.872165501 0.018701959 -0.310710460 -0.377407849
1413393982655760384.000000 0.022955090 -0.733133554 -1.988233089 0.861607730 0.020398758 -0.305447817 -0.404867500
1413393982705760512.000000 0.003157794 -0.699004412 -2.038901329 0.850173831 0.023216313 -0.299267411 -0.432555825
1413393982755760384.000000 -0.015950054 -0.662929296 -2.087895870 0.837612033 0.026308484 -0.291570485 -0.461194843
1413393982805760512.000000 -0.034380220 -0.625125885 -2.136683464 0.824486315 0.029928416 -0.282588005 -0.489357442
1413393982855760384.000000 -0.048397340 -0.588059664 -2.185830116 0.810834408 0.032785341 -0.272232085 -0.517071068
1413393982905760512.000000 -0.065312870 -0.547655582 -2.229499340 0.795999110 0.036238749 -0.261649340 -0.544620752
1413393982955760384.000000 -0.082065023 -0.506445408 -2.270387650 0.780159652 0.039153986 -0.252669692 -0.570943058
1413393983005760512.000000 -0.098283596 -0.464357853 -2.308516741 0.763614357 0.040977515 -0.244254753 -0.596283197
1413393983055760384.000000 -0.114033937 -0.420778751 -2.345019341 0.746118605 0.043702859 -0.235489041 -0.621242404
1413393983105760512.000000 -0.116887331 -0.377048492 -2.376757383 0.728783965 0.046105824 -0.225543812 -0.644886255
1413393983155760384.000000 -0.129740968 -0.331791401 -2.405867815 0.711171329 0.049776673 -0.214793876 -0.667548716
1413393983205760512.000000 -0.141530424 -0.285827160 -2.431302786 0.693205118 0.053280473 -0.203687876 -0.689303458
1413393983255760384.000000 -0.150777757 -0.238784075 -2.452815533 0.675153911 0.055831905 -0.191848129 -0.710101664
1413393983305760512.000000 -0.159157813 -0.191975355 -2.470108509 0.656227648 0.058470607 -0.180734038 -0.730261385
1413393983355760384.000000 -0.157853395 -0.145881772 -2.481257439 -0.637527168 -0.060448132 0.168183193 0.749412835
1413393983405760512.000000 -0.162216097 -0.099052429 -2.490179062 -0.618840277 -0.060043443 0.154838592 0.767760694
1413393983455760384.000000 -0.164234459 -0.052591801 -2.494298458 -0.599666238 -0.058365718 0.142526433 0.785289824
1413393983505760512.000000 -0.162654608 -0.006918550 -2.493806124 -0.580740750 -0.054362163 0.129273951 0.801918507
1413393983555760384.000000 -0.158718422 0.037302375 -2.488576412 -0.561155736 -0.050676666 0.117098048 0.817816794
1413393983605760512.000000 -0.151199475 0.079177260 -2.476651907 0.541389823 0.046773963 -0.104473449 -0.832943320
1413393983655760384.000000 -0.136715919 0.116277456 -2.460775852 -0.521414280 -0.043524653 0.093185924 0.847082794
1413393983705760512.000000 -0.125264302 0.153228521 -2.441597939 -0.500982046 -0.038094897 0.082994580 0.860626400
1413393983755760384.000000 -0.112196118 0.186860442 -2.418302536 -0.480307013 -0.034339577 0.074671067 0.873241305
1413393983805760512.000000 -0.097341165 0.217239738 -2.391203880 -0.459504902 -0.030457357 0.068603069 0.884997904
1413393983855760384.000000 -0.080132671 0.244099379 -2.360723495 -0.438729465 -0.026534814 0.062838204 0.896026671
1413393983905760512.000000 -0.061183318 0.268027484 -2.328116894 0.418713093 0.023007296 -0.057758190 -0.905987859
1413393983955760384.000000 -0.038190030 0.284470856 -2.294346333 -0.399901927 -0.020199297 0.048969336 0.915025949
1413393984005760512.000000 -0.016629346 0.300947487 -2.255373716 -0.380918473 -0.017639190 0.041363984 0.923514485
1413393984055760384.000000 0.006660655 0.313834280 -2.213813305 -0.362210274 -0.015135283 0.032062814 0.931421816
1413393984105760512.000000 0.031705908 0.322493404 -2.169686079 -0.343107373 -0.012380447 0.022505108 0.938944936
1413393984155760384.000000 0.058221802 0.326651186 -2.123073101 -0.323952317 -0.010000132 0.012723728 0.945935071
1413393984205760512.000000 0.087439284 0.322822034 -2.078477383 -0.304682255 -0.007566737 0.003170736 0.952418745
1413393984255760384.000000 0.116012909 0.317869544 -2.028150797 -0.285162807 -0.004988020 -0.005668916 0.958449423
1413393984305760512.000000 0.145636410 0.308321297 -1.976262689 -0.265355468 -0.001965915 -0.011287302 0.964082599
1413393984355760384.000000 0.175925672 0.294126213 -1.923242688 -0.246317253 0.001051717 -0.015589800 0.969063342
1413393984405760512.000000 0.207247972 0.275190681 -1.869642019 -0.228640944 0.005023384 -0.020430923 0.973283529
1413393984455760384.000000 0.241724119 0.250331670 -1.819541216 -0.212500334 0.007768371 -0.025513828 0.976797044
1413393984505760512.000000 0.274253845 0.223137140 -1.765711069 -0.197752014 0.011567061 -0.030066527 0.979722619
1413393984555760384.000000 0.306833148 0.191560224 -1.711889386 -0.183898181 0.015711639 -0.034989364 0.982196689
1413393984605760512.000000 0.338370085 0.155973881 -1.657827735 -0.170459434 0.017118791 -0.036313690 0.984546542
1413393984655760384.000000 0.367660552 0.115871251 -1.602834821 0.156510755 -0.016923070 0.031009709 -0.987044275
1413393984705760512.000000 0.392944843 0.069134437 -1.550022602 -0.142828345 0.017356873 -0.019366989 0.989405811
1413393984755760384.000000 0.417016327 0.024348345 -1.494475722 -0.131534338 0.017925566 -0.008419496 0.991113842
1413393984805760512.000000 0.438550711 -0.021653477 -1.438400149 -0.122397855 0.018202921 0.002540404 0.992311001
1413393984855760384.000000 0.456822485 -0.068535209 -1.381834745 -0.114806570 0.015446244 0.016949382 0.993123233
1413393984905760512.000000 0.471758187 -0.115031481 -1.325222015 -0.110706836 0.010885351 0.033714622 0.993221462
1413393984955760384.000000 0.487104148 -0.159852460 -1.268260479 -0.110092394 0.006212859 0.050699696 0.992608011
1413393985005760512.000000 0.497327626 -0.204286784 -1.211693168 -0.113729768 0.003058353 0.065648787 0.991335690
1413393985055760384.000000 0.505629182 -0.246568397 -1.155122042 -0.122495852 0.000590737 0.075526595 0.989590883
1413393985105760512.000000 0.512606382 -0.286463588 -1.098332286 -0.134995386 0.001231568 0.081554145 0.987483561
1413393985155760384.000000 0.518545747 -0.322634041 -1.042070866 0.151361629 -0.004260343 -0.082095459 -0.985054195
1413393985205760512.000000 0.523737848 -0.357133180 -0.982997417 -0.169506505 0.008456664 0.081405513 0.982124805
1413393985255760384.000000 0.525889754 -0.390566617 -0.926876068 -0.188909203 0.012045390 0.080129191 0.978645861
1413393985305760512.000000 0.527382135 -0.423063159 -0.871389508 -0.209320128 0.015184215 0.078252487 0.974592805
1413393985355760384.000000 0.528554142 -0.454980552 -0.817040265 -0.230316222 0.016226245 0.076551631 0.969964504
1413393985405760512.000000 0.530099332 -0.487448841 -0.764588475 0.250875562 -0.017625451 -0.076388717 -0.964839637
1413393985455760384.000000 0.530421197 -0.519533157 -0.706140637 -0.271385103 0.018045278 0.078201219 0.959118962
1413393985505760512.000000 0.532664061 -0.552617967 -0.654381514 -0.291028261 0.019047219 0.080942921 0.953093946
1413393985555760384.000000 0.534778535 -0.586591423 -0.603103995 -0.308881193 0.018470703 0.088034950 0.946837425
1413393985605760512.000000 0.536957562 -0.621101141 -0.551978946 -0.325254381 0.016138282 0.098494999 0.940344572
1413393985655760384.000000 0.540552378 -0.656908274 -0.500797391 0.340100110 -0.011492154 -0.111702137 -0.933660805
1413393985705760512.000000 0.534583569 -0.693238437 -0.445330352 -0.353692085 0.006627564 0.126658052 0.926723182
1413393985755760384.000000 0.537467837 -0.728446603 -0.395529866 -0.367283046 0.000512988 0.140946418 0.919367790
1413393985805760512.000000 0.541338682 -0.762585104 -0.346055388 -0.380405337 -0.004681966 0.154084399 0.911881506
1413393985855760384.000000 0.546931148 -0.795041382 -0.296954334 -0.393059999 -0.009129796 0.167172566 0.904142618
1413393985905760512.000000 0.554326475 -0.824830890 -0.248141870 -0.405503660 -0.011077528 0.180627435 0.896001041
1413393985955760384.000000 0.563118815 -0.847901344 -0.193989992 -0.418500423 -0.012922280 0.192505732 0.887486339
1413393986005760512.000000 0.575110674 -0.870733976 -0.146605819 -0.431588173 -0.011942078 0.202875912 0.878880262
1413393986055760384.000000 0.587940931 -0.890382528 -0.100006253 -0.444679230 -0.010719513 0.211431637 0.870311499
1413393986105760512.000000 0.601277411 -0.907539129 -0.055195808 -0.457638294 -0.007758326 0.221323207 0.861117303
1413393986155760384.000000 0.617359281 -0.920719385 -0.011610687 0.470151663 0.003513656 -0.230205774 -0.852027237
1413393986205760512.000000 0.610310435 -0.943393946 0.035614312 -0.482016534 0.003039742 0.241108611 0.842328608
1413393986255760384.000000 0.624162078 -0.951102376 0.074812829 -0.494029075 0.009804383 0.252046019 0.832052886
1413393986305760512.000000 0.638280392 -0.954939365 0.111774653 -0.506124794 0.015845308 0.262571573 0.821366429
1413393986355760384.000000 0.651260495 -0.955474615 0.145732015 -0.518528521 0.021260910 0.271709621 0.810462892
1413393986405760512.000000 0.663311064 -0.951645494 0.176390290 -0.531713307 0.027254488 0.280059099 0.798814774
1413393986455760384.000000 0.664589107 -0.957124650 0.208479047 -0.545209408 0.032287065 0.286191911 0.787272871
1413393986505760512.000000 0.676893771 -0.947449923 0.230674207 -0.560366631 0.033341300 0.287563950 0.776005626
1413393986555760384.000000 0.689770877 -0.935396731 0.248246431 -0.578483462 0.031899445 0.281364143 0.764966428
1413393986605760512.000000 0.703150690 -0.919794202 0.262131482 -0.598013878 0.027757969 0.269631535 0.754259765
1413393986655760384.000000 0.717258334 -0.904638112 0.272103727 0.617367327 -0.022953397 -0.256059080 -0.743481398
1413393986705760512.000000 0.718636870 -0.898846090 0.288279444 -0.635888219 0.021365702 0.243862286 0.731929600
1413393986755760384.000000 0.730567575 -0.880653203 0.297417432 -0.653015614 0.019516768 0.233285517 0.720255256
1413393986805760512.000000 0.742557049 -0.863247156 0.306179225 -0.669485569 0.018546466 0.222994477 0.708320975
1413393986855760384.000000 0.755405426 -0.846411526 0.315177798 -0.684389174 0.017543403 0.213739872 0.696863711
1413393986905760512.000000 0.768186450 -0.830739796 0.325469494 -0.696439266 0.016742174 0.207280770 0.686823666
1413393986955760384.000000 0.778121710 -0.825899065 0.341116965 -0.705148578 0.015950950 0.206427142 0.678158581
1413393987005760512.000000 0.789531708 -0.812707424 0.355626762 -0.710503638 0.013439834 0.211658403 0.670972943
1413393987055760384.000000 0.799600661 -0.800695181 0.372373343 -0.714481473 0.010794474 0.217440754 0.664920509
1413393987105760512.000000 0.807920516 -0.789474845 0.391113877 -0.717170477 0.008094647 0.223158509 0.660152435
1413393987155760384.000000 0.814317226 -0.778792024 0.412097514 -0.719088435 0.005957274 0.228229880 0.656344116
1413393987205760512.000000 0.817881107 -0.774010479 0.436487257 0.720728755 -0.004927320 -0.232256740 -0.653132975
1413393987255760384.000000 0.827400804 -0.767564774 0.458561450 0.721260726 -0.002479307 -0.236435696 -0.651056886
1413393987305760512.000000 0.833487511 -0.757409751 0.483220011 0.721808136 -0.001109629 -0.239527926 -0.649321377
1413393987355760384.000000 0.840884924 -0.746899545 0.508541644 0.721685588 -0.000178216 -0.242080584 -0.648511350
1413393987405760512.000000 0.849831879 -0.736085773 0.534252405 0.721428096 0.001059364 -0.243684486 -0.648196161
1413393987455760384.000000 0.860410631 -0.725004077 0.560522914 0.720662594 0.000632244 -0.244917065 -0.648583591
1413393987505760512.000000 0.870524406 -0.714772165 0.588138819 0.720713913 0.000545831 -0.245165005 -0.648433030
1413393987555760384.000000 0.894358337 -0.701529920 0.610293508 0.721822500 0.000379343 -0.243577972 -0.647797823
1413393987605760512.000000 0.907028198 -0.689957976 0.637413502 0.724115670 0.000600742 -0.241727754 -0.645928741
1413393987655760384.000000 0.920569062 -0.678056300 0.664842665 0.727014244 0.000062915 -0.240285158 -0.643205583
1413393987705760512.000000 0.933996439 -0.665999830 0.692843676 0.730349302 -0.000368365 -0.240495682 -0.639336944
1413393987755760384.000000 0.947929025 -0.654374778 0.721286833 0.733955562 -0.002648300 -0.241386458 -0.634850264
1413393987805760512.000000 0.958613932 -0.643756747 0.752596021 0.736229479 -0.003931227 -0.244320095 -0.631077230
1413393987855760384.000000 0.983630419 -0.625451446 0.776282191 0.737962365 -0.006991634 -0.248219132 -0.627495050
1413393987905760512.000000 0.993419051 -0.613762259 0.808416009 0.739051461 -0.009071620 -0.252377182 -0.624520957
1413393987955760384.000000 1.001417756 -0.601492643 0.841588676 0.740483761 -0.010956196 -0.254611820 -0.621881485
1413393988005760512.000000 1.005895495 -0.589201093 0.875687897 0.742037416 -0.012647484 -0.255845934 -0.619486392
1413393988055760384.000000 1.008053541 -0.576754093 0.911045790 0.743460476 -0.013290850 -0.256914884 -0.617320657
1413393988105760512.000000 1.002544045 -0.566593766 0.948938251 0.745247602 -0.013294759 -0.256530493 -0.615322292
1413393988155760384.000000 1.006450295 -0.549437642 0.984836221 0.747571468 -0.013288006 -0.253938764 -0.613575995
1413393988205760512.000000 1.001410365 -0.537204862 1.023641467 0.750257194 -0.012383352 -0.250266194 -0.611823261
1413393988255760384.000000 0.995193958 -0.525295734 1.063564420 0.752851665 -0.011434222 -0.245621055 -0.610535860
1413393988305760512.000000 0.987581253 -0.513406277 1.104438543 0.754859269 -0.010208264 -0.241910830 -0.609559298
1413393988355760384.000000 0.980836749 -0.501617908 1.145859003 0.756975234 -0.008714594 -0.237278104 -0.608778954
1413393988405760512.000000 0.971199811 -0.491077423 1.188597560 0.758853734 -0.004868871 -0.233255327 -0.608037233
1413393988455760384.000000 0.974033177 -0.474889040 1.228182077 0.761034429 0.002049795 -0.228608921 -0.607091784
1413393988505760512.000000 0.969928920 -0.464336038 1.273102760 0.763286829 0.012503773 -0.223425165 -0.606067777
1413393988555760384.000000 0.967818856 -0.453805089 1.319968224 0.765370548 0.021660309 -0.218021348 -0.605149090
1413393988605760512.000000 0.967817426 -0.443090916 1.369050741 0.767342687 0.028159482 -0.212887749 -0.604211152
1413393988655760384.000000 0.969471931 -0.432100654 1.420963883 0.767238557 0.026076524 -0.215212822 -0.603612900
1413393988705760512.000000 0.972596526 -0.419253588 1.475554824 0.766189337 0.023105558 -0.221092254 -0.602941453
1413393988755760384.000000 0.978024721 -0.406388879 1.526537061 0.763805747 0.013610247 -0.231995925 -0.602157354
1413393988805760512.000000 0.983865678 -0.395148754 1.584546685 0.761671245 0.004683050 -0.245594203 -0.599598646
1413393988855760384.000000 0.991591334 -0.383488655 1.642763138 0.758046985 -0.005787347 -0.265538573 -0.595668256
1413393988905760512.000000 1.003037930 -0.370777369 1.699136496 0.754429400 -0.017234473 -0.286972582 -0.590072870
1413393988955760384.000000 1.018551826 -0.356639624 1.751609325 0.752249420 -0.026015250 -0.306194752 -0.582828343
1413393989005760512.000000 1.034213066 -0.343687773 1.797262669 0.750748277 -0.034193818 -0.323912531 -0.574707448
1413393989055760384.000000 1.054684043 -0.329163313 1.841406345 0.749594450 -0.040208034 -0.340109318 -0.566407323
1413393989105760512.000000 1.077600479 -0.313734770 1.879553914 0.748049796 -0.045934465 -0.356170386 -0.558080912
1413393989155760384.000000 1.102798462 -0.297231197 1.910944700 0.747141242 -0.048787631 -0.369993478 -0.550004244
1413393989205760512.000000 1.130759358 -0.276503086 1.933462143 0.747384608 -0.048257753 -0.380075604 -0.542798281
1413393989255760384.000000 1.158748031 -0.259386778 1.947807908 0.750481009 -0.043539908 -0.383437723 -0.536524117
1413393989305760512.000000 1.191194892 -0.236336470 1.954334736 0.762411177 -0.031211015 -0.366276890 -0.532537758
1413393989355760384.000000 1.224375486 -0.211367369 1.955814004 0.776583493 -0.020271085 -0.341197252 -0.529236794
1413393989405760512.000000 1.257708907 -0.184759140 1.954103231 0.790675938 -0.013450659 -0.313465565 -0.525728166
1413393989455760384.000000 1.288485527 -0.158164740 1.950070262 0.803325951 -0.009973967 -0.285897672 -0.522331774
1413393989505760512.000000 1.317024231 -0.133716822 1.950357318 0.812571108 -0.008809185 -0.263814509 -0.519665837
1413393989555760384.000000 1.342181087 -0.106389046 1.951294541 0.819071949 -0.009532444 -0.247620493 -0.517411292
1413393989605760512.000000 1.363479376 -0.079812050 1.955441833 0.822625816 -0.009335924 -0.239484683 -0.515603364
1413393989655760384.000000 1.382043004 -0.054072857 1.962556601 0.824618995 -0.008455664 -0.235567212 -0.514237404
1413393989705760512.000000 1.396590352 -0.028540611 1.971412063 0.825501740 -0.007030190 -0.237545475 -0.511927426
1413393989755760384.000000 1.410537839 -0.007652760 1.986186981 0.826266885 -0.006637095 -0.241812691 -0.508690178
1413393989805760512.000000 1.420941830 0.015937567 2.000826120 0.827112675 -0.008303002 -0.247773424 -0.504404724
1413393989855760384.000000 1.429563999 0.038444757 2.017537117 0.828348875 -0.014831085 -0.254516751 -0.498838127
1413393989905760512.000000 1.436189413 0.059864521 2.036024570 0.829918087 -0.022697950 -0.261989027 -0.492018849
1413393989955760384.000000 1.441775203 0.080534697 2.056355000 0.832391262 -0.033319097 -0.268526495 -0.483640641
1413393990005760512.000000 1.445770264 0.095195293 2.077155352 0.835847974 -0.045285616 -0.274948567 -0.472980708
1413393990055760384.000000 1.446961880 0.112163544 2.097863913 0.841506958 -0.052445039 -0.278435469 -0.459988385
1413393990105760512.000000 1.445900202 0.126849890 2.118621826 0.848325670 -0.056726173 -0.281012923 -0.445148855
1413393990155760384.000000 1.442422390 0.138923168 2.139596701 0.855880260 -0.059187237 -0.283385634 -0.428553909
1413393990205760512.000000 1.436668515 0.148847580 2.161720276 0.863557935 -0.060927600 -0.286129355 -0.410713434
1413393990255760384.000000 1.432470679 0.153355122 2.182840109 0.870710433 -0.061652977 -0.290620744 -0.391920924
1413393990305760512.000000 1.422559500 0.158004761 2.205520868 0.876998246 -0.062932909 -0.297253996 -0.372227967
1413393990355760384.000000 1.411927223 0.160286427 2.228199482 0.882217765 -0.063873835 -0.305934697 -0.352158844
1413393990405760512.000000 1.402084351 0.159978628 2.250162840 0.887323737 -0.065367833 -0.313697964 -0.331628293
1413393990455760384.000000 1.393738508 0.155798197 2.272026777 0.891767442 -0.069453485 -0.321222782 -0.311035603
1413393990505760512.000000 1.387618780 0.150321245 2.287750721 0.895149767 -0.073397174 -0.329801351 -0.290776134
1413393990555760384.000000 1.379719019 0.142589808 2.305893183 0.897022724 -0.076567218 -0.340278149 -0.271474898
1413393990605760512.000000 1.371544242 0.132454395 2.322368860 0.896460295 -0.077089392 -0.355555296 -0.252975613
1413393990655760384.000000 1.363241196 0.120035172 2.336353779 0.894002318 -0.072699457 -0.373952925 -0.235868618
1413393990705760512.000000 1.355930805 0.106928587 2.347421169 0.889333904 -0.059287060 -0.395776570 -0.221204266
1413393990755760384.000000 1.346842527 0.090986729 2.349103451 0.885593534 -0.039153069 -0.413052738 -0.208754957
1413393990805760512.000000 1.338703990 0.075867176 2.349947453 0.881967604 -0.017555056 -0.427152663 -0.198407814
1413393990855760384.000000 1.330149651 0.062415719 2.344895601 0.878577888 0.003457121 -0.438044935 -0.190277621
1413393990905760512.000000 1.322311640 0.051678181 2.333413839 0.877709091 0.020597409 -0.441972375 -0.184019133
1413393990955760384.000000 1.313823819 0.045263171 2.309031487 0.881880283 0.036798660 -0.434137940 -0.180159181
1413393991005760512.000000 1.307742476 0.042502403 2.284818172 0.890424073 0.048192326 -0.415789515 -0.178722322
1413393991055760384.000000 1.302150249 0.044794202 2.255286694 0.901324511 0.054956902 -0.390833586 -0.178446189
1413393991105760512.000000 1.297124028 0.052014828 2.222565889 0.913725615 0.054749236 -0.360656828 -0.178982496
1413393991155760384.000000 1.290945411 0.063982606 2.181956768 0.926386833 0.049346894 -0.326709628 -0.180646539
1413393991205760512.000000 1.287685275 0.078430891 2.148417234 0.937763274 0.038219403 -0.293242455 -0.182066768
1413393991255760384.000000 1.285551190 0.095133543 2.117529154 0.947394013 0.026350560 -0.260420948 -0.184204429
1413393991305760512.000000 1.284201145 0.112974763 2.091044426 0.954958200 0.014487430 -0.230572253 -0.186229751
1413393991355760384.000000 1.278878808 0.137206793 2.067913771 0.958755791 -0.000986079 -0.212680668 -0.188556209
1413393991405760512.000000 1.278466344 0.154881358 2.053040743 0.959890068 -0.015065599 -0.204537734 -0.191176564
1413393991455760384.000000 1.277721763 0.171466112 2.044471264 0.956711352 -0.026780583 -0.215014279 -0.194306761
1413393991505760512.000000 1.277740836 0.186236620 2.041760445 0.950290084 -0.037931573 -0.237741634 -0.197456136
1413393991555760384.000000 1.279147387 0.199771643 2.040368080 0.942636967 -0.050158184 -0.262220263 -0.200400651
1413393991605760512.000000 1.274950266 0.213212013 2.040169716 0.933242202 -0.061572485 -0.289920807 -0.203012034
1413393991655760384.000000 1.278846622 0.220433950 2.045557022 0.922912657 -0.071112804 -0.318131745 -0.204859853
1413393991705760512.000000 1.283875108 0.224556446 2.050341606 0.913448513 -0.075955503 -0.342851788 -0.205658153
1413393991755760384.000000 1.290099859 0.225638866 2.052860022 0.906036973 -0.078318782 -0.361577332 -0.205487266
1413393991805760512.000000 1.295049191 0.225668192 2.048716307 0.901478469 -0.076814272 -0.373639107 -0.204523936
1413393991855760384.000000 1.304692507 0.220484972 2.042325974 0.903368235 -0.070732303 -0.370993942 -0.203190356
1413393991905760512.000000 1.315686226 0.213049173 2.031629324 0.910438001 -0.056252621 -0.356477618 -0.202143982
1413393991955760384.000000 1.328048110 0.204105854 2.017630577 0.920741320 -0.039680354 -0.332001895 -0.201086506
1413393992005760512.000000 1.340097308 0.193152785 2.002603054 0.930477798 -0.028561613 -0.305259496 -0.200529173
1413393992055760384.000000 1.346972346 0.187843919 1.984968781 0.938358128 -0.019734543 -0.281294018 -0.199920744
1413393992105760512.000000 1.358588815 0.177201867 1.974232674 0.943713903 -0.013551339 -0.263559550 -0.199391231
1413393992155760384.000000 1.368351817 0.166352868 1.967489839 0.944866240 -0.009676081 -0.259695113 -0.199230343
1413393992205760512.000000 1.376174092 0.155557871 1.964707375 0.941284060 -0.003946455 -0.272704273 -0.199000522
1413393992255760384.000000 1.382940173 0.144689441 1.965575576 0.935517550 0.001358683 -0.292204440 -0.198549241
1413393992305760512.000000 1.390708089 0.134437680 1.968241811 0.928597510 0.003511713 -0.313817143 -0.198023483
1413393992355760384.000000 1.400586247 0.129028797 1.965045929 0.920604467 -0.004965659 -0.337079316 -0.197079524
1413393992405760512.000000 1.408625960 0.120990396 1.968070149 0.913035333 -0.016817389 -0.357020378 -0.196520045
1413393992455760384.000000 1.415270805 0.113473654 1.970187306 0.907197475 -0.031353537 -0.371123940 -0.195644617
1413393992505760512.000000 1.420515180 0.106000423 1.969888687 0.904610693 -0.043504555 -0.376689464 -0.194658414
1413393992555760384.000000 1.424118519 0.099033356 1.965261340 0.905969739 -0.051149916 -0.372805506 -0.193955109
1413393992605760512.000000 1.424820423 0.090350032 1.959542871 0.910520554 -0.054157544 -0.361443609 -0.193333551
1413393992655760384.000000 1.427651286 0.079939246 1.949970245 0.918788791 -0.049203664 -0.340723515 -0.193167374
1413393992705760512.000000 1.426823616 0.068782091 1.941128850 0.928554296 -0.041626204 -0.314167023 -0.193269879
1413393992755760384.000000 1.425444841 0.056978464 1.932953835 0.937546909 -0.032930404 -0.287130177 -0.193591565
1413393992805760512.000000 1.424368143 0.044075847 1.926459432 0.944368720 -0.024464736 -0.264643669 -0.193734348
1413393992855760384.000000 1.422019124 0.028422713 1.924378157 0.948254764 -0.016114496 -0.250719696 -0.194146931
1413393992905760512.000000 1.421264887 0.014076471 1.925021052 0.948954284 -0.009443796 -0.248100653 -0.194531992
1413393992955760384.000000 1.420871019 -0.000584483 1.929832458 0.946424067 -0.003096333 -0.257864982 -0.194364771
1413393993005760512.000000 1.421610951 -0.015232325 1.938254952 0.941795528 0.003156530 -0.274384648 -0.194227874
1413393993055760384.000000 1.424518824 -0.030290723 1.949707866 0.936271548 0.009052482 -0.292592943 -0.194172591
1413393993105760512.000000 1.433692813 -0.041356444 1.962747335 0.931105494 0.011449032 -0.309067309 -0.193362296
1413393993155760384.000000 1.437784195 -0.053485274 1.976932049 0.923973799 0.010559513 -0.329998761 -0.193033054
1413393993205760512.000000 1.441856146 -0.064028859 1.991232634 0.915333688 0.007831261 -0.353652060 -0.192439884
1413393993255760384.000000 1.445561528 -0.072996140 2.004072666 0.905302107 0.007446984 -0.379219383 -0.191220656
1413393993305760512.000000 1.450953007 -0.083741188 2.017685413 0.895013750 0.007095183 -0.403169096 -0.190669358
1413393993355760384.000000 1.454971790 -0.088677645 2.023341417 0.887297451 0.009486811 -0.420245677 -0.189754710
1413393993405760512.000000 1.459164619 -0.091209292 2.023396730 0.882638872 0.014826000 -0.430092096 -0.189075947
1413393993455760384.000000 1.463497758 -0.090728760 2.017013788 0.881838024 0.021049293 -0.431419045 -0.189199179
1413393993505760512.000000 1.467589855 -0.087107897 2.002784491 0.886152744 0.024441389 -0.422071308 -0.189715371
1413393993555760384.000000 1.472810388 -0.080129147 1.983720541 0.894717753 0.024478722 -0.403355151 -0.190225363
1413393993605760512.000000 1.478756905 -0.070012689 1.960778475 0.905745149 0.021607962 -0.377674520 -0.191104457
1413393993655760384.000000 1.493437290 -0.062407970 1.944845438 0.918036401 0.017633209 -0.346271753 -0.192338616
1413393993705760512.000000 1.499892473 -0.048001409 1.919073105 0.929625571 0.012659294 -0.313810140 -0.192767501
1413393993755760384.000000 1.505451798 -0.032258153 1.894350410 0.939758360 0.007842192 -0.282003850 -0.193045631
1413393993805760512.000000 1.506653070 -0.016230106 1.873804212 0.947279274 0.003967436 -0.255653381 -0.193100139
1413393993855760384.000000 1.495314240 0.004673839 1.852925897 0.953031540 0.000691000 -0.233957559 -0.192338943
1413393993905760512.000000 1.488473415 0.013618469 1.850269318 0.957247972 -0.002337477 -0.216271386 -0.192087740
1413393993955760384.000000 1.478125572 0.028995275 1.846686244 0.960836470 -0.005987056 -0.200195625 -0.191518247
1413393994005760512.000000 1.467535019 0.043554664 1.849507689 0.963233769 -0.011576733 -0.188375697 -0.191210240
1413393994055760384.000000 1.460656166 0.057038784 1.858696342 0.964409709 -0.020927075 -0.181137279 -0.191482127
1413393994105760512.000000 1.473854780 0.062587023 1.882521391 0.963938475 -0.030329833 -0.182039514 -0.191740513
1413393994155760384.000000 1.481096983 0.070815325 1.905521989 0.962561131 -0.041001413 -0.186380357 -0.192503169
1413393994205760512.000000 1.494603872 0.075993299 1.934769750 0.960185647 -0.051801495 -0.194951415 -0.193272218
1413393994255760384.000000 1.514516830 0.077939749 1.968269706 0.956506491 -0.058866162 -0.209812060 -0.193930775
1413393994305760512.000000 1.537660360 0.072797418 2.013475418 0.950699151 -0.065478742 -0.231822699 -0.195299715
1413393994355760384.000000 1.567576289 0.067697525 2.052992821 0.943467796 -0.062372159 -0.260155350 -0.195697486
1413393994405760512.000000 1.597244263 0.059379220 2.095788479 0.934374273 -0.058299538 -0.291740865 -0.196044013
1413393994455760384.000000 1.622305751 0.049223661 2.141223669 0.922599256 -0.051412195 -0.328257263 -0.195996881
1413393994505760512.000000 1.631651402 0.030492067 2.206616879 0.909698308 -0.043029137 -0.363866955 -0.195444390
1413393994555760384.000000 1.646062851 0.017823458 2.254612446 0.896020234 -0.034882598 -0.397847235 -0.194032639
1413393994605760512.000000 1.654310226 0.004872084 2.302041769 0.882339776 -0.027307488 -0.428943902 -0.191671789
1413393994655760384.000000 1.655139685 -0.008783579 2.349111319 0.869645596 -0.021334073 -0.455906987 -0.188176185
1413393994705760512.000000 1.649608135 -0.022567034 2.395802021 0.859518170 -0.015739786 -0.476226538 -0.184903160
1413393994755760384.000000 1.643466592 -0.032791734 2.429603577 0.852866650 -0.007666540 -0.489520699 -0.181464344
1413393994805760512.000000 1.636487126 -0.040688515 2.451889515 0.853688896 0.003286768 -0.489016950 -0.179072618
1413393994855760384.000000 1.632458925 -0.044891715 2.463138342 0.863530815 0.011414805 -0.471675456 -0.178063571
1413393994905760512.000000 1.621465325 -0.046102762 2.466303825 0.876427472 0.017080100 -0.447343439 -0.177389413
1413393994955760384.000000 1.613463879 -0.043977857 2.464325905 0.889055729 0.017080722 -0.421948761 -0.176769555
1413393995005760512.000000 1.603421688 -0.039253354 2.458225250 0.899871886 0.012622299 -0.399038255 -0.175612718
1413393995055760384.000000 1.591123223 -0.032723308 2.450820923 0.908707678 0.004072345 -0.379155457 -0.174570516
1413393995105760512.000000 1.576161504 -0.025285840 2.444101334 0.915929735 -0.007936721 -0.361334622 -0.174491122
1413393995155760384.000000 1.560045123 -0.016528726 2.435575247 0.920057058 -0.019688874 -0.349491477 -0.175963551
1413393995205760512.000000 1.541565657 -0.007222414 2.427580833 0.921481550 -0.036879554 -0.342356473 -0.179732427
1413393995255760384.000000 1.521609783 0.001554251 2.419532537 0.921293676 -0.050569229 -0.337467074 -0.186485469
1413393995305760512.000000 1.496020317 0.012936115 2.414262533 0.919741809 -0.061484747 -0.335067213 -0.194998994
1413393995355760384.000000 1.474427462 0.021273375 2.388552189 0.916509330 -0.069229752 -0.335128993 -0.207138896
1413393995405760512.000000 1.453132629 0.025266409 2.378843069 0.913117468 -0.073940948 -0.334630579 -0.220843047
1413393995455760384.000000 1.432438850 0.027015209 2.367381334 0.909568667 -0.076682314 -0.333234698 -0.236134276
1413393995505760512.000000 1.412115097 0.026833057 2.351994514 0.905637860 -0.076152921 -0.331730723 -0.252934039
1413393995555760384.000000 1.390894532 0.022155762 2.344290733 0.902066529 -0.073700778 -0.327828020 -0.270874649
1413393995605760512.000000 1.373322010 0.020907640 2.320863724 0.898365915 -0.069230199 -0.322708696 -0.289836228
1413393995655760384.000000 1.354851365 0.013255835 2.305154324 0.894351602 -0.063113175 -0.315806210 -0.310513198
1413393995705760512.000000 1.337171912 0.003576994 2.288753510 0.890668094 -0.055406108 -0.305762559 -0.331888318
1413393995755760384.000000 1.320574641 -0.007353067 2.271934748 0.886160851 -0.048444051 -0.295022666 -0.354025126
1413393995805760512.000000 1.306573987 -0.017493010 2.245589495 0.880144835 -0.043100569 -0.285274714 -0.376969337
1413393995855760384.000000 1.291406393 -0.030940533 2.229873180 0.873221993 -0.041016039 -0.275619745 -0.399793535
1413393995905760512.000000 1.276605129 -0.046021938 2.215372086 0.865039587 -0.040921737 -0.267544806 -0.422435611
1413393995955760384.000000 1.262187004 -0.062949657 2.201705694 0.856701374 -0.040693380 -0.259248316 -0.444068819
1413393996005760512.000000 1.249592185 -0.079586029 2.183030367 0.847986162 -0.041295182 -0.252430320 -0.464212477
1413393996055760384.000000 1.235486746 -0.100683928 2.171654463 0.839960217 -0.042060476 -0.246871799 -0.481406391
1413393996105760512.000000 1.221670747 -0.124226093 2.161301374 0.832886696 -0.043744508 -0.242350236 -0.495633543
1413393996155760384.000000 1.208184958 -0.149997234 2.151828051 0.825929523 -0.048330128 -0.240716934 -0.507503808
1413393996205760512.000000 1.194318295 -0.175433397 2.142540932 0.818194926 -0.052327763 -0.243698657 -0.518102229
1413393996255760384.000000 1.183811307 -0.205298185 2.130495548 0.810199201 -0.051458631 -0.251809567 -0.526802778
1413393996305760512.000000 1.168928146 -0.237467527 2.122987509 0.803790808 -0.047805417 -0.258838028 -0.533514619
1413393996355760384.000000 1.153135538 -0.271244526 2.115681171 0.798275471 -0.041698720 -0.265991092 -0.538763642
1413393996405760512.000000 1.135771394 -0.306183100 2.108576536 0.794498861 -0.034657881 -0.270661920 -0.542505741
1413393996455760384.000000 1.115524769 -0.342349291 2.101241827 0.791103482 -0.027778044 -0.275648564 -0.545345306
1413393996505760512.000000 1.097296238 -0.377749205 2.094044447 0.788307846 -0.022108134 -0.280515403 -0.547168255
1413393996555760384.000000 1.072037101 -0.413585186 2.089025497 0.786058962 -0.016203109 -0.285787106 -0.547881961
1413393996605760512.000000 1.045124292 -0.448970079 2.084405422 0.784231961 -0.010867498 -0.290284067 -0.548267663
1413393996655760384.000000 1.018229365 -0.483272076 2.079726934 0.781950414 -0.006555765 -0.294128656 -0.549544334
1413393996705760512.000000 0.991534233 -0.516871691 2.073281765 0.779752731 -0.003317820 -0.296367466 -0.551489830
1413393996755760384.000000 0.971356750 -0.546196699 2.067539930 0.777582824 -0.001260217 -0.297070950 -0.554177165
1413393996805760512.000000 0.948016047 -0.575735092 2.060345173 0.775943696 0.000795164 -0.294017345 -0.558090210
1413393996855760384.000000 0.926247358 -0.603428602 2.052877188 0.773741066 0.002652568 -0.290401846 -0.563013792
1413393996905760512.000000 0.905888498 -0.629524231 2.045135975 0.771168411 0.004427799 -0.286608547 -0.568449855
1413393996955760384.000000 0.890377641 -0.651657820 2.037938833 0.767710090 0.007152026 -0.283612162 -0.574573159
1413393997005760512.000000 0.872535348 -0.674074411 2.029980898 0.764056444 0.009072433 -0.280746698 -0.580789804
1413393997055760384.000000 0.855911613 -0.694889784 2.021752119 0.760270774 0.010012019 -0.279413939 -0.586358249
1413393997105760512.000000 0.840331316 -0.713847399 2.013455391 0.757172644 0.012037531 -0.277418017 -0.591256201
1413393997155760384.000000 0.828644454 -0.730395317 2.006150484 0.754586518 0.012078122 -0.275828809 -0.595291376
1413393997205760512.000000 0.816049695 -0.745585203 1.997313499 0.753079832 0.009897466 -0.272246540 -0.598877788
1413393997255760384.000000 0.804437339 -0.759190083 1.988679171 0.751996875 0.007295463 -0.268139035 -0.602120280
1413393997305760512.000000 0.793319225 -0.771417141 1.980419993 0.751137555 0.005373434 -0.263915002 -0.605072260
1413393997355760384.000000 0.782012820 -0.783424377 1.973610282 0.750523508 0.003455477 -0.260217488 -0.607445002
1413393997405760512.000000 0.766957641 -0.793802500 1.968201160 0.749746501 0.001451112 -0.257823944 -0.609429955
1413393997455760384.000000 0.749813676 -0.803434849 1.967391014 0.749215901 0.000639179 -0.255982161 -0.610858738
1413393997505760512.000000 0.727392793 -0.812586784 1.965936422 0.748512983 -0.000281645 -0.255087912 -0.612093449
1413393997555760384.000000 0.703759134 -0.821628571 1.966096878 0.748580515 -0.001519480 -0.252880633 -0.612924397
1413393997605760512.000000 0.680755913 -0.830456734 1.967058420 0.748386264 -0.003227302 -0.251275688 -0.613814473
1413393997655760384.000000 0.659986138 -0.840557337 1.968429923 0.749002516 -0.004675906 -0.248925954 -0.614010870
1413393997705760512.000000 0.641339481 -0.847904444 1.971054792 0.748803496 -0.005172606 -0.249157012 -0.614155829
1413393997755760384.000000 0.624039769 -0.856204033 1.973030090 0.748507261 -0.004656055 -0.249739870 -0.614284456
1413393997805760512.000000 0.608680367 -0.864410877 1.975085020 0.748594284 -0.003034149 -0.250830382 -0.613743842
1413393997855760384.000000 0.595231295 -0.872269392 1.977630138 0.748504043 -0.001671353 -0.251987368 -0.613385141
1413393997905760512.000000 0.583654463 -0.879684210 1.982650161 0.748715997 -0.000315942 -0.252965569 -0.612725675
1413393997955760384.000000 0.572955966 -0.886487007 1.986452579 0.749105871 0.000924070 -0.253950715 -0.611840367
1413393998005760512.000000 0.563709617 -0.892649174 1.990801334 0.749496400 0.001968350 -0.254305005 -0.611212134
1413393998055760384.000000 0.555355906 -0.898149729 1.995807528 0.749804020 0.003506578 -0.255488664 -0.610333741
1413393998105760512.000000 0.548473179 -0.903629541 2.002660751 0.750587642 0.004451275 -0.256245881 -0.609045506
1413393998155760384.000000 0.542011559 -0.907610893 2.008996487 0.751719296 0.004907913 -0.256707251 -0.607450008
1413393998205760512.000000 0.536697447 -0.911048651 2.016034842 0.753353477 0.004666895 -0.256151140 -0.605659485
1413393998255760384.000000 0.532361269 -0.914085627 2.023814201 0.754692674 0.004596673 -0.256390303 -0.603888988
1413393998305760512.000000 0.530092835 -0.916750669 2.031740665 0.756132007 0.003017841 -0.256401122 -0.602091193
1413393998355760384.000000 0.527080178 -0.917705059 2.042366982 0.757092535 0.002164249 -0.257063448 -0.600603700
1413393998405760512.000000 0.526782453 -0.918658495 2.051988125 0.756918728 0.002998438 -0.260851264 -0.599184155
1413393998455760384.000000 0.527926028 -0.918923140 2.062083721 0.755895972 0.002551858 -0.266720980 -0.597891867
1413393998505760512.000000 0.530781746 -0.918276072 2.072105408 0.754900336 -0.000933060 -0.272657424 -0.596475184
1413393998555760384.000000 0.535731792 -0.916456938 2.082149029 0.754305899 -0.004999947 -0.276981980 -0.595213175
1413393998605760512.000000 0.538658500 -0.912334442 2.092843533 0.753508985 -0.012894881 -0.281043887 -0.594198823
1413393998655760384.000000 0.541822910 -0.909576654 2.103214502 0.753047466 -0.020963658 -0.283491552 -0.593390763
1413393998705760512.000000 0.543814003 -0.906464100 2.113514185 0.752089083 -0.029573506 -0.286307484 -0.592887402
1413393998755760384.000000 0.544578075 -0.903281689 2.122972250 0.751020551 -0.036683582 -0.288830727 -0.592620730
1413393998805760512.000000 0.544457674 -0.900276899 2.130950212 0.750637770 -0.041971687 -0.289060593 -0.592642665
1413393998855760384.000000 0.543302238 -0.897749662 2.137871981 0.750788808 -0.043567434 -0.288027406 -0.592839181
1413393998905760512.000000 0.540466785 -0.891712427 2.143282413 0.751374424 -0.041537825 -0.286167920 -0.593143404
1413393998955760384.000000 0.537652969 -0.890159369 2.147791862 0.753292203 -0.035785325 -0.281070977 -0.593522966
1413393999005760512.000000 0.534266531 -0.888724566 2.151321411 0.756002486 -0.029471518 -0.273790300 -0.593827009
1413393999055760384.000000 0.530262947 -0.887297153 2.154681683 0.758999825 -0.022780443 -0.265872747 -0.593895733
1413393999105760512.000000 0.525365889 -0.887898207 2.157050610 0.761189461 -0.014231319 -0.259687275 -0.594096422
1413393999155760384.000000 0.519768000 -0.887554169 2.161514521 0.761771858 -0.005787633 -0.258230031 -0.594127536
1413393999205760512.000000 0.513395846 -0.882724524 2.165628195 0.761708081 0.000300603 -0.259256005 -0.593790531
1413393999255760384.000000 0.507153571 -0.881511211 2.171894789 0.760535300 0.003681659 -0.262864977 -0.593695581
1413393999305760512.000000 0.500791311 -0.879283667 2.178915977 0.758224428 0.002543567 -0.269743413 -0.593572199
1413393999355760384.000000 0.494798154 -0.876348495 2.186443567 0.755720198 -0.002976630 -0.277044833 -0.593400598
1413393999405760512.000000 0.488550693 -0.870653868 2.192853212 0.753561139 -0.009073957 -0.283169776 -0.593193293
1413393999455760384.000000 0.482401341 -0.866062880 2.200545549 0.751744747 -0.013260631 -0.288298547 -0.592948556
1413393999505760512.000000 0.476892054 -0.860808849 2.207200527 0.750916719 -0.018229384 -0.291096956 -0.592498541
1413393999555760384.000000 0.471849799 -0.854102612 2.212515593 0.750251174 -0.023120733 -0.293441147 -0.592014372
1413393999605760512.000000 0.464874297 -0.847025156 2.216125011 0.750247002 -0.029184550 -0.293892413 -0.591527700
1413393999655760384.000000 0.459797114 -0.838908434 2.218474627 0.750226796 -0.033130694 -0.294020206 -0.591281831
1413393999705760512.000000 0.453843981 -0.830867529 2.219424009 0.750196517 -0.036566261 -0.294188172 -0.591034353
1413393999755760384.000000 0.446737409 -0.821389914 2.219214678 0.749893069 -0.039087832 -0.294557601 -0.591073930
1413393999805760512.000000 0.434955418 -0.813706398 2.218258381 0.749814868 -0.041408256 -0.293966949 -0.591309190
1413393999855760384.000000 0.422047615 -0.805333376 2.216767550 0.749116838 -0.042626496 -0.295196801 -0.591494501
1413393999905760512.000000 0.407109380 -0.797322512 2.214591503 0.748660505 -0.043667655 -0.295250207 -0.591969550
1413393999955760384.000000 0.390751362 -0.789485216 2.210765839 0.749429762 -0.041105770 -0.292243838 -0.592670977
1413394000005760512.000000 0.373816669 -0.784658909 2.208771229 0.753897786 -0.034065314 -0.281116784 -0.592833161
1413394000055760384.000000 0.368332863 -0.780444860 2.204660892 0.762207568 -0.019958990 -0.263237029 -0.591056347
1413394000105760512.000000 0.374201983 -0.780095339 2.205293655 0.759814978 -0.025898714 -0.268765718 -0.591418266
1413394000155760384.000000 0.384758294 -0.780762672 2.202289343 0.765506804 -0.021868829 -0.256222844 -0.589805901
1413394000205760512.000000 0.391138405 -0.781874657 2.200934172 0.770195186 -0.014796368 -0.246312991 -0.588141561
1413394000255760384.000000 0.388399303 -0.783458471 2.203949451 0.773374259 -0.005133857 -0.241074905 -0.586301088
1413394000305760512.000000 0.377418399 -0.786971807 2.210242987 0.775527418 -0.005649686 -0.245292068 -0.581684828
1413394000355760384.000000 0.369270325 -0.789134979 2.207799673 0.770558953 -0.035203911 -0.263181508 -0.579426527
1413394000405760512.000000 0.374290138 -0.793100595 2.205030918 0.772818804 -0.026766025 -0.254716784 -0.580649734
1413394000455760384.000000 0.373939097 -0.791743755 2.205958366 0.772443771 -0.023618257 -0.256049603 -0.580699146
1413394000505760512.000000 0.369368464 -0.790668249 2.207985163 0.771725893 -0.023002198 -0.258744627 -0.580483615
1413394000555760384.000000 0.370502383 -0.792640686 2.206534386 0.772249460 -0.025159428 -0.256809741 -0.580557227
1413394000605760512.000000 0.371220142 -0.792239904 2.206362724 0.771904588 -0.029612232 -0.257699281 -0.580411494
1413394000655760384.000000 0.369879931 -0.792454720 2.207453012 0.772678196 -0.024178358 -0.255515963 -0.580599248
1413394000705760512.000000 0.370573193 -0.791550875 2.207036495 0.771790385 -0.027005615 -0.258175761 -0.580478847
1413394000755760384.000000 0.370041996 -0.790622234 2.205888510 0.772143602 -0.025154842 -0.257055342 -0.580589354
1413394000805760512.000000 0.370347381 -0.791002035 2.206602335 0.772118211 -0.027733246 -0.257174850 -0.580452740
1413394000855760384.000000 0.370315015 -0.789897442 2.205694437 0.772343338 -0.025845896 -0.256471992 -0.580551386
1413394000905760512.000000 0.369868666 -0.789567471 2.205644608 0.771908045 -0.027193740 -0.257842600 -0.580461681
1413394000955760384.000000 0.369828492 -0.789578915 2.205615520 0.772162855 -0.026239876 -0.257063538 -0.580512285
1413394001005760512.000000 0.369620323 -0.790645838 2.206341982 0.772058785 -0.027348116 -0.257340282 -0.580476761
1413394001055760384.000000 0.369473517 -0.790371656 2.205693722 0.772180557 -0.026621716 -0.257102847 -0.580453873
1413394001105760512.000000 0.369514734 -0.791707277 2.206849575 0.771943092 -0.027089093 -0.257734448 -0.580467880
1413394001155760384.000000 0.369934291 -0.791961670 2.206899643 0.772206247 -0.026803952 -0.256919831 -0.580492258
1413394001205760512.000000 0.370001227 -0.792169809 2.207077503 0.772088289 -0.027238047 -0.257461548 -0.580389082
1413394001255760384.000000 0.370080829 -0.792355776 2.207211733 0.772069752 -0.026787715 -0.257247537 -0.580529511
1413394001305760512.000000 0.369978487 -0.792043686 2.206813574 0.772041440 -0.027205523 -0.257447988 -0.580458820
1413394001355760384.000000 0.369985610 -0.792131424 2.206752777 0.772158027 -0.026954051 -0.257234007 -0.580410302
1413394001405760512.000000 0.369982004 -0.792151451 2.206879616 0.772018611 -0.027219839 -0.257417262 -0.580502212
1413394001455760384.000000 0.369890690 -0.792247534 2.206866264 0.772109985 -0.026974002 -0.257314444 -0.580437720
1413394001505760512.000000 0.369974107 -0.792348623 2.206982851 0.772108972 -0.027236737 -0.257351696 -0.580410242
1413394001555760384.000000 0.369967252 -0.792421103 2.207068443 0.772088170 -0.027000716 -0.257428408 -0.580414951
1413394001605760512.000000 0.370042801 -0.792489290 2.207117319 0.772072732 -0.027185766 -0.257500976 -0.580394566
1413394001655760384.000000 0.369741529 -0.791949272 2.206921101 0.772083879 -0.027229786 -0.257346183 -0.580446362
1413394001705760512.000000 0.369766682 -0.791977167 2.206924915 0.772022188 -0.027272703 -0.257434696 -0.580487251
1413394001755760384.000000 0.369741172 -0.791973591 2.206950188 0.772030711 -0.027297441 -0.257399887 -0.580490112
1413394001805760512.000000 0.370201528 -0.792813540 2.207224369 0.771944404 -0.027376197 -0.257504314 -0.580554783
1413394001855760384.000000 0.370158762 -0.792974472 2.207257509 0.771935821 -0.027364090 -0.257558376 -0.580542862
1413394001905760512.000000 0.370094419 -0.792963505 2.207204819 0.771919608 -0.027433077 -0.257620871 -0.580533445
1413394001955760384.000000 0.369955510 -0.792592764 2.207083941 0.771919012 -0.027455600 -0.257642120 -0.580523789
1413394002005760512.000000 0.369824886 -0.792146206 2.206849098 0.771970034 -0.027451569 -0.257673681 -0.580442131
1413394002055760384.000000 0.369772553 -0.791778803 2.206687450 0.772036552 -0.027440915 -0.257624686 -0.580375850
1413394002105760512.000000 0.369798541 -0.791612864 2.206612825 0.772076786 -0.027465133 -0.257592052 -0.580335677
1413394002155760384.000000 0.369605631 -0.792381287 2.207173586 0.772006214 -0.027567476 -0.257624149 -0.580410480
1413394002205760512.000000 0.369571954 -0.792267323 2.207126379 0.771998286 -0.027575804 -0.257640392 -0.580413461
1413394002255760384.000000 0.369505763 -0.792181969 2.207108736 0.772020459 -0.027607681 -0.257520407 -0.580435634
1413394002305760512.000000 0.369966537 -0.791579247 2.206341505 0.771958888 -0.027616069 -0.257688254 -0.580442727
1413394002355760384.000000 0.369848251 -0.791384697 2.206350088 0.771975875 -0.027688777 -0.257713884 -0.580405235
1413394002405760512.000000 0.369660497 -0.791222095 2.206448793 0.771985054 -0.027647726 -0.257685274 -0.580407560
1413394002455760384.000000 0.369587898 -0.790656090 2.206039667 0.771909416 -0.027687985 -0.257866800 -0.580425739
1413394002505760512.000000 0.369489133 -0.791349888 2.206752062 0.771981239 -0.027654974 -0.257679731 -0.580414891
1413394002555760384.000000 0.369497627 -0.791511774 2.206884861 0.772005677 -0.027613828 -0.257657439 -0.580394208
1413394002605760512.000000 0.369532704 -0.791676044 2.207024097 0.772008359 -0.027666558 -0.257676750 -0.580379605
1413394002655760384.000000 0.369657874 -0.792055368 2.206861734 0.771960497 -0.027743516 -0.257720113 -0.580420315
1413394002705760512.000000 0.369729429 -0.792245865 2.206971169 0.771966338 -0.027804874 -0.257746100 -0.580397964
1413394002755760384.000000 0.369734943 -0.792291641 2.206988811 0.771962285 -0.027697735 -0.257755935 -0.580404162
1413394002805760512.000000 0.369805604 -0.792102814 2.206837416 0.771924436 -0.027900960 -0.257896781 -0.580382228
1413394002855760384.000000 0.369763523 -0.792066813 2.206889391 0.771871567 -0.027761551 -0.258033723 -0.580398381
1413394002905760512.000000 0.369680941 -0.791975498 2.206909895 0.771910071 -0.027744101 -0.257916033 -0.580400229
1413394002955760384.000000 0.369673401 -0.791969538 2.207024336 0.771949828 -0.027839890 -0.257859468 -0.580367923
1413394003005760512.000000 0.369646519 -0.792033672 2.206951141 0.771896899 -0.027779398 -0.258034915 -0.580363214
1413394003055760384.000000 0.369587064 -0.791975975 2.206975698 0.771940112 -0.027886419 -0.257904053 -0.580358744
1413394003105760512.000000 0.369540542 -0.791983366 2.207002163 0.771947086 -0.027771225 -0.257832408 -0.580386817
1413394003155760384.000000 0.369714737 -0.792183399 2.206907034 0.771834970 -0.027986273 -0.258140773 -0.580388546
1413394003205760512.000000 0.369752645 -0.792193651 2.206938982 0.771879196 -0.027896011 -0.258013815 -0.580390573
1413394003255760384.000000 0.369625151 -0.792035818 2.207006931 0.771909773 -0.027844336 -0.257866919 -0.580417693
1413394003305760512.000000 0.369593382 -0.792262077 2.206878185 0.771822035 -0.027976912 -0.258143693 -0.580404878
1413394003355760384.000000 0.369655877 -0.792310715 2.206883907 0.771822035 -0.028110197 -0.258165300 -0.580388963
