#Frame Timestamp[ns],Image Rect[ms],Image Resize[ms],ORB ext[ms],Stereo match[ms],IMU preint[ms],Pose pred[ms],LM track[ms],KF dec[ms],Total[ms]
1403638518077829376.000000,0.000000,0.000000,14.730268,2.825669,0.002893,4.596747,0.779554,0.000901,19.840297
1403638518127829504.000000,0.000000,0.000000,14.609479,2.635701,0.073095,1.041557,0.747967,0.000559,20.560715
1403638518177829376.000000,0.000000,0.000000,14.700907,2.198830,0.057208,0.787544,0.815671,0.000445,19.757372
1403638518227829504.000000,0.000000,0.000000,16.318093,2.267742,0.057005,1.566954,1.486142,0.000858,21.624386
1403638518277829376.000000,0.000000,0.000000,14.589340,2.399282,0.042608,0.449866,0.661549,0.204001,19.646819
1403638518327829504.000000,0.000000,0.000000,15.547683,2.255042,0.047783,0.864548,0.925605,0.000395,21.286844
1403638518377829376.000000,0.000000,0.000000,15.678134,5.508988,0.101875,0.657992,1.017722,0.000403,24.297158
1403638518427829504.000000,0.000000,0.000000,15.160833,3.906949,0.052840,0.997525,2.032872,0.000570,21.716813
1403638518477829376.000000,0.000000,0.000000,14.918484,5.600875,0.159871,0.635557,1.168856,0.000396,24.118780
1403638518527829504.000000,0.000000,0.000000,14.727096,5.743552,0.092309,0.568892,1.123120,0.000324,23.324534
1403638518577829376.000000,0.000000,0.000000,14.454020,5.635757,0.091779,0.710082,1.003996,0.259276,23.119342
1403638518627829504.000000,0.000000,0.000000,14.537607,5.793861,0.101441,2.657049,2.463374,0.000608,23.142413
1403638518677829376.000000,0.000000,0.000000,15.121691,4.537295,0.078401,1.115217,1.548442,0.000506,22.629363
1403638518727829504.000000,0.000000,0.000000,14.047768,3.677619,0.055426,1.056084,1.368869,0.000409,20.523548
1403638518777829376.000000,0.000000,0.000000,14.733127,6.199964,0.102394,1.903365,2.204057,0.000569,24.120672
1403638518827829504.000000,0.000000,0.000000,14.701378,5.263346,0.043559,1.517587,2.218279,0.000582,23.255788
1403638518877829376.000000,0.000000,0.000000,15.031989,5.617024,0.091933,1.617380,2.250373,0.612388,24.126740
1403638518927829504.000000,0.000000,0.000000,14.287370,4.693842,0.064313,2.220276,4.114837,0.000647,22.355638
1403638518977829376.000000,0.000000,0.000000,14.371464,6.659968,0.103688,2.821704,2.913404,0.000734,24.261709
1403638519027829504.000000,0.000000,0.000000,14.091156,5.939772,0.098361,2.899900,2.825863,0.000710,23.053952
1403638519077829376.000000,0.000000,0.000000,14.833284,3.679823,0.077463,2.339731,2.856272,0.000591,21.508141
1403638519127829504.000000,0.000000,0.000000,15.936158,2.338066,0.052882,3.615689,3.857883,0.000727,21.695351
1403638519177829376.000000,0.000000,0.000000,14.886350,5.894358,0.092242,2.302875,2.690198,0.293241,24.028133
1403638519227829504.000000,0.000000,0.000000,14.231513,2.287379,0.052612,2.809072,3.323304,0.000482,19.203377
1403638519277829376.000000,0.000000,0.000000,14.197408,5.745306,0.102018,3.637987,4.249328,0.000651,23.203405
1403638519327829504.000000,0.000000,0.000000,14.679349,2.201704,0.063566,2.732274,3.182500,0.000717,19.405696
1403638519377829376.000000,0.000000,0.000000,14.327741,5.570965,0.094364,4.864184,4.529550,0.000645,23.114036
1403638519427829504.000000,0.000000,0.000000,15.202901,2.082831,0.053267,3.659932,5.334954,0.387434,19.945537
1403638519477829376.000000,0.000000,0.000000,14.528125,2.323488,0.053946,4.613280,5.234609,0.000672,19.928945
1403638519527829504.000000,0.000000,0.000000,14.649139,2.399492,0.054806,2.313584,3.463093,0.000421,20.251010
1403638519577829376.000000,0.000000,0.000000,14.505188,5.894923,0.098268,3.719869,5.087019,0.000560,23.653231
1403638519627829504.000000,0.000000,0.000000,13.944929,2.370686,0.074483,5.601146,5.599611,0.000764,19.018410
1403638519677829376.000000,0.000000,0.000000,15.538921,2.513764,0.049574,2.784300,4.144985,0.332708,20.657499
1403638519727829504.000000,0.000000,0.000000,14.826900,3.587697,0.072171,2.802996,3.707737,0.000526,21.492499
1403638519777829376.000000,0.000000,0.000000,15.650277,2.384151,0.053590,4.651481,6.575652,0.000768,20.887772
1403638519827829504.000000,0.000000,0.000000,15.678374,2.427951,0.044954,3.690993,6.763320,0.000814,20.726509
1403638519877829376.000000,0.000000,0.000000,14.144313,4.811532,0.100788,1.837626,4.228086,0.000651,22.012140
1403638519927829504.000000,0.000000,0.000000,15.764892,2.140068,0.055752,1.569930,3.529617,0.200088,20.464634
1403638519977829376.000000,0.000000,0.000000,15.523306,2.164912,0.049426,2.266765,4.914816,0.000568,20.217086
1403638520027829504.000000,0.000000,0.000000,15.517340,3.055510,0.051813,1.316107,3.941199,0.000680,21.300454
1403638520077829376.000000,0.000000,0.000000,15.143786,4.627769,0.075091,1.405856,3.553397,0.000524,22.651533
1403638520127829504.000000,0.000000,0.000000,14.959396,5.694304,0.101288,2.358944,4.648391,0.000654,23.814097
1403638520177829376.000000,0.000000,0.000000,15.033412,6.110420,0.066960,2.319943,3.526929,0.233558,24.005596
1403638520227829504.000000,0.000000,0.000000,14.365091,3.605542,0.065106,2.895316,5.180563,0.000855,21.151361
1403638520277829376.000000,0.000000,0.000000,15.015832,2.333920,0.046440,2.108466,4.138294,0.000512,20.055071
1403638520327829504.000000,0.000000,0.000000,16.155195,2.254275,0.065436,3.701043,5.045559,0.000655,21.183928
1403638520377829376.000000,0.000000,0.000000,14.490530,2.174708,0.052491,3.855678,5.314428,0.000510,19.248849
1403638520427829504.000000,0.000000,0.000000,17.475163,2.228177,0.053119,3.944858,5.574910,0.365557,22.978451
1403638520477829376.000000,0.000000,0.000000,14.213432,4.799102,0.081772,4.126866,5.957398,0.000966,21.847119
1403638520527829504.000000,0.000000,0.000000,14.824011,3.232703,0.052920,0.058867,7.690356,0.064014,21.035724
1403638520577829376.000000,0.000000,0.000000,14.530835,2.174157,0.051993,0.050262,5.797141,0.043412,19.288398
1403638520627829504.000000,0.000000,0.000000,14.529175,5.796618,0.101558,0.077620,6.563444,0.320936,23.235158
1403638520677829376.000000,0.000000,0.000000,14.228714,2.265589,0.056066,0.076049,9.131379,0.095785,20.010192
1403638520727829504.000000,0.000000,0.000000,14.702409,2.124267,0.053057,0.052827,6.098677,0.394894,19.370716
1403638520777829376.000000,0.000000,0.000000,15.608041,6.133482,0.110592,0.076571,9.950367,0.085917,24.946139
1403638520827829504.000000,0.000000,0.000000,15.994709,2.130657,0.055910,0.058372,5.968435,0.311625,21.151252
1403638520877829376.000000,0.000000,0.000000,13.919235,2.140277,0.052917,0.055939,7.869521,0.062031,18.445853
1403638520927829504.000000,0.000000,0.000000,14.914798,2.363058,0.044759,0.060809,7.060376,0.298373,20.024341
1403638520977829376.000000,0.000000,0.000000,14.131995,6.576907,0.101772,0.077626,7.993938,0.073861,24.198170
1403638521027829504.000000,0.000000,0.000000,15.090964,5.710893,0.117521,0.071783,7.181564,0.051752,24.491422
1403638521077829376.000000,0.000000,0.000000,14.281192,2.265400,0.052536,0.072559,11.179149,0.086101,19.685773
1403638521127829504.000000,0.000000,0.000000,17.861256,5.941839,0.100051,0.080837,8.734705,0.308098,27.580747
1403638521177829376.000000,0.000000,0.000000,14.687762,2.827340,0.045834,0.076056,11.128210,0.110273,19.913343
1403638521227829504.000000,0.000000,0.000000,17.002675,2.569517,0.052916,0.063053,9.184032,0.436104,22.200363
1403638521277829376.000000,0.000000,0.000000,15.152378,6.360404,0.075285,0.073620,8.630220,0.074503,24.562222
1403638521327829504.000000,0.000000,0.000000,14.868042,5.831991,0.101342,0.107105,10.959512,0.371745,23.774679
1403638521377829376.000000,0.000000,0.000000,18.131725,3.545064,0.060863,0.084281,12.135602,0.103480,24.217611
1403638521427829504.000000,0.000000,0.000000,14.167745,5.864307,0.097485,0.081138,7.552548,0.322778,23.386206
1403638521477829376.000000,0.000000,0.000000,16.660058,2.129415,0.076744,0.063758,7.645590,0.145581,21.436751
1403638521527829504.000000,0.000000,0.000000,14.424713,5.799101,0.106755,0.035568,7.038839,0.333075,23.558413
1403638521577829376.000000,0.000000,0.000000,14.335495,5.172889,0.099818,0.075685,7.895873,0.055510,23.086108
1403638521627829504.000000,0.000000,0.000000,15.428584,2.554329,0.079847,0.058410,8.597179,0.056201,20.538161
1403638521677829376.000000,0.000000,0.000000,14.605171,2.154509,0.053557,0.049029,7.035756,0.293333,19.842885
1403638521727829504.000000,0.000000,0.000000,15.607097,2.311948,0.056193,0.056605,7.315105,0.047769,20.399409
1403638521777829376.000000,0.000000,0.000000,17.737389,2.284156,0.061418,0.029387,5.901223,0.267649,22.669103
1403638521827829504.000000,0.000000,0.000000,14.664562,5.538196,0.048199,0.062092,10.448120,0.070097,22.784826
1403638521877829376.000000,0.000000,0.000000,14.112759,5.597347,0.089604,0.052317,7.708569,0.043706,23.138234
1403638521927829504.000000,0.000000,0.000000,14.307892,5.445332,0.116578,0.042111,12.881878,0.062811,23.380576
1403638521977829376.000000,0.000000,0.000000,16.677796,2.307172,0.064234,0.056477,7.198428,0.034923,21.723139
1403638522027829504.000000,0.000000,0.000000,15.388758,2.372997,0.056647,0.049047,10.468167,0.071686,20.812589
1403638522077829376.000000,0.000000,0.000000,13.515164,5.299408,0.096466,0.046841,6.856983,0.236133,22.479062
1403638522127829504.000000,0.000000,0.000000,16.432523,2.687703,0.051771,0.031601,7.555922,0.061754,27.444396
1403638522177829376.000000,0.000000,0.000000,14.437375,2.805906,0.071278,0.044560,7.235315,0.191951,22.281439
1403638522227829504.000000,0.000000,0.000000,13.410338,3.163495,0.046059,0.046672,9.602248,0.054807,21.022819
1403638522277829376.000000,0.000000,0.000000,19.525206,8.250359,0.101944,0.054139,7.041007,0.271501,33.822526
1403638522327829504.000000,0.000000,0.000000,15.904056,3.810733,0.042355,0.043249,11.010698,0.116273,23.657468
1403638522377829376.000000,0.000000,0.000000,17.130006,3.315257,0.053328,0.052519,7.804739,0.082449,25.079439
1403638522427829504.000000,0.000000,0.000000,12.745069,3.879531,0.054151,0.061225,9.514621,0.413047,20.885764
1403638522477829376.000000,0.000000,0.000000,15.092933,7.555709,0.072524,0.054343,9.129754,0.089314,28.521438
1403638522527829504.000000,0.000000,0.000000,14.553797,6.033630,0.063822,0.062484,8.069007,0.063915,25.419657
1403638522577829376.000000,0.000000,0.000000,13.773744,5.778196,0.047934,0.068340,6.816928,0.268620,23.821016
1403638522627829504.000000,0.000000,0.000000,14.048620,4.407692,0.054021,0.044611,8.669029,0.112784,23.162026
1403638522677829376.000000,0.000000,0.000000,15.026350,9.934817,0.089024,0.076344,8.442060,0.074456,32.974103
1403638522727829504.000000,0.000000,0.000000,14.686846,8.679163,0.051601,0.053710,7.299902,0.271808,28.659719
1403638522777829376.000000,0.000000,0.000000,14.901340,5.334661,0.051396,0.062697,10.685242,0.097786,25.375626
1403638522827829504.000000,0.000000,0.000000,15.538807,11.506347,0.099382,0.053599,8.133909,0.078802,34.555050
1403638522877829376.000000,0.000000,0.000000,13.623911,11.318972,0.085406,0.055943,8.937545,0.087635,31.899603
1403638522927829504.000000,0.000000,0.000000,13.587040,11.448222,0.080982,0.086400,8.868411,0.304890,32.393967
1403638522977829376.000000,0.000000,0.000000,15.635773,9.105623,0.059875,0.056975,10.864504,0.089291,33.898938
1403638523027829504.000000,0.000000,0.000000,15.008103,7.977760,0.060339,0.056759,12.509473,0.104085,31.273311
1403638523077829376.000000,0.000000,0.000000,15.823856,5.388276,0.063430,0.036546,9.605653,0.387835,29.450825
1403638523127829504.000000,0.000000,0.000000,15.189060,6.882204,0.083432,0.061419,11.033445,0.096440,30.173676
1403638523177829376.000000,0.000000,0.000000,14.997284,8.357228,0.072817,0.035010,10.927803,0.470325,33.532448
1403638523227829504.000000,0.000000,0.000000,15.444178,5.097935,0.060525,0.101655,11.236438,0.105166,28.458104
1403638523277829376.000000,0.000000,0.000000,15.254261,5.124763,0.060387,0.054839,10.427316,0.096985,29.194164
1403638523327829504.000000,0.000000,0.000000,14.064585,5.349735,0.066476,0.046999,6.946340,0.055133,30.430946
1403638523377829376.000000,0.000000,0.000000,13.757643,5.139203,0.062060,0.052632,7.786156,0.068421,27.365677
1403638523427829504.000000,0.000000,0.000000,14.790928,5.307306,0.118665,0.048755,6.861322,0.319574,32.545217
1403638523477829376.000000,0.000000,0.000000,15.015088,10.315688,0.082174,0.064097,11.439962,0.087564,37.845830
1403638523527829504.000000,0.000000,0.000000,13.890396,9.215012,0.088175,0.053133,11.027387,0.090977,36.010056
1403638523577829376.000000,0.000000,0.000000,14.168843,4.370981,0.065119,0.048678,6.514494,0.300909,27.279028
1403638523627829504.000000,0.000000,0.000000,15.848982,9.876019,0.089286,0.054141,7.577268,0.063040,37.874723
1403638523677829376.000000,0.000000,0.000000,14.635419,11.115674,0.141920,0.033875,6.451536,0.225324,40.239589
1403638523727829504.000000,0.000000,0.000000,14.931762,5.914426,0.071187,0.064269,12.358257,0.077933,30.888069
1403638523777829376.000000,0.000000,0.000000,14.458904,4.706394,0.065535,0.040064,7.226747,0.309382,28.561094
1403638523827829504.000000,0.000000,0.000000,14.190177,8.945474,0.101563,0.063514,8.228189,0.080255,37.646260
1403638523877829376.000000,0.000000,0.000000,14.806780,4.444958,0.059125,0.057470,9.787875,0.096087,32.853469
1403638523927829504.000000,0.000000,0.000000,15.599179,3.879200,0.067995,0.072644,9.848665,0.058269,28.191627
1403638523977829376.000000,0.000000,0.000000,15.201458,6.030788,0.072354,0.058483,8.585682,0.273308,29.325581
1403638524027829504.000000,0.000000,0.000000,14.704305,6.199594,0.093557,0.042168,9.362936,0.106569,31.616947
1403638524077829376.000000,0.000000,0.000000,15.972885,3.894457,0.060651,0.077732,8.684838,0.065302,27.981556
1403638524127829504.000000,0.000000,0.000000,15.456156,3.511809,0.076820,0.063852,8.157648,0.353013,27.067077
1403638524177829376.000000,0.000000,0.000000,14.269575,6.927901,0.106226,0.060866,9.378643,0.120510,31.024363
1403638524227829504.000000,0.000000,0.000000,15.796586,7.794154,0.118272,0.095615,11.644708,0.080951,32.708490
1403638524277829376.000000,0.000000,0.000000,15.055098,7.833574,0.091984,0.110656,8.560121,0.333723,33.982566
1403638524327829504.000000,0.000000,0.000000,16.825843,4.457416,0.093793,0.071157,9.697465,0.115858,30.390867
1403638524377829376.000000,0.000000,0.000000,15.191994,6.690642,0.097560,0.067026,9.740896,0.086034,33.830490
1403638524427829504.000000,0.000000,0.000000,14.897124,8.702512,0.102099,0.090060,10.017480,0.355853,35.879163
1403638524477829376.000000,0.000000,0.000000,15.058265,9.658731,0.059973,0.038027,9.231034,0.084811,37.575659
1403638524527829504.000000,0.000000,0.000000,13.975388,7.962069,0.097358,0.097365,10.187981,0.068213,35.520463
1403638524577829376.000000,0.000000,0.000000,13.046448,9.136042,0.073384,0.085021,9.904200,0.071626,32.919731
1403638524627829504.000000,0.000000,0.000000,14.655022,5.097808,0.073078,0.073785,9.244690,0.087153,28.252341
1403638524677829376.000000,0.000000,0.000000,15.506236,5.377495,0.078119,0.087243,11.533850,0.406619,30.933841
1403638524727829504.000000,0.000000,0.000000,15.524094,11.491086,0.057651,0.052024,9.316049,0.070315,39.354021
1403638524777829376.000000,0.000000,0.000000,14.593573,5.780787,0.065772,0.100077,13.490296,0.101200,29.733102
1403638524827829504.000000,0.000000,0.000000,15.805815,7.451657,0.095416,0.095590,10.509555,0.086715,36.179154
1403638524877829376.000000,0.000000,0.000000,14.450630,5.665336,0.071457,0.070152,9.339719,0.095126,29.755410
1403638524927829504.000000,0.000000,0.000000,16.346279,5.597046,0.072645,0.088896,9.530343,0.079140,33.473166
1403638524977829376.000000,0.000000,0.000000,15.658825,7.160999,0.067185,0.081982,14.933911,0.456278,33.314394
1403638525027829504.000000,0.000000,0.000000,16.707046,7.546427,0.088050,0.061630,12.081306,0.085558,35.343391
1403638525077829376.000000,0.000000,0.000000,15.222885,5.934266,0.079907,0.085225,12.257744,0.118267,31.648228
1403638525127829504.000000,0.000000,0.000000,16.178205,8.809495,0.126020,0.071416,8.897340,0.094210,39.742784
1403638525177829376.000000,0.000000,0.000000,16.662179,5.260159,0.086860,0.079012,12.068514,0.372946,33.977823
1403638525227829504.000000,0.000000,0.000000,16.298230,7.971224,0.097963,0.055205,8.953341,0.077156,39.085225
1403638525277829376.000000,0.000000,0.000000,13.945161,5.302805,0.082868,0.070526,11.597646,0.105364,31.906425
1403638525327829504.000000,0.000000,0.000000,12.939343,4.954776,0.077765,0.085064,11.518442,0.412152,29.593531
1403638525377829376.000000,0.000000,0.000000,14.070806,4.599734,0.168083,0.043011,10.828015,0.104046,33.196093
1403638525427829504.000000,0.000000,0.000000,14.704967,8.499640,0.107228,0.080225,12.470447,0.093448,38.805198
1403638525477829376.000000,0.000000,0.000000,14.253573,4.876611,0.089260,0.063193,7.601256,0.304564,30.177045
1403638525527829504.000000,0.000000,0.000000,14.747168,6.792312,0.072561,0.083635,11.708531,0.113790,32.609606
1403638525577829376.000000,0.000000,0.000000,14.548833,4.549589,0.078622,0.061635,8.915834,0.085915,30.037348
1403638525627829504.000000,0.000000,0.000000,14.159947,4.646247,0.080777,0.057001,6.823140,0.258070,29.874443
1403638525677829376.000000,0.000000,0.000000,14.171805,6.650532,0.148906,0.058387,8.006285,0.087452,32.686028
1403638525727829504.000000,0.000000,0.000000,14.241742,4.448901,0.078471,0.075225,9.547938,0.069815,28.870648
1403638525777829376.000000,0.000000,0.000000,14.801577,4.942442,0.075376,0.051114,6.849056,0.234787,30.145013
1403638525827829504.000000,0.000000,0.000000,15.419400,4.282407,0.112336,0.050621,12.792869,0.077487,29.712823
1403638525877829376.000000,0.000000,0.000000,15.986146,7.786077,0.115980,0.047648,8.641040,0.065662,37.420989
1403638525927829504.000000,0.000000,0.000000,15.089967,6.217257,0.097505,0.037394,5.603131,0.221211,32.487170
1403638525977829376.000000,0.000000,0.000000,16.919931,4.684483,0.096738,0.051841,10.772825,0.077765,37.700858
1403638526027829504.000000,0.000000,0.000000,14.502368,6.968976,0.118050,0.034756,5.934531,0.219076,31.770747
1403638526077829376.000000,0.000000,0.000000,14.754325,7.165880,0.119392,0.037758,7.001036,0.057155,36.157831
1403638526127829504.000000,0.000000,0.000000,15.218019,6.058550,0.087399,0.040274,5.372755,0.035282,31.646107
1403638526177829376.000000,0.000000,0.000000,14.612058,4.785513,0.076906,0.045154,10.882373,0.046309,30.206417
1403638526227829504.000000,0.000000,0.000000,15.246290,4.637506,0.079580,0.058532,6.754849,0.028217,30.933049
1403638526277829376.000000,0.000000,0.000000,13.792953,7.361825,0.125045,0.032582,6.169715,0.024885,33.884128
1403638526327829504.000000,0.000000,0.000000,14.779602,4.639267,0.097185,0.031315,6.022343,0.261530,29.781696
1403638526377829376.000000,0.000000,0.000000,14.878225,5.154513,0.105790,0.043362,11.161517,0.086034,34.697154
1403638526427829504.000000,0.000000,0.000000,14.976225,4.550995,0.111572,0.038517,9.322675,0.059019,30.664660
1403638526477829376.000000,0.000000,0.000000,15.251948,7.832254,0.119662,0.038399,8.403255,0.034180,36.664540
1403638526527829504.000000,0.000000,0.000000,13.874242,7.143293,0.097000,0.033401,5.774574,0.235858,33.321283
1403638526577829376.000000,0.000000,0.000000,15.015433,4.451894,0.103704,0.032631,5.801322,0.034575,31.140390
1403638526627829504.000000,0.000000,0.000000,13.304029,4.805012,0.078919,0.030679,7.701322,0.036057,28.279200
1403638526677829376.000000,0.000000,0.000000,14.229895,4.962733,0.050441,0.038322,10.069489,0.039207,31.111323
1403638526727829504.000000,0.000000,0.000000,13.926226,4.821638,0.117958,0.035261,8.602005,0.351836,30.236763
1403638526777829376.000000,0.000000,0.000000,14.782274,4.970637,0.093166,0.035381,6.776067,0.035648,30.170985
1403638526827829504.000000,0.000000,0.000000,14.758944,7.390092,0.064571,0.034752,5.853162,0.031362,36.317008
1403638526877829376.000000,0.000000,0.000000,14.584903,5.019175,0.051421,0.035844,8.230808,0.041615,30.748073
1403638526927829504.000000,0.000000,0.000000,13.739302,6.521416,0.099340,0.044409,5.715750,0.019747,33.117572
1403638526977829376.000000,0.000000,0.000000,16.599744,5.724596,0.117811,0.029562,7.021837,0.046764,35.004008
1403638527027829504.000000,0.000000,0.000000,15.352255,8.080713,0.111946,0.028819,5.661769,0.020815,37.845312
1403638527077829376.000000,0.000000,0.000000,14.309859,8.662396,0.115966,0.028037,5.659227,0.020170,39.233265
1403638527127829504.000000,0.000000,0.000000,14.234039,8.679724,0.124613,0.026133,5.482401,0.208105,36.909637
1403638527177829376.000000,0.000000,0.000000,14.680115,8.148132,0.120630,0.038647,10.366188,0.083694,37.120573
1403638527227829504.000000,0.000000,0.000000,14.251046,9.543178,0.112588,0.040138,9.297811,0.051222,38.458125
1403638527277829376.000000,0.000000,0.000000,15.849321,4.726236,0.158744,0.048831,8.169704,0.027559,35.350370
1403638527327829504.000000,0.000000,0.000000,14.147907,7.090673,0.099725,0.032640,5.899841,0.048135,34.886018
1403638527377829376.000000,0.000000,0.000000,14.852077,6.836978,0.078460,0.059508,10.179491,0.032037,31.505139
1403638527427829504.000000,0.000000,0.000000,15.435425,6.831176,0.084973,0.039767,10.468562,0.039288,33.416464
1403638527477829376.000000,0.000000,0.000000,15.582271,4.435679,0.094986,0.045567,9.132001,0.020204,30.354008
1403638527527829504.000000,0.000000,0.000000,17.272057,6.533283,0.070961,0.030478,5.754392,0.018676,38.567277
1403638527577829376.000000,0.000000,0.000000,19.220692,7.171947,0.115274,0.031569,5.850219,0.026282,41.370286
1403638527627829504.000000,0.000000,0.000000,15.925323,4.264687,0.081414,0.029840,7.295218,0.324233,29.844336
1403638527677829376.000000,0.000000,0.000000,15.786235,6.884843,0.057308,4.816544,1.164629,0.000645,33.505650
1403638527727829504.000000,0.000000,0.000000,15.666020,4.559667,0.074648,2.128015,1.783088,0.000762,30.846123
1403638527777829376.000000,0.000000,0.000000,14.848299,7.584138,0.117863,2.121266,2.427471,0.000816,37.873409
1403638527827829504.000000,0.000000,0.000000,14.206829,4.484967,0.091425,1.131441,1.010604,0.000447,29.350606
1403638527877829376.000000,0.000000,0.000000,15.109232,7.143923,0.076022,1.885950,2.202524,0.328617,33.897341
1403638527927829504.000000,0.000000,0.000000,14.894769,4.982977,0.140933,2.631503,2.057641,0.000715,33.229440
1403638527977829376.000000,0.000000,0.000000,13.867834,6.703693,0.126460,1.087167,1.318134,0.000479,33.746960
1403638528027829504.000000,0.000000,0.000000,13.940164,6.888541,0.088943,1.886403,2.790205,0.000870,33.372786
1403638528077829376.000000,0.000000,0.000000,14.456527,7.632549,0.101443,2.063243,2.375839,0.000703,34.798161
1403638528127829504.000000,0.000000,0.000000,14.983322,5.496485,0.196957,0.887968,1.150990,0.201266,32.634035
1403638528177829376.000000,0.000000,0.000000,15.463519,5.109098,0.081141,1.249909,1.227978,0.000739,32.049599
1403638528227829504.000000,0.000000,0.000000,14.699110,5.884048,0.063271,2.148097,2.501477,0.000832,33.398513
1403638528277829376.000000,0.000000,0.000000,13.598045,8.419817,0.115246,0.890625,1.724040,0.001187,37.069604
1403638528327829504.000000,0.000000,0.000000,13.968105,5.492214,0.096190,1.860424,1.886374,0.001165,31.471542
1403638528377829376.000000,0.000000,0.000000,14.334231,6.598128,0.092646,1.579189,2.230120,0.560609,33.911940
1403638528427829504.000000,0.000000,0.000000,14.079163,5.232268,0.125170,2.855707,3.695824,0.001063,33.017488
1403638528477829376.000000,0.000000,0.000000,15.105825,5.118438,0.117880,1.925746,2.207336,0.000601,34.378551
1403638528527829504.000000,0.000000,0.000000,13.559983,5.242866,0.095999,1.606794,1.914132,0.000630,31.060907
1403638528577829376.000000,0.000000,0.000000,13.932289,7.346555,0.127538,1.232458,1.856072,0.000706,35.398214
1403638528627829504.000000,0.000000,0.000000,15.673994,7.949202,0.114156,1.875327,2.792420,0.457043,37.310615
1403638528677829376.000000,0.000000,0.000000,14.946331,4.938994,0.109962,3.799003,4.049849,0.000618,32.298677
1403638528727829504.000000,0.000000,0.000000,15.434948,4.794704,0.118045,4.608445,4.469620,0.000980,35.227956
1403638528777829376.000000,0.000000,0.000000,15.893472,5.297630,0.088673,3.521862,4.037759,0.000672,34.121775
1403638528827829504.000000,0.000000,0.000000,15.365417,7.474949,0.115765,1.928413,2.488211,0.000557,39.748784
1403638528877829376.000000,0.000000,0.000000,14.600376,8.034450,0.120356,3.394066,4.124710,0.443586,36.661552
1403638528927829504.000000,0.000000,0.000000,16.115560,7.399701,0.086576,3.972556,5.428956,0.000687,36.160406
1403638528977829376.000000,0.000000,0.000000,13.154525,5.000493,0.115547,2.603144,3.787381,0.000496,31.074625
1403638529027829504.000000,0.000000,0.000000,16.916394,4.960482,0.097547,5.448922,6.881602,0.000798,40.267905
1403638529077829376.000000,0.000000,0.000000,15.415587,6.998769,0.103098,2.755140,3.478884,0.000463,37.504620
1403638529127829504.000000,0.000000,0.000000,16.070393,7.150617,0.113345,2.648896,3.568446,0.363647,38.948827
1403638529177829376.000000,0.000000,0.000000,14.700716,6.996437,0.081960,3.236621,5.060660,0.001123,33.687835
1403638529227829504.000000,0.000000,0.000000,13.455454,6.574430,0.102503,4.600981,6.007120,0.000850,35.620550
1403638529277829376.000000,0.000000,0.000000,15.671461,6.159731,0.093189,3.021888,3.859371,0.000569,34.221178
1403638529327829504.000000,0.000000,0.000000,15.348515,9.279005,0.107095,3.280533,4.609641,0.000594,39.799477
1403638529377829376.000000,0.000000,0.000000,14.946973,8.269486,0.132920,3.872673,6.558557,0.404432,38.398754
1403638529427829504.000000,0.000000,0.000000,15.679341,5.131117,0.090173,4.554249,6.647023,0.000700,35.083057
1403638529477829376.000000,0.000000,0.000000,14.475313,6.767610,0.128474,3.002922,4.456097,0.000752,37.119641
1403638529527829504.000000,0.000000,0.000000,14.815619,5.819556,0.106793,2.991957,4.400806,0.000636,31.957294
1403638529577829376.000000,0.000000,0.000000,14.247957,4.793398,0.071677,2.869102,4.644675,0.001100,34.211215
1403638529627829504.000000,0.000000,0.000000,13.736683,5.156691,0.098145,3.101367,4.559045,0.268320,31.056030
1403638529677829376.000000,0.000000,0.000000,15.575222,5.283576,0.096056,4.802418,6.634673,0.000680,31.006189
1403638529727829504.000000,0.000000,0.000000,15.155235,4.865978,0.064703,3.382724,5.536706,0.001176,31.251061
1403638529777829376.000000,0.000000,0.000000,14.984086,5.103638,0.129945,2.921007,5.144403,0.001056,33.424054
1403638529827829504.000000,0.000000,0.000000,13.627455,6.409141,0.114495,2.721056,5.774706,0.000722,30.371059
1403638529877829376.000000,0.000000,0.000000,14.666058,6.511719,0.085263,3.694080,5.311965,0.393516,37.241747
1403638529927829504.000000,0.000000,0.000000,13.164910,5.002873,0.063549,2.937322,4.913765,0.000934,30.538621
1403638529977829376.000000,0.000000,0.000000,13.434563,3.962472,0.124525,0.061197,7.906504,0.064277,26.159701
1403638530027829504.000000,0.000000,0.000000,15.736742,7.139219,0.136932,0.052799,9.713143,0.073672,37.198696
1403638530077829376.000000,0.000000,0.000000,14.166201,7.165375,0.086879,0.063200,6.805019,0.413492,30.377411
1403638530127829504.000000,0.000000,0.000000,14.075923,3.734518,0.053212,0.057907,7.546886,0.060098,27.973702
1403638530177829376.000000,0.000000,0.000000,14.756249,6.342482,0.088441,0.059307,6.890652,0.055096,30.091811
1403638530227829504.000000,0.000000,0.000000,14.434378,8.439186,0.157957,0.060864,7.657985,0.068720,37.380174
1403638530277829376.000000,0.000000,0.000000,15.852710,6.198307,0.276208,0.059803,7.326425,0.050743,32.406346
1403638530327829504.000000,0.000000,0.000000,14.676102,4.372909,0.087695,0.058799,7.333011,0.050962,28.291034
1403638530377829376.000000,0.000000,0.000000,14.255614,3.580925,0.084196,0.079032,7.478585,0.075280,27.015961
1403638530427829504.000000,0.000000,0.000000,14.952529,7.716315,0.097441,0.060918,7.170173,0.322868,37.617358
1403638530477829376.000000,0.000000,0.000000,11.899634,7.020691,0.129174,0.056360,8.596417,0.096765,31.674799
1403638530527829504.000000,0.000000,0.000000,14.462614,6.517085,0.130320,0.044615,7.134181,0.059902,33.414203
1403638530577829376.000000,0.000000,0.000000,14.602038,3.898060,0.121726,0.058580,7.466225,0.344565,27.502911
1403638530627829504.000000,0.000000,0.000000,17.792430,3.656103,0.053127,0.062594,8.347904,0.092256,30.316948
1403638530677829376.000000,0.000000,0.000000,14.140662,6.577425,0.186324,0.084852,7.469278,0.333421,31.969279
1403638530727829504.000000,0.000000,0.000000,15.309376,7.559683,0.160437,0.074912,11.689365,0.113175,36.544695
1403638530777829376.000000,0.000000,0.000000,14.468421,5.840308,0.128532,0.112844,10.483163,0.065043,32.802658
1403638530827829504.000000,0.000000,0.000000,14.691754,4.117713,0.100911,0.056818,8.466040,0.388202,28.778960
1403638530877829376.000000,0.000000,0.000000,15.235530,3.550721,0.041388,0.064379,10.128314,0.119888,27.835808
1403638530927829504.000000,0.000000,0.000000,14.180169,5.058072,0.135873,0.050863,9.633486,0.392029,30.861779
1403638530977829376.000000,0.000000,0.000000,14.225851,5.891196,0.146189,0.084083,10.822769,0.104280,29.343694
1403638531027829504.000000,0.000000,0.000000,13.956623,3.647472,0.100218,0.057514,8.106696,0.525431,28.133390
1403638531077829376.000000,0.000000,0.000000,14.747456,3.558456,0.092174,0.077338,12.141558,0.077813,26.994055
1403638531127829504.000000,0.000000,0.000000,15.760864,3.083888,0.085669,0.055216,9.404299,0.070557,27.474133
1403638531177829376.000000,0.000000,0.000000,14.555832,3.020672,0.085617,0.077771,8.079223,0.067978,26.612404
1403638531227829504.000000,0.000000,0.000000,15.553947,5.944999,0.135433,0.079002,11.011045,0.068243,36.105670
1403638531277829376.000000,0.000000,0.000000,16.555587,5.297491,0.145188,0.054404,7.907404,0.459528,35.082974
1403638531327829504.000000,0.000000,0.000000,13.938434,5.804964,0.143307,0.048429,8.954188,0.087666,31.362216
1403638531377829376.000000,0.000000,0.000000,13.995249,2.926838,0.098606,0.104438,14.143616,0.083423,26.611373
1403638531427829504.000000,0.000000,0.000000,14.034938,5.999595,0.105895,0.050710,7.101799,0.351029,33.846442
1403638531477829376.000000,0.000000,0.000000,13.655252,5.855802,0.094294,0.050601,8.982946,0.121906,33.592851
1403638531527829504.000000,0.000000,0.000000,13.043693,5.994524,0.158284,0.060182,9.225336,0.086084,31.555574
1403638531577829376.000000,0.000000,0.000000,14.213692,2.886071,0.054334,0.059199,8.633185,0.071271,25.851692
1403638531627829504.000000,0.000000,0.000000,16.224456,3.063010,0.085533,0.058351,9.469006,0.405264,28.232379
1403638531677829376.000000,0.000000,0.000000,14.545809,2.890776,0.085006,0.072379,10.071905,0.072579,28.204553
1403638531727829504.000000,0.000000,0.000000,16.101578,3.169804,0.071319,0.092575,13.260696,0.136119,22.474507
1403638531777829376.000000,0.000000,0.000000,14.679284,2.893729,0.062870,0.063634,9.326890,0.075661,69.869832
1403638531877829376.000000,0.000000,0.000000,17.803367,2.973904,0.071022,0.069455,12.336197,0.441758,0.000000
1403638531927829504.000000,0.000000,0.000000,16.230587,2.767546,0.070611,0.044304,12.282980,0.124121,0.015596
1403638531977829376.000000,0.000000,0.000000,14.508892,3.466295,0.065250,0.086145,12.979782,0.135321,23.557674
1403638532027829504.000000,0.000000,0.000000,16.674658,4.626523,0.121807,0.062891,10.049195,0.548337,21.536420
1403638532077829376.000000,0.000000,0.000000,16.569023,7.282049,0.129224,0.075727,15.860900,0.164557,21.190648
1403638532127829504.000000,0.000000,0.000000,16.473135,6.889150,0.138034,0.076596,10.858978,0.087011,24.287137
1403638532177829376.000000,0.000000,0.000000,14.856245,7.105251,0.066966,0.071977,8.639801,0.062925,26.962477
1403638532227829504.000000,0.000000,0.000000,14.596500,3.523589,0.120200,0.056482,11.802054,0.549542,26.948898
1403638532277829376.000000,0.000000,0.000000,14.199120,7.146240,0.134308,0.037760,14.057812,0.099568,25.790407
1403638532327829504.000000,0.000000,0.000000,14.781840,7.150849,0.126621,0.075975,13.784448,0.207151,21.291912
1403638532377829376.000000,0.000000,0.000000,14.034707,7.196841,0.163970,0.061555,11.036702,0.121972,24.474362
1403638532427829504.000000,0.000000,0.000000,14.520481,6.893919,0.128498,0.066867,11.299135,0.504306,25.305076
1403638532477829376.000000,0.000000,0.000000,14.466395,3.126317,0.072012,0.068855,10.945387,0.120473,25.011021
1403638532527829504.000000,0.000000,0.000000,16.750377,2.639691,0.128335,0.073639,11.261746,0.125334,24.832328
1403638532577829376.000000,0.000000,0.000000,14.872982,7.573571,0.132455,0.083639,10.360350,0.464146,21.112312
1403638532627829504.000000,0.000000,0.000000,15.576762,4.614183,0.124855,0.064685,9.414142,0.082110,22.379919
1403638532677829376.000000,0.000000,0.000000,13.809684,7.337139,0.069610,0.056312,9.473557,0.119887,25.783470
1403638532727829504.000000,0.000000,0.000000,14.064470,2.947838,0.127877,0.048327,8.962812,0.445639,23.166801
1403638532777829376.000000,0.000000,0.000000,15.233744,5.180878,0.129925,0.062575,8.454942,0.086470,24.313426
1403638532827829504.000000,0.000000,0.000000,15.131583,7.019892,0.068429,0.056516,10.167541,0.116403,19.705186
1403638532877829376.000000,0.000000,0.000000,13.983981,2.715554,0.185163,0.053559,9.160602,0.079336,23.979781
1403638532927829504.000000,0.000000,0.000000,15.685879,7.195131,0.069916,0.052963,7.610548,0.060188,25.322565
1403638532977829376.000000,0.000000,0.000000,14.506947,2.853389,0.084180,0.050677,7.835536,0.073459,19.273820
1403638533027829504.000000,0.000000,0.000000,13.759974,2.712805,0.072651,0.047884,9.326552,0.108960,25.832099
1403638533077829376.000000,0.000000,0.000000,16.000103,2.925080,0.059237,0.047480,8.965407,0.535147,19.875049
1403638533127829504.000000,0.000000,0.000000,15.891293,3.657075,0.064738,0.060195,7.899284,0.079599,19.188664
1403638533177829376.000000,0.000000,0.000000,14.924160,3.018176,0.081059,0.046995,10.150861,0.074289,21.547132
1403638533227829504.000000,0.000000,0.000000,15.516475,6.786553,0.088460,0.062532,10.522632,0.477006,22.024532
1403638533277829376.000000,0.000000,0.000000,16.732488,2.733037,0.081746,0.062080,8.560103,0.084659,20.684142
1403638533327829504.000000,0.000000,0.000000,15.553042,4.121840,0.079430,0.067498,9.215047,0.093693,25.676546
1403638533377829376.000000,0.000000,0.000000,13.737457,2.745369,0.128403,0.089252,11.393783,0.101108,22.104707
1403638533427829504.000000,0.000000,0.000000,14.170532,6.003138,0.068155,0.056325,8.344990,0.066769,22.403303
1403638533477829376.000000,0.000000,0.000000,14.047484,2.682440,0.121847,0.067385,9.434087,0.416981,19.090596
1403638533527829504.000000,0.000000,0.000000,17.891085,7.294790,0.130771,0.074934,12.193759,0.117409,23.550002
1403638533577829376.000000,0.000000,0.000000,15.290003,7.189445,0.063740,0.057322,9.802102,0.093648,19.323963
1403638533627829504.000000,0.000000,0.000000,16.503561,3.040779,0.142740,0.066415,9.958963,0.462877,28.533497
1403638533677829376.000000,0.000000,0.000000,14.257589,3.414356,0.128508,0.069250,11.716967,0.104240,25.570288
1403638533727829504.000000,0.000000,0.000000,14.015851,7.130766,0.068675,0.062463,9.618043,0.094397,22.764620
1403638533777829376.000000,0.000000,0.000000,13.889076,3.357757,0.060478,0.103961,10.321424,0.064288,20.334715
1403638533827829504.000000,0.000000,0.000000,14.252231,2.922148,0.083713,0.082703,9.701495,0.077834,24.440063
1403638533877829376.000000,0.000000,0.000000,14.890390,5.780238,0.127780,0.061637,9.178739,0.429141,20.077151
1403638533927829504.000000,0.000000,0.000000,14.749837,8.052062,0.083242,0.071863,12.568529,0.103532,19.697465
1403638533977829376.000000,0.000000,0.000000,15.751698,5.402301,0.128924,0.069169,9.503507,0.126806,23.673570
1403638534027829504.000000,0.000000,0.000000,15.294007,7.492160,0.130864,0.073201,9.013413,0.059353,26.142959
1403638534077829376.000000,0.000000,0.000000,13.631461,7.341449,0.076638,0.068091,11.133044,0.111204,24.065019
1403638534127829504.000000,0.000000,0.000000,15.188041,4.376028,0.149375,0.064482,9.210679,0.375572,26.059455
1403638534177829376.000000,0.000000,0.000000,13.779055,7.340959,0.111763,0.071732,9.932802,0.074029,24.350284
1403638534227829504.000000,0.000000,0.000000,13.953463,6.626127,0.068607,0.071875,10.642329,0.133287,22.834018
1403638534277829376.000000,0.000000,0.000000,13.993414,3.806203,0.059480,0.087957,10.460331,0.071525,24.829032
1403638534327829504.000000,0.000000,0.000000,14.176898,2.916681,0.071220,0.061390,9.487363,0.349028,23.655114
1403638534377829376.000000,0.000000,0.000000,13.926550,2.725905,0.087847,0.066569,10.606496,0.113620,20.545912
1403638534427829504.000000,0.000000,0.000000,14.185888,5.000853,0.058057,0.077639,11.815679,0.125836,19.808272
1403638534477829376.000000,0.000000,0.000000,13.574702,6.812923,0.128058,0.070634,10.301280,0.424758,19.502071
1403638534527829504.000000,0.000000,0.000000,15.884765,7.613457,0.053058,0.077709,10.055711,0.140848,22.048108
1403638534577829376.000000,0.000000,0.000000,14.663574,2.953318,0.066096,0.066454,10.288294,0.106488,23.090020
1403638534627829504.000000,0.000000,0.000000,14.072210,5.910783,0.068172,0.099399,9.557351,0.076481,27.171164
1403638534677829376.000000,0.000000,0.000000,14.072226,2.733639,0.087252,0.074053,11.962766,0.496079,20.398514
1403638534727829504.000000,0.000000,0.000000,14.315875,2.842810,0.044389,0.095925,11.176797,0.100995,22.962477
1403638534777829376.000000,0.000000,0.000000,14.035076,3.125271,0.041155,0.066260,9.186438,0.114997,19.357194
1403638534827829504.000000,0.000000,0.000000,13.696703,2.677982,0.062291,0.060694,7.960002,0.385753,20.283392
1403638534877829376.000000,0.000000,0.000000,15.287629,3.051390,0.133907,0.085918,12.451708,0.113624,20.538717
1403638534927829504.000000,0.000000,0.000000,14.965857,7.210185,0.149015,0.091770,11.574190,0.128137,19.103929
1403638534977829376.000000,0.000000,0.000000,14.846865,7.198139,0.130561,0.075758,10.800050,0.465646,21.186072
1403638535027829504.000000,0.000000,0.000000,14.435778,5.607055,0.080045,0.085167,14.936341,0.127749,25.327259
1403638535077829376.000000,0.000000,0.000000,15.461710,3.015578,0.106975,0.071301,11.578537,0.114499,25.541149
1403638535127829504.000000,0.000000,0.000000,14.739893,5.417479,0.059982,0.068772,9.893036,0.404125,23.411905
1403638535177829376.000000,0.000000,0.000000,15.674525,2.878436,0.098599,0.075889,12.704273,0.119645,21.497289
1403638535227829504.000000,0.000000,0.000000,15.417957,7.076997,0.099075,0.074858,11.899236,0.108582,23.654301
1403638535277829376.000000,0.000000,0.000000,15.211645,7.355565,0.095938,0.065005,10.645545,0.787172,21.683370
1403638535327829504.000000,0.000000,0.000000,14.603683,7.938341,0.043824,0.081200,12.767754,0.122546,26.142603
1403638535377829376.000000,0.000000,0.000000,13.653277,2.968574,0.098904,0.065683,9.066365,0.073102,25.855349
1403638535427829504.000000,0.000000,0.000000,14.757110,7.420717,0.095475,0.058849,8.964850,0.371222,25.748907
1403638535477829376.000000,0.000000,0.000000,13.810264,7.393221,0.098074,0.101007,9.706466,0.117508,19.711326
1403638535527829504.000000,0.000000,0.000000,15.124256,6.789273,0.146791,0.069392,10.410832,0.149096,25.435769
1403638535577829376.000000,0.000000,0.000000,14.860581,6.975286,0.069223,0.101340,10.342362,0.416205,24.445472
1403638535627829504.000000,0.000000,0.000000,13.954694,2.821618,0.054530,0.067737,9.495245,0.088253,25.248972
1403638535677829376.000000,0.000000,0.000000,13.899530,3.773214,0.054349,0.100896,12.730822,0.121097,25.282486
1403638535727829504.000000,0.000000,0.000000,13.999311,2.900490,0.073222,0.089268,11.055275,0.451111,19.572293
1403638535777829376.000000,0.000000,0.000000,16.174174,3.233775,0.097110,0.082068,13.538271,0.154215,20.730684
1403638535827829504.000000,0.000000,0.000000,15.248147,5.947646,0.045006,0.072777,12.422704,0.097747,19.435281
1403638535877829376.000000,0.000000,0.000000,13.699180,2.767086,0.041602,0.071285,10.549001,0.687936,22.525166
1403638535927829504.000000,0.000000,0.000000,14.375603,3.632232,0.046601,0.063291,10.786391,0.138176,24.114720
1403638535977829376.000000,0.000000,0.000000,15.135050,3.040978,0.081881,0.095363,12.126467,0.109372,19.403487
1403638536027829504.000000,0.000000,0.000000,17.663463,6.642237,0.097208,0.032872,8.786018,0.371933,21.297237
1403638536077829376.000000,0.000000,0.000000,16.818036,7.668036,0.100168,0.070483,10.240761,0.080526,20.863989
1403638536127829504.000000,0.000000,0.000000,14.179731,7.748955,0.098135,0.080621,10.560914,0.114524,27.273952
1403638536177829376.000000,0.000000,0.000000,15.465320,6.919098,0.053126,0.082525,10.971319,0.095384,27.604885
1403638536227829504.000000,0.000000,0.000000,13.735496,2.775027,0.146827,0.074183,9.995372,0.419439,25.109520
1403638536277829376.000000,0.000000,0.000000,15.297576,7.167236,0.126051,0.080575,12.540953,0.129835,25.490326
1403638536327829504.000000,0.000000,0.000000,15.372752,7.051568,0.127954,0.072457,11.250403,0.160321,19.738297
1403638536377829376.000000,0.000000,0.000000,14.610276,6.987519,0.154447,0.047286,9.195886,0.350911,25.814413
1403638536427829504.000000,0.000000,0.000000,13.426161,3.544818,0.079990,0.096319,10.241728,0.083602,25.880965
1403638536477829376.000000,0.000000,0.000000,13.955570,6.330819,0.127564,0.068544,10.396908,0.133990,24.945719
1403638536527829504.000000,0.000000,0.000000,14.207437,7.019549,0.101451,0.051964,11.478777,0.350085,20.116573
1403638536577829376.000000,0.000000,0.000000,15.956581,7.309669,0.052124,0.069002,10.293842,0.086673,23.257813
1403638536627829504.000000,0.000000,0.000000,14.379364,2.774926,0.098895,0.084068,12.387694,0.119835,24.657318
1403638536677829376.000000,0.000000,0.000000,14.618609,8.203860,0.102221,0.084532,12.034128,0.091938,26.330776
1403638536727829504.000000,0.000000,0.000000,14.340278,7.361719,0.100288,0.102425,9.674241,0.320540,20.139854
1403638536777829376.000000,0.000000,0.000000,14.183547,7.222258,0.098655,0.079512,10.755995,0.125950,26.271357
1403638536827829504.000000,0.000000,0.000000,14.502912,7.699405,0.121411,0.068996,10.354853,0.103917,24.909180
1403638536877829376.000000,0.000000,0.000000,14.562870,5.803028,0.087314,0.077512,9.747638,0.095158,24.404203
1403638536927829504.000000,0.000000,0.000000,13.613575,3.024332,0.133641,0.064334,13.426005,0.872014,25.234840
1403638536977829376.000000,0.000000,0.000000,14.169564,7.113600,0.125588,0.086604,10.528294,0.084956,23.429784
1403638537027829504.000000,0.000000,0.000000,14.938870,6.986852,0.068568,0.085748,9.836872,0.101030,20.173941
1403638537077829376.000000,0.000000,0.000000,15.773064,5.360690,0.161033,0.041842,9.092732,0.136589,24.377153
1403638537127829504.000000,0.000000,0.000000,15.935042,6.684568,0.066934,0.069141,9.448527,0.337915,24.951592
1403638537177829376.000000,0.000000,0.000000,15.281891,2.820790,0.076226,0.064736,9.099765,0.088644,24.185066
1403638537227829504.000000,0.000000,0.000000,14.733800,2.853670,0.069038,0.055156,9.637377,0.145124,25.773997
1403638537277829376.000000,0.000000,0.000000,13.555453,2.860728,0.048334,0.069393,8.194376,0.348956,21.267271
1403638537327829504.000000,0.000000,0.000000,15.186612,2.834517,0.065982,0.085050,11.449766,0.134708,20.165731
1403638537377829376.000000,0.000000,0.000000,14.506352,5.168972,0.059784,0.063961,9.342843,0.135301,18.913046
1403638537427829504.000000,0.000000,0.000000,14.048815,5.079456,0.058614,0.069633,8.588651,0.338089,20.850956
1403638537477829376.000000,0.000000,0.000000,14.354535,5.404602,0.079553,0.068443,12.293755,0.117028,22.569373
1403638537527829504.000000,0.000000,0.000000,15.939858,3.597158,0.048390,0.066382,10.144781,0.085327,21.934101
1403638537577829376.000000,0.000000,0.000000,14.374650,3.072125,0.094582,0.034671,10.301989,0.456615,22.587104
1403638537627829504.000000,0.000000,0.000000,16.584476,6.930812,0.054213,0.058316,11.251878,0.097933,22.411084
1403638537677829376.000000,0.000000,0.000000,12.830249,2.814954,0.051816,0.060725,9.469550,0.098416,20.351581
1403638537727829504.000000,0.000000,0.000000,15.228859,2.826765,0.099015,0.063627,10.083258,0.470465,26.531514
1403638537777829376.000000,0.000000,0.000000,15.019462,7.364482,0.129428,0.066080,10.757588,0.096263,18.183759
1403638537827829504.000000,0.000000,0.000000,14.368854,7.283197,0.118925,0.081592,12.209580,0.103012,20.539286
1403638537877829376.000000,0.000000,0.000000,14.860988,7.519849,0.093818,0.061559,11.505233,0.140559,26.214792
1403638537927829504.000000,0.000000,0.000000,15.791461,7.397364,0.099955,0.037121,8.391355,0.389458,24.778029
1403638537977829376.000000,0.000000,0.000000,14.580640,6.577420,0.105985,0.061094,9.636553,0.101116,25.475603
1403638538027829504.000000,0.000000,0.000000,15.372052,7.799367,0.066277,0.060386,11.731250,0.126071,26.731196
1403638538077829376.000000,0.000000,0.000000,14.999286,3.865129,0.085959,0.060501,10.636242,0.107714,24.197296
1403638538127829504.000000,0.000000,0.000000,13.967317,7.203554,0.101185,0.062281,9.194183,0.426912,26.405078
1403638538177829376.000000,0.000000,0.000000,15.112273,7.358205,0.133674,0.063736,11.939957,0.102382,21.379164
1403638538227829504.000000,0.000000,0.000000,17.690033,7.163906,0.081924,0.107913,9.372374,0.110832,24.985326
1403638538277829376.000000,0.000000,0.000000,14.456374,4.591166,0.055030,0.064211,8.782413,0.362730,26.418068
1403638538327829504.000000,0.000000,0.000000,15.231530,2.796420,0.043736,0.066512,11.431772,0.196043,28.595768
1403638538377829376.000000,0.000000,0.000000,14.999315,7.235024,0.114547,0.065542,10.011380,0.105914,21.805234
1403638538427829504.000000,0.000000,0.000000,13.957775,8.447615,0.132136,0.058718,8.940711,0.050544,20.756206
1403638538477829376.000000,0.000000,0.000000,14.102780,6.195808,0.087587,0.058021,9.120030,0.442268,25.307795
1403638538527829504.000000,0.000000,0.000000,15.410486,7.063840,0.092975,0.055021,10.944140,0.093822,25.757807
1403638538577829376.000000,0.000000,0.000000,16.391003,7.463697,0.065588,0.059601,12.172755,0.090506,23.474998
1403638538627829504.000000,0.000000,0.000000,14.813694,2.953159,0.052185,0.039318,9.542906,0.349640,25.574537
1403638538677829376.000000,0.000000,0.000000,14.436171,2.707165,0.059663,0.094338,14.079301,0.120315,26.971255
1403638538727829504.000000,0.000000,0.000000,15.436868,7.574768,0.103128,0.061853,9.561410,0.110887,20.853417
1403638538777829376.000000,0.000000,0.000000,13.716029,7.774895,0.054431,0.045183,8.459581,0.056311,19.678755
1403638538827829504.000000,0.000000,0.000000,14.128711,2.953038,0.178887,0.053532,9.382207,0.882863,25.669264
1403638538877829376.000000,0.000000,0.000000,14.463764,7.366907,0.104444,0.073669,12.946413,0.094785,25.792790
1403638538927829504.000000,0.000000,0.000000,14.683957,7.864246,0.076954,0.096291,12.398053,0.114773,25.901966
1403638538977829376.000000,0.000000,0.000000,14.168910,4.060527,0.094586,0.055841,10.951778,0.485426,29.678510
1403638539027829504.000000,0.000000,0.000000,13.865789,8.596956,0.093055,0.072265,13.208807,0.164918,30.127549
1403638539077829376.000000,0.000000,0.000000,14.385882,5.281966,0.061302,0.065187,13.641888,0.138616,23.414500
1403638539127829504.000000,0.000000,0.000000,13.553390,5.506819,0.086763,0.052700,10.046294,0.439114,30.094850
1403638539177829376.000000,0.000000,0.000000,15.525364,9.710204,0.090046,0.068089,12.439889,0.110382,27.408873
1403638539227829504.000000,0.000000,0.000000,13.274572,9.909460,0.075953,0.056481,9.782857,0.105164,24.501200
1403638539277829376.000000,0.000000,0.000000,14.836110,4.069981,0.043736,0.066959,8.756938,0.058276,33.342325
1403638539327829504.000000,0.000000,0.000000,13.211367,5.744610,0.115075,0.062922,12.726295,0.480645,30.607596
1403638539377829376.000000,0.000000,0.000000,14.990055,11.638036,0.068151,0.054404,12.444123,0.081246,23.682799
1403638539427829504.000000,0.000000,0.000000,14.094548,13.143196,0.091561,0.049708,9.653395,0.066792,24.167044
1403638539477829376.000000,0.000000,0.000000,15.474164,11.192142,0.094344,0.053814,11.153840,0.111315,34.225143
1403638539527829504.000000,0.000000,0.000000,18.035311,10.353025,0.087730,0.091715,11.354888,0.461957,32.734379
1403638539577829376.000000,0.000000,0.000000,13.052222,10.615747,0.058188,0.092404,12.444751,0.143980,33.745178
1403638539627829504.000000,0.000000,0.000000,16.868032,6.501382,0.054343,0.051915,9.360244,0.140902,35.623303
1403638539677829376.000000,0.000000,0.000000,14.244286,5.214229,0.065876,0.061022,10.907899,0.432153,33.474916
1403638539727829504.000000,0.000000,0.000000,15.716159,5.158756,0.078492,0.064280,12.524382,0.120004,30.179580
1403638539777829376.000000,0.000000,0.000000,13.419429,10.416629,0.072101,0.063534,13.114078,0.107333,25.511043
1403638539827829504.000000,0.000000,0.000000,13.766197,9.595262,0.115978,0.051789,9.526576,0.476245,26.660678
1403638539877829376.000000,0.000000,0.000000,15.085759,9.303975,0.079654,0.067084,10.734799,0.130402,31.830274
1403638539927829504.000000,0.000000,0.000000,15.158431,10.698815,0.068510,0.064199,11.980228,0.126501,34.092505
1403638539977829376.000000,0.000000,0.000000,15.111915,5.160846,0.084342,0.070972,11.963601,0.550356,36.693680
1403638540027829504.000000,0.000000,0.000000,13.789178,9.912048,0.083696,0.068750,12.570473,0.096708,36.337156
1403638540077829376.000000,0.000000,0.000000,14.365041,9.273115,0.093979,0.062848,11.806495,0.105292,27.436595
1403638540127829504.000000,0.000000,0.000000,14.335788,5.111438,0.089413,0.058702,11.849318,0.540320,35.135849
1403638540177829376.000000,0.000000,0.000000,14.782550,8.500192,0.071617,0.048305,10.244330,0.102373,35.940868
1403638540227829504.000000,0.000000,0.000000,14.230634,5.552554,0.061875,0.067126,12.153460,0.142680,29.286714
1403638540277829376.000000,0.000000,0.000000,16.173660,8.227376,0.063673,0.052964,9.024118,0.557480,38.947190
1403638540327829504.000000,0.000000,0.000000,15.388749,6.112495,0.073253,0.070438,10.705166,0.135893,28.888884
1403638540377829376.000000,0.000000,0.000000,14.775222,10.470404,0.059205,0.051657,9.694272,0.175409,33.641348
1403638540427829504.000000,0.000000,0.000000,15.491029,8.932089,0.064309,0.048223,10.103055,0.496677,32.915888
1403638540477829376.000000,0.000000,0.000000,17.510012,8.051558,0.077687,0.075957,13.224943,0.153819,38.991384
1403638540527829504.000000,0.000000,0.000000,15.621517,8.948426,0.083684,0.067539,11.955484,0.111816,33.850703
1403638540577829376.000000,0.000000,0.000000,18.136202,9.332264,0.070326,0.038839,9.547381,0.079359,36.228046
1403638540627829504.000000,0.000000,0.000000,15.920141,5.447539,0.066365,0.063133,10.398222,0.887417,38.427567
1403638540677829376.000000,0.000000,0.000000,15.603829,5.560486,0.071320,0.062863,11.014032,0.137945,41.801750
1403638540727829504.000000,0.000000,0.000000,16.003159,5.291533,0.066493,0.068359,12.710750,0.135523,31.467574
1403638540777829376.000000,0.000000,0.000000,16.259406,5.771734,0.090080,0.044704,8.486477,0.084115,31.221001
1403638540827829504.000000,0.000000,0.000000,16.791296,9.440783,0.122707,0.060439,11.556840,0.557106,31.378082
1403638540877829376.000000,0.000000,0.000000,14.867363,9.918815,0.060004,0.055802,10.021908,0.082417,33.168599
1403638540927829504.000000,0.000000,0.000000,15.763589,6.892458,0.072926,0.053675,11.061066,0.131275,40.797790
1403638540977829376.000000,0.000000,0.000000,15.036739,5.266982,0.093364,0.061801,11.096282,0.065073,37.327806
1403638541027829504.000000,0.000000,0.000000,15.461629,9.015511,0.067407,0.057379,12.141999,0.668994,33.495661
1403638541077829376.000000,0.000000,0.000000,15.034752,6.141342,0.075702,0.063192,10.280066,0.112044,31.739650
1403638541127829504.000000,0.000000,0.000000,16.068435,8.647673,0.080904,0.069841,12.348705,0.106814,36.799804
1403638541177829376.000000,0.000000,0.000000,15.664303,5.687018,0.094511,0.053768,12.455040,0.093038,32.043154
1403638541227829504.000000,0.000000,0.000000,17.356452,5.856597,0.108613,0.060561,11.517024,0.123780,35.685203
1403638541277829376.000000,0.000000,0.000000,15.919622,5.652973,0.083992,0.102466,10.955158,0.490222,34.449276
1403638541327829504.000000,0.000000,0.000000,15.498706,5.334675,0.096807,0.087275,13.361863,0.125458,33.619261
1403638541377829376.000000,0.000000,0.000000,17.038149,5.361571,0.080375,0.063114,11.097145,0.121680,32.436465
1403638541427829504.000000,0.000000,0.000000,16.090770,7.076825,0.083359,0.047169,10.401399,0.082586,30.987990
1403638541477829376.000000,0.000000,0.000000,13.756221,5.337323,0.071318,0.057130,13.210468,0.183313,33.117664
1403638541527829504.000000,0.000000,0.000000,16.081470,5.225094,0.083242,0.073311,10.149417,0.076367,33.435336
1403638541577829376.000000,0.000000,0.000000,16.520979,5.478024,0.049154,0.066108,12.664632,0.639468,29.464382
1403638541627829504.000000,0.000000,0.000000,17.184337,5.608740,0.080913,0.044034,10.940108,0.138952,31.837311
1403638541677829376.000000,0.000000,0.000000,16.521503,5.590078,0.090821,0.063765,11.070618,0.118511,33.225150
1403638541727829504.000000,0.000000,0.000000,16.601651,5.507891,0.076967,0.073128,10.515892,0.077081,35.384881
1403638541777829376.000000,0.000000,0.000000,16.164334,5.967024,0.102778,0.059278,9.793479,0.067764,33.025548
1403638541827829504.000000,0.000000,0.000000,15.538597,4.958421,0.100679,0.063278,10.864435,0.576933,33.010953
1403638541877829376.000000,0.000000,0.000000,16.896892,8.622384,0.173186,0.060790,10.958837,0.097448,33.673454
1403638541927829504.000000,0.000000,0.000000,17.081155,6.883014,0.075211,0.062039,11.087874,0.137805,31.712632
1403638541977829376.000000,0.000000,0.000000,16.432222,5.761019,0.084038,0.097982,13.285217,0.121553,41.107756
1403638542027829504.000000,0.000000,0.000000,15.747330,7.541558,0.110696,0.058837,11.293023,0.064244,38.044780
1403638542077829376.000000,0.000000,0.000000,14.790309,7.434421,0.111714,0.076048,10.729252,0.527925,33.999285
1403638542127829504.000000,0.000000,0.000000,13.702270,8.207425,0.086813,0.049053,11.445130,0.096278,36.781716
1403638542177829376.000000,0.000000,0.000000,15.142024,7.614713,0.112808,0.079707,12.353601,0.113509,35.683768
1403638542227829504.000000,0.000000,0.000000,15.173513,9.270059,0.146674,0.065362,12.598613,0.145106,36.052553
1403638542277829376.000000,0.000000,0.000000,15.299679,6.863253,0.087580,0.058673,10.363846,0.925153,34.367750
1403638542327829504.000000,0.000000,0.000000,15.065159,5.797096,0.118036,0.083042,13.345267,0.086715,39.421640
1403638542377829376.000000,0.000000,0.000000,15.739074,8.685434,0.088569,0.062093,11.770520,0.141121,34.880396
1403638542427829504.000000,0.000000,0.000000,14.766601,7.039503,0.075303,0.054751,11.569479,0.068945,31.962510
1403638542477829376.000000,0.000000,0.000000,14.562511,5.532977,0.179562,0.076493,12.393650,0.621308,38.712791
1403638542527829504.000000,0.000000,0.000000,15.125980,7.327969,0.095288,0.055092,13.206288,0.132722,33.303074
1403638542577829376.000000,0.000000,0.000000,15.385604,8.211080,0.085860,0.063696,13.166715,0.129421,32.267144
1403638542627829504.000000,0.000000,0.000000,15.715246,5.451016,0.097790,0.073131,14.820525,0.111435,40.118623
1403638542677829376.000000,0.000000,0.000000,15.387959,5.493525,0.086404,0.059629,11.257551,0.086293,33.782219
1403638542727829504.000000,0.000000,0.000000,15.288348,6.771958,0.084000,0.077308,12.302383,0.585273,33.827863
1403638542777829376.000000,0.000000,0.000000,14.500883,6.049726,0.058827,0.041178,13.311268,0.116392,32.730359
1403638542827829504.000000,0.000000,0.000000,15.113772,6.139757,0.217766,0.063212,13.784624,0.142822,33.938351
1403638542877829376.000000,0.000000,0.000000,13.074151,8.390333,0.092141,0.074357,13.923097,0.125987,33.478087
1403638542927829504.000000,0.000000,0.000000,13.360436,6.920615,0.113578,0.058964,9.253323,0.082121,34.750291
1403638542977829376.000000,0.000000,0.000000,14.119006,8.011267,0.105134,0.062121,9.514670,0.127076,38.211974
1403638543027829504.000000,0.000000,0.000000,15.898664,8.345810,0.110781,0.065624,10.727204,0.106752,32.606468
1403638543077829376.000000,0.000000,0.000000,14.677955,10.597899,0.105571,0.056435,12.325270,0.196857,38.258839
1403638543127829504.000000,0.000000,0.000000,13.672068,5.577649,0.114687,0.048109,10.305418,0.125244,40.246584
1403638543177829376.000000,0.000000,0.000000,13.096693,8.549475,0.094877,0.068540,11.081361,0.140404,41.633348
1403638543227829504.000000,0.000000,0.000000,15.190984,5.634797,0.107156,0.033134,6.736415,0.807058,33.016105
1403638543277829376.000000,0.000000,0.000000,13.723403,6.044492,0.091226,0.085929,12.811611,0.100120,41.480600
1403638543327829504.000000,0.000000,0.000000,14.458700,5.837563,0.095957,0.071536,8.775124,0.076633,35.580596
1403638543377829376.000000,0.000000,0.000000,14.222961,5.456278,0.130531,0.044008,9.493963,0.084503,31.837062
1403638543427829504.000000,0.000000,0.000000,14.341465,8.418210,0.099311,0.069041,8.978654,0.061425,35.522597
1403638543477829376.000000,0.000000,0.000000,13.930397,6.801479,0.117651,0.087188,11.241106,0.121812,36.899773
1403638543527829504.000000,0.000000,0.000000,13.432306,7.870268,0.059266,0.077693,11.371109,0.076972,40.660132
1403638543577829376.000000,0.000000,0.000000,16.410296,6.100094,0.101378,0.073309,8.269285,0.059156,35.205222
1403638543627829504.000000,0.000000,0.000000,13.802446,8.592305,0.131315,0.055192,8.534942,0.520768,36.175786
1403638543677829376.000000,0.000000,0.000000,14.815805,7.817658,0.041510,0.077397,9.498261,0.067014,36.853752
1403638543727829504.000000,0.000000,0.000000,14.798949,5.818520,0.094215,0.061878,10.125138,0.102748,37.088168
1403638543777829376.000000,0.000000,0.000000,14.722237,5.670596,0.116070,0.108855,11.470764,0.086679,36.763339
1403638543827829504.000000,0.000000,0.000000,15.021260,7.288827,0.090215,0.077979,11.720000,0.081312,33.417709
1403638543877829376.000000,0.000000,0.000000,14.122575,5.243548,0.106317,0.059485,9.049211,0.124147,32.935990
1403638543927829504.000000,0.000000,0.000000,13.298444,8.443144,0.103060,0.068411,8.979886,0.062345,34.828625
1403638543977829376.000000,0.000000,0.000000,14.251446,8.890982,0.092292,0.058446,8.545338,0.069198,31.017521
1403638544027829504.000000,0.000000,0.000000,12.925651,5.300688,0.096275,0.061869,10.635381,0.626192,35.102027
1403638544077829376.000000,0.000000,0.000000,14.979540,5.538493,0.098984,0.085096,9.066487,0.067729,35.447906
1403638544127829504.000000,0.000000,0.000000,13.575817,9.082937,0.087264,0.068039,9.276502,0.108637,28.722090
1403638544177829376.000000,0.000000,0.000000,14.893636,5.367135,0.091390,0.045400,8.349181,0.069565,31.553498
1403638544227829504.000000,0.000000,0.000000,14.352178,5.281439,0.104482,0.057016,8.589661,0.063002,35.794794
1403638544277829376.000000,0.000000,0.000000,13.663464,8.960478,0.116986,0.067451,8.708415,0.111598,32.623889
1403638544327829504.000000,0.000000,0.000000,14.306413,8.704954,0.063559,0.061064,8.478115,0.494159,30.854109
1403638544377829376.000000,0.000000,0.000000,14.499201,5.392245,0.055947,0.081989,9.752971,0.156572,38.300172
1403638544427829504.000000,0.000000,0.000000,13.339592,7.935095,0.178281,0.077841,9.736628,0.095688,37.045357
1403638544477829376.000000,0.000000,0.000000,14.899321,5.949226,0.088067,0.055451,8.136012,0.085634,31.544952
1403638544527829504.000000,0.000000,0.000000,14.925479,5.886226,0.106896,0.062280,9.466434,0.110442,33.700649
1403638544577829376.000000,0.000000,0.000000,16.316293,7.046033,0.098944,0.067799,10.243854,0.086054,35.880296
1403638544627829504.000000,0.000000,0.000000,14.923481,9.627360,0.089222,0.059846,8.977884,0.495518,32.308576
1403638544677829376.000000,0.000000,0.000000,15.745381,6.678852,0.104763,0.050797,11.226325,0.082595,36.698753
1403638544727829504.000000,0.000000,0.000000,14.262065,8.243962,0.104600,0.093282,12.090823,0.098918,40.880946
1403638544777829376.000000,0.000000,0.000000,17.187601,6.892201,0.090972,0.074597,10.640820,0.140234,35.425727
1403638544827829504.000000,0.000000,0.000000,17.336411,5.374094,0.111448,0.059490,8.556495,0.529727,35.991211
1403638544877829376.000000,0.000000,0.000000,16.218508,7.567252,0.097099,0.082510,12.972864,0.145977,39.546635
1403638544927829504.000000,0.000000,0.000000,16.101248,6.703694,0.101808,0.063960,12.039651,0.146855,35.529270
1403638544977829376.000000,0.000000,0.000000,16.335742,5.355609,0.092049,0.042885,8.657808,0.084122,37.278305
1403638545027829504.000000,0.000000,0.000000,15.915527,7.096914,0.095616,0.067762,12.699767,0.819237,36.181170
1403638545077829376.000000,0.000000,0.000000,15.405915,7.087570,0.116020,0.051464,13.038566,0.117799,34.444634
1403638545127829504.000000,0.000000,0.000000,14.959095,7.575877,0.104082,0.069737,11.994531,0.165741,39.576398
1403638545177829376.000000,0.000000,0.000000,15.000617,7.511694,0.098804,0.055462,8.855643,0.087458,35.331659
1403638545227829504.000000,0.000000,0.000000,16.330882,6.547759,0.100513,0.070102,12.139678,0.506664,34.572306
1403638545277829376.000000,0.000000,0.000000,17.445580,5.095392,0.104903,0.046467,11.784189,0.102466,37.499396
1403638545327829504.000000,0.000000,0.000000,15.650419,7.497887,0.107052,0.061642,10.040059,0.133303,35.561880
1403638545377829376.000000,0.000000,0.000000,19.301305,6.854385,0.095684,0.030767,10.378655,0.103150,36.136436
1403638545427829504.000000,0.000000,0.000000,15.924914,5.346175,0.086561,0.070033,8.593759,0.468507,37.466543
1403638545477829376.000000,0.000000,0.000000,17.977988,5.546914,0.110384,0.068688,10.778420,0.145333,39.842293
1403638545527829504.000000,0.000000,0.000000,16.984009,6.320498,0.105293,0.073156,12.806449,0.133636,34.381147
1403638545577829376.000000,0.000000,0.000000,16.140886,6.954595,0.085678,0.087021,10.750856,0.079056,37.878456
1403638545627829504.000000,0.000000,0.000000,16.236180,5.587018,0.100271,0.072542,14.011870,0.124767,38.567158
1403638545677829376.000000,0.000000,0.000000,15.952314,5.288158,0.103591,0.068483,12.040879,0.531951,36.903250
1403638545727829504.000000,0.000000,0.000000,16.165295,7.584617,0.104923,0.060428,12.088753,0.083399,35.351497
1403638545777829376.000000,0.000000,0.000000,16.639568,7.652407,0.119211,0.102410,10.600026,0.170026,35.021758
1403638545827829504.000000,0.000000,0.000000,17.190021,7.453234,0.099212,0.069607,12.040169,0.101213,36.925849
1403638545877829376.000000,0.000000,0.000000,15.573116,8.025628,0.105261,0.055775,9.951621,0.482379,40.013861
1403638545927829504.000000,0.000000,0.000000,15.551578,7.084865,0.114314,0.160659,13.333073,0.129828,39.193766
1403638545977829376.000000,0.000000,0.000000,16.559609,6.247058,0.107946,0.072595,12.211007,0.187051,36.208017
1403638546027829504.000000,0.000000,0.000000,15.989486,7.656413,0.153488,0.063158,9.064131,0.103737,34.147017
1403638546077829376.000000,0.000000,0.000000,16.664202,8.872502,0.065126,0.065383,12.265360,0.568893,38.892323
1403638546127829504.000000,0.000000,0.000000,15.910791,6.494195,0.108844,0.058560,10.458365,0.079184,38.541951
1403638546177829376.000000,0.000000,0.000000,16.244709,8.107839,0.111362,0.060551,9.646490,0.087810,40.011259
1403638546227829504.000000,0.000000,0.000000,15.852903,7.682029,0.111078,0.038918,9.116028,0.119118,41.057163
1403638546277829376.000000,0.000000,0.000000,16.520166,8.213083,0.109718,0.062197,10.567061,0.534866,39.322654
1403638546327829504.000000,0.000000,0.000000,18.165952,8.203882,0.083429,0.085625,10.306891,0.122492,37.053986
1403638546377829376.000000,0.000000,0.000000,17.556292,5.609864,0.141227,0.063353,11.008625,0.109843,41.226421
1403638546427829504.000000,0.000000,0.000000,18.718149,8.655824,0.091776,0.051878,10.588384,0.074159,41.558753
1403638546477829376.000000,0.000000,0.000000,15.629422,5.385090,0.094706,0.064930,9.734417,0.473103,38.014165
1403638546527829504.000000,0.000000,0.000000,18.496324,5.914029,0.120838,0.053718,10.875157,0.107909,43.889052
1403638546577829376.000000,0.000000,0.000000,17.123867,5.109969,0.085596,0.068857,11.450309,0.105213,33.671447
1403638546627829504.000000,0.000000,0.000000,16.749335,5.819922,0.120106,0.053365,9.239682,0.076691,36.597094
1403638546677829376.000000,0.000000,0.000000,17.940998,7.992695,0.084555,0.055553,9.718387,0.475335,35.356968
1403638546727829504.000000,0.000000,0.000000,17.393566,5.678057,0.115813,0.066377,14.094907,0.137279,36.814591
1403638546777829376.000000,0.000000,0.000000,17.699607,8.318438,0.118902,0.062776,12.177465,0.145017,39.808213
1403638546827829504.000000,0.000000,0.000000,17.916506,8.595305,0.119244,0.081779,11.436455,0.089334,35.810520
1403638546877829376.000000,0.000000,0.000000,16.693149,8.680150,0.100047,0.083966,9.824217,0.071411,42.305354
1403638546927829504.000000,0.000000,0.000000,17.640417,5.539725,0.108721,0.073648,12.781570,0.542715,41.623836
1403638546977829376.000000,0.000000,0.000000,17.985882,8.053825,0.098052,0.053781,10.143756,0.080765,42.407612
1403638547027829504.000000,0.000000,0.000000,18.693790,5.019964,0.145186,0.054452,9.949808,0.145871,38.933736
1403638547077829376.000000,0.000000,0.000000,18.371516,7.841038,0.117400,0.054728,10.454036,0.127297,40.864060
1403638547127829504.000000,0.000000,0.000000,19.675148,8.619342,0.104514,0.057889,10.477860,0.564171,37.823491
1403638547177829376.000000,0.000000,0.000000,20.487747,5.015498,0.102519,0.084492,11.215845,0.130425,41.499774
1403638547227829504.000000,0.000000,0.000000,16.492108,5.440723,0.114041,0.068338,13.098365,0.096055,40.473257
1403638547277829376.000000,0.000000,0.000000,17.839662,7.988672,0.095887,0.070760,11.522606,0.125304,38.968110
1403638547327829504.000000,0.000000,0.000000,17.850797,5.487046,0.111969,0.053693,12.802755,0.114311,35.607965
1403638547377829376.000000,0.000000,0.000000,17.143866,8.279425,0.090201,0.061861,11.332976,0.617459,42.810805
1403638547427829504.000000,0.000000,0.000000,16.279477,5.787304,0.093671,0.075811,12.634004,0.145217,36.793153
1403638547477829376.000000,0.000000,0.000000,17.046179,5.202059,0.092724,0.066432,13.155995,0.127979,41.585219
1403638547527829504.000000,0.000000,0.000000,17.242377,5.513806,0.096948,0.059611,13.180338,0.174316,37.052707
1403638547577829376.000000,0.000000,0.000000,15.875323,5.835214,0.118344,0.055569,9.930556,0.551291,34.657544
1403638547627829504.000000,0.000000,0.000000,18.137413,7.727405,0.086092,0.080549,13.285695,0.097502,36.212425
1403638547677829376.000000,0.000000,0.000000,18.203949,6.790016,0.111256,0.058307,12.296515,0.143332,35.606594
1403638547727829504.000000,0.000000,0.000000,16.535785,8.343596,0.116748,0.051832,9.285292,0.118157,40.859645
1403638547777829376.000000,0.000000,0.000000,16.743571,7.569396,0.104835,0.068081,9.928590,0.576695,38.516590
1403638547827829504.000000,0.000000,0.000000,17.415291,5.401474,0.122976,0.076424,9.958898,0.091866,41.147802
1403638547877829376.000000,0.000000,0.000000,16.913541,5.707299,0.116702,0.058043,12.333423,0.134198,40.778281
1403638547927829504.000000,0.000000,0.000000,17.041104,4.869425,0.105485,0.054675,9.982564,0.067482,36.067869
1403638547977829376.000000,0.000000,0.000000,17.019654,5.402845,0.097448,0.056470,10.948381,0.591551,36.981164
1403638548027829504.000000,0.000000,0.000000,18.590069,5.081530,0.125896,0.040878,11.538508,0.119478,35.533004
1403638548077829376.000000,0.000000,0.000000,15.962634,5.251828,0.117179,0.066892,9.575898,0.144490,35.889260
1403638548127829504.000000,0.000000,0.000000,16.109427,5.763339,0.093192,0.031469,11.340841,0.138064,41.754283
1403638548177829376.000000,0.000000,0.000000,16.235128,5.687978,0.110677,0.052502,9.806109,0.574320,34.846733
1403638548227829504.000000,0.000000,0.000000,16.907925,5.122350,0.083818,0.085055,10.178527,0.070461,35.841677
1403638548277829376.000000,0.000000,0.000000,16.478821,5.597711,0.085287,0.056499,9.637497,0.134150,34.309339
1403638548327829504.000000,0.000000,0.000000,16.761535,5.466788,0.103937,0.054088,9.070425,0.079218,35.331480
1403638548377829376.000000,0.000000,0.000000,16.635466,5.654936,0.167120,0.056827,14.618594,0.671774,34.508193
1403638548427829504.000000,0.000000,0.000000,17.363801,8.212103,0.090028,0.048134,9.978636,0.125434,35.215005
1403638548477829376.000000,0.000000,0.000000,15.874175,5.288050,0.103017,0.111887,11.062243,0.084056,33.886998
1403638548527829504.000000,0.000000,0.000000,15.766039,7.559152,0.096872,0.061270,12.141081,0.130858,41.279970
1403638548577829376.000000,0.000000,0.000000,16.567525,7.139339,0.106324,0.060160,9.274815,0.489763,33.538345
1403638548627829504.000000,0.000000,0.000000,16.973564,5.430363,0.115978,0.082199,15.242074,0.127537,35.399391
1403638548677829376.000000,0.000000,0.000000,17.202289,8.428237,0.064444,0.064791,12.106639,0.098394,39.688016
1403638548727829504.000000,0.000000,0.000000,17.346595,5.119709,0.108164,0.063998,10.660171,0.566445,35.743701
1403638548777829376.000000,0.000000,0.000000,18.260749,5.731081,0.109429,0.085963,13.780072,0.127899,39.990576
1403638548827829504.000000,0.000000,0.000000,17.993128,7.307473,0.082050,0.084413,13.177704,0.097309,37.194004
1403638548877829376.000000,0.000000,0.000000,16.922226,6.380247,0.114648,0.058507,8.483279,0.486518,37.039794
1403638548927829504.000000,0.000000,0.000000,16.298876,6.021367,0.110340,0.076646,9.432151,0.114973,39.533147
1403638548977829376.000000,0.000000,0.000000,19.928959,5.203753,0.107709,0.064925,10.325443,0.090991,37.512012
1403638549027829504.000000,0.000000,0.000000,15.910386,6.345345,0.087278,0.060056,9.139118,0.089874,37.977540
1403638549077829376.000000,0.000000,0.000000,17.419655,6.205650,0.094886,0.055312,10.991061,0.793493,40.162243
1403638549127829504.000000,0.000000,0.000000,19.402497,5.233881,0.095760,0.057576,11.549978,0.115544,34.408646
1403638549177829376.000000,0.000000,0.000000,16.516548,6.649909,0.112314,0.071117,9.390220,0.103531,36.701454
1403638549227829504.000000,0.000000,0.000000,17.790834,5.442847,0.115425,0.074705,8.928217,0.126634,39.722203
1403638549277829376.000000,0.000000,0.000000,16.502865,5.350825,0.122869,0.071522,10.171624,0.712932,37.532617
1403638549327829504.000000,0.000000,0.000000,17.990087,5.328147,0.102297,0.098365,8.573803,0.082666,36.157898
1403638549377829376.000000,0.000000,0.000000,17.412109,7.333021,0.059676,0.070296,10.287630,0.126644,37.122146
1403638549427829504.000000,0.000000,0.000000,16.788245,5.035503,0.111898,0.060919,9.031126,0.089231,36.428699
1403638549477829376.000000,0.000000,0.000000,18.706101,8.590778,0.096561,0.051708,9.572614,0.705304,37.035235
1403638549527829504.000000,0.000000,0.000000,17.108938,5.282540,0.116142,0.080000,10.749323,0.105547,37.083013
1403638549577829376.000000,0.000000,0.000000,16.366594,5.172382,0.098964,0.053546,7.300136,0.090072,40.696841
1403638549627829504.000000,0.000000,0.000000,16.100743,4.881364,0.122401,0.049975,6.654576,0.084212,34.845934
1403638549677829376.000000,0.000000,0.000000,18.513644,9.394686,0.103481,0.056594,7.248841,0.504917,34.161140
1403638549727829504.000000,0.000000,0.000000,18.527476,7.124842,0.170714,0.091808,12.659229,0.122374,35.050746
1403638549777829376.000000,0.000000,0.000000,19.283810,7.731878,0.081175,0.071890,8.025553,0.095751,43.676729
1403638549827829504.000000,0.000000,0.000000,16.368320,6.472385,0.102645,0.039123,7.626003,0.059696,38.724114
1403638549877829376.000000,0.000000,0.000000,16.097571,5.465413,0.088221,0.053493,6.417213,0.527238,44.714345
1403638549927829504.000000,0.000000,0.000000,15.481266,6.630250,0.131468,0.098814,10.042225,0.107570,35.820039
1403638549977829376.000000,0.000000,0.000000,17.204243,7.788961,0.202569,0.063355,9.834135,0.123517,35.162055
1403638550027829504.000000,0.000000,0.000000,15.701663,8.732627,0.109559,0.046297,6.036165,0.443972,35.698783
1403638550077829376.000000,0.000000,0.000000,16.426586,7.196903,0.123507,0.090796,9.227839,0.072545,41.740883
1403638550127829504.000000,0.000000,0.000000,15.356572,6.954178,0.114632,0.060505,9.408392,0.122958,40.784914
1403638550177829376.000000,0.000000,0.000000,16.640041,8.055027,0.097914,0.092938,8.895626,0.553491,38.204228
1403638550227829504.000000,0.000000,0.000000,15.942976,4.931015,0.111680,0.086882,11.268830,0.132189,38.907395
1403638550277829376.000000,0.000000,0.000000,15.672931,7.336307,0.115363,0.059454,8.182120,0.113114,41.944026
1403638550327829504.000000,0.000000,0.000000,15.390035,5.452888,0.121275,0.048937,9.808751,0.536593,34.988554
1403638550377829376.000000,0.000000,0.000000,16.615863,5.162382,0.149884,0.070856,9.995360,0.102530,39.207642
1403638550427829504.000000,0.000000,0.000000,17.142191,8.312338,0.133738,0.071646,8.819587,0.079294,33.762371
1403638550477829376.000000,0.000000,0.000000,16.637548,8.044048,0.111250,0.040158,8.642380,0.080756,35.701762
1403638550527829504.000000,0.000000,0.000000,16.957902,5.538852,0.117620,0.069231,8.301925,0.055399,41.962268
1403638550577829376.000000,0.000000,0.000000,17.341310,7.275117,0.161402,0.073209,9.516196,0.513401,40.422879
1403638550627829504.000000,0.000000,0.000000,17.367797,7.982782,0.133151,0.054709,10.855142,0.080103,35.309127
1403638550677829376.000000,0.000000,0.000000,15.440534,8.297245,0.094911,0.067005,9.628458,0.087702,39.862074
1403638550727829504.000000,0.000000,0.000000,14.655932,5.264262,0.127798,0.072834,8.408850,0.070233,40.316046
1403638550777829376.000000,0.000000,0.000000,15.133194,7.163260,0.107331,0.059963,8.248417,0.105550,40.049766
1403638550827829504.000000,0.000000,0.000000,16.123379,7.866101,0.120990,0.067965,10.112643,0.082028,32.846451
1403638550877829376.000000,0.000000,0.000000,16.413305,8.505151,0.111961,0.062774,7.941259,0.429215,36.760662
1403638550927829504.000000,0.000000,0.000000,14.986053,7.814285,0.102080,0.089510,11.656381,0.079569,40.296540
1403638550977829376.000000,0.000000,0.000000,15.462202,6.968828,0.115398,0.069150,10.774105,0.124116,42.077122
1403638551027829504.000000,0.000000,0.000000,15.220091,8.106765,0.111031,0.098011,10.761254,0.088898,36.252159
1403638551077829376.000000,0.000000,0.000000,15.770729,8.436874,0.132470,0.074023,10.957487,0.581532,36.535459
1403638551127829504.000000,0.000000,0.000000,15.159404,7.819578,0.109608,0.071231,9.314661,0.116691,38.592764
1403638551177829376.000000,0.000000,0.000000,15.254479,7.698864,0.129918,0.081303,10.540533,0.114881,40.006060
1403638551227829504.000000,0.000000,0.000000,16.587157,7.574213,0.055958,0.072640,10.014700,0.109856,38.906696
1403638551277829376.000000,0.000000,0.000000,15.572389,5.204392,0.109693,0.064454,9.175758,0.470336,38.180589
1403638551327829504.000000,0.000000,0.000000,16.292965,7.202133,0.093456,0.069985,9.346967,0.071085,39.826229
1403638551377829376.000000,0.000000,0.000000,15.509248,5.545501,0.097079,0.064677,8.756895,0.072434,34.131598
1403638551427829504.000000,0.000000,0.000000,15.783273,7.454017,0.089481,0.064832,8.993151,0.110480,39.319884
1403638551477829376.000000,0.000000,0.000000,15.786894,5.672005,0.142724,0.058539,8.743304,0.509498,33.693442
1403638551527829504.000000,0.000000,0.000000,15.712890,8.728030,0.108331,0.117564,10.664768,0.138238,37.699343
1403638551577829376.000000,0.000000,0.000000,16.335234,7.327431,0.111126,0.067467,9.188742,0.120099,35.347128
1403638551627829504.000000,0.000000,0.000000,15.558713,7.842321,0.136967,0.072290,8.594550,0.061033,38.414425
1403638551677829376.000000,0.000000,0.000000,14.588051,5.530846,0.094631,0.062623,8.103632,0.446881,40.430509
1403638551727829504.000000,0.000000,0.000000,15.803294,6.886138,0.113879,0.094430,11.446028,0.085721,38.671139
1403638551777829376.000000,0.000000,0.000000,17.062324,6.329056,0.100374,0.067062,8.571878,0.093279,33.188841
1403638551827829504.000000,0.000000,0.000000,16.087950,8.683570,0.105744,0.056941,9.734834,0.093404,37.345569
1403638551877829376.000000,0.000000,0.000000,14.332612,6.438176,0.103298,0.077162,11.511304,0.085475,37.657941
1403638551927829504.000000,0.000000,0.000000,15.298060,6.255241,0.111502,0.067875,8.709778,0.466944,41.534878
1403638551977829376.000000,0.000000,0.000000,14.729384,5.010807,0.102080,0.066418,9.817846,0.118216,32.642884
1403638552027829504.000000,0.000000,0.000000,17.383023,5.240340,0.120933,0.071454,12.964073,0.148711,36.958400
1403638552077829376.000000,0.000000,0.000000,15.458797,7.501113,0.110153,0.048282,7.322237,0.077763,33.270903
1403638552127829504.000000,0.000000,0.000000,14.756855,6.529385,0.065438,0.034229,7.880542,0.589161,37.323663
1403638552177829376.000000,0.000000,0.000000,16.215530,5.202363,0.124328,0.082672,8.604286,0.093399,37.304589
1403638552227829504.000000,0.000000,0.000000,15.835123,5.784170,0.104376,0.064895,8.159222,0.102295,37.476634
1403638552277829376.000000,0.000000,0.000000,16.006704,5.316935,0.104971,0.057332,7.894514,0.088685,35.112123
1403638552327829504.000000,0.000000,0.000000,14.593230,5.753185,0.190510,0.063402,8.177527,0.524148,37.418633
1403638552377829376.000000,0.000000,0.000000,14.688299,5.111788,0.142462,0.095359,8.642360,0.077599,37.189154
1403638552427829504.000000,0.000000,0.000000,14.929444,5.217858,0.110856,0.066004,8.611279,0.139155,34.993954
1403638552477829376.000000,0.000000,0.000000,15.672450,6.896191,0.124892,0.063902,7.783684,0.076245,34.472198
1403638552527829504.000000,0.000000,0.000000,15.490669,5.182125,0.122843,0.067949,8.717288,0.061698,37.453787
1403638552577829376.000000,0.000000,0.000000,14.549942,5.707414,0.101117,0.064324,8.620210,0.509451,37.268141
1403638552627829504.000000,0.000000,0.000000,15.611971,4.995566,0.116358,0.083626,11.888770,0.081821,34.453209
1403638552677829376.000000,0.000000,0.000000,15.921148,7.464310,0.094214,0.075639,8.801469,0.081049,37.134803
1403638552727829504.000000,0.000000,0.000000,15.584668,5.287515,0.066472,0.081459,8.817075,0.068936,33.923024
1403638552777829376.000000,0.000000,0.000000,15.349953,5.310459,0.104916,0.042035,10.913013,0.106755,39.947837
1403638552827829504.000000,0.000000,0.000000,15.760118,5.855078,0.099243,0.065226,8.765845,0.470926,35.707278
1403638552877829376.000000,0.000000,0.000000,14.711161,6.762968,0.098889,0.056820,8.959177,0.071190,34.890222
1403638552927829504.000000,0.000000,0.000000,15.060594,5.779747,0.073474,0.076060,12.299101,0.140620,35.801153
1403638552977829376.000000,0.000000,0.000000,15.086114,6.370922,0.100666,0.074774,11.588222,0.128719,34.722763
1403638553027829504.000000,0.000000,0.000000,15.789224,6.577115,0.101380,0.051355,7.470756,0.066920,35.786839
1403638553077829376.000000,0.000000,0.000000,17.502064,6.490671,0.106308,0.086619,12.187816,0.456185,35.809231
1403638553127829504.000000,0.000000,0.000000,15.569311,5.487399,0.105163,0.064367,11.807441,0.132119,37.058191
1403638553177829376.000000,0.000000,0.000000,14.827260,5.667429,0.067973,0.067086,10.420564,0.142742,40.420215
1403638553227829504.000000,0.000000,0.000000,16.188419,6.773394,0.085506,0.080194,10.658965,0.095351,35.731234
1403638553277829376.000000,0.000000,0.000000,15.982183,8.155765,0.116817,0.042197,7.354954,0.410117,35.126438
1403638553327829504.000000,0.000000,0.000000,14.656730,8.880839,0.107774,0.068171,8.600001,0.096343,38.209539
1403638553377829376.000000,0.000000,0.000000,14.913588,6.894583,0.127334,0.060813,9.653410,0.108162,40.357440
1403638553427829504.000000,0.000000,0.000000,13.601130,6.818326,0.103226,0.065545,10.276061,0.096757,39.521914
1403638553477829376.000000,0.000000,0.000000,17.642234,5.792049,0.112202,0.067304,11.260723,0.512558,36.441527
1403638553527829504.000000,0.000000,0.000000,14.808324,6.452719,0.160187,0.044061,9.007821,0.074692,37.247151
1403638553577829376.000000,0.000000,0.000000,14.412653,5.351060,0.080474,0.058913,8.876706,0.076335,39.570300
1403638553627829504.000000,0.000000,0.000000,14.272769,6.406054,0.112440,0.056154,9.650580,0.126208,36.103244
1403638553677829376.000000,0.000000,0.000000,14.983151,6.746829,0.135620,0.065258,10.234968,0.459018,36.138740
1403638553727829504.000000,0.000000,0.000000,15.024515,5.349233,0.124527,0.063411,9.099347,0.067336,37.837290
1403638553777829376.000000,0.000000,0.000000,14.573835,5.339843,0.129394,0.056159,9.863866,0.177316,38.397053
1403638553827829504.000000,0.000000,0.000000,17.454981,7.145499,0.070814,0.073386,9.745563,0.091236,38.867054
1403638553877829376.000000,0.000000,0.000000,18.156013,7.667933,0.118954,0.037557,8.443788,0.406335,34.857118
1403638553927829504.000000,0.000000,0.000000,14.795700,7.512436,0.133461,0.051626,9.363952,0.100115,40.692779
1403638553977829376.000000,0.000000,0.000000,14.733164,6.614076,0.137234,0.062289,10.403378,0.076382,42.855629
1403638554027829504.000000,0.000000,0.000000,14.595071,5.632868,0.108610,0.056948,13.548663,0.127232,40.072409
1403638554077829376.000000,0.000000,0.000000,12.121467,7.009310,0.121532,0.043384,7.020855,0.437005,38.807058
1403638554127829504.000000,0.000000,0.000000,15.685781,7.017918,0.140215,0.066837,12.447942,0.087241,33.261094
1403638554177829376.000000,0.000000,0.000000,15.196149,8.225909,0.136609,0.061572,9.614175,0.092497,31.171996
1403638554227829504.000000,0.000000,0.000000,14.497979,8.330238,0.133876,0.049324,9.990250,0.081455,36.878340
1403638554277829376.000000,0.000000,0.000000,15.501919,7.213547,0.104357,0.042175,9.586522,0.485421,39.478663
1403638554327829504.000000,0.000000,0.000000,15.961259,5.631073,0.101734,0.052228,8.655587,0.068270,36.726445
1403638554377829376.000000,0.000000,0.000000,15.004301,8.422230,0.126680,0.047481,10.929796,0.107453,37.421473
1403638554427829504.000000,0.000000,0.000000,15.419142,5.145296,0.147146,0.047151,8.798833,0.472577,36.774720
1403638554477829376.000000,0.000000,0.000000,15.140881,8.757118,0.158736,0.067254,11.364831,0.134951,40.219256
1403638554527829504.000000,0.000000,0.000000,15.563466,5.446244,0.145949,0.054335,9.212891,0.097789,32.899820
1403638554577829376.000000,0.000000,0.000000,14.479929,7.253912,0.156951,0.043459,10.394977,0.434682,36.881047
1403638554627829504.000000,0.000000,0.000000,14.907185,8.710281,0.120994,0.052153,10.048538,0.116947,33.137821
1403638554677829376.000000,0.000000,0.000000,14.607189,7.240947,0.110785,0.060577,10.400573,0.073264,36.605520
1403638554727829504.000000,0.000000,0.000000,15.256316,5.493527,0.069309,0.037934,11.359515,0.563015,38.537932
1403638554777829376.000000,0.000000,0.000000,16.811330,5.506950,0.078966,0.051635,8.155202,0.090981,33.676259
1403638554827829504.000000,0.000000,0.000000,16.608967,8.641506,0.217393,0.055857,10.669505,0.086503,33.000472
1403638554877829376.000000,0.000000,0.000000,15.695108,5.022065,0.146863,0.034286,11.139883,0.486811,35.047496
1403638554927829504.000000,0.000000,0.000000,14.817590,8.165486,0.117855,0.060381,15.349593,0.163344,39.888407
1403638554977829376.000000,0.000000,0.000000,15.496115,5.327475,0.125380,0.047652,7.906776,0.074598,35.994071
1403638555027829504.000000,0.000000,0.000000,15.595660,7.097042,0.120391,0.040624,7.027621,0.448846,38.113848
1403638555077829376.000000,0.000000,0.000000,14.613659,7.097377,0.137581,0.059242,10.278993,0.088955,33.461418
1403638555127829504.000000,0.000000,0.000000,15.080727,7.322189,0.133571,0.045825,9.254706,0.169741,35.757168
1403638555177829376.000000,0.000000,0.000000,15.583916,5.107978,0.123792,0.029552,8.567169,0.482591,33.610412
1403638555227829504.000000,0.000000,0.000000,14.157427,5.284918,0.118589,0.055491,9.342440,0.088317,36.852133
1403638555277829376.000000,0.000000,0.000000,15.704988,5.331517,0.116931,0.073637,8.639018,0.073047,33.121970
1403638555327829504.000000,0.000000,0.000000,15.844665,5.106681,0.114366,0.056909,7.244198,0.413415,32.901260
1403638555377829376.000000,0.000000,0.000000,15.467674,5.047321,0.123153,0.068946,8.155500,0.053966,32.727100
1403638555427829504.000000,0.000000,0.000000,14.837701,5.956212,0.112365,0.045239,10.161032,0.114285,32.799493
1403638555477829376.000000,0.000000,0.000000,15.582198,5.264474,0.177690,0.038074,6.878304,0.468274,32.543456
1403638555527829504.000000,0.000000,0.000000,16.994737,5.180026,0.117409,0.069326,10.514521,0.084611,33.041062
1403638555577829376.000000,0.000000,0.000000,16.366851,5.131519,0.110846,0.036652,7.575211,0.061703,34.375034
1403638555627829504.000000,0.000000,0.000000,17.014112,5.186443,0.118695,0.027525,6.829839,0.713423,35.959643
1403638555677829376.000000,0.000000,0.000000,15.373748,4.955162,0.117162,0.064244,8.222212,0.060277,32.910671
1403638555727829504.000000,0.000000,0.000000,17.258955,6.167683,0.151083,0.047086,10.340293,0.112943,35.359302
1403638555777829376.000000,0.000000,0.000000,16.854415,6.266439,0.154155,0.040837,9.585176,0.669974,33.992737
1403638555827829504.000000,0.000000,0.000000,16.111952,5.446355,0.135520,0.070925,8.805368,0.189473,36.080753
1403638555877829376.000000,0.000000,0.000000,15.802420,6.871058,0.115831,0.062298,11.954194,0.105314,38.168955
1403638555927829504.000000,0.000000,0.000000,15.276336,5.366460,0.153549,0.089078,10.584978,0.749154,37.662650
1403638555977829376.000000,0.000000,0.000000,16.051597,9.143912,0.127841,0.079281,9.438158,0.107043,36.952557
1403638556027829504.000000,0.000000,0.000000,15.250191,7.624193,0.131385,0.071609,11.317888,0.134526,32.964766
1403638556077829376.000000,0.000000,0.000000,15.751465,5.081284,0.151587,0.110691,9.087454,0.085299,42.017792
1403638556127829504.000000,0.000000,0.000000,14.697354,8.400911,0.162198,0.054769,9.642794,0.454430,38.548359
1403638556177829376.000000,0.000000,0.000000,16.003283,8.442497,0.151005,0.047541,10.158107,0.088476,32.616869
1403638556227829504.000000,0.000000,0.000000,16.097120,8.694314,0.121446,0.050534,11.356895,0.095548,40.867290
1403638556277829376.000000,0.000000,0.000000,15.824819,5.729936,0.148276,0.033291,10.585194,0.079128,41.184961
1403638556327829504.000000,0.000000,0.000000,15.271675,7.312086,0.131834,0.048511,8.920244,0.502227,40.696759
1403638556377829376.000000,0.000000,0.000000,16.212921,6.121603,0.138883,0.058616,9.330777,0.076636,33.964620
1403638556427829504.000000,0.000000,0.000000,16.790796,5.753652,0.129626,0.055781,12.136750,0.124087,38.546359
1403638556477829376.000000,0.000000,0.000000,15.627434,5.156343,0.131898,0.045188,10.643739,0.597368,37.756154
1403638556527829504.000000,0.000000,0.000000,15.869713,5.637443,0.152807,0.070577,12.546825,0.092481,36.453646
1403638556577829376.000000,0.000000,0.000000,14.863593,5.185089,0.138330,0.051426,9.543818,0.140695,33.868314
1403638556627829504.000000,0.000000,0.000000,13.049517,5.446080,0.177834,0.030526,8.660208,0.076713,33.690498
1403638556677829376.000000,0.000000,0.000000,15.900523,5.392998,0.148557,0.099913,11.387507,0.679668,34.626128
1403638556727829504.000000,0.000000,0.000000,15.964845,6.801504,0.148892,0.121118,13.373070,0.139852,34.033258
1403638556777829376.000000,0.000000,0.000000,16.334926,6.780006,0.202086,0.067905,10.643676,0.078185,35.658799
1403638556827829504.000000,0.000000,0.000000,15.283321,7.346694,0.132695,0.050385,8.770845,0.078007,40.705020
1403638556877829376.000000,0.000000,0.000000,17.705184,6.396987,0.174150,0.060223,10.795036,0.100710,39.005877
1403638556927829504.000000,0.000000,0.000000,15.907650,8.302569,0.145817,0.057717,12.080871,0.693684,38.826431
1403638556977829376.000000,0.000000,0.000000,17.000166,5.137867,0.088480,0.039571,9.656880,0.084443,39.504191
1403638557027829504.000000,0.000000,0.000000,16.141750,6.058933,0.159377,0.059900,9.985337,0.123225,40.418462
1403638557077829376.000000,0.000000,0.000000,17.502725,5.143800,0.163855,0.066319,12.950267,0.088670,36.504701
1403638557127829504.000000,0.000000,0.000000,16.783435,5.370855,0.184275,0.048346,11.337575,0.097088,39.477806
1403638557177829376.000000,0.000000,0.000000,16.865331,7.674438,0.145276,0.058544,12.604503,0.108277,38.668709
1403638557227829504.000000,0.000000,0.000000,17.319504,6.023813,0.144872,0.064842,12.683091,0.093720,34.879919
1403638557277829376.000000,0.000000,0.000000,16.000598,5.526773,0.142609,0.054507,12.310732,0.120370,40.815287
1403638557327829504.000000,0.000000,0.000000,15.638756,5.190900,0.144987,0.057009,12.708841,0.109653,37.396895
1403638557377829376.000000,0.000000,0.000000,16.568147,5.134679,0.152427,0.057357,12.027159,0.775174,35.135438
1403638557427829504.000000,0.000000,0.000000,16.090067,5.823392,0.158213,0.057749,13.336875,0.114779,35.441098
1403638557477829376.000000,0.000000,0.000000,12.310007,6.539048,0.162570,0.079084,13.634269,0.102096,36.498338
1403638557527829504.000000,0.000000,0.000000,16.389133,6.645382,0.164033,0.063729,12.148469,0.104484,35.918417
1403638557577829376.000000,0.000000,0.000000,15.381211,5.628552,0.142537,0.059906,11.445195,0.110316,32.761064
1403638557627829504.000000,0.000000,0.000000,16.102418,4.838393,0.170199,0.058123,11.343366,0.082064,36.933790
1403638557677829376.000000,0.000000,0.000000,15.397362,6.548376,0.142982,0.076414,11.127701,0.125212,34.493882
1403638557727829504.000000,0.000000,0.000000,15.397381,5.855142,0.145324,0.055730,10.039146,0.070670,35.421636
1403638557777829376.000000,0.000000,0.000000,15.487412,4.907394,0.157466,0.067261,9.920375,0.069176,37.021946
1403638557827829504.000000,0.000000,0.000000,14.592821,6.996021,0.152528,0.052572,12.335663,0.118893,34.137401
1403638557877829376.000000,0.000000,0.000000,15.060544,6.778433,0.156329,0.063429,14.028632,0.726631,34.647068
1403638557927829504.000000,0.000000,0.000000,15.016085,5.285113,0.144681,0.053921,12.969113,0.103379,39.956187
1403638557977829376.000000,0.000000,0.000000,17.602182,5.223704,0.182167,0.089033,14.146177,0.100895,38.007641
1403638558027829504.000000,0.000000,0.000000,17.109824,7.534228,0.147386,0.068216,13.058248,0.125110,38.328321
1403638558077829376.000000,0.000000,0.000000,16.015049,5.002201,0.151950,0.040377,10.754333,0.093013,36.269438
1403638558127829504.000000,0.000000,0.000000,15.796761,7.947929,0.140956,0.069637,10.367641,0.067911,41.361170
1403638558177829376.000000,0.000000,0.000000,15.812959,5.407933,0.169801,0.081607,11.248951,0.095313,35.134150
1403638558227829504.000000,0.000000,0.000000,14.211055,10.114192,0.167954,0.077417,12.763585,0.075625,37.736984
1403638558277829376.000000,0.000000,0.000000,14.519705,6.303651,0.177222,0.076070,14.136908,0.099782,35.186458
1403638558327829504.000000,0.000000,0.000000,16.082452,6.502470,0.169120,0.063133,9.997610,0.096168,39.039172
1403638558377829376.000000,0.000000,0.000000,15.772328,6.788598,0.150950,0.065536,11.105929,0.626430,35.950638
1403638558427829504.000000,0.000000,0.000000,15.536514,6.683425,0.167705,0.073893,12.546913,0.081219,39.329288
1403638558477829376.000000,0.000000,0.000000,15.121512,6.056116,0.158566,0.076657,14.872886,0.141747,37.967190
1403638558527829504.000000,0.000000,0.000000,15.815430,6.367265,0.184928,0.075798,12.155292,0.091773,38.568873
1403638558577829376.000000,0.000000,0.000000,17.216384,7.240870,0.179212,0.044852,10.625238,0.097553,36.509735
1403638558627829504.000000,0.000000,0.000000,16.546619,8.570284,0.147069,0.076712,12.851777,0.107768,39.015485
1403638558677829376.000000,0.000000,0.000000,15.493488,5.467495,0.190900,0.084038,13.463655,0.083897,41.328629
1403638558727829504.000000,0.000000,0.000000,16.553434,5.528608,0.212248,0.110922,10.587673,0.065061,42.268213
1403638558777829376.000000,0.000000,0.000000,15.846140,7.052101,0.154263,0.082133,11.832230,0.097464,34.669225
1403638558827829504.000000,0.000000,0.000000,16.317242,6.186964,0.231295,0.080152,15.076971,0.078239,39.065006
1403638558877829376.000000,0.000000,0.000000,15.229800,6.482314,0.092704,0.132828,10.620803,0.514789,39.563775
1403638558927829504.000000,0.000000,0.000000,16.099643,5.227992,0.157702,0.065839,13.061394,0.115560,35.583973
1403638558977829376.000000,0.000000,0.000000,15.367846,5.075470,0.169011,0.081487,12.256525,0.113753,35.740653
1403638559027829504.000000,0.000000,0.000000,17.021391,6.947254,0.180198,0.056403,12.523023,0.140688,35.064307
1403638559077829376.000000,0.000000,0.000000,16.433584,6.690541,0.149937,0.046298,11.651255,0.088562,36.606059
1403638559127829504.000000,0.000000,0.000000,15.967590,5.631980,0.153136,0.118498,13.782300,0.086424,37.682584
1403638559177829376.000000,0.000000,0.000000,18.163117,5.730415,0.140189,0.116194,14.282618,0.071475,38.296028
1403638559227829504.000000,0.000000,0.000000,15.365122,6.514591,0.132788,0.075684,13.086962,0.141480,36.835563
1403638559277829376.000000,0.000000,0.000000,14.668042,5.594436,0.141808,0.071965,11.063101,0.088854,37.134800
1403638559327829504.000000,0.000000,0.000000,15.468015,6.867385,0.147482,0.091773,12.730914,0.078427,37.142597
1403638559377829376.000000,0.000000,0.000000,14.525130,5.288121,0.131240,0.076416,11.633812,0.577386,33.963680
1403638559427829504.000000,0.000000,0.000000,15.870425,5.864890,0.152522,0.080835,14.646557,0.088257,36.005891
1403638559477829376.000000,0.000000,0.000000,16.256412,7.223258,0.154657,0.070932,14.171942,0.147480,33.525688
1403638559527829504.000000,0.000000,0.000000,14.816402,5.331869,0.183270,0.070477,13.570227,0.132393,34.179884
1403638559577829376.000000,0.000000,0.000000,15.178323,6.113157,0.159602,0.054766,10.114956,0.065757,42.037690
1403638559627829504.000000,0.000000,0.000000,15.826432,7.928077,0.135229,0.068283,10.256635,0.541102,34.047447
1403638559677829376.000000,0.000000,0.000000,15.942778,6.112399,0.156532,0.084847,14.579480,0.127690,35.986156
1403638559727829504.000000,0.000000,0.000000,14.478220,5.273734,0.149255,0.072646,11.690618,0.125012,39.605397
1403638559777829376.000000,0.000000,0.000000,16.313447,7.464517,0.162935,0.048503,10.806469,0.086626,35.112763
1403638559827829504.000000,0.000000,0.000000,14.888265,7.828853,0.167435,0.062144,12.874170,0.702243,38.957123
1403638559877829376.000000,0.000000,0.000000,16.078928,8.723699,0.197313,0.069353,12.591460,0.091084,39.671416
1403638559927829504.000000,0.000000,0.000000,16.746506,7.701807,0.131229,0.077383,10.521877,0.091694,37.310232
1403638559977829376.000000,0.000000,0.000000,15.103950,5.878295,0.127823,0.066656,12.485597,0.126487,42.365149
1403638560027829504.000000,0.000000,0.000000,15.528308,5.244439,0.117008,0.045243,9.383549,0.068851,41.130090
1403638560077829376.000000,0.000000,0.000000,14.677605,6.714809,0.118137,0.059658,9.449239,0.547446,33.105183
1403638560127829504.000000,0.000000,0.000000,15.408467,5.479007,0.118088,0.052349,10.798677,0.168244,33.997298
1403638560177829376.000000,0.000000,0.000000,15.471260,5.211858,0.066829,0.076373,11.066993,0.113067,35.858428
1403638560227829504.000000,0.000000,0.000000,14.243628,5.158704,0.074462,0.067591,10.172011,0.071612,33.314904
1403638560277829376.000000,0.000000,0.000000,14.778395,7.397195,0.075664,0.045633,9.535909,0.079836,35.745677
1403638560327829504.000000,0.000000,0.000000,15.559213,8.341535,0.128431,0.078466,9.522648,0.111656,34.811006
1403638560377829376.000000,0.000000,0.000000,14.657475,8.202607,0.095192,0.066349,9.255124,0.068830,35.003498
1403638560427829504.000000,0.000000,0.000000,14.323360,7.230184,0.125016,0.060777,11.443685,0.118858,36.911206
1403638560477829376.000000,0.000000,0.000000,15.215221,8.001518,0.121594,0.075345,11.747883,0.737424,36.912726
1403638560527829504.000000,0.000000,0.000000,16.317188,7.477541,0.099143,0.045887,9.671660,0.073625,33.425179
1403638560577829376.000000,0.000000,0.000000,15.319592,5.250219,0.111626,0.067037,9.709319,0.127823,36.847834
1403638560627829504.000000,0.000000,0.000000,14.314943,8.276446,0.085833,0.062657,9.652235,0.117873,36.313927
1403638560677829376.000000,0.000000,0.000000,16.087315,5.575228,0.091673,0.038748,8.149143,0.082830,33.965352
1403638560727829504.000000,0.000000,0.000000,14.390795,6.866361,0.096330,0.058337,8.857821,0.695922,36.849555
1403638560777829376.000000,0.000000,0.000000,13.611819,5.421547,0.110980,0.042727,9.178425,0.114092,32.460650
1403638560827829504.000000,0.000000,0.000000,15.097977,9.395920,0.137156,0.075447,9.283208,0.094453,31.074357
1403638560877829376.000000,0.000000,0.000000,14.262391,7.409671,0.095030,0.070757,9.068738,0.094177,30.060526
1403638560927829504.000000,0.000000,0.000000,14.736492,5.124865,0.088558,0.040132,10.307129,0.115371,40.621160
1403638560977829376.000000,0.000000,0.000000,14.121832,4.893157,0.117424,0.068705,9.133889,0.086679,33.326959
1403638561027829504.000000,0.000000,0.000000,14.319066,8.568144,0.113219,0.063014,9.935553,0.776363,30.994728
1403638561077829376.000000,0.000000,0.000000,14.151498,9.111815,0.089356,0.060956,12.324686,0.105942,29.083274
1403638561127829504.000000,0.000000,0.000000,14.741817,7.770606,0.098808,0.089857,11.864550,0.098622,36.562877
1403638561177829376.000000,0.000000,0.000000,14.029291,7.716461,0.083567,0.042751,10.221654,0.141913,36.593111
1403638561227829504.000000,0.000000,0.000000,13.723223,5.800079,0.113688,0.153075,8.595664,0.089564,32.101796
1403638561277829376.000000,0.000000,0.000000,15.201711,6.111020,0.070527,0.059513,8.988443,0.093145,34.534805
1403638561327829504.000000,0.000000,0.000000,17.164022,7.846646,0.089597,0.062643,7.935763,0.580329,32.159483
1403638561377829376.000000,0.000000,0.000000,14.910430,5.231925,0.119738,0.049451,9.230919,0.119466,33.930512
1403638561427829504.000000,0.000000,0.000000,14.256924,8.110392,0.089840,0.083600,11.953527,0.103593,40.438914
1403638561477829376.000000,0.000000,0.000000,15.027065,6.602810,0.103414,0.075162,8.974210,0.078972,31.470496
1403638561527829504.000000,0.000000,0.000000,14.734751,6.024717,0.107863,0.034208,7.798975,0.066741,35.896947
1403638561577829376.000000,0.000000,0.000000,16.719917,7.234789,0.105055,0.089485,10.882682,0.086357,35.291508
1403638561627829504.000000,0.000000,0.000000,15.841145,6.006789,0.105393,0.061428,8.897875,0.684824,32.836938
1403638561677829376.000000,0.000000,0.000000,16.103394,7.030967,0.111682,0.057806,8.883816,0.109240,36.528081
1403638561727829504.000000,0.000000,0.000000,14.790431,9.658278,0.086665,0.055615,9.465963,0.115878,33.220780
1403638561777829376.000000,0.000000,0.000000,14.771789,8.647831,0.099438,0.042569,11.418567,0.146532,36.344110
1403638561827829504.000000,0.000000,0.000000,14.283493,5.307905,0.101809,0.039211,8.146834,0.071895,38.868399
1403638561877829376.000000,0.000000,0.000000,15.050847,4.998600,0.132454,0.054195,8.278279,0.636660,36.356906
1403638561927829504.000000,0.000000,0.000000,14.731516,8.969312,0.224573,0.093049,11.813200,0.099076,31.674742
1403638561977829376.000000,0.000000,0.000000,14.065507,8.251460,0.093205,0.068880,9.390503,0.161239,32.296515
1403638562027829504.000000,0.000000,0.000000,15.412188,6.283419,0.103851,0.040048,9.267566,0.147460,37.270363
1403638562077829376.000000,0.000000,0.000000,18.055452,7.773617,0.077442,0.073575,11.277876,0.084765,33.914532
1403638562127829504.000000,0.000000,0.000000,15.567777,7.678822,0.119117,0.061761,8.063351,0.547687,37.212280
1403638562177829376.000000,0.000000,0.000000,17.398566,9.398786,0.054675,0.084805,12.127035,0.127440,40.038075
1403638562227829504.000000,0.000000,0.000000,14.849957,8.872596,0.069518,0.065625,9.076508,0.105969,39.202012
1403638562277829376.000000,0.000000,0.000000,15.055650,7.102574,0.073834,0.077650,10.684689,0.110027,41.666017
1403638562327829504.000000,0.000000,0.000000,15.488299,7.439272,0.099691,0.043413,7.638819,0.075973,36.754402
1403638562377829376.000000,0.000000,0.000000,14.157785,5.443624,0.091756,0.055494,8.247029,0.627867,36.672822
1403638562427829504.000000,0.000000,0.000000,14.303370,4.885610,0.098077,0.077544,11.495660,0.099620,36.619912
1403638562477829376.000000,0.000000,0.000000,14.692995,5.396593,0.095485,0.098221,9.089902,0.098797,32.174632
1403638562527829504.000000,0.000000,0.000000,15.156765,5.205398,0.109169,0.063063,9.076579,0.088849,31.790773
1403638562577829376.000000,0.000000,0.000000,14.845462,6.669952,0.108728,0.081882,10.313136,0.683653,32.782517
1403638562627829504.000000,0.000000,0.000000,15.054579,7.455561,0.093569,0.083112,9.445331,0.107399,34.515221
1403638562677829376.000000,0.000000,0.000000,14.911866,5.481361,0.170121,0.070238,10.552485,0.098902,33.929620
1403638562727829504.000000,0.000000,0.000000,14.544574,5.231156,0.114398,0.080458,9.710370,0.118346,36.877461
1403638562777829376.000000,0.000000,0.000000,14.084819,5.327319,0.123001,0.047575,9.709223,0.636991,32.929840
1403638562827829504.000000,0.000000,0.000000,15.720312,7.730792,0.088957,0.071981,9.250283,0.102964,31.630866
1403638562877829376.000000,0.000000,0.000000,14.650332,5.817676,0.086679,0.055304,12.564115,0.120978,31.025401
1403638562927829504.000000,0.000000,0.000000,15.830912,5.709253,0.115548,0.050560,7.231440,0.085584,38.228453
1403638562977829376.000000,0.000000,0.000000,14.289745,9.517588,0.095067,0.044088,7.927086,0.622097,32.618747
1403638563027829504.000000,0.000000,0.000000,15.665410,6.765878,0.095105,0.071793,9.228195,0.079580,34.691939
1403638563077829376.000000,0.000000,0.000000,15.119074,5.791682,0.108254,0.060293,10.660343,0.116905,38.596319
1403638563127829504.000000,0.000000,0.000000,15.025431,5.714262,0.085879,0.050818,6.326737,0.064220,34.707249
1403638563177829376.000000,0.000000,0.000000,15.442298,5.507070,0.108057,0.056069,8.147592,0.570825,34.058045
1403638563227829504.000000,0.000000,0.000000,14.619906,5.114312,0.100668,0.060284,8.204973,0.080546,37.420646
1403638563277829376.000000,0.000000,0.000000,16.533998,5.204816,0.094544,0.074246,10.297339,0.124424,31.375155
1403638563327829504.000000,0.000000,0.000000,16.418518,5.623804,0.095791,0.079763,7.088011,0.107930,31.173157
1403638563377829376.000000,0.000000,0.000000,14.455763,7.701481,0.104581,0.055661,8.584816,0.078347,34.501623
1403638563427829504.000000,0.000000,0.000000,14.378597,5.772701,0.174429,0.060463,10.126574,0.749831,34.324974
1403638563477829376.000000,0.000000,0.000000,14.477644,5.057427,0.106619,0.063484,8.468079,0.082827,33.192045
1403638563527829504.000000,0.000000,0.000000,15.732001,5.410378,0.106418,0.066927,9.581650,0.122834,31.803085
1403638563577829376.000000,0.000000,0.000000,15.294485,4.942652,0.107961,0.041714,7.001896,0.104115,31.855799
1403638563627829504.000000,0.000000,0.000000,16.689825,5.318576,0.102039,0.060515,7.716983,0.074308,33.335531
1403638563677829376.000000,0.000000,0.000000,14.647656,6.896796,0.124549,0.064001,10.456826,0.094412,31.614792
1403638563727829504.000000,0.000000,0.000000,16.594581,8.791208,0.116488,0.067641,9.752267,0.753140,33.806214
1403638563777829376.000000,0.000000,0.000000,14.962433,8.858131,0.115225,0.081998,9.731883,0.069779,33.702265
1403638563827829504.000000,0.000000,0.000000,14.585937,5.714716,0.133863,0.087541,9.935606,0.112956,40.541693
1403638563877829376.000000,0.000000,0.000000,13.778822,7.746971,0.105999,0.072974,8.388423,0.090272,35.862023
1403638563927829504.000000,0.000000,0.000000,14.855688,5.385364,0.125975,0.045253,8.874146,0.077872,32.416979
1403638563977829376.000000,0.000000,0.000000,12.840100,4.937338,0.137534,0.059537,7.819196,0.089599,36.232326
1403638564027829504.000000,0.000000,0.000000,15.128386,7.705611,0.147577,0.062619,7.250276,0.080980,32.629461
1403638564077829376.000000,0.000000,0.000000,15.640065,8.340817,0.103155,0.070842,11.612800,0.108172,30.063205
1403638564127829504.000000,0.000000,0.000000,14.068553,5.297616,0.135589,0.061788,8.565016,0.712873,38.763383
1403638564177829376.000000,0.000000,0.000000,15.083508,8.142336,0.133561,0.084250,10.328154,0.086984,39.256482
1403638564227829504.000000,0.000000,0.000000,15.530572,9.403120,0.118006,0.070408,9.852152,0.122471,29.877865
1403638564277829376.000000,0.000000,0.000000,14.941015,7.640400,0.162107,0.068002,8.597198,0.107430,39.072774
1403638564327829504.000000,0.000000,0.000000,14.474681,7.200362,0.114094,0.043082,8.793956,0.079900,40.348163
1403638564377829376.000000,0.000000,0.000000,14.209294,7.088252,0.088381,0.089482,9.346954,0.082285,36.741635
1403638564427829504.000000,0.000000,0.000000,13.535180,5.314202,0.114972,0.059890,7.557076,0.076810,36.323400
1403638564477829376.000000,0.000000,0.000000,13.904062,5.961818,0.146527,0.060045,8.359880,0.773564,32.261844
1403638564527829504.000000,0.000000,0.000000,15.436107,8.140886,0.132351,0.084814,8.388158,0.076717,31.270830
1403638564577829376.000000,0.000000,0.000000,15.141144,7.600012,0.129418,0.104693,8.273046,0.127828,32.983439
1403638564627829504.000000,0.000000,0.000000,14.656605,7.554651,0.118191,0.091697,8.827966,0.123811,37.686918
1403638564677829376.000000,0.000000,0.000000,13.656707,6.938672,0.130949,0.066241,7.125336,0.078118,37.755113
1403638564727829504.000000,0.000000,0.000000,13.829475,7.002609,0.147283,0.076820,11.008734,0.754541,34.425926
1403638564777829376.000000,0.000000,0.000000,16.288444,8.012304,0.117540,0.074755,9.613305,0.119899,32.870185
1403638564827829504.000000,0.000000,0.000000,14.091378,7.205965,0.121111,0.082142,9.683287,0.072003,34.007536
1403638564877829376.000000,0.000000,0.000000,14.075328,5.105887,0.156243,0.073004,10.077109,0.103350,38.177182
1403638564927829504.000000,0.000000,0.000000,13.238616,8.152661,0.122144,0.042094,8.939416,0.089662,33.788683
1403638564977829376.000000,0.000000,0.000000,14.348020,8.264434,0.129227,0.058657,8.746203,0.674096,32.790266
1403638565027829504.000000,0.000000,0.000000,15.783517,9.212306,0.146056,0.083872,10.744240,0.105154,34.643393
1403638565077829376.000000,0.000000,0.000000,14.253316,7.795787,0.143229,0.089275,11.506806,0.117300,34.910474
1403638565127829504.000000,0.000000,0.000000,14.858442,9.770653,0.118905,0.062676,8.050558,0.080688,37.883890
1403638565177829376.000000,0.000000,0.000000,14.390583,5.239138,0.161102,0.038251,8.241614,0.569951,36.246148
1403638565227829504.000000,0.000000,0.000000,13.769643,7.591613,0.122312,0.121115,9.580625,0.087316,41.723579
1403638565277829376.000000,0.000000,0.000000,14.320127,5.437143,0.143284,0.066679,9.703359,0.125816,30.222903
1403638565327829504.000000,0.000000,0.000000,13.945891,7.381543,0.122537,0.055715,9.481124,0.099836,37.270917
1403638565377829376.000000,0.000000,0.000000,13.358360,4.975658,0.108858,0.041308,8.211375,0.499788,33.068705
1403638565427829504.000000,0.000000,0.000000,14.766227,5.774451,0.137557,0.076552,8.790687,0.095925,34.741369
1403638565477829376.000000,0.000000,0.000000,13.221104,7.582663,0.161149,0.062933,9.980323,0.119207,31.641709
1403638565527829504.000000,0.000000,0.000000,13.338445,8.492182,0.140352,0.071799,9.546306,0.072712,32.469186
1403638565577829376.000000,0.000000,0.000000,13.361570,8.565101,0.114926,0.046120,6.894461,0.486550,35.670272
1403638565627829504.000000,0.000000,0.000000,13.129912,6.669618,0.128881,0.075990,8.253460,0.074773,34.802731
1403638565677829376.000000,0.000000,0.000000,13.396388,8.706733,0.133209,0.057186,7.828293,0.126966,37.137743
1403638565727829504.000000,0.000000,0.000000,14.747702,7.297010,0.152492,0.059234,9.028633,0.080526,32.623877
1403638565777829376.000000,0.000000,0.000000,13.555884,8.701706,0.124886,0.041215,7.169025,0.591689,36.271169
1403638565827829504.000000,0.000000,0.000000,12.570417,5.564589,0.115932,0.059710,10.401062,0.107138,35.671933
1403638565877829376.000000,0.000000,0.000000,13.768007,5.793164,0.159235,0.088798,11.798950,0.100138,36.199003
1403638565927829504.000000,0.000000,0.000000,12.915106,8.071474,0.146673,0.070250,10.834193,0.112975,33.460497
1403638565977829376.000000,0.000000,0.000000,15.784169,9.069256,0.069608,0.040963,8.449520,0.547411,31.274673
1403638566027829504.000000,0.000000,0.000000,14.616649,6.711932,0.124753,0.075905,10.444627,0.089404,35.468919
1403638566077829376.000000,0.000000,0.000000,12.894633,7.341679,0.126305,0.071520,9.930761,0.074300,39.970894
1403638566127829504.000000,0.000000,0.000000,13.800816,5.796107,0.075521,0.058975,8.070131,0.068135,41.112319
1403638566177829376.000000,0.000000,0.000000,13.994347,5.844773,0.124800,0.039549,8.090757,0.727771,32.000385
1403638566227829504.000000,0.000000,0.000000,13.219633,7.341730,0.117714,0.092334,9.960600,0.076546,30.320086
1403638566277829376.000000,0.000000,0.000000,14.395658,8.169357,0.128565,0.063568,8.638994,0.067682,33.584964
1403638566327829504.000000,0.000000,0.000000,15.061738,5.641475,0.140091,0.065785,9.734222,0.114776,34.093546
1403638566377829376.000000,0.000000,0.000000,14.145890,5.619734,0.247198,0.038831,6.997530,0.450378,34.864133
1403638566427829504.000000,0.000000,0.000000,14.524925,8.463953,0.182357,0.073650,9.656720,0.084113,33.818929
1403638566477829376.000000,0.000000,0.000000,15.501054,5.435405,0.155408,0.066631,10.076168,0.117479,32.015035
1403638566527829504.000000,0.000000,0.000000,13.948157,7.455547,0.137865,0.065571,8.825404,0.080636,34.073285
1403638566577829376.000000,0.000000,0.000000,14.856010,5.576534,0.183050,0.060721,9.146707,0.482033,32.455717
1403638566627829504.000000,0.000000,0.000000,14.174228,8.036924,0.123949,0.084522,8.610888,0.092053,36.027648
1403638566677829376.000000,0.000000,0.000000,13.953186,5.922632,0.120671,0.065700,8.458948,0.107215,31.158872
1403638566727829504.000000,0.000000,0.000000,15.296821,6.079306,0.151371,0.057837,8.551479,0.101390,36.667965
1403638566777829376.000000,0.000000,0.000000,14.779056,5.105939,0.169155,0.034050,7.080836,0.381661,31.042165
1403638566827829504.000000,0.000000,0.000000,14.819122,8.750397,0.160987,0.063229,8.154739,0.060406,32.307540
1403638566877829376.000000,0.000000,0.000000,14.365485,7.424279,0.080476,0.061165,8.447925,0.105719,31.654605
1403638566927829504.000000,0.000000,0.000000,14.325800,5.261282,0.170790,0.078695,11.598230,0.088140,38.221909
1403638566977829376.000000,0.000000,0.000000,16.604051,8.597411,0.252853,0.040367,7.381743,0.332210,35.349827
1403638567027829504.000000,0.000000,0.000000,15.074319,6.918193,0.127878,0.060719,8.441445,0.077806,31.987853
1403638567077829376.000000,0.000000,0.000000,13.620164,5.903819,0.165501,0.062407,8.455836,0.094581,40.901104
1403638567127829504.000000,0.000000,0.000000,13.614944,5.882870,0.150667,0.067596,9.464119,0.076833,37.196876
1403638567177829376.000000,0.000000,0.000000,14.101007,6.264499,0.163429,0.040461,6.910553,0.347230,32.589864
1403638567227829504.000000,0.000000,0.000000,14.552583,7.168214,0.153812,0.063582,9.254745,0.089914,34.882028
1403638567277829376.000000,0.000000,0.000000,14.967738,6.112309,0.252843,0.065845,8.654119,0.067626,32.805533
1403638567327829504.000000,0.000000,0.000000,13.567084,7.657982,0.175464,0.058500,8.081686,0.059690,35.282016
1403638567377829376.000000,0.000000,0.000000,14.167589,7.522953,0.142341,0.060787,7.176292,0.319170,34.804285
1403638567427829504.000000,0.000000,0.000000,14.058003,6.084455,0.156592,0.054472,8.565786,0.102264,36.380188
1403638567477829376.000000,0.000000,0.000000,13.569510,10.056107,0.171350,0.078064,9.067046,0.065503,35.898555
1403638567527829504.000000,0.000000,0.000000,14.016228,6.267226,0.221725,0.068963,8.617284,0.086188,32.865086
1403638567577829376.000000,0.000000,0.000000,14.771963,7.319018,0.201134,0.049339,11.125980,0.715782,36.546941
1403638567627829504.000000,0.000000,0.000000,14.267512,7.327488,0.137539,0.059352,10.292997,0.090850,36.360461
1403638567677829376.000000,0.000000,0.000000,15.531892,5.659016,0.143752,0.074101,10.363654,0.091951,36.830795
1403638567727829504.000000,0.000000,0.000000,16.164887,5.421587,0.272740,0.061973,7.999354,0.064832,37.996737
1403638567777829376.000000,0.000000,0.000000,13.773793,6.059270,0.133819,0.040875,6.929187,0.315551,34.676133
1403638567827829504.000000,0.000000,0.000000,15.077130,7.717989,0.190785,0.057645,8.666132,0.083857,33.669993
1403638567877829376.000000,0.000000,0.000000,15.478799,7.948009,0.100887,0.072632,9.530145,0.081421,35.645020
1403638567927829504.000000,0.000000,0.000000,14.714057,6.276724,0.158496,0.059006,11.108324,0.095143,40.688549
1403638567977829376.000000,0.000000,0.000000,14.058565,6.837570,0.182904,0.042191,8.527222,0.352646,37.725319
1403638568027829504.000000,0.000000,0.000000,15.184792,7.453531,0.152251,0.062767,8.202766,0.059535,34.092382
1403638568077829376.000000,0.000000,0.000000,16.332339,5.222752,0.171078,0.086748,10.537345,0.100551,35.765360
1403638568127829504.000000,0.000000,0.000000,14.418896,5.277746,0.172470,0.041087,8.997076,0.083645,39.018974
1403638568177829376.000000,0.000000,0.000000,15.586168,6.403260,0.205065,0.058994,11.885369,0.374124,35.156405
1403638568227829504.000000,0.000000,0.000000,15.042413,8.874651,0.174733,0.049506,10.181193,0.089917,34.333251
1403638568277829376.000000,0.000000,0.000000,16.328269,7.275623,0.207902,0.101328,12.317830,0.093342,38.476004
1403638568327829504.000000,0.000000,0.000000,15.241081,8.192434,0.211870,0.061402,9.925921,0.087328,39.435421
1403638568377829376.000000,0.000000,0.000000,15.883778,7.963953,0.185253,0.043213,6.959474,0.306643,40.038398
1403638568427829504.000000,0.000000,0.000000,15.374141,7.862264,0.188060,0.043832,11.100533,0.072609,39.604086
1403638568477829376.000000,0.000000,0.000000,15.133184,7.400909,0.211912,0.071369,8.066272,0.054205,40.046140
1403638568527829504.000000,0.000000,0.000000,16.193126,10.239311,0.199339,0.061849,9.766936,0.092976,39.576420
1403638568577829376.000000,0.000000,0.000000,15.951444,7.918450,0.174619,0.035878,7.222174,0.325934,38.921624
1403638568627829504.000000,0.000000,0.000000,15.782136,7.253256,0.170050,0.051051,8.249454,0.056004,43.700286
1403638568677829376.000000,0.000000,0.000000,16.173761,7.296405,0.178981,0.053347,12.925136,0.099642,41.387215
1403638568727829504.000000,0.000000,0.000000,15.724122,5.436584,0.205135,0.050560,8.989520,0.078592,38.815814
1403638568777829376.000000,0.000000,0.000000,14.547862,7.439097,0.147873,0.048534,8.144812,0.291509,38.710124
1403638568827829504.000000,0.000000,0.000000,15.512742,6.429188,0.163574,0.057145,10.741486,0.079414,35.932965
1403638568877829376.000000,0.000000,0.000000,16.354677,5.540107,0.155292,0.058413,9.611409,0.107594,36.512262
1403638568927829504.000000,0.000000,0.000000,15.866484,4.999226,0.184853,0.077883,9.146628,0.064200,35.382093
1403638568977829376.000000,0.000000,0.000000,15.362233,6.973568,0.190176,0.038430,7.511703,0.372408,35.214080
1403638569027829504.000000,0.000000,0.000000,15.425247,8.753980,0.204663,0.041897,9.796742,0.078397,37.065791
1403638569077829376.000000,0.000000,0.000000,17.685992,7.844856,0.162605,0.043115,7.206126,0.079260,41.259753
1403638569127829504.000000,0.000000,0.000000,16.883762,7.277179,0.148138,0.051747,8.916301,0.063072,40.844082
1403638569177829376.000000,0.000000,0.000000,16.263120,6.781913,0.166489,0.032193,7.230887,0.305446,43.378142
1403638569227829504.000000,0.000000,0.000000,17.870055,5.131096,0.167914,0.055963,9.344531,0.062011,40.989620
1403638569277829376.000000,0.000000,0.000000,15.873822,7.262288,0.045776,0.061062,9.393157,0.068414,37.529187
1403638569327829504.000000,0.000000,0.000000,15.899570,7.264841,0.184387,0.042177,6.245247,0.054780,36.652560
1403638569377829376.000000,0.000000,0.000000,15.365216,5.942904,0.149266,0.050345,6.556793,0.303279,38.307165
1403638569427829504.000000,0.000000,0.000000,16.001735,6.931645,0.146319,0.050079,7.761428,0.054774,39.470293
1403638569477829376.000000,0.000000,0.000000,15.775302,5.602363,0.187788,0.053199,8.482327,0.058088,39.458872
1403638569527829504.000000,0.000000,0.000000,15.398845,6.783854,0.163516,0.030585,5.551471,0.042514,36.742305
1403638569577829376.000000,0.000000,0.000000,16.894499,10.155556,0.149194,0.046649,6.620100,0.285023,36.416999
1403638569627829504.000000,0.000000,0.000000,16.313629,6.309203,0.157038,0.057283,6.675928,0.039451,38.379127
1403638569677829376.000000,0.000000,0.000000,14.721460,5.020188,0.156497,0.047086,8.051678,0.053754,46.208995
1403638569727829504.000000,0.000000,0.000000,18.408892,6.193007,0.188018,0.043675,8.858344,0.056732,38.184347
1403638569777829376.000000,0.000000,0.000000,15.968077,6.930114,0.162688,0.059502,11.042190,0.060691,33.874279
1403638569827829504.000000,0.000000,0.000000,16.565810,5.229279,0.139371,0.107163,9.521013,0.055346,41.120446
1403638569877829376.000000,0.000000,0.000000,16.320521,5.600262,0.188193,0.054184,7.608074,0.038783,40.155989
1403638569927829504.000000,0.000000,0.000000,17.269326,6.562224,0.265274,0.048739,6.710200,0.032491,35.933094
1403638569977829376.000000,0.000000,0.000000,14.748251,5.197044,0.153676,0.065469,10.766671,0.082443,37.604699
1403638570027829504.000000,0.000000,0.000000,16.708800,6.491268,0.163366,0.048838,6.981009,0.034786,42.716303
1403638570077829376.000000,0.000000,0.000000,15.868146,5.009327,0.167550,0.061765,7.048063,0.253697,34.964079
1403638570127829504.000000,0.000000,0.000000,18.768518,6.975113,0.198502,0.041020,9.899001,0.047782,39.934980
1403638570177829376.000000,0.000000,0.000000,17.725498,6.727381,0.208305,0.053618,8.381276,0.057474,36.944261
1403638570227829504.000000,0.000000,0.000000,16.994117,7.207606,0.170813,0.048167,7.577516,0.041804,43.099684
1403638570277829376.000000,0.000000,0.000000,16.062788,5.171677,0.167264,0.027041,8.580459,0.063003,39.987810
1403638570327829504.000000,0.000000,0.000000,17.502624,6.402869,0.162287,0.063531,10.526700,0.041738,41.999167
1403638570377829376.000000,0.000000,0.000000,15.853445,5.283595,0.182028,0.069848,9.915992,0.052361,39.553065
1403638570427829504.000000,0.000000,0.000000,16.274955,6.391984,0.160660,0.060489,10.204438,0.314608,40.880095
1403638570477829376.000000,0.000000,0.000000,15.452673,5.846880,0.133990,0.065991,10.803856,0.058875,35.814812
1403638570527829504.000000,0.000000,0.000000,16.678269,7.729767,0.177960,0.078539,9.385335,0.069493,39.077734
1403638570577829376.000000,0.000000,0.000000,16.663767,5.185451,0.164013,0.045543,9.172742,0.053464,37.092288
1403638570627829504.000000,0.000000,0.000000,15.422890,5.271184,0.166033,0.060180,8.382033,0.297471,42.928884
1403638570677829376.000000,0.000000,0.000000,16.304208,7.218089,0.182668,0.063341,11.233324,0.081560,40.118612
1403638570727829504.000000,0.000000,0.000000,16.189784,6.586357,0.106348,0.065449,10.329918,0.074742,38.209953
1403638570777829376.000000,0.000000,0.000000,15.573781,7.414648,0.168183,0.068983,10.166159,0.037801,37.113380
1403638570827829504.000000,0.000000,0.000000,15.661275,4.910922,0.168550,0.070897,10.472524,0.045075,37.130993
1403638570877829376.000000,0.000000,0.000000,16.893761,7.144907,0.087898,0.059374,8.589674,0.064990,41.418926
1403638570927829504.000000,0.000000,0.000000,15.072689,5.202638,0.103147,0.089807,8.887469,0.042149,36.030804
1403638570977829376.000000,0.000000,0.000000,15.568776,5.484025,0.153359,0.069326,8.065918,0.045402,38.630653
1403638571027829504.000000,0.000000,0.000000,15.327112,5.337908,0.144507,0.059056,8.090972,0.075090,37.211255
1403638571077829376.000000,0.000000,0.000000,13.848562,5.132746,0.086616,0.055385,8.062483,0.284430,37.410712
1403638571127829504.000000,0.000000,0.000000,15.186459,5.033449,0.133885,0.033383,12.285653,0.077493,35.101523
1403638571177829376.000000,0.000000,0.000000,13.618027,5.354184,0.127998,0.053070,8.074354,0.042928,35.268646
1403638571227829504.000000,0.000000,0.000000,15.009288,5.845805,0.159494,0.051733,8.371297,0.076730,32.938833
1403638571277829376.000000,0.000000,0.000000,15.091142,7.027459,0.138355,0.036121,7.490217,0.057014,32.602687
1403638571327829504.000000,0.000000,0.000000,15.638517,6.471178,0.137382,0.064040,8.102589,0.234664,35.251372
1403638571377829376.000000,0.000000,0.000000,14.625939,5.048078,0.122155,0.049614,7.743649,0.087347,37.195348
1403638571427829504.000000,0.000000,0.000000,16.083969,4.942456,0.143480,0.059754,9.827435,0.075124,36.039563
1403638571477829376.000000,0.000000,0.000000,15.341958,5.446305,0.136756,0.055001,9.277274,0.050390,33.430397
1403638571527829504.000000,0.000000,0.000000,15.027192,7.596769,0.181633,0.041148,7.095413,0.245868,33.907508
1403638571577829376.000000,0.000000,0.000000,15.585587,7.621003,0.122148,0.051011,9.651628,0.068622,33.799855
1403638571627829504.000000,0.000000,0.000000,16.732264,5.470435,0.126618,0.058712,8.298030,0.068159,37.570884
1403638571677829376.000000,0.000000,0.000000,15.850007,5.241346,0.133160,0.046479,7.854887,0.046552,39.307152
1403638571727829504.000000,0.000000,0.000000,17.592095,5.772337,0.146194,0.056022,8.182658,0.287232,35.193410
1403638571777829376.000000,0.000000,0.000000,15.077764,5.320084,0.114561,0.051754,8.305376,0.048307,34.768521
1403638571827829504.000000,0.000000,0.000000,14.926205,5.946004,0.078644,0.075156,10.368091,0.128195,36.725098
1403638571877829376.000000,0.000000,0.000000,14.747280,5.382085,0.123913,0.029383,7.616606,0.074382,31.805559
1403638571927829504.000000,0.000000,0.000000,16.486386,5.357528,0.124257,0.051415,7.382478,0.249772,33.727592
1403638571977829376.000000,0.000000,0.000000,13.443289,5.297100,0.110276,0.057195,14.053966,0.211247,33.255283
1403638572027829504.000000,0.000000,0.000000,12.381845,7.496405,0.109243,0.057354,7.797335,0.065116,34.658789
1403638572077829376.000000,0.000000,0.000000,14.199256,5.769254,0.120285,0.048240,9.437144,0.314713,31.273164
1403638572127829504.000000,0.000000,0.000000,14.675247,7.608384,0.128006,0.041032,9.704064,0.063133,33.452894
1403638572177829376.000000,0.000000,0.000000,15.558778,7.878678,0.150596,0.054291,8.322234,0.047405,32.291961
1403638572227829504.000000,0.000000,0.000000,14.246387,8.089067,0.127429,0.036351,8.623860,0.058995,36.231704
1403638572277829376.000000,0.000000,0.000000,14.503675,10.638571,0.110645,0.026904,8.473702,0.279401,39.356090
1403638572327829504.000000,0.000000,0.000000,14.721617,7.342790,0.102067,0.051315,8.403623,0.065928,37.584849
1403638572377829376.000000,0.000000,0.000000,14.803873,5.849703,0.108391,0.062196,8.088338,0.054401,39.090848
1403638572427829504.000000,0.000000,0.000000,14.774290,5.113445,0.097718,0.054984,9.334632,0.295008,33.920737
1403638572477829376.000000,0.000000,0.000000,14.345852,5.368681,0.157434,0.068363,10.693613,0.059830,33.190121
1403638572527829504.000000,0.000000,0.000000,14.619094,8.230257,0.120006,0.061287,11.189117,0.107740,31.453479
1403638572577829376.000000,0.000000,0.000000,13.421389,5.387922,0.105654,0.038264,9.918710,0.295273,32.746462
1403638572627829504.000000,0.000000,0.000000,13.174820,6.556809,0.204580,0.066341,11.138282,0.076533,38.435716
1403638572677829376.000000,0.000000,0.000000,14.664858,8.041219,0.106526,0.054739,11.684356,0.106428,31.347133
1403638572727829504.000000,0.000000,0.000000,13.869838,5.198684,0.124935,0.043047,8.191767,0.264485,31.026639
1403638572777829376.000000,0.000000,0.000000,14.751605,8.266854,0.098389,0.063981,7.850561,0.043903,37.149577
1403638572827829504.000000,0.000000,0.000000,13.962999,5.894395,0.145893,0.051175,8.174897,0.069743,31.858726
1403638572877829376.000000,0.000000,0.000000,14.704345,7.246558,0.125483,0.043789,8.103137,0.054589,35.232670
1403638572927829504.000000,0.000000,0.000000,13.858992,7.314292,0.104309,0.119454,10.539885,0.254726,32.848531
1403638572977829376.000000,0.000000,0.000000,15.205024,5.306418,0.125924,0.065318,7.309172,0.044203,40.723549
1403638573027829504.000000,0.000000,0.000000,14.246349,7.798131,0.121417,0.049953,8.572231,0.076701,32.614555
1403638573077829376.000000,0.000000,0.000000,14.753557,8.700714,0.099650,0.037131,8.783480,0.309509,32.653652
1403638573127829504.000000,0.000000,0.000000,13.808601,6.028890,0.152469,0.053589,10.533167,0.064564,37.279639
1403638573177829376.000000,0.000000,0.000000,14.439899,9.387546,0.105704,0.050473,11.764970,0.092638,36.531460
1403638573227829504.000000,0.000000,0.000000,14.230708,8.091969,0.235595,0.043579,9.503375,0.067155,33.044254
1403638573277829376.000000,0.000000,0.000000,13.201847,7.291255,0.107689,0.062305,9.132186,0.044104,38.597470
1403638573327829504.000000,0.000000,0.000000,16.052496,5.337954,0.125600,0.079910,9.938449,0.045442,34.292675
1403638573377829376.000000,0.000000,0.000000,15.525486,9.225807,0.107758,0.076839,10.400355,0.499425,36.559025
1403638573427829504.000000,0.000000,0.000000,14.743321,6.409300,0.102694,0.038014,10.586813,0.078401,33.671328
1403638573477829376.000000,0.000000,0.000000,14.566845,6.459555,0.129467,0.069319,12.385039,0.081505,39.114807
1403638573527829504.000000,0.000000,0.000000,11.832399,8.084175,0.121734,0.071779,8.663276,0.060792,31.885961
1403638573577829376.000000,0.000000,0.000000,13.329121,5.814871,0.118792,0.048925,8.522233,0.062887,33.004836
1403638573627829504.000000,0.000000,0.000000,13.341248,8.108758,0.121098,0.064890,10.127689,0.369699,35.395696
1403638573677829376.000000,0.000000,0.000000,12.731998,8.277458,0.221231,0.031862,9.100713,0.069886,31.908847
1403638573727829504.000000,0.000000,0.000000,13.257180,5.735265,0.118287,0.066349,11.226382,0.098078,33.822280
1403638573777829376.000000,0.000000,0.000000,14.351035,5.747130,0.115961,0.058126,11.719128,0.092479,35.049848
1403638573827829504.000000,0.000000,0.000000,15.613571,9.679187,0.146435,0.036458,7.452524,0.249129,32.344873
1403638573877829376.000000,0.000000,0.000000,13.392413,9.515048,0.097851,0.058087,8.362414,0.060467,34.627350
1403638573927829504.000000,0.000000,0.000000,13.610358,11.563061,0.085779,0.060281,7.873627,0.063012,40.827094
1403638573977829376.000000,0.000000,0.000000,13.181739,6.351070,0.084585,0.047160,8.002949,0.284155,36.404713
1403638574027829504.000000,0.000000,0.000000,13.476515,6.339928,0.149336,0.077978,11.167494,0.080934,37.742645
1403638574077829376.000000,0.000000,0.000000,13.656972,9.310093,0.064872,0.067333,11.833064,0.115414,36.274012
1403638574127829504.000000,0.000000,0.000000,12.641559,7.892637,0.079160,0.030874,7.509079,0.258678,30.162113
1403638574177829376.000000,0.000000,0.000000,13.479320,9.187719,0.078143,0.084333,11.344874,0.071520,34.592201
1403638574227829504.000000,0.000000,0.000000,12.894373,10.360208,0.097923,0.061843,8.968345,0.060868,33.491503
1403638574277829376.000000,0.000000,0.000000,12.572191,9.204572,0.080090,0.057901,7.550241,0.303187,37.015155
1403638574327829504.000000,0.000000,0.000000,12.106702,5.846873,0.116421,0.064839,11.459398,0.084218,32.226868
1403638574377829376.000000,0.000000,0.000000,13.029497,8.854252,0.133773,0.058659,11.301879,0.116499,33.570400
1403638574427829504.000000,0.000000,0.000000,15.362774,7.665294,0.198635,0.031941,8.659442,0.047862,29.218302
1403638574477829376.000000,0.000000,0.000000,13.236951,6.666036,0.103630,0.067665,8.372098,0.278273,35.636693
1403638574527829504.000000,0.000000,0.000000,13.359545,9.001898,0.094124,0.062032,8.887900,0.055868,33.359874
1403638574577829376.000000,0.000000,0.000000,13.165357,5.705509,0.100130,0.062874,7.923269,0.084106,32.799462
1403638574627829504.000000,0.000000,0.000000,13.521662,9.162158,0.080652,0.044888,9.715195,0.323359,36.337251
1403638574677829376.000000,0.000000,0.000000,13.570850,6.745345,0.088077,0.055352,9.134798,0.055720,30.995823
1403638574727829504.000000,0.000000,0.000000,12.695838,6.563975,0.115260,0.053783,10.817188,0.094517,35.877035
1403638574777829376.000000,0.000000,0.000000,14.015537,10.929534,0.115758,0.051964,10.281179,0.215178,34.085054
1403638574827829504.000000,0.000000,0.000000,14.523122,8.090926,0.119638,0.049883,7.323509,0.044267,30.346638
1403638574877829376.000000,0.000000,0.000000,13.347819,10.863465,0.121207,0.043306,7.351333,0.066550,38.903361
1403638574927829504.000000,0.000000,0.000000,12.240031,9.214837,0.104311,0.028553,9.206705,0.062924,36.843548
1403638574977829376.000000,0.000000,0.000000,12.554407,6.271859,0.110478,0.050239,7.685166,0.035035,37.213454
1403638575027829504.000000,0.000000,0.000000,13.548690,9.441698,0.085310,0.069423,11.072295,0.319349,34.941634
1403638575077829376.000000,0.000000,0.000000,13.837857,6.157828,0.102454,0.045145,7.945406,0.047441,30.418989
1403638575127829504.000000,0.000000,0.000000,13.393775,6.499121,0.100259,0.046848,8.482163,0.066038,35.008637
1403638575177829376.000000,0.000000,0.000000,14.073411,10.320323,0.100155,0.045402,9.441346,0.052761,31.002554
1403638575227829504.000000,0.000000,0.000000,12.040704,8.334122,0.104875,0.041419,7.652369,0.253294,30.488895
1403638575277829376.000000,0.000000,0.000000,13.238023,11.275114,0.103431,0.063836,8.602797,0.055639,39.402914
1403638575327829504.000000,0.000000,0.000000,14.623287,8.456485,0.088071,0.050041,8.532994,0.080144,33.098729
1403638575377829376.000000,0.000000,0.000000,11.680202,8.848103,0.091982,0.045972,10.266313,0.237109,38.118249
1403638575427829504.000000,0.000000,0.000000,13.470009,6.106494,0.205060,0.070292,10.761929,0.072146,36.417648
1403638575477829376.000000,0.000000,0.000000,13.054125,8.891008,0.106708,0.054965,11.214827,0.106122,32.465736
1403638575527829504.000000,0.000000,0.000000,13.138090,5.672547,0.091241,0.045039,8.729898,0.045262,31.451294
1403638575577829376.000000,0.000000,0.000000,13.575889,5.810874,0.096832,0.068678,8.019598,0.206791,34.860377
1403638575627829504.000000,0.000000,0.000000,13.066865,6.263060,0.105171,0.056537,11.204369,0.092959,29.478027
1403638575677829376.000000,0.000000,0.000000,14.063526,6.077077,0.131535,0.074578,11.521144,0.078381,31.512967
1403638575727829504.000000,0.000000,0.000000,15.623659,7.766481,0.104817,0.050375,8.344617,0.057651,30.961783
1403638575777829376.000000,0.000000,0.000000,13.457104,5.960003,0.091910,0.070049,11.746788,0.326422,32.535195
1403638575827829504.000000,0.000000,0.000000,13.678813,5.573175,0.089193,0.037536,8.791716,0.090302,36.163756
1403638575877829376.000000,0.000000,0.000000,12.947036,6.153178,0.127138,0.076492,11.791848,0.071009,30.116239
1403638575927829504.000000,0.000000,0.000000,13.506583,9.232540,0.117476,0.058901,11.639283,0.069579,34.186919
1403638575977829376.000000,0.000000,0.000000,13.846189,8.482261,0.115632,0.029793,8.538641,0.053069,32.087092
1403638576027829504.000000,0.000000,0.000000,11.730361,9.383007,0.086414,0.069599,9.958491,0.271417,35.907261
1403638576077829376.000000,0.000000,0.000000,14.084354,6.128124,0.075186,0.048791,11.033499,0.066316,35.968193
1403638576127829504.000000,0.000000,0.000000,16.485764,8.852950,0.217309,0.065298,8.799718,0.067038,33.136795
1403638576177829376.000000,0.000000,0.000000,12.727002,8.385066,0.113326,0.062780,11.536335,0.095661,32.547054
1403638576227829504.000000,0.000000,0.000000,13.364818,5.729880,0.095322,0.047534,10.365591,0.344816,39.618561
1403638576277829376.000000,0.000000,0.000000,13.226173,5.686606,0.166477,0.066158,12.266305,0.131536,37.194128
1403638576327829504.000000,0.000000,0.000000,11.301944,11.478038,0.102926,0.068140,11.893633,0.071784,30.493303
1403638576377829376.000000,0.000000,0.000000,12.820302,8.739921,0.111779,0.066659,8.150784,0.251849,30.652239
1403638576427829504.000000,0.000000,0.000000,14.160095,9.263147,0.103437,0.076179,9.152164,0.068550,36.084694
1403638576477829376.000000,0.000000,0.000000,13.873632,5.745975,0.063697,0.067275,13.146732,0.082279,35.342773
1403638576527829504.000000,0.000000,0.000000,12.350191,6.418976,0.065480,0.039430,9.625075,0.252091,36.356701
1403638576577829376.000000,0.000000,0.000000,13.298464,5.928411,0.126188,0.044147,9.274771,0.061669,31.785472
1403638576627829504.000000,0.000000,0.000000,13.823847,8.084189,0.060040,0.060629,10.274992,0.094853,30.986081
1403638576677829376.000000,0.000000,0.000000,13.431966,9.259577,0.068104,0.045976,8.404965,0.071871,32.466830
1403638576727829504.000000,0.000000,0.000000,11.900961,6.070820,0.064216,0.041895,11.119368,0.326979,34.803602
1403638576777829376.000000,0.000000,0.000000,14.051888,6.165319,0.060510,0.043056,14.180221,0.117459,33.386320
1403638576827829504.000000,0.000000,0.000000,11.677691,8.065578,0.082298,0.063064,11.010674,0.107879,30.152909
1403638576877829376.000000,0.000000,0.000000,13.401451,6.689269,0.100748,0.034592,8.131189,0.075298,31.642565
1403638576927829504.000000,0.000000,0.000000,11.771664,9.113369,0.126693,0.053081,8.729109,0.289688,31.845840
1403638576977829376.000000,0.000000,0.000000,12.648464,9.405936,0.145316,0.053018,11.230561,0.105408,30.943154
1403638577027829504.000000,0.000000,0.000000,12.420865,9.985872,0.118963,0.100083,11.393867,0.067158,34.618582
1403638577077829376.000000,0.000000,0.000000,14.115055,8.199037,0.105686,0.051561,11.316339,0.389106,37.426455
1403638577127829504.000000,0.000000,0.000000,12.428782,8.604756,0.113081,0.043565,14.768731,0.090268,36.575010
1403638577177829376.000000,0.000000,0.000000,13.035309,9.084016,0.132968,0.053610,8.972238,0.094889,34.705448
1403638577227829504.000000,0.000000,0.000000,14.198460,6.436203,0.093853,0.051573,10.432170,0.049098,34.986744
1403638577277829376.000000,0.000000,0.000000,12.468752,7.489367,0.070967,0.080964,9.003125,0.273401,35.326539
1403638577327829504.000000,0.000000,0.000000,14.533531,7.970513,0.087393,0.059977,10.571456,0.089719,32.615123
1403638577377829376.000000,0.000000,0.000000,12.614311,6.694873,0.100713,0.062530,10.543114,0.068170,32.148734
1403638577427829504.000000,0.000000,0.000000,13.243753,8.654522,0.092355,0.036974,9.884228,0.395446,35.710890
1403638577477829376.000000,0.000000,0.000000,13.080971,6.178567,0.095557,0.044959,12.638714,0.121681,31.139955
1403638577527829504.000000,0.000000,0.000000,12.600350,10.244027,0.105233,0.062579,12.078830,0.078647,34.961269
1403638577577829376.000000,0.000000,0.000000,14.078674,9.005316,0.104083,0.038329,9.143072,0.283390,29.689184
1403638577627829504.000000,0.000000,0.000000,12.802178,8.906925,0.148806,0.049195,9.501085,0.105654,35.986028
1403638577677829376.000000,0.000000,0.000000,14.121387,8.104120,0.120024,0.061855,10.149440,0.070742,36.808021
1403638577727829504.000000,0.000000,0.000000,13.346689,8.353000,0.084111,0.031762,9.005520,0.273932,33.782835
1403638577777829376.000000,0.000000,0.000000,13.441306,6.393675,0.091787,0.062875,11.727002,0.105090,35.709991
1403638577827829504.000000,0.000000,0.000000,11.386831,6.132801,0.087527,0.063299,10.328109,0.065017,33.842453
1403638577877829376.000000,0.000000,0.000000,12.196870,6.328276,0.093248,0.033512,8.256761,0.231157,31.462212
1403638577927829504.000000,0.000000,0.000000,13.266637,6.662176,0.083338,0.058970,11.650430,0.096323,29.281423
1403638577977829376.000000,0.000000,0.000000,16.711962,6.993862,0.122019,0.070281,12.772099,0.096861,28.737103
1403638578027829504.000000,0.000000,0.000000,13.788772,9.547366,0.063122,0.054562,8.513658,0.285402,31.512402
1403638578077829376.000000,0.000000,0.000000,11.853137,6.411696,0.063929,0.060195,11.331483,0.112938,35.325669
1403638578127829504.000000,0.000000,0.000000,12.239269,6.179933,0.092927,0.054634,10.973373,0.107268,38.306201
1403638578177829376.000000,0.000000,0.000000,12.886967,6.294489,0.109488,0.045763,9.760647,0.061345,29.097901
1403638578227829504.000000,0.000000,0.000000,12.934324,9.768343,0.090618,0.053554,10.130166,0.348705,29.999076
1403638578277829376.000000,0.000000,0.000000,12.756628,6.320812,0.062325,0.042143,8.906395,0.087601,31.129198
1403638578327829504.000000,0.000000,0.000000,14.246287,6.957850,0.116742,0.064634,11.249548,0.073127,35.647458
1403638578377829376.000000,0.000000,0.000000,14.229639,6.174662,0.093019,0.035162,10.848761,0.403446,29.419363
1403638578427829504.000000,0.000000,0.000000,11.964727,7.341965,0.105143,0.035946,10.717197,0.127057,34.515346
1403638578477829376.000000,0.000000,0.000000,11.750816,6.222116,0.106963,0.051791,12.255620,0.099830,32.735267
1403638578527829504.000000,0.000000,0.000000,12.629582,5.972701,0.090088,0.062507,10.107092,0.630106,30.638573
1403638578577829376.000000,0.000000,0.000000,13.225567,9.682444,0.093203,0.053400,12.531678,0.095987,29.068380
1403638578627829504.000000,0.000000,0.000000,14.409580,6.459263,0.115880,0.074547,10.590425,0.066943,30.494337
1403638578677829376.000000,0.000000,0.000000,12.112582,8.084969,0.070949,0.062207,10.438854,0.357710,35.140162
1403638578727829504.000000,0.000000,0.000000,12.677727,8.862429,0.103244,0.060267,14.163473,0.127227,32.672387
1403638578777829376.000000,0.000000,0.000000,12.573747,9.906208,0.092589,0.060825,10.888685,0.092481,35.296438
1403638578827829504.000000,0.000000,0.000000,12.347160,6.840859,0.093477,0.046145,10.727446,0.344724,35.178322
1403638578877829376.000000,0.000000,0.000000,11.812789,6.294501,0.095579,0.050594,10.608621,0.101642,36.378923
1403638578927829504.000000,0.000000,0.000000,11.851883,6.515390,0.105538,0.069232,12.274866,0.100530,30.936750
1403638578977829376.000000,0.000000,0.000000,13.246877,7.600260,0.094804,0.062440,11.984678,0.080695,27.607054
1403638579027829504.000000,0.000000,0.000000,12.953315,6.573410,0.099002,0.069671,9.738368,0.375668,30.201643
1403638579077829376.000000,0.000000,0.000000,12.715015,5.745135,0.084166,0.121931,14.124252,0.136788,34.020365
1403638579127829504.000000,0.000000,0.000000,12.858327,6.516146,0.119746,0.066441,13.275006,0.103619,33.812036
1403638579177829376.000000,0.000000,0.000000,12.769442,9.463018,0.113784,0.045148,9.593740,0.076072,30.264781
1403638579227829504.000000,0.000000,0.000000,13.290146,10.929691,0.097307,0.065188,11.863666,0.400656,30.706820
1403638579277829376.000000,0.000000,0.000000,13.540605,6.250880,0.143107,0.043052,13.622756,0.121922,36.351928
1403638579327829504.000000,0.000000,0.000000,13.506178,9.631071,0.186904,0.060238,10.410593,0.111635,38.249750
1403638579377829376.000000,0.000000,0.000000,12.942114,9.586758,0.093956,0.042928,9.563400,0.071470,35.348573
1403638579427829504.000000,0.000000,0.000000,13.148663,6.067287,0.087228,0.040582,9.874897,0.689377,36.561773
1403638579477829376.000000,0.000000,0.000000,12.432139,6.096095,0.086060,0.036174,9.937391,0.105553,38.429539
1403638579527829504.000000,0.000000,0.000000,11.799665,7.405667,0.115907,0.059793,10.683232,0.095594,32.438747
1403638579577829376.000000,0.000000,0.000000,12.093630,6.478095,0.107083,0.069875,10.527236,0.063224,28.848239
1403638579627829504.000000,0.000000,0.000000,12.286536,9.188651,0.060932,0.067944,11.673472,0.475492,33.631664
1403638579677829376.000000,0.000000,0.000000,13.065570,6.480457,0.090159,0.039795,10.284432,0.085803,30.053901
1403638579727829504.000000,0.000000,0.000000,12.296014,6.958256,0.085477,0.070559,12.402096,0.110414,34.456529
1403638579777829376.000000,0.000000,0.000000,13.372326,9.791200,0.061262,0.067515,11.093303,0.081478,29.875385
1403638579827829504.000000,0.000000,0.000000,13.505899,6.627667,0.096469,0.043375,10.341063,0.085670,30.777161
1403638579877829376.000000,0.000000,0.000000,12.232475,10.171194,0.108791,0.078646,13.214397,0.062179,40.079294
1403638579927829504.000000,0.000000,0.000000,11.990851,7.072991,0.070051,0.067288,11.079809,0.068839,32.195730
1403638579977829376.000000,0.000000,0.000000,12.014337,10.116108,0.116622,0.062886,9.970228,0.429482,33.811892
1403638580027829504.000000,0.000000,0.000000,12.920896,9.179296,0.093964,0.043679,10.056928,0.119774,33.335269
1403638580077829376.000000,0.000000,0.000000,12.627044,10.598058,0.096082,0.066155,12.170047,0.122679,34.882980
1403638580127829504.000000,0.000000,0.000000,12.701694,9.674262,0.075382,0.077590,10.220411,0.070606,34.318119
1403638580177829376.000000,0.000000,0.000000,12.258003,5.579085,0.070963,0.041917,10.548588,0.467868,34.292846
1403638580227829504.000000,0.000000,0.000000,12.570533,6.723165,0.078706,0.051837,11.776332,0.093905,35.290886
1403638580277829376.000000,0.000000,0.000000,11.753085,9.185026,0.089365,0.071789,12.157831,0.108909,28.244726
1403638580327829504.000000,0.000000,0.000000,13.162594,11.243790,0.084577,0.065437,10.240363,0.068040,31.355318
1403638580377829376.000000,0.000000,0.000000,12.185246,8.547612,0.083874,0.060701,11.275725,0.502448,31.227232
1403638580427829504.000000,0.000000,0.000000,13.412292,8.965330,0.061541,0.052163,12.105288,0.090576,36.733644
1403638580477829376.000000,0.000000,0.000000,12.660250,5.070527,0.047075,0.068128,12.091981,0.090716,33.819169
1403638580527829504.000000,0.000000,0.000000,11.742741,5.249151,0.075203,0.064185,10.749907,0.086382,31.542292
1403638580577829376.000000,0.000000,0.000000,11.009424,7.272352,0.071846,0.094583,11.923104,0.455067,27.348348
1403638580627829504.000000,0.000000,0.000000,12.736390,4.727688,0.057173,0.044269,12.107484,0.088817,27.813105
1403638580677829376.000000,0.000000,0.000000,10.673249,3.948719,0.083390,0.070596,11.360345,0.080926,29.755169
1403638580727829504.000000,0.000000,0.000000,11.851073,3.942638,0.064974,0.055470,10.288164,0.081244,25.768107
1403638580777829376.000000,0.000000,0.000000,10.709984,4.688907,0.095392,0.045264,11.863987,0.080213,24.530608
1403638580827829504.000000,0.000000,0.000000,11.432354,8.164672,0.121586,0.065732,11.267616,0.103178,25.942953
1403638580877829376.000000,0.000000,0.000000,11.092830,8.705141,0.140246,0.066296,10.726349,0.089635,26.250597
1403638580927829504.000000,0.000000,0.000000,11.902820,9.629631,0.065470,0.075887,10.844337,0.405184,31.695367
1403638580977829376.000000,0.000000,0.000000,10.164539,4.898372,0.069839,0.041272,11.626612,0.133458,33.867646
1403638581027829504.000000,0.000000,0.000000,11.783470,4.837094,0.143750,0.088105,14.197121,0.119665,34.093815
1403638581077829376.000000,0.000000,0.000000,11.540030,9.547176,0.121276,0.074619,13.551272,0.140446,25.792489
1403638581127829504.000000,0.000000,0.000000,12.113884,8.844321,0.080410,0.049583,10.381291,0.059504,26.125568
1403638581177829376.000000,0.000000,0.000000,12.337150,8.861394,0.071042,0.071571,10.307930,0.539657,35.472246
1403638581227829504.000000,0.000000,0.000000,11.935754,4.935757,0.070735,0.059717,13.225158,0.103137,31.127092
1403638581277829376.000000,0.000000,0.000000,11.579263,5.341501,0.068443,0.070300,10.511205,0.094127,31.493554
1403638581327829504.000000,0.000000,0.000000,11.229410,5.042208,0.064193,0.042975,12.005982,0.120582,29.581283
1403638581377829376.000000,0.000000,0.000000,11.900423,4.713272,0.084516,0.045593,9.326018,0.620196,28.396118
1403638581427829504.000000,0.000000,0.000000,11.363227,6.243118,0.076906,0.081075,12.466449,0.107201,27.002908
1403638581477829376.000000,0.000000,0.000000,11.189485,4.759004,0.088525,0.062650,10.913874,0.145007,27.980461
1403638581527829504.000000,0.000000,0.000000,12.703924,7.593902,0.093060,0.082842,11.787924,0.078932,31.568380
1403638581577829376.000000,0.000000,0.000000,10.835903,7.526593,0.074304,0.044207,11.636992,0.068698,29.030089
1403638581627829504.000000,0.000000,0.000000,11.651371,4.626096,0.091400,0.069391,10.999053,0.062621,34.003691
1403638581677829376.000000,0.000000,0.000000,11.418850,8.556532,0.087133,0.067614,12.878252,0.580089,32.266586
1403638581727829504.000000,0.000000,0.000000,10.963264,5.882437,0.096050,0.040863,11.226191,0.097912,28.757686
1403638581777829376.000000,0.000000,0.000000,11.912788,7.411553,0.089165,0.080815,13.033270,0.126009,32.167951
1403638581827829504.000000,0.000000,0.000000,11.077681,8.299372,0.083688,0.073092,12.535145,0.134941,28.334352
1403638581877829376.000000,0.000000,0.000000,12.264041,7.439584,0.063884,0.063061,13.104261,0.108213,33.974580
1403638581927829504.000000,0.000000,0.000000,11.198187,8.035903,0.081009,0.059556,12.766121,0.130770,32.778023
1403638581977829376.000000,0.000000,0.000000,12.644918,6.690925,0.084157,0.098824,10.695279,0.088317,32.726364
1403638582027829504.000000,0.000000,0.000000,12.752067,6.700368,0.075709,0.062880,10.484776,0.061547,32.757921
1403638582077829376.000000,0.000000,0.000000,12.052208,6.349570,0.075437,0.057591,10.308828,0.099549,30.819618
1403638582127829504.000000,0.000000,0.000000,12.347841,7.696535,0.068288,0.062348,10.312767,0.506740,31.404792
1403638582177829376.000000,0.000000,0.000000,11.397627,5.254353,0.084858,0.054130,12.498349,0.106637,29.455058
1403638582227829504.000000,0.000000,0.000000,11.462332,4.902051,0.070404,0.068148,11.048350,0.120561,31.252482
1403638582277829376.000000,0.000000,0.000000,11.018724,5.507677,0.083913,0.057760,10.884597,0.141645,27.769006
1403638582327829504.000000,0.000000,0.000000,10.569508,5.424850,0.082133,0.065153,12.671340,0.082828,31.849348
1403638582377829376.000000,0.000000,0.000000,10.948401,5.270130,0.091835,0.112778,10.218461,0.061847,27.911316
1403638582427829504.000000,0.000000,0.000000,11.108913,5.367745,0.076902,0.075716,12.565981,0.717607,27.333891
1403638582477829376.000000,0.000000,0.000000,11.302950,8.204960,0.087372,0.043509,10.436001,0.074500,26.632082
1403638582527829504.000000,0.000000,0.000000,11.690091,7.650477,0.083855,0.060115,11.113962,0.100107,27.619882
1403638582577829376.000000,0.000000,0.000000,11.569818,9.368268,0.070738,0.069478,10.259308,0.077228,30.271845
1403638582627829504.000000,0.000000,0.000000,11.930483,6.054574,0.078071,0.045124,10.714392,0.066943,32.407005
1403638582677829376.000000,0.000000,0.000000,11.767201,7.392300,0.084392,0.071500,12.768442,0.079068,33.642021
1403638582727829504.000000,0.000000,0.000000,12.404289,7.156687,0.074341,0.068498,10.079068,0.385504,28.117230
1403638582777829376.000000,0.000000,0.000000,10.952082,6.698452,0.082600,0.049919,10.061043,0.078579,32.047245
1403638582827829504.000000,0.000000,0.000000,11.052462,7.425004,0.067720,0.053974,13.137590,0.107139,31.003519
1403638582877829376.000000,0.000000,0.000000,12.011623,9.957030,0.151923,0.053732,10.803642,0.071988,28.416231
1403638582927829504.000000,0.000000,0.000000,11.972927,8.938581,0.085140,0.032940,8.908198,0.420890,29.967566
1403638582977829376.000000,0.000000,0.000000,11.357708,8.229309,0.079472,0.072356,12.049953,0.097849,33.650146
1403638583027829504.000000,0.000000,0.000000,10.776613,5.337847,0.090981,0.055062,11.687263,0.107265,34.693370
1403638583077829376.000000,0.000000,0.000000,11.508196,8.993161,0.086441,0.057935,10.723843,0.052086,31.269107
1403638583127829504.000000,0.000000,0.000000,12.582139,6.308172,0.089556,0.070589,10.525419,0.072864,26.564499
1403638583177829376.000000,0.000000,0.000000,11.909919,6.559038,0.090113,0.055768,10.662269,0.061616,38.830025
1403638583227829504.000000,0.000000,0.000000,10.751287,7.082849,0.081283,0.052582,9.870055,0.069601,29.732633
1403638583277829376.000000,0.000000,0.000000,10.140548,5.059705,0.086377,0.057620,10.872069,0.412791,31.341894
1403638583327829504.000000,0.000000,0.000000,12.916312,7.531561,0.056847,0.059013,12.380111,0.114041,31.173244
1403638583377829376.000000,0.000000,0.000000,11.555199,5.146690,0.071712,0.064389,11.876658,0.127215,26.495121
1403638583427829504.000000,0.000000,0.000000,10.671389,5.333946,0.080682,0.046111,13.214201,0.074707,32.259679
1403638583477829376.000000,0.000000,0.000000,11.984000,4.750416,0.094234,0.065745,11.813091,0.084438,28.242896
1403638583527829504.000000,0.000000,0.000000,11.593482,7.399024,0.109078,0.067044,9.460812,0.373695,27.235760
1403638583577829376.000000,0.000000,0.000000,11.086958,8.649366,0.114415,0.042909,12.830243,0.079213,28.168918
1403638583627829504.000000,0.000000,0.000000,11.333728,8.991734,0.100996,0.064815,13.075528,0.110048,31.713951
1403638583677829376.000000,0.000000,0.000000,11.660803,7.888682,0.107978,0.055046,9.641872,0.083215,34.150031
1403638583727829504.000000,0.000000,0.000000,10.937624,8.746706,0.106118,0.059746,9.978273,0.091789,35.323004
1403638583777829376.000000,0.000000,0.000000,11.676358,9.194999,0.103833,0.079682,12.758100,0.474467,32.688189
1403638583827829504.000000,0.000000,0.000000,11.177853,7.732252,0.087219,0.059502,13.691948,0.127652,34.218467
1403638583877829376.000000,0.000000,0.000000,12.290610,5.126405,0.073050,0.084309,13.301018,0.112030,35.777376
1403638583927829504.000000,0.000000,0.000000,11.120984,5.443826,0.081909,0.067935,12.904909,0.105541,30.205086
1403638583977829376.000000,0.000000,0.000000,12.611993,5.043184,0.183498,0.071754,11.497621,0.094903,28.263515
1403638584027829504.000000,0.000000,0.000000,11.061612,9.300055,0.086251,0.066133,10.347445,0.451491,27.681056
1403638584077829376.000000,0.000000,0.000000,11.295789,6.263036,0.094480,0.097619,13.354364,0.129753,28.749349
1403638584127829504.000000,0.000000,0.000000,11.087545,7.010081,0.103303,0.091303,13.479095,0.118937,33.957861
1403638584177829376.000000,0.000000,0.000000,12.030495,8.661264,0.091154,0.061317,10.226616,0.103010,27.816870
1403638584227829504.000000,0.000000,0.000000,11.951804,6.468384,0.088764,0.073334,11.256856,0.096411,29.775032
1403638584277829376.000000,0.000000,0.000000,12.951023,6.859233,0.068929,0.121071,13.330796,0.102162,32.584288
1403638584327829504.000000,0.000000,0.000000,14.900697,11.064792,0.077334,0.082870,12.234723,0.082635,32.297082
1403638584377829376.000000,0.000000,0.000000,13.103697,7.967343,0.075572,0.069380,11.025619,0.095320,34.818216
1403638584427829504.000000,0.000000,0.000000,12.327344,10.115881,0.118946,0.062159,11.887252,0.096253,38.552736
1403638584477829376.000000,0.000000,0.000000,12.069389,9.793282,0.065864,0.076612,16.017911,0.139441,33.491095
1403638584527829504.000000,0.000000,0.000000,12.952419,9.307539,0.103647,0.069508,11.111426,0.466202,35.583934
1403638584577829376.000000,0.000000,0.000000,13.210831,8.991566,0.090374,0.047318,13.481529,0.100690,35.905768
1403638584627829504.000000,0.000000,0.000000,12.286957,11.871743,0.087732,0.095877,13.628128,0.114445,36.156333
1403638584677829376.000000,0.000000,0.000000,10.410195,8.888681,0.092992,0.095578,10.816424,0.063011,38.063174
1403638584727829504.000000,0.000000,0.000000,12.452577,8.450134,0.082129,0.083832,11.244978,0.065036,35.715875
1403638584777829376.000000,0.000000,0.000000,11.996716,5.603373,0.098960,0.074570,13.024185,0.083138,31.138445
1403638584827829504.000000,0.000000,0.000000,12.082570,10.468182,0.111871,0.080070,13.551491,0.080600,34.405249
1403638584877829376.000000,0.000000,0.000000,12.525379,5.638155,0.079346,0.077751,14.643113,0.151861,29.675847
1403638584927829504.000000,0.000000,0.000000,11.691659,5.306481,0.090563,0.084315,11.404031,0.094650,37.458032
1403638584977829376.000000,0.000000,0.000000,11.700506,4.476577,0.095659,0.066774,12.104752,0.423519,33.047483
1403638585027829504.000000,0.000000,0.000000,11.886006,4.724535,0.082241,0.071191,13.654718,0.090610,27.556532
1403638585077829376.000000,0.000000,0.000000,11.897283,5.136110,0.135526,0.068069,11.720080,0.131806,27.720092
1403638585127829504.000000,0.000000,0.000000,11.363741,7.977140,0.121258,0.033694,13.476548,0.111765,27.945714
1403638585177829376.000000,0.000000,0.000000,11.238972,9.608676,0.089215,0.075994,11.926871,0.096913,28.663985
1403638585227829504.000000,0.000000,0.000000,12.577862,6.177908,0.129671,0.080474,12.603261,0.419326,33.687252
1403638585277829376.000000,0.000000,0.000000,12.112358,7.494712,0.103356,0.048687,11.547217,0.095380,36.136568
1403638585327829504.000000,0.000000,0.000000,11.947562,5.288973,0.089138,0.073889,11.122389,0.164911,29.502829
1403638585377829376.000000,0.000000,0.000000,12.961472,5.035740,0.101456,0.034889,10.957689,0.071173,34.273911
1403638585427829504.000000,0.000000,0.000000,11.520121,8.558560,0.104548,0.077541,11.783261,0.059435,29.907612
1403638585477829376.000000,0.000000,0.000000,11.190109,10.934092,0.100125,0.066033,12.610252,0.529582,28.754654
1403638585527829504.000000,0.000000,0.000000,11.514819,5.727794,0.080232,0.040013,20.173766,0.184818,34.644098
1403638585577829376.000000,0.000000,0.000000,11.932047,5.006988,0.098046,0.069898,12.510711,0.114096,36.716003
1403638585627829504.000000,0.000000,0.000000,11.481040,5.264589,0.091474,0.088812,11.706728,0.088774,28.786762
1403638585677829376.000000,0.000000,0.000000,11.612977,4.909634,0.128418,0.043481,10.616289,0.476153,28.502793
1403638585727829504.000000,0.000000,0.000000,11.342424,7.718462,0.094153,0.050521,13.359759,0.106551,28.954055
1403638585777829376.000000,0.000000,0.000000,10.367292,5.213115,0.109730,0.078727,11.692684,0.074439,27.368499
1403638585827829504.000000,0.000000,0.000000,9.803047,6.769289,0.135666,0.061354,12.666988,0.137052,32.272418
1403638585877829376.000000,0.000000,0.000000,11.162134,7.549775,0.087529,0.048688,9.402545,0.482501,27.810917
1403638585927829504.000000,0.000000,0.000000,11.998522,3.744867,0.088269,0.069337,14.560408,0.095576,30.668148
1403638585977829376.000000,0.000000,0.000000,10.989672,4.419871,0.105290,0.055539,13.734526,0.218212,32.361363
1403638586027829504.000000,0.000000,0.000000,10.198356,6.158504,0.077995,0.039910,10.219588,0.073125,26.327712
1403638586077829376.000000,0.000000,0.000000,11.218582,4.793876,0.110657,0.033541,11.102100,0.454585,25.721844
1403638586127829504.000000,0.000000,0.000000,11.561005,7.713873,0.111264,0.075334,12.173850,0.079077,28.910001
1403638586177829376.000000,0.000000,0.000000,11.095141,7.155178,0.088528,0.049248,12.350563,0.132629,26.699771
1403638586227829504.000000,0.000000,0.000000,11.189421,5.498556,0.093727,0.042194,8.507126,0.087487,33.913821
1403638586277829376.000000,0.000000,0.000000,12.039622,5.288864,0.107093,0.075365,9.661575,0.474603,29.363286
1403638586327829504.000000,0.000000,0.000000,11.498406,5.924140,0.094664,0.070081,12.449888,0.138016,28.038076
1403638586377829376.000000,0.000000,0.000000,11.020096,7.013819,0.085451,0.048517,9.550041,0.107000,29.865344
1403638586427829504.000000,0.000000,0.000000,11.712153,6.135391,0.129946,0.039984,10.729903,0.065702,28.174869
1403638586477829376.000000,0.000000,0.000000,10.886904,9.595082,0.123688,0.054233,9.910037,0.470401,29.581450
1403638586527829504.000000,0.000000,0.000000,11.912533,5.560786,0.088059,0.056187,10.992562,0.116551,29.737798
1403638586577829376.000000,0.000000,0.000000,12.442753,6.236378,0.136408,0.068607,12.062253,0.083478,34.072965
1403638586627829504.000000,0.000000,0.000000,12.592897,7.923768,0.113829,0.055811,11.842598,0.075558,31.619382
1403638586677829376.000000,0.000000,0.000000,12.081710,5.556832,0.104743,0.042546,10.551371,0.572446,33.317083
1403638586727829504.000000,0.000000,0.000000,11.863785,8.423397,0.131934,0.050573,14.172802,0.079575,32.249721
1403638586777829376.000000,0.000000,0.000000,13.592085,10.308080,0.101598,0.052954,11.785487,0.123285,29.054713
1403638586827829504.000000,0.000000,0.000000,13.984729,8.220234,0.136059,0.039919,9.192802,0.068122,34.811351
1403638586877829376.000000,0.000000,0.000000,11.911916,7.411941,0.062546,0.037918,9.888625,0.535271,38.826790
1403638586927829504.000000,0.000000,0.000000,11.508818,6.661843,0.123176,0.041210,12.126982,0.067076,33.523560
1403638586977829376.000000,0.000000,0.000000,12.409053,8.314361,0.096141,0.051922,11.577642,0.244554,35.037569
1403638587027829504.000000,0.000000,0.000000,12.420892,5.616046,0.099567,0.028726,10.433304,0.107435,30.233197
1403638587077829376.000000,0.000000,0.000000,11.367956,5.563525,0.109825,0.036763,10.240409,0.518905,35.715990
1403638587127829504.000000,0.000000,0.000000,12.184929,7.051105,0.104646,0.069859,13.635520,0.086223,33.782045
1403638587177829376.000000,0.000000,0.000000,13.501778,8.488037,0.094635,0.043660,12.803672,0.139273,28.961816
1403638587227829504.000000,0.000000,0.000000,13.014516,5.541448,0.112756,0.046124,12.307500,0.439671,32.475441
1403638587277829376.000000,0.000000,0.000000,11.274755,7.166467,0.115095,0.039238,15.095173,0.099426,37.178878
1403638587327829504.000000,0.000000,0.000000,12.102627,7.772929,0.111498,0.049915,13.350551,0.174428,30.409595
1403638587377829376.000000,0.000000,0.000000,10.678446,8.239929,0.117851,0.040065,13.676692,0.075223,33.388008
1403638587427829504.000000,0.000000,0.000000,14.933120,7.374344,0.128150,0.033023,13.495818,0.435100,33.982571
1403638587477829376.000000,0.000000,0.000000,13.730860,5.405587,0.102441,0.055978,11.766505,0.087409,34.684172
1403638587527829504.000000,0.000000,0.000000,11.524081,5.982858,0.121241,0.042512,11.125037,0.103962,37.560735
1403638587577829376.000000,0.000000,0.000000,13.074865,8.057091,0.100531,0.059049,12.757701,0.076449,31.212425
1403638587627829504.000000,0.000000,0.000000,12.498912,5.633082,0.122818,0.028876,11.805651,0.422371,29.821375
1403638587677829376.000000,0.000000,0.000000,11.374710,4.826219,0.117620,0.028720,11.298023,0.170009,37.798948
1403638587727829504.000000,0.000000,0.000000,12.860609,7.175588,0.101402,0.075714,12.319591,0.106156,30.898851
1403638587777829376.000000,0.000000,0.000000,11.748861,5.882881,0.113481,0.045835,11.571351,0.082575,28.764141
1403638587827829504.000000,0.000000,0.000000,12.774760,5.005230,0.132453,0.029799,10.030566,0.397643,33.555747
1403638587877829376.000000,0.000000,0.000000,11.517977,5.328429,0.119517,0.034822,10.684721,0.079496,30.899514
1403638587927829504.000000,0.000000,0.000000,11.797297,7.779357,0.095791,0.047374,13.656541,0.106996,32.550846
1403638587977829376.000000,0.000000,0.000000,11.531957,5.611372,0.124946,0.041834,11.197745,0.066756,34.420979
1403638588027829504.000000,0.000000,0.000000,10.631841,5.323938,0.107969,0.029213,11.520155,0.443632,33.924724
1403638588077829376.000000,0.000000,0.000000,13.274368,4.904994,0.176744,0.028367,9.861782,0.125802,28.323741
1403638588127829504.000000,0.000000,0.000000,11.914748,8.284286,0.140514,0.048164,11.841802,0.101025,28.844079
1403638588177829376.000000,0.000000,0.000000,13.069024,8.834254,0.146981,0.044765,10.469007,0.061508,32.800467
1403638588227829504.000000,0.000000,0.000000,11.959434,9.805566,0.099587,0.041175,12.364258,0.409394,35.213528
1403638588277829376.000000,0.000000,0.000000,11.631419,5.382955,0.114541,0.031085,12.280543,0.085335,36.895167
1403638588327829504.000000,0.000000,0.000000,12.749237,5.076576,0.112821,0.055589,12.646138,0.093965,39.935938
1403638588377829376.000000,0.000000,0.000000,12.287594,5.072361,0.109393,0.050436,11.662992,0.116749,29.147993
1403638588427829504.000000,0.000000,0.000000,11.952148,5.495027,0.142656,0.040294,12.156727,0.406289,31.910985
1403638588477829376.000000,0.000000,0.000000,12.085186,7.951587,0.143977,0.036715,13.559351,0.143232,29.666624
1403638588527829504.000000,0.000000,0.000000,13.956246,8.330047,0.132281,0.070725,14.550586,0.136785,31.297295
1403638588577829376.000000,0.000000,0.000000,11.482421,5.489931,0.134082,0.054228,11.957390,0.111483,33.861252
1403638588627829504.000000,0.000000,0.000000,11.512033,7.433208,0.103770,0.040926,12.706650,0.358582,35.828044
1403638588677829376.000000,0.000000,0.000000,11.535973,5.728752,0.072224,0.037744,14.827043,0.119219,33.163912
1403638588727829504.000000,0.000000,0.000000,10.947747,6.749280,0.076309,0.063284,12.519372,0.132215,34.405378
1403638588777829376.000000,0.000000,0.000000,12.501029,8.340886,0.110710,0.066714,13.037703,0.093316,29.655522
1403638588827829504.000000,0.000000,0.000000,11.840299,5.660291,0.134935,0.048054,12.744726,0.363960,30.649681
1403638588877829376.000000,0.000000,0.000000,12.284348,8.486432,0.124848,0.033991,11.111452,0.112869,34.741571
1403638588927829504.000000,0.000000,0.000000,12.792161,5.356505,0.112155,0.069010,15.385148,0.103661,29.729299
1403638588977829376.000000,0.000000,0.000000,13.128989,4.990558,0.147001,0.063144,12.732316,0.123048,36.216790
1403638589027829504.000000,0.000000,0.000000,12.182497,8.114223,0.146045,0.048077,10.355365,0.403980,31.821203
1403638589077829376.000000,0.000000,0.000000,12.035637,8.527073,0.112950,0.041696,11.641012,0.096848,29.705429
1403638589127829504.000000,0.000000,0.000000,12.272876,5.579958,0.133403,0.061790,12.924973,0.072253,35.734695
1403638589177829376.000000,0.000000,0.000000,11.738839,7.291454,0.106551,0.036166,11.150945,0.104818,36.772318
1403638589227829504.000000,0.000000,0.000000,12.246058,5.286109,0.113926,0.062593,12.557175,0.371125,29.927644
1403638589277829376.000000,0.000000,0.000000,11.540915,5.685052,0.131503,0.029488,11.598024,0.068753,34.404477
1403638589327829504.000000,0.000000,0.000000,11.994119,7.831787,0.103314,0.075030,10.196412,0.094260,32.645195
1403638589377829376.000000,0.000000,0.000000,12.924330,5.697780,0.093395,0.033325,11.644503,0.102088,30.152499
1403638589427829504.000000,0.000000,0.000000,12.010212,9.182576,0.139254,0.030988,10.523798,0.516691,32.757196
1403638589477829376.000000,0.000000,0.000000,12.786902,8.275354,0.073014,0.047871,11.717769,0.066693,30.669764
1403638589527829504.000000,0.000000,0.000000,12.340163,5.390588,0.113869,0.062982,13.810377,0.127086,36.042609
1403638589577829376.000000,0.000000,0.000000,10.941405,5.587157,0.114259,0.066557,11.413388,0.078957,35.772448
1403638589627829504.000000,0.000000,0.000000,12.802268,6.094687,0.138873,0.058514,12.137021,0.471894,31.762521
1403638589677829376.000000,0.000000,0.000000,13.598855,6.692934,0.151079,0.052762,10.775033,0.116796,31.989093
1403638589727829504.000000,0.000000,0.000000,13.727243,7.263363,0.129364,0.056953,10.868796,0.154942,33.262805
1403638589777829376.000000,0.000000,0.000000,11.611826,5.761138,0.143208,0.063749,10.737359,0.067549,36.530519
1403638589827829504.000000,0.000000,0.000000,12.557031,8.904821,0.167797,0.039381,10.668229,0.528852,35.313133
1403638589877829376.000000,0.000000,0.000000,13.229803,5.780027,0.166757,0.052107,11.524726,0.072458,31.427277
1403638589927829504.000000,0.000000,0.000000,12.770601,8.268317,0.133814,0.057862,11.819874,0.101118,39.593717
1403638589977829376.000000,0.000000,0.000000,13.864581,8.936259,0.148364,0.040633,10.465514,0.100183,33.285069
1403638590027829504.000000,0.000000,0.000000,12.395650,8.887424,0.124816,0.028337,10.987445,0.531857,35.735350
1403638590077829376.000000,0.000000,0.000000,13.253879,5.786194,0.141869,0.069150,12.573734,0.078624,36.993023
1403638590127829504.000000,0.000000,0.000000,11.700959,5.739807,0.240149,0.055025,12.983103,0.123996,37.445800
1403638590177829376.000000,0.000000,0.000000,12.697950,6.563585,0.139720,0.047252,12.461178,0.075557,34.458953
1403638590227829504.000000,0.000000,0.000000,12.154095,8.991531,0.135727,0.073882,13.688668,0.456469,30.851464
1403638590277829376.000000,0.000000,0.000000,13.016725,5.660902,0.128011,0.036270,11.463522,0.104404,37.615612
1403638590327829504.000000,0.000000,0.000000,12.029408,8.750865,0.132806,0.065271,11.496399,0.113403,37.969976
1403638590377829376.000000,0.000000,0.000000,11.423861,7.581177,0.129270,0.050586,10.021956,0.076222,31.707394
1403638590427829504.000000,0.000000,0.000000,12.295180,6.215244,0.136559,0.040130,10.478041,0.550785,36.392370
1403638590477829376.000000,0.000000,0.000000,12.802392,5.652992,0.128430,0.036530,10.613758,0.103726,36.152482
1403638590527829504.000000,0.000000,0.000000,14.701496,7.018289,0.125968,0.064788,13.856113,0.255239,32.265070
1403638590577829376.000000,0.000000,0.000000,13.193806,5.661374,0.133369,0.057760,13.224177,0.114757,31.303208
1403638590627829504.000000,0.000000,0.000000,13.437566,5.567855,0.156202,0.031155,9.874580,0.419284,35.874149
1403638590677829376.000000,0.000000,0.000000,12.528139,7.456883,0.087274,0.071517,9.873684,0.087387,32.590871
1403638590727829504.000000,0.000000,0.000000,14.528037,7.388701,0.129499,0.056791,10.048846,0.117341,33.229516
1403638590777829376.000000,0.000000,0.000000,14.494731,6.877284,0.131264,0.047705,11.380901,0.065730,33.820536
1403638590827829504.000000,0.000000,0.000000,12.840639,5.877774,0.150916,0.074187,9.584627,0.448966,37.785718
1403638590877829376.000000,0.000000,0.000000,13.429946,7.899442,0.141206,0.037822,11.880536,0.125708,35.256107
1403638590927829504.000000,0.000000,0.000000,13.379451,6.472848,0.143521,0.070459,12.727581,0.110762,34.678717
1403638590977829376.000000,0.000000,0.000000,13.892360,7.894089,0.140167,0.100552,12.110263,0.082843,36.431386
1403638591027829504.000000,0.000000,0.000000,14.753098,9.550149,0.141589,0.043670,10.646019,0.478387,33.975006
1403638591077829376.000000,0.000000,0.000000,12.876453,6.346369,0.165701,0.049684,10.864930,0.091939,38.601254
1403638591127829504.000000,0.000000,0.000000,13.969576,6.754152,0.137867,0.063899,10.535025,0.107661,38.794603
1403638591177829376.000000,0.000000,0.000000,12.347347,7.984730,0.150580,0.060847,10.123843,0.084047,33.121587
1403638591227829504.000000,0.000000,0.000000,13.071721,6.121106,0.155193,0.046396,10.217029,0.481784,34.763038
1403638591277829376.000000,0.000000,0.000000,13.183015,8.629608,0.138752,0.059019,12.915899,0.088745,36.052752
1403638591327829504.000000,0.000000,0.000000,12.718351,8.338367,0.163127,0.063856,12.002897,0.125475,32.843968
1403638591377829376.000000,0.000000,0.000000,12.404355,7.554328,0.137244,0.037903,11.211847,0.109204,36.574334
1403638591427829504.000000,0.000000,0.000000,12.582341,7.479687,0.140697,0.044147,9.664157,0.447213,36.775995
1403638591477829376.000000,0.000000,0.000000,14.065028,7.784925,0.148552,0.054145,12.133432,0.130280,36.041477
1403638591527829504.000000,0.000000,0.000000,12.553668,8.397855,0.144120,0.060648,10.011975,0.073357,33.345827
1403638591577829376.000000,0.000000,0.000000,14.116524,5.907405,0.156105,0.062220,11.344018,0.159785,37.133739
1403638591627829504.000000,0.000000,0.000000,13.081030,8.396531,0.152380,0.040943,10.418446,0.456610,36.534911
1403638591677829376.000000,0.000000,0.000000,16.000015,8.898662,0.086197,0.055954,9.740292,0.062552,35.681087
1403638591727829504.000000,0.000000,0.000000,12.062148,7.725792,0.140028,0.059482,10.545137,0.192460,36.371367
1403638591777829376.000000,0.000000,0.000000,13.051556,5.711108,0.129708,0.063273,10.340003,0.090765,41.367653
1403638591827829504.000000,0.000000,0.000000,13.699740,6.585640,0.218343,0.039036,9.286387,0.070967,35.607207
1403638591877829376.000000,0.000000,0.000000,13.775073,7.848091,0.125169,0.053340,10.390232,0.553538,33.576134
1403638591927829504.000000,0.000000,0.000000,13.008185,5.636483,0.191731,0.040907,9.981481,0.076224,34.086128
1403638591977829376.000000,0.000000,0.000000,13.531690,8.947791,0.149507,0.062454,10.693328,0.219695,36.879266
1403638592027829504.000000,0.000000,0.000000,12.374748,5.593202,0.129886,0.058310,9.195862,0.095090,33.330556
1403638592077829376.000000,0.000000,0.000000,12.682079,5.839809,0.181238,0.043971,10.054266,0.646098,36.773274
1403638592127829504.000000,0.000000,0.000000,12.646419,8.485565,0.178713,0.109746,11.871384,0.110957,32.833333
1403638592177829376.000000,0.000000,0.000000,13.142938,8.220622,0.153501,0.063970,12.584611,0.173842,33.756988
1403638592227829504.000000,0.000000,0.000000,11.577119,5.228305,0.137311,0.063957,10.704765,0.096124,39.100086
1403638592277829376.000000,0.000000,0.000000,12.488461,5.787234,0.185298,0.059814,9.211203,0.691126,39.252285
1403638592327829504.000000,0.000000,0.000000,13.283915,7.499283,0.147477,0.067660,10.278160,0.113150,30.988431
1403638592377829376.000000,0.000000,0.000000,12.510026,5.664906,0.164949,0.072078,11.989279,0.094947,32.402870
1403638592427829504.000000,0.000000,0.000000,12.031828,6.037362,0.140580,0.052612,11.042095,0.120587,37.617879
1403638592477829376.000000,0.000000,0.000000,11.354442,4.995097,0.159885,0.044883,9.108234,0.075523,32.415412
1403638592527829504.000000,0.000000,0.000000,13.721867,7.364034,0.157102,0.073712,12.725270,0.096171,33.854589
1403638592577829376.000000,0.000000,0.000000,13.626577,7.366596,0.353839,0.063604,9.174819,0.058888,29.656703
1403638592627829504.000000,0.000000,0.000000,14.014419,5.223758,0.146430,0.067798,11.405009,0.623633,37.207450
1403638592677829376.000000,0.000000,0.000000,13.291853,5.785751,0.150265,0.103890,12.654308,0.077497,36.122196
1403638592727829504.000000,0.000000,0.000000,12.707458,6.125099,0.160329,0.083141,12.451897,0.113540,35.221020
1403638592777829376.000000,0.000000,0.000000,13.533609,7.691337,0.137203,0.071817,12.918195,0.092681,34.251155
1403638592827829504.000000,0.000000,0.000000,12.669905,5.422853,0.191908,0.049925,9.315285,0.063399,33.313175
1403638592877829376.000000,0.000000,0.000000,14.741126,8.947117,0.179017,0.070242,10.820837,0.061620,38.360552
1403638592927829504.000000,0.000000,0.000000,13.728230,6.929854,0.145896,0.070817,9.830645,0.100753,32.775685
1403638592977829376.000000,0.000000,0.000000,13.718808,6.912206,0.153093,0.102596,12.047655,0.120039,40.920925
1403638593027829504.000000,0.000000,0.000000,13.951205,4.812296,0.184887,0.067132,9.734996,0.501997,37.042625
1403638593077829376.000000,0.000000,0.000000,14.607212,4.828980,0.148887,0.045123,10.784936,0.118174,37.391247
1403638593127829504.000000,0.000000,0.000000,13.113133,5.371326,0.147951,0.073798,11.338589,0.090664,35.245575
1403638593177829376.000000,0.000000,0.000000,15.126638,5.085992,0.136832,0.063030,10.239300,0.115373,33.746324
1403638593227829504.000000,0.000000,0.000000,12.704571,5.070089,0.096777,0.050405,9.617080,0.508912,32.391053
1403638593277829376.000000,0.000000,0.000000,13.551002,7.237338,0.146766,0.060000,10.857884,0.117703,33.896427
1403638593327829504.000000,0.000000,0.000000,12.889500,5.882002,0.160092,0.072942,10.666377,0.118640,31.867242
1403638593377829376.000000,0.000000,0.000000,14.562817,5.096317,0.192500,0.069026,10.335012,0.167231,37.359033
1403638593427829504.000000,0.000000,0.000000,13.009474,4.955485,0.251356,0.055016,9.881509,0.560181,33.778487
1403638593477829376.000000,0.000000,0.000000,12.201192,5.503677,0.156302,0.082626,10.928098,0.076845,34.166286
1403638593527829504.000000,0.000000,0.000000,13.557507,7.346070,0.145434,0.072179,12.077263,0.120453,34.215979
1403638593577829376.000000,0.000000,0.000000,13.596186,4.875403,0.157159,0.074508,11.638698,0.083927,31.664181
1403638593627829504.000000,0.000000,0.000000,13.684132,4.902605,0.150300,0.052081,9.940046,0.473078,37.749631
1403638593677829376.000000,0.000000,0.000000,13.898946,5.183341,0.147549,0.058682,11.749731,0.141138,32.912256
1403638593727829504.000000,0.000000,0.000000,12.811484,6.635201,0.221513,0.093236,13.735417,0.096528,33.256277
1403638593777829376.000000,0.000000,0.000000,14.833962,6.315360,0.146172,0.078794,11.010742,0.112085,32.820105
1403638593827829504.000000,0.000000,0.000000,14.766796,4.832340,0.184192,0.046926,12.531345,0.595823,33.772640
1403638593877829376.000000,0.000000,0.000000,14.853536,7.741956,0.158503,0.071501,11.977433,0.080050,37.435560
1403638593927829504.000000,0.000000,0.000000,13.354863,7.695214,0.150106,0.072101,11.028417,0.125631,33.325314
1403638593977829376.000000,0.000000,0.000000,13.922509,5.459071,0.145561,0.072941,12.249872,0.129003,36.604470
1403638594027829504.000000,0.000000,0.000000,15.111145,7.109947,0.185313,0.044501,13.025531,0.646823,37.973099
1403638594077829376.000000,0.000000,0.000000,15.326112,6.078320,0.144300,0.088115,13.278282,0.148132,33.631588
1403638594127829504.000000,0.000000,0.000000,13.934326,6.944169,0.164212,0.075400,12.462039,0.132186,34.821789
1403638594177829376.000000,0.000000,0.000000,12.485954,6.707858,0.138030,0.076936,12.295638,0.145625,37.457981
1403638594227829504.000000,0.000000,0.000000,13.349279,5.210188,0.130992,0.062622,10.467626,0.071352,36.384326
1403638594277829376.000000,0.000000,0.000000,12.097012,5.656186,0.129744,0.096308,12.414263,0.097695,33.424602
1403638594327829504.000000,0.000000,0.000000,13.677756,6.597837,0.146695,0.087559,12.646362,0.074056,32.431551
1403638594377829376.000000,0.000000,0.000000,12.694449,5.649220,0.147242,0.065364,12.108304,0.631536,32.382467
1403638594427829504.000000,0.000000,0.000000,13.264538,7.446980,0.144422,0.055427,13.712229,0.122087,33.628555
1403638594477829376.000000,0.000000,0.000000,14.044919,7.121910,0.182215,0.096489,14.088352,0.161859,32.935889
1403638594527829504.000000,0.000000,0.000000,13.576777,7.599882,0.148319,0.080083,13.704546,0.111371,36.881678
1403638594577829376.000000,0.000000,0.000000,12.764453,5.699451,0.120174,0.085292,13.572906,0.083784,36.912809
1403638594627829504.000000,0.000000,0.000000,13.954709,5.415996,0.150193,0.075264,13.841723,0.668848,38.435990
1403638594677829376.000000,0.000000,0.000000,13.284025,6.639659,0.150857,0.070662,14.219651,0.104205,34.014463
1403638594727829504.000000,0.000000,0.000000,13.459527,7.058018,0.121200,0.120881,14.816195,0.145009,32.544141
1403638594777829376.000000,0.000000,0.000000,13.894285,6.017856,0.132204,0.073376,12.389652,0.168841,36.411677
1403638594827829504.000000,0.000000,0.000000,14.152714,5.118634,0.178061,0.060772,11.957910,0.102645,37.288616
1403638594877829376.000000,0.000000,0.000000,13.516332,7.100635,0.096882,0.097468,14.758756,0.885664,34.148632
1403638594927829504.000000,0.000000,0.000000,13.704562,7.828394,0.190589,0.048524,13.640550,0.145680,32.677601
1403638594977829376.000000,0.000000,0.000000,12.685898,8.093359,0.162780,0.068318,12.907409,0.138024,37.230590
1403638595027829504.000000,0.000000,0.000000,13.146675,7.583839,0.153942,0.073054,13.135262,0.093079,39.402664
1403638595077829376.000000,0.000000,0.000000,12.930100,6.997563,0.148325,0.053796,10.883441,0.063964,38.156837
1403638595127829504.000000,0.000000,0.000000,13.101173,5.428321,0.229134,0.073318,11.832343,0.519836,37.269100
1403638595177829376.000000,0.000000,0.000000,15.667373,5.334801,0.212961,0.043644,11.671473,0.129100,35.029838
1403638595227829504.000000,0.000000,0.000000,14.106965,7.594529,0.131336,0.072011,12.252822,0.131579,32.609789
1403638595277829376.000000,0.000000,0.000000,13.886719,5.856272,0.136553,0.063907,11.527688,0.115578,38.844331
1403638595327829504.000000,0.000000,0.000000,13.344976,5.249383,0.274858,0.051530,10.733341,0.559175,39.420941
1403638595377829376.000000,0.000000,0.000000,14.521890,9.344200,0.160106,0.067249,13.052210,0.084864,33.281277
1403638595427829504.000000,0.000000,0.000000,13.760007,8.587250,0.141493,0.075996,13.111798,0.141319,33.639957
1403638595477829376.000000,0.000000,0.000000,12.014729,6.715935,0.142143,0.066355,13.140600,0.099126,41.486817
1403638595527829504.000000,0.000000,0.000000,13.201075,5.479685,0.168107,0.053799,12.187471,0.538356,38.589216
1403638595577829376.000000,0.000000,0.000000,14.209144,7.041713,0.160766,0.060093,11.862038,0.160544,33.452674
1403638595627829504.000000,0.000000,0.000000,11.996751,6.340211,0.158540,0.062575,13.749272,0.138527,33.863995
1403638595677829376.000000,0.000000,0.000000,13.046621,6.836313,0.170061,0.072772,12.835119,0.108521,41.238364
1403638595727829504.000000,0.000000,0.000000,13.178521,6.837301,0.155480,0.054983,11.281725,0.571620,33.991211
1403638595777829376.000000,0.000000,0.000000,13.979472,5.446968,0.134926,0.050684,14.629223,0.104112,36.892695
1403638595827829504.000000,0.000000,0.000000,13.772014,5.092893,0.145596,0.073397,14.677307,0.146014,37.126512
1403638595877829376.000000,0.000000,0.000000,13.574667,5.816804,0.154567,0.062074,12.753361,0.149754,34.075307
1403638595927829504.000000,0.000000,0.000000,13.750030,6.683999,0.161062,0.046660,12.079492,0.550446,33.781291
1403638595977829376.000000,0.000000,0.000000,13.580981,5.675126,0.155932,0.099514,12.658067,0.090731,35.835803
1403638596027829504.000000,0.000000,0.000000,12.182692,5.610599,0.134954,0.072892,14.655768,0.145755,38.012223
1403638596077829376.000000,0.000000,0.000000,14.258476,5.272037,0.085159,0.080507,14.703507,0.092837,37.817572
1403638596127829504.000000,0.000000,0.000000,16.022003,5.037319,0.137736,0.049707,10.895541,0.484021,32.886298
1403638596177829376.000000,0.000000,0.000000,13.177373,5.917544,0.094462,0.044327,12.376329,0.148335,35.797320
1403638596227829504.000000,0.000000,0.000000,13.014777,5.137198,0.149610,0.070436,13.316779,0.111884,38.793503
1403638596277829376.000000,0.000000,0.000000,12.525497,6.301359,0.158194,0.066001,11.638908,0.128109,34.671803
1403638596327829504.000000,0.000000,0.000000,13.773167,5.046148,0.094341,0.042600,11.961117,0.090969,35.207063
1403638596377829376.000000,0.000000,0.000000,12.613637,5.541517,0.172118,0.069561,12.756041,0.569249,34.232759
1403638596427829504.000000,0.000000,0.000000,14.103878,5.311310,0.157003,0.051053,13.499111,0.101016,35.200209
1403638596477829376.000000,0.000000,0.000000,13.615141,5.357887,0.164460,0.069057,11.330312,0.136024,33.212224
1403638596527829504.000000,0.000000,0.000000,13.600209,5.088397,0.164736,0.070801,12.571856,0.123243,34.306637
1403638596577829376.000000,0.000000,0.000000,11.582562,7.167050,0.088975,0.042516,10.606703,0.062706,33.378311
1403638596627829504.000000,0.000000,0.000000,14.564735,5.453032,0.154305,0.041766,11.004001,0.572900,33.878452
1403638596677829376.000000,0.000000,0.000000,14.310909,8.197376,0.244473,0.050706,13.441751,0.098961,35.477376
1403638596727829504.000000,0.000000,0.000000,13.067060,5.225195,0.146171,0.076643,12.290783,0.148925,44.306583
1403638596777829376.000000,0.000000,0.000000,15.795426,5.026290,0.096729,0.074532,12.459346,0.089314,38.882362
1403638596827829504.000000,0.000000,0.000000,14.659143,6.599087,0.170400,0.047435,10.636004,0.084457,34.205038
1403638596877829376.000000,0.000000,0.000000,15.024598,5.153555,0.153391,0.122892,12.289883,0.480428,35.218751
1403638596927829504.000000,0.000000,0.000000,13.698779,10.023962,0.141345,0.055167,12.333889,0.108995,38.093521
1403638596977829376.000000,0.000000,0.000000,12.980073,5.176140,0.197568,0.073572,12.187518,0.113659,35.476208
1403638597027829504.000000,0.000000,0.000000,14.304537,7.063804,0.170484,0.068725,11.130191,0.132341,40.182322
1403638597077829376.000000,0.000000,0.000000,14.052681,8.209114,0.156355,0.039248,10.068860,0.554568,31.490825
1403638597127829504.000000,0.000000,0.000000,12.666331,5.270377,0.168542,0.048438,11.908652,0.118961,39.593370
1403638597177829376.000000,0.000000,0.000000,12.770505,6.594504,0.093746,0.084091,12.237659,0.080226,40.231671
1403638597227829504.000000,0.000000,0.000000,13.654646,6.149186,0.155688,0.071187,11.097168,0.151716,31.803992
1403638597277829376.000000,0.000000,0.000000,13.204892,6.713009,0.144891,0.038914,9.013597,0.554714,34.217001
1403638597327829504.000000,0.000000,0.000000,13.213536,5.529110,0.186486,0.080867,13.493515,0.126226,36.416925
1403638597377829376.000000,0.000000,0.000000,14.548262,5.216262,0.169765,0.108243,10.167934,0.140969,36.013019
1403638597427829504.000000,0.000000,0.000000,12.907573,8.528508,0.147910,0.095870,11.666568,0.117085,30.835640
1403638597477829376.000000,0.000000,0.000000,13.684952,5.150549,0.163133,0.063970,9.365610,0.540904,33.303782
1403638597527829504.000000,0.000000,0.000000,13.570110,6.945822,0.166799,0.049637,11.697650,0.121901,38.303025
1403638597577829376.000000,0.000000,0.000000,14.213243,5.693570,0.149948,0.061217,10.793390,0.129798,32.004332
1403638597627829504.000000,0.000000,0.000000,13.739063,5.498356,0.168615,0.064875,12.436453,0.138544,34.166515
1403638597677829376.000000,0.000000,0.000000,13.801009,5.628684,0.196023,0.054693,11.562982,0.675986,34.211625
1403638597727829504.000000,0.000000,0.000000,14.288745,7.761656,0.153032,0.063650,13.203042,0.151305,34.258213
1403638597777829376.000000,0.000000,0.000000,13.503716,7.002843,0.200322,0.071873,12.842643,0.136362,35.118870
1403638597827829504.000000,0.000000,0.000000,13.836880,7.781416,0.182948,0.088180,12.065441,0.109815,37.627488
1403638597877829376.000000,0.000000,0.000000,13.220905,7.711018,0.172529,0.052031,10.839736,0.074901,35.539768
1403638597927829504.000000,0.000000,0.000000,14.015751,5.567223,0.156737,0.069405,9.571183,0.613388,39.425952
1403638597977829376.000000,0.000000,0.000000,14.578432,5.314523,0.173232,0.078250,10.761186,0.076964,36.823870
1403638598027829504.000000,0.000000,0.000000,15.227950,5.317673,0.172291,0.064308,10.085468,0.133295,32.926731
1403638598077829376.000000,0.000000,0.000000,15.304669,5.403783,0.169598,0.070458,11.677052,0.117113,33.616451
1403638598127829504.000000,0.000000,0.000000,14.440752,7.514567,0.217099,0.040929,10.822392,0.082361,36.228352
1403638598177829376.000000,0.000000,0.000000,13.541869,5.006427,0.213055,0.067714,11.564075,0.747338,36.981344
1403638598227829504.000000,0.000000,0.000000,13.816673,6.022009,0.181554,0.100030,12.680523,0.090509,36.341022
1403638598277829376.000000,0.000000,0.000000,13.773148,7.741722,0.183720,0.069181,10.795457,0.116360,32.900320
1403638598327829504.000000,0.000000,0.000000,14.416702,9.165619,0.102685,0.067416,10.338030,0.154434,37.487033
1403638598377829376.000000,0.000000,0.000000,15.749746,5.561650,0.121799,0.061930,9.199557,0.560310,38.548913
1403638598427829504.000000,0.000000,0.000000,14.234490,7.684535,0.191198,0.066434,10.370205,0.075053,39.921087
1403638598477829376.000000,0.000000,0.000000,14.953815,7.157751,0.198931,0.072291,10.591314,0.140901,40.130640
1403638598527829504.000000,0.000000,0.000000,14.446045,7.820642,0.208288,0.080542,12.308066,0.082744,39.648339
1403638598577829376.000000,0.000000,0.000000,14.086975,6.473340,0.173456,0.063335,11.349107,0.086662,42.860413
1403638598627829504.000000,0.000000,0.000000,13.774962,5.833197,0.193832,0.074057,9.808247,0.754599,39.579845
1403638598677829376.000000,0.000000,0.000000,15.462154,6.750074,0.221811,0.069942,12.404991,0.114698,36.248475
1403638598727829504.000000,0.000000,0.000000,14.978803,4.948665,0.183281,0.072148,12.260752,0.137832,34.908549
1403638598777829376.000000,0.000000,0.000000,13.652643,6.988923,0.199398,0.075447,12.848107,0.108557,41.236147
1403638598827829504.000000,0.000000,0.000000,14.125389,7.464640,0.189510,0.061797,12.442197,0.170895,35.801085
1403638598877829376.000000,0.000000,0.000000,14.275749,6.566889,0.197387,0.075799,11.906746,0.096000,36.571236
1403638598927829504.000000,0.000000,0.000000,13.987864,6.047556,0.161266,0.061142,9.857915,0.096497,38.125355
1403638598977829376.000000,0.000000,0.000000,13.883087,5.307727,0.195306,0.067865,11.415293,0.072294,36.083061
1403638599027829504.000000,0.000000,0.000000,14.552032,7.903247,0.205684,0.062394,9.623102,0.090657,33.951251
1403638599077829376.000000,0.000000,0.000000,14.702122,7.133040,0.199693,0.083332,12.413835,0.651568,33.403378
1403638599127829504.000000,0.000000,0.000000,13.976799,6.032869,0.177859,0.053243,10.603989,0.099549,40.214696
1403638599177829376.000000,0.000000,0.000000,14.508996,5.142855,0.171779,0.070086,10.856761,0.116817,36.749363
1403638599227829504.000000,0.000000,0.000000,15.230365,5.278595,0.199526,0.092109,12.290065,0.078881,35.689337
1403638599277829376.000000,0.000000,0.000000,13.437806,5.666680,0.175902,0.074328,11.478332,0.110318,33.410220
1403638599327829504.000000,0.000000,0.000000,14.541954,6.467115,0.105588,0.050846,9.200957,0.069331,35.834094
1403638599377829376.000000,0.000000,0.000000,13.977300,6.764350,0.130814,0.074535,11.736100,0.096295,33.309952
1403638599427829504.000000,0.000000,0.000000,14.400179,7.310432,0.165914,0.066639,12.355233,0.069262,37.432583
1403638599477829376.000000,0.000000,0.000000,16.613839,6.914175,0.188019,0.073011,10.758424,0.087883,36.812783
1403638599527829504.000000,0.000000,0.000000,15.679591,7.911393,0.197195,0.063553,10.934209,0.561073,38.805030
1403638599577829376.000000,0.000000,0.000000,15.815341,7.273842,0.196945,0.065704,11.139430,0.143900,39.092587
1403638599627829504.000000,0.000000,0.000000,15.134451,8.148266,0.162474,0.072239,10.734860,0.182920,39.616287
1403638599677829376.000000,0.000000,0.000000,15.753608,5.395228,0.233014,0.069919,10.535852,0.121264,40.756586
1403638599727829504.000000,0.000000,0.000000,14.420762,6.534983,0.171878,0.063942,9.494942,0.076517,41.916172
1403638599777829376.000000,0.000000,0.000000,14.550591,8.176249,0.171980,0.065049,11.183506,0.144639,36.872535
1403638599827829504.000000,0.000000,0.000000,13.944255,6.683755,0.175115,0.063398,9.921415,0.630796,37.947729
1403638599877829376.000000,0.000000,0.000000,14.146438,5.876822,0.203913,0.042332,11.294815,0.095166,41.628275
1403638599927829504.000000,0.000000,0.000000,14.667462,6.918412,0.097735,0.071043,11.044338,0.127345,37.210937
1403638599977829376.000000,0.000000,0.000000,14.200475,5.658205,0.186995,0.081075,14.261217,0.103387,37.253618
1403638600027829504.000000,0.000000,0.000000,14.853410,7.757490,0.185326,0.065496,9.796617,0.076129,37.977760
1403638600077829376.000000,0.000000,0.000000,14.081780,8.854335,0.163719,0.069174,11.010814,0.104252,35.049143
1403638600127829504.000000,0.000000,0.000000,12.875277,5.971365,0.097397,0.079052,13.301882,0.509231,42.198931
1403638600177829376.000000,0.000000,0.000000,12.791101,7.562744,0.107080,0.070643,12.101356,0.073764,39.651905
1403638600227829504.000000,0.000000,0.000000,13.122806,4.950627,0.181527,0.075149,13.270815,0.120482,33.462055
1403638600277829376.000000,0.000000,0.000000,14.155053,7.888236,0.175105,0.065044,12.189912,0.110439,35.633198
1403638600327829504.000000,0.000000,0.000000,14.691639,5.794037,0.154891,0.053522,10.963738,0.071531,34.532782
1403638600377829376.000000,0.000000,0.000000,12.489358,5.103644,0.202281,0.060164,11.023252,0.103833,37.201119
1403638600427829504.000000,0.000000,0.000000,13.159704,5.496849,0.165916,0.077990,14.890548,0.519642,36.982255
1403638600477829376.000000,0.000000,0.000000,13.342562,6.226959,0.162521,0.054034,12.913090,0.100589,32.818068
1403638600527829504.000000,0.000000,0.000000,13.269846,6.989561,0.160956,0.067839,11.077406,0.134052,32.673050
1403638600577829376.000000,0.000000,0.000000,11.610283,5.319081,0.181201,0.072877,12.611852,0.075897,35.064261
1403638600627829504.000000,0.000000,0.000000,12.649090,7.891121,0.189262,0.108250,12.232792,0.115679,34.581834
1403638600677829376.000000,0.000000,0.000000,15.105736,7.670546,0.175386,0.034683,10.467999,0.091372,32.078718
1403638600727829504.000000,0.000000,0.000000,14.923289,9.043682,0.149342,0.082481,10.686788,0.460569,39.020458
1403638600777829376.000000,0.000000,0.000000,14.079192,6.081464,0.145745,0.038630,10.194884,0.133380,37.956498
1403638600827829504.000000,0.000000,0.000000,13.674359,5.556083,0.164350,0.078195,13.183618,0.112623,40.036012
1403638600877829376.000000,0.000000,0.000000,12.863466,5.583044,0.180210,0.088063,12.175665,0.082519,34.941978
1403638600927829504.000000,0.000000,0.000000,13.248680,7.061987,0.195158,0.053366,12.413887,0.082897,34.055098
1403638600977829376.000000,0.000000,0.000000,14.618081,6.477483,0.175070,0.093524,10.858483,0.060585,32.948768
1403638601027829504.000000,0.000000,0.000000,13.332773,7.420090,0.159913,0.078779,10.444819,0.129050,35.753056
1403638601077829376.000000,0.000000,0.000000,12.948736,6.360714,0.149921,0.070359,12.846573,0.494958,36.116095
1403638601127829504.000000,0.000000,0.000000,13.983827,5.614314,0.172407,0.051952,11.872994,0.091199,36.887938
1403638601177829376.000000,0.000000,0.000000,13.346689,6.475260,0.194264,0.077233,12.468069,0.111447,35.176610
1403638601227829504.000000,0.000000,0.000000,13.587127,7.999036,0.182132,0.075375,11.823409,0.123800,34.562552
1403638601277829376.000000,0.000000,0.000000,13.671590,7.533710,0.179694,0.084407,10.962082,0.065438,36.335424
1403638601327829504.000000,0.000000,0.000000,14.039438,8.985549,0.157809,0.060371,11.784219,0.073316,38.572366
1403638601377829376.000000,0.000000,0.000000,13.726770,6.952001,0.180475,0.081807,10.857076,0.097434,37.236480
1403638601427829504.000000,0.000000,0.000000,14.622525,6.740836,0.164060,0.075989,11.078956,0.442995,41.035345
1403638601477829376.000000,0.000000,0.000000,11.939075,5.105785,0.164854,0.044560,11.809862,0.086932,35.627931
1403638601527829504.000000,0.000000,0.000000,14.560421,7.055454,0.149284,0.086493,11.383867,0.121405,36.830454
1403638601577829376.000000,0.000000,0.000000,13.756359,5.321784,0.158463,0.070752,11.716976,0.111306,30.516879
1403638601627829504.000000,0.000000,0.000000,14.241064,5.120665,0.159175,0.052079,11.298858,0.089882,36.185635
1403638601677829376.000000,0.000000,0.000000,13.215602,7.113840,0.145549,0.049108,14.913342,0.078393,33.808818
1403638601727829504.000000,0.000000,0.000000,14.203947,4.982947,0.153814,0.075214,11.376175,0.420642,37.913449
1403638601777829376.000000,0.000000,0.000000,14.081843,6.878895,0.179253,0.061293,12.548180,0.086747,37.284429
1403638601827829504.000000,0.000000,0.000000,16.189715,7.772869,0.172265,0.075101,13.001602,0.115227,32.771096
1403638601877829376.000000,0.000000,0.000000,15.335013,5.673700,0.173404,0.078195,12.158976,0.072048,34.399033
1403638601927829504.000000,0.000000,0.000000,15.356431,4.756562,0.138964,0.103892,12.495553,0.079624,38.218000
1403638601977829376.000000,0.000000,0.000000,14.517091,7.109819,0.161311,0.057110,12.372874,0.103983,35.841013
1403638602027829504.000000,0.000000,0.000000,16.867088,6.452372,0.165472,0.101562,13.841445,0.092427,33.893235
1403638602077829376.000000,0.000000,0.000000,15.623820,6.337678,0.171012,0.071075,12.265916,0.619635,37.869481
1403638602127829504.000000,0.000000,0.000000,16.086369,7.212863,0.169173,0.053041,13.632969,0.072544,39.913548
1403638602177829376.000000,0.000000,0.000000,16.959136,5.492151,0.147474,0.089437,12.755382,0.124030,38.130836
1403638602227829504.000000,0.000000,0.000000,17.943547,5.028367,0.134448,0.070520,11.271063,0.132076,38.051027
1403638602277829376.000000,0.000000,0.000000,14.120135,5.452930,0.141122,0.061590,12.672202,0.076096,36.767085
1403638602327829504.000000,0.000000,0.000000,14.618005,4.854099,0.147692,0.083863,13.045439,0.104979,37.182061
1403638602377829376.000000,0.000000,0.000000,15.324728,5.174567,0.152292,0.081441,13.205925,0.067107,33.123601
1403638602427829504.000000,0.000000,0.000000,14.735248,8.508729,0.138064,0.089830,14.606920,0.106915,33.879791
1403638602477829376.000000,0.000000,0.000000,14.282464,7.148752,0.212060,0.072474,12.431044,0.141944,36.816918
1403638602527829504.000000,0.000000,0.000000,14.795634,5.228379,0.138166,0.072507,11.188166,0.077305,39.074110
1403638602577829376.000000,0.000000,0.000000,14.379862,8.617060,0.140941,0.070963,11.385103,0.445510,36.325242
1403638602627829504.000000,0.000000,0.000000,15.396532,6.637702,0.129089,0.041557,11.515089,0.121211,33.470186
1403638602677829376.000000,0.000000,0.000000,15.408428,6.831779,0.122744,0.073625,12.671859,0.089748,38.779014
1403638602727829504.000000,0.000000,0.000000,13.827742,7.468517,0.068420,0.072553,12.095165,0.148894,36.198376
1403638602777829376.000000,0.000000,0.000000,14.081800,8.125438,0.108711,0.076078,13.485928,0.108708,37.530824
1403638602827829504.000000,0.000000,0.000000,14.273978,5.610789,0.115592,0.063255,11.945899,0.057697,35.653558
1403638602877829376.000000,0.000000,0.000000,14.475459,5.135552,0.108309,0.084921,11.217488,0.446250,35.565373
1403638602927829504.000000,0.000000,0.000000,15.430915,6.595102,0.111640,0.043049,14.562548,0.078743,34.575524
1403638602977829376.000000,0.000000,0.000000,15.282690,5.438682,0.109077,0.081213,14.259369,0.081842,33.668057
1403638603027829504.000000,0.000000,0.000000,14.190241,5.212600,0.117471,0.078068,10.857190,0.117995,34.580302
1403638603077829376.000000,0.000000,0.000000,15.275803,8.525305,0.112666,0.051757,9.562658,0.480454,34.929442
1403638603127829504.000000,0.000000,0.000000,14.271186,5.295641,0.121819,0.036976,11.309943,0.074504,33.052230
1403638603177829376.000000,0.000000,0.000000,13.989964,6.152422,0.086540,0.078292,12.337172,0.118586,39.002971
1403638603227829504.000000,0.000000,0.000000,13.857525,6.712567,0.130588,0.070335,13.281483,0.123333,32.527036
1403638603277829376.000000,0.000000,0.000000,15.773448,7.672511,0.140709,0.047225,12.796838,0.488784,34.089566
1403638603327829504.000000,0.000000,0.000000,14.671813,7.898306,0.115181,0.051991,14.838666,0.121628,36.006090
1403638603377829376.000000,0.000000,0.000000,15.649696,5.428678,0.136404,0.071174,14.351356,0.102529,40.170164
1403638603427829504.000000,0.000000,0.000000,14.573853,7.172710,0.133371,0.078445,12.073907,0.093276,36.719076
1403638603477829376.000000,0.000000,0.000000,15.395514,6.481990,0.143629,0.057107,11.818311,0.441801,34.553046
1403638603527829504.000000,0.000000,0.000000,14.705442,7.198278,0.122310,0.044511,13.373611,0.084041,35.640516
1403638603577829376.000000,0.000000,0.000000,16.390441,5.236110,0.144391,0.067247,12.169335,0.076648,37.226605
1403638603627829504.000000,0.000000,0.000000,13.716818,7.151812,0.112003,0.061047,14.077775,0.254673,39.826955
1403638603677829376.000000,0.000000,0.000000,14.900322,5.422055,0.138593,0.056990,14.441149,0.463478,34.409911
1403638603727829504.000000,0.000000,0.000000,15.276583,5.376538,0.151348,0.036489,12.607268,0.099741,37.096046
1403638603777829376.000000,0.000000,0.000000,13.651240,8.429483,0.144287,0.081100,11.678295,0.118033,32.977668
1403638603827829504.000000,0.000000,0.000000,16.350669,9.266161,0.128980,0.070610,11.536896,0.128135,35.937138
1403638603877829376.000000,0.000000,0.000000,15.083468,6.484622,0.126985,0.043890,9.790684,0.462925,38.334438
1403638603927829504.000000,0.000000,0.000000,15.080607,4.899540,0.119562,0.063387,13.119564,0.073959,41.931832
1403638603977829376.000000,0.000000,0.000000,14.371751,5.204794,0.119657,0.059423,10.475710,0.131189,37.981572
1403638604027829504.000000,0.000000,0.000000,14.395208,5.022783,0.154009,0.063174,10.789420,0.107844,32.571704
1403638604077829376.000000,0.000000,0.000000,15.395272,6.165560,0.125703,0.034679,10.699076,0.495446,34.058830
1403638604127829504.000000,0.000000,0.000000,14.968256,6.113669,0.082597,0.085749,12.765869,0.104994,33.448575
1403638604177829376.000000,0.000000,0.000000,14.547848,7.055211,0.083907,0.051915,12.487917,0.089006,37.653841
1403638604227829504.000000,0.000000,0.000000,14.567096,5.772336,0.120275,0.051322,12.405740,0.127022,34.975038
1403638604277829376.000000,0.000000,0.000000,15.438223,6.724121,0.125504,0.047277,9.028786,0.567837,36.011525
1403638604327829504.000000,0.000000,0.000000,14.866578,6.526491,0.097093,0.046567,11.014647,0.075910,35.131185
1403638604377829376.000000,0.000000,0.000000,14.246909,4.940631,0.086086,0.045239,10.793042,0.106248,36.146632
1403638604427829504.000000,0.000000,0.000000,14.449103,5.189500,0.121834,0.040661,11.577111,0.158530,35.188971
1403638604477829376.000000,0.000000,0.000000,15.428910,5.447320,0.120203,0.031825,9.102984,0.585005,33.604194
1403638604527829504.000000,0.000000,0.000000,14.610984,5.740393,0.082399,0.057933,11.482417,0.091950,33.910475
1403638604577829376.000000,0.000000,0.000000,14.211342,5.069435,0.144505,0.045761,13.483330,0.083505,34.850912
1403638604627829504.000000,0.000000,0.000000,15.017228,8.685662,0.154632,0.047011,12.484764,0.064752,33.961850
1403638604677829376.000000,0.000000,0.000000,14.973875,5.154499,0.138197,0.035959,8.890110,0.569662,33.921220
1403638604727829504.000000,0.000000,0.000000,15.768761,5.279182,0.136012,0.038734,11.692368,0.161794,39.571743
1403638604777829376.000000,0.000000,0.000000,14.662083,5.817226,0.186954,0.043739,13.478929,0.108120,35.571435
1403638604827829504.000000,0.000000,0.000000,16.893384,6.566342,0.155138,0.043539,10.991859,0.120722,34.761335
1403638604877829376.000000,0.000000,0.000000,15.424899,5.584373,0.178012,0.043986,11.317057,0.160793,36.187817
1403638604927829504.000000,0.000000,0.000000,15.314685,5.549131,0.151458,0.049286,12.900645,0.487080,40.949309
1403638604977829376.000000,0.000000,0.000000,16.170441,6.357393,0.142295,0.040604,11.877160,0.084814,35.505385
1403638605027829504.000000,0.000000,0.000000,14.668158,6.656123,0.145284,0.061130,12.977236,0.107612,38.407164
1403638605077829376.000000,0.000000,0.000000,15.170776,7.582315,0.134210,0.052612,12.771031,0.070877,37.981870
1403638605127829504.000000,0.000000,0.000000,15.009561,5.062746,0.155292,0.037668,11.388788,0.062502,36.379736
1403638605177829376.000000,0.000000,0.000000,16.052764,7.682442,0.134789,0.051391,10.928792,0.498205,38.696490
1403638605227829504.000000,0.000000,0.000000,16.750968,5.450404,0.173183,0.103981,13.828873,0.093321,36.994299
1403638605277829376.000000,0.000000,0.000000,14.788752,6.406694,0.147779,0.063621,14.478253,0.113446,40.797647
1403638605327829504.000000,0.000000,0.000000,15.545503,6.272803,0.193856,0.083548,13.884719,0.109978,38.503024
1403638605377829376.000000,0.000000,0.000000,15.546897,5.334981,0.186005,0.037316,12.251066,0.532924,37.175142
1403638605427829504.000000,0.000000,0.000000,14.699242,6.630416,0.166710,0.061225,13.143091,0.110369,35.683009
1403638605477829376.000000,0.000000,0.000000,14.826163,5.020385,0.092345,0.059811,15.010661,0.119749,37.047235
1403638605527829504.000000,0.000000,0.000000,15.903074,6.291013,0.100283,0.062492,14.029722,0.090770,38.358246
1403638605577829376.000000,0.000000,0.000000,15.700807,6.652634,0.164484,0.041869,12.328286,0.597201,36.049193
1403638605627829504.000000,0.000000,0.000000,15.945650,7.034925,0.312047,0.050360,13.597338,0.153868,39.643774
1403638605677829376.000000,0.000000,0.000000,16.031459,7.369945,0.174037,0.059516,13.791839,0.139400,40.786942
1403638605727829504.000000,0.000000,0.000000,17.107550,7.446004,0.175819,0.129259,13.829391,0.143000,41.556990
1403638605777829376.000000,0.000000,0.000000,14.747518,6.936103,0.199672,0.047439,12.273359,0.084891,40.917437
1403638605827829504.000000,0.000000,0.000000,16.769878,7.597512,0.155737,0.078604,12.559729,0.494061,42.918831
1403638605877829376.000000,0.000000,0.000000,17.162733,7.053946,0.156772,0.062674,14.725667,0.079217,40.109798
1403638605927829504.000000,0.000000,0.000000,15.304005,6.319703,0.221118,0.078047,14.187657,0.151714,43.066004
1403638605977829376.000000,0.000000,0.000000,15.066669,7.095358,0.101419,0.064445,15.274084,0.106050,40.659855
1403638606027829504.000000,0.000000,0.000000,15.986795,6.772570,0.099081,0.055161,14.906758,0.077232,37.236565
1403638606077829376.000000,0.000000,0.000000,15.980589,5.354009,0.164340,0.068029,13.248722,0.072271,41.634354
1403638606127829504.000000,0.000000,0.000000,16.334817,5.968884,0.199054,0.069460,16.646645,0.089322,40.340400
1403638606177829376.000000,0.000000,0.000000,15.712322,5.338913,0.159203,0.089698,14.723224,0.499304,38.597256
1403638606227829504.000000,0.000000,0.000000,15.487705,5.643133,0.157988,0.055284,14.241314,0.078507,39.411356
1403638606277829376.000000,0.000000,0.000000,15.611608,4.973504,0.165318,0.073097,14.053413,0.161684,36.198200
1403638606327829504.000000,0.000000,0.000000,15.128361,4.955414,0.159966,0.069700,15.647843,0.117658,36.968553
1403638606377829376.000000,0.000000,0.000000,15.269119,5.420906,0.173895,0.128368,13.180678,0.088220,36.005320
1403638606427829504.000000,0.000000,0.000000,16.236818,4.938460,0.180948,0.052793,13.319417,0.107133,36.275951
1403638606477829376.000000,0.000000,0.000000,15.032535,5.403837,0.161780,0.071785,13.240075,0.101009,36.496104
1403638606527829504.000000,0.000000,0.000000,15.013269,5.364491,0.177090,0.092229,14.322459,0.489025,35.891897
1403638606577829376.000000,0.000000,0.000000,17.160636,5.322833,0.196739,0.048569,15.573582,0.178078,37.235512
1403638606627829504.000000,0.000000,0.000000,15.413678,4.972178,0.185067,0.070857,14.897489,0.133768,37.835536
1403638606677829376.000000,0.000000,0.000000,16.229024,7.164219,0.167882,0.084933,15.559938,0.144537,39.235958
1403638606727829504.000000,0.000000,0.000000,15.455567,4.998700,0.192931,0.078251,13.382577,0.070628,36.530515
1403638606777829376.000000,0.000000,0.000000,17.042376,6.141171,0.180671,0.074252,13.648518,0.099320,39.459329
1403638606827829504.000000,0.000000,0.000000,14.236993,6.358483,0.192178,0.081326,14.975585,0.415393,38.038524
1403638606877829376.000000,0.000000,0.000000,15.494072,7.104347,0.215879,0.053511,14.158357,0.094032,40.559472
1403638606927829504.000000,0.000000,0.000000,13.734142,6.483718,0.192722,0.071324,14.853023,0.143429,36.226781
1403638606977829376.000000,0.000000,0.000000,15.179947,7.387994,0.219509,0.077414,17.745520,0.108877,40.944676
1403638607027829504.000000,0.000000,0.000000,15.218049,7.152915,0.200597,0.086370,13.921852,0.117804,39.205861
1403638607077829376.000000,0.000000,0.000000,15.017344,6.225978,0.220756,0.060477,17.482780,0.090426,39.323385
1403638607127829504.000000,0.000000,0.000000,16.397855,8.302779,0.202321,0.069344,13.368829,0.104761,38.596357
1403638607177829376.000000,0.000000,0.000000,16.927050,7.173115,0.182810,0.068909,17.341084,0.726757,38.005794
1403638607227829504.000000,0.000000,0.000000,16.196483,5.684722,0.172266,0.043622,15.602146,0.123162,43.505168
1403638607277829376.000000,0.000000,0.000000,15.078629,7.097589,0.191488,0.080937,15.618065,0.127831,42.560256
1403638607327829504.000000,0.000000,0.000000,17.000052,6.488644,0.218975,0.076112,15.116953,0.112249,36.797846
1403638607377829376.000000,0.000000,0.000000,18.147017,5.487001,0.183794,0.075405,14.647806,0.076186,38.687307
1403638607427829504.000000,0.000000,0.000000,16.300107,6.361288,0.163766,0.062226,14.278974,0.457824,40.821892
1403638607477829376.000000,0.000000,0.000000,15.852273,5.322327,0.171917,0.037450,14.575539,0.094197,39.782952
1403638607527829504.000000,0.000000,0.000000,16.733231,6.114107,0.152396,0.133659,13.873164,0.170794,38.677403
1403638607577829376.000000,0.000000,0.000000,15.866354,6.461921,0.164083,0.070521,16.502002,0.120606,37.917697
1403638607627829504.000000,0.000000,0.000000,15.099465,6.344658,0.173391,0.109945,14.721334,0.085712,40.022719
1403638607677829376.000000,0.000000,0.000000,14.695730,6.466915,0.164104,0.066127,13.352519,0.108916,38.118147
1403638607727829504.000000,0.000000,0.000000,15.183095,5.992312,0.093900,0.092000,13.646972,0.533783,37.841130
1403638607777829376.000000,0.000000,0.000000,15.754836,6.734185,0.153659,0.047552,15.171225,0.096255,35.127152
1403638607827829504.000000,0.000000,0.000000,14.773465,5.429497,0.166831,0.086293,15.942394,0.141397,36.814551
1403638607877829376.000000,0.000000,0.000000,16.070552,7.216052,0.149119,0.069767,14.501801,0.136727,39.659232
1403638607927829504.000000,0.000000,0.000000,16.389482,5.315887,0.174075,0.039306,14.990607,0.093448,36.444172
1403638607977829376.000000,0.000000,0.000000,14.753642,5.326839,0.099040,0.081609,14.333748,0.430933,39.766314
1403638608027829504.000000,0.000000,0.000000,16.055755,6.946047,0.150806,0.052023,13.601171,0.138317,35.877421
1403638608077829376.000000,0.000000,0.000000,14.817071,5.221439,0.146865,0.068873,14.532534,0.133593,36.288469
1403638608127829504.000000,0.000000,0.000000,15.213764,5.376698,0.148087,0.079507,15.158865,0.158074,39.297667
1403638608177829376.000000,0.000000,0.000000,15.716801,5.581724,0.149290,0.074038,14.675065,0.102618,35.861539
1403638608227829504.000000,0.000000,0.000000,15.962874,4.851416,0.168551,0.053452,15.438111,0.350273,35.792257
1403638608277829376.000000,0.000000,0.000000,13.330163,4.999003,0.140590,0.043768,15.247501,0.082925,35.984599
1403638608327829504.000000,0.000000,0.000000,15.822839,5.409790,0.136139,0.067921,15.115770,0.138415,36.681358
1403638608377829376.000000,0.000000,0.000000,14.991773,5.457648,0.169967,0.067285,16.716075,0.116099,33.329056
1403638608427829504.000000,0.000000,0.000000,15.266472,7.460560,0.149273,0.104293,14.334780,0.133383,36.593616
1403638608477829376.000000,0.000000,0.000000,15.464591,5.642368,0.232271,0.047232,13.794630,0.383267,33.252616
1403638608527829504.000000,0.000000,0.000000,16.126924,6.559622,0.191690,0.034414,14.460019,0.093925,40.987112
1403638608577829376.000000,0.000000,0.000000,14.360657,6.122351,0.082923,0.084003,16.819338,0.143414,35.070575
1403638608627829504.000000,0.000000,0.000000,15.823527,5.806466,0.128819,0.074000,14.677124,0.167729,38.351055
1403638608677829376.000000,0.000000,0.000000,14.379066,5.102461,0.160632,0.064183,14.506842,0.127286,34.133065
1403638608727829504.000000,0.000000,0.000000,15.924494,7.568785,0.203587,0.042318,14.632817,0.358052,37.751289
1403638608777829376.000000,0.000000,0.000000,15.792596,7.362603,0.155725,0.044787,15.536113,0.076539,34.541166
1403638608827829504.000000,0.000000,0.000000,16.435202,7.870214,0.160048,0.074328,15.758486,0.121728,40.086589
1403638608877829376.000000,0.000000,0.000000,15.012301,8.215284,0.184836,0.092612,17.300282,0.111459,38.755431
1403638608927829504.000000,0.000000,0.000000,15.344058,7.518668,0.161354,0.086826,17.240473,0.112317,41.460098
1403638608977829376.000000,0.000000,0.000000,15.535838,7.713334,0.136812,0.049340,12.700019,0.081039,40.466129
1403638609027829504.000000,0.000000,0.000000,14.907652,5.067796,0.091849,0.067406,15.918814,0.086420,39.001303
1403638609077829376.000000,0.000000,0.000000,17.367638,4.984115,0.126566,0.072587,15.057591,0.064813,37.913541
1403638609127829504.000000,0.000000,0.000000,15.389853,5.331029,0.192143,0.087465,13.282491,0.060798,33.426434
1403638609177829376.000000,0.000000,0.000000,16.572572,7.381749,0.149138,0.070519,13.368850,0.087041,36.597034
1403638609227829504.000000,0.000000,0.000000,15.105216,8.275744,0.151005,0.097134,16.627088,0.490387,34.531597
1403638609277829376.000000,0.000000,0.000000,15.139540,7.352716,0.094531,0.051387,17.846420,0.140735,39.350973
1403638609327829504.000000,0.000000,0.000000,16.654898,7.161549,0.126105,0.073204,13.985222,0.130705,38.222699
1403638609377829376.000000,0.000000,0.000000,14.967579,5.550795,0.155473,0.075046,15.210850,0.132961,38.335066
1403638609427829504.000000,0.000000,0.000000,16.672279,4.924120,0.132455,0.078479,16.448106,0.129341,40.479192
1403638609477829376.000000,0.000000,0.000000,14.717944,5.251293,0.132313,0.082297,13.756191,0.102024,35.214518
1403638609527829504.000000,0.000000,0.000000,14.395861,5.887622,0.142678,0.080353,15.367109,0.096582,35.474397
1403638609577829376.000000,0.000000,0.000000,15.364876,6.471782,0.181587,0.075109,14.615345,0.082807,33.010548
1403638609627829504.000000,0.000000,0.000000,14.854795,7.114740,0.160902,0.098796,14.090221,0.073246,34.465972
1403638609677829376.000000,0.000000,0.000000,13.393033,7.706895,0.126960,0.074745,13.849678,0.108451,35.973180
1403638609727829504.000000,0.000000,0.000000,15.499152,4.767805,0.167760,0.074231,13.828227,0.528368,38.176432
1403638609777829376.000000,0.000000,0.000000,16.058335,8.530983,0.142427,0.067312,15.357072,0.088673,36.215615
1403638609827829504.000000,0.000000,0.000000,15.363204,6.824259,0.179227,0.077260,15.818965,0.144143,34.919073
1403638609877829376.000000,0.000000,0.000000,14.994776,7.646781,0.151883,0.073877,15.272766,0.134929,40.773932
1403638609927829504.000000,0.000000,0.000000,15.038043,9.021633,0.144534,0.110439,15.388398,0.135445,38.514009
1403638609977829376.000000,0.000000,0.000000,14.700705,7.314379,0.119571,0.054624,12.470075,0.083052,39.202052
1403638610027829504.000000,0.000000,0.000000,15.981828,4.523382,0.153528,0.077121,14.615724,0.102323,40.816538
1403638610077829376.000000,0.000000,0.000000,14.799103,6.976242,0.126224,0.076578,17.589710,0.084018,37.457955
1403638610127829504.000000,0.000000,0.000000,14.645772,5.058984,0.167015,0.078069,14.177526,0.607759,34.067957
1403638610177829376.000000,0.000000,0.000000,14.595710,7.839263,0.133808,0.051783,15.141214,0.086088,36.615667
1403638610227829504.000000,0.000000,0.000000,15.921615,7.066680,0.130479,0.082568,14.782829,0.087387,33.240675
1403638610277829376.000000,0.000000,0.000000,14.656385,5.133601,0.151526,0.103187,15.968482,0.109804,38.844007
1403638610327829504.000000,0.000000,0.000000,15.199092,7.248803,0.136673,0.077043,15.257961,0.140513,37.122809
1403638610377829376.000000,0.000000,0.000000,15.962680,6.568135,0.127005,0.045991,14.356056,0.114940,34.268807
1403638610427829504.000000,0.000000,0.000000,14.885303,4.971771,0.146069,0.076163,14.890555,0.081507,38.257387
1403638610477829376.000000,0.000000,0.000000,16.479372,5.301567,0.122752,0.075323,14.202012,0.578347,38.316041
1403638610527829504.000000,0.000000,0.000000,15.006227,7.106218,0.146496,0.048049,17.723268,0.116610,32.890490
1403638610577829376.000000,0.000000,0.000000,14.866741,6.963172,0.125293,0.075804,16.376430,0.121809,37.086667
1403638610627829504.000000,0.000000,0.000000,15.119870,4.835256,0.131986,0.076682,14.193534,0.170818,38.136838
1403638610677829376.000000,0.000000,0.000000,15.249094,9.343750,0.129228,0.082197,14.192577,0.167738,36.137366
1403638610727829504.000000,0.000000,0.000000,14.692204,5.255695,0.137390,0.056270,13.128710,0.084117,35.110989
1403638610777829376.000000,0.000000,0.000000,15.259010,5.970129,0.147847,0.071081,15.392584,0.076124,39.556222
1403638610827829504.000000,0.000000,0.000000,14.965660,6.100489,0.121359,0.076518,16.344940,0.106632,34.969911
1403638610877829376.000000,0.000000,0.000000,15.200504,5.494995,0.122234,0.097764,13.222102,0.557625,35.403172
1403638610927829504.000000,0.000000,0.000000,13.442540,4.975615,0.122565,0.045442,15.614526,0.077316,34.073125
1403638610977829376.000000,0.000000,0.000000,15.408420,8.256232,0.121609,0.079159,16.754563,0.136900,35.507853
1403638611027829504.000000,0.000000,0.000000,15.539210,5.327625,0.147348,0.084640,13.958883,0.160968,32.145905
1403638611077829376.000000,0.000000,0.000000,14.603815,6.079253,0.125425,0.075508,15.100137,0.110096,38.564577
1403638611127829504.000000,0.000000,0.000000,15.981099,6.558101,0.127693,0.067857,13.898924,0.075443,36.239573
1403638611177829376.000000,0.000000,0.000000,15.398282,7.088679,0.152051,0.082902,13.605930,0.077319,39.060083
1403638611227829504.000000,0.000000,0.000000,15.447975,6.902051,0.156907,0.081833,16.362139,0.095966,36.168411
1403638611277829376.000000,0.000000,0.000000,13.870650,5.572825,0.129926,0.084347,13.900545,0.091662,37.004440
1403638611327829504.000000,0.000000,0.000000,14.547372,6.559929,0.122454,0.075242,15.150079,0.069391,39.888968
1403638611377829376.000000,0.000000,0.000000,15.128389,4.954869,0.134721,0.073082,14.285104,0.597675,35.612628
1403638611427829504.000000,0.000000,0.000000,15.534880,6.673806,0.134282,0.059599,15.688303,0.085272,38.559807
1403638611477829376.000000,0.000000,0.000000,16.327703,6.101160,0.160072,0.074783,15.422433,0.101672,36.198403
1403638611527829504.000000,0.000000,0.000000,15.013290,6.031392,0.131532,0.088973,15.794870,0.150221,36.600845
1403638611577829376.000000,0.000000,0.000000,14.679912,8.976088,0.138415,0.077497,14.263253,0.132311,37.056332
1403638611627829504.000000,0.000000,0.000000,14.380414,5.577730,0.153961,0.072425,13.396721,0.093762,40.238047
1403638611677829376.000000,0.000000,0.000000,15.713320,6.554976,0.174677,0.090007,14.409254,0.449613,39.695722
1403638611727829504.000000,0.000000,0.000000,15.292292,8.725895,0.080385,0.044142,13.789789,0.128592,34.219105
1403638611777829376.000000,0.000000,0.000000,15.167946,5.042285,0.145656,0.065152,14.909737,0.126998,38.381249
1403638611827829504.000000,0.000000,0.000000,14.137897,5.005654,0.082451,0.067870,15.360374,0.088168,40.033487
1403638611877829376.000000,0.000000,0.000000,15.514000,5.222846,0.107792,0.068191,14.722338,0.080438,34.463703
1403638611927829504.000000,0.000000,0.000000,16.107141,6.072851,0.087197,0.078464,14.912897,0.097983,33.593941
1403638611977829376.000000,0.000000,0.000000,15.195097,5.238516,0.154510,0.082353,14.758899,0.090758,35.138178
1403638612027829504.000000,0.000000,0.000000,15.335987,7.002404,0.166655,0.088106,16.085563,0.069905,39.006650
1403638612077829376.000000,0.000000,0.000000,17.182663,4.834252,0.134539,0.091133,16.979192,0.219131,36.564664
1403638612127829504.000000,0.000000,0.000000,15.732302,6.049297,0.157795,0.094681,15.038336,0.092159,38.749671
1403638612177829376.000000,0.000000,0.000000,17.021684,6.693141,0.142642,0.085588,15.894289,0.488757,36.336783
1403638612227829504.000000,0.000000,0.000000,15.884543,5.717058,0.139241,0.067509,14.321611,0.108432,36.238918
1403638612277829376.000000,0.000000,0.000000,16.004788,5.049171,0.130569,0.082337,14.788883,0.145225,40.560209
1403638612327829504.000000,0.000000,0.000000,15.400141,5.505472,0.147791,0.093764,17.514806,0.109312,37.341341
1403638612377829376.000000,0.000000,0.000000,15.246996,5.331267,0.138366,0.086641,14.519297,0.152390,37.326898
1403638612427829504.000000,0.000000,0.000000,17.538537,5.102424,0.124858,0.077744,14.607769,0.120277,36.391613
1403638612477829376.000000,0.000000,0.000000,17.235392,5.319252,0.204690,0.081896,14.938183,0.105937,36.629113
1403638612527829504.000000,0.000000,0.000000,15.049547,5.507911,0.088969,0.083920,15.866468,0.082605,37.981658
1403638612577829376.000000,0.000000,0.000000,16.597897,4.950336,0.184231,0.099161,16.543456,0.075226,37.062678
1403638612627829504.000000,0.000000,0.000000,16.750988,5.459260,0.137934,0.082500,16.810707,0.094915,35.574568
1403638612677829376.000000,0.000000,0.000000,14.877171,5.078871,0.155770,0.081457,16.135184,0.520049,37.009691
1403638612727829504.000000,0.000000,0.000000,15.454076,7.724003,0.183415,0.066398,16.485936,0.143648,37.596911
1403638612777829376.000000,0.000000,0.000000,16.681567,9.551544,0.156827,0.085602,16.657338,0.149957,35.306103
1403638612827829504.000000,0.000000,0.000000,14.966099,5.015886,0.173244,0.084765,15.164101,0.157759,38.275884
1403638612877829376.000000,0.000000,0.000000,14.790568,6.160183,0.156492,0.125097,15.442903,0.121636,44.930614
1403638612927829504.000000,0.000000,0.000000,15.593787,5.021049,0.191391,0.063706,14.583401,0.081779,35.134800
1403638612977829376.000000,0.000000,0.000000,16.085636,5.043567,0.170531,0.082524,14.821273,0.116331,37.565119
1403638613027829504.000000,0.000000,0.000000,15.577116,5.268561,0.149300,0.083482,16.181844,0.113390,37.395502
1403638613077829376.000000,0.000000,0.000000,16.124490,5.330895,0.306844,0.100184,15.281096,0.074151,36.827182
1403638613127829504.000000,0.000000,0.000000,15.023427,5.412432,0.163363,0.081169,14.381393,0.098110,37.496107
1403638613177829376.000000,0.000000,0.000000,15.893293,6.916278,0.194081,0.104376,15.196313,0.453099,37.342002
1403638613227829504.000000,0.000000,0.000000,15.658494,7.118032,0.194662,0.053712,17.158743,0.105108,38.700777
1403638613277829376.000000,0.000000,0.000000,15.374891,6.779365,0.150784,0.086590,15.306537,0.112626,39.236342
1403638613327829504.000000,0.000000,0.000000,15.339770,5.462394,0.185584,0.101077,14.550542,0.167199,40.194205
1403638613377829376.000000,0.000000,0.000000,16.917542,6.304624,0.167137,0.077113,16.031256,0.150584,39.438526
1403638613427829504.000000,0.000000,0.000000,16.462192,6.802784,0.174708,0.078678,16.087197,0.083013,36.006268
1403638613477829376.000000,0.000000,0.000000,16.612408,7.560814,0.143712,0.099448,14.631299,0.074435,39.469621
1403638613527829504.000000,0.000000,0.000000,16.965128,5.735621,0.151506,0.095236,14.962679,0.103893,40.070904
1403638613577829376.000000,0.000000,0.000000,15.324003,5.060045,0.154882,0.079103,16.579844,0.073997,41.116580
1403638613627829504.000000,0.000000,0.000000,15.662392,5.065344,0.164811,0.128811,17.288450,0.396229,41.021890
1403638613677829376.000000,0.000000,0.000000,15.920627,6.607164,0.092362,0.040233,14.518210,0.114840,37.303763
1403638613727829504.000000,0.000000,0.000000,16.165253,5.115584,0.167364,0.075427,16.701138,0.115337,35.349215
1403638613777829376.000000,0.000000,0.000000,17.450078,5.404103,0.163749,0.079165,17.801293,0.136465,38.348412
1403638613827829504.000000,0.000000,0.000000,17.134102,5.977619,0.166419,0.085466,16.122092,0.158568,36.713110
1403638613877829376.000000,0.000000,0.000000,15.921308,6.156218,0.206926,0.091221,14.820250,0.444573,39.346361
1403638613927829504.000000,0.000000,0.000000,16.267930,6.306778,0.185179,0.056470,15.111830,0.101333,39.621558
1403638613977829376.000000,0.000000,0.000000,16.449282,4.674833,0.167920,0.088149,17.357344,0.160384,43.061933
1403638614027829504.000000,0.000000,0.000000,17.486149,5.960773,0.202335,0.080715,16.327729,0.147129,37.939911
1403638614077829376.000000,0.000000,0.000000,15.089699,5.897643,0.178012,0.083539,15.902116,0.101617,36.384568
1403638614127829504.000000,0.000000,0.000000,15.164057,5.590988,0.156453,0.060718,14.838137,0.394449,41.885363
1403638614177829376.000000,0.000000,0.000000,17.327454,5.541348,0.113728,0.052592,15.002818,0.084763,38.791822
1403638614227829504.000000,0.000000,0.000000,16.813802,4.895701,0.176596,0.086986,17.735174,0.142910,35.686709
1403638614277829376.000000,0.000000,0.000000,17.127925,5.935889,0.112929,0.085059,17.200046,0.122519,37.094590
1403638614327829504.000000,0.000000,0.000000,16.091450,6.981362,0.193102,0.091214,19.471183,0.139118,36.711414
1403638614377829376.000000,0.000000,0.000000,15.833696,6.161804,0.170855,0.055098,14.077191,0.469923,39.400071
1403638614427829504.000000,0.000000,0.000000,22.620946,6.868875,0.337317,0.050034,14.935652,0.114936,40.945847
1403638614477829376.000000,0.000000,0.000000,16.871965,6.720350,0.167045,0.093169,18.542028,0.142201,39.103861
1403638614527829504.000000,0.000000,0.000000,17.734652,4.665558,0.179725,0.106264,16.649249,0.142835,47.991613
1403638614577829376.000000,0.000000,0.000000,18.581458,7.842867,0.174137,0.084847,16.673575,0.129747,42.411959
1403638614627829504.000000,0.000000,0.000000,15.619463,6.508268,0.170672,0.055872,16.782904,0.375125,37.791475
1403638614677829376.000000,0.000000,0.000000,16.280372,4.765354,0.155350,0.049517,15.418710,0.100178,42.481030
1403638614727829504.000000,0.000000,0.000000,16.424209,4.786307,0.169190,0.103534,16.835408,0.154631,39.138997
1403638614777829376.000000,0.000000,0.000000,14.169933,5.029869,0.166014,0.091264,16.849527,0.120505,37.310415
1403638614827829504.000000,0.000000,0.000000,15.577956,4.357963,0.171190,0.078827,18.461183,0.117443,39.688466
1403638614877829376.000000,0.000000,0.000000,15.732114,5.017195,0.165038,0.081761,14.587623,0.423936,37.836127
1403638614927829504.000000,0.000000,0.000000,15.765349,5.891630,0.163583,0.053116,16.737992,0.108496,35.986188
1403638614977829376.000000,0.000000,0.000000,16.172340,5.664790,0.204311,0.081456,17.247789,0.112671,36.434862
1403638615027829504.000000,0.000000,0.000000,14.047235,6.246679,0.089032,0.088185,16.999540,0.101557,38.022155
1403638615077829376.000000,0.000000,0.000000,15.104282,4.817080,0.160775,0.099600,14.814849,0.121033,35.545011
1403638615127829504.000000,0.000000,0.000000,15.285480,6.249979,0.160780,0.085222,13.579103,0.476267,37.175054
1403638615177829376.000000,0.000000,0.000000,14.113871,4.547511,0.149115,0.044870,17.157085,0.080251,34.555230
1403638615227829504.000000,0.000000,0.000000,15.896815,4.334115,0.162805,0.102292,16.634226,0.156898,35.947536
1403638615277829376.000000,0.000000,0.000000,14.390658,4.219014,0.189148,0.082567,15.743934,0.142450,33.671122
1403638615327829504.000000,0.000000,0.000000,14.990272,6.139903,0.175535,0.086028,16.578656,0.094156,37.581579
1403638615377829376.000000,0.000000,0.000000,14.345908,5.389039,0.157846,0.049157,14.893599,0.080166,35.016153
1403638615427829504.000000,0.000000,0.000000,13.957869,4.688409,0.177591,0.096356,18.992235,0.091467,37.929721
1403638615477829376.000000,0.000000,0.000000,13.432754,4.457160,0.186644,0.081875,15.193216,0.117367,32.773187
1403638615527829504.000000,0.000000,0.000000,13.588493,6.449696,0.168092,0.100256,15.794456,0.103800,33.267540
1403638615577829376.000000,0.000000,0.000000,13.384711,4.559807,0.180041,0.116347,16.322829,0.122158,32.176847
1403638615627829504.000000,0.000000,0.000000,15.038338,5.012445,0.194913,0.091635,16.316721,0.679222,35.562764
1403638615677829376.000000,0.000000,0.000000,14.088293,7.013795,0.181855,0.043223,16.286145,0.086846,30.979492
1403638615727829504.000000,0.000000,0.000000,13.250043,4.633793,0.178730,0.216348,17.248798,0.136275,35.569080
1403638615777829376.000000,0.000000,0.000000,14.435414,5.755345,0.175760,0.086604,15.066483,0.160483,38.392808
1403638615827829504.000000,0.000000,0.000000,13.342317,5.213695,0.188094,0.093573,15.698279,0.138067,34.048297
1403638615877829376.000000,0.000000,0.000000,13.538360,4.997847,0.195105,0.048079,15.044838,0.074301,33.293727
1403638615927829504.000000,0.000000,0.000000,12.656765,7.905269,0.199413,0.105477,15.576162,0.073516,34.230270
1403638615977829376.000000,0.000000,0.000000,15.032478,5.342607,0.219581,0.082307,14.867624,0.106857,35.947396
1403638616027829504.000000,0.000000,0.000000,13.711396,6.238412,0.218376,0.078948,14.946960,0.403606,35.628685
1403638616077829376.000000,0.000000,0.000000,13.135748,6.082687,0.191075,0.050865,15.056533,0.079323,35.989909
1403638616127829504.000000,0.000000,0.000000,14.188792,6.527941,0.235070,0.095603,14.412751,0.116703,36.975294
1403638616177829376.000000,0.000000,0.000000,15.093932,6.040022,0.192190,0.084342,16.978622,0.083878,34.992270
1403638616227829504.000000,0.000000,0.000000,12.714247,7.402498,0.253699,0.081835,15.814947,0.140039,37.873112
1403638616277829376.000000,0.000000,0.000000,13.220453,5.445389,0.286459,0.074582,13.669616,0.106383,38.346873
1403638616327829504.000000,0.000000,0.000000,15.043705,7.105149,0.218648,0.086546,17.999575,0.428584,35.313162
1403638616377829376.000000,0.000000,0.000000,13.153526,7.199441,0.199880,0.047895,15.786166,0.078626,34.092856
1403638616427829504.000000,0.000000,0.000000,14.604942,5.543793,0.212669,0.085584,15.734688,0.133637,40.150917
1403638616477829376.000000,0.000000,0.000000,12.924863,5.427033,0.223199,0.078931,16.236482,0.097274,38.996639
1403638616527829504.000000,0.000000,0.000000,12.996540,6.005740,0.201125,0.075658,18.566062,0.132442,37.967224
1403638616577829376.000000,0.000000,0.000000,13.495493,7.600293,0.224513,0.055911,13.624221,0.372332,34.821230
1403638616627829504.000000,0.000000,0.000000,14.035970,5.576850,0.257762,0.063596,14.951567,0.232672,36.438665
1403638616677829376.000000,0.000000,0.000000,13.279347,5.403561,0.207017,0.085983,17.406443,0.098198,40.506109
1403638616727829504.000000,0.000000,0.000000,13.159786,5.421580,0.209155,0.148316,17.019187,0.133431,37.609927
1403638616777829376.000000,0.000000,0.000000,13.804125,5.631112,0.411358,0.077007,14.870719,0.137494,35.485614
1403638616827829504.000000,0.000000,0.000000,14.584514,6.994669,0.222488,0.056581,12.548254,0.413417,36.791095
1403638616877829376.000000,0.000000,0.000000,14.597154,7.385066,0.208446,0.043278,16.477650,0.080909,37.395755
1403638616927829504.000000,0.000000,0.000000,16.478404,7.877698,0.130835,0.082442,18.003345,0.121461,39.850284
1403638616977829376.000000,0.000000,0.000000,13.979662,8.819563,0.111951,0.075730,16.071555,0.113915,38.400383
1403638617027829504.000000,0.000000,0.000000,14.604768,8.429798,0.200801,0.070597,15.799481,0.098472,40.987574
1403638617077829376.000000,0.000000,0.000000,14.250871,8.916063,0.246768,0.053797,13.238940,0.517169,41.802249
1403638617127829504.000000,0.000000,0.000000,13.791118,6.329313,0.119480,0.049717,13.626286,0.098401,41.885532
1403638617177829376.000000,0.000000,0.000000,13.585134,6.046379,0.215598,0.087941,15.931184,0.112410,43.088968
1403638617227829504.000000,0.000000,0.000000,15.709351,6.385040,0.215356,0.068797,15.829518,0.115574,38.950999
1403638617277829376.000000,0.000000,0.000000,13.972557,6.153773,0.259306,0.064120,13.537854,0.140271,37.502169
1403638617327829504.000000,0.000000,0.000000,13.341256,6.057065,0.211057,0.044215,12.379975,0.454541,42.837098
1403638617377829376.000000,0.000000,0.000000,13.876229,5.776383,0.212515,0.039488,13.848290,0.090536,39.231280
1403638617427829504.000000,0.000000,0.000000,13.407547,6.474064,0.358162,0.074978,15.439742,0.108839,38.119996
1403638617477829376.000000,0.000000,0.000000,13.832700,6.425645,0.202519,0.068385,15.848083,0.093653,38.109959
1403638617527829504.000000,0.000000,0.000000,15.384572,6.079748,0.202971,0.076790,16.118109,0.068398,39.534754
1403638617577829376.000000,0.000000,0.000000,14.041776,5.909894,0.233474,0.069506,13.687974,0.375769,37.685836
1403638617627829504.000000,0.000000,0.000000,14.378521,6.336593,0.225782,0.057730,14.513723,0.085236,38.953393
1403638617677829376.000000,0.000000,0.000000,13.832253,7.016415,0.209929,0.088941,17.442031,0.078288,37.292030
1403638617727829504.000000,0.000000,0.000000,13.500799,6.006672,0.255765,0.091041,14.811274,0.089408,39.811992
1403638617777829376.000000,0.000000,0.000000,15.984642,6.864432,0.273551,0.043407,13.220630,0.097981,40.610767
1403638617827829504.000000,0.000000,0.000000,13.727836,5.240780,0.219619,0.055749,13.390869,0.066459,38.462200
1403638617877829376.000000,0.000000,0.000000,13.017332,6.332379,0.222993,0.083872,14.459404,0.289025,42.702299
1403638617927829504.000000,0.000000,0.000000,14.309659,5.319909,0.257726,0.051657,12.099009,0.064934,36.639024
1403638617977829376.000000,0.000000,0.000000,13.863515,6.881919,0.223687,0.058688,13.378743,0.085322,37.816619
1403638618027829504.000000,0.000000,0.000000,14.064449,6.108163,0.226386,0.070384,15.819611,0.079859,38.962737
1403638618077829376.000000,0.000000,0.000000,13.184213,5.596745,0.252057,0.068791,14.473416,0.091968,39.138457
1403638618127829504.000000,0.000000,0.000000,15.834169,5.784877,0.233336,0.060813,13.990602,0.322095,39.334649
1403638618177829376.000000,0.000000,0.000000,14.028585,5.607202,0.218159,0.043954,14.257208,0.054275,40.710550
1403638618227829504.000000,0.000000,0.000000,14.019750,5.821708,0.216442,0.069600,13.342787,0.064625,39.883050
1403638618277829376.000000,0.000000,0.000000,13.515726,5.355595,0.223581,0.063775,13.706603,0.116229,41.267107
1403638618327829504.000000,0.000000,0.000000,13.008765,6.355773,0.228489,0.052546,12.594159,0.063958,37.519392
1403638618377829376.000000,0.000000,0.000000,13.919129,7.959544,0.240029,0.052698,11.370954,0.349506,41.348046
1403638618427829504.000000,0.000000,0.000000,13.987165,5.734781,0.253257,0.043118,12.497071,0.072785,40.073909
1403638618477829376.000000,0.000000,0.000000,13.500213,8.146740,0.221002,0.051908,14.297996,0.074178,41.553252
1403638618527829504.000000,0.000000,0.000000,13.697563,5.546510,0.237720,0.055578,15.359075,0.075192,38.983710
1403638618577829376.000000,0.000000,0.000000,12.902849,5.841219,0.445382,0.035855,12.931557,0.110803,40.817140
1403638618627829504.000000,0.000000,0.000000,13.487858,5.606839,0.227129,0.058143,11.642769,0.067824,37.786865
1403638618677829376.000000,0.000000,0.000000,15.561283,6.863429,0.250942,0.060349,13.166652,0.040010,37.478556
1403638618727829504.000000,0.000000,0.000000,13.297569,7.342642,0.251128,0.064976,14.414735,0.061499,37.940224
1403638618777829376.000000,0.000000,0.000000,13.456717,9.151869,0.234435,0.060116,12.423531,0.066012,43.015879
1403638618827829504.000000,0.000000,0.000000,13.538174,5.575707,0.287138,0.066256,14.880246,0.046171,41.026224
1403638618877829376.000000,0.000000,0.000000,17.537357,6.579149,0.303649,0.076032,13.541456,0.276556,40.558548
1403638618927829504.000000,0.000000,0.000000,13.346035,5.541970,0.256577,0.048360,14.440314,0.068245,37.281489
1403638618977829376.000000,0.000000,0.000000,14.387344,6.327124,0.231188,0.058467,15.102780,0.064494,43.428391
1403638619027829504.000000,0.000000,0.000000,13.177900,6.822457,0.310087,0.085341,15.220072,0.088919,39.696151
1403638619077829376.000000,0.000000,0.000000,14.761733,5.636620,0.241696,0.071017,11.918551,0.083213,39.636306
1403638619127829504.000000,0.000000,0.000000,13.624772,6.554836,0.234363,0.042724,11.063459,0.328987,39.040716
1403638619177829376.000000,0.000000,0.000000,13.456116,5.464211,0.318705,0.055677,12.942485,0.052896,39.348664
1403638619227829504.000000,0.000000,0.000000,13.908196,7.257567,0.242539,0.043302,11.885225,0.085557,38.490216
1403638619277829376.000000,0.000000,0.000000,13.642494,6.642965,0.276206,0.019918,9.251877,0.071842,37.947458
1403638619327829504.000000,0.000000,0.000000,14.661064,6.765402,0.263917,0.016491,10.244674,0.044962,41.093998
1403638619377829376.000000,0.000000,0.000000,15.913756,6.445155,0.246952,0.028121,14.134977,0.602341,44.249570
1403638619427829504.000000,0.000000,0.000000,15.684931,6.415175,0.259022,0.033379,12.633836,0.065643,41.119060
1403638619477829376.000000,0.000000,0.000000,15.979755,6.252524,0.265284,0.045632,11.434757,0.056839,41.830566
1403638619527829504.000000,0.000000,0.000000,15.448506,5.097523,0.246868,0.038550,12.424147,0.049310,41.499701
1403638619577829376.000000,0.000000,0.000000,15.622277,6.033795,0.129567,0.026480,7.526423,0.027297,43.721930
1403638619627829504.000000,0.000000,0.000000,16.816594,5.371737,0.319303,0.025221,9.266035,0.305908,44.687128
1403638619677829376.000000,0.000000,0.000000,17.461970,6.469091,0.258609,0.025493,8.845575,0.054786,39.860688
1403638619727829504.000000,0.000000,0.000000,17.146927,6.939287,0.237015,0.028974,11.551664,0.036909,41.320802
1403638619777829376.000000,0.000000,0.000000,16.562927,5.903439,0.284312,0.025998,9.862949,0.273676,45.506307
1403638619827829504.000000,0.000000,0.000000,16.650240,6.363299,0.277035,0.030936,8.583901,0.032824,43.593048
1403638619877829376.000000,0.000000,0.000000,15.803570,6.135533,0.236268,0.036655,10.215022,0.037371,41.489814
1403638619927829504.000000,0.000000,0.000000,16.142992,6.250994,0.233906,0.028128,8.892171,0.034145,41.902650
1403638619977829376.000000,0.000000,0.000000,19.153954,5.891574,0.292393,0.031002,13.011959,0.026330,41.745034
1403638620027829504.000000,0.000000,0.000000,16.320485,5.895033,0.245403,0.039446,9.158692,0.020999,42.390857
1403638620077829376.000000,0.000000,0.000000,18.291702,7.780126,0.249229,0.033010,8.547759,0.019817,46.605494
1403638620127829504.000000,0.000000,0.000000,15.386672,5.761859,0.271913,0.032774,11.565619,0.024541,43.830800
1403638620177829376.000000,0.000000,0.000000,16.667267,6.259171,0.306881,0.031829,9.238100,0.019812,43.293468
1403638620227829504.000000,0.000000,0.000000,16.850390,5.095958,0.249593,0.030859,9.544865,0.021876,41.174616
1403638620277829376.000000,0.000000,0.000000,15.817250,5.831814,0.326007,0.045010,14.101062,0.281693,42.323895
1403638620327829504.000000,0.000000,0.000000,16.425330,5.021141,0.316843,0.026434,12.096519,0.034981,39.617266
1403638620377829376.000000,0.000000,0.000000,16.554828,5.439112,0.231064,0.034287,10.409713,0.032118,39.398020
1403638620427829504.000000,0.000000,0.000000,16.654519,6.125071,0.242100,0.033511,9.902855,0.053627,42.538639
1403638620477829376.000000,0.000000,0.000000,16.004687,6.476123,0.046263,0.024169,9.888021,0.019749,44.349616
1403638620527829504.000000,0.000000,0.000000,16.315921,5.864801,0.252679,0.046891,10.820387,0.026081,41.176288
1403638620577829376.000000,0.000000,0.000000,18.555375,6.319027,0.127125,0.029122,8.387592,0.020814,42.500640
1403638620627829504.000000,0.000000,0.000000,14.489002,6.445793,0.236873,0.000000,231.058952,98806.853880,43.437521
1403638620677829376.000000,0.000000,0.000000,15.989138,5.301991,0.264137,0.000000,-123.060939,11.309663,42.792291
1403638620727829504.000000,0.000000,0.000000,16.164372,6.348476,0.236362,0.000000,-423543.340979,-1049427782635534246845594921925894363524067941109938060287907056556527814489145344.000000,40.917630
1403638620777829376.000000,0.000000,0.000000,15.419500,6.084738,0.234939,0.000000,0.000000,-47541472702092236430189683699183990000077117786755203578980323573569845013994163241610280606345985511444068353216264785584576167258447682808035204399104.000000,39.993514
1403638620827829504.000000,0.000000,0.000000,15.719957,5.783041,0.136723,0.000000,0.000000,-225237234868761880204637885766917246947822803750018571201505822755426196212149803003964438341403253334377234432.000000,40.913499
1403638620877829376.000000,0.000000,0.000000,17.435142,6.184941,0.244427,0.000000,0.000000,0.000000,39.971240
1403638620927829504.000000,0.000000,0.000000,17.546688,7.266314,0.252080,0.000000,0.000000,-0.000000,39.764057
1403638620977829376.000000,0.000000,0.000000,16.737284,6.149493,0.263182,0.000000,0.000000,-0.000000,43.404906
1403638621027829504.000000,0.000000,0.000000,17.397297,6.725919,0.246960,0.000000,0.000000,-4067287777462340208412089992453682723545695499861500268763771494029667676192677326875813263457129379898288711142513814360541591838188140809572076087918775952922917078179065222774535187267450163478152706825613867675436352522262841622789861856318190266642680109688079238823936.000000,45.212284
1403638621077829376.000000,0.000000,0.000000,16.434186,5.203974,0.243121,0.000000,0.000000,-721551717180211385796385493399055324895118570344350220288.000000,42.362247
1403638621127829504.000000,0.000000,0.000000,15.304333,6.048435,0.264036,0.000000,0.000000,-100951175826939033894977029220776642028084952046037962063452838035456.000000,44.522154
1403638621177829376.000000,0.000000,0.000000,16.072032,6.585069,0.231399,0.000000,0.000000,-50491835835928090500315552039738859322796197072822585600742472714737337251015027589120.000000,38.230439
1403638621227829504.000000,0.000000,0.000000,15.220459,8.287997,0.124802,0.000000,0.000000,-0.000000,40.075014
1403638621277829376.000000,0.000000,0.000000,16.115001,5.343132,0.227962,0.000000,0.000000,-0.000000,44.289937
1403638621327829504.000000,0.000000,0.000000,16.633092,4.874365,0.315908,0.000000,0.000000,0.000000,42.562273
1403638621377829376.000000,0.000000,0.000000,15.738961,5.200720,0.239240,0.000000,0.000000,0.000000,40.959512
1403638621427829504.000000,0.000000,0.000000,16.965744,6.767847,0.241821,0.000000,0.000000,-614091726770116364744502758768862072755892194065481768902085617008145990702799610768102660633778960091304662496408930465607693354947185551612989515404756608548571430771696993600633942520762917745328128.000000,40.592258
1403638621477829376.000000,0.000000,0.000000,15.005806,5.985503,0.250951,0.000000,0.000000,-0.000000,41.393939
1403638621527829504.000000,0.000000,0.000000,16.311707,6.160544,0.248149,0.000000,-802123.595768,0.000000,43.317426
1403638621577829376.000000,0.000000,0.000000,15.813750,7.748001,0.233108,0.000000,474598.095634,-0.000000,39.553793
1403638621627829504.000000,0.000000,0.000000,17.666775,7.830283,0.232610,0.000000,-2177430.770797,-0.000000,41.804118
1403638621677829376.000000,0.000000,0.000000,16.301176,5.315886,0.392862,0.000000,-1670953.694434,0.000000,42.195985
1403638621727829504.000000,0.000000,0.000000,15.693017,8.736071,0.288580,0.000000,-23592908.278554,7673173184030717696369965316878640343510852752256960260668523604920836531339230560499732796910167013860192684433747035439485290369518809343159881610846326990353341808739691692488337076952603033600.000000,47.909896
1403638621777829376.000000,0.000000,0.000000,16.016454,5.965429,0.256516,0.000000,-4515308.437579,0.000000,42.404280
1403638621827829504.000000,0.000000,0.000000,16.001630,5.555348,0.242400,0.000000,3975357.286685,-223841604167535147336380468727123686585121274972858801415000526963897813156702395895740320166887293312972294657345277623353897895690689970274002627226103857669946366612272397246658444625902577950233038240768244371322164420270782530992388507685812282605183330741253736386565512605000408157763981177310412800.000000,43.613053
1403638621877829376.000000,0.000000,0.000000,16.481000,5.135475,0.259122,0.000000,-1217.364519,139745605576973219715149133659048656497293616970518570732662872825185197017953840814695299909331844941843674175974472911834612498432.000000,40.683352
1403638621927829504.000000,0.000000,0.000000,14.206294,7.853802,0.245248,0.000000,450.646281,0.000000,38.939601
1403638621977829376.000000,0.000000,0.000000,15.520218,5.258481,0.225037,0.000000,-10792.984007,0.000000,41.048304
1403638622027829504.000000,0.000000,0.000000,15.290068,5.751616,0.260988,0.000000,6999.031114,-0.000000,42.912936
1403638622077829376.000000,0.000000,0.000000,14.825403,4.991830,0.251065,0.000000,-32582.592705,-524592035283084492030232326274975728120465591407457245937505865250067173188315798098730195279314215111303839307584880304044843029520631660269502011013242286033977119758991952946559518328750080.000000,38.735466
1403638622127829504.000000,0.000000,0.000000,15.200320,5.864146,0.231965,0.000000,5222.597544,-48156165293971548275595054477928123994709644557868943078632456192.000000,40.682860
1403638622177829376.000000,0.000000,0.000000,14.533781,5.877447,0.257170,0.000000,73431.149235,12365346370631800324710129535462898633219148081545582691715762650053857595590726043028304418868659575345422420233779690722428064032161833250867778618537566673255570022027192889038008915371316653833799127373337406431786438554741331890105951274120549357397737472.000000,41.099797
1403638622227829504.000000,0.000000,0.000000,14.965965,7.892548,0.241701,0.000000,14150.068252,0.000000,39.584179
1403638622277829376.000000,0.000000,0.000000,18.168034,5.407242,0.239835,0.000000,0.000000,-0.000000,40.495314
1403638622327829504.000000,0.000000,0.000000,17.499136,6.379882,0.259409,0.000000,0.000000,-78986426583.576645,40.546244
1403638622377829376.000000,0.000000,0.000000,14.243385,5.788106,0.271054,0.000000,0.000000,-6803886581216084844159403388479766220774655078115659090694501603835342273078334998943190304547654882012117905637677670976012548424720365841740137319309910363647133629822452818018069952452042776436983587068237731909226044645524512812056224810120773632.000000,41.552373
1403638622427829504.000000,0.000000,0.000000,14.875429,5.934133,0.247877,0.000000,0.000000,12683665486908495453720039059637756317688192563728383523575272622953566566082496834804552395994388461909137679042098033391928364736851990651595418335518807170087918833766853994735957910902194085498209887736617627899909691895202062167200358734053140088390751450342359040.000000,44.514486
1403638622477829376.000000,0.000000,0.000000,15.775652,6.492176,0.242769,0.000000,0.000000,26.807219,37.937825
1403638622527829504.000000,0.000000,0.000000,15.736253,6.882451,0.241794,0.000000,0.000000,-2243126910224374932704718812508115152410999730162301492081358212262939616234126038547635119415700325268302695702972077692674808675442171576320.000000,40.059093
1403638622577829376.000000,0.000000,0.000000,16.511392,5.240617,0.249784,0.000000,0.000000,82493759243870508041795557857931544394292401142975841249174933288341776981146336608022441434568243883158710924577141550414644612431872.000000,41.588292
1403638622627829504.000000,0.000000,0.000000,15.411952,6.475705,0.266075,0.000000,0.000000,-1672549788754273294466801891822451857288741617926144.000000,42.533607
1403638622677829376.000000,0.000000,0.000000,15.897425,6.023679,0.241272,0.000000,0.000000,73145618096645448088645643020223180177408.000000,41.253446
1403638622727829504.000000,0.000000,0.000000,14.301844,6.215909,0.306707,0.000000,0.000000,-45927111472033505517281548223341061978082645989655747141283529769195984859012237788412081832999396526017672318518519506522400344332872493855853768171753341650088946807735796762772799031062547243920207706675612350623235828385439080861122039277158400.000000,42.167046
1403638622777829376.000000,0.000000,0.000000,15.373965,5.120534,0.223276,0.000000,0.000000,-685664518747157740182180991873721320354495634360201620253508730889096005528638615426835677184.000000,40.883074
1403638622827829504.000000,0.000000,0.000000,14.969930,5.603628,0.222338,0.000000,0.000000,2364687737381674253331182270346690560.000000,37.921119
1403638622877829376.000000,0.000000,0.000000,15.563866,5.992084,0.226449,0.000000,0.000000,-14415692456041709497607802298383792365247962021888.000000,39.533151
1403638622927829504.000000,0.000000,0.000000,15.542295,5.422828,0.247767,0.000000,0.000000,-4.891619,39.216738
1403638622977829376.000000,0.000000,0.000000,16.125602,5.543052,0.242972,0.000000,0.000000,-21433001069938641832100109903670265630367575703552.000000,40.801055
1403638623027829504.000000,0.000000,0.000000,15.510821,6.184746,0.232516,0.000000,149326.338194,-33438800462030094315656554880188269716568014848.000000,41.228494
1403638623077829376.000000,0.000000,0.000000,14.372690,6.116092,0.281069,0.000000,2310576.202003,0.000000,40.585183
1403638623127829504.000000,0.000000,0.000000,15.749220,6.569639,0.243428,0.000000,449141.619680,46781280619426376155576819059310949525672515935731724027211186523299858676390096681328345893067140560037072222864913278406914623562416980124237824097817966443619414290351702122401803950963218352847760053862507304557543765067671933457556664409886031872.000000,41.413206
1403638623177829376.000000,0.000000,0.000000,14.247127,7.487001,0.268718,0.000000,-9653148.543694,-10060211922333808386122021983088356439184793504288540518261901045070942123889177432385086030043912902775011562387241896917316147978911929176727204172032244637235182238805393663787430325875860304722440166208158607913311812436485411457100733920808271872.000000,39.287639
1403638623227829504.000000,0.000000,0.000000,15.404724,6.429671,0.264262,0.000000,4830125.479818,-34418686560204921086515051614366149641085272167049933226302500835609378936187556748999205458879160763354092758471425597051843585721839365914213812532022339561362324943156990830300522393795607772478436006560612356351727741242966016.000000,42.681391
1403638623277829376.000000,0.000000,0.000000,15.714133,5.334542,0.237928,0.000000,-21303313.113833,-121191856733491212776575206372088557334700847627544725827185632806221690396570175794515472846510976159168257515472639408674299736894652868353972315727448387788854697703403940585203181946596604415652204780017562943488000.000000,43.600827
1403638623327829504.000000,0.000000,0.000000,17.094623,5.705095,0.241080,0.000000,-1217.364519,-2320359943396028764947095357577321384684354691929802222918027162201522555819454142127224248397367223397720139172624265410729029374449756481010619179934481837603995982160362000262155758004345605136224318326631163960728870343763878039459356953149607631792477755380901834057017108151843983863481824798029381632.000000,40.827395
1403638623377829376.000000,0.000000,0.000000,16.056817,5.334215,0.239484,0.000000,3968331.693094,-0.000000,42.107682
1403638623427829504.000000,0.000000,0.000000,17.059620,7.747823,0.273189,0.000000,2787.451085,-32057395643873054019903835837604414006059670538573164567925783294410160633679139195421441815493977129813809084682124826478750567299981439075186678265208384460605702318981808691569440154737888925765522434420605642998372368384.000000,41.535512
1403638623477829376.000000,0.000000,0.000000,16.064483,5.521607,0.240225,0.000000,1828.693395,0.000000,40.652986
1403638623527829504.000000,0.000000,0.000000,18.059905,5.402558,0.241872,0.000000,34066.032309,0.428174,46.652586
1403638623577829376.000000,0.000000,0.000000,16.415682,5.543170,0.241462,0.000000,6759.502172,-0.000000,43.452083
1403638623627829504.000000,0.000000,0.000000,16.302333,5.286686,0.333400,0.000000,30072.197289,0.000000,42.369743
1403638623677829376.000000,0.000000,0.000000,15.274717,5.108050,0.241940,0.000000,-15055.560255,-0.000000,41.076034
1403638623727829504.000000,0.000000,0.000000,16.195836,7.468691,0.230445,0.000000,66945.219350,-2748258298006925140269292127566738848499837008130408616828299436903189177133486109962471245347139600607414974753784190893503036124089580193666318762107666800461217792.000000,41.580674
1403638623777829376.000000,0.000000,0.000000,15.231801,5.587375,0.139204,0.000000,0.000000,-122425814929769629393482894610151580727698432481972180836731546747792695445315615956544443701502570135552.000000,41.048718
1403638623827829504.000000,0.000000,0.000000,17.586868,5.634426,0.236086,0.000000,0.000000,-31908733662290838290569722640207637060051662989920914946084565371160723524870780746186601477626686771000189747905622462338104095881009522328234305181033069178658658495709947192163405181883745764495484114514556947295932235419906033867777567185578290260839623769944209012713825241863459716348509276931620864.000000,44.800471
1403638623877829376.000000,0.000000,0.000000,15.744970,8.448996,0.232308,0.000000,0.000000,-2303510584347571542717307258192082258938645777427959229286438341295584586458728529688162947878693598622480042604871337115648.000000,41.736501
1403638623927829504.000000,0.000000,0.000000,14.929821,6.040463,0.320558,0.000000,0.000000,1.992059,44.399743
1403638623977829376.000000,0.000000,0.000000,20.266259,5.904539,0.253834,0.000000,0.000000,-3846341238170415900792472142732880855925097399464495391384930977227970416077624044888535774846161748991847619247771486527788158584734972126377917041334924024685979114672658392155523327746019562462385866815354190036843495939984913403116074723822387921870869594579277006766080.000000,45.295215
1403638624027829504.000000,0.000000,0.000000,16.336356,5.393710,0.230697,0.000000,0.000000,0.000000,40.470971
1403638624077829376.000000,0.000000,0.000000,16.306588,6.287877,0.129347,0.000000,0.000000,4807987542070754024123621999861652199772582619200170637768806774044261367911714001389415333475373027793538342153121240757707662413370329954210821027593387586144580884363132317198989680607545629531623323200389120.000000,46.717341
1403638624127829504.000000,0.000000,0.000000,15.460012,5.916802,0.267172,0.000000,0.000000,-892451944222630735387302468559977621993391035656114496602112.000000,40.735383
1403638624177829376.000000,0.000000,0.000000,17.929480,5.269311,0.229172,0.000000,0.000000,-4786955976772977891958447140722580480192097751560032612675747871511634038081136482143926473840453086076400176167156497547517337453049942304710746126841869977202996645128843835732673934564695967404714395525347655428324902346259064799869969677418496.000000,42.016134
1403638624227829504.000000,0.000000,0.000000,16.444265,5.568421,0.231164,0.000000,0.000000,0.000000,41.668550
1403638624277829376.000000,0.000000,0.000000,16.487614,5.783637,0.243515,0.000000,0.000000,0.000000,42.490879
1403638624327829504.000000,0.000000,0.000000,15.622368,6.235476,0.294946,0.000000,0.000000,0.000000,40.474312
1403638624377829376.000000,0.000000,0.000000,16.224563,5.243114,0.250047,0.000000,0.000000,-0.000000,42.484152
1403638624427829504.000000,0.000000,0.000000,16.689961,5.624320,0.248231,0.000000,0.000000,-0.000000,43.199497
1403638624477829376.000000,0.000000,0.000000,15.337320,5.576021,0.233787,0.000000,0.000000,5470160018991618221043057947724899785211257462175821725696.000000,41.182547
1403638624527829504.000000,0.000000,0.000000,15.380963,6.168992,0.255307,0.000000,-4053.575517,0.000000,41.382085
1403638624577829376.000000,0.000000,0.000000,16.099270,5.331319,0.236570,0.000000,-113943.984285,0.000000,40.810781
1403638624627829504.000000,0.000000,0.000000,16.514344,5.626356,0.249620,0.000000,-26466.708440,0.000000,41.721042
1403638624677829376.000000,0.000000,0.000000,16.800666,5.441565,0.327097,0.000000,-21977929.579709,-0.000000,40.674173
1403638624727829504.000000,0.000000,0.000000,16.317683,6.415284,0.233684,0.000000,-328329.173503,-35138904452327216134907377795966783052265322707318358557906331198478730708141804942780376678726641453753999776053468324395942724485603043201960116224.000000,41.896288
1403638624777829376.000000,0.000000,0.000000,16.448498,5.581709,0.252556,0.000000,9719249.501438,-0.000000,43.290856
1403638624827829504.000000,0.000000,0.000000,16.106996,6.071635,0.258914,0.000000,450.646281,0.000000,44.889565
1403638624877829376.000000,0.000000,0.000000,15.938817,5.833832,0.265809,0.000000,2787.451085,-1370099263327790217493015903506716573294988858561559459549900175453017748286328231510650195003286088777867501261153738627083706314735527375947480475201494685641362796820451714937953421203536006239482383825202942228546460823125638924076767848092004520818314536916203497595247367120775806976.000000,40.884348
1403638624927829504.000000,0.000000,0.000000,16.555397,5.612475,0.235288,0.000000,3979104.713163,0.000000,43.772814
1403638624977829376.000000,0.000000,0.000000,16.667616,6.340696,0.140682,0.000000,31.504373,44239958062046899003905095936758400344651281967243426842957718894568794228373617821069538609056294187573549938391309992027044049665041341063874257526649867534975648137216.000000,43.915335
1403638625027829504.000000,0.000000,0.000000,16.719065,5.551353,0.271807,0.000000,-2534.455073,-131280997519965713812696866845191808368861377660205368459283500451188691641523209519665411550688611488966918762473680280405408501072106609982247133877879165483604586766356822365114206273240443438812364998973139375257902152720903249644655756524521363804014061962854152536064.000000,42.666363
1403638625077829376.000000,0.000000,0.000000,15.672035,5.730571,0.285505,0.000000,-313.618600,57553753764411319515989708520725243373392103786392984328892960052677939530679854046740592817537362273063461603595883139349490332599254986142850905882427938982099675861732193960691380049288993528277282736544816553685565829008147694560533610914062045364449925294891131762536087552.000000,42.417161
1403638625127829504.000000,0.000000,0.000000,18.118708,6.339350,0.236874,0.000000,68577.204476,-1.747964,41.580606
1403638625177829376.000000,0.000000,0.000000,15.684071,5.271616,0.238595,0.000000,1012.354352,-0.000000,43.493712
1403638625227829504.000000,0.000000,0.000000,17.064717,5.457418,0.280218,0.000000,-30530.235531,-138888812298314735311287686199306114581533088625320199168887941363768758154560145664479455705062075640088893156156732650097854316100331513313483550429868450947642530811714408166007412091122211828535944992208292654500675060617969664.000000,45.400137
1403638625277829376.000000,0.000000,0.000000,15.417016,5.165863,0.264589,0.000000,0.000000,-345330131153064178976891084588488679841857536.000000,41.753185
1403638625327829504.000000,0.000000,0.000000,17.657302,6.752137,0.233571,0.000000,0.000000,-296184758271046327187404042916078985548589707534226608652354964247262290515410046773756102818185515820932945259012670374407672498021070730945826729431684333085527604375051771053174042544384486565899305245116943643480187651073917194117338150127280930921707571870737316660608812862202532276815306029669548032.000000,41.533530
1403638625377829376.000000,0.000000,0.000000,16.597862,5.262635,0.295704,0.000000,0.000000,-21367377652851784049401509712270932533700190988510837968850074373208972627930260150196815052406342718930262104520198067704163754955078238737329194241359872.000000,39.679895
1403638625427829504.000000,0.000000,0.000000,16.579420,5.496761,0.268718,0.000000,0.000000,-604492092942033449735140150033706134154901274918593137519228162164500123306729861863184152959384513884300045939032822924151280585938634847934773875901160122119710689450088600491338648360543089395724917384693224902511371411248267262627473655337903963833139908054122631458619740320738530295808.000000,47.180442
1403638625477829376.000000,0.000000,0.000000,16.671031,5.585923,0.248613,0.000000,0.000000,0.000000,43.207616
1403638625527829504.000000,0.000000,0.000000,16.555373,5.729352,0.315868,0.000000,0.000000,0.000000,46.183960
1403638625577829376.000000,0.000000,0.000000,15.907219,6.309237,0.313950,0.000000,0.000000,0.000000,40.919207
1403638625627829504.000000,0.000000,0.000000,16.013328,5.034980,0.238153,0.000000,0.000000,-0.000000,41.817030
1403638625677829376.000000,0.000000,0.000000,16.123963,5.944229,0.249499,0.000000,0.000000,-278874648439475315249757103961350796426350146195641142567397162349292945408.000000,46.291992
1403638625727829504.000000,0.000000,0.000000,16.103304,6.083990,0.319924,0.000000,0.000000,-51231565764200479967690753013465570429029504956348680744146526050781563075839907928058422541183542378739055700151753793906912405637979177597614036017248002274278506496.000000,42.288643
1403638625777829376.000000,0.000000,0.000000,17.362834,5.690611,0.268509,0.000000,0.000000,-0.000000,43.374546
1403638625827829504.000000,0.000000,0.000000,16.241169,6.192603,0.251166,0.000000,0.000000,-0.000000,43.462705
1403638625877829376.000000,0.000000,0.000000,19.012870,5.883177,0.239120,0.000000,0.000000,0.000000,42.807525
1403638625927829504.000000,0.000000,0.000000,16.576828,5.662302,0.297409,0.000000,0.000000,-0.000000,43.726579
1403638625977829376.000000,0.000000,0.000000,17.491418,6.919470,0.251299,0.000000,0.000000,9968681721061738080723454199332864.000000,46.502435
1403638626027829504.000000,0.000000,0.000000,15.866613,6.011435,0.239752,0.000000,3503088.738688,-928911172396322904573306274036779296971435965598117256155135377038249212940428174657051929606679530359076480748466733056.000000,44.993293
1403638626077829376.000000,0.000000,0.000000,16.188160,6.060116,0.274874,0.000000,-15046.518737,0.000000,43.878899
1403638626127829504.000000,0.000000,0.000000,16.558032,6.353244,0.269709,0.000000,-83842.241967,0.000000,43.426386
1403638626177829376.000000,0.000000,0.000000,15.891785,5.306803,0.264089,0.000000,245.976085,2534394070286477289980406379371704720143892184388751995393692245589817966631090025355606734405632.000000,44.688967
1403638626227829504.000000,0.000000,0.000000,15.518979,5.376996,0.256831,0.000000,-45928.553081,0.000000,44.151487
1403638626277829376.000000,0.000000,0.000000,15.939674,6.289839,0.290829,0.000000,1212.083542,0.000000,40.665400
1403638626327829504.000000,0.000000,0.000000,15.480078,5.268858,0.256412,0.000000,-10792.984007,120749.981885,39.109681
1403638626377829376.000000,0.000000,0.000000,16.300948,7.031507,0.241007,0.000000,1828.693395,116581075781893960263243782802426296456104230246367466970634324924983276095031960529312703686932244201472.000000,43.594682
1403638626427829504.000000,0.000000,0.000000,16.265734,6.207738,0.244526,0.000000,31.504373,0.000000,42.115091
1403638626477829376.000000,0.000000,0.000000,15.964929,5.229833,0.253874,0.000000,5908857684.502012,2151489957426043036902945959515249788970728804326190970385229741647983340983745602415555275602465229601600058915378824512506760628951431613361198116493557406899112328471963611351523581840310835394572391458799616.000000,44.272296
1403638626527829504.000000,0.000000,0.000000,13.904273,5.530264,0.241676,0.000000,-348.522254,-128659336727.517563,43.378618
1403638626577829376.000000,0.000000,0.000000,14.506314,6.201736,0.242425,0.000000,-1904.356504,113884942283046797963028373143808376921444224460791381257406456860846218582166800310247478031002581823577820132971903136940107842815321331094248690811567934500150059012781315813577027464562548891414951862780629102567245432419942506954752.000000,40.059181
1403638626627829504.000000,0.000000,0.000000,15.091706,5.419681,0.265402,0.000000,0.355793,-0.000000,43.030326
1403638626677829376.000000,0.000000,0.000000,16.701032,6.298137,0.248345,0.000000,-268.603726,0.000000,40.682694
1403638626727829504.000000,0.000000,0.000000,15.539027,6.032387,0.238110,0.000000,-8.586349,666857835492738729075146530455808906204253859601674032305481924218356220254893276227207533423014213510936610732304699844354168853346700285861348169978520054243726213006364579109902429978699015460945249733444443434377119827662733312.000000,40.385469
1403638626777829376.000000,0.000000,0.000000,17.217185,5.816429,0.279572,0.000000,0.000000,35086277420220500103830473270453851547159581981409280.000000,44.977124
1403638626827829504.000000,0.000000,0.000000,16.997133,6.722338,0.232675,0.000000,0.000000,-16279394879460428600737945673491112303268561384247426417898371312627868808036609509145900392196345357736955885219164196649669961155581489915169813310732921296039754852010143312980902804521759015182713155393427384622133360196191211689209976675174771713331827140967774940037120.000000,43.095934
1403638626877829376.000000,0.000000,0.000000,15.533328,6.008290,0.244414,0.000000,0.000000,8101974595240657200276243470375759785294557722395359630726770266722151998689759100163824224774814469500609459279609111321124481901248335065180757377244995164091519679157533409280.000000,43.484790
1403638626927829504.000000,0.000000,0.000000,17.102644,5.730626,0.285669,0.000000,0.000000,-156330954732330030920789102397571526212762098070208695511828157541526049298298765426900185449390870067535554542171503981938736686100639937840693684504527698795652811804026062673131453896664103844204409678770190101227975439895584897014269518218808883711407468931391040939503303151711214491039338476274406391808.000000,45.453237
1403638626977829376.000000,0.000000,0.000000,16.308863,5.395196,0.300880,0.000000,0.000000,4697181865675621946208117612518840759534744693690266458647417991589078183794347285732823815824929631817323221357228055066308013992753395372489286090752.000000,41.190436
1403638627027829504.000000,0.000000,0.000000,14.004248,5.499241,0.247182,0.000000,0.000000,-0.000000,43.797227
1403638627077829376.000000,0.000000,0.000000,15.282871,6.701945,0.241222,0.000000,0.000000,4979804150854769531322087097981872572630082878072422400.000000,40.697640
1403638627127829504.000000,0.000000,0.000000,16.235813,5.531154,0.136970,0.000000,0.000000,-483077189375400858501692250499365183421084987242979136568436868252599209012912147172797148891692622566992236009077833050559093429086810801759458003054599739193563040118008735925633223329197763239365973108039065878692037341838726005609454336589758213532093375245202289243755380736.000000,39.339313
1403638627177829376.000000,0.000000,0.000000,15.930883,5.169542,0.152078,0.000000,0.000000,0.000000,41.097573
1403638627227829504.000000,0.000000,0.000000,15.283719,5.142485,0.129699,0.000000,0.000000,-18444889463292166934129468643839684549529553075231390107211676774596267701128748808776429323399946942609620002144256.000000,41.033770
1403638627277829376.000000,0.000000,0.000000,16.817844,5.532704,0.289810,0.000000,0.000000,-1.499308,40.089757
1403638627327829504.000000,0.000000,0.000000,16.006918,6.481070,0.231807,0.000000,0.000000,-90743917224341144207502973797021023378322263755874334910105608786593422081216205488393069459349224405624107761337517856052398095232654772149197436824439488512.000000,39.434983
1403638627377829376.000000,0.000000,0.000000,17.726742,5.633744,0.227462,0.000000,0.000000,1006779176165130955909003618742171530550677507620534720266181399979916236702088242746476550446213294718621962941376529364427992406789392793738664035564473052648792704545358298783125368176520177166217043142082676716496736627819628312395438076219510268015514813866591649792.000000,43.939228
1403638627427829504.000000,0.000000,0.000000,16.416358,5.682564,0.121077,0.000000,0.000000,-0.000000,42.787169
1403638627477829376.000000,0.000000,0.000000,16.850638,5.118602,0.250623,0.000000,0.000000,6148991114350469475720299066024174636363154330249682184332607535287553244878838661127665788563942296472469416783848021077207919055113751540741282142159104322306048.000000,41.423067
1403638627527829504.000000,0.000000,0.000000,17.203336,5.891227,0.229744,0.000000,-16330.595246,0.000000,44.621802
1403638627577829376.000000,0.000000,0.000000,18.621475,5.748970,0.228085,0.000000,3338188.275823,276590137617901303639565029753628421802148635820935297922693474442370282203031845399987360562371672324005648226093053292794377314451385451553836525964849063358143894107669660596633169595464203025589441740787534170896105856119136323633152.000000,41.875147
1403638627627829504.000000,0.000000,0.000000,16.166453,5.154200,0.299344,0.000000,2715.930804,0.000000,43.233513
1403638627677829376.000000,0.000000,0.000000,15.569212,4.918409,0.121065,0.000000,19891.159539,133181178708897485307529105929418430461525002083987404582201940921335081140635907336856626710726778071402675152291409197006728709642498480307948666134987531994517422152100934755793922201832287054960538907654573473947744554522247168.000000,45.214516
1403638627727829504.000000,0.000000,0.000000,16.097337,5.507506,0.254781,0.000000,363.102297,-560178139101289210985860241277940295705780834795520.000000,44.193140
1403638627777829376.000000,0.000000,0.000000,16.146697,6.158027,0.421301,0.000000,-112146.716857,-7747487766580572403477310278495241088956294187001715558949190759213082916331252360695514441725007530919715550615073687420574302893561824721480736076428734991511284410766494427233030823709734748866048367002757103531953312401498970649991934557241305202688.000000,38.348945
1403638627827829504.000000,0.000000,0.000000,19.331387,5.791039,0.230720,0.000000,6999.031114,-4323144821775692460182431299204491252394360582300047231232800364123773392068904700572073879090209047284154451386920209686304462109845436123245135892254331833062232869995059896915326926848.000000,41.480322
1403638627877829376.000000,0.000000,0.000000,17.348263,4.862789,0.228183,0.000000,34066.032309,0.000000,44.800454
1403638627927829504.000000,0.000000,0.000000,15.858195,4.598579,0.238958,0.000000,-2534.455073,-219982710223465848415225931139999925796864.000000,47.180846
1403638627977829376.000000,0.000000,0.000000,15.901732,4.382556,0.274798,0.000000,-348.522254,-2300444403644166533995548802444901169692794575925124870303027472628165938362033342614232042045440.000000,41.843375
1403638628027829504.000000,0.000000,0.000000,15.103396,5.224077,0.231539,0.000000,5908853879.612296,-1060770580950044413871648338999819727812520364234777066382196519453115059472468585615920794767558394295427423048649278787631817500935358052351821557451665474919270408484211275602393384895661110562982140496096637832815361608646656.000000,37.875225
1403638628077829376.000000,0.000000,0.000000,15.818375,5.014788,0.224957,0.000000,49.959132,-6044002626509660036423049895446145855944594315971022268126986240.000000,40.797392
1403638628127829504.000000,0.000000,0.000000,14.561205,4.970516,0.283755,0.000000,274.156482,-142606469087891473535968557239718950554955711779535023878868543258621669509388112107092819159353290946972047043948154830842316794297820455539709748172275817508617709838198260288094740556472402642303357424378428941015255912063027672300561684491084740218737172249767920476887489651488493406946489638213124096.000000,42.975840
1403638628177829376.000000,0.000000,0.000000,14.055301,6.235709,0.227306,0.000000,-0.278023,0.000000,41.564305
1403638628227829504.000000,0.000000,0.000000,15.182186,6.064368,0.279837,0.000000,666.554414,-622208034683220942973535087693086191990468265056628888669575326975035130538504681753976997512167160016221137986494432562453825384108207786908081103916894087361821009188177075877129329772152705854721368280705320725590916920578695224386301166498961609047690670069813341850112479305076713407381504.000000,39.459816
1403638628277829376.000000,0.000000,0.000000,15.014685,6.566488,0.260938,0.000000,0.000000,-131690244917404199026688.000000,38.248607
1403638628327829504.000000,0.000000,0.000000,15.024890,6.596716,0.227722,0.000000,0.000000,24032881758385313493961599047397328907689710663427470615845218998804256844018590978075433132678431118433662410837113656668485892425544579200736021469675277651166047205534724283865445727822580174979200854716750583581327462802391040.000000,39.442185
1403638628377829376.000000,0.000000,0.000000,13.577832,6.112912,0.228571,0.000000,0.000000,-0.000000,41.739874
1403638628427829504.000000,0.000000,0.000000,12.593454,6.099158,0.259454,0.000000,0.000000,-565363070319474054310959277161236458897408.000000,42.817793
1403638628477829376.000000,0.000000,0.000000,13.984053,4.979706,0.236248,0.000000,0.000000,-0.000000,37.766590
1403638628527829504.000000,0.000000,0.000000,13.921486,7.779604,0.226785,0.000000,0.000000,-677941409513438326535538680289440967550007060766587433298130044254968101511113668877110728407108363820871434785586122615999913129941396320087365682480569107174910854580776662413814012451977360590645058137837076598560665379024225697557118976.000000,35.512303
1403638628577829376.000000,0.000000,0.000000,14.705434,5.886802,0.234560,0.000000,0.000000,-3241561658190124221224253956989933134333618017684871978162690489801261986695424234573205181810231760104017736237056.000000,37.187054
1403638628627829504.000000,0.000000,0.000000,13.996808,5.661750,0.292401,0.000000,0.000000,-1757973419029694814760441080404805541288906280140873069546735973704869790325511629837939071560400222087175069381126353953682641327953947855667192365720732135923753295484455296474729696605296557770395627814339909242239977714089984.000000,41.605930
1403638628677829376.000000,0.000000,0.000000,14.484532,6.609900,0.230261,0.000000,0.000000,0.000000,40.567979
1403638628727829504.000000,0.000000,0.000000,13.411948,8.617423,0.259405,0.000000,0.000000,0.000000,39.744810
1403638628777829376.000000,0.000000,0.000000,15.548316,6.120080,0.296275,0.000000,0.000000,-0.000000,39.408547
1403638628827829504.000000,0.000000,0.000000,14.965973,6.011887,0.238286,0.000000,0.000000,-0.000000,41.219948
1403638628877829376.000000,0.000000,0.000000,13.593178,5.993214,0.249579,0.000000,0.000000,-7767329104671138366475469092521664866670944787428796780042461196875693976378233740662158892457684439009792348974928720357628022200026145296827667796363071942837236414611947955180646297310713028204427301266087101592711987200.000000,43.447930
1403638628927829504.000000,0.000000,0.000000,12.876668,5.540537,0.308656,0.000000,0.000000,0.000000,40.329637
1403638628977829376.000000,0.000000,0.000000,14.450298,5.889945,0.126493,0.000000,0.000000,0.000000,38.136275
1403638629027829504.000000,0.000000,0.000000,13.818845,5.036525,0.258033,0.000000,-82408.362326,0.000000,35.938473
1403638629077829376.000000,0.000000,0.000000,13.208799,4.927109,0.306779,0.000000,1811.192880,0.000000,39.185942
1403638629127829504.000000,0.000000,0.000000,14.887469,5.546712,0.235893,0.000000,3173597.355167,0.000000,35.540008
1403638629177829376.000000,0.000000,0.000000,13.714319,6.283845,0.252027,0.000000,7415.682807,0.000000,35.581907
1403638629227829504.000000,0.000000,0.000000,13.068163,5.963328,0.135273,0.000000,112099.599776,0.000000,40.494632
1403638629277829376.000000,0.000000,0.000000,13.182189,5.985275,0.256519,0.000000,-556.025629,0.000000,38.567632
1403638629327829504.000000,0.000000,0.000000,13.690254,6.712823,0.258813,0.000000,-32582.592705,0.000000,37.450782
1403638629377829376.000000,0.000000,0.000000,13.354149,5.763132,0.252973,0.000000,6759.502172,0.000000,37.447917
1403638629427829504.000000,0.000000,0.000000,13.770300,5.662349,0.219968,0.000000,-313.618600,0.000000,38.073126
1403638629477829376.000000,0.000000,0.000000,12.579952,9.993851,0.122200,0.000000,-1904.356504,0.000000,37.198757
1403638629527829504.000000,0.000000,0.000000,13.469515,6.108085,0.126774,0.000000,49.959132,0.000000,36.058159
1403638629577829376.000000,0.000000,0.000000,14.453297,7.316020,0.252915,0.000000,5908850243.776359,0.000000,38.449781
1403638629627829504.000000,0.000000,0.000000,13.748924,5.969987,0.249450,0.000000,7.576251,0.000000,36.337328
1403638629677829376.000000,0.000000,0.000000,12.154518,9.475007,0.223817,0.000000,-677.225636,0.000000,40.077072
1403638629727829504.000000,0.000000,0.000000,13.547026,4.875355,0.244379,0.000000,0.013176,0.000000,39.209404
1403638629777829376.000000,0.000000,0.000000,14.577173,4.591915,0.264833,0.000000,0.000000,0.000000,39.106706
1403638629827829504.000000,0.000000,0.000000,15.530161,6.381635,0.218852,0.000000,0.000000,0.000000,34.189215
1403638629877829376.000000,0.000000,0.000000,13.098953,4.608210,0.257197,0.000000,0.000000,0.000000,36.342038
1403638629927829504.000000,0.000000,0.000000,14.195944,6.180254,0.281889,0.000000,0.000000,0.000000,40.647264
1403638629977829376.000000,0.000000,0.000000,12.345450,5.198669,0.227711,0.000000,0.000000,0.000000,34.258098
1403638630027829504.000000,0.000000,0.000000,14.701656,5.408586,0.242805,0.000000,0.000000,0.000000,39.525485
1403638630077829376.000000,0.000000,0.000000,13.989452,5.560648,0.527537,0.000000,0.000000,0.000000,35.687320
1403638630127829504.000000,0.000000,0.000000,13.592349,5.425407,0.239969,0.000000,0.000000,0.000000,39.136705
1403638630177829376.000000,0.000000,0.000000,13.346520,6.049154,0.229297,0.000000,0.000000,0.000000,39.253485
1403638630227829504.000000,0.000000,0.000000,12.777889,5.899205,0.333845,0.000000,0.000000,0.000000,39.133679
1403638630277829376.000000,0.000000,0.000000,15.424146,6.060857,0.259617,0.000000,0.000000,0.000000,36.004909
1403638630327829504.000000,0.000000,0.000000,14.320081,6.509227,0.117341,0.000000,0.000000,14465511588936588396686652451066239034895434526643558023542710372062773965313006325547231713618163420049170440765982841320395075943723693737382505788630361196593714507440828073044095076482051735552.000000,34.048831
1403638630377829376.000000,0.000000,0.000000,12.845564,4.332882,0.123720,0.000000,0.000000,5108781245956094847278320273574898451717486464248406335886853983362802498214809371299170478816933149666286124364073468494723081160064666289426884935515579675014239992012135252256478870856914034882770996582422635780940365067090389989905846769811456.000000,38.733228
1403638630427829504.000000,0.000000,0.000000,12.482311,6.849601,0.276222,0.000000,0.000000,-3928281782752771252618725755259671860463991590597883439073278411489146329649726093901415377727764866938394745346730293154653816598035073590860169896014554266421679975898574256004836814164170647028145118218790157466051466508811387831919874662419331998237020584439297537301398049564715115427457644101632.000000,37.145375
1403638630477829376.000000,0.000000,0.000000,13.002289,6.299087,0.274372,0.000000,0.000000,-0.000000,31.457288
1403638630527829504.000000,0.000000,0.000000,12.582153,7.648012,0.216751,0.000000,12.675144,-0.000000,33.793211
1403638630577829376.000000,0.000000,0.000000,14.598658,4.369640,0.263498,0.000000,18472.556871,63908163742456535724961396501997202172451245535979441864533441668087996428214435474279498829479384608054144663886209113178143804530144967124784253459954215445058492557144340260892512662007656081945791038168534015939443384658000345517788378094533863869747224285741580288.000000,39.693453
1403638630627829504.000000,0.000000,0.000000,12.568461,5.322776,0.235539,0.000000,291.148007,-21198325791185440692610535713314458589860429611173038103754418294806544843389800255961959488225576710846531706902571377831902262740438835513816630031485937273320724201874749075340651835698957024148395200758510459465665896973300941349283560160170066557526718080001462575194456153749565782015017653706206216192.000000,37.052535
1403638630677829376.000000,0.000000,0.000000,14.053062,3.664911,0.243658,0.000000,-425184.102837,238866463821821203956024130591346129110541983701322710016658757446611806265132028842870811931631503214738590135528933858984690732183884528505447951813095045358154229653032239464878841484813722900758528.000000,34.463565
1403638630727829504.000000,0.000000,0.000000,13.087214,4.987978,0.119238,0.000000,-96.116145,-39126729846143641614707887201191489542724289594529252638428797852276689467235174913030613208144203524765650982147921218881731112785022428313303032186869846970337698209344207077463470288449486837210094450301905340485832224442241932099101882560729819728641494350477829818249677205295161389534521672486036176896.000000,34.552420
1403638630777829376.000000,0.000000,0.000000,14.574971,3.350306,0.155313,0.000000,231.058952,-0.000000,29.250093
1403638630827829504.000000,0.000000,0.000000,16.157152,5.271841,0.145489,0.000000,5222.597544,-0.000000,31.744099
1403638630877829376.000000,0.000000,0.000000,13.249192,6.269539,0.204262,0.000000,30072.197289,-0.008540,30.796718
1403638630927829504.000000,0.000000,0.000000,12.652057,3.164006,0.270153,0.000000,68577.204476,-1203083615357090133506105702849582898849748844678286138537369141777369471441611232220992440922769704375454638224841259389157124907551550443919071341415420846648620764760351015944064321277325121185215500255232.000000,37.147301
1403638630977829376.000000,0.000000,0.000000,13.658334,5.457736,0.196315,0.000000,0.355793,0.000000,33.680730
1403638631027829504.000000,0.000000,0.000000,14.755523,3.079894,0.165864,0.000000,274.156482,0.000000,28.167357
1403638631077829376.000000,0.000000,0.000000,13.744238,5.149020,0.137857,0.000000,7.576251,0.000000,33.550262
1403638631127829504.000000,0.000000,0.000000,13.894562,4.685418,0.220277,0.000000,248345.503818,0.000000,30.965690
1403638631177829376.000000,0.000000,0.000000,13.879723,3.327313,0.247204,0.000000,0.027232,0.000000,35.828564
1403638631227829504.000000,0.000000,0.000000,14.995499,5.785173,0.214994,0.000000,-0.928513,1709994528794643791275972300343605465642531883049597643810187583590453525768362932822852226264139784484980039404961529385852875507542944860867694465803739742456631298900178548662990076223874598092192364572940410167961879471368216451162508481014005760.000000,31.525725
1403638631277829376.000000,0.000000,0.000000,15.932189,3.066256,0.201683,0.000000,0.000000,-1294149950986692077835508048205241914648627828388381671294588897631742705628586849162769937795365558398484721198846580723629900299719609230567409150367644658306615013918887641088.000000,30.038750
1403638631327829504.000000,0.000000,0.000000,14.145438,3.704429,0.191036,0.000000,0.000000,-0.000000,36.287317
1403638631377829376.000000,0.000000,0.000000,14.578470,3.082641,0.144492,0.000000,0.000000,0.000000,31.864688
1403638631427829504.000000,0.000000,0.000000,14.672074,4.804965,0.272473,0.000000,0.000000,-1892368933446942669747003588608.000000,31.455437
1403638631477829376.000000,0.000000,0.000000,14.014294,5.121608,0.210563,0.000000,0.000000,3870726127433474359841295536470759852501939109378073738922597860364151101359999661812113700639803337260081995320275797986618863874049530185491223902323374903256732206862695298828360524840484002412685796729094377004499580483617664148104736522895360.000000,35.839557
1403638631527829504.000000,0.000000,0.000000,16.145543,3.181697,0.117858,0.000000,0.000000,0.000000,35.698730
1403638631577829376.000000,0.000000,0.000000,16.363723,3.181947,0.151144,0.000000,0.000000,158063039021815881159595881497861480101067619517714851139119717987651960624858780027430236182446976090035698672770821468725273583008372288185884602848299398065901535232.000000,33.665615
1403638631627829504.000000,0.000000,0.000000,13.703327,4.657532,0.193100,0.000000,0.000000,-0.000000,33.316764
1403638631677829376.000000,0.000000,0.000000,14.577971,3.989175,340112206697856960.000000,0.000000,0.000000,9960737.548355,33.044349
68719493653760008192.000000,0.000000,0.000000,0.000000,0.000000,68719493935.680008,0.000000,0.000000,0.000000,33.280320
805306503120247168.000000,0.000000,0.000000,0.000000,31451732422671986688.000000,30786329856036.789062,0.000000,0.000000,-65233598572905031481991379646235428929182183950135590912.000000,30.544043
